cod_imovel;cod_estado;municipio;nom_tema;des_condic;ind_status;num_area
PA-1507300-014F788898CD480496EF79174C36FAA4;PA;São Félix do Xingu;Área de Infraestrutura Pública;Analisado, aguardando atendimento a notificação;PE;0,0111
PA-1507300-0C911069F1954DCCB5F0C495FF23FB3A;PA;São Félix do Xingu;Área de Infraestrutura Pública;Analisado, aguardando atendimento a notificação;PE;0,5324
PA-1507300-0DAAD598A7A647FCA7FD38471B6CF0B7;PA;São Félix do Xingu;Área de Infraestrutura Pública;Analisado, aguardando atendimento a notificação;PE;3,0708
PA-1507300-108BCBF2378848F891E565F55AE58802;PA;São Félix do Xingu;Área de Infraestrutura Pública;Analisado, aguardando atendimento a notificação;AT;1,3286
PA-1507300-11277D0F74BD4CFF8969B34F129682DD;PA;São Félix do Xingu;Área de Infraestrutura Pública;Analisado, aguardando atendimento a notificação;PE;1,8028
PA-1507300-117362CA68E74E1C95F7FC6163995B68;PA;São Félix do Xingu;Área de Infraestrutura Pública;Analisado, aguardando atendimento a notificação;PE;0,7021
PA-1507300-1455EF6CBB414B06B785CCA33310372E;PA;São Félix do Xingu;Área de Infraestrutura Pública;Analisado, aguardando atendimento a notificação;PE;1,8744
PA-1507300-225A4FEE3C42427C94CEA8D0F1195C3E;PA;São Félix do Xingu;Área de Infraestrutura Pública;Analisado, aguardando atendimento a notificação;PE;0,2449
PA-1507300-2659251BAED84A979EE61DCA1298964F;PA;São Félix do Xingu;Área de Infraestrutura Pública;Analisado, aguardando atendimento a notificação;PE;0,6068
PA-1507300-31EBD0C9DB8740C3A049E3C63A0AC1B3;PA;São Félix do Xingu;Área de Infraestrutura Pública;Analisado, aguardando atendimento a notificação;AT;1,7627
PA-1507300-34166047F1FF4CD1926ABCE6286D4694;PA;São Félix do Xingu;Área de Infraestrutura Pública;Analisado, aguardando atendimento a notificação;PE;3,3310
PA-1507300-34C71B59D76F416C9F7C90537D71E6D3;PA;São Félix do Xingu;Área de Infraestrutura Pública;Analisado, aguardando atendimento a notificação;PE;16,4885
PA-1507300-39B5AADD4C6E49B38B5083E9FE69529F;PA;São Félix do Xingu;Área de Infraestrutura Pública;Analisado, aguardando atendimento a notificação;PE;0,6847
PA-1507300-3A1645D46C1C44379F62E2ACCF4C3226;PA;São Félix do Xingu;Área de Infraestrutura Pública;Analisado, aguardando atendimento a notificação;PE;3,9282
PA-1507300-41E5CE973CDC45F8BD105A155231ECDE;PA;São Félix do Xingu;Área de Infraestrutura Pública;Analisado, aguardando atendimento a notificação;PE;0,5144
PA-1507300-46DB8191257248AB85A399B679FB2EEE;PA;São Félix do Xingu;Área de Infraestrutura Pública;Analisado, aguardando atendimento a notificação;PE;2,7699
PA-1507300-49DDEC6C4AC944BA8CDA9E98A38EC67A;PA;São Félix do Xingu;Área de Infraestrutura Pública;Analisado, aguardando atendimento a notificação;PE;0,8077
PA-1507300-49F1989FD5904006A82CFE87FF253761;PA;São Félix do Xingu;Área de Infraestrutura Pública;Analisado, aguardando atendimento a notificação;PE;0,4124
PA-1507300-565D3081190F4920AD9617366925C382;PA;São Félix do Xingu;Área de Infraestrutura Pública;Analisado, aguardando atendimento a notificação;PE;0,9148
PA-1507300-651B7F1489C645B8AFFA96BD57618EE2;PA;São Félix do Xingu;Área de Infraestrutura Pública;Analisado, aguardando atendimento a notificação;PE;1,4554
PA-1507300-6E5543C6CF844859BA87AE843197C1A3;PA;São Félix do Xingu;Área de Infraestrutura Pública;Analisado, aguardando atendimento a notificação;PE;0,2229
PA-1507300-7175D35B86E644E7ACC0A1C18F94DE1F;PA;São Félix do Xingu;Área de Infraestrutura Pública;Analisado, aguardando atendimento a notificação;PE;1,5178
PA-1507300-7697625300CE44AE9BA2C802B8D53797;PA;São Félix do Xingu;Área de Infraestrutura Pública;Analisado, aguardando atendimento a notificação;AT;5,7354
PA-1507300-7991236829FF4120862954F832DD99AC;PA;São Félix do Xingu;Área de Infraestrutura Pública;Analisado, aguardando atendimento a notificação;SU;1,2588
PA-1507300-7AC26D31FEED4E45B4CB508EDFC767B0;PA;São Félix do Xingu;Área de Infraestrutura Pública;Analisado, aguardando atendimento a notificação;PE;0,9592
PA-1507300-7EA6583079874D479A3351F845D22968;PA;São Félix do Xingu;Área de Infraestrutura Pública;Analisado, aguardando atendimento a notificação;PE;2,2721
PA-1507300-88FB36B115EE4C18893B6B7A5FEC2C2A;PA;São Félix do Xingu;Área de Infraestrutura Pública;Analisado, aguardando atendimento a notificação;PE;1,6399
PA-1507300-8B8E8E7B2B96431A816867F1C9B1442A;PA;São Félix do Xingu;Área de Infraestrutura Pública;Analisado, aguardando atendimento a notificação;PE;1,6845
PA-1507300-8B97720A9528466EA69DB313623360D9;PA;São Félix do Xingu;Área de Infraestrutura Pública;Analisado, aguardando atendimento a notificação;AT;0,2521
PA-1507300-8F8A54A3761D489692DDE07A16520CCB;PA;São Félix do Xingu;Área de Infraestrutura Pública;Analisado, aguardando atendimento a notificação;PE;21,5441
PA-1507300-8FC915304E254F0B8344437F6AC71BFB;PA;São Félix do Xingu;Área de Infraestrutura Pública;Analisado, aguardando atendimento a notificação;SU;0,9071
PA-1507300-9AE6669BE0E04FC3B877F7B63D25B7B6;PA;São Félix do Xingu;Área de Infraestrutura Pública;Analisado, aguardando atendimento a notificação;PE;0,4857
PA-1507300-9BA79FAABBA64223A7C5C4AED48503AD;PA;São Félix do Xingu;Área de Infraestrutura Pública;Analisado, aguardando atendimento a notificação;PE;3,9189
PA-1507300-9EAC265007F34915BCA0C8FA95106F23;PA;São Félix do Xingu;Área de Infraestrutura Pública;Analisado, aguardando atendimento a notificação;PE;2,3461
PA-1507300-A4F2E1AD1DC7438A93536ADDB6E070E1;PA;São Félix do Xingu;Área de Infraestrutura Pública;Analisado, aguardando atendimento a notificação;PE;0,6748
PA-1507300-A9258BFB270F43ECAEB4384919E6F5E3;PA;São Félix do Xingu;Área de Infraestrutura Pública;Analisado, aguardando atendimento a notificação;PE;1,2059
PA-1507300-AAE0244BC5B340FB9EDA3ACABFE120A5;PA;São Félix do Xingu;Área de Infraestrutura Pública;Analisado, aguardando atendimento a notificação;PE;1,4098
PA-1507300-AFF22B8DD6114738A35AFF0BD1885EFE;PA;São Félix do Xingu;Área de Infraestrutura Pública;Aguardando análise;AT;16,7539
PA-1507300-B0EFFD79BDC747D3A20E0F4DFC44A8C5;PA;São Félix do Xingu;Área de Infraestrutura Pública;Aguardando análise;AT;5,4051
PA-1507300-B1983D4ABE344680B4C88912C5FCF171;PA;São Félix do Xingu;Área de Infraestrutura Pública;Analisado, aguardando atendimento a notificação;PE;3,8502
PA-1507300-B95FA2328BF34243B3E9F6AFCDE75D35;PA;São Félix do Xingu;Área de Infraestrutura Pública;Analisado, aguardando atendimento a notificação;PE;0,8961
PA-1507300-BF915DC6842F459590B505AC2DB5D1D6;PA;São Félix do Xingu;Área de Infraestrutura Pública;Analisado, aguardando atendimento a notificação;PE;0,8888
PA-1507300-C085F4CC55A84BACBDF5DC9327CE069D;PA;São Félix do Xingu;Área de Infraestrutura Pública;Analisado, aguardando atendimento a notificação;PE;0,8352
PA-1507300-C0B504518B4940B78334CC9A8AFCE220;PA;São Félix do Xingu;Área de Infraestrutura Pública;Analisado, aguardando atendimento a notificação;PE;0,6718
PA-1507300-C7EA15635AE44E74B31DA94959A5C604;PA;São Félix do Xingu;Área de Infraestrutura Pública;Analisado, aguardando atendimento a notificação;PE;0,2500
PA-1507300-C8765116229545D8BEE380239C7DF78A;PA;São Félix do Xingu;Área de Infraestrutura Pública;Analisado, aguardando atendimento a notificação;AT;0,8778
PA-1507300-C98993A2744F4513AFA9B4FCA6AB3422;PA;São Félix do Xingu;Área de Infraestrutura Pública;Analisado, aguardando atendimento a notificação;PE;1,7956
PA-1507300-CB3FA22F3D1C40438E7AE7762FCDF061;PA;São Félix do Xingu;Área de Infraestrutura Pública;Analisado, aguardando atendimento a notificação;PE;0,5590
PA-1507300-D044DAD5C2634D1ABD8011E9297C42F5;PA;São Félix do Xingu;Área de Infraestrutura Pública;Analisado, aguardando atendimento a notificação;PE;0,2391
PA-1507300-D3294BC2620A42A788D6270884EC0EC2;PA;São Félix do Xingu;Área de Infraestrutura Pública;Aguardando análise;AT;2,1333
PA-1507300-D66443526A4A4CD6800BE86F44DD9898;PA;São Félix do Xingu;Área de Infraestrutura Pública;Analisado, aguardando atendimento a notificação;PE;0,2776
PA-1507300-D8FC8678C49545E2831B73ABD8FD05C7;PA;São Félix do Xingu;Área de Infraestrutura Pública;Analisado, aguardando atendimento a notificação;PE;0,1675
PA-1507300-E1AA3204475A4F6198D6B5EE68D7858C;PA;São Félix do Xingu;Área de Infraestrutura Pública;Analisado, aguardando atendimento a notificação;PE;1,1767
PA-1507300-E32055921DBC46578CFF870B0036F7BC;PA;São Félix do Xingu;Área de Infraestrutura Pública;Analisado, aguardando atendimento a notificação;PE;7,3584
PA-1507300-E647946B9D884602B6C41B7418FF1B86;PA;São Félix do Xingu;Área de Infraestrutura Pública;Analisado, aguardando atendimento a notificação;PE;0,4767
PA-1507300-F5EF84C15BDC44249813FBE5862CD6E8;PA;São Félix do Xingu;Área de Infraestrutura Pública;Analisado, aguardando atendimento a notificação;AT;0,1988
PA-1507300-FB62DC9F82FB4E3E8AB8BCD9D0C1BDFC;PA;São Félix do Xingu;Área de Infraestrutura Pública;Analisado, aguardando atendimento a notificação;PE;1,3222
PA-1507300-FED2B2A0C60A4AC589C7CD3EC17BF5E6;PA;São Félix do Xingu;Área de Infraestrutura Pública;Analisado, aguardando atendimento a notificação;AT;0,3627
PA-1507300-0E962D2E70BA4D508F8D068A4F129A63;PA;São Félix do Xingu;Área de Utilidade Pública;Analisado, aguardando atendimento a notificação;PE;0,6312
PA-1507300-1BB8373B5CCD4DD3B942C5084F304198;PA;São Félix do Xingu;Área de Utilidade Pública;Analisado, aguardando atendimento a notificação;PE;0,4509
PA-1507300-3D86D06D8F1D4A0FA560FBFCD9CDFB9C;PA;São Félix do Xingu;Área de Utilidade Pública;Em análise;PE;3,3381
PA-1507300-56CC8DF19312461390D40B8B92D80FE5;PA;São Félix do Xingu;Área de Utilidade Pública;Analisado, aguardando atendimento a notificação;PE;5,3090
PA-1507300-717E133D4C584C19819B21CEAAD11CEF;PA;São Félix do Xingu;Área de Utilidade Pública;Analisado, aguardando atendimento a notificação;PE;1,1356
PA-1507300-7F4A3514981C454884BED89EBBBC04E9;PA;São Félix do Xingu;Área de Utilidade Pública;Analisado, aguardando atendimento a notificação;PE;1,5198
PA-1507300-80A9BB602E4A4218B8F3EF823533919E;PA;São Félix do Xingu;Área de Utilidade Pública;Aguardando análise;PE;0,4352
PA-1507300-848D9535B2B24E3084CD4D52BD7B7709;PA;São Félix do Xingu;Área de Utilidade Pública;Analisado, aguardando atendimento a notificação;PE;0,2785
PA-1507300-A5F3D020DB274CB49010CAE455108CBB;PA;São Félix do Xingu;Área de Utilidade Pública;Analisado, aguardando regularização ambiental (Lei nº 12.651/2012);AT;3,3504
PA-1507300-B6338567A1104B438FACC53CDFD48FFD;PA;São Félix do Xingu;Área de Utilidade Pública;Analisado, aguardando atendimento a notificação;PE;0,0172
PA-1507300-CC8508BF1C2E455AAB5909BEF5F7D4FD;PA;São Félix do Xingu;Área de Utilidade Pública;Analisado, aguardando atendimento a notificação;AT;1,7836
PA-1507300-D1F7D5D1ED264FE28CEF12CFEE2F5C4F;PA;São Félix do Xingu;Área de Utilidade Pública;Analisado, aguardando atendimento a notificação;PE;0,5613
PA-1507300-E459BA57463D456ABBE886D3AFB4A62F;PA;São Félix do Xingu;Área de Utilidade Pública;Analisado, aguardando atendimento a notificação;SU;4,8478
PA-1507300-014F788898CD480496EF79174C36FAA4;PA;São Félix do Xingu;Área de Servidão Administrativa Total;Analisado, aguardando atendimento a notificação;PE;0,0111
PA-1507300-0C911069F1954DCCB5F0C495FF23FB3A;PA;São Félix do Xingu;Área de Servidão Administrativa Total;Analisado, aguardando atendimento a notificação;PE;0,5324
PA-1507300-0DAAD598A7A647FCA7FD38471B6CF0B7;PA;São Félix do Xingu;Área de Servidão Administrativa Total;Analisado, aguardando atendimento a notificação;PE;3,0708
PA-1507300-0E962D2E70BA4D508F8D068A4F129A63;PA;São Félix do Xingu;Área de Servidão Administrativa Total;Analisado, aguardando atendimento a notificação;PE;0,6312
PA-1507300-108BCBF2378848F891E565F55AE58802;PA;São Félix do Xingu;Área de Servidão Administrativa Total;Analisado, aguardando atendimento a notificação;AT;1,3286
PA-1507300-11277D0F74BD4CFF8969B34F129682DD;PA;São Félix do Xingu;Área de Servidão Administrativa Total;Analisado, aguardando atendimento a notificação;PE;1,8028
PA-1507300-117362CA68E74E1C95F7FC6163995B68;PA;São Félix do Xingu;Área de Servidão Administrativa Total;Analisado, aguardando atendimento a notificação;PE;0,7021
PA-1507300-1455EF6CBB414B06B785CCA33310372E;PA;São Félix do Xingu;Área de Servidão Administrativa Total;Analisado, aguardando atendimento a notificação;PE;1,8744
PA-1507300-1BB8373B5CCD4DD3B942C5084F304198;PA;São Félix do Xingu;Área de Servidão Administrativa Total;Analisado, aguardando atendimento a notificação;PE;0,4509
PA-1507300-225A4FEE3C42427C94CEA8D0F1195C3E;PA;São Félix do Xingu;Área de Servidão Administrativa Total;Analisado, aguardando atendimento a notificação;PE;0,2449
PA-1507300-2659251BAED84A979EE61DCA1298964F;PA;São Félix do Xingu;Área de Servidão Administrativa Total;Analisado, aguardando atendimento a notificação;PE;0,6068
PA-1507300-31EBD0C9DB8740C3A049E3C63A0AC1B3;PA;São Félix do Xingu;Área de Servidão Administrativa Total;Analisado, aguardando atendimento a notificação;AT;1,7627
PA-1507300-34166047F1FF4CD1926ABCE6286D4694;PA;São Félix do Xingu;Área de Servidão Administrativa Total;Analisado, aguardando atendimento a notificação;PE;3,3310
PA-1507300-34C71B59D76F416C9F7C90537D71E6D3;PA;São Félix do Xingu;Área de Servidão Administrativa Total;Analisado, aguardando atendimento a notificação;PE;16,4885
PA-1507300-39B5AADD4C6E49B38B5083E9FE69529F;PA;São Félix do Xingu;Área de Servidão Administrativa Total;Analisado, aguardando atendimento a notificação;PE;0,6847
PA-1507300-3A1645D46C1C44379F62E2ACCF4C3226;PA;São Félix do Xingu;Área de Servidão Administrativa Total;Analisado, aguardando atendimento a notificação;PE;3,9282
PA-1507300-3D86D06D8F1D4A0FA560FBFCD9CDFB9C;PA;São Félix do Xingu;Área de Servidão Administrativa Total;Em análise;PE;3,3381
PA-1507300-41E5CE973CDC45F8BD105A155231ECDE;PA;São Félix do Xingu;Área de Servidão Administrativa Total;Analisado, aguardando atendimento a notificação;PE;0,5144
PA-1507300-46DB8191257248AB85A399B679FB2EEE;PA;São Félix do Xingu;Área de Servidão Administrativa Total;Analisado, aguardando atendimento a notificação;PE;2,7699
PA-1507300-49DDEC6C4AC944BA8CDA9E98A38EC67A;PA;São Félix do Xingu;Área de Servidão Administrativa Total;Analisado, aguardando atendimento a notificação;PE;0,8077
PA-1507300-49F1989FD5904006A82CFE87FF253761;PA;São Félix do Xingu;Área de Servidão Administrativa Total;Analisado, aguardando atendimento a notificação;PE;0,4124
PA-1507300-565D3081190F4920AD9617366925C382;PA;São Félix do Xingu;Área de Servidão Administrativa Total;Analisado, aguardando atendimento a notificação;PE;0,9148
PA-1507300-56CC8DF19312461390D40B8B92D80FE5;PA;São Félix do Xingu;Área de Servidão Administrativa Total;Analisado, aguardando atendimento a notificação;PE;5,3090
PA-1507300-651B7F1489C645B8AFFA96BD57618EE2;PA;São Félix do Xingu;Área de Servidão Administrativa Total;Analisado, aguardando atendimento a notificação;PE;1,4554
PA-1507300-6E5543C6CF844859BA87AE843197C1A3;PA;São Félix do Xingu;Área de Servidão Administrativa Total;Analisado, aguardando atendimento a notificação;PE;0,2229
PA-1507300-7175D35B86E644E7ACC0A1C18F94DE1F;PA;São Félix do Xingu;Área de Servidão Administrativa Total;Analisado, aguardando atendimento a notificação;PE;1,5178
PA-1507300-717E133D4C584C19819B21CEAAD11CEF;PA;São Félix do Xingu;Área de Servidão Administrativa Total;Analisado, aguardando atendimento a notificação;PE;1,1356
PA-1507300-7697625300CE44AE9BA2C802B8D53797;PA;São Félix do Xingu;Área de Servidão Administrativa Total;Analisado, aguardando atendimento a notificação;AT;5,7354
PA-1507300-7991236829FF4120862954F832DD99AC;PA;São Félix do Xingu;Área de Servidão Administrativa Total;Analisado, aguardando atendimento a notificação;SU;1,2588
PA-1507300-7AC26D31FEED4E45B4CB508EDFC767B0;PA;São Félix do Xingu;Área de Servidão Administrativa Total;Analisado, aguardando atendimento a notificação;PE;0,9592
PA-1507300-7EA6583079874D479A3351F845D22968;PA;São Félix do Xingu;Área de Servidão Administrativa Total;Analisado, aguardando atendimento a notificação;PE;2,2721
PA-1507300-7F4A3514981C454884BED89EBBBC04E9;PA;São Félix do Xingu;Área de Servidão Administrativa Total;Analisado, aguardando atendimento a notificação;PE;1,5198
PA-1507300-80A9BB602E4A4218B8F3EF823533919E;PA;São Félix do Xingu;Área de Servidão Administrativa Total;Aguardando análise;PE;0,4352
PA-1507300-848D9535B2B24E3084CD4D52BD7B7709;PA;São Félix do Xingu;Área de Servidão Administrativa Total;Analisado, aguardando atendimento a notificação;PE;0,2785
PA-1507300-88FB36B115EE4C18893B6B7A5FEC2C2A;PA;São Félix do Xingu;Área de Servidão Administrativa Total;Analisado, aguardando atendimento a notificação;PE;1,6399
PA-1507300-8B8E8E7B2B96431A816867F1C9B1442A;PA;São Félix do Xingu;Área de Servidão Administrativa Total;Analisado, aguardando atendimento a notificação;PE;1,6845
PA-1507300-8B97720A9528466EA69DB313623360D9;PA;São Félix do Xingu;Área de Servidão Administrativa Total;Analisado, aguardando atendimento a notificação;AT;0,2521
PA-1507300-8F8A54A3761D489692DDE07A16520CCB;PA;São Félix do Xingu;Área de Servidão Administrativa Total;Analisado, aguardando atendimento a notificação;PE;21,5441
PA-1507300-8FC915304E254F0B8344437F6AC71BFB;PA;São Félix do Xingu;Área de Servidão Administrativa Total;Analisado, aguardando atendimento a notificação;SU;0,9071
PA-1507300-9AE6669BE0E04FC3B877F7B63D25B7B6;PA;São Félix do Xingu;Área de Servidão Administrativa Total;Analisado, aguardando atendimento a notificação;PE;0,4857
PA-1507300-9BA79FAABBA64223A7C5C4AED48503AD;PA;São Félix do Xingu;Área de Servidão Administrativa Total;Analisado, aguardando atendimento a notificação;PE;3,9189
PA-1507300-9EAC265007F34915BCA0C8FA95106F23;PA;São Félix do Xingu;Área de Servidão Administrativa Total;Analisado, aguardando atendimento a notificação;PE;2,3461
PA-1507300-A4F2E1AD1DC7438A93536ADDB6E070E1;PA;São Félix do Xingu;Área de Servidão Administrativa Total;Analisado, aguardando atendimento a notificação;PE;0,6748
PA-1507300-A5F3D020DB274CB49010CAE455108CBB;PA;São Félix do Xingu;Área de Servidão Administrativa Total;Analisado, aguardando regularização ambiental (Lei nº 12.651/2012);AT;3,3504
PA-1507300-A9258BFB270F43ECAEB4384919E6F5E3;PA;São Félix do Xingu;Área de Servidão Administrativa Total;Analisado, aguardando atendimento a notificação;PE;1,2059
PA-1507300-AAE0244BC5B340FB9EDA3ACABFE120A5;PA;São Félix do Xingu;Área de Servidão Administrativa Total;Analisado, aguardando atendimento a notificação;PE;1,4098
PA-1507300-AFF22B8DD6114738A35AFF0BD1885EFE;PA;São Félix do Xingu;Área de Servidão Administrativa Total;Aguardando análise;AT;16,7539
PA-1507300-B0EFFD79BDC747D3A20E0F4DFC44A8C5;PA;São Félix do Xingu;Área de Servidão Administrativa Total;Aguardando análise;AT;5,4051
PA-1507300-B1983D4ABE344680B4C88912C5FCF171;PA;São Félix do Xingu;Área de Servidão Administrativa Total;Analisado, aguardando atendimento a notificação;PE;3,8502
PA-1507300-B6338567A1104B438FACC53CDFD48FFD;PA;São Félix do Xingu;Área de Servidão Administrativa Total;Analisado, aguardando atendimento a notificação;PE;0,0172
PA-1507300-B95FA2328BF34243B3E9F6AFCDE75D35;PA;São Félix do Xingu;Área de Servidão Administrativa Total;Analisado, aguardando atendimento a notificação;PE;0,8961
PA-1507300-BF915DC6842F459590B505AC2DB5D1D6;PA;São Félix do Xingu;Área de Servidão Administrativa Total;Analisado, aguardando atendimento a notificação;PE;0,8888
PA-1507300-C085F4CC55A84BACBDF5DC9327CE069D;PA;São Félix do Xingu;Área de Servidão Administrativa Total;Analisado, aguardando atendimento a notificação;PE;0,8352
PA-1507300-C0B504518B4940B78334CC9A8AFCE220;PA;São Félix do Xingu;Área de Servidão Administrativa Total;Analisado, aguardando atendimento a notificação;PE;0,6718
PA-1507300-C7EA15635AE44E74B31DA94959A5C604;PA;São Félix do Xingu;Área de Servidão Administrativa Total;Analisado, aguardando atendimento a notificação;PE;0,2500
PA-1507300-C8765116229545D8BEE380239C7DF78A;PA;São Félix do Xingu;Área de Servidão Administrativa Total;Analisado, aguardando atendimento a notificação;AT;0,8778
PA-1507300-C98993A2744F4513AFA9B4FCA6AB3422;PA;São Félix do Xingu;Área de Servidão Administrativa Total;Analisado, aguardando atendimento a notificação;PE;1,7956
PA-1507300-CB3FA22F3D1C40438E7AE7762FCDF061;PA;São Félix do Xingu;Área de Servidão Administrativa Total;Analisado, aguardando atendimento a notificação;PE;0,5590
PA-1507300-CC8508BF1C2E455AAB5909BEF5F7D4FD;PA;São Félix do Xingu;Área de Servidão Administrativa Total;Analisado, aguardando atendimento a notificação;AT;1,7836
PA-1507300-D044DAD5C2634D1ABD8011E9297C42F5;PA;São Félix do Xingu;Área de Servidão Administrativa Total;Analisado, aguardando atendimento a notificação;PE;0,2391
PA-1507300-D1F7D5D1ED264FE28CEF12CFEE2F5C4F;PA;São Félix do Xingu;Área de Servidão Administrativa Total;Analisado, aguardando atendimento a notificação;PE;0,5613
PA-1507300-D3294BC2620A42A788D6270884EC0EC2;PA;São Félix do Xingu;Área de Servidão Administrativa Total;Aguardando análise;AT;2,1333
PA-1507300-D66443526A4A4CD6800BE86F44DD9898;PA;São Félix do Xingu;Área de Servidão Administrativa Total;Analisado, aguardando atendimento a notificação;PE;0,2776
PA-1507300-D8FC8678C49545E2831B73ABD8FD05C7;PA;São Félix do Xingu;Área de Servidão Administrativa Total;Analisado, aguardando atendimento a notificação;PE;0,1675
PA-1507300-E1AA3204475A4F6198D6B5EE68D7858C;PA;São Félix do Xingu;Área de Servidão Administrativa Total;Analisado, aguardando atendimento a notificação;PE;1,1767
PA-1507300-E32055921DBC46578CFF870B0036F7BC;PA;São Félix do Xingu;Área de Servidão Administrativa Total;Analisado, aguardando atendimento a notificação;PE;7,3584
PA-1507300-E459BA57463D456ABBE886D3AFB4A62F;PA;São Félix do Xingu;Área de Servidão Administrativa Total;Analisado, aguardando atendimento a notificação;SU;4,8478
PA-1507300-E647946B9D884602B6C41B7418FF1B86;PA;São Félix do Xingu;Área de Servidão Administrativa Total;Analisado, aguardando atendimento a notificação;PE;0,4767
PA-1507300-F5EF84C15BDC44249813FBE5862CD6E8;PA;São Félix do Xingu;Área de Servidão Administrativa Total;Analisado, aguardando atendimento a notificação;AT;0,1988
PA-1507300-FB62DC9F82FB4E3E8AB8BCD9D0C1BDFC;PA;São Félix do Xingu;Área de Servidão Administrativa Total;Analisado, aguardando atendimento a notificação;PE;1,3222
PA-1507300-FED2B2A0C60A4AC589C7CD3EC17BF5E6;PA;São Félix do Xingu;Área de Servidão Administrativa Total;Analisado, aguardando atendimento a notificação;AT;0,3627
PA-1507300-033B00AAF034497C9F8DA332DDB951A6;PA;São Félix do Xingu;Área de Infraestrutura Pública;Analisado, aguardando atendimento a notificação;PE;0,5841
PA-1507300-047DD6127E8B4D7CB71B9CABA7323433;PA;São Félix do Xingu;Área de Infraestrutura Pública;Analisado, aguardando regularização ambiental (Lei nº 12.651/2012);PE;11,5609
PA-1507300-07421CB7F6594B8C902AF344815A8F02;PA;São Félix do Xingu;Área de Infraestrutura Pública;Analisado, aguardando atendimento a notificação;PE;0,2638
PA-1507300-075B017C06D345E59E8CF56175701F98;PA;São Félix do Xingu;Área de Infraestrutura Pública;Aguardando análise;PE;3,6582
PA-1507300-07D6491CEB9440DB9D02D9B39D4707C9;PA;São Félix do Xingu;Área de Infraestrutura Pública;Analisado, aguardando regularização ambiental (Lei nº 12.651/2012);AT;0,7244
PA-1507300-081639A7D0C6450C87D1DADADB0E7B55;PA;São Félix do Xingu;Área de Infraestrutura Pública;Analisado, aguardando atendimento a notificação;PE;1,8683
PA-1507300-0CB053298976468D8D01849F5A9E1165;PA;São Félix do Xingu;Área de Infraestrutura Pública;Analisado, aguardando regularização ambiental (Lei nº 12.651/2012);AT;1,5285
PA-1507300-0D1D810FE8FD477D9414821688D571B3;PA;São Félix do Xingu;Área de Infraestrutura Pública;Analisado, aguardando atendimento a notificação;PE;0,0391
PA-1507300-0D65C9C7D19444E0B36EF0D68A834AD4;PA;São Félix do Xingu;Área de Infraestrutura Pública;Analisado, aguardando atendimento a notificação;PE;0,1961
PA-1507300-103FD03D48A74FAD9768E86B8DE15DC6;PA;São Félix do Xingu;Área de Infraestrutura Pública;Analisado sem pendências;AT;0,0775
PA-1507300-105290A8FEC54D868EBA3E6195636220;PA;São Félix do Xingu;Área de Infraestrutura Pública;Analisado, aguardando atendimento a notificação;AT;1,1796
PA-1507300-105A749832A943879F48CFADA1167A57;PA;São Félix do Xingu;Área de Infraestrutura Pública;Analisado, aguardando atendimento a notificação;PE;1,0798
PA-1507300-1312EE226EEF4C51917815512673F18F;PA;São Félix do Xingu;Área de Infraestrutura Pública;Aguardando análise;PE;3,1149
PA-1507300-13CD3C79E78D4832BC7588151F8450E7;PA;São Félix do Xingu;Área de Infraestrutura Pública;Analisado, aguardando regularização ambiental (Lei nº 12.651/2012);AT;0,3323
PA-1507300-143CABC9623943C2A830C43BEB087DE3;PA;São Félix do Xingu;Área de Infraestrutura Pública;Analisado, aguardando regularização ambiental (Lei nº 12.651/2012);AT;0,0162
PA-1507300-14571306C4FF4BD2B5F2F4092BF9F884;PA;São Félix do Xingu;Área de Infraestrutura Pública;Analisado, aguardando atendimento a notificação;PE;2,6655
PA-1507300-1465AC64F8BB4CE1B5D60AB73F7C0752;PA;São Félix do Xingu;Área de Infraestrutura Pública;Analisado, aguardando atendimento a notificação;PE;0,0786
PA-1507300-14A04C0B89404E0296156539C6FBA45E;PA;São Félix do Xingu;Área de Infraestrutura Pública;Analisado, aguardando atendimento a notificação;PE;0,5403
PA-1507300-15699D8728914DAFA6FBF3767DAAA4D8;PA;São Félix do Xingu;Área de Infraestrutura Pública;Aguardando análise;PE;0,2410
PA-1507300-15B386B9E9B646DA8FE7071C0A381739;PA;São Félix do Xingu;Área de Infraestrutura Pública;Analisado, aguardando atendimento a notificação;PE;1,2679
PA-1507300-1B5F77EB3F97431E9E613B4532A2F676;PA;São Félix do Xingu;Área de Infraestrutura Pública;Analisado, aguardando atendimento a notificação;PE;19,1218
PA-1507300-1CB175DA99144960882DCF1BDBB8D369;PA;São Félix do Xingu;Área de Infraestrutura Pública;Aguardando análise;PE;0,4347
PA-1507300-1DFA45AAC72549C7B602113369D39724;PA;São Félix do Xingu;Área de Infraestrutura Pública;Analisado, aguardando atendimento a notificação;PE;0,7480
PA-1507300-1F5FE5247FDE4D7C848FBB7525E73E93;PA;São Félix do Xingu;Área de Infraestrutura Pública;Analisado, aguardando atendimento a notificação;PE;0,3661
PA-1507300-1FBE522B47C24A67A50B4B30268CA8C5;PA;São Félix do Xingu;Área de Infraestrutura Pública;Analisado, aguardando atendimento a notificação;PE;1,6186
PA-1507300-211A343C58E34E9DAEBC8A4481E0036C;PA;São Félix do Xingu;Área de Infraestrutura Pública;Analisado, aguardando atendimento a notificação;PE;4,2279
PA-1507300-220FB8D9BFDD4AABAF0FB241A2D76182;PA;São Félix do Xingu;Área de Infraestrutura Pública;Aguardando análise;PE;0,6836
PA-1507300-22F994A529224A1984121BA5D96F4C0A;PA;São Félix do Xingu;Área de Infraestrutura Pública;Aguardando análise;AT;0,8271
PA-1507300-2457F512A900468A84EEB16194CBF072;PA;São Félix do Xingu;Área de Infraestrutura Pública;Analisado, aguardando atendimento a notificação;PE;10,2675
PA-1507300-25E58D47135B49A290941409A1D4BE27;PA;São Félix do Xingu;Área de Infraestrutura Pública;Analisado, aguardando atendimento a notificação;PE;0,3454
PA-1507300-266AAE039F264E53A61888EF8F8842DD;PA;São Félix do Xingu;Área de Infraestrutura Pública;Aguardando análise;PE;2,7464
PA-1507300-266D4DD957C24B6C8EB9C48E987902F0;PA;São Félix do Xingu;Área de Infraestrutura Pública;Analisado, aguardando atendimento a notificação;PE;0,7970
PA-1507300-26AEB6159EE947FC8554BD739A4756BD;PA;São Félix do Xingu;Área de Infraestrutura Pública;Analisado, aguardando atendimento a notificação;PE;0,8971
PA-1507300-287046F76DB04625AE89C53E0ABB948F;PA;São Félix do Xingu;Área de Infraestrutura Pública;Analisado, aguardando atendimento a notificação;PE;0,9274
PA-1507300-28A9035AB0314EEFBE0DCCFE31BFF596;PA;São Félix do Xingu;Área de Infraestrutura Pública;Analisado, aguardando atendimento a notificação;PE;0,1398
PA-1507300-2A73C6F81F274B0992C1853F7C2015C5;PA;São Félix do Xingu;Área de Infraestrutura Pública;Analisado, aguardando atendimento a notificação;PE;0,2175
PA-1507300-2B0B19D99DCE4673B08350B63412493C;PA;São Félix do Xingu;Área de Infraestrutura Pública;Analisado, aguardando regularização ambiental (Lei nº 12.651/2012);AT;0,2526
PA-1507300-2BE22788F50D4E4E940C53B1B1C2BCED;PA;São Félix do Xingu;Área de Infraestrutura Pública;Aguardando análise;PE;0,4428
PA-1507300-2D7E8F44F73541EE99C3EE172FE4E387;PA;São Félix do Xingu;Área de Infraestrutura Pública;Analisado, aguardando regularização ambiental (Lei nº 12.651/2012);PE;11,1499
PA-1507300-2E384F0DD9D541848764EE8FE9AD3D31;PA;São Félix do Xingu;Área de Infraestrutura Pública;Aguardando análise;AT;0,2081
PA-1507300-3039379CF7964259960339B2B7B9AF3E;PA;São Félix do Xingu;Área de Infraestrutura Pública;Analisado, aguardando atendimento a notificação;PE;0,2626
PA-1507300-3245306437A646D3A33D0B12D3912192;PA;São Félix do Xingu;Área de Infraestrutura Pública;Analisado, aguardando atendimento a notificação;AT;0,2180
PA-1507300-325454A7A05344B8B2B2ADF817267D42;PA;São Félix do Xingu;Área de Infraestrutura Pública;Analisado, aguardando atendimento a notificação;PE;0,0194
PA-1507300-32E4219A2D2C4B908257ACAAA43CA093;PA;São Félix do Xingu;Área de Infraestrutura Pública;Analisado, aguardando atendimento a notificação;PE;1,1425
PA-1507300-339C342FC8DD48D9AB5A7D3D9F91C3C1;PA;São Félix do Xingu;Área de Infraestrutura Pública;Analisado, aguardando regularização ambiental (Lei nº 12.651/2012);AT;9,4821
PA-1507300-36186C3B4A8142C99B5065E5AFE0AA58;PA;São Félix do Xingu;Área de Infraestrutura Pública;Analisado, aguardando regularização ambiental (Lei nº 12.651/2012);AT;1,9969
PA-1507300-3628184F151D45FBAA3EC0B4040162E2;PA;São Félix do Xingu;Área de Infraestrutura Pública;Analisado, aguardando regularização ambiental (Lei nº 12.651/2012);AT;0,0683
PA-1507300-3844FBC5477D457B95136EA57458BC36;PA;São Félix do Xingu;Área de Infraestrutura Pública;Analisado, aguardando regularização ambiental (Lei nº 12.651/2012);AT;0,2617
PA-1507300-38E61B19E9B34F4FA5679527CB12385D;PA;São Félix do Xingu;Área de Infraestrutura Pública;Analisado, aguardando atendimento a notificação;PE;1,2424
PA-1507300-38F97116972F4C5B8E0DE4E815772F73;PA;São Félix do Xingu;Área de Infraestrutura Pública;Analisado, aguardando atendimento a notificação;PE;0,1410
PA-1507300-393B1E42DE244C9F92855BCD62F1C781;PA;São Félix do Xingu;Área de Infraestrutura Pública;Analisado, aguardando regularização ambiental (Lei nº 12.651/2012);AT;1,1096
PA-1507300-3B8F163DA0114974BB2EF084EA237D1C;PA;São Félix do Xingu;Área de Infraestrutura Pública;Aguardando análise;SU;11,0151
PA-1507300-3C4393B8718C461FB53718BC671C83C3;PA;São Félix do Xingu;Área de Infraestrutura Pública;Analisado, aguardando atendimento a notificação;PE;0,1264
PA-1507300-3D73AD07843C45678C703DE09A857EDA;PA;São Félix do Xingu;Área de Infraestrutura Pública;Analisado, aguardando atendimento a notificação;AT;2,0068
PA-1507300-3DB33C1FBD684E4DBD5CAE4085553978;PA;São Félix do Xingu;Área de Infraestrutura Pública;Analisado, aguardando regularização ambiental (Lei nº 12.651/2012);AT;1,1166
PA-1507300-40F6A10298F54DDC8D6044A3A47EE695;PA;São Félix do Xingu;Área de Infraestrutura Pública;Analisado sem pendências;AT;0,1461
PA-1507300-460C4A283E6547FDAFE420F185DEF87D;PA;São Félix do Xingu;Área de Infraestrutura Pública;Analisado, aguardando regularização ambiental (Lei nº 12.651/2012);AT;0,3017
PA-1507300-46C44F3E73CF48068607DEB82E8CC01A;PA;São Félix do Xingu;Área de Infraestrutura Pública;Aguardando análise;PE;22,1376
PA-1507300-46FD9D167BD640E8A7A1BF3848FC920E;PA;São Félix do Xingu;Área de Infraestrutura Pública;Analisado, aguardando regularização ambiental (Lei nº 12.651/2012);AT;3,3008
PA-1507300-49A41C5A90D24788A149070525D5AB51;PA;São Félix do Xingu;Área de Infraestrutura Pública;Analisado, aguardando atendimento a notificação;SU;0,4074
PA-1507300-4A523536E7284DC1836EA1A3C1D02A2D;PA;São Félix do Xingu;Área de Infraestrutura Pública;Analisado, aguardando atendimento a notificação;PE;0,6045
PA-1507300-4AD6A673864D4437952CE1BF22830EF7;PA;São Félix do Xingu;Área de Infraestrutura Pública;Analisado, aguardando regularização ambiental (Lei nº 12.651/2012);AT;5,1081
PA-1507300-4B7444AA60B041DDB385E6294104AC50;PA;São Félix do Xingu;Área de Infraestrutura Pública;Analisado, aguardando atendimento a notificação;PE;1,0374
PA-1507300-4E389B27FDE847A0996286AB8840E2DF;PA;São Félix do Xingu;Área de Infraestrutura Pública;Analisado sem pendências;AT;0,1454
PA-1507300-4FCD20734E83461D810C94DC5D0797BB;PA;São Félix do Xingu;Área de Infraestrutura Pública;Analisado, aguardando regularização ambiental (Lei nº 12.651/2012);AT;4,1211
PA-1507300-51620307993A40908A1DBD5269023F45;PA;São Félix do Xingu;Área de Infraestrutura Pública;Analisado, aguardando regularização ambiental (Lei nº 12.651/2012);AT;0,6118
PA-1507300-54804C661BF443F9897F00E9AC3A8877;PA;São Félix do Xingu;Área de Infraestrutura Pública;Aguardando análise;PE;25,0122
PA-1507300-56A35276E41F43809DBFFE9E90C3DB19;PA;São Félix do Xingu;Área de Infraestrutura Pública;Analisado, aguardando regularização ambiental (Lei nº 12.651/2012);PE;4,1639
PA-1507300-57EBC81F051E41ABBE27A5FB6EFD4BB4;PA;São Félix do Xingu;Área de Infraestrutura Pública;Analisado, aguardando atendimento a notificação;PE;0,0881
PA-1507300-59FBC50D8B58452AB920AE5668F2D666;PA;São Félix do Xingu;Área de Infraestrutura Pública;Analisado, aguardando atendimento a notificação;SU;3,8301
PA-1507300-5AC23098D46E4512975814108BE761F3;PA;São Félix do Xingu;Área de Infraestrutura Pública;Analisado sem pendências;AT;0,0785
PA-1507300-5B5CE08058CC406E9E5FB36BAA177535;PA;São Félix do Xingu;Área de Infraestrutura Pública;Analisado, aguardando regularização ambiental (Lei nº 12.651/2012);AT;0,2855
PA-1507300-5B77CB86A82A4A389AA85FEE9859D90A;PA;São Félix do Xingu;Área de Infraestrutura Pública;Analisado, aguardando regularização ambiental (Lei nº 12.651/2012);PE;14,6569
PA-1507300-5B8161B88647402987CA65F0072EAD14;PA;São Félix do Xingu;Área de Infraestrutura Pública;Analisado, aguardando regularização ambiental (Lei nº 12.651/2012);AT;2,2082
PA-1507300-5D57A6B2D1084927817282AB1D3B82AA;PA;São Félix do Xingu;Área de Infraestrutura Pública;Analisado, aguardando regularização ambiental (Lei nº 12.651/2012);AT;0,1096
PA-1507300-60B6AC2C30E34F499E00B1FE625F3F4E;PA;São Félix do Xingu;Área de Infraestrutura Pública;Analisado, aguardando regularização ambiental (Lei nº 12.651/2012);AT;0,0810
PA-1507300-63ADBD663D2F4CBA94143A15E8C1AAA5;PA;São Félix do Xingu;Área de Infraestrutura Pública;Analisado, aguardando atendimento a notificação;PE;0,7635
PA-1507300-656200940148490C9535414796659755;PA;São Félix do Xingu;Área de Infraestrutura Pública;Analisado, aguardando atendimento a notificação;PE;0,9897
PA-1507300-66832BC6B04147C8AF457345CD3195FC;PA;São Félix do Xingu;Área de Infraestrutura Pública;Analisado, aguardando atendimento a notificação;PE;0,6377
PA-1507300-66FA1A714F324A6AB0FC3DAFF34CBC85;PA;São Félix do Xingu;Área de Infraestrutura Pública;Analisado, aguardando regularização ambiental (Lei nº 12.651/2012);AT;31,6117
PA-1507300-67EB525B828E47CBB84AE94B9B4F53C8;PA;São Félix do Xingu;Área de Infraestrutura Pública;Analisado sem pendências;AT;0,1538
PA-1507300-680DA429C9B9467EB6E12A35E9387737;PA;São Félix do Xingu;Área de Infraestrutura Pública;Analisado, aguardando atendimento a notificação;PE;1,0090
PA-1507300-682D030E4FC2435B840AA1ACCBBFF5C3;PA;São Félix do Xingu;Área de Infraestrutura Pública;Analisado sem pendências;AT;0,1485
PA-1507300-686B0A23BD7243F583D1BF8044298095;PA;São Félix do Xingu;Área de Infraestrutura Pública;Aguardando análise;PE;2,1111
PA-1507300-695C806B0CA640AD93494D94EF483DAC;PA;São Félix do Xingu;Área de Infraestrutura Pública;Analisado, aguardando atendimento a notificação;PE;0,0549
PA-1507300-697400AFAFF340F2AC860FE25EC536DE;PA;São Félix do Xingu;Área de Infraestrutura Pública;Analisado, aguardando regularização ambiental (Lei nº 12.651/2012);AT;0,1764
PA-1507300-6AB34D6878E341C1B8852E0BB19F36A7;PA;São Félix do Xingu;Área de Infraestrutura Pública;Analisado, aguardando atendimento a notificação;PE;4,4082
PA-1507300-6C69172497D8458CA4D3C47CD28F93E2;PA;São Félix do Xingu;Área de Infraestrutura Pública;Analisado, aguardando regularização ambiental (Lei nº 12.651/2012);AT;3,7599
PA-1507300-6C7EC59AE8FA4DBA8177CD05A86C6CA7;PA;São Félix do Xingu;Área de Infraestrutura Pública;Analisado, aguardando atendimento a notificação;PE;0,1077
PA-1507300-6DFB48340B6641B4A1E2C04FC736FBED;PA;São Félix do Xingu;Área de Infraestrutura Pública;Aguardando análise;PE;0,2787
PA-1507300-6EADADF1EFB34A82A76574DF9155AD7E;PA;São Félix do Xingu;Área de Infraestrutura Pública;Analisado, aguardando regularização ambiental (Lei nº 12.651/2012);AT;0,2866
PA-1507300-714592BF7A7E41B7A9BF7FA8558DE183;PA;São Félix do Xingu;Área de Infraestrutura Pública;Analisado, aguardando regularização ambiental (Lei nº 12.651/2012);AT;0,2466
PA-1507300-733352830E9E4999884C774852A54C0B;PA;São Félix do Xingu;Área de Infraestrutura Pública;Analisado, aguardando regularização ambiental (Lei nº 12.651/2012);AT;0,0377
PA-1507300-74A557EC9088422D929D04BE3C9BC5F4;PA;São Félix do Xingu;Área de Infraestrutura Pública;Aguardando análise;PE;0,7691
PA-1507300-74B1818D8F854281AE3A0599536ADFA2;PA;São Félix do Xingu;Área de Infraestrutura Pública;Aguardando análise;PE;8,5277
PA-1507300-7504DB65BCAB4A7FB29EA31F52ECDBF3;PA;São Félix do Xingu;Área de Infraestrutura Pública;Analisado, aguardando atendimento a notificação;PE;0,0692
PA-1507300-75BD76483DF14241A5371A07BEA649CD;PA;São Félix do Xingu;Área de Infraestrutura Pública;Analisado, aguardando atendimento a notificação;PE;2,9990
PA-1507300-7846E23BB5A14EA887C89891B2176019;PA;São Félix do Xingu;Área de Infraestrutura Pública;Analisado, aguardando regularização ambiental (Lei nº 12.651/2012);AT;0,2523
PA-1507300-785DC91E103D41B6B78C8749649890F6;PA;São Félix do Xingu;Área de Infraestrutura Pública;Analisado, aguardando atendimento a notificação;AT;0,0000
PA-1507300-79D95124068048BAA0BF7DAD1B412022;PA;São Félix do Xingu;Área de Infraestrutura Pública;Analisado, aguardando regularização ambiental (Lei nº 12.651/2012);AT;0,1166
PA-1507300-7A009D18A75B4F70A717CD0D6CCFAC77;PA;São Félix do Xingu;Área de Infraestrutura Pública;Analisado, aguardando regularização ambiental (Lei nº 12.651/2012);PE;0,7023
PA-1507300-7B99CB7F66B24A269093FE40755CDC3A;PA;São Félix do Xingu;Área de Infraestrutura Pública;Analisado, aguardando atendimento a notificação;SU;0,5643
PA-1507300-7CC7E902AA99490A8472376FFF7822A8;PA;São Félix do Xingu;Área de Infraestrutura Pública;Analisado, aguardando atendimento a notificação;PE;0,6623
PA-1507300-7D3C6C068E88414B8EEDD70FE952FA2F;PA;São Félix do Xingu;Área de Infraestrutura Pública;Analisado, aguardando atendimento a notificação;SU;0,3344
PA-1507300-80870FA8B7CA47E5BFE9082E54E49575;PA;São Félix do Xingu;Área de Infraestrutura Pública;Analisado, aguardando regularização ambiental (Lei nº 12.651/2012);AT;0,1145
PA-1507300-83A9962F75B8446DBE4666A16460FC11;PA;São Félix do Xingu;Área de Infraestrutura Pública;Analisado sem pendências;AT;0,2649
PA-1507300-84801A5F41894616B5D03DE6F46C1F59;PA;São Félix do Xingu;Área de Infraestrutura Pública;Analisado, aguardando atendimento a notificação;PE;0,7580
PA-1507300-86BE150A5D054FBCBA8AA0C462F0626E;PA;São Félix do Xingu;Área de Infraestrutura Pública;Analisado, aguardando regularização ambiental (Lei nº 12.651/2012);PE;0,2345
PA-1507300-8CB9759E37914781B2BE6D9B4C3C72E9;PA;São Félix do Xingu;Área de Infraestrutura Pública;Analisado, aguardando atendimento a notificação;PE;17,3977
PA-1507300-8D57AB3F995D49D491CAAD6CE6897C5F;PA;São Félix do Xingu;Área de Infraestrutura Pública;Analisado, aguardando atendimento a notificação;PE;0,8607
PA-1507300-8E063E2FD9CD4AC1B906F6508F519A40;PA;São Félix do Xingu;Área de Infraestrutura Pública;Analisado, aguardando atendimento a notificação;PE;0,3583
PA-1507300-907B4C0106CE445199F6AE6B26B026D6;PA;São Félix do Xingu;Área de Infraestrutura Pública;Analisado sem pendências;AT;0,1039
PA-1507300-9124EA8AF4764465AC7044537E2F90DF;PA;São Félix do Xingu;Área de Infraestrutura Pública;Analisado, aguardando atendimento a notificação;AT;2,2691
PA-1507300-9194636263A84953AB0FD67639950FBA;PA;São Félix do Xingu;Área de Infraestrutura Pública;Analisado, aguardando atendimento a notificação;PE;0,2953
PA-1507300-92A930EF8D9C45048CB10590E2F71828;PA;São Félix do Xingu;Área de Infraestrutura Pública;Analisado, aguardando atendimento a notificação;PE;1,2411
PA-1507300-92F87B74036944F7ABCA811774C4B5D8;PA;São Félix do Xingu;Área de Infraestrutura Pública;Aguardando análise;PE;5,0773
PA-1507300-93EF0EB9F91F4D5EA02B1E2C9BD0C908;PA;São Félix do Xingu;Área de Infraestrutura Pública;Analisado, aguardando atendimento a notificação;PE;0,2996
PA-1507300-9418301D176141C4BA8FAFFABF7FEC61;PA;São Félix do Xingu;Área de Infraestrutura Pública;Aguardando análise;AT;0,4252
PA-1507300-94733FA7F381469E810874130E1999B3;PA;São Félix do Xingu;Área de Infraestrutura Pública;Em análise;PE;0,0906
PA-1507300-950C7C218E42478783400044024EF503;PA;São Félix do Xingu;Área de Infraestrutura Pública;Analisado, aguardando atendimento a notificação;PE;0,1327
PA-1507300-969534FFF83C4AA9A1F4089286BAA2FD;PA;São Félix do Xingu;Área de Infraestrutura Pública;Analisado, aguardando atendimento a notificação;PE;0,3264
PA-1507300-97201EF131734E2CA667E0B0667A61E8;PA;São Félix do Xingu;Área de Infraestrutura Pública;Analisado, aguardando atendimento a notificação;PE;4,8690
PA-1507300-981B36C90E9B436EA725E8FA02944EA5;PA;São Félix do Xingu;Área de Infraestrutura Pública;Analisado, aguardando regularização ambiental (Lei nº 12.651/2012);AT;0,1885
PA-1507300-98D0F92482C240C3A09A33835106DE16;PA;São Félix do Xingu;Área de Infraestrutura Pública;Analisado, aguardando regularização ambiental (Lei nº 12.651/2012);AT;0,5440
PA-1507300-98E17EB2D12345DABD4E45D6147FEEA4;PA;São Félix do Xingu;Área de Infraestrutura Pública;Analisado, aguardando atendimento a notificação;PE;0,3451
PA-1507300-98EB26E3E00A4166B54DC67129D49E6C;PA;São Félix do Xingu;Área de Infraestrutura Pública;Analisado, aguardando atendimento a notificação;PE;0,4968
PA-1507300-9ABE7411221445F68D853C74F2EB92AE;PA;São Félix do Xingu;Área de Infraestrutura Pública;Aguardando análise;AT;7,9409
PA-1507300-9C114C40FF074F00A654BD3EA2CECB4C;PA;São Félix do Xingu;Área de Infraestrutura Pública;Aguardando análise;AT;12,0058
PA-1507300-9CB9F51A2E1F43AABE60B4A2B50A6C5D;PA;São Félix do Xingu;Área de Infraestrutura Pública;Analisado, aguardando atendimento a notificação;PE;0,9966
PA-1507300-9FAAC8A6C5E047878034612A18D59222;PA;São Félix do Xingu;Área de Infraestrutura Pública;Analisado, aguardando regularização ambiental (Lei nº 12.651/2012);AT;1,2127
PA-1507300-9FD7EEF577D54D359866056FF752D4CB;PA;São Félix do Xingu;Área de Infraestrutura Pública;Analisado, aguardando regularização ambiental (Lei nº 12.651/2012);AT;0,7552
PA-1507300-A2EBEDDCE6474928A950A4DB370E2EE1;PA;São Félix do Xingu;Área de Infraestrutura Pública;Analisado, aguardando atendimento a notificação;PE;1,1303
PA-1507300-A6EC3ED33A47429EA16B74DC4B2A7429;PA;São Félix do Xingu;Área de Infraestrutura Pública;Analisado, aguardando atendimento a notificação;PE;0,8009
PA-1507300-A7E2BAADC3F84A05BA32234394FCB991;PA;São Félix do Xingu;Área de Infraestrutura Pública;Analisado, aguardando regularização ambiental (Lei nº 12.651/2012);AT;0,5861
PA-1507300-AA5755C76B66486A92FC99A50BF58D8E;PA;São Félix do Xingu;Área de Infraestrutura Pública;Analisado, aguardando regularização ambiental (Lei nº 12.651/2012);AT;0,7060
PA-1507300-AC30488B39704580969863F4EAB1D88A;PA;São Félix do Xingu;Área de Infraestrutura Pública;Analisado, aguardando atendimento a notificação;PE;2,6432
PA-1507300-ADA7FDD42C164320A7F07DE90111F5C7;PA;São Félix do Xingu;Área de Infraestrutura Pública;Analisado, aguardando regularização ambiental (Lei nº 12.651/2012);AT;0,4016
PA-1507300-ADC06230DE2640D08158BD104CD25457;PA;São Félix do Xingu;Área de Infraestrutura Pública;Analisado, aguardando atendimento a notificação;PE;1,4494
PA-1507300-AE19E9CD0BAA434B897A2E81BC9E808F;PA;São Félix do Xingu;Área de Infraestrutura Pública;Analisado, aguardando atendimento a notificação;PE;4,9270
PA-1507300-AE3FF77956384840970695F5BE7DA3A7;PA;São Félix do Xingu;Área de Infraestrutura Pública;Analisado, aguardando atendimento a notificação;PE;0,9604
PA-1507300-AF98264F9413405D8B5E99C2752A1BDC;PA;São Félix do Xingu;Área de Infraestrutura Pública;Analisado, aguardando regularização ambiental (Lei nº 12.651/2012);AT;0,1424
PA-1507300-AFFDA1998F014416ACC4E317D14D1B4B;PA;São Félix do Xingu;Área de Infraestrutura Pública;Analisado, aguardando atendimento a notificação;SU;1,7109
PA-1507300-B0147FA1978C42B49551F9A3E7AE462A;PA;São Félix do Xingu;Área de Infraestrutura Pública;Analisado, aguardando atendimento a notificação;AT;9,2313
PA-1507300-B0A6AF779F454C85BE1F0757019960D1;PA;São Félix do Xingu;Área de Infraestrutura Pública;Analisado, aguardando regularização ambiental (Lei nº 12.651/2012);AT;1,0593
PA-1507300-B0C7FE14C55E48A8BD9270FCFFB89653;PA;São Félix do Xingu;Área de Infraestrutura Pública;Em análise;PE;0,3620
PA-1507300-B186A4CE0EEE433D97FF3391360A1C03;PA;São Félix do Xingu;Área de Infraestrutura Pública;Analisado, aguardando regularização ambiental (Lei nº 12.651/2012);AT;0,4107
PA-1507300-B411ABF3805846049A59428A6C0C189D;PA;São Félix do Xingu;Área de Infraestrutura Pública;Analisado, aguardando atendimento a notificação;AT;0,0018
PA-1507300-B464891929804A1B9AF8C2CF032E29C5;PA;São Félix do Xingu;Área de Infraestrutura Pública;Aguardando análise;AT;2,4080
PA-1507300-B4C6B10282DC44EDB6F9F22E7CE36B66;PA;São Félix do Xingu;Área de Infraestrutura Pública;Analisado, aguardando atendimento a notificação;PE;2,2092
PA-1507300-B578B54C8A994CA098743AE9C504AFDA;PA;São Félix do Xingu;Área de Infraestrutura Pública;Analisado, aguardando atendimento a notificação;PE;0,3732
PA-1507300-B58EA700F2C34EFCBAAD3C5830E1F2C0;PA;São Félix do Xingu;Área de Infraestrutura Pública;Analisado, aguardando atendimento a notificação;PE;1,0593
PA-1507300-B7998C750A934AB1B10C0ED6FF6EE903;PA;São Félix do Xingu;Área de Infraestrutura Pública;Analisado sem pendências;AT;0,2007
PA-1507300-B802979D84204683A13B54EF50E7AF65;PA;São Félix do Xingu;Área de Infraestrutura Pública;Analisado, aguardando regularização ambiental (Lei nº 12.651/2012);AT;1,0914
PA-1507300-B92F7B3AAA154DB58E59326C5021CC7F;PA;São Félix do Xingu;Área de Infraestrutura Pública;Analisado, aguardando regularização ambiental (Lei nº 12.651/2012);AT;3,1587
PA-1507300-BBC4B096C0DF42FF8402B4DB8CBAE743;PA;São Félix do Xingu;Área de Infraestrutura Pública;Analisado, aguardando regularização ambiental (Lei nº 12.651/2012);AT;0,0653
PA-1507300-BDC9E19DD8664C3198A00F88AEF5EB17;PA;São Félix do Xingu;Área de Infraestrutura Pública;Analisado, aguardando atendimento a notificação;PE;5,0648
PA-1507300-BEF4B5EDB7614AA2AA3223C6D4B1D984;PA;São Félix do Xingu;Área de Infraestrutura Pública;Analisado, aguardando regularização ambiental (Lei nº 12.651/2012);AT;0,2137
PA-1507300-C057CD4D9AFD45168330F4D51547523E;PA;São Félix do Xingu;Área de Infraestrutura Pública;Analisado, aguardando atendimento a notificação;PE;0,1312
PA-1507300-C372A14B487B4B1C9AEE6F3D056AA7AA;PA;São Félix do Xingu;Área de Infraestrutura Pública;Analisado, aguardando atendimento a notificação;PE;0,8444
PA-1507300-C4CBB132BC804D6CB39F884621FE0DCF;PA;São Félix do Xingu;Área de Infraestrutura Pública;Aguardando análise;PE;0,6033
PA-1507300-C6CFEB9BFC1B4BD49174426BEC737C23;PA;São Félix do Xingu;Área de Infraestrutura Pública;Aguardando análise;PE;3,7425
PA-1507300-C85DAA446FA144128C0BDA5993854925;PA;São Félix do Xingu;Área de Infraestrutura Pública;Analisado, aguardando regularização ambiental (Lei nº 12.651/2012);AT;0,1118
PA-1507300-C93E96DDE4234DE4AF1F1485D2054511;PA;São Félix do Xingu;Área de Infraestrutura Pública;Analisado, aguardando atendimento a notificação;AT;1,1677
PA-1507300-CBDB00D01366405B9AFEB4E87593B39D;PA;São Félix do Xingu;Área de Infraestrutura Pública;Analisado, aguardando regularização ambiental (Lei nº 12.651/2012);AT;0,5283
PA-1507300-CD07E3582D3441A1B1C417350DB3DF04;PA;São Félix do Xingu;Área de Infraestrutura Pública;Analisado sem pendências;AT;1,2859
PA-1507300-CF04A3A0DD0146979EE0683E81C898C5;PA;São Félix do Xingu;Área de Infraestrutura Pública;Analisado, aguardando regularização ambiental (Lei nº 12.651/2012);AT;0,1188
PA-1507300-CFD54DA0DC864D379BE5EA8CD547460D;PA;São Félix do Xingu;Área de Infraestrutura Pública;Analisado, aguardando atendimento a notificação;PE;0,3059
PA-1507300-D1227DA7CC2B4B1CBF62C65C909E710D;PA;São Félix do Xingu;Área de Infraestrutura Pública;Analisado, aguardando regularização ambiental (Lei nº 12.651/2012);AT;3,3870
PA-1507300-D348F76C17774BCB803E3395BB84DC46;PA;São Félix do Xingu;Área de Infraestrutura Pública;Aguardando análise;PE;0,3615
PA-1507300-D3D5FFDD67FF400994F4559F2EF04B29;PA;São Félix do Xingu;Área de Infraestrutura Pública;Analisado, aguardando atendimento a notificação;PE;1,7984
PA-1507300-D51A8D49165A4E5496EEC27CDFC6DB09;PA;São Félix do Xingu;Área de Infraestrutura Pública;Analisado, aguardando regularização ambiental (Lei nº 12.651/2012);AT;7,3142
PA-1507300-D56C021D4EED4E5C9D5B1FDF5BABD329;PA;São Félix do Xingu;Área de Infraestrutura Pública;Analisado, aguardando regularização ambiental (Lei nº 12.651/2012);AT;0,2157
PA-1507300-D5FE0F80022649199A5C472C534F0A26;PA;São Félix do Xingu;Área de Infraestrutura Pública;Analisado, aguardando atendimento a notificação;PE;0,9388
PA-1507300-D676BFAD80484EC89C67F2E315A42E7A;PA;São Félix do Xingu;Área de Infraestrutura Pública;Analisado, aguardando atendimento a notificação;PE;0,8654
PA-1507300-D7254DE6B93A40D8B8EF75A9D644DC6B;PA;São Félix do Xingu;Área de Infraestrutura Pública;Analisado, aguardando regularização ambiental (Lei nº 12.651/2012);AT;0,5039
PA-1507300-D899F684683D4766B250D5D57FD5F6FF;PA;São Félix do Xingu;Área de Infraestrutura Pública;Analisado, aguardando regularização ambiental (Lei nº 12.651/2012);AT;0,1248
PA-1507300-D8F3A77B82114D72864101A35C93CCBF;PA;São Félix do Xingu;Área de Infraestrutura Pública;Analisado sem pendências;AT;0,2811
PA-1507300-D93E982285F442FF981887FD6C3CBB72;PA;São Félix do Xingu;Área de Infraestrutura Pública;Analisado, aguardando regularização ambiental (Lei nº 12.651/2012);AT;0,2306
PA-1507300-DB3F565FA9B44146A453FC23CAB3D0BA;PA;São Félix do Xingu;Área de Infraestrutura Pública;Aguardando análise;AT;16,8437
PA-1507300-DB751020E33A4E06B909DAAC3A038764;PA;São Félix do Xingu;Área de Infraestrutura Pública;Analisado, aguardando atendimento a notificação;PE;0,2264
PA-1507300-DC874663411842C2AA9422A3A3B42F6B;PA;São Félix do Xingu;Área de Infraestrutura Pública;Analisado, aguardando atendimento a notificação;SU;0,0112
PA-1507300-DEAAE3AEACA14C85AAC11BBEA9B871E0;PA;São Félix do Xingu;Área de Infraestrutura Pública;Analisado, aguardando regularização ambiental (Lei nº 12.651/2012);AT;0,1390
PA-1507300-DFC90800590C411EB377D49A1ECD7D4C;PA;São Félix do Xingu;Área de Infraestrutura Pública;Analisado, aguardando regularização ambiental (Lei nº 12.651/2012);AT;7,9480
PA-1507300-E1D8B835B4EA4C4CBC64E59755345902;PA;São Félix do Xingu;Área de Infraestrutura Pública;Analisado, aguardando regularização ambiental (Lei nº 12.651/2012);PE;0,8681
PA-1507300-E52C0CE13A9249149FD851CF00AD9B87;PA;São Félix do Xingu;Área de Infraestrutura Pública;Analisado, aguardando regularização ambiental (Lei nº 12.651/2012);PE;7,6502
PA-1507300-E53760AA226341F9910AA60021CF47EF;PA;São Félix do Xingu;Área de Infraestrutura Pública;Analisado, aguardando atendimento a notificação;PE;1,1849
PA-1507300-E7D3E4CBD5C047D080BC13220BFC3B6B;PA;São Félix do Xingu;Área de Infraestrutura Pública;Aguardando análise;PE;0,8139
PA-1507300-E81D503C19874F3DAB75058D17F2099F;PA;São Félix do Xingu;Área de Infraestrutura Pública;Analisado sem pendências;AT;0,0478
PA-1507300-EA0D77BAD3A94EC389E03961564E15CF;PA;São Félix do Xingu;Área de Infraestrutura Pública;Analisado, aguardando atendimento a notificação;PE;2,2501
PA-1507300-EA0E7FD7EC0844E6B4C26E2E501DA467;PA;São Félix do Xingu;Área de Infraestrutura Pública;Aguardando análise;AT;14,4178
PA-1507300-EA6905E8C82D4A43B7F1AFCECA53C56D;PA;São Félix do Xingu;Área de Infraestrutura Pública;Analisado, aguardando regularização ambiental (Lei nº 12.651/2012);AT;0,5440
PA-1507300-ED2D3083AB614C32B2E6F097231777AF;PA;São Félix do Xingu;Área de Infraestrutura Pública;Analisado, aguardando regularização ambiental (Lei nº 12.651/2012);AT;0,4565
PA-1507300-EFC6A09025A94B62818A2518E85A3821;PA;São Félix do Xingu;Área de Infraestrutura Pública;Analisado, aguardando atendimento a notificação;PE;10,2152
PA-1507300-F0484474E27C46FCBAD07CFD1250CDFA;PA;São Félix do Xingu;Área de Infraestrutura Pública;Analisado, aguardando regularização ambiental (Lei nº 12.651/2012);AT;0,1912
PA-1507300-F05492E8C97E44FDB0E1093D1DFEC22F;PA;São Félix do Xingu;Área de Infraestrutura Pública;Analisado, aguardando regularização ambiental (Lei nº 12.651/2012);PE;2,4949
PA-1507300-F10BACF2B9314786A55570CF9CCA0921;PA;São Félix do Xingu;Área de Infraestrutura Pública;Analisado, aguardando regularização ambiental (Lei nº 12.651/2012);AT;0,8299
PA-1507300-F11C8C43BBDE41F4A718C35E46551550;PA;São Félix do Xingu;Área de Infraestrutura Pública;Analisado, aguardando atendimento a notificação;PE;1,1224
PA-1507300-F11DE6397CA24FE4A979B33A4541D635;PA;São Félix do Xingu;Área de Infraestrutura Pública;Analisado sem pendências;AT;0,0722
PA-1507300-F1540FFC0313484092B5C2C2EB1B753F;PA;São Félix do Xingu;Área de Infraestrutura Pública;Analisado, aguardando atendimento a notificação;PE;4,0343
PA-1507300-F345ACCE41DF48BE95F0488FF80457A7;PA;São Félix do Xingu;Área de Infraestrutura Pública;Analisado, aguardando atendimento a notificação;PE;1,1699
PA-1507300-F358D160F4AA4EF4BF56EF7EB716530A;PA;São Félix do Xingu;Área de Infraestrutura Pública;Analisado, aguardando regularização ambiental (Lei nº 12.651/2012);AT;0,2478
PA-1507300-F5E642FF5733402C8872B136C3FF76BC;PA;São Félix do Xingu;Área de Infraestrutura Pública;Analisado, aguardando regularização ambiental (Lei nº 12.651/2012);AT;0,5336
PA-1507300-F607EF8A49E94E62AA8E06B2A34B082A;PA;São Félix do Xingu;Área de Infraestrutura Pública;Analisado, aguardando atendimento a notificação;PE;4,5005
PA-1507300-F63F6055099247C39D3EA3ED8B1CC28B;PA;São Félix do Xingu;Área de Infraestrutura Pública;Analisado, aguardando regularização ambiental (Lei nº 12.651/2012);AT;0,0733
PA-1507300-F6D9A851124C4BC5B068B7DF7BDDA240;PA;São Félix do Xingu;Área de Infraestrutura Pública;Aguardando análise;PE;6,4238
PA-1507300-F6ED9098850C4785982EAECAA76E9560;PA;São Félix do Xingu;Área de Infraestrutura Pública;Analisado, aguardando atendimento a notificação;PE;5,8802
PA-1507300-F87EB755E7E342CF957A61E2ECE570F8;PA;São Félix do Xingu;Área de Infraestrutura Pública;Analisado, aguardando regularização ambiental (Lei nº 12.651/2012);AT;0,1414
PA-1507300-FAB2A86575B2433DA6AE81C8E18FDC5F;PA;São Félix do Xingu;Área de Infraestrutura Pública;Analisado sem pendências;AT;1,1283
PA-1507300-FAC50FCAD8354D378DEF179249215C63;PA;São Félix do Xingu;Área de Infraestrutura Pública;Analisado, aguardando regularização ambiental (Lei nº 12.651/2012);PE;134,1788
PA-1507300-FC3BAE8AB17E47DFB48327AEB5F9CA96;PA;São Félix do Xingu;Área de Infraestrutura Pública;Analisado, aguardando atendimento a notificação;PE;9,4763
PA-1507300-FCE987FED772400D8BF789A0BD807ABD;PA;São Félix do Xingu;Área de Infraestrutura Pública;Analisado, aguardando atendimento a notificação;PE;2,3182
PA-1507300-FD9183A183BD4DC89F3BF6428D868224;PA;São Félix do Xingu;Área de Infraestrutura Pública;Analisado, aguardando atendimento a notificação;PE;0,4618
PA-1507300-FE6260C1253A4676B939460735033071;PA;São Félix do Xingu;Área de Infraestrutura Pública;Analisado, aguardando atendimento a notificação;PE;0,1016
PA-1507300-FEB6A3D098B94F45B7DC2FDA66EA8A64;PA;São Félix do Xingu;Área de Infraestrutura Pública;Aguardando análise;AT;1,6396
PA-1507300-031A69F97EF742838BA6C4BDBECD7DF0;PA;São Félix do Xingu;Área de Utilidade Pública;Analisado, aguardando atendimento a notificação;PE;2,4090
PA-1507300-041F9BA4CD1A40AEB92A522DE8FEF374;PA;São Félix do Xingu;Área de Utilidade Pública;Analisado, aguardando atendimento a notificação;PE;0,4847
PA-1507300-082522F6565B4C05A11571E5DBDE27D8;PA;São Félix do Xingu;Área de Utilidade Pública;Analisado, aguardando regularização ambiental (Lei nº 12.651/2012);AT;1,9919
PA-1507300-0B35A314855A4E4DB73F22DC47895143;PA;São Félix do Xingu;Área de Utilidade Pública;Analisado, aguardando regularização ambiental (Lei nº 12.651/2012);AT;0,3530
PA-1507300-0FC2A0D883464B96970B484D802955A8;PA;São Félix do Xingu;Área de Utilidade Pública;Analisado, aguardando regularização ambiental (Lei nº 12.651/2012);AT;4,2422
PA-1507300-1195567F422B431293E5DF2D0970D229;PA;São Félix do Xingu;Área de Utilidade Pública;Aguardando análise;AT;0,3597
PA-1507300-13C7EE4FB1DB4F8E8F9CA292C2DF7615;PA;São Félix do Xingu;Área de Utilidade Pública;Analisado, aguardando atendimento a notificação;PE;5,8131
PA-1507300-14FDE21D436540F09D2741508141C7BD;PA;São Félix do Xingu;Área de Utilidade Pública;Analisado, aguardando atendimento a notificação;PE;0,9673
PA-1507300-167C0925939C462CB880921BD3EE489F;PA;São Félix do Xingu;Área de Utilidade Pública;Analisado, aguardando regularização ambiental (Lei nº 12.651/2012);AT;1,6113
PA-1507300-16B14DB6AF5A4892B81946C060CDB27A;PA;São Félix do Xingu;Área de Utilidade Pública;Analisado, aguardando regularização ambiental (Lei nº 12.651/2012);AT;11,4015
PA-1507300-16D577C1E15E47B38D84DA8F3B46E174;PA;São Félix do Xingu;Área de Utilidade Pública;Analisado, aguardando regularização ambiental (Lei nº 12.651/2012);AT;3,7132
PA-1507300-18807CFFD25343C09540EA0AC630375B;PA;São Félix do Xingu;Área de Utilidade Pública;Analisado, aguardando regularização ambiental (Lei nº 12.651/2012);AT;3,1528
PA-1507300-1897C27923A44F25A0AA379B63E3B072;PA;São Félix do Xingu;Área de Utilidade Pública;Analisado, aguardando regularização ambiental (Lei nº 12.651/2012);AT;2,6024
PA-1507300-18CB54E5E39F44E5B458E12D5E1264C4;PA;São Félix do Xingu;Área de Utilidade Pública;Analisado, aguardando atendimento a notificação;AT;0,7864
PA-1507300-199A44A9241942B3905627D66B69277D;PA;São Félix do Xingu;Área de Utilidade Pública;Analisado, aguardando regularização ambiental (Lei nº 12.651/2012);AT;0,1512
PA-1507300-1A9F8254601349AE98A7FA50741C11A0;PA;São Félix do Xingu;Área de Utilidade Pública;Analisado, aguardando regularização ambiental (Lei nº 12.651/2012);AT;0,6746
PA-1507300-1D3034F5076E42609F6EEBAE50FC4264;PA;São Félix do Xingu;Área de Utilidade Pública;Aguardando análise;AT;1,2438
PA-1507300-1EEAF1B129B841CE885E40C05FE04CE5;PA;São Félix do Xingu;Área de Utilidade Pública;Analisado, aguardando regularização ambiental (Lei nº 12.651/2012);AT;4,1356
PA-1507300-2087A15B4A844E4AA2ACEA4B69FBFFE8;PA;São Félix do Xingu;Área de Utilidade Pública;Analisado, aguardando regularização ambiental (Lei nº 12.651/2012);AT;1,2125
PA-1507300-2335609C60FD493AA3547323E0A30F9A;PA;São Félix do Xingu;Área de Utilidade Pública;Aguardando análise;PE;1,1037
PA-1507300-2B17BF987A80411B8C14D866525B0A73;PA;São Félix do Xingu;Área de Utilidade Pública;Analisado, aguardando atendimento a notificação;PE;1,0068
PA-1507300-353B822F7C51426CAC94F935DEFE25EF;PA;São Félix do Xingu;Área de Utilidade Pública;Analisado, aguardando regularização ambiental (Lei nº 12.651/2012);AT;0,3412
PA-1507300-38A6C4DAF4DF43D8A00C7A93FB897B2E;PA;São Félix do Xingu;Área de Utilidade Pública;Aguardando análise;PE;2,1743
PA-1507300-38C471C9490441479747166B82AFAEB5;PA;São Félix do Xingu;Área de Utilidade Pública;Analisado, aguardando atendimento a notificação;PE;0,1535
PA-1507300-3C1B315B63B04D32B57FB83A26AE0BDA;PA;São Félix do Xingu;Área de Utilidade Pública;Analisado, aguardando atendimento a notificação;PE;0,3006
PA-1507300-3C38F4763EFD43F0BC6AF6C56E331BCB;PA;São Félix do Xingu;Área de Utilidade Pública;Analisado, aguardando atendimento a notificação;PE;3,1781
PA-1507300-3E1A5F2B333B4E25810A6852F10ADF0A;PA;São Félix do Xingu;Área de Utilidade Pública;Analisado, aguardando regularização ambiental (Lei nº 12.651/2012);AT;0,2197
PA-1507300-3EFC5176B0CB41FAB7343A471776BBE0;PA;São Félix do Xingu;Área de Utilidade Pública;Analisado, aguardando regularização ambiental (Lei nº 12.651/2012);AT;3,0649
PA-1507300-44701D320CF442BA890007EDEF9A139F;PA;São Félix do Xingu;Área de Utilidade Pública;Analisado, aguardando regularização ambiental (Lei nº 12.651/2012);AT;0,3341
PA-1507300-4542DCF9FD0D488CB9BDC000B471E8D9;PA;São Félix do Xingu;Área de Utilidade Pública;Analisado, aguardando regularização ambiental (Lei nº 12.651/2012);AT;1,7654
PA-1507300-47C56688D72441038AB5A14F77152D1C;PA;São Félix do Xingu;Área de Utilidade Pública;Analisado, aguardando regularização ambiental (Lei nº 12.651/2012);AT;2,8631
PA-1507300-4C911F40BBE54586857B4478CA5415FA;PA;São Félix do Xingu;Área de Utilidade Pública;Analisado, aguardando atendimento a notificação;PE;1,0159
PA-1507300-4D84719FE58F40CBA40F6AC7FBE62D3C;PA;São Félix do Xingu;Área de Utilidade Pública;Analisado, aguardando regularização ambiental (Lei nº 12.651/2012);AT;0,5067
PA-1507300-50D084AE606B406CA4D7637713BFF40C;PA;São Félix do Xingu;Área de Utilidade Pública;Analisado, aguardando atendimento a notificação;PE;0,1804
PA-1507300-5686174A62224010AD725CBD89DB9485;PA;São Félix do Xingu;Área de Utilidade Pública;Analisado, aguardando regularização ambiental (Lei nº 12.651/2012);AT;1,1332
PA-1507300-5B6440E24DDB458B9AE8C79E13B2E574;PA;São Félix do Xingu;Área de Utilidade Pública;Analisado, aguardando atendimento a notificação;PE;2,3594
PA-1507300-5B77CB86A82A4A389AA85FEE9859D90A;PA;São Félix do Xingu;Área de Utilidade Pública;Analisado, aguardando regularização ambiental (Lei nº 12.651/2012);PE;14,6569
PA-1507300-5D6081554C64400084E4E491445AE6B5;PA;São Félix do Xingu;Área de Utilidade Pública;Analisado, aguardando atendimento a notificação;PE;0,6711
PA-1507300-5DFD53341C1E4D429C5FC3829EA4A9B0;PA;São Félix do Xingu;Área de Utilidade Pública;Analisado, aguardando atendimento a notificação;PE;1,1485
PA-1507300-64009696124246A0B2EFABFCB6DF6D0B;PA;São Félix do Xingu;Área de Utilidade Pública;Analisado, aguardando atendimento a notificação;PE;1,6009
PA-1507300-661B5133754F496B945AD3C4703704F0;PA;São Félix do Xingu;Área de Utilidade Pública;Analisado, aguardando atendimento a notificação;PE;0,5799
PA-1507300-6A0CBCF3BD794620B05E73EB19D57A81;PA;São Félix do Xingu;Área de Utilidade Pública;Analisado, aguardando atendimento a notificação;PE;0,6417
PA-1507300-6E25740CA84245B584DAE6F7D3569CC8;PA;São Félix do Xingu;Área de Utilidade Pública;Analisado, aguardando atendimento a notificação;PE;0,9338
PA-1507300-6EB3ADA8828E4F26A9B54131E3A5A52A;PA;São Félix do Xingu;Área de Utilidade Pública;Analisado, aguardando atendimento a notificação;PE;0,0823
PA-1507300-6F85BE39A1364F57820AD790F08D307A;PA;São Félix do Xingu;Área de Utilidade Pública;Analisado, aguardando atendimento a notificação;PE;0,9732
PA-1507300-6FC3606E17874FFA920EEE941B572F33;PA;São Félix do Xingu;Área de Utilidade Pública;Analisado, aguardando atendimento a notificação;PE;4,4017
PA-1507300-74310DDAF34742EBA9152E8A81139E34;PA;São Félix do Xingu;Área de Utilidade Pública;Analisado, aguardando atendimento a notificação;PE;0,5980
PA-1507300-75B759C08FC749AAA2B14EDFB9020ACB;PA;São Félix do Xingu;Área de Utilidade Pública;Aguardando análise;AT;12,8594
PA-1507300-766B15423305412781A10A7BD010CE7D;PA;São Félix do Xingu;Área de Utilidade Pública;Analisado, aguardando atendimento a notificação;PE;5,6173
PA-1507300-7C17D708BECC4B169DACC9B57A6CF6C9;PA;São Félix do Xingu;Área de Utilidade Pública;Analisado, aguardando regularização ambiental (Lei nº 12.651/2012);AT;7,1446
PA-1507300-7C8AC2A81B5D48E3AAD49A95CF1D6499;PA;São Félix do Xingu;Área de Utilidade Pública;Analisado, aguardando regularização ambiental (Lei nº 12.651/2012);AT;1,3788
PA-1507300-7E99538113C846E1B5C2FEC7ED4E4DB0;PA;São Félix do Xingu;Área de Utilidade Pública;Analisado, aguardando atendimento a notificação;AT;1,3773
PA-1507300-7F8CA93F51FE4120B5FF1D5F31DE19B2;PA;São Félix do Xingu;Área de Utilidade Pública;Aguardando análise;SU;8,6736
PA-1507300-81044FB9C9AE454BB407BD04B53F87A2;PA;São Félix do Xingu;Área de Utilidade Pública;Analisado, aguardando atendimento a notificação;PE;1,2664
PA-1507300-8199BB519E744BA88399B076E40223E2;PA;São Félix do Xingu;Área de Utilidade Pública;Analisado, aguardando regularização ambiental (Lei nº 12.651/2012);AT;1,5024
PA-1507300-81E7E41A600B43698E075403CF853EFA;PA;São Félix do Xingu;Área de Utilidade Pública;Analisado, aguardando regularização ambiental (Lei nº 12.651/2012);AT;0,8098
PA-1507300-82DAEA8F64A24AE98DE343B5B3D1EDA5;PA;São Félix do Xingu;Área de Utilidade Pública;Analisado, aguardando atendimento a notificação;PE;0,1955
PA-1507300-8E7B5A0E29944BFD88F319091847EEA3;PA;São Félix do Xingu;Área de Utilidade Pública;Analisado, aguardando regularização ambiental (Lei nº 12.651/2012);AT;27,9375
PA-1507300-9112040B7799497390775A64E2366B05;PA;São Félix do Xingu;Área de Utilidade Pública;Analisado, aguardando atendimento a notificação;PE;0,2205
PA-1507300-91E356E3D0EF43FBA7DDC96FBC0FC352;PA;São Félix do Xingu;Área de Utilidade Pública;Analisado, aguardando atendimento a notificação;PE;2,5825
PA-1507300-958DDA846B0C4AE38138914DDEC8DE16;PA;São Félix do Xingu;Área de Utilidade Pública;Aguardando análise;AT;2,4661
PA-1507300-998E048BD07C49049C9FD0585DD1D0D2;PA;São Félix do Xingu;Área de Utilidade Pública;Aguardando análise;PE;3,6879
PA-1507300-9CF109037E4848E1B8EEF85B784ADD18;PA;São Félix do Xingu;Área de Utilidade Pública;Analisado, aguardando atendimento a notificação;PE;2,3722
PA-1507300-A26FA3249E084D02A28A671DAE15581A;PA;São Félix do Xingu;Área de Utilidade Pública;Analisado, aguardando regularização ambiental (Lei nº 12.651/2012);AT;0,7473
PA-1507300-A6B2C6DCCA97441091C1C7EB89BA2B55;PA;São Félix do Xingu;Área de Utilidade Pública;Analisado, aguardando regularização ambiental (Lei nº 12.651/2012);AT;4,6645
PA-1507300-A7DA4C5319114281A4CA03711A466023;PA;São Félix do Xingu;Área de Utilidade Pública;Analisado, aguardando atendimento a notificação;PE;0,4443
PA-1507300-AAD091FE6DFD4E01A7947CCAFB610D89;PA;São Félix do Xingu;Área de Utilidade Pública;Aguardando análise;PE;8,4744
PA-1507300-AB7DF106749B47D19E11090D135CA8B6;PA;São Félix do Xingu;Área de Utilidade Pública;Analisado, aguardando regularização ambiental (Lei nº 12.651/2012);AT;0,5769
PA-1507300-AC9A0EF888C54664AD72E7FCBEDA7774;PA;São Félix do Xingu;Área de Utilidade Pública;Analisado, aguardando regularização ambiental (Lei nº 12.651/2012);AT;5,6250
PA-1507300-AD3D62E35F604C5A918B7BB865A6CC37;PA;São Félix do Xingu;Área de Utilidade Pública;Analisado, aguardando atendimento a notificação;PE;0,7988
PA-1507300-AF6F08688C3447A081DFB0E654B0005D;PA;São Félix do Xingu;Área de Utilidade Pública;Analisado, aguardando atendimento a notificação;PE;0,2326
PA-1507300-AFC86A5A6D65448F8E0902CEEC061BA7;PA;São Félix do Xingu;Área de Utilidade Pública;Analisado, aguardando regularização ambiental (Lei nº 12.651/2012);AT;5,9894
PA-1507300-B28A2382C24942AD9BAFD7046A87BFA8;PA;São Félix do Xingu;Área de Utilidade Pública;Analisado, aguardando regularização ambiental (Lei nº 12.651/2012);AT;15,9330
PA-1507300-B5E15CEB923146A9922E3B7A66D15944;PA;São Félix do Xingu;Área de Utilidade Pública;Aguardando análise;PE;1,3535
PA-1507300-B6722EEAFE0A49C0B7891295B5EA2ECC;PA;São Félix do Xingu;Área de Utilidade Pública;Analisado, aguardando atendimento a notificação;PE;0,4871
PA-1507300-B84A24F0FBD443F08C1795DC5EF7CAC6;PA;São Félix do Xingu;Área de Utilidade Pública;Analisado, aguardando atendimento a notificação;PE;0,6762
PA-1507300-B92F7B3AAA154DB58E59326C5021CC7F;PA;São Félix do Xingu;Área de Utilidade Pública;Analisado, aguardando regularização ambiental (Lei nº 12.651/2012);AT;3,1587
PA-1507300-B9862547AE6C471481C79D8EA00FAD04;PA;São Félix do Xingu;Área de Utilidade Pública;Analisado, aguardando regularização ambiental (Lei nº 12.651/2012);AT;0,1623
PA-1507300-BBD8793524B74AB1AB55FECA373DD03A;PA;São Félix do Xingu;Área de Utilidade Pública;Aguardando análise;PE;3,7206
PA-1507300-BD0E030D7774449681A6739C79177EE6;PA;São Félix do Xingu;Área de Utilidade Pública;Analisado, aguardando regularização ambiental (Lei nº 12.651/2012);AT;0,4832
PA-1507300-BDB0672E82C54ECABD6A9776B7F32827;PA;São Félix do Xingu;Área de Utilidade Pública;Analisado, aguardando regularização ambiental (Lei nº 12.651/2012);AT;0,1302
PA-1507300-BDD043E71DFC409294ACAAE5F842DF58;PA;São Félix do Xingu;Área de Utilidade Pública;Analisado sem pendências;AT;0,0795
PA-1507300-BE440E10607E4EE99E2B87E4E181A055;PA;São Félix do Xingu;Área de Utilidade Pública;Analisado, aguardando atendimento a notificação;PE;1,6688
PA-1507300-BEAB0CF68D28492B9A880800C77AAC4E;PA;São Félix do Xingu;Área de Utilidade Pública;Analisado, aguardando regularização ambiental (Lei nº 12.651/2012);PE;0,2049
PA-1507300-BFBDC66B2DBD4EFB83B8C417622E36F7;PA;São Félix do Xingu;Área de Utilidade Pública;Analisado, aguardando atendimento a notificação;PE;0,9056
PA-1507300-C0D38F9834FE48FC8E09EE382E59EA44;PA;São Félix do Xingu;Área de Utilidade Pública;Analisado, aguardando atendimento a notificação;PE;0,7786
PA-1507300-C60EFA4DC571497B8FE3F0691614980F;PA;São Félix do Xingu;Área de Utilidade Pública;Analisado, aguardando atendimento a notificação;AT;1,0855
PA-1507300-C6D3405505A14262928D2CE42EDAFC79;PA;São Félix do Xingu;Área de Utilidade Pública;Analisado, aguardando atendimento a notificação;SU;8,5121
PA-1507300-C8CA216AEBC94126BEF1B2C6096C1BAD;PA;São Félix do Xingu;Área de Utilidade Pública;Analisado, aguardando regularização ambiental (Lei nº 12.651/2012);AT;0,8061
PA-1507300-C93419E98AE040CD91D2C78348CF0529;PA;São Félix do Xingu;Área de Utilidade Pública;Analisado, aguardando regularização ambiental (Lei nº 12.651/2012);AT;0,2334
PA-1507300-C9EE4384C8914BA69BD624A395ACAFF5;PA;São Félix do Xingu;Área de Utilidade Pública;Analisado, aguardando atendimento a notificação;SU;0,2981
PA-1507300-CC535FF7656A401FB575A3E0DEACDA1A;PA;São Félix do Xingu;Área de Utilidade Pública;Analisado, aguardando regularização ambiental (Lei nº 12.651/2012);AT;1,8570
PA-1507300-CF5DAE245F1146F2B3A4D0514AD37E82;PA;São Félix do Xingu;Área de Utilidade Pública;Analisado, aguardando atendimento a notificação;PE;1,3394
PA-1507300-CFB35BCE528A4FA49DCFC07CCCE677D1;PA;São Félix do Xingu;Área de Utilidade Pública;Analisado, aguardando atendimento a notificação;PE;0,0557
PA-1507300-D0FE7C73606549849D1A1AD071F5CDA1;PA;São Félix do Xingu;Área de Utilidade Pública;Aguardando análise;AT;21,4843
PA-1507300-D25EBFE3A6FF4A5985BB64175DFDE5E2;PA;São Félix do Xingu;Área de Utilidade Pública;Aguardando análise;PE;1,3756
PA-1507300-D42A1BDCF466499F80DE4C13E74547AE;PA;São Félix do Xingu;Área de Utilidade Pública;Aguardando análise;PE;0,6321
PA-1507300-D6F21947F61E4391A13D4AD9840A75C2;PA;São Félix do Xingu;Área de Utilidade Pública;Analisado sem pendências;AT;0,9185
PA-1507300-D72BD811220D43188EDB26B2BBE196CB;PA;São Félix do Xingu;Área de Utilidade Pública;Analisado, aguardando atendimento a notificação;PE;1,8999
PA-1507300-DB3F565FA9B44146A453FC23CAB3D0BA;PA;São Félix do Xingu;Área de Utilidade Pública;Aguardando análise;AT;16,8437
PA-1507300-DDF1D82EB4FC4025B70D91E21A907126;PA;São Félix do Xingu;Área de Utilidade Pública;Analisado, aguardando atendimento a notificação;PE;1,9405
PA-1507300-E008D62AA6014DA0810D35223B128121;PA;São Félix do Xingu;Área de Utilidade Pública;Aguardando análise;PE;5,4347
PA-1507300-E2D20608F09C46A3BD1C33489B0B9429;PA;São Félix do Xingu;Área de Utilidade Pública;Analisado, aguardando regularização ambiental (Lei nº 12.651/2012);AT;34,1816
PA-1507300-E49304925C4E4DC19ABA612F206C1FA9;PA;São Félix do Xingu;Área de Utilidade Pública;Analisado, aguardando atendimento a notificação;PE;1,9935
PA-1507300-EA0D77BAD3A94EC389E03961564E15CF;PA;São Félix do Xingu;Área de Utilidade Pública;Analisado, aguardando atendimento a notificação;PE;2,2501
PA-1507300-EA0E7FD7EC0844E6B4C26E2E501DA467;PA;São Félix do Xingu;Área de Utilidade Pública;Aguardando análise;AT;14,4178
PA-1507300-EB7B84A875E0421FB1C7A477968379FE;PA;São Félix do Xingu;Área de Utilidade Pública;Analisado, aguardando regularização ambiental (Lei nº 12.651/2012);AT;5,7502
PA-1507300-F0FCCB15EAE64057AD7E563B22DDDDD1;PA;São Félix do Xingu;Área de Utilidade Pública;Analisado, aguardando regularização ambiental (Lei nº 12.651/2012);AT;0,6773
PA-1507300-F1664386F1D6460B9FF009C73C3F9BC6;PA;São Félix do Xingu;Área de Utilidade Pública;Analisado, aguardando regularização ambiental (Lei nº 12.651/2012);AT;2,2497
PA-1507300-F293CD17B5FE4D4682CB436FF5B136D0;PA;São Félix do Xingu;Área de Utilidade Pública;Analisado, aguardando regularização ambiental (Lei nº 12.651/2012);PE;82,0386
PA-1507300-F3E0F88DD06D48A9BF14B1C00AD4F25F;PA;São Félix do Xingu;Área de Utilidade Pública;Em análise;PE;0,9419
PA-1507300-F4C4B302DF45433BB82338B4994DAD71;PA;São Félix do Xingu;Área de Utilidade Pública;Analisado, aguardando regularização ambiental (Lei nº 12.651/2012);AT;0,1545
PA-1507300-F5E642FF5733402C8872B136C3FF76BC;PA;São Félix do Xingu;Área de Utilidade Pública;Analisado, aguardando regularização ambiental (Lei nº 12.651/2012);AT;0,5336
PA-1507300-F880C5B700AF4BF8B6C3E9ADF08C0367;PA;São Félix do Xingu;Área de Utilidade Pública;Analisado, aguardando regularização ambiental (Lei nº 12.651/2012);AT;0,2245
PA-1507300-031A69F97EF742838BA6C4BDBECD7DF0;PA;São Félix do Xingu;Área de Servidão Administrativa Total;Analisado, aguardando atendimento a notificação;PE;2,4090
PA-1507300-033B00AAF034497C9F8DA332DDB951A6;PA;São Félix do Xingu;Área de Servidão Administrativa Total;Analisado, aguardando atendimento a notificação;PE;0,5841
PA-1507300-041F9BA4CD1A40AEB92A522DE8FEF374;PA;São Félix do Xingu;Área de Servidão Administrativa Total;Analisado, aguardando atendimento a notificação;PE;0,4847
PA-1507300-047DD6127E8B4D7CB71B9CABA7323433;PA;São Félix do Xingu;Área de Servidão Administrativa Total;Analisado, aguardando regularização ambiental (Lei nº 12.651/2012);PE;11,5609
PA-1507300-07421CB7F6594B8C902AF344815A8F02;PA;São Félix do Xingu;Área de Servidão Administrativa Total;Analisado, aguardando atendimento a notificação;PE;0,2638
PA-1507300-075B017C06D345E59E8CF56175701F98;PA;São Félix do Xingu;Área de Servidão Administrativa Total;Aguardando análise;PE;3,6582
PA-1507300-07D6491CEB9440DB9D02D9B39D4707C9;PA;São Félix do Xingu;Área de Servidão Administrativa Total;Analisado, aguardando regularização ambiental (Lei nº 12.651/2012);AT;0,7244
PA-1507300-081639A7D0C6450C87D1DADADB0E7B55;PA;São Félix do Xingu;Área de Servidão Administrativa Total;Analisado, aguardando atendimento a notificação;PE;1,8683
PA-1507300-082522F6565B4C05A11571E5DBDE27D8;PA;São Félix do Xingu;Área de Servidão Administrativa Total;Analisado, aguardando regularização ambiental (Lei nº 12.651/2012);AT;1,9919
PA-1507300-0B35A314855A4E4DB73F22DC47895143;PA;São Félix do Xingu;Área de Servidão Administrativa Total;Analisado, aguardando regularização ambiental (Lei nº 12.651/2012);AT;0,3530
PA-1507300-0CB053298976468D8D01849F5A9E1165;PA;São Félix do Xingu;Área de Servidão Administrativa Total;Analisado, aguardando regularização ambiental (Lei nº 12.651/2012);AT;1,5285
PA-1507300-0D1D810FE8FD477D9414821688D571B3;PA;São Félix do Xingu;Área de Servidão Administrativa Total;Analisado, aguardando atendimento a notificação;PE;0,0391
PA-1507300-0D65C9C7D19444E0B36EF0D68A834AD4;PA;São Félix do Xingu;Área de Servidão Administrativa Total;Analisado, aguardando atendimento a notificação;PE;0,1961
PA-1507300-0FC2A0D883464B96970B484D802955A8;PA;São Félix do Xingu;Área de Servidão Administrativa Total;Analisado, aguardando regularização ambiental (Lei nº 12.651/2012);AT;4,2422
PA-1507300-103FD03D48A74FAD9768E86B8DE15DC6;PA;São Félix do Xingu;Área de Servidão Administrativa Total;Analisado sem pendências;AT;0,0775
PA-1507300-105290A8FEC54D868EBA3E6195636220;PA;São Félix do Xingu;Área de Servidão Administrativa Total;Analisado, aguardando atendimento a notificação;AT;1,1796
PA-1507300-105A749832A943879F48CFADA1167A57;PA;São Félix do Xingu;Área de Servidão Administrativa Total;Analisado, aguardando atendimento a notificação;PE;1,0798
PA-1507300-1195567F422B431293E5DF2D0970D229;PA;São Félix do Xingu;Área de Servidão Administrativa Total;Aguardando análise;AT;0,3597
PA-1507300-1312EE226EEF4C51917815512673F18F;PA;São Félix do Xingu;Área de Servidão Administrativa Total;Aguardando análise;PE;3,1149
PA-1507300-13C7EE4FB1DB4F8E8F9CA292C2DF7615;PA;São Félix do Xingu;Área de Servidão Administrativa Total;Analisado, aguardando atendimento a notificação;PE;5,8131
PA-1507300-13CD3C79E78D4832BC7588151F8450E7;PA;São Félix do Xingu;Área de Servidão Administrativa Total;Analisado, aguardando regularização ambiental (Lei nº 12.651/2012);AT;0,3323
PA-1507300-143CABC9623943C2A830C43BEB087DE3;PA;São Félix do Xingu;Área de Servidão Administrativa Total;Analisado, aguardando regularização ambiental (Lei nº 12.651/2012);AT;0,0162
PA-1507300-14571306C4FF4BD2B5F2F4092BF9F884;PA;São Félix do Xingu;Área de Servidão Administrativa Total;Analisado, aguardando atendimento a notificação;PE;2,6655
PA-1507300-1465AC64F8BB4CE1B5D60AB73F7C0752;PA;São Félix do Xingu;Área de Servidão Administrativa Total;Analisado, aguardando atendimento a notificação;PE;0,0786
PA-1507300-14A04C0B89404E0296156539C6FBA45E;PA;São Félix do Xingu;Área de Servidão Administrativa Total;Analisado, aguardando atendimento a notificação;PE;0,5403
PA-1507300-14FDE21D436540F09D2741508141C7BD;PA;São Félix do Xingu;Área de Servidão Administrativa Total;Analisado, aguardando atendimento a notificação;PE;0,9673
PA-1507300-15699D8728914DAFA6FBF3767DAAA4D8;PA;São Félix do Xingu;Área de Servidão Administrativa Total;Aguardando análise;PE;0,2410
PA-1507300-15B386B9E9B646DA8FE7071C0A381739;PA;São Félix do Xingu;Área de Servidão Administrativa Total;Analisado, aguardando atendimento a notificação;PE;1,2679
PA-1507300-167C0925939C462CB880921BD3EE489F;PA;São Félix do Xingu;Área de Servidão Administrativa Total;Analisado, aguardando regularização ambiental (Lei nº 12.651/2012);AT;1,6113
PA-1507300-16B14DB6AF5A4892B81946C060CDB27A;PA;São Félix do Xingu;Área de Servidão Administrativa Total;Analisado, aguardando regularização ambiental (Lei nº 12.651/2012);AT;11,4015
PA-1507300-16D577C1E15E47B38D84DA8F3B46E174;PA;São Félix do Xingu;Área de Servidão Administrativa Total;Analisado, aguardando regularização ambiental (Lei nº 12.651/2012);AT;3,7132
PA-1507300-18807CFFD25343C09540EA0AC630375B;PA;São Félix do Xingu;Área de Servidão Administrativa Total;Analisado, aguardando regularização ambiental (Lei nº 12.651/2012);AT;3,1528
PA-1507300-1897C27923A44F25A0AA379B63E3B072;PA;São Félix do Xingu;Área de Servidão Administrativa Total;Analisado, aguardando regularização ambiental (Lei nº 12.651/2012);AT;2,6024
PA-1507300-18CB54E5E39F44E5B458E12D5E1264C4;PA;São Félix do Xingu;Área de Servidão Administrativa Total;Analisado, aguardando atendimento a notificação;AT;0,7864
PA-1507300-199A44A9241942B3905627D66B69277D;PA;São Félix do Xingu;Área de Servidão Administrativa Total;Analisado, aguardando regularização ambiental (Lei nº 12.651/2012);AT;0,1512
PA-1507300-1A9F8254601349AE98A7FA50741C11A0;PA;São Félix do Xingu;Área de Servidão Administrativa Total;Analisado, aguardando regularização ambiental (Lei nº 12.651/2012);AT;0,6746
PA-1507300-1B5F77EB3F97431E9E613B4532A2F676;PA;São Félix do Xingu;Área de Servidão Administrativa Total;Analisado, aguardando atendimento a notificação;PE;19,1218
PA-1507300-1CB175DA99144960882DCF1BDBB8D369;PA;São Félix do Xingu;Área de Servidão Administrativa Total;Aguardando análise;PE;0,4347
PA-1507300-1D3034F5076E42609F6EEBAE50FC4264;PA;São Félix do Xingu;Área de Servidão Administrativa Total;Aguardando análise;AT;1,2438
PA-1507300-1DFA45AAC72549C7B602113369D39724;PA;São Félix do Xingu;Área de Servidão Administrativa Total;Analisado, aguardando atendimento a notificação;PE;0,7480
PA-1507300-1EEAF1B129B841CE885E40C05FE04CE5;PA;São Félix do Xingu;Área de Servidão Administrativa Total;Analisado, aguardando regularização ambiental (Lei nº 12.651/2012);AT;4,1356
PA-1507300-1F5FE5247FDE4D7C848FBB7525E73E93;PA;São Félix do Xingu;Área de Servidão Administrativa Total;Analisado, aguardando atendimento a notificação;PE;0,3661
PA-1507300-1FBE522B47C24A67A50B4B30268CA8C5;PA;São Félix do Xingu;Área de Servidão Administrativa Total;Analisado, aguardando atendimento a notificação;PE;1,6186
PA-1507300-2087A15B4A844E4AA2ACEA4B69FBFFE8;PA;São Félix do Xingu;Área de Servidão Administrativa Total;Analisado, aguardando regularização ambiental (Lei nº 12.651/2012);AT;1,2125
PA-1507300-211A343C58E34E9DAEBC8A4481E0036C;PA;São Félix do Xingu;Área de Servidão Administrativa Total;Analisado, aguardando atendimento a notificação;PE;4,2279
PA-1507300-220FB8D9BFDD4AABAF0FB241A2D76182;PA;São Félix do Xingu;Área de Servidão Administrativa Total;Aguardando análise;PE;0,6836
PA-1507300-22F994A529224A1984121BA5D96F4C0A;PA;São Félix do Xingu;Área de Servidão Administrativa Total;Aguardando análise;AT;0,8271
PA-1507300-2335609C60FD493AA3547323E0A30F9A;PA;São Félix do Xingu;Área de Servidão Administrativa Total;Aguardando análise;PE;1,1037
PA-1507300-2457F512A900468A84EEB16194CBF072;PA;São Félix do Xingu;Área de Servidão Administrativa Total;Analisado, aguardando atendimento a notificação;PE;10,2675
PA-1507300-25E58D47135B49A290941409A1D4BE27;PA;São Félix do Xingu;Área de Servidão Administrativa Total;Analisado, aguardando atendimento a notificação;PE;0,3454
PA-1507300-266AAE039F264E53A61888EF8F8842DD;PA;São Félix do Xingu;Área de Servidão Administrativa Total;Aguardando análise;PE;2,7464
PA-1507300-266D4DD957C24B6C8EB9C48E987902F0;PA;São Félix do Xingu;Área de Servidão Administrativa Total;Analisado, aguardando atendimento a notificação;PE;0,7970
PA-1507300-26AEB6159EE947FC8554BD739A4756BD;PA;São Félix do Xingu;Área de Servidão Administrativa Total;Analisado, aguardando atendimento a notificação;PE;0,8971
PA-1507300-287046F76DB04625AE89C53E0ABB948F;PA;São Félix do Xingu;Área de Servidão Administrativa Total;Analisado, aguardando atendimento a notificação;PE;0,9274
PA-1507300-28A9035AB0314EEFBE0DCCFE31BFF596;PA;São Félix do Xingu;Área de Servidão Administrativa Total;Analisado, aguardando atendimento a notificação;PE;0,1398
PA-1507300-2A73C6F81F274B0992C1853F7C2015C5;PA;São Félix do Xingu;Área de Servidão Administrativa Total;Analisado, aguardando atendimento a notificação;PE;0,2175
PA-1507300-2B0B19D99DCE4673B08350B63412493C;PA;São Félix do Xingu;Área de Servidão Administrativa Total;Analisado, aguardando regularização ambiental (Lei nº 12.651/2012);AT;0,2526
PA-1507300-2B17BF987A80411B8C14D866525B0A73;PA;São Félix do Xingu;Área de Servidão Administrativa Total;Analisado, aguardando atendimento a notificação;PE;1,0068
PA-1507300-2BE22788F50D4E4E940C53B1B1C2BCED;PA;São Félix do Xingu;Área de Servidão Administrativa Total;Aguardando análise;PE;0,4428
PA-1507300-2D7E8F44F73541EE99C3EE172FE4E387;PA;São Félix do Xingu;Área de Servidão Administrativa Total;Analisado, aguardando regularização ambiental (Lei nº 12.651/2012);PE;11,1499
PA-1507300-2E384F0DD9D541848764EE8FE9AD3D31;PA;São Félix do Xingu;Área de Servidão Administrativa Total;Aguardando análise;AT;0,2081
PA-1507300-3039379CF7964259960339B2B7B9AF3E;PA;São Félix do Xingu;Área de Servidão Administrativa Total;Analisado, aguardando atendimento a notificação;PE;0,2626
PA-1507300-3245306437A646D3A33D0B12D3912192;PA;São Félix do Xingu;Área de Servidão Administrativa Total;Analisado, aguardando atendimento a notificação;AT;0,2180
PA-1507300-325454A7A05344B8B2B2ADF817267D42;PA;São Félix do Xingu;Área de Servidão Administrativa Total;Analisado, aguardando atendimento a notificação;PE;0,0194
PA-1507300-32E4219A2D2C4B908257ACAAA43CA093;PA;São Félix do Xingu;Área de Servidão Administrativa Total;Analisado, aguardando atendimento a notificação;PE;1,1425
PA-1507300-339C342FC8DD48D9AB5A7D3D9F91C3C1;PA;São Félix do Xingu;Área de Servidão Administrativa Total;Analisado, aguardando regularização ambiental (Lei nº 12.651/2012);AT;9,4821
PA-1507300-353B822F7C51426CAC94F935DEFE25EF;PA;São Félix do Xingu;Área de Servidão Administrativa Total;Analisado, aguardando regularização ambiental (Lei nº 12.651/2012);AT;0,3412
PA-1507300-36186C3B4A8142C99B5065E5AFE0AA58;PA;São Félix do Xingu;Área de Servidão Administrativa Total;Analisado, aguardando regularização ambiental (Lei nº 12.651/2012);AT;1,9969
PA-1507300-3628184F151D45FBAA3EC0B4040162E2;PA;São Félix do Xingu;Área de Servidão Administrativa Total;Analisado, aguardando regularização ambiental (Lei nº 12.651/2012);AT;0,0683
PA-1507300-3844FBC5477D457B95136EA57458BC36;PA;São Félix do Xingu;Área de Servidão Administrativa Total;Analisado, aguardando regularização ambiental (Lei nº 12.651/2012);AT;0,2617
PA-1507300-38A6C4DAF4DF43D8A00C7A93FB897B2E;PA;São Félix do Xingu;Área de Servidão Administrativa Total;Aguardando análise;PE;2,1743
PA-1507300-38C471C9490441479747166B82AFAEB5;PA;São Félix do Xingu;Área de Servidão Administrativa Total;Analisado, aguardando atendimento a notificação;PE;0,1535
PA-1507300-38E61B19E9B34F4FA5679527CB12385D;PA;São Félix do Xingu;Área de Servidão Administrativa Total;Analisado, aguardando atendimento a notificação;PE;1,2424
PA-1507300-38F97116972F4C5B8E0DE4E815772F73;PA;São Félix do Xingu;Área de Servidão Administrativa Total;Analisado, aguardando atendimento a notificação;PE;0,1410
PA-1507300-393B1E42DE244C9F92855BCD62F1C781;PA;São Félix do Xingu;Área de Servidão Administrativa Total;Analisado, aguardando regularização ambiental (Lei nº 12.651/2012);AT;1,1096
PA-1507300-3B8F163DA0114974BB2EF084EA237D1C;PA;São Félix do Xingu;Área de Servidão Administrativa Total;Aguardando análise;SU;11,0151
PA-1507300-3C1B315B63B04D32B57FB83A26AE0BDA;PA;São Félix do Xingu;Área de Servidão Administrativa Total;Analisado, aguardando atendimento a notificação;PE;0,3006
PA-1507300-3C38F4763EFD43F0BC6AF6C56E331BCB;PA;São Félix do Xingu;Área de Servidão Administrativa Total;Analisado, aguardando atendimento a notificação;PE;3,1781
PA-1507300-3C4393B8718C461FB53718BC671C83C3;PA;São Félix do Xingu;Área de Servidão Administrativa Total;Analisado, aguardando atendimento a notificação;PE;0,1264
PA-1507300-3D73AD07843C45678C703DE09A857EDA;PA;São Félix do Xingu;Área de Servidão Administrativa Total;Analisado, aguardando atendimento a notificação;AT;2,0068
PA-1507300-3DB33C1FBD684E4DBD5CAE4085553978;PA;São Félix do Xingu;Área de Servidão Administrativa Total;Analisado, aguardando regularização ambiental (Lei nº 12.651/2012);AT;1,1166
PA-1507300-3E1A5F2B333B4E25810A6852F10ADF0A;PA;São Félix do Xingu;Área de Servidão Administrativa Total;Analisado, aguardando regularização ambiental (Lei nº 12.651/2012);AT;0,2197
PA-1507300-3EFC5176B0CB41FAB7343A471776BBE0;PA;São Félix do Xingu;Área de Servidão Administrativa Total;Analisado, aguardando regularização ambiental (Lei nº 12.651/2012);AT;3,0649
PA-1507300-40F6A10298F54DDC8D6044A3A47EE695;PA;São Félix do Xingu;Área de Servidão Administrativa Total;Analisado sem pendências;AT;0,1461
PA-1507300-44701D320CF442BA890007EDEF9A139F;PA;São Félix do Xingu;Área de Servidão Administrativa Total;Analisado, aguardando regularização ambiental (Lei nº 12.651/2012);AT;0,3341
PA-1507300-4542DCF9FD0D488CB9BDC000B471E8D9;PA;São Félix do Xingu;Área de Servidão Administrativa Total;Analisado, aguardando regularização ambiental (Lei nº 12.651/2012);AT;1,7654
PA-1507300-460C4A283E6547FDAFE420F185DEF87D;PA;São Félix do Xingu;Área de Servidão Administrativa Total;Analisado, aguardando regularização ambiental (Lei nº 12.651/2012);AT;0,3017
PA-1507300-46C44F3E73CF48068607DEB82E8CC01A;PA;São Félix do Xingu;Área de Servidão Administrativa Total;Aguardando análise;PE;22,1376
PA-1507300-46FD9D167BD640E8A7A1BF3848FC920E;PA;São Félix do Xingu;Área de Servidão Administrativa Total;Analisado, aguardando regularização ambiental (Lei nº 12.651/2012);AT;3,3008
PA-1507300-47C56688D72441038AB5A14F77152D1C;PA;São Félix do Xingu;Área de Servidão Administrativa Total;Analisado, aguardando regularização ambiental (Lei nº 12.651/2012);AT;2,8631
PA-1507300-49A41C5A90D24788A149070525D5AB51;PA;São Félix do Xingu;Área de Servidão Administrativa Total;Analisado, aguardando atendimento a notificação;SU;0,4074
PA-1507300-4A523536E7284DC1836EA1A3C1D02A2D;PA;São Félix do Xingu;Área de Servidão Administrativa Total;Analisado, aguardando atendimento a notificação;PE;0,6045
PA-1507300-4AD6A673864D4437952CE1BF22830EF7;PA;São Félix do Xingu;Área de Servidão Administrativa Total;Analisado, aguardando regularização ambiental (Lei nº 12.651/2012);AT;5,1081
PA-1507300-4B7444AA60B041DDB385E6294104AC50;PA;São Félix do Xingu;Área de Servidão Administrativa Total;Analisado, aguardando atendimento a notificação;PE;1,0374
PA-1507300-4C911F40BBE54586857B4478CA5415FA;PA;São Félix do Xingu;Área de Servidão Administrativa Total;Analisado, aguardando atendimento a notificação;PE;1,0159
PA-1507300-4D84719FE58F40CBA40F6AC7FBE62D3C;PA;São Félix do Xingu;Área de Servidão Administrativa Total;Analisado, aguardando regularização ambiental (Lei nº 12.651/2012);AT;0,5067
PA-1507300-4E389B27FDE847A0996286AB8840E2DF;PA;São Félix do Xingu;Área de Servidão Administrativa Total;Analisado sem pendências;AT;0,1454
PA-1507300-4FCD20734E83461D810C94DC5D0797BB;PA;São Félix do Xingu;Área de Servidão Administrativa Total;Analisado, aguardando regularização ambiental (Lei nº 12.651/2012);AT;4,1211
PA-1507300-50D084AE606B406CA4D7637713BFF40C;PA;São Félix do Xingu;Área de Servidão Administrativa Total;Analisado, aguardando atendimento a notificação;PE;0,1804
PA-1507300-51620307993A40908A1DBD5269023F45;PA;São Félix do Xingu;Área de Servidão Administrativa Total;Analisado, aguardando regularização ambiental (Lei nº 12.651/2012);AT;0,6118
PA-1507300-54804C661BF443F9897F00E9AC3A8877;PA;São Félix do Xingu;Área de Servidão Administrativa Total;Aguardando análise;PE;25,0122
PA-1507300-5686174A62224010AD725CBD89DB9485;PA;São Félix do Xingu;Área de Servidão Administrativa Total;Analisado, aguardando regularização ambiental (Lei nº 12.651/2012);AT;1,1332
PA-1507300-56A35276E41F43809DBFFE9E90C3DB19;PA;São Félix do Xingu;Área de Servidão Administrativa Total;Analisado, aguardando regularização ambiental (Lei nº 12.651/2012);PE;4,1639
PA-1507300-57EBC81F051E41ABBE27A5FB6EFD4BB4;PA;São Félix do Xingu;Área de Servidão Administrativa Total;Analisado, aguardando atendimento a notificação;PE;0,0881
PA-1507300-59FBC50D8B58452AB920AE5668F2D666;PA;São Félix do Xingu;Área de Servidão Administrativa Total;Analisado, aguardando atendimento a notificação;SU;3,8301
PA-1507300-5AC23098D46E4512975814108BE761F3;PA;São Félix do Xingu;Área de Servidão Administrativa Total;Analisado sem pendências;AT;0,0785
PA-1507300-5B5CE08058CC406E9E5FB36BAA177535;PA;São Félix do Xingu;Área de Servidão Administrativa Total;Analisado, aguardando regularização ambiental (Lei nº 12.651/2012);AT;0,2855
PA-1507300-5B6440E24DDB458B9AE8C79E13B2E574;PA;São Félix do Xingu;Área de Servidão Administrativa Total;Analisado, aguardando atendimento a notificação;PE;2,3594
PA-1507300-5B77CB86A82A4A389AA85FEE9859D90A;PA;São Félix do Xingu;Área de Servidão Administrativa Total;Analisado, aguardando regularização ambiental (Lei nº 12.651/2012);PE;14,6569
PA-1507300-5B8161B88647402987CA65F0072EAD14;PA;São Félix do Xingu;Área de Servidão Administrativa Total;Analisado, aguardando regularização ambiental (Lei nº 12.651/2012);AT;2,2082
PA-1507300-5D57A6B2D1084927817282AB1D3B82AA;PA;São Félix do Xingu;Área de Servidão Administrativa Total;Analisado, aguardando regularização ambiental (Lei nº 12.651/2012);AT;0,1096
PA-1507300-5D6081554C64400084E4E491445AE6B5;PA;São Félix do Xingu;Área de Servidão Administrativa Total;Analisado, aguardando atendimento a notificação;PE;0,6711
PA-1507300-5DFD53341C1E4D429C5FC3829EA4A9B0;PA;São Félix do Xingu;Área de Servidão Administrativa Total;Analisado, aguardando atendimento a notificação;PE;1,1485
PA-1507300-60B6AC2C30E34F499E00B1FE625F3F4E;PA;São Félix do Xingu;Área de Servidão Administrativa Total;Analisado, aguardando regularização ambiental (Lei nº 12.651/2012);AT;0,0810
PA-1507300-63ADBD663D2F4CBA94143A15E8C1AAA5;PA;São Félix do Xingu;Área de Servidão Administrativa Total;Analisado, aguardando atendimento a notificação;PE;0,7635
PA-1507300-64009696124246A0B2EFABFCB6DF6D0B;PA;São Félix do Xingu;Área de Servidão Administrativa Total;Analisado, aguardando atendimento a notificação;PE;1,6009
PA-1507300-656200940148490C9535414796659755;PA;São Félix do Xingu;Área de Servidão Administrativa Total;Analisado, aguardando atendimento a notificação;PE;0,9897
PA-1507300-661B5133754F496B945AD3C4703704F0;PA;São Félix do Xingu;Área de Servidão Administrativa Total;Analisado, aguardando atendimento a notificação;PE;0,5799
PA-1507300-66832BC6B04147C8AF457345CD3195FC;PA;São Félix do Xingu;Área de Servidão Administrativa Total;Analisado, aguardando atendimento a notificação;PE;0,6377
PA-1507300-66FA1A714F324A6AB0FC3DAFF34CBC85;PA;São Félix do Xingu;Área de Servidão Administrativa Total;Analisado, aguardando regularização ambiental (Lei nº 12.651/2012);AT;31,6117
PA-1507300-67EB525B828E47CBB84AE94B9B4F53C8;PA;São Félix do Xingu;Área de Servidão Administrativa Total;Analisado sem pendências;AT;0,1538
PA-1507300-680DA429C9B9467EB6E12A35E9387737;PA;São Félix do Xingu;Área de Servidão Administrativa Total;Analisado, aguardando atendimento a notificação;PE;1,0090
PA-1507300-682D030E4FC2435B840AA1ACCBBFF5C3;PA;São Félix do Xingu;Área de Servidão Administrativa Total;Analisado sem pendências;AT;0,1485
PA-1507300-686B0A23BD7243F583D1BF8044298095;PA;São Félix do Xingu;Área de Servidão Administrativa Total;Aguardando análise;PE;2,1111
PA-1507300-695C806B0CA640AD93494D94EF483DAC;PA;São Félix do Xingu;Área de Servidão Administrativa Total;Analisado, aguardando atendimento a notificação;PE;0,0549
PA-1507300-697400AFAFF340F2AC860FE25EC536DE;PA;São Félix do Xingu;Área de Servidão Administrativa Total;Analisado, aguardando regularização ambiental (Lei nº 12.651/2012);AT;0,1764
PA-1507300-6A0CBCF3BD794620B05E73EB19D57A81;PA;São Félix do Xingu;Área de Servidão Administrativa Total;Analisado, aguardando atendimento a notificação;PE;0,6417
PA-1507300-6AB34D6878E341C1B8852E0BB19F36A7;PA;São Félix do Xingu;Área de Servidão Administrativa Total;Analisado, aguardando atendimento a notificação;PE;4,4082
PA-1507300-6C69172497D8458CA4D3C47CD28F93E2;PA;São Félix do Xingu;Área de Servidão Administrativa Total;Analisado, aguardando regularização ambiental (Lei nº 12.651/2012);AT;3,7599
PA-1507300-6C7EC59AE8FA4DBA8177CD05A86C6CA7;PA;São Félix do Xingu;Área de Servidão Administrativa Total;Analisado, aguardando atendimento a notificação;PE;0,1077
PA-1507300-6DFB48340B6641B4A1E2C04FC736FBED;PA;São Félix do Xingu;Área de Servidão Administrativa Total;Aguardando análise;PE;0,2787
PA-1507300-6E25740CA84245B584DAE6F7D3569CC8;PA;São Félix do Xingu;Área de Servidão Administrativa Total;Analisado, aguardando atendimento a notificação;PE;0,9338
PA-1507300-6EADADF1EFB34A82A76574DF9155AD7E;PA;São Félix do Xingu;Área de Servidão Administrativa Total;Analisado, aguardando regularização ambiental (Lei nº 12.651/2012);AT;0,2866
PA-1507300-6EB3ADA8828E4F26A9B54131E3A5A52A;PA;São Félix do Xingu;Área de Servidão Administrativa Total;Analisado, aguardando atendimento a notificação;PE;0,0823
PA-1507300-6F85BE39A1364F57820AD790F08D307A;PA;São Félix do Xingu;Área de Servidão Administrativa Total;Analisado, aguardando atendimento a notificação;PE;0,9732
PA-1507300-6FC3606E17874FFA920EEE941B572F33;PA;São Félix do Xingu;Área de Servidão Administrativa Total;Analisado, aguardando atendimento a notificação;PE;4,4017
PA-1507300-714592BF7A7E41B7A9BF7FA8558DE183;PA;São Félix do Xingu;Área de Servidão Administrativa Total;Analisado, aguardando regularização ambiental (Lei nº 12.651/2012);AT;0,2466
PA-1507300-733352830E9E4999884C774852A54C0B;PA;São Félix do Xingu;Área de Servidão Administrativa Total;Analisado, aguardando regularização ambiental (Lei nº 12.651/2012);AT;0,0377
PA-1507300-74310DDAF34742EBA9152E8A81139E34;PA;São Félix do Xingu;Área de Servidão Administrativa Total;Analisado, aguardando atendimento a notificação;PE;0,5980
PA-1507300-74A557EC9088422D929D04BE3C9BC5F4;PA;São Félix do Xingu;Área de Servidão Administrativa Total;Aguardando análise;PE;0,7691
PA-1507300-74B1818D8F854281AE3A0599536ADFA2;PA;São Félix do Xingu;Área de Servidão Administrativa Total;Aguardando análise;PE;8,5277
PA-1507300-7504DB65BCAB4A7FB29EA31F52ECDBF3;PA;São Félix do Xingu;Área de Servidão Administrativa Total;Analisado, aguardando atendimento a notificação;PE;0,0692
PA-1507300-75B759C08FC749AAA2B14EDFB9020ACB;PA;São Félix do Xingu;Área de Servidão Administrativa Total;Aguardando análise;AT;12,8594
PA-1507300-75BD76483DF14241A5371A07BEA649CD;PA;São Félix do Xingu;Área de Servidão Administrativa Total;Analisado, aguardando atendimento a notificação;PE;2,9990
PA-1507300-766B15423305412781A10A7BD010CE7D;PA;São Félix do Xingu;Área de Servidão Administrativa Total;Analisado, aguardando atendimento a notificação;PE;5,6173
PA-1507300-7846E23BB5A14EA887C89891B2176019;PA;São Félix do Xingu;Área de Servidão Administrativa Total;Analisado, aguardando regularização ambiental (Lei nº 12.651/2012);AT;0,2523
PA-1507300-785DC91E103D41B6B78C8749649890F6;PA;São Félix do Xingu;Área de Servidão Administrativa Total;Analisado, aguardando atendimento a notificação;AT;0,0000
PA-1507300-79D95124068048BAA0BF7DAD1B412022;PA;São Félix do Xingu;Área de Servidão Administrativa Total;Analisado, aguardando regularização ambiental (Lei nº 12.651/2012);AT;0,1166
PA-1507300-7A009D18A75B4F70A717CD0D6CCFAC77;PA;São Félix do Xingu;Área de Servidão Administrativa Total;Analisado, aguardando regularização ambiental (Lei nº 12.651/2012);PE;0,7023
PA-1507300-7B99CB7F66B24A269093FE40755CDC3A;PA;São Félix do Xingu;Área de Servidão Administrativa Total;Analisado, aguardando atendimento a notificação;SU;0,5643
PA-1507300-7C17D708BECC4B169DACC9B57A6CF6C9;PA;São Félix do Xingu;Área de Servidão Administrativa Total;Analisado, aguardando regularização ambiental (Lei nº 12.651/2012);AT;7,1446
PA-1507300-7C8AC2A81B5D48E3AAD49A95CF1D6499;PA;São Félix do Xingu;Área de Servidão Administrativa Total;Analisado, aguardando regularização ambiental (Lei nº 12.651/2012);AT;1,3788
PA-1507300-7CC7E902AA99490A8472376FFF7822A8;PA;São Félix do Xingu;Área de Servidão Administrativa Total;Analisado, aguardando atendimento a notificação;PE;0,6623
PA-1507300-7D3C6C068E88414B8EEDD70FE952FA2F;PA;São Félix do Xingu;Área de Servidão Administrativa Total;Analisado, aguardando atendimento a notificação;SU;0,3344
PA-1507300-7E99538113C846E1B5C2FEC7ED4E4DB0;PA;São Félix do Xingu;Área de Servidão Administrativa Total;Analisado, aguardando atendimento a notificação;AT;1,3773
PA-1507300-7F8CA93F51FE4120B5FF1D5F31DE19B2;PA;São Félix do Xingu;Área de Servidão Administrativa Total;Aguardando análise;SU;8,6736
PA-1507300-80870FA8B7CA47E5BFE9082E54E49575;PA;São Félix do Xingu;Área de Servidão Administrativa Total;Analisado, aguardando regularização ambiental (Lei nº 12.651/2012);AT;0,1145
PA-1507300-81044FB9C9AE454BB407BD04B53F87A2;PA;São Félix do Xingu;Área de Servidão Administrativa Total;Analisado, aguardando atendimento a notificação;PE;1,2664
PA-1507300-8199BB519E744BA88399B076E40223E2;PA;São Félix do Xingu;Área de Servidão Administrativa Total;Analisado, aguardando regularização ambiental (Lei nº 12.651/2012);AT;1,5024
PA-1507300-81E7E41A600B43698E075403CF853EFA;PA;São Félix do Xingu;Área de Servidão Administrativa Total;Analisado, aguardando regularização ambiental (Lei nº 12.651/2012);AT;0,8098
PA-1507300-82DAEA8F64A24AE98DE343B5B3D1EDA5;PA;São Félix do Xingu;Área de Servidão Administrativa Total;Analisado, aguardando atendimento a notificação;PE;0,1955
PA-1507300-83A9962F75B8446DBE4666A16460FC11;PA;São Félix do Xingu;Área de Servidão Administrativa Total;Analisado sem pendências;AT;0,2649
PA-1507300-84801A5F41894616B5D03DE6F46C1F59;PA;São Félix do Xingu;Área de Servidão Administrativa Total;Analisado, aguardando atendimento a notificação;PE;0,7580
PA-1507300-86BE150A5D054FBCBA8AA0C462F0626E;PA;São Félix do Xingu;Área de Servidão Administrativa Total;Analisado, aguardando regularização ambiental (Lei nº 12.651/2012);PE;0,2345
PA-1507300-8CB9759E37914781B2BE6D9B4C3C72E9;PA;São Félix do Xingu;Área de Servidão Administrativa Total;Analisado, aguardando atendimento a notificação;PE;17,3977
PA-1507300-8D57AB3F995D49D491CAAD6CE6897C5F;PA;São Félix do Xingu;Área de Servidão Administrativa Total;Analisado, aguardando atendimento a notificação;PE;0,8607
PA-1507300-8E063E2FD9CD4AC1B906F6508F519A40;PA;São Félix do Xingu;Área de Servidão Administrativa Total;Analisado, aguardando atendimento a notificação;PE;0,3583
PA-1507300-8E7B5A0E29944BFD88F319091847EEA3;PA;São Félix do Xingu;Área de Servidão Administrativa Total;Analisado, aguardando regularização ambiental (Lei nº 12.651/2012);AT;27,9375
PA-1507300-907B4C0106CE445199F6AE6B26B026D6;PA;São Félix do Xingu;Área de Servidão Administrativa Total;Analisado sem pendências;AT;0,1039
PA-1507300-9112040B7799497390775A64E2366B05;PA;São Félix do Xingu;Área de Servidão Administrativa Total;Analisado, aguardando atendimento a notificação;PE;0,2205
PA-1507300-9124EA8AF4764465AC7044537E2F90DF;PA;São Félix do Xingu;Área de Servidão Administrativa Total;Analisado, aguardando atendimento a notificação;AT;2,2691
PA-1507300-9194636263A84953AB0FD67639950FBA;PA;São Félix do Xingu;Área de Servidão Administrativa Total;Analisado, aguardando atendimento a notificação;PE;0,2953
PA-1507300-91E356E3D0EF43FBA7DDC96FBC0FC352;PA;São Félix do Xingu;Área de Servidão Administrativa Total;Analisado, aguardando atendimento a notificação;PE;2,5825
PA-1507300-92A930EF8D9C45048CB10590E2F71828;PA;São Félix do Xingu;Área de Servidão Administrativa Total;Analisado, aguardando atendimento a notificação;PE;1,2411
PA-1507300-92F87B74036944F7ABCA811774C4B5D8;PA;São Félix do Xingu;Área de Servidão Administrativa Total;Aguardando análise;PE;5,0773
PA-1507300-93EF0EB9F91F4D5EA02B1E2C9BD0C908;PA;São Félix do Xingu;Área de Servidão Administrativa Total;Analisado, aguardando atendimento a notificação;PE;0,2996
PA-1507300-9418301D176141C4BA8FAFFABF7FEC61;PA;São Félix do Xingu;Área de Servidão Administrativa Total;Aguardando análise;AT;0,4252
PA-1507300-94733FA7F381469E810874130E1999B3;PA;São Félix do Xingu;Área de Servidão Administrativa Total;Em análise;PE;0,0906
PA-1507300-950C7C218E42478783400044024EF503;PA;São Félix do Xingu;Área de Servidão Administrativa Total;Analisado, aguardando atendimento a notificação;PE;0,1327
PA-1507300-958DDA846B0C4AE38138914DDEC8DE16;PA;São Félix do Xingu;Área de Servidão Administrativa Total;Aguardando análise;AT;2,4661
PA-1507300-969534FFF83C4AA9A1F4089286BAA2FD;PA;São Félix do Xingu;Área de Servidão Administrativa Total;Analisado, aguardando atendimento a notificação;PE;0,3264
PA-1507300-97201EF131734E2CA667E0B0667A61E8;PA;São Félix do Xingu;Área de Servidão Administrativa Total;Analisado, aguardando atendimento a notificação;PE;4,8690
PA-1507300-981B36C90E9B436EA725E8FA02944EA5;PA;São Félix do Xingu;Área de Servidão Administrativa Total;Analisado, aguardando regularização ambiental (Lei nº 12.651/2012);AT;0,1885
PA-1507300-98D0F92482C240C3A09A33835106DE16;PA;São Félix do Xingu;Área de Servidão Administrativa Total;Analisado, aguardando regularização ambiental (Lei nº 12.651/2012);AT;0,5440
PA-1507300-98E17EB2D12345DABD4E45D6147FEEA4;PA;São Félix do Xingu;Área de Servidão Administrativa Total;Analisado, aguardando atendimento a notificação;PE;0,3451
PA-1507300-98EB26E3E00A4166B54DC67129D49E6C;PA;São Félix do Xingu;Área de Servidão Administrativa Total;Analisado, aguardando atendimento a notificação;PE;0,4968
PA-1507300-998E048BD07C49049C9FD0585DD1D0D2;PA;São Félix do Xingu;Área de Servidão Administrativa Total;Aguardando análise;PE;3,6879
PA-1507300-9ABE7411221445F68D853C74F2EB92AE;PA;São Félix do Xingu;Área de Servidão Administrativa Total;Aguardando análise;AT;7,9409
PA-1507300-9C114C40FF074F00A654BD3EA2CECB4C;PA;São Félix do Xingu;Área de Servidão Administrativa Total;Aguardando análise;AT;12,0058
PA-1507300-9CB9F51A2E1F43AABE60B4A2B50A6C5D;PA;São Félix do Xingu;Área de Servidão Administrativa Total;Analisado, aguardando atendimento a notificação;PE;0,9966
PA-1507300-9CF109037E4848E1B8EEF85B784ADD18;PA;São Félix do Xingu;Área de Servidão Administrativa Total;Analisado, aguardando atendimento a notificação;PE;2,3722
PA-1507300-9FAAC8A6C5E047878034612A18D59222;PA;São Félix do Xingu;Área de Servidão Administrativa Total;Analisado, aguardando regularização ambiental (Lei nº 12.651/2012);AT;1,2127
PA-1507300-9FD7EEF577D54D359866056FF752D4CB;PA;São Félix do Xingu;Área de Servidão Administrativa Total;Analisado, aguardando regularização ambiental (Lei nº 12.651/2012);AT;0,7552
PA-1507300-A26FA3249E084D02A28A671DAE15581A;PA;São Félix do Xingu;Área de Servidão Administrativa Total;Analisado, aguardando regularização ambiental (Lei nº 12.651/2012);AT;0,7473
PA-1507300-A2EBEDDCE6474928A950A4DB370E2EE1;PA;São Félix do Xingu;Área de Servidão Administrativa Total;Analisado, aguardando atendimento a notificação;PE;1,1303
PA-1507300-A6B2C6DCCA97441091C1C7EB89BA2B55;PA;São Félix do Xingu;Área de Servidão Administrativa Total;Analisado, aguardando regularização ambiental (Lei nº 12.651/2012);AT;4,6645
PA-1507300-A6EC3ED33A47429EA16B74DC4B2A7429;PA;São Félix do Xingu;Área de Servidão Administrativa Total;Analisado, aguardando atendimento a notificação;PE;0,8009
PA-1507300-A7DA4C5319114281A4CA03711A466023;PA;São Félix do Xingu;Área de Servidão Administrativa Total;Analisado, aguardando atendimento a notificação;PE;0,4443
PA-1507300-A7E2BAADC3F84A05BA32234394FCB991;PA;São Félix do Xingu;Área de Servidão Administrativa Total;Analisado, aguardando regularização ambiental (Lei nº 12.651/2012);AT;0,5861
PA-1507300-AA5755C76B66486A92FC99A50BF58D8E;PA;São Félix do Xingu;Área de Servidão Administrativa Total;Analisado, aguardando regularização ambiental (Lei nº 12.651/2012);AT;0,7060
PA-1507300-AAD091FE6DFD4E01A7947CCAFB610D89;PA;São Félix do Xingu;Área de Servidão Administrativa Total;Aguardando análise;PE;8,4744
PA-1507300-AB7DF106749B47D19E11090D135CA8B6;PA;São Félix do Xingu;Área de Servidão Administrativa Total;Analisado, aguardando regularização ambiental (Lei nº 12.651/2012);AT;0,5769
PA-1507300-AC30488B39704580969863F4EAB1D88A;PA;São Félix do Xingu;Área de Servidão Administrativa Total;Analisado, aguardando atendimento a notificação;PE;2,6432
PA-1507300-AC9A0EF888C54664AD72E7FCBEDA7774;PA;São Félix do Xingu;Área de Servidão Administrativa Total;Analisado, aguardando regularização ambiental (Lei nº 12.651/2012);AT;5,6250
PA-1507300-AD3D62E35F604C5A918B7BB865A6CC37;PA;São Félix do Xingu;Área de Servidão Administrativa Total;Analisado, aguardando atendimento a notificação;PE;0,7988
PA-1507300-ADA7FDD42C164320A7F07DE90111F5C7;PA;São Félix do Xingu;Área de Servidão Administrativa Total;Analisado, aguardando regularização ambiental (Lei nº 12.651/2012);AT;0,4016
PA-1507300-ADC06230DE2640D08158BD104CD25457;PA;São Félix do Xingu;Área de Servidão Administrativa Total;Analisado, aguardando atendimento a notificação;PE;1,4494
PA-1507300-AE19E9CD0BAA434B897A2E81BC9E808F;PA;São Félix do Xingu;Área de Servidão Administrativa Total;Analisado, aguardando atendimento a notificação;PE;4,9270
PA-1507300-AE3FF77956384840970695F5BE7DA3A7;PA;São Félix do Xingu;Área de Servidão Administrativa Total;Analisado, aguardando atendimento a notificação;PE;0,9604
PA-1507300-AF6F08688C3447A081DFB0E654B0005D;PA;São Félix do Xingu;Área de Servidão Administrativa Total;Analisado, aguardando atendimento a notificação;PE;0,2326
PA-1507300-AF98264F9413405D8B5E99C2752A1BDC;PA;São Félix do Xingu;Área de Servidão Administrativa Total;Analisado, aguardando regularização ambiental (Lei nº 12.651/2012);AT;0,1424
PA-1507300-AFC86A5A6D65448F8E0902CEEC061BA7;PA;São Félix do Xingu;Área de Servidão Administrativa Total;Analisado, aguardando regularização ambiental (Lei nº 12.651/2012);AT;5,9894
PA-1507300-AFFDA1998F014416ACC4E317D14D1B4B;PA;São Félix do Xingu;Área de Servidão Administrativa Total;Analisado, aguardando atendimento a notificação;SU;1,7109
PA-1507300-B0147FA1978C42B49551F9A3E7AE462A;PA;São Félix do Xingu;Área de Servidão Administrativa Total;Analisado, aguardando atendimento a notificação;AT;9,2313
PA-1507300-B0A6AF779F454C85BE1F0757019960D1;PA;São Félix do Xingu;Área de Servidão Administrativa Total;Analisado, aguardando regularização ambiental (Lei nº 12.651/2012);AT;1,0593
PA-1507300-B0C7FE14C55E48A8BD9270FCFFB89653;PA;São Félix do Xingu;Área de Servidão Administrativa Total;Em análise;PE;0,3620
PA-1507300-B186A4CE0EEE433D97FF3391360A1C03;PA;São Félix do Xingu;Área de Servidão Administrativa Total;Analisado, aguardando regularização ambiental (Lei nº 12.651/2012);AT;0,4107
PA-1507300-B28A2382C24942AD9BAFD7046A87BFA8;PA;São Félix do Xingu;Área de Servidão Administrativa Total;Analisado, aguardando regularização ambiental (Lei nº 12.651/2012);AT;15,9330
PA-1507300-B411ABF3805846049A59428A6C0C189D;PA;São Félix do Xingu;Área de Servidão Administrativa Total;Analisado, aguardando atendimento a notificação;AT;0,0018
PA-1507300-B464891929804A1B9AF8C2CF032E29C5;PA;São Félix do Xingu;Área de Servidão Administrativa Total;Aguardando análise;AT;2,4080
PA-1507300-B4C6B10282DC44EDB6F9F22E7CE36B66;PA;São Félix do Xingu;Área de Servidão Administrativa Total;Analisado, aguardando atendimento a notificação;PE;2,2092
PA-1507300-B578B54C8A994CA098743AE9C504AFDA;PA;São Félix do Xingu;Área de Servidão Administrativa Total;Analisado, aguardando atendimento a notificação;PE;0,3732
PA-1507300-B58EA700F2C34EFCBAAD3C5830E1F2C0;PA;São Félix do Xingu;Área de Servidão Administrativa Total;Analisado, aguardando atendimento a notificação;PE;1,0593
PA-1507300-B5E15CEB923146A9922E3B7A66D15944;PA;São Félix do Xingu;Área de Servidão Administrativa Total;Aguardando análise;PE;1,3535
PA-1507300-B6722EEAFE0A49C0B7891295B5EA2ECC;PA;São Félix do Xingu;Área de Servidão Administrativa Total;Analisado, aguardando atendimento a notificação;PE;0,4871
PA-1507300-B7998C750A934AB1B10C0ED6FF6EE903;PA;São Félix do Xingu;Área de Servidão Administrativa Total;Analisado sem pendências;AT;0,2007
PA-1507300-B802979D84204683A13B54EF50E7AF65;PA;São Félix do Xingu;Área de Servidão Administrativa Total;Analisado, aguardando regularização ambiental (Lei nº 12.651/2012);AT;1,0914
PA-1507300-B84A24F0FBD443F08C1795DC5EF7CAC6;PA;São Félix do Xingu;Área de Servidão Administrativa Total;Analisado, aguardando atendimento a notificação;PE;0,6762
PA-1507300-B92F7B3AAA154DB58E59326C5021CC7F;PA;São Félix do Xingu;Área de Servidão Administrativa Total;Analisado, aguardando regularização ambiental (Lei nº 12.651/2012);AT;3,1587
PA-1507300-B9862547AE6C471481C79D8EA00FAD04;PA;São Félix do Xingu;Área de Servidão Administrativa Total;Analisado, aguardando regularização ambiental (Lei nº 12.651/2012);AT;0,1623
PA-1507300-BBC4B096C0DF42FF8402B4DB8CBAE743;PA;São Félix do Xingu;Área de Servidão Administrativa Total;Analisado, aguardando regularização ambiental (Lei nº 12.651/2012);AT;0,0653
PA-1507300-BBD8793524B74AB1AB55FECA373DD03A;PA;São Félix do Xingu;Área de Servidão Administrativa Total;Aguardando análise;PE;3,7206
PA-1507300-BD0E030D7774449681A6739C79177EE6;PA;São Félix do Xingu;Área de Servidão Administrativa Total;Analisado, aguardando regularização ambiental (Lei nº 12.651/2012);AT;0,4832
PA-1507300-BDB0672E82C54ECABD6A9776B7F32827;PA;São Félix do Xingu;Área de Servidão Administrativa Total;Analisado, aguardando regularização ambiental (Lei nº 12.651/2012);AT;0,1302
PA-1507300-BDC9E19DD8664C3198A00F88AEF5EB17;PA;São Félix do Xingu;Área de Servidão Administrativa Total;Analisado, aguardando atendimento a notificação;PE;5,0648
PA-1507300-BDD043E71DFC409294ACAAE5F842DF58;PA;São Félix do Xingu;Área de Servidão Administrativa Total;Analisado sem pendências;AT;0,0795
PA-1507300-BE440E10607E4EE99E2B87E4E181A055;PA;São Félix do Xingu;Área de Servidão Administrativa Total;Analisado, aguardando atendimento a notificação;PE;1,6688
PA-1507300-BEAB0CF68D28492B9A880800C77AAC4E;PA;São Félix do Xingu;Área de Servidão Administrativa Total;Analisado, aguardando regularização ambiental (Lei nº 12.651/2012);PE;0,2049
PA-1507300-BEF4B5EDB7614AA2AA3223C6D4B1D984;PA;São Félix do Xingu;Área de Servidão Administrativa Total;Analisado, aguardando regularização ambiental (Lei nº 12.651/2012);AT;0,2137
PA-1507300-BFBDC66B2DBD4EFB83B8C417622E36F7;PA;São Félix do Xingu;Área de Servidão Administrativa Total;Analisado, aguardando atendimento a notificação;PE;0,9056
PA-1507300-C057CD4D9AFD45168330F4D51547523E;PA;São Félix do Xingu;Área de Servidão Administrativa Total;Analisado, aguardando atendimento a notificação;PE;0,1312
PA-1507300-C0D38F9834FE48FC8E09EE382E59EA44;PA;São Félix do Xingu;Área de Servidão Administrativa Total;Analisado, aguardando atendimento a notificação;PE;0,7786
PA-1507300-C372A14B487B4B1C9AEE6F3D056AA7AA;PA;São Félix do Xingu;Área de Servidão Administrativa Total;Analisado, aguardando atendimento a notificação;PE;0,8444
PA-1507300-C4CBB132BC804D6CB39F884621FE0DCF;PA;São Félix do Xingu;Área de Servidão Administrativa Total;Aguardando análise;PE;0,6033
PA-1507300-C60EFA4DC571497B8FE3F0691614980F;PA;São Félix do Xingu;Área de Servidão Administrativa Total;Analisado, aguardando atendimento a notificação;AT;1,0855
PA-1507300-C6CFEB9BFC1B4BD49174426BEC737C23;PA;São Félix do Xingu;Área de Servidão Administrativa Total;Aguardando análise;PE;3,7425
PA-1507300-C6D3405505A14262928D2CE42EDAFC79;PA;São Félix do Xingu;Área de Servidão Administrativa Total;Analisado, aguardando atendimento a notificação;SU;8,5121
PA-1507300-C85DAA446FA144128C0BDA5993854925;PA;São Félix do Xingu;Área de Servidão Administrativa Total;Analisado, aguardando regularização ambiental (Lei nº 12.651/2012);AT;0,1118
PA-1507300-C8CA216AEBC94126BEF1B2C6096C1BAD;PA;São Félix do Xingu;Área de Servidão Administrativa Total;Analisado, aguardando regularização ambiental (Lei nº 12.651/2012);AT;0,8061
PA-1507300-C93419E98AE040CD91D2C78348CF0529;PA;São Félix do Xingu;Área de Servidão Administrativa Total;Analisado, aguardando regularização ambiental (Lei nº 12.651/2012);AT;0,2334
PA-1507300-C93E96DDE4234DE4AF1F1485D2054511;PA;São Félix do Xingu;Área de Servidão Administrativa Total;Analisado, aguardando atendimento a notificação;AT;1,1677
PA-1507300-C9EE4384C8914BA69BD624A395ACAFF5;PA;São Félix do Xingu;Área de Servidão Administrativa Total;Analisado, aguardando atendimento a notificação;SU;0,2981
PA-1507300-CBDB00D01366405B9AFEB4E87593B39D;PA;São Félix do Xingu;Área de Servidão Administrativa Total;Analisado, aguardando regularização ambiental (Lei nº 12.651/2012);AT;0,5283
PA-1507300-CC535FF7656A401FB575A3E0DEACDA1A;PA;São Félix do Xingu;Área de Servidão Administrativa Total;Analisado, aguardando regularização ambiental (Lei nº 12.651/2012);AT;1,8570
PA-1507300-CD07E3582D3441A1B1C417350DB3DF04;PA;São Félix do Xingu;Área de Servidão Administrativa Total;Analisado sem pendências;AT;1,2859
PA-1507300-CF04A3A0DD0146979EE0683E81C898C5;PA;São Félix do Xingu;Área de Servidão Administrativa Total;Analisado, aguardando regularização ambiental (Lei nº 12.651/2012);AT;0,1188
PA-1507300-CF5DAE245F1146F2B3A4D0514AD37E82;PA;São Félix do Xingu;Área de Servidão Administrativa Total;Analisado, aguardando atendimento a notificação;PE;1,3394
PA-1507300-CFB35BCE528A4FA49DCFC07CCCE677D1;PA;São Félix do Xingu;Área de Servidão Administrativa Total;Analisado, aguardando atendimento a notificação;PE;0,0557
PA-1507300-CFD54DA0DC864D379BE5EA8CD547460D;PA;São Félix do Xingu;Área de Servidão Administrativa Total;Analisado, aguardando atendimento a notificação;PE;0,3059
PA-1507300-D0FE7C73606549849D1A1AD071F5CDA1;PA;São Félix do Xingu;Área de Servidão Administrativa Total;Aguardando análise;AT;21,4843
PA-1507300-D1227DA7CC2B4B1CBF62C65C909E710D;PA;São Félix do Xingu;Área de Servidão Administrativa Total;Analisado, aguardando regularização ambiental (Lei nº 12.651/2012);AT;3,3870
PA-1507300-D25EBFE3A6FF4A5985BB64175DFDE5E2;PA;São Félix do Xingu;Área de Servidão Administrativa Total;Aguardando análise;PE;1,3756
PA-1507300-D348F76C17774BCB803E3395BB84DC46;PA;São Félix do Xingu;Área de Servidão Administrativa Total;Aguardando análise;PE;0,3615
PA-1507300-D3D5FFDD67FF400994F4559F2EF04B29;PA;São Félix do Xingu;Área de Servidão Administrativa Total;Analisado, aguardando atendimento a notificação;PE;1,7984
PA-1507300-D42A1BDCF466499F80DE4C13E74547AE;PA;São Félix do Xingu;Área de Servidão Administrativa Total;Aguardando análise;PE;0,6321
PA-1507300-D51A8D49165A4E5496EEC27CDFC6DB09;PA;São Félix do Xingu;Área de Servidão Administrativa Total;Analisado, aguardando regularização ambiental (Lei nº 12.651/2012);AT;7,3142
PA-1507300-D56C021D4EED4E5C9D5B1FDF5BABD329;PA;São Félix do Xingu;Área de Servidão Administrativa Total;Analisado, aguardando regularização ambiental (Lei nº 12.651/2012);AT;0,2157
PA-1507300-D5FE0F80022649199A5C472C534F0A26;PA;São Félix do Xingu;Área de Servidão Administrativa Total;Analisado, aguardando atendimento a notificação;PE;0,9388
PA-1507300-D676BFAD80484EC89C67F2E315A42E7A;PA;São Félix do Xingu;Área de Servidão Administrativa Total;Analisado, aguardando atendimento a notificação;PE;0,8654
PA-1507300-D6F21947F61E4391A13D4AD9840A75C2;PA;São Félix do Xingu;Área de Servidão Administrativa Total;Analisado sem pendências;AT;0,9185
PA-1507300-D7254DE6B93A40D8B8EF75A9D644DC6B;PA;São Félix do Xingu;Área de Servidão Administrativa Total;Analisado, aguardando regularização ambiental (Lei nº 12.651/2012);AT;0,5039
PA-1507300-D72BD811220D43188EDB26B2BBE196CB;PA;São Félix do Xingu;Área de Servidão Administrativa Total;Analisado, aguardando atendimento a notificação;PE;1,8999
PA-1507300-D899F684683D4766B250D5D57FD5F6FF;PA;São Félix do Xingu;Área de Servidão Administrativa Total;Analisado, aguardando regularização ambiental (Lei nº 12.651/2012);AT;0,1248
PA-1507300-D8F3A77B82114D72864101A35C93CCBF;PA;São Félix do Xingu;Área de Servidão Administrativa Total;Analisado sem pendências;AT;0,2811
PA-1507300-D93E982285F442FF981887FD6C3CBB72;PA;São Félix do Xingu;Área de Servidão Administrativa Total;Analisado, aguardando regularização ambiental (Lei nº 12.651/2012);AT;0,2306
PA-1507300-DB3F565FA9B44146A453FC23CAB3D0BA;PA;São Félix do Xingu;Área de Servidão Administrativa Total;Aguardando análise;AT;16,8437
PA-1507300-DB751020E33A4E06B909DAAC3A038764;PA;São Félix do Xingu;Área de Servidão Administrativa Total;Analisado, aguardando atendimento a notificação;PE;0,2264
PA-1507300-DC874663411842C2AA9422A3A3B42F6B;PA;São Félix do Xingu;Área de Servidão Administrativa Total;Analisado, aguardando atendimento a notificação;SU;0,0112
PA-1507300-DDF1D82EB4FC4025B70D91E21A907126;PA;São Félix do Xingu;Área de Servidão Administrativa Total;Analisado, aguardando atendimento a notificação;PE;1,9405
PA-1507300-DEAAE3AEACA14C85AAC11BBEA9B871E0;PA;São Félix do Xingu;Área de Servidão Administrativa Total;Analisado, aguardando regularização ambiental (Lei nº 12.651/2012);AT;0,1390
PA-1507300-DFC90800590C411EB377D49A1ECD7D4C;PA;São Félix do Xingu;Área de Servidão Administrativa Total;Analisado, aguardando regularização ambiental (Lei nº 12.651/2012);AT;7,9480
PA-1507300-E008D62AA6014DA0810D35223B128121;PA;São Félix do Xingu;Área de Servidão Administrativa Total;Aguardando análise;PE;5,4347
PA-1507300-E1D8B835B4EA4C4CBC64E59755345902;PA;São Félix do Xingu;Área de Servidão Administrativa Total;Analisado, aguardando regularização ambiental (Lei nº 12.651/2012);PE;0,8681
PA-1507300-E2D20608F09C46A3BD1C33489B0B9429;PA;São Félix do Xingu;Área de Servidão Administrativa Total;Analisado, aguardando regularização ambiental (Lei nº 12.651/2012);AT;34,1816
PA-1507300-E49304925C4E4DC19ABA612F206C1FA9;PA;São Félix do Xingu;Área de Servidão Administrativa Total;Analisado, aguardando atendimento a notificação;PE;1,9935
PA-1507300-E52C0CE13A9249149FD851CF00AD9B87;PA;São Félix do Xingu;Área de Servidão Administrativa Total;Analisado, aguardando regularização ambiental (Lei nº 12.651/2012);PE;7,6502
PA-1507300-E53760AA226341F9910AA60021CF47EF;PA;São Félix do Xingu;Área de Servidão Administrativa Total;Analisado, aguardando atendimento a notificação;PE;1,1849
PA-1507300-E7D3E4CBD5C047D080BC13220BFC3B6B;PA;São Félix do Xingu;Área de Servidão Administrativa Total;Aguardando análise;PE;0,8139
PA-1507300-E81D503C19874F3DAB75058D17F2099F;PA;São Félix do Xingu;Área de Servidão Administrativa Total;Analisado sem pendências;AT;0,0478
PA-1507300-EA0D77BAD3A94EC389E03961564E15CF;PA;São Félix do Xingu;Área de Servidão Administrativa Total;Analisado, aguardando atendimento a notificação;PE;2,2501
PA-1507300-EA0E7FD7EC0844E6B4C26E2E501DA467;PA;São Félix do Xingu;Área de Servidão Administrativa Total;Aguardando análise;AT;14,4178
PA-1507300-EA6905E8C82D4A43B7F1AFCECA53C56D;PA;São Félix do Xingu;Área de Servidão Administrativa Total;Analisado, aguardando regularização ambiental (Lei nº 12.651/2012);AT;0,5440
PA-1507300-EB7B84A875E0421FB1C7A477968379FE;PA;São Félix do Xingu;Área de Servidão Administrativa Total;Analisado, aguardando regularização ambiental (Lei nº 12.651/2012);AT;5,7502
PA-1507300-ED2D3083AB614C32B2E6F097231777AF;PA;São Félix do Xingu;Área de Servidão Administrativa Total;Analisado, aguardando regularização ambiental (Lei nº 12.651/2012);AT;0,4565
PA-1507300-EFC6A09025A94B62818A2518E85A3821;PA;São Félix do Xingu;Área de Servidão Administrativa Total;Analisado, aguardando atendimento a notificação;PE;10,2152
PA-1507300-F0484474E27C46FCBAD07CFD1250CDFA;PA;São Félix do Xingu;Área de Servidão Administrativa Total;Analisado, aguardando regularização ambiental (Lei nº 12.651/2012);AT;0,1912
PA-1507300-F05492E8C97E44FDB0E1093D1DFEC22F;PA;São Félix do Xingu;Área de Servidão Administrativa Total;Analisado, aguardando regularização ambiental (Lei nº 12.651/2012);PE;2,4949
PA-1507300-F0FCCB15EAE64057AD7E563B22DDDDD1;PA;São Félix do Xingu;Área de Servidão Administrativa Total;Analisado, aguardando regularização ambiental (Lei nº 12.651/2012);AT;0,6773
PA-1507300-F10BACF2B9314786A55570CF9CCA0921;PA;São Félix do Xingu;Área de Servidão Administrativa Total;Analisado, aguardando regularização ambiental (Lei nº 12.651/2012);AT;0,8299
PA-1507300-F11C8C43BBDE41F4A718C35E46551550;PA;São Félix do Xingu;Área de Servidão Administrativa Total;Analisado, aguardando atendimento a notificação;PE;1,1224
PA-1507300-F11DE6397CA24FE4A979B33A4541D635;PA;São Félix do Xingu;Área de Servidão Administrativa Total;Analisado sem pendências;AT;0,0722
PA-1507300-F1540FFC0313484092B5C2C2EB1B753F;PA;São Félix do Xingu;Área de Servidão Administrativa Total;Analisado, aguardando atendimento a notificação;PE;4,0343
PA-1507300-F1664386F1D6460B9FF009C73C3F9BC6;PA;São Félix do Xingu;Área de Servidão Administrativa Total;Analisado, aguardando regularização ambiental (Lei nº 12.651/2012);AT;2,2497
PA-1507300-F293CD17B5FE4D4682CB436FF5B136D0;PA;São Félix do Xingu;Área de Servidão Administrativa Total;Analisado, aguardando regularização ambiental (Lei nº 12.651/2012);PE;82,0386
PA-1507300-F345ACCE41DF48BE95F0488FF80457A7;PA;São Félix do Xingu;Área de Servidão Administrativa Total;Analisado, aguardando atendimento a notificação;PE;1,1699
PA-1507300-F358D160F4AA4EF4BF56EF7EB716530A;PA;São Félix do Xingu;Área de Servidão Administrativa Total;Analisado, aguardando regularização ambiental (Lei nº 12.651/2012);AT;0,2478
PA-1507300-F3E0F88DD06D48A9BF14B1C00AD4F25F;PA;São Félix do Xingu;Área de Servidão Administrativa Total;Em análise;PE;0,9419
PA-1507300-F4C4B302DF45433BB82338B4994DAD71;PA;São Félix do Xingu;Área de Servidão Administrativa Total;Analisado, aguardando regularização ambiental (Lei nº 12.651/2012);AT;0,1545
PA-1507300-F5E642FF5733402C8872B136C3FF76BC;PA;São Félix do Xingu;Área de Servidão Administrativa Total;Analisado, aguardando regularização ambiental (Lei nº 12.651/2012);AT;0,5336
PA-1507300-F607EF8A49E94E62AA8E06B2A34B082A;PA;São Félix do Xingu;Área de Servidão Administrativa Total;Analisado, aguardando atendimento a notificação;PE;4,5005
PA-1507300-F63F6055099247C39D3EA3ED8B1CC28B;PA;São Félix do Xingu;Área de Servidão Administrativa Total;Analisado, aguardando regularização ambiental (Lei nº 12.651/2012);AT;0,0733
PA-1507300-F6D9A851124C4BC5B068B7DF7BDDA240;PA;São Félix do Xingu;Área de Servidão Administrativa Total;Aguardando análise;PE;6,4238
PA-1507300-F6ED9098850C4785982EAECAA76E9560;PA;São Félix do Xingu;Área de Servidão Administrativa Total;Analisado, aguardando atendimento a notificação;PE;5,8802
PA-1507300-F87EB755E7E342CF957A61E2ECE570F8;PA;São Félix do Xingu;Área de Servidão Administrativa Total;Analisado, aguardando regularização ambiental (Lei nº 12.651/2012);AT;0,1414
PA-1507300-F880C5B700AF4BF8B6C3E9ADF08C0367;PA;São Félix do Xingu;Área de Servidão Administrativa Total;Analisado, aguardando regularização ambiental (Lei nº 12.651/2012);AT;0,2245
PA-1507300-FAB2A86575B2433DA6AE81C8E18FDC5F;PA;São Félix do Xingu;Área de Servidão Administrativa Total;Analisado sem pendências;AT;1,1283
PA-1507300-FAC50FCAD8354D378DEF179249215C63;PA;São Félix do Xingu;Área de Servidão Administrativa Total;Analisado, aguardando regularização ambiental (Lei nº 12.651/2012);PE;134,1788
PA-1507300-FC3BAE8AB17E47DFB48327AEB5F9CA96;PA;São Félix do Xingu;Área de Servidão Administrativa Total;Analisado, aguardando atendimento a notificação;PE;9,4763
PA-1507300-FCE987FED772400D8BF789A0BD807ABD;PA;São Félix do Xingu;Área de Servidão Administrativa Total;Analisado, aguardando atendimento a notificação;PE;2,3182
PA-1507300-FD9183A183BD4DC89F3BF6428D868224;PA;São Félix do Xingu;Área de Servidão Administrativa Total;Analisado, aguardando atendimento a notificação;PE;0,4618
PA-1507300-FE6260C1253A4676B939460735033071;PA;São Félix do Xingu;Área de Servidão Administrativa Total;Analisado, aguardando atendimento a notificação;PE;0,1016
PA-1507300-FEB6A3D098B94F45B7DC2FDA66EA8A64;PA;São Félix do Xingu;Área de Servidão Administrativa Total;Aguardando análise;AT;1,6396
PA-1507300-00C23A72864A488EA9FA3A9CC65F63AE;PA;São Félix do Xingu;Área de Infraestrutura Pública;Aguardando análise;PE;1,3389
PA-1507300-024CA8E952284838B288EBA30A436DEB;PA;São Félix do Xingu;Área de Infraestrutura Pública;Aguardando análise;PE;0,3270
PA-1507300-031EFB7DBADF45DBB38FF5A2BDDF68A4;PA;São Félix do Xingu;Área de Infraestrutura Pública;Analisado, aguardando atendimento a notificação;PE;0,5532
PA-1507300-059E30B351564B39BA141C880B497870;PA;São Félix do Xingu;Área de Infraestrutura Pública;Analisado, aguardando atendimento a notificação;PE;0,0237
PA-1507300-0AB11CCF9B6A407B8C5F096B07509ADF;PA;São Félix do Xingu;Área de Infraestrutura Pública;Aguardando análise;AT;0,5898
PA-1507300-0BBE8E5FE3CA43ABAF3FE2DCAFF630E3;PA;São Félix do Xingu;Área de Infraestrutura Pública;Aguardando análise;PE;0,6357
PA-1507300-11678CD6FAB24B90A48E7670D582C942;PA;São Félix do Xingu;Área de Infraestrutura Pública;Analisado, aguardando regularização ambiental (Lei nº 12.651/2012);AT;1,5441
PA-1507300-13F271DB92234CFD8EE82CAD01FF73B5;PA;São Félix do Xingu;Área de Infraestrutura Pública;Analisado, aguardando atendimento a notificação;PE;0,3599
PA-1507300-15E7D69ABCDE4B0D84E5025D63E537A7;PA;São Félix do Xingu;Área de Infraestrutura Pública;Analisado sem pendências;AT;0,1869
PA-1507300-18BDEEA4A6674DE89AA15746C043676D;PA;São Félix do Xingu;Área de Infraestrutura Pública;Em análise;PE;4,4939
PA-1507300-1966856ED9D14848A52E918AB1FD409D;PA;São Félix do Xingu;Área de Infraestrutura Pública;Analisado, aguardando atendimento a notificação;PE;0,7629
PA-1507300-1AE7AA900D8F4D31A2EA0E06697D43D8;PA;São Félix do Xingu;Área de Infraestrutura Pública;Analisado, aguardando regularização ambiental (Lei nº 12.651/2012);AT;1,4009
PA-1507300-208B6F05D11647328F3C8088098690E0;PA;São Félix do Xingu;Área de Infraestrutura Pública;Analisado, aguardando atendimento a notificação;PE;0,3762
PA-1507300-26CAA55C64F34259BF76CB3D8AC8E35A;PA;São Félix do Xingu;Área de Infraestrutura Pública;Analisado, aguardando atendimento a notificação;PE;0,5097
PA-1507300-2CEC0C0F8B27471FBF1EDE0F88B3F371;PA;São Félix do Xingu;Área de Infraestrutura Pública;Aguardando análise;PE;5,5515
PA-1507300-334DE3AD421E4E1F93794C3CA945BB71;PA;São Félix do Xingu;Área de Infraestrutura Pública;Analisado, aguardando atendimento a notificação;SU;0,2601
PA-1507300-33E1F4BC6556429CB9094561218B3C62;PA;São Félix do Xingu;Área de Infraestrutura Pública;Analisado, aguardando regularização ambiental (Lei nº 12.651/2012);AT;11,6987
PA-1507300-3432A5119A0C435EA698F2340211F78D;PA;São Félix do Xingu;Área de Infraestrutura Pública;Analisado, aguardando atendimento a notificação;PE;0,8123
PA-1507300-39B689CBF162459D92DC141DCC53313F;PA;São Félix do Xingu;Área de Infraestrutura Pública;Analisado, aguardando regularização ambiental (Lei nº 12.651/2012);AT;3,6826
PA-1507300-3B22D46419CB4BDF816DA805EFA24B7A;PA;São Félix do Xingu;Área de Infraestrutura Pública;Analisado, aguardando atendimento a notificação;SU;0,7831
PA-1507300-3BEE93D10FC0474787D2111CB2355689;PA;São Félix do Xingu;Área de Infraestrutura Pública;Analisado, aguardando atendimento a notificação;SU;0,9293
PA-1507300-3D3592C0D54E430BB6B07DC7B6385172;PA;São Félix do Xingu;Área de Infraestrutura Pública;Analisado, aguardando atendimento a notificação;PE;0,0875
PA-1507300-3EACD80F884646B1941CFE05791EC04D;PA;São Félix do Xingu;Área de Infraestrutura Pública;Aguardando análise;AT;0,4966
PA-1507300-40DF2F3A9733452CA0C6645E030DB8E5;PA;São Félix do Xingu;Área de Infraestrutura Pública;Analisado, aguardando regularização ambiental (Lei nº 12.651/2012);AT;0,7496
PA-1507300-44F8790756FB4CC9AED342A2EA617F3E;PA;São Félix do Xingu;Área de Infraestrutura Pública;Analisado, aguardando regularização ambiental (Lei nº 12.651/2012);AT;1,4238
PA-1507300-46CBA0ED4C5C4A04B093E6484FA7D259;PA;São Félix do Xingu;Área de Infraestrutura Pública;Analisado, aguardando atendimento a notificação;PE;0,9798
PA-1507300-47EB5BD6FB3E4DBBB35B39FAE02C88C2;PA;São Félix do Xingu;Área de Infraestrutura Pública;Analisado, aguardando atendimento a notificação;SU;0,1165
PA-1507300-488091B434124393B438E340D717ADA1;PA;São Félix do Xingu;Área de Infraestrutura Pública;Analisado, aguardando regularização ambiental (Lei nº 12.651/2012);PE;1,9480
PA-1507300-489FAA8357024D049E2A8DE390DB6EDE;PA;São Félix do Xingu;Área de Infraestrutura Pública;Analisado, aguardando regularização ambiental (Lei nº 12.651/2012);AT;8,7947
PA-1507300-4B73EAF94A054131ADCE76512C32368A;PA;São Félix do Xingu;Área de Infraestrutura Pública;Aguardando análise;AT;1,3362
PA-1507300-4DB5D01F36A1462DB36CDCA04B549B69;PA;São Félix do Xingu;Área de Infraestrutura Pública;Aguardando análise;PE;0,3179
PA-1507300-4EE4087CB33D4C919FCBA24C82A93B21;PA;São Félix do Xingu;Área de Infraestrutura Pública;Aguardando análise;PE;0,3705
PA-1507300-4F6EE9C31B394109AFFA31E4E6614137;PA;São Félix do Xingu;Área de Infraestrutura Pública;Analisado, aguardando atendimento a notificação;PE;0,0506
PA-1507300-4FBF393BA10C4B16BB47F410C2D447CE;PA;São Félix do Xingu;Área de Infraestrutura Pública;Analisado, aguardando regularização ambiental (Lei nº 12.651/2012);AT;20,1313
PA-1507300-50CAD5F4A3F94D6ABC78F0675A6A5CD1;PA;São Félix do Xingu;Área de Infraestrutura Pública;Analisado, aguardando atendimento a notificação;PE;0,4235
PA-1507300-52EBA0B441664151AAFF2357AC1E96E4;PA;São Félix do Xingu;Área de Infraestrutura Pública;Analisado, aguardando regularização ambiental (Lei nº 12.651/2012);AT;4,2659
PA-1507300-5506F43A644F40A598E8E7895DB433F4;PA;São Félix do Xingu;Área de Infraestrutura Pública;Analisado, aguardando atendimento a notificação;PE;1,0752
PA-1507300-55194B23EFC64F94B7384A9D8A3E5A69;PA;São Félix do Xingu;Área de Infraestrutura Pública;Analisado, aguardando regularização ambiental (Lei nº 12.651/2012);AT;2,4379
PA-1507300-56410276B8094BCE876A7362FD3DA882;PA;São Félix do Xingu;Área de Infraestrutura Pública;Aguardando análise;AT;5,4503
PA-1507300-59B4F042F0324071A989736589E91CA4;PA;São Félix do Xingu;Área de Infraestrutura Pública;Analisado, aguardando regularização ambiental (Lei nº 12.651/2012);AT;0,5808
PA-1507300-5A2D4A151AD24B60B41BD6F42A1FC251;PA;São Félix do Xingu;Área de Infraestrutura Pública;Analisado, aguardando atendimento a notificação;PE;0,0626
PA-1507300-5FF5087EA4504F38AA5835168EBCF01E;PA;São Félix do Xingu;Área de Infraestrutura Pública;Analisado, aguardando atendimento a notificação;PE;0,4523
PA-1507300-601A196691BA47ACAA07C410AF032B52;PA;São Félix do Xingu;Área de Infraestrutura Pública;Analisado, aguardando atendimento a notificação;PE;7,1340
PA-1507300-61B084204AE34831BFC97035BFB857E5;PA;São Félix do Xingu;Área de Infraestrutura Pública;Analisado, aguardando atendimento a notificação;PE;0,0037
PA-1507300-623439CD2B454C3E9DBFA40DE0EEF07C;PA;São Félix do Xingu;Área de Infraestrutura Pública;Analisado, aguardando atendimento a notificação;PE;3,3644
PA-1507300-63555B6574FA40A3BB319414935301F4;PA;São Félix do Xingu;Área de Infraestrutura Pública;Analisado, aguardando regularização ambiental (Lei nº 12.651/2012);AT;1,1947
PA-1507300-635A75C54D744700A907844DE9F654E8;PA;São Félix do Xingu;Área de Infraestrutura Pública;Analisado, aguardando atendimento a notificação;PE;0,9624
PA-1507300-63749C500F2444BEAB0316E4D094A858;PA;São Félix do Xingu;Área de Infraestrutura Pública;Analisado, aguardando regularização ambiental (Lei nº 12.651/2012);AT;0,9490
PA-1507300-687FC43BD2844C2C931850EACB3F1550;PA;São Félix do Xingu;Área de Infraestrutura Pública;Analisado, aguardando atendimento a notificação;PE;0,0749
PA-1507300-6961C62AA2DD4A808F9E536F3F794914;PA;São Félix do Xingu;Área de Infraestrutura Pública;Analisado, aguardando regularização ambiental (Lei nº 12.651/2012);AT;7,1834
PA-1507300-6A1E553441FC4A649A063D3D6D8F219D;PA;São Félix do Xingu;Área de Infraestrutura Pública;Aguardando análise;PE;0,1808
PA-1507300-6A9692CE545F436F95C51E3A78053122;PA;São Félix do Xingu;Área de Infraestrutura Pública;Analisado, aguardando regularização ambiental (Lei nº 12.651/2012);AT;2,5413
PA-1507300-6ADDF93BE1784A3492B412DF2390DFB6;PA;São Félix do Xingu;Área de Infraestrutura Pública;Analisado, aguardando atendimento a notificação;PE;3,3150
PA-1507300-6CE9B873B7F143B68147FEDDE302DD16;PA;São Félix do Xingu;Área de Infraestrutura Pública;Analisado, aguardando atendimento a notificação;PE;0,3750
PA-1507300-70E5CABDDA02477F9FB5EFD02D4AACD7;PA;São Félix do Xingu;Área de Infraestrutura Pública;Analisado, aguardando atendimento a notificação;PE;0,4946
PA-1507300-74226D3CCD5D412D8727526879C7F85A;PA;São Félix do Xingu;Área de Infraestrutura Pública;Analisado, aguardando atendimento a notificação;PE;1,4815
PA-1507300-74772DEAEEE84E1EA4B51606EAC30BC2;PA;São Félix do Xingu;Área de Infraestrutura Pública;Aguardando análise;PE;2,4733
PA-1507300-7529356241534D9A95C04431663EE929;PA;São Félix do Xingu;Área de Infraestrutura Pública;Analisado, aguardando atendimento a notificação;PE;0,3751
PA-1507300-758DA3B48EC644F9831F7385084DB401;PA;São Félix do Xingu;Área de Infraestrutura Pública;Analisado, aguardando regularização ambiental (Lei nº 12.651/2012);AT;5,7079
PA-1507300-76DD8D890F2D4B6FAE1FC65352CBA78A;PA;São Félix do Xingu;Área de Infraestrutura Pública;Analisado, aguardando atendimento a notificação;PE;0,6467
PA-1507300-77E0BAF655084A5486D947E919EE987E;PA;São Félix do Xingu;Área de Infraestrutura Pública;Analisado, aguardando atendimento a notificação;PE;0,9951
PA-1507300-78DC49840890464AA315CCA53A950C65;PA;São Félix do Xingu;Área de Infraestrutura Pública;Analisado, aguardando atendimento a notificação;PE;0,0272
PA-1507300-7A8C4B3717F64424979C4DCA2302A784;PA;São Félix do Xingu;Área de Infraestrutura Pública;Analisado, aguardando atendimento a notificação;PE;1,0793
PA-1507300-846722DE994D40969D5E326024505028;PA;São Félix do Xingu;Área de Infraestrutura Pública;Analisado, aguardando atendimento a notificação;AT;0,0143
PA-1507300-8500D0841C8343B3A28BDB093DDF2005;PA;São Félix do Xingu;Área de Infraestrutura Pública;Analisado, aguardando atendimento a notificação;PE;0,4973
PA-1507300-86E24BAC5BD343C4839DDFEDECA35511;PA;São Félix do Xingu;Área de Infraestrutura Pública;Aguardando análise;AT;13,9800
PA-1507300-86F34AC1CEED449183155D765BC678CF;PA;São Félix do Xingu;Área de Infraestrutura Pública;Analisado, aguardando regularização ambiental (Lei nº 12.651/2012);AT;3,1802
PA-1507300-884EF2A521D24FAF9FE5A11F60B60AD8;PA;São Félix do Xingu;Área de Infraestrutura Pública;Analisado, aguardando atendimento a notificação;PE;0,0132
PA-1507300-8A5275442CCC46DB973337F3A08BCC65;PA;São Félix do Xingu;Área de Infraestrutura Pública;Aguardando análise;AT;0,0969
PA-1507300-8B4B263F33654D6EB5E96F7A398A0507;PA;São Félix do Xingu;Área de Infraestrutura Pública;Analisado, aguardando regularização ambiental (Lei nº 12.651/2012);AT;2,5184
PA-1507300-8C5C8F6235EA45C0A4C11715F1B58C88;PA;São Félix do Xingu;Área de Infraestrutura Pública;Analisado, aguardando atendimento a notificação;SU;5,5692
PA-1507300-8CAC6CDC30394C018E7F951085CB8BCC;PA;São Félix do Xingu;Área de Infraestrutura Pública;Aguardando análise;PE;0,4529
PA-1507300-8EC5334AC03D47219C673E2109ED832B;PA;São Félix do Xingu;Área de Infraestrutura Pública;Analisado, aguardando regularização ambiental (Lei nº 12.651/2012);AT;5,5042
PA-1507300-8FA995525EBE4D9EB3AF316928C2BA25;PA;São Félix do Xingu;Área de Infraestrutura Pública;Analisado, aguardando atendimento a notificação;PE;0,2382
PA-1507300-90208FFCED96461DB39FAE2F9CE7A345;PA;São Félix do Xingu;Área de Infraestrutura Pública;Analisado, aguardando regularização ambiental (Lei nº 12.651/2012);AT;19,4376
PA-1507300-918AB0AFC7A54D2CA2569639543EA1AD;PA;São Félix do Xingu;Área de Infraestrutura Pública;Analisado, aguardando regularização ambiental (Lei nº 12.651/2012);AT;1,3663
PA-1507300-9912D441CBC84B1EBB24E6F64C1D2D08;PA;São Félix do Xingu;Área de Infraestrutura Pública;Analisado, aguardando atendimento a notificação;SU;2,0159
PA-1507300-9946E81893764045AC68C0E06052A5BD;PA;São Félix do Xingu;Área de Infraestrutura Pública;Analisado, aguardando regularização ambiental (Lei nº 12.651/2012);AT;2,1560
PA-1507300-9A19CF4B53524BF5A47BF9AF04DF2C15;PA;São Félix do Xingu;Área de Infraestrutura Pública;Analisado, aguardando atendimento a notificação;PE;0,0399
PA-1507300-9B997673BE004DDF8AEF7B4F95F177D5;PA;São Félix do Xingu;Área de Infraestrutura Pública;Analisado, aguardando atendimento a notificação;AT;2,4231
PA-1507300-9EB8AAA2A6F64A479D54C30D5C01B325;PA;São Félix do Xingu;Área de Infraestrutura Pública;Analisado sem pendências;AT;0,3181
PA-1507300-9FCE670838F9491D98BCA42E9CE9F317;PA;São Félix do Xingu;Área de Infraestrutura Pública;Analisado, aguardando regularização ambiental (Lei nº 12.651/2012);AT;6,2672
PA-1507300-A14FE1DF0B61478A926AC20DF7F91726;PA;São Félix do Xingu;Área de Infraestrutura Pública;Analisado, aguardando atendimento a notificação;PE;2,5453
PA-1507300-A1ECF09E0F9F4FDF9BD24C093AD3C64C;PA;São Félix do Xingu;Área de Infraestrutura Pública;Analisado, aguardando regularização ambiental (Lei nº 12.651/2012);AT;1,6733
PA-1507300-A2E8969F42F94467878ACF08651EB8B3;PA;São Félix do Xingu;Área de Infraestrutura Pública;Analisado, aguardando atendimento a notificação;PE;1,5743
PA-1507300-A54D879687054214A38467C18C2A2447;PA;São Félix do Xingu;Área de Infraestrutura Pública;Analisado, aguardando atendimento a notificação;SU;2,7193
PA-1507300-AA0AD2CDB15F48F88E3E83F0A502F979;PA;São Félix do Xingu;Área de Infraestrutura Pública;Analisado, aguardando atendimento a notificação;SU;1,1120
PA-1507300-AB153A4F9C1B4484BFFF2C7FBE8E5CB5;PA;São Félix do Xingu;Área de Infraestrutura Pública;Analisado, aguardando atendimento a notificação;PE;1,1666
PA-1507300-AF12057C640B40EAA0AB6BDF0C35CC60;PA;São Félix do Xingu;Área de Infraestrutura Pública;Analisado, aguardando atendimento a notificação;SU;2,3297
PA-1507300-B1C704F37F46446FB8F50E1E18DAF8B4;PA;São Félix do Xingu;Área de Infraestrutura Pública;Analisado, aguardando regularização ambiental (Lei nº 12.651/2012);AT;0,4876
PA-1507300-B62D56117A8F4FB681758F1D422087F5;PA;São Félix do Xingu;Área de Infraestrutura Pública;Analisado, aguardando atendimento a notificação;PE;1,2719
PA-1507300-B6CAEBE3DC0643E5953C9082B6AADE65;PA;São Félix do Xingu;Área de Infraestrutura Pública;Analisado, aguardando regularização ambiental (Lei nº 12.651/2012);AT;2,8178
PA-1507300-B90D08AC9598440B92DB376600F175CE;PA;São Félix do Xingu;Área de Infraestrutura Pública;Analisado, aguardando regularização ambiental (Lei nº 12.651/2012);AT;0,9515
PA-1507300-BA97EF9E2BD545FEAEE73CF481989E4A;PA;São Félix do Xingu;Área de Infraestrutura Pública;Analisado, aguardando atendimento a notificação;PE;3,2908
PA-1507300-BAFD4C380EDA4A10A0595E828530D50B;PA;São Félix do Xingu;Área de Infraestrutura Pública;Analisado, aguardando atendimento a notificação;PE;0,2665
PA-1507300-BB6F16E36BE94598B2B7D0106D10B7C1;PA;São Félix do Xingu;Área de Infraestrutura Pública;Analisado, aguardando atendimento a notificação;PE;1,1092
PA-1507300-BD413D6891F44AA3A9A68436E80A1119;PA;São Félix do Xingu;Área de Infraestrutura Pública;Analisado, aguardando atendimento a notificação;AT;1,0769
PA-1507300-C363A4066C3E4151BC3207D6332E1BA2;PA;São Félix do Xingu;Área de Infraestrutura Pública;Analisado, aguardando atendimento a notificação;SU;0,2431
PA-1507300-C427C1C9A93A4A7F8800B5B28ECF9764;PA;São Félix do Xingu;Área de Infraestrutura Pública;Analisado, aguardando regularização ambiental (Lei nº 12.651/2012);AT;7,1683
PA-1507300-C59B83F346894328A2A4DB8A583673A9;PA;São Félix do Xingu;Área de Infraestrutura Pública;Aguardando análise;PE;0,0695
PA-1507300-C737A23CD95F49BEA694B781DFFABBC6;PA;São Félix do Xingu;Área de Infraestrutura Pública;Analisado, aguardando regularização ambiental (Lei nº 12.651/2012);AT;5,9694
PA-1507300-C75E10A2338543EAB130581C4C75DF52;PA;São Félix do Xingu;Área de Infraestrutura Pública;Analisado, aguardando atendimento a notificação;PE;3,8717
PA-1507300-C7E3C34FB84E47DCBC4364A1367E5198;PA;São Félix do Xingu;Área de Infraestrutura Pública;Analisado, aguardando regularização ambiental (Lei nº 12.651/2012);AT;1,8034
PA-1507300-C82C4C1A20EB4A3EB407DAB71A4BCC9B;PA;São Félix do Xingu;Área de Infraestrutura Pública;Analisado, aguardando atendimento a notificação;SU;0,0317
PA-1507300-C99162F73D8C4E8CBAC8B017FA772E6D;PA;São Félix do Xingu;Área de Infraestrutura Pública;Aguardando análise;PE;0,1132
PA-1507300-CD39095F11EB4B84A09994645133B8EE;PA;São Félix do Xingu;Área de Infraestrutura Pública;Aguardando análise;PE;3,0163
PA-1507300-CE9D08EAAFEB455FA071DA161F35B876;PA;São Félix do Xingu;Área de Infraestrutura Pública;Analisado, aguardando regularização ambiental (Lei nº 12.651/2012);AT;2,2754
PA-1507300-CEAD620AF75A4EB9BEC191499FC06B4C;PA;São Félix do Xingu;Área de Infraestrutura Pública;Analisado, aguardando regularização ambiental (Lei nº 12.651/2012);AT;3,3981
PA-1507300-CF397D32E3EC4E84B46998E67DD87250;PA;São Félix do Xingu;Área de Infraestrutura Pública;Analisado, aguardando atendimento a notificação;PE;0,0000
PA-1507300-D0B50665F97A4C3099F34AC5DA008472;PA;São Félix do Xingu;Área de Infraestrutura Pública;Analisado, aguardando atendimento a notificação;PE;0,2359
PA-1507300-D1D833416AFC40B3963A9ECDCB048F5A;PA;São Félix do Xingu;Área de Infraestrutura Pública;Analisado, aguardando atendimento a notificação;PE;0,0015
PA-1507300-D35D5A50DE8C465EA6C44D0C507FFCC9;PA;São Félix do Xingu;Área de Infraestrutura Pública;Analisado, aguardando atendimento a notificação;PE;0,5590
PA-1507300-D3DE16A800B043AA85E7B92112F649B2;PA;São Félix do Xingu;Área de Infraestrutura Pública;Aguardando análise;PE;6,0608
PA-1507300-D5F40D2F739E4B42967A591F695E1A7D;PA;São Félix do Xingu;Área de Infraestrutura Pública;Analisado, aguardando regularização ambiental (Lei nº 12.651/2012);AT;1,5394
PA-1507300-D85586C10F924C8982C7B5E7506F09D8;PA;São Félix do Xingu;Área de Infraestrutura Pública;Analisado, aguardando atendimento a notificação;AT;0,2918
PA-1507300-D9AC64D765824E8EB894A41818EC7F5E;PA;São Félix do Xingu;Área de Infraestrutura Pública;Analisado, aguardando atendimento a notificação;PE;0,0013
PA-1507300-DC098A05235C4326A17E4870DAC89BB4;PA;São Félix do Xingu;Área de Infraestrutura Pública;Analisado, aguardando atendimento a notificação;PE;1,0368
PA-1507300-DC749DAE4D7F49BCB7419DD87AB330B3;PA;São Félix do Xingu;Área de Infraestrutura Pública;Analisado, aguardando atendimento a notificação;PE;0,3727
PA-1507300-DDC4E11A41174A4F86ED500B58185106;PA;São Félix do Xingu;Área de Infraestrutura Pública;Analisado, aguardando atendimento a notificação;SU;1,1836
PA-1507300-DF7F94739B034772B6ACEC13F03D9345;PA;São Félix do Xingu;Área de Infraestrutura Pública;Analisado, aguardando regularização ambiental (Lei nº 12.651/2012);AT;4,0406
PA-1507300-DFDC2182D6BD4D948E1A38214336797D;PA;São Félix do Xingu;Área de Infraestrutura Pública;Analisado, aguardando atendimento a notificação;PE;0,6028
PA-1507300-E082A141B7824EDE8D739CE3129986B8;PA;São Félix do Xingu;Área de Infraestrutura Pública;Analisado, aguardando atendimento a notificação;PE;0,8575
PA-1507300-E595BBA978384D59AAE379ACB277E67F;PA;São Félix do Xingu;Área de Infraestrutura Pública;Analisado, aguardando regularização ambiental (Lei nº 12.651/2012);AT;1,3286
PA-1507300-E82C8565149B45D9B62467F45F3B8524;PA;São Félix do Xingu;Área de Infraestrutura Pública;Analisado, aguardando regularização ambiental (Lei nº 12.651/2012);PE;1,7532
PA-1507300-E9FD500E9DAD482DBAF4C1615FDD4BBD;PA;São Félix do Xingu;Área de Infraestrutura Pública;Analisado, aguardando atendimento a notificação;PE;0,0000
PA-1507300-EBA8732BE106441D8023566BC38E374F;PA;São Félix do Xingu;Área de Infraestrutura Pública;Analisado, aguardando atendimento a notificação;PE;0,4508
PA-1507300-EBC83B7D441F4D6AB8FFA76FF4C2AC0D;PA;São Félix do Xingu;Área de Infraestrutura Pública;Analisado, aguardando atendimento a notificação;PE;0,0946
PA-1507300-EBC9A53FAD0140C8A33C9EFE647C9E7C;PA;São Félix do Xingu;Área de Infraestrutura Pública;Analisado, aguardando atendimento a notificação;AT;0,5083
PA-1507300-EDA8547E96934A90B4A3A247AF92C910;PA;São Félix do Xingu;Área de Infraestrutura Pública;Analisado, aguardando atendimento a notificação;PE;1,6156
PA-1507300-EEA6B93602284D929E44984477CCB126;PA;São Félix do Xingu;Área de Infraestrutura Pública;Analisado, aguardando atendimento a notificação;PE;0,0251
PA-1507300-EFD5B66998A34A2CA4D6A366AC5C8D80;PA;São Félix do Xingu;Área de Infraestrutura Pública;Aguardando análise;AT;0,0148
PA-1507300-F0A6DF197C8549D7A4FFD99E89297A0F;PA;São Félix do Xingu;Área de Infraestrutura Pública;Analisado, aguardando atendimento a notificação;SU;18,8149
PA-1507300-F2A97541E32F44E491E5F1756D5D1CD6;PA;São Félix do Xingu;Área de Infraestrutura Pública;Analisado, aguardando atendimento a notificação;PE;0,3070
PA-1507300-F5349BC074FA4134A1088E8DA5418F10;PA;São Félix do Xingu;Área de Infraestrutura Pública;Analisado, aguardando atendimento a notificação;SU;1,5354
PA-1507300-F7EA6FB4DF674B258D3B63815787A11F;PA;São Félix do Xingu;Área de Infraestrutura Pública;Analisado, aguardando atendimento a notificação;PE;1,1834
PA-1507300-F9921F62DC9A43688EAF6A98D3420FC9;PA;São Félix do Xingu;Área de Infraestrutura Pública;Analisado, aguardando atendimento a notificação;PE;0,4647
PA-1507300-FC136733C09E4DEE9BFDBE8C016B2FE7;PA;São Félix do Xingu;Área de Infraestrutura Pública;Analisado, aguardando regularização ambiental (Lei nº 12.651/2012);AT;94,3643
PA-1507300-FCDA9504F2C742E9A290C5D3A1782334;PA;São Félix do Xingu;Área de Infraestrutura Pública;Aguardando análise;PE;0,2201
PA-1507300-00C23A72864A488EA9FA3A9CC65F63AE;PA;São Félix do Xingu;Área de Utilidade Pública;Aguardando análise;PE;1,3389
PA-1507300-01C74FF823C0460F819C900ADCA1B42F;PA;São Félix do Xingu;Área de Utilidade Pública;Analisado, aguardando atendimento a notificação;PE;0,4767
PA-1507300-069239577FE5450290126281DA0A0F8F;PA;São Félix do Xingu;Área de Utilidade Pública;Analisado, aguardando regularização ambiental (Lei nº 12.651/2012);AT;4,3947
PA-1507300-06EC3467E2FE4C009B2D4C4B715FF9FA;PA;São Félix do Xingu;Área de Utilidade Pública;Analisado, aguardando atendimento a notificação;PE;0,3119
PA-1507300-075C697C81A4491697DFBFE964216E65;PA;São Félix do Xingu;Área de Utilidade Pública;Aguardando análise;PE;0,3832
PA-1507300-084A099B205E41B0B837BCDD644F1D7F;PA;São Félix do Xingu;Área de Utilidade Pública;Analisado, aguardando atendimento a notificação;PE;0,3813
PA-1507300-0C680BB8E5CA45E8B32E7BB463EDE99D;PA;São Félix do Xingu;Área de Utilidade Pública;Analisado, aguardando regularização ambiental (Lei nº 12.651/2012);AT;1,9743
PA-1507300-0C832F3B52CB4DACAD354933FBFE7985;PA;São Félix do Xingu;Área de Utilidade Pública;Aguardando análise;PE;0,9382
PA-1507300-0D2538DF9C5A47019B31715EDB8DFF63;PA;São Félix do Xingu;Área de Utilidade Pública;Analisado, aguardando atendimento a notificação;PE;0,8960
PA-1507300-0DF8E8DBE2EB47379647EF2AB5F378EB;PA;São Félix do Xingu;Área de Utilidade Pública;Analisado, aguardando atendimento a notificação;PE;1,1053
PA-1507300-0E2953FA680B4EEA83FD312106BF96A5;PA;São Félix do Xingu;Área de Utilidade Pública;Aguardando análise;PE;1,0212
PA-1507300-0FAA549ECE6243A58675D5346721FEC4;PA;São Félix do Xingu;Área de Utilidade Pública;Analisado, aguardando regularização ambiental (Lei nº 12.651/2012);AT;0,2933
PA-1507300-113A9F09B2F24C3581B9D038699450CD;PA;São Félix do Xingu;Área de Utilidade Pública;Analisado, aguardando atendimento a notificação;SU;7,3529
PA-1507300-130CDC41F6C7436EBA18EB867A5C6B8A;PA;São Félix do Xingu;Área de Utilidade Pública;Analisado, aguardando atendimento a notificação;AT;1,0035
PA-1507300-15EE78EC3F1748C5B9FC4D08D4E0B6FC;PA;São Félix do Xingu;Área de Utilidade Pública;Aguardando análise;PE;0,1311
PA-1507300-181DD43473CB4C71A4408F6013ECBED9;PA;São Félix do Xingu;Área de Utilidade Pública;Analisado, aguardando regularização ambiental (Lei nº 12.651/2012);AT;1,8764
PA-1507300-1869099378FE41ECA5F889261014EC77;PA;São Félix do Xingu;Área de Utilidade Pública;Analisado, aguardando regularização ambiental (Lei nº 12.651/2012);AT;1,0518
PA-1507300-196B2044207E43CB83F5AFDFA78BE497;PA;São Félix do Xingu;Área de Utilidade Pública;Analisado, aguardando atendimento a notificação;PE;0,7456
PA-1507300-1B8964FE88814B70B690D730F82E7A53;PA;São Félix do Xingu;Área de Utilidade Pública;Analisado, aguardando regularização ambiental (Lei nº 12.651/2012);AT;1,9478
PA-1507300-1D053A67D52D4D438EC8B865B8B4E9F3;PA;São Félix do Xingu;Área de Utilidade Pública;Analisado, aguardando regularização ambiental (Lei nº 12.651/2012);AT;7,2587
PA-1507300-1ED3F958341E45D2B788C4375C3D4B91;PA;São Félix do Xingu;Área de Utilidade Pública;Analisado, aguardando regularização ambiental (Lei nº 12.651/2012);AT;1,2021
PA-1507300-1F4D6705696B4A008F0585526FD2D606;PA;São Félix do Xingu;Área de Utilidade Pública;Analisado, aguardando regularização ambiental (Lei nº 12.651/2012);AT;0,2219
PA-1507300-1FC8A95B4C3E4D62B1B653002883BDE8;PA;São Félix do Xingu;Área de Utilidade Pública;Analisado, aguardando atendimento a notificação;AT;2,1051
PA-1507300-203749A665B14D63B1404D25F020F60B;PA;São Félix do Xingu;Área de Utilidade Pública;Analisado, aguardando regularização ambiental (Lei nº 12.651/2012);AT;5,7040
PA-1507300-214FF138E0E348E29DF6D4F7B5C613DB;PA;São Félix do Xingu;Área de Utilidade Pública;Aguardando análise;PE;26,2324
PA-1507300-23BDEA101B844B71950B993D544F7E44;PA;São Félix do Xingu;Área de Utilidade Pública;Analisado, aguardando regularização ambiental (Lei nº 12.651/2012);AT;8,1932
PA-1507300-242CE819C8554E92A5EE9208A0D93C01;PA;São Félix do Xingu;Área de Utilidade Pública;Analisado, aguardando regularização ambiental (Lei nº 12.651/2012);PE;1,6436
PA-1507300-26411A723FF5425E9EFB28ADDFB5B6B6;PA;São Félix do Xingu;Área de Utilidade Pública;Analisado sem pendências;AT;0,0936
PA-1507300-285F77416D014A799B3DAAEF88C8EC19;PA;São Félix do Xingu;Área de Utilidade Pública;Analisado, aguardando atendimento a notificação;SU;1,8043
PA-1507300-305CFD9654784C8AAA821D0DBDA848DE;PA;São Félix do Xingu;Área de Utilidade Pública;Analisado, aguardando atendimento a notificação;AT;0,7664
PA-1507300-309BD492C98F491B8F5CE6FD653A4AAC;PA;São Félix do Xingu;Área de Utilidade Pública;Analisado, aguardando regularização ambiental (Lei nº 12.651/2012);PE;1,9016
PA-1507300-328A02367FB848919A112A21A8DEE2FE;PA;São Félix do Xingu;Área de Utilidade Pública;Analisado, aguardando atendimento a notificação;PE;0,5197
PA-1507300-3716E77E801049F7B5A9FC5CA6E97154;PA;São Félix do Xingu;Área de Utilidade Pública;Analisado, aguardando atendimento a notificação;PE;0,4163
PA-1507300-391AB3218C544CC194D73AC81BE4C544;PA;São Félix do Xingu;Área de Utilidade Pública;Analisado, aguardando atendimento a notificação;PE;2,1823
PA-1507300-3A682409E9BC4B9BAD6AD1EB8ABEA443;PA;São Félix do Xingu;Área de Utilidade Pública;Analisado sem pendências;AT;0,0000
PA-1507300-3A993BCB0AA84F91B4BE0C59A8074250;PA;São Félix do Xingu;Área de Utilidade Pública;Analisado, aguardando atendimento a notificação;PE;0,2993
PA-1507300-3CEBDB9A1030458ABE157B92FE09364F;PA;São Félix do Xingu;Área de Utilidade Pública;Analisado, aguardando regularização ambiental (Lei nº 12.651/2012);AT;0,5349
PA-1507300-3D804F83345F4FD08E797595925640C0;PA;São Félix do Xingu;Área de Utilidade Pública;Analisado, aguardando atendimento a notificação;PE;0,3139
PA-1507300-3DDE3B6338B34930952F94678EB7BF23;PA;São Félix do Xingu;Área de Utilidade Pública;Analisado, aguardando regularização ambiental (Lei nº 12.651/2012);AT;1,4729
PA-1507300-3E7D693AB8924AB1A0188F121835593F;PA;São Félix do Xingu;Área de Utilidade Pública;Analisado, aguardando regularização ambiental (Lei nº 12.651/2012);SU;19,5404
PA-1507300-3EF22A9033524762B411EDB349DB31DC;PA;São Félix do Xingu;Área de Utilidade Pública;Analisado, aguardando regularização ambiental (Lei nº 12.651/2012);AT;0,8268
PA-1507300-407D86F7CF7B48F08D2F1DE1F4E063B1;PA;São Félix do Xingu;Área de Utilidade Pública;Analisado, aguardando regularização ambiental (Lei nº 12.651/2012);AT;1,4706
PA-1507300-417E99B80CDA46218F760FE398A94002;PA;São Félix do Xingu;Área de Utilidade Pública;Analisado, aguardando regularização ambiental (Lei nº 12.651/2012);AT;9,5262
PA-1507300-42D00D1B67FF4E328DE20D015E085E82;PA;São Félix do Xingu;Área de Utilidade Pública;Analisado, aguardando regularização ambiental (Lei nº 12.651/2012);PE;3,0694
PA-1507300-432503E612F045469CCF8873DA0686D0;PA;São Félix do Xingu;Área de Utilidade Pública;Analisado, aguardando regularização ambiental (Lei nº 12.651/2012);PE;12,9507
PA-1507300-43C399641BD94D1F85D6F482D8E3DBB4;PA;São Félix do Xingu;Área de Utilidade Pública;Analisado, aguardando atendimento a notificação;AT;0,9469
PA-1507300-44BA4EBD08754C8A83EF117AB506C99B;PA;São Félix do Xingu;Área de Utilidade Pública;Analisado, aguardando regularização ambiental (Lei nº 12.651/2012);AT;3,9469
PA-1507300-44EE0D0F4522428E9DF46D7E5681275E;PA;São Félix do Xingu;Área de Utilidade Pública;Analisado, aguardando regularização ambiental (Lei nº 12.651/2012);AT;2,3271
PA-1507300-468517C4E7B44432A2723FDD1166E1EC;PA;São Félix do Xingu;Área de Utilidade Pública;Analisado, aguardando atendimento a notificação;AT;0,6653
PA-1507300-47E4751B36C548F796D5A0AF314F2EA3;PA;São Félix do Xingu;Área de Utilidade Pública;Analisado, aguardando regularização ambiental (Lei nº 12.651/2012);PE;3,3615
PA-1507300-489E2FAFF9E94598A24D5085AF2604B1;PA;São Félix do Xingu;Área de Utilidade Pública;Analisado, aguardando regularização ambiental (Lei nº 12.651/2012);PE;2,8687
PA-1507300-48F83F36D8104D34ABE6BB7BAA25C64D;PA;São Félix do Xingu;Área de Utilidade Pública;Analisado, aguardando atendimento a notificação;PE;4,1137
PA-1507300-4B8F8C3DBD7C4603ACB8CDBEBE024682;PA;São Félix do Xingu;Área de Utilidade Pública;Analisado, aguardando regularização ambiental (Lei nº 12.651/2012);AT;2,5223
PA-1507300-4DA0663BE56845C393820C5BF0E20228;PA;São Félix do Xingu;Área de Utilidade Pública;Analisado, aguardando regularização ambiental (Lei nº 12.651/2012);AT;11,3797
PA-1507300-4E6957602FFB48A0B6939D3642FB01B2;PA;São Félix do Xingu;Área de Utilidade Pública;Analisado, aguardando atendimento a notificação;PE;0,8307
PA-1507300-4FBF393BA10C4B16BB47F410C2D447CE;PA;São Félix do Xingu;Área de Utilidade Pública;Analisado, aguardando regularização ambiental (Lei nº 12.651/2012);AT;17,8659
PA-1507300-530073C748DC4DC79CCDD6E7A38A97BF;PA;São Félix do Xingu;Área de Utilidade Pública;Analisado, aguardando atendimento a notificação;PE;1,5001
PA-1507300-55FFDC8FFC2F47CA8EA7F69F56111226;PA;São Félix do Xingu;Área de Utilidade Pública;Analisado, aguardando atendimento a notificação;PE;0,6902
PA-1507300-56559892E7494B5E846721EB7E466CC7;PA;São Félix do Xingu;Área de Utilidade Pública;Analisado, aguardando atendimento a notificação;PE;0,2334
PA-1507300-5E5651BD154D4194830513C8CFC2E63E;PA;São Félix do Xingu;Área de Utilidade Pública;Analisado, aguardando regularização ambiental (Lei nº 12.651/2012);AT;2,7219
PA-1507300-602083E53A8048458670198F0CEE8F53;PA;São Félix do Xingu;Área de Utilidade Pública;Analisado, aguardando regularização ambiental (Lei nº 12.651/2012);AT;2,8757
PA-1507300-61894324C6064C609E2B82934B8760E3;PA;São Félix do Xingu;Área de Utilidade Pública;Analisado, aguardando regularização ambiental (Lei nº 12.651/2012);PE;0,5865
PA-1507300-647958C23A4F4395AC004169BF6AFFF3;PA;São Félix do Xingu;Área de Utilidade Pública;Analisado, aguardando atendimento a notificação;PE;0,0639
PA-1507300-659E30842F994177B330ADE465B33653;PA;São Félix do Xingu;Área de Utilidade Pública;Analisado, aguardando atendimento a notificação;PE;0,9504
PA-1507300-65BF85C8483E41308F902CC88102D5AB;PA;São Félix do Xingu;Área de Utilidade Pública;Analisado, aguardando regularização ambiental (Lei nº 12.651/2012);PE;9,0060
PA-1507300-663A1129FB714ECAB3B9F7E94C0EBC4C;PA;São Félix do Xingu;Área de Utilidade Pública;Aguardando análise;PE;0,2965
PA-1507300-68217660488343758DF46A7A7B404E65;PA;São Félix do Xingu;Área de Utilidade Pública;Aguardando análise;PE;4,2397
PA-1507300-69C022A2F72042D790614D31C0E28AB0;PA;São Félix do Xingu;Área de Utilidade Pública;Aguardando análise;PE;0,8635
PA-1507300-6D1D8235F7AB4316907C2484B99D4AD4;PA;São Félix do Xingu;Área de Utilidade Pública;Analisado, aguardando regularização ambiental (Lei nº 12.651/2012);AT;1,0378
PA-1507300-6E7D0C6237324E2184DB3CD0C2D74F16;PA;São Félix do Xingu;Área de Utilidade Pública;Analisado, aguardando regularização ambiental (Lei nº 12.651/2012);AT;0,5666
PA-1507300-6F7CD1F9AE1044FE90CCFF36EF512361;PA;São Félix do Xingu;Área de Utilidade Pública;Analisado, aguardando atendimento a notificação;PE;0,5473
PA-1507300-7327624DAC3B4519A83E87ED682CB6D9;PA;São Félix do Xingu;Área de Utilidade Pública;Analisado, aguardando atendimento a notificação;PE;3,1392
PA-1507300-7480E033792B493195A38CB71BB229C6;PA;São Félix do Xingu;Área de Utilidade Pública;Analisado, aguardando atendimento a notificação;AT;0,9733
PA-1507300-74C9E918B4814166AEE1F34230B8090D;PA;São Félix do Xingu;Área de Utilidade Pública;Aguardando análise;PE;1,7146
PA-1507300-759AD6452E114D0CBA9242D5A3A94610;PA;São Félix do Xingu;Área de Utilidade Pública;Analisado, aguardando atendimento a notificação;PE;0,7937
PA-1507300-762ACD1084F141599A6C266B26ED60E5;PA;São Félix do Xingu;Área de Utilidade Pública;Analisado, aguardando atendimento a notificação;PE;1,0047
PA-1507300-77116902FD994E98B52545D6D97851EC;PA;São Félix do Xingu;Área de Utilidade Pública;Analisado, aguardando regularização ambiental (Lei nº 12.651/2012);AT;3,4696
PA-1507300-79903F9AA66F4F79A24D933CABB619F3;PA;São Félix do Xingu;Área de Utilidade Pública;Analisado, aguardando regularização ambiental (Lei nº 12.651/2012);AT;2,4041
PA-1507300-7D9A1E48B9C84BABAFA89A097EAEC2B7;PA;São Félix do Xingu;Área de Utilidade Pública;Analisado, aguardando regularização ambiental (Lei nº 12.651/2012);AT;0,7881
PA-1507300-7EED650E5D0249E5B3C4CD3930B57DE1;PA;São Félix do Xingu;Área de Utilidade Pública;Analisado, aguardando regularização ambiental (Lei nº 12.651/2012);AT;3,9666
PA-1507300-822FC49767454736ABD49596B1F3B1A4;PA;São Félix do Xingu;Área de Utilidade Pública;Aguardando análise;SU;9,4780
PA-1507300-83B2D379C2924EA7912892137789FE0A;PA;São Félix do Xingu;Área de Utilidade Pública;Aguardando análise;PE;1,0056
PA-1507300-8441DF9DB73140A2B86D6BEAF72CEE42;PA;São Félix do Xingu;Área de Utilidade Pública;Analisado, aguardando atendimento a notificação;PE;0,5513
PA-1507300-88643B262E074AA3A9B51377FCF93D32;PA;São Félix do Xingu;Área de Utilidade Pública;Analisado, aguardando regularização ambiental (Lei nº 12.651/2012);AT;1,3065
PA-1507300-88A9DBEBEA7C4AB285ED981C78DF8ABC;PA;São Félix do Xingu;Área de Utilidade Pública;Analisado, aguardando regularização ambiental (Lei nº 12.651/2012);AT;2,0254
PA-1507300-89A23C67E7B045828EB80AD48C8193DD;PA;São Félix do Xingu;Área de Utilidade Pública;Analisado, aguardando regularização ambiental (Lei nº 12.651/2012);AT;3,5120
PA-1507300-8B8A9E6031434BB58E7E90FC5A086554;PA;São Félix do Xingu;Área de Utilidade Pública;Analisado, aguardando atendimento a notificação;PE;0,4816
PA-1507300-8B99D3321D334A0F8A11F83C4E5C3C53;PA;São Félix do Xingu;Área de Utilidade Pública;Analisado, aguardando atendimento a notificação;PE;2,1989
PA-1507300-8C709FCFE9BE4AE1B061467D59840360;PA;São Félix do Xingu;Área de Utilidade Pública;Analisado, aguardando atendimento a notificação;PE;0,1079
PA-1507300-8E523D23905C4B4886A35AA4F326500F;PA;São Félix do Xingu;Área de Utilidade Pública;Analisado, aguardando regularização ambiental (Lei nº 12.651/2012);AT;1,1613
PA-1507300-8EC5334AC03D47219C673E2109ED832B;PA;São Félix do Xingu;Área de Utilidade Pública;Analisado, aguardando regularização ambiental (Lei nº 12.651/2012);AT;5,5042
PA-1507300-9063201047BA40FC8AB31A1D96C21052;PA;São Félix do Xingu;Área de Utilidade Pública;Analisado, aguardando atendimento a notificação;PE;2,7621
PA-1507300-9279F53A552E4AAFA76C4EAD026673ED;PA;São Félix do Xingu;Área de Utilidade Pública;Analisado, aguardando atendimento a notificação;PE;0,0418
PA-1507300-936C9CCB91444EB9954A95876A1394AA;PA;São Félix do Xingu;Área de Utilidade Pública;Analisado, em conformidade com a Lei nº 12.651/2012;AT;1,5934
PA-1507300-94A50D1C427741AE928ABB1B3698007D;PA;São Félix do Xingu;Área de Utilidade Pública;Analisado, aguardando atendimento a notificação;PE;1,6047
PA-1507300-9505EC5F5A5643D980AF668E70E54316;PA;São Félix do Xingu;Área de Utilidade Pública;Aguardando análise;PE;0,2684
PA-1507300-95225D0AFC0C4EFBB5BB4950507A55C5;PA;São Félix do Xingu;Área de Utilidade Pública;Aguardando análise;AT;2,3456
PA-1507300-9783EE0800064B378535C5BFBE9A364F;PA;São Félix do Xingu;Área de Utilidade Pública;Aguardando análise;PE;0,7469
PA-1507300-97FF244057294139B0CF4C28490692EA;PA;São Félix do Xingu;Área de Utilidade Pública;Analisado, aguardando regularização ambiental (Lei nº 12.651/2012);AT;0,0531
PA-1507300-9B378CF08C7D4FB2BE1C5DA2D2EF943C;PA;São Félix do Xingu;Área de Utilidade Pública;Analisado, aguardando atendimento a notificação;PE;0,5207
PA-1507300-A058FC17EE8242BB84D5C277C6FC744E;PA;São Félix do Xingu;Área de Utilidade Pública;Analisado, aguardando regularização ambiental (Lei nº 12.651/2012);AT;0,2069
PA-1507300-A28FD2ACFC4442DBA771525AD348D2A4;PA;São Félix do Xingu;Área de Utilidade Pública;Analisado, aguardando atendimento a notificação;PE;0,2076
PA-1507300-A38025A7879E4FFD9B56B497533CA4F9;PA;São Félix do Xingu;Área de Utilidade Pública;Analisado, aguardando atendimento a notificação;PE;0,4840
PA-1507300-A3FC4D5AA9D841EA9720FC8181BC0108;PA;São Félix do Xingu;Área de Utilidade Pública;Analisado, aguardando regularização ambiental (Lei nº 12.651/2012);PE;5,3629
PA-1507300-A5D7730EF31F462D86076B7B8C0AF763;PA;São Félix do Xingu;Área de Utilidade Pública;Aguardando análise;PE;1,5576
PA-1507300-A826B2E7FCC14441AFFBDD4A74902390;PA;São Félix do Xingu;Área de Utilidade Pública;Analisado, aguardando regularização ambiental (Lei nº 12.651/2012);AT;5,0704
PA-1507300-ABFCC3C902194BC7B4916DEC14D85B29;PA;São Félix do Xingu;Área de Utilidade Pública;Analisado, aguardando regularização ambiental (Lei nº 12.651/2012);AT;6,9442
PA-1507300-ACBB3D097EA54235B4BE51FB79A0CAA4;PA;São Félix do Xingu;Área de Utilidade Pública;Analisado, aguardando atendimento a notificação;PE;0,5371
PA-1507300-AD0F81153CCB4FC7B81ECC0B059B3EA9;PA;São Félix do Xingu;Área de Utilidade Pública;Analisado, aguardando atendimento a notificação;PE;0,5753
PA-1507300-AD6540BD656E4925B30B3A7B8D7B1180;PA;São Félix do Xingu;Área de Utilidade Pública;Aguardando análise;AT;0,6946
PA-1507300-AE1585588ED04C95954C5F2A37BF5E59;PA;São Félix do Xingu;Área de Utilidade Pública;Aguardando análise;PE;1,7150
PA-1507300-AEE9FD94E82A42E49756CD14650BDB92;PA;São Félix do Xingu;Área de Utilidade Pública;Analisado, aguardando regularização ambiental (Lei nº 12.651/2012);PE;0,9985
PA-1507300-AF8EC13A6A3D4F55877610F7617076EF;PA;São Félix do Xingu;Área de Utilidade Pública;Analisado, aguardando atendimento a notificação;PE;2,1221
PA-1507300-B135F7318F9A44BA9C31AFE24A6C40D7;PA;São Félix do Xingu;Área de Utilidade Pública;Aguardando análise;PE;0,4524
PA-1507300-B17B363E6CA44D739F7BEBF9916320E2;PA;São Félix do Xingu;Área de Utilidade Pública;Aguardando análise;AT;3,6992
PA-1507300-B34B06EC22DE4A9FA97BF5AE55473862;PA;São Félix do Xingu;Área de Utilidade Pública;Analisado, aguardando atendimento a notificação;PE;3,0109
PA-1507300-B657F97EB3084113AD3B16C3F07983CB;PA;São Félix do Xingu;Área de Utilidade Pública;Analisado, aguardando regularização ambiental (Lei nº 12.651/2012);AT;2,6646
PA-1507300-B6B43FE709D5400CA79869AD4798E2BA;PA;São Félix do Xingu;Área de Utilidade Pública;Aguardando análise;SU;12,3921
PA-1507300-B95740DFF10C4C4CA9330E795A29992A;PA;São Félix do Xingu;Área de Utilidade Pública;Aguardando análise;PE;2,1881
PA-1507300-BC46A5247131444C96D6E901A8AF5084;PA;São Félix do Xingu;Área de Utilidade Pública;Aguardando análise;PE;10,6860
PA-1507300-BEA6256E88734D5999FF38C85024949D;PA;São Félix do Xingu;Área de Utilidade Pública;Analisado, aguardando atendimento a notificação;PE;0,2513
PA-1507300-C0072062240545BBB596C4210A7A0FB3;PA;São Félix do Xingu;Área de Utilidade Pública;Aguardando análise;PE;1,7658
PA-1507300-C1819DB2BE1E4A8D97724F2909D5F1B1;PA;São Félix do Xingu;Área de Utilidade Pública;Analisado, aguardando regularização ambiental (Lei nº 12.651/2012);AT;4,5111
PA-1507300-C52F485ED6CA4DCCAA9E8F4A5BBA977B;PA;São Félix do Xingu;Área de Utilidade Pública;Aguardando análise;PE;3,1177
PA-1507300-C5A65ADEF048475C9590CBE996749CC3;PA;São Félix do Xingu;Área de Utilidade Pública;Analisado, aguardando atendimento a notificação;SU;1,8247
PA-1507300-C6263A664D024D79A4B270F648A2E047;PA;São Félix do Xingu;Área de Utilidade Pública;Analisado, aguardando regularização ambiental (Lei nº 12.651/2012);PE;0,0336
PA-1507300-C74D5316677D421086B13BC46A14E759;PA;São Félix do Xingu;Área de Utilidade Pública;Analisado, aguardando atendimento a notificação;PE;1,0269
PA-1507300-C83B3E3D2056444FAD07EA87310128E2;PA;São Félix do Xingu;Área de Utilidade Pública;Analisado, aguardando atendimento a notificação;PE;0,0663
PA-1507300-CA8411A645534A5E9C0D3CDB0D068EA1;PA;São Félix do Xingu;Área de Utilidade Pública;Analisado, aguardando regularização ambiental (Lei nº 12.651/2012);AT;0,8246
PA-1507300-CAFA9E9A0BC14B2DA88D039F62FF048B;PA;São Félix do Xingu;Área de Utilidade Pública;Aguardando análise;PE;1,7155
PA-1507300-CC5AE2868846460B976C40C99C2DB411;PA;São Félix do Xingu;Área de Utilidade Pública;Analisado, aguardando atendimento a notificação;PE;0,5172
PA-1507300-CDD0192128F04964994A60FB990DA436;PA;São Félix do Xingu;Área de Utilidade Pública;Analisado, aguardando regularização ambiental (Lei nº 12.651/2012);AT;13,4658
PA-1507300-D479EB9BBBB749FD8F24A0974997AE24;PA;São Félix do Xingu;Área de Utilidade Pública;Analisado, aguardando regularização ambiental (Lei nº 12.651/2012);AT;4,1061
PA-1507300-D7C1E936047849419C37B1EAF5BB977F;PA;São Félix do Xingu;Área de Utilidade Pública;Aguardando análise;PE;0,2645
PA-1507300-D9862DB20BCE4230BA9A227D7F7FF37E;PA;São Félix do Xingu;Área de Utilidade Pública;Analisado, aguardando atendimento a notificação;AT;1,1837
PA-1507300-DC40FAC8136844FB8CC8B800D643686C;PA;São Félix do Xingu;Área de Utilidade Pública;Em análise;PE;2,5083
PA-1507300-DD78C1CC59CA4DF8BF497A228D57CF7F;PA;São Félix do Xingu;Área de Utilidade Pública;Analisado, aguardando regularização ambiental (Lei nº 12.651/2012);AT;1,1956
PA-1507300-DF944449BCDE4C08BA2F67C677EF23A4;PA;São Félix do Xingu;Área de Utilidade Pública;Analisado, aguardando atendimento a notificação;PE;0,1076
PA-1507300-DFE82B2F12234F80856A8B218CE8AB66;PA;São Félix do Xingu;Área de Utilidade Pública;Analisado, aguardando regularização ambiental (Lei nº 12.651/2012);AT;0,9053
PA-1507300-E58654BB857040119F3345B9E542089C;PA;São Félix do Xingu;Área de Utilidade Pública;Analisado, aguardando atendimento a notificação;PE;0,3879
PA-1507300-E58EB0F39A6A43799BD0798921F0DC2D;PA;São Félix do Xingu;Área de Utilidade Pública;Aguardando análise;AT;3,4282
PA-1507300-E6D4882D6BB140B2BADA5C998B2BEE93;PA;São Félix do Xingu;Área de Utilidade Pública;Aguardando análise;AT;2,7150
PA-1507300-E7F7446A40AA4C9CBC5833DE3441FD01;PA;São Félix do Xingu;Área de Utilidade Pública;Analisado, aguardando regularização ambiental (Lei nº 12.651/2012);AT;0,5764
PA-1507300-E8E3BEF46A034494B126ABC22C174DDA;PA;São Félix do Xingu;Área de Utilidade Pública;Analisado, aguardando regularização ambiental (Lei nº 12.651/2012);AT;1,4685
PA-1507300-E9CE2D54EF0E4D468D0DE0CD23F00D5E;PA;São Félix do Xingu;Área de Utilidade Pública;Analisado, aguardando regularização ambiental (Lei nº 12.651/2012);PE;20,1478
PA-1507300-ECD9AF603D53419CBB02EEA97943EC90;PA;São Félix do Xingu;Área de Utilidade Pública;Analisado, aguardando regularização ambiental (Lei nº 12.651/2012);AT;16,7816
PA-1507300-EE2A37C30C1F4C9796834C08F27630BD;PA;São Félix do Xingu;Área de Utilidade Pública;Em análise;PE;2,4965
PA-1507300-EE84B2136074475F8D78AE87BF5F4F6F;PA;São Félix do Xingu;Área de Utilidade Pública;Analisado, aguardando atendimento a notificação;PE;1,0437
PA-1507300-F12EC0512EBB49F8A33425E05D326AE9;PA;São Félix do Xingu;Área de Utilidade Pública;Analisado, aguardando atendimento a notificação;PE;0,6033
PA-1507300-F3F53360CB0E4E8BA4B68558FE3F04E5;PA;São Félix do Xingu;Área de Utilidade Pública;Analisado, aguardando atendimento a notificação;PE;0,0880
PA-1507300-F4F1A7735A3D44359E26BAE2514A35FA;PA;São Félix do Xingu;Área de Utilidade Pública;Analisado, aguardando regularização ambiental (Lei nº 12.651/2012);AT;4,5270
PA-1507300-F72C38E3E5F24F29A0393C3BCF49419E;PA;São Félix do Xingu;Área de Utilidade Pública;Analisado, aguardando atendimento a notificação;PE;0,1271
PA-1507300-F84B18CA0CE041659DC1CB19CC494249;PA;São Félix do Xingu;Área de Utilidade Pública;Analisado, aguardando regularização ambiental (Lei nº 12.651/2012);AT;4,9662
PA-1507300-F9165DD92BA44983AA832F9AD88DB910;PA;São Félix do Xingu;Área de Utilidade Pública;Analisado, aguardando atendimento a notificação;SU;0,3559
PA-1507300-FB4EBD9085F34D84B3BF4ADDB757A749;PA;São Félix do Xingu;Área de Utilidade Pública;Analisado, aguardando regularização ambiental (Lei nº 12.651/2012);AT;2,7180
PA-1507300-FCA561887A244E98A7331414C1884539;PA;São Félix do Xingu;Área de Utilidade Pública;Analisado, aguardando atendimento a notificação;PE;0,0144
PA-1507300-FE2D86FD7D534CF6B054FED3904F9444;PA;São Félix do Xingu;Área de Utilidade Pública;Analisado, aguardando regularização ambiental (Lei nº 12.651/2012);AT;0,6075
PA-1507300-FF5DE0EEBD3E43708AC47F63E406D0ED;PA;São Félix do Xingu;Área de Utilidade Pública;Analisado, aguardando regularização ambiental (Lei nº 12.651/2012);AT;1,6129
PA-1507300-FFEB379C6C8E4DD48126028645587FF1;PA;São Félix do Xingu;Área de Utilidade Pública;Analisado, aguardando atendimento a notificação;AT;0,2992
PA-1507300-00C23A72864A488EA9FA3A9CC65F63AE;PA;São Félix do Xingu;Área de Servidão Administrativa Total;Aguardando análise;PE;1,3389
PA-1507300-01C74FF823C0460F819C900ADCA1B42F;PA;São Félix do Xingu;Área de Servidão Administrativa Total;Analisado, aguardando atendimento a notificação;PE;0,4767
PA-1507300-024CA8E952284838B288EBA30A436DEB;PA;São Félix do Xingu;Área de Servidão Administrativa Total;Aguardando análise;PE;0,3270
PA-1507300-031EFB7DBADF45DBB38FF5A2BDDF68A4;PA;São Félix do Xingu;Área de Servidão Administrativa Total;Analisado, aguardando atendimento a notificação;PE;0,5532
PA-1507300-059E30B351564B39BA141C880B497870;PA;São Félix do Xingu;Área de Servidão Administrativa Total;Analisado, aguardando atendimento a notificação;PE;0,0237
PA-1507300-069239577FE5450290126281DA0A0F8F;PA;São Félix do Xingu;Área de Servidão Administrativa Total;Analisado, aguardando regularização ambiental (Lei nº 12.651/2012);AT;4,3947
PA-1507300-06EC3467E2FE4C009B2D4C4B715FF9FA;PA;São Félix do Xingu;Área de Servidão Administrativa Total;Analisado, aguardando atendimento a notificação;PE;0,3119
PA-1507300-075C697C81A4491697DFBFE964216E65;PA;São Félix do Xingu;Área de Servidão Administrativa Total;Aguardando análise;PE;0,3832
PA-1507300-084A099B205E41B0B837BCDD644F1D7F;PA;São Félix do Xingu;Área de Servidão Administrativa Total;Analisado, aguardando atendimento a notificação;PE;0,3813
PA-1507300-0AB11CCF9B6A407B8C5F096B07509ADF;PA;São Félix do Xingu;Área de Servidão Administrativa Total;Aguardando análise;AT;0,5898
PA-1507300-0BBE8E5FE3CA43ABAF3FE2DCAFF630E3;PA;São Félix do Xingu;Área de Servidão Administrativa Total;Aguardando análise;PE;0,6357
PA-1507300-0C680BB8E5CA45E8B32E7BB463EDE99D;PA;São Félix do Xingu;Área de Servidão Administrativa Total;Analisado, aguardando regularização ambiental (Lei nº 12.651/2012);AT;1,9743
PA-1507300-0C832F3B52CB4DACAD354933FBFE7985;PA;São Félix do Xingu;Área de Servidão Administrativa Total;Aguardando análise;PE;0,9382
PA-1507300-0D2538DF9C5A47019B31715EDB8DFF63;PA;São Félix do Xingu;Área de Servidão Administrativa Total;Analisado, aguardando atendimento a notificação;PE;0,8960
PA-1507300-0DF8E8DBE2EB47379647EF2AB5F378EB;PA;São Félix do Xingu;Área de Servidão Administrativa Total;Analisado, aguardando atendimento a notificação;PE;1,1053
PA-1507300-0E2953FA680B4EEA83FD312106BF96A5;PA;São Félix do Xingu;Área de Servidão Administrativa Total;Aguardando análise;PE;1,0212
PA-1507300-0FAA549ECE6243A58675D5346721FEC4;PA;São Félix do Xingu;Área de Servidão Administrativa Total;Analisado, aguardando regularização ambiental (Lei nº 12.651/2012);AT;0,2933
PA-1507300-113A9F09B2F24C3581B9D038699450CD;PA;São Félix do Xingu;Área de Servidão Administrativa Total;Analisado, aguardando atendimento a notificação;SU;7,3529
PA-1507300-11678CD6FAB24B90A48E7670D582C942;PA;São Félix do Xingu;Área de Servidão Administrativa Total;Analisado, aguardando regularização ambiental (Lei nº 12.651/2012);AT;1,5441
PA-1507300-130CDC41F6C7436EBA18EB867A5C6B8A;PA;São Félix do Xingu;Área de Servidão Administrativa Total;Analisado, aguardando atendimento a notificação;AT;1,0035
PA-1507300-13F271DB92234CFD8EE82CAD01FF73B5;PA;São Félix do Xingu;Área de Servidão Administrativa Total;Analisado, aguardando atendimento a notificação;PE;0,3599
PA-1507300-15E7D69ABCDE4B0D84E5025D63E537A7;PA;São Félix do Xingu;Área de Servidão Administrativa Total;Analisado sem pendências;AT;0,1869
PA-1507300-15EE78EC3F1748C5B9FC4D08D4E0B6FC;PA;São Félix do Xingu;Área de Servidão Administrativa Total;Aguardando análise;PE;0,1311
PA-1507300-181DD43473CB4C71A4408F6013ECBED9;PA;São Félix do Xingu;Área de Servidão Administrativa Total;Analisado, aguardando regularização ambiental (Lei nº 12.651/2012);AT;1,8764
PA-1507300-1869099378FE41ECA5F889261014EC77;PA;São Félix do Xingu;Área de Servidão Administrativa Total;Analisado, aguardando regularização ambiental (Lei nº 12.651/2012);AT;1,0518
PA-1507300-18BDEEA4A6674DE89AA15746C043676D;PA;São Félix do Xingu;Área de Servidão Administrativa Total;Em análise;PE;4,4939
PA-1507300-1966856ED9D14848A52E918AB1FD409D;PA;São Félix do Xingu;Área de Servidão Administrativa Total;Analisado, aguardando atendimento a notificação;PE;0,7629
PA-1507300-196B2044207E43CB83F5AFDFA78BE497;PA;São Félix do Xingu;Área de Servidão Administrativa Total;Analisado, aguardando atendimento a notificação;PE;0,7456
PA-1507300-1AE7AA900D8F4D31A2EA0E06697D43D8;PA;São Félix do Xingu;Área de Servidão Administrativa Total;Analisado, aguardando regularização ambiental (Lei nº 12.651/2012);AT;1,4009
PA-1507300-1B8964FE88814B70B690D730F82E7A53;PA;São Félix do Xingu;Área de Servidão Administrativa Total;Analisado, aguardando regularização ambiental (Lei nº 12.651/2012);AT;1,9478
PA-1507300-1D053A67D52D4D438EC8B865B8B4E9F3;PA;São Félix do Xingu;Área de Servidão Administrativa Total;Analisado, aguardando regularização ambiental (Lei nº 12.651/2012);AT;7,2587
PA-1507300-1ED3F958341E45D2B788C4375C3D4B91;PA;São Félix do Xingu;Área de Servidão Administrativa Total;Analisado, aguardando regularização ambiental (Lei nº 12.651/2012);AT;1,2021
PA-1507300-1F4D6705696B4A008F0585526FD2D606;PA;São Félix do Xingu;Área de Servidão Administrativa Total;Analisado, aguardando regularização ambiental (Lei nº 12.651/2012);AT;0,2219
PA-1507300-1FC8A95B4C3E4D62B1B653002883BDE8;PA;São Félix do Xingu;Área de Servidão Administrativa Total;Analisado, aguardando atendimento a notificação;AT;2,1051
PA-1507300-203749A665B14D63B1404D25F020F60B;PA;São Félix do Xingu;Área de Servidão Administrativa Total;Analisado, aguardando regularização ambiental (Lei nº 12.651/2012);AT;5,7040
PA-1507300-208B6F05D11647328F3C8088098690E0;PA;São Félix do Xingu;Área de Servidão Administrativa Total;Analisado, aguardando atendimento a notificação;PE;0,3762
PA-1507300-214FF138E0E348E29DF6D4F7B5C613DB;PA;São Félix do Xingu;Área de Servidão Administrativa Total;Aguardando análise;PE;26,2324
PA-1507300-23BDEA101B844B71950B993D544F7E44;PA;São Félix do Xingu;Área de Servidão Administrativa Total;Analisado, aguardando regularização ambiental (Lei nº 12.651/2012);AT;8,1932
PA-1507300-242CE819C8554E92A5EE9208A0D93C01;PA;São Félix do Xingu;Área de Servidão Administrativa Total;Analisado, aguardando regularização ambiental (Lei nº 12.651/2012);PE;1,6436
PA-1507300-26411A723FF5425E9EFB28ADDFB5B6B6;PA;São Félix do Xingu;Área de Servidão Administrativa Total;Analisado sem pendências;AT;0,0936
PA-1507300-26CAA55C64F34259BF76CB3D8AC8E35A;PA;São Félix do Xingu;Área de Servidão Administrativa Total;Analisado, aguardando atendimento a notificação;PE;0,5097
PA-1507300-285F77416D014A799B3DAAEF88C8EC19;PA;São Félix do Xingu;Área de Servidão Administrativa Total;Analisado, aguardando atendimento a notificação;SU;1,8043
PA-1507300-2CEC0C0F8B27471FBF1EDE0F88B3F371;PA;São Félix do Xingu;Área de Servidão Administrativa Total;Aguardando análise;PE;5,5515
PA-1507300-305CFD9654784C8AAA821D0DBDA848DE;PA;São Félix do Xingu;Área de Servidão Administrativa Total;Analisado, aguardando atendimento a notificação;AT;0,7664
PA-1507300-309BD492C98F491B8F5CE6FD653A4AAC;PA;São Félix do Xingu;Área de Servidão Administrativa Total;Analisado, aguardando regularização ambiental (Lei nº 12.651/2012);PE;1,9016
PA-1507300-328A02367FB848919A112A21A8DEE2FE;PA;São Félix do Xingu;Área de Servidão Administrativa Total;Analisado, aguardando atendimento a notificação;PE;0,5197
PA-1507300-334DE3AD421E4E1F93794C3CA945BB71;PA;São Félix do Xingu;Área de Servidão Administrativa Total;Analisado, aguardando atendimento a notificação;SU;0,2601
PA-1507300-33E1F4BC6556429CB9094561218B3C62;PA;São Félix do Xingu;Área de Servidão Administrativa Total;Analisado, aguardando regularização ambiental (Lei nº 12.651/2012);AT;11,6987
PA-1507300-3432A5119A0C435EA698F2340211F78D;PA;São Félix do Xingu;Área de Servidão Administrativa Total;Analisado, aguardando atendimento a notificação;PE;0,8123
PA-1507300-3716E77E801049F7B5A9FC5CA6E97154;PA;São Félix do Xingu;Área de Servidão Administrativa Total;Analisado, aguardando atendimento a notificação;PE;0,4163
PA-1507300-391AB3218C544CC194D73AC81BE4C544;PA;São Félix do Xingu;Área de Servidão Administrativa Total;Analisado, aguardando atendimento a notificação;PE;2,1823
PA-1507300-39B689CBF162459D92DC141DCC53313F;PA;São Félix do Xingu;Área de Servidão Administrativa Total;Analisado, aguardando regularização ambiental (Lei nº 12.651/2012);AT;3,6826
PA-1507300-3A682409E9BC4B9BAD6AD1EB8ABEA443;PA;São Félix do Xingu;Área de Servidão Administrativa Total;Analisado sem pendências;AT;0,0000
PA-1507300-3A993BCB0AA84F91B4BE0C59A8074250;PA;São Félix do Xingu;Área de Servidão Administrativa Total;Analisado, aguardando atendimento a notificação;PE;0,2993
PA-1507300-3B22D46419CB4BDF816DA805EFA24B7A;PA;São Félix do Xingu;Área de Servidão Administrativa Total;Analisado, aguardando atendimento a notificação;SU;0,7831
PA-1507300-3BEE93D10FC0474787D2111CB2355689;PA;São Félix do Xingu;Área de Servidão Administrativa Total;Analisado, aguardando atendimento a notificação;SU;0,9293
PA-1507300-3CEBDB9A1030458ABE157B92FE09364F;PA;São Félix do Xingu;Área de Servidão Administrativa Total;Analisado, aguardando regularização ambiental (Lei nº 12.651/2012);AT;0,5349
PA-1507300-3D3592C0D54E430BB6B07DC7B6385172;PA;São Félix do Xingu;Área de Servidão Administrativa Total;Analisado, aguardando atendimento a notificação;PE;0,0875
PA-1507300-3D804F83345F4FD08E797595925640C0;PA;São Félix do Xingu;Área de Servidão Administrativa Total;Analisado, aguardando atendimento a notificação;PE;0,3139
PA-1507300-3DDE3B6338B34930952F94678EB7BF23;PA;São Félix do Xingu;Área de Servidão Administrativa Total;Analisado, aguardando regularização ambiental (Lei nº 12.651/2012);AT;1,4729
PA-1507300-3E7D693AB8924AB1A0188F121835593F;PA;São Félix do Xingu;Área de Servidão Administrativa Total;Analisado, aguardando regularização ambiental (Lei nº 12.651/2012);SU;19,5404
PA-1507300-3EACD80F884646B1941CFE05791EC04D;PA;São Félix do Xingu;Área de Servidão Administrativa Total;Aguardando análise;AT;0,4966
PA-1507300-3EF22A9033524762B411EDB349DB31DC;PA;São Félix do Xingu;Área de Servidão Administrativa Total;Analisado, aguardando regularização ambiental (Lei nº 12.651/2012);AT;0,8268
PA-1507300-407D86F7CF7B48F08D2F1DE1F4E063B1;PA;São Félix do Xingu;Área de Servidão Administrativa Total;Analisado, aguardando regularização ambiental (Lei nº 12.651/2012);AT;6,4207
PA-1507300-40DF2F3A9733452CA0C6645E030DB8E5;PA;São Félix do Xingu;Área de Servidão Administrativa Total;Analisado, aguardando regularização ambiental (Lei nº 12.651/2012);AT;0,7496
PA-1507300-417E99B80CDA46218F760FE398A94002;PA;São Félix do Xingu;Área de Servidão Administrativa Total;Analisado, aguardando regularização ambiental (Lei nº 12.651/2012);AT;9,5262
PA-1507300-42D00D1B67FF4E328DE20D015E085E82;PA;São Félix do Xingu;Área de Servidão Administrativa Total;Analisado, aguardando regularização ambiental (Lei nº 12.651/2012);PE;3,0694
PA-1507300-432503E612F045469CCF8873DA0686D0;PA;São Félix do Xingu;Área de Servidão Administrativa Total;Analisado, aguardando regularização ambiental (Lei nº 12.651/2012);PE;12,9507
PA-1507300-43C399641BD94D1F85D6F482D8E3DBB4;PA;São Félix do Xingu;Área de Servidão Administrativa Total;Analisado, aguardando atendimento a notificação;AT;0,9469
PA-1507300-44BA4EBD08754C8A83EF117AB506C99B;PA;São Félix do Xingu;Área de Servidão Administrativa Total;Analisado, aguardando regularização ambiental (Lei nº 12.651/2012);AT;3,9469
PA-1507300-44EE0D0F4522428E9DF46D7E5681275E;PA;São Félix do Xingu;Área de Servidão Administrativa Total;Analisado, aguardando regularização ambiental (Lei nº 12.651/2012);AT;2,3271
PA-1507300-44F8790756FB4CC9AED342A2EA617F3E;PA;São Félix do Xingu;Área de Servidão Administrativa Total;Analisado, aguardando regularização ambiental (Lei nº 12.651/2012);AT;1,4238
PA-1507300-468517C4E7B44432A2723FDD1166E1EC;PA;São Félix do Xingu;Área de Servidão Administrativa Total;Analisado, aguardando atendimento a notificação;AT;0,6653
PA-1507300-46CBA0ED4C5C4A04B093E6484FA7D259;PA;São Félix do Xingu;Área de Servidão Administrativa Total;Analisado, aguardando atendimento a notificação;PE;0,9798
PA-1507300-47E4751B36C548F796D5A0AF314F2EA3;PA;São Félix do Xingu;Área de Servidão Administrativa Total;Analisado, aguardando regularização ambiental (Lei nº 12.651/2012);PE;3,3615
PA-1507300-47EB5BD6FB3E4DBBB35B39FAE02C88C2;PA;São Félix do Xingu;Área de Servidão Administrativa Total;Analisado, aguardando atendimento a notificação;SU;0,1165
PA-1507300-488091B434124393B438E340D717ADA1;PA;São Félix do Xingu;Área de Servidão Administrativa Total;Analisado, aguardando regularização ambiental (Lei nº 12.651/2012);PE;1,9480
PA-1507300-489E2FAFF9E94598A24D5085AF2604B1;PA;São Félix do Xingu;Área de Servidão Administrativa Total;Analisado, aguardando regularização ambiental (Lei nº 12.651/2012);PE;2,8687
PA-1507300-489FAA8357024D049E2A8DE390DB6EDE;PA;São Félix do Xingu;Área de Servidão Administrativa Total;Analisado, aguardando regularização ambiental (Lei nº 12.651/2012);AT;8,7947
PA-1507300-48F83F36D8104D34ABE6BB7BAA25C64D;PA;São Félix do Xingu;Área de Servidão Administrativa Total;Analisado, aguardando atendimento a notificação;PE;4,1137
PA-1507300-4B73EAF94A054131ADCE76512C32368A;PA;São Félix do Xingu;Área de Servidão Administrativa Total;Aguardando análise;AT;1,3362
PA-1507300-4B8F8C3DBD7C4603ACB8CDBEBE024682;PA;São Félix do Xingu;Área de Servidão Administrativa Total;Analisado, aguardando regularização ambiental (Lei nº 12.651/2012);AT;2,5223
PA-1507300-4DA0663BE56845C393820C5BF0E20228;PA;São Félix do Xingu;Área de Servidão Administrativa Total;Analisado, aguardando regularização ambiental (Lei nº 12.651/2012);AT;11,3797
PA-1507300-4DB5D01F36A1462DB36CDCA04B549B69;PA;São Félix do Xingu;Área de Servidão Administrativa Total;Aguardando análise;PE;0,3179
PA-1507300-4E6957602FFB48A0B6939D3642FB01B2;PA;São Félix do Xingu;Área de Servidão Administrativa Total;Analisado, aguardando atendimento a notificação;PE;0,8307
PA-1507300-4EE4087CB33D4C919FCBA24C82A93B21;PA;São Félix do Xingu;Área de Servidão Administrativa Total;Aguardando análise;PE;0,3705
PA-1507300-4F6EE9C31B394109AFFA31E4E6614137;PA;São Félix do Xingu;Área de Servidão Administrativa Total;Analisado, aguardando atendimento a notificação;PE;0,0506
PA-1507300-4FBF393BA10C4B16BB47F410C2D447CE;PA;São Félix do Xingu;Área de Servidão Administrativa Total;Analisado, aguardando regularização ambiental (Lei nº 12.651/2012);AT;37,9973
PA-1507300-50CAD5F4A3F94D6ABC78F0675A6A5CD1;PA;São Félix do Xingu;Área de Servidão Administrativa Total;Analisado, aguardando atendimento a notificação;PE;0,4235
PA-1507300-52EBA0B441664151AAFF2357AC1E96E4;PA;São Félix do Xingu;Área de Servidão Administrativa Total;Analisado, aguardando regularização ambiental (Lei nº 12.651/2012);AT;4,2659
PA-1507300-530073C748DC4DC79CCDD6E7A38A97BF;PA;São Félix do Xingu;Área de Servidão Administrativa Total;Analisado, aguardando atendimento a notificação;PE;1,5001
PA-1507300-543656457E1449A78E88EBAEBB353509;PA;São Félix do Xingu;Área de Servidão Administrativa Total;Analisado, aguardando atendimento a notificação;PE;15,2500
PA-1507300-5506F43A644F40A598E8E7895DB433F4;PA;São Félix do Xingu;Área de Servidão Administrativa Total;Analisado, aguardando atendimento a notificação;PE;1,0752
PA-1507300-55194B23EFC64F94B7384A9D8A3E5A69;PA;São Félix do Xingu;Área de Servidão Administrativa Total;Analisado, aguardando regularização ambiental (Lei nº 12.651/2012);AT;2,4379
PA-1507300-55FFDC8FFC2F47CA8EA7F69F56111226;PA;São Félix do Xingu;Área de Servidão Administrativa Total;Analisado, aguardando atendimento a notificação;PE;0,6902
PA-1507300-56410276B8094BCE876A7362FD3DA882;PA;São Félix do Xingu;Área de Servidão Administrativa Total;Aguardando análise;AT;5,4503
PA-1507300-56559892E7494B5E846721EB7E466CC7;PA;São Félix do Xingu;Área de Servidão Administrativa Total;Analisado, aguardando atendimento a notificação;PE;0,2334
PA-1507300-59B4F042F0324071A989736589E91CA4;PA;São Félix do Xingu;Área de Servidão Administrativa Total;Analisado, aguardando regularização ambiental (Lei nº 12.651/2012);AT;0,5808
PA-1507300-5A2D4A151AD24B60B41BD6F42A1FC251;PA;São Félix do Xingu;Área de Servidão Administrativa Total;Analisado, aguardando atendimento a notificação;PE;0,0626
PA-1507300-5E5651BD154D4194830513C8CFC2E63E;PA;São Félix do Xingu;Área de Servidão Administrativa Total;Analisado, aguardando regularização ambiental (Lei nº 12.651/2012);AT;2,7219
PA-1507300-5FF5087EA4504F38AA5835168EBCF01E;PA;São Félix do Xingu;Área de Servidão Administrativa Total;Analisado, aguardando atendimento a notificação;PE;0,4523
PA-1507300-601A196691BA47ACAA07C410AF032B52;PA;São Félix do Xingu;Área de Servidão Administrativa Total;Analisado, aguardando atendimento a notificação;PE;7,1340
PA-1507300-602083E53A8048458670198F0CEE8F53;PA;São Félix do Xingu;Área de Servidão Administrativa Total;Analisado, aguardando regularização ambiental (Lei nº 12.651/2012);AT;2,8757
PA-1507300-61894324C6064C609E2B82934B8760E3;PA;São Félix do Xingu;Área de Servidão Administrativa Total;Analisado, aguardando regularização ambiental (Lei nº 12.651/2012);PE;0,5865
PA-1507300-61B084204AE34831BFC97035BFB857E5;PA;São Félix do Xingu;Área de Servidão Administrativa Total;Analisado, aguardando atendimento a notificação;PE;0,0037
PA-1507300-623439CD2B454C3E9DBFA40DE0EEF07C;PA;São Félix do Xingu;Área de Servidão Administrativa Total;Analisado, aguardando atendimento a notificação;PE;3,3644
PA-1507300-63555B6574FA40A3BB319414935301F4;PA;São Félix do Xingu;Área de Servidão Administrativa Total;Analisado, aguardando regularização ambiental (Lei nº 12.651/2012);AT;1,1947
PA-1507300-635A75C54D744700A907844DE9F654E8;PA;São Félix do Xingu;Área de Servidão Administrativa Total;Analisado, aguardando atendimento a notificação;PE;0,9624
PA-1507300-63749C500F2444BEAB0316E4D094A858;PA;São Félix do Xingu;Área de Servidão Administrativa Total;Analisado, aguardando regularização ambiental (Lei nº 12.651/2012);AT;0,9490
PA-1507300-647958C23A4F4395AC004169BF6AFFF3;PA;São Félix do Xingu;Área de Servidão Administrativa Total;Analisado, aguardando atendimento a notificação;PE;0,0639
PA-1507300-659E30842F994177B330ADE465B33653;PA;São Félix do Xingu;Área de Servidão Administrativa Total;Analisado, aguardando atendimento a notificação;PE;0,9504
PA-1507300-65BF85C8483E41308F902CC88102D5AB;PA;São Félix do Xingu;Área de Servidão Administrativa Total;Analisado, aguardando regularização ambiental (Lei nº 12.651/2012);PE;9,0060
PA-1507300-663A1129FB714ECAB3B9F7E94C0EBC4C;PA;São Félix do Xingu;Área de Servidão Administrativa Total;Aguardando análise;PE;0,2965
PA-1507300-68217660488343758DF46A7A7B404E65;PA;São Félix do Xingu;Área de Servidão Administrativa Total;Aguardando análise;PE;4,2397
PA-1507300-687FC43BD2844C2C931850EACB3F1550;PA;São Félix do Xingu;Área de Servidão Administrativa Total;Analisado, aguardando atendimento a notificação;PE;0,0749
PA-1507300-6961C62AA2DD4A808F9E536F3F794914;PA;São Félix do Xingu;Área de Servidão Administrativa Total;Analisado, aguardando regularização ambiental (Lei nº 12.651/2012);AT;7,1834
PA-1507300-69C022A2F72042D790614D31C0E28AB0;PA;São Félix do Xingu;Área de Servidão Administrativa Total;Aguardando análise;PE;0,8635
PA-1507300-6A1E553441FC4A649A063D3D6D8F219D;PA;São Félix do Xingu;Área de Servidão Administrativa Total;Aguardando análise;PE;0,1808
PA-1507300-6A9692CE545F436F95C51E3A78053122;PA;São Félix do Xingu;Área de Servidão Administrativa Total;Analisado, aguardando regularização ambiental (Lei nº 12.651/2012);AT;2,5413
PA-1507300-6ADDF93BE1784A3492B412DF2390DFB6;PA;São Félix do Xingu;Área de Servidão Administrativa Total;Analisado, aguardando atendimento a notificação;PE;3,3150
PA-1507300-6CE9B873B7F143B68147FEDDE302DD16;PA;São Félix do Xingu;Área de Servidão Administrativa Total;Analisado, aguardando atendimento a notificação;PE;0,3750
PA-1507300-6D1D8235F7AB4316907C2484B99D4AD4;PA;São Félix do Xingu;Área de Servidão Administrativa Total;Analisado, aguardando regularização ambiental (Lei nº 12.651/2012);AT;1,0378
PA-1507300-6E7D0C6237324E2184DB3CD0C2D74F16;PA;São Félix do Xingu;Área de Servidão Administrativa Total;Analisado, aguardando regularização ambiental (Lei nº 12.651/2012);AT;0,5666
PA-1507300-6F7CD1F9AE1044FE90CCFF36EF512361;PA;São Félix do Xingu;Área de Servidão Administrativa Total;Analisado, aguardando atendimento a notificação;PE;0,5473
PA-1507300-70E5CABDDA02477F9FB5EFD02D4AACD7;PA;São Félix do Xingu;Área de Servidão Administrativa Total;Analisado, aguardando atendimento a notificação;PE;0,4946
PA-1507300-7327624DAC3B4519A83E87ED682CB6D9;PA;São Félix do Xingu;Área de Servidão Administrativa Total;Analisado, aguardando atendimento a notificação;PE;3,1392
PA-1507300-74226D3CCD5D412D8727526879C7F85A;PA;São Félix do Xingu;Área de Servidão Administrativa Total;Analisado, aguardando atendimento a notificação;PE;1,4815
PA-1507300-74772DEAEEE84E1EA4B51606EAC30BC2;PA;São Félix do Xingu;Área de Servidão Administrativa Total;Aguardando análise;PE;2,4733
PA-1507300-7480E033792B493195A38CB71BB229C6;PA;São Félix do Xingu;Área de Servidão Administrativa Total;Analisado, aguardando atendimento a notificação;AT;0,9733
PA-1507300-74C9E918B4814166AEE1F34230B8090D;PA;São Félix do Xingu;Área de Servidão Administrativa Total;Aguardando análise;PE;1,7146
PA-1507300-7529356241534D9A95C04431663EE929;PA;São Félix do Xingu;Área de Servidão Administrativa Total;Analisado, aguardando atendimento a notificação;PE;0,3751
PA-1507300-758DA3B48EC644F9831F7385084DB401;PA;São Félix do Xingu;Área de Servidão Administrativa Total;Analisado, aguardando regularização ambiental (Lei nº 12.651/2012);AT;5,7079
PA-1507300-759AD6452E114D0CBA9242D5A3A94610;PA;São Félix do Xingu;Área de Servidão Administrativa Total;Analisado, aguardando atendimento a notificação;PE;0,7937
PA-1507300-762ACD1084F141599A6C266B26ED60E5;PA;São Félix do Xingu;Área de Servidão Administrativa Total;Analisado, aguardando atendimento a notificação;PE;1,0047
PA-1507300-76DD8D890F2D4B6FAE1FC65352CBA78A;PA;São Félix do Xingu;Área de Servidão Administrativa Total;Analisado, aguardando atendimento a notificação;PE;0,6467
PA-1507300-77116902FD994E98B52545D6D97851EC;PA;São Félix do Xingu;Área de Servidão Administrativa Total;Analisado, aguardando regularização ambiental (Lei nº 12.651/2012);AT;3,4696
PA-1507300-77E0BAF655084A5486D947E919EE987E;PA;São Félix do Xingu;Área de Servidão Administrativa Total;Analisado, aguardando atendimento a notificação;PE;0,9951
PA-1507300-78DC49840890464AA315CCA53A950C65;PA;São Félix do Xingu;Área de Servidão Administrativa Total;Analisado, aguardando atendimento a notificação;PE;0,0272
PA-1507300-79903F9AA66F4F79A24D933CABB619F3;PA;São Félix do Xingu;Área de Servidão Administrativa Total;Analisado, aguardando regularização ambiental (Lei nº 12.651/2012);AT;2,4041
PA-1507300-7A8C4B3717F64424979C4DCA2302A784;PA;São Félix do Xingu;Área de Servidão Administrativa Total;Analisado, aguardando atendimento a notificação;PE;1,0793
PA-1507300-7D9A1E48B9C84BABAFA89A097EAEC2B7;PA;São Félix do Xingu;Área de Servidão Administrativa Total;Analisado, aguardando regularização ambiental (Lei nº 12.651/2012);AT;0,7881
PA-1507300-7EED650E5D0249E5B3C4CD3930B57DE1;PA;São Félix do Xingu;Área de Servidão Administrativa Total;Analisado, aguardando regularização ambiental (Lei nº 12.651/2012);AT;3,9666
PA-1507300-822FC49767454736ABD49596B1F3B1A4;PA;São Félix do Xingu;Área de Servidão Administrativa Total;Aguardando análise;SU;9,4780
PA-1507300-83B2D379C2924EA7912892137789FE0A;PA;São Félix do Xingu;Área de Servidão Administrativa Total;Aguardando análise;PE;1,0056
PA-1507300-8441DF9DB73140A2B86D6BEAF72CEE42;PA;São Félix do Xingu;Área de Servidão Administrativa Total;Analisado, aguardando atendimento a notificação;PE;0,5513
PA-1507300-846722DE994D40969D5E326024505028;PA;São Félix do Xingu;Área de Servidão Administrativa Total;Analisado, aguardando atendimento a notificação;AT;0,0143
PA-1507300-8500D0841C8343B3A28BDB093DDF2005;PA;São Félix do Xingu;Área de Servidão Administrativa Total;Analisado, aguardando atendimento a notificação;PE;0,4973
PA-1507300-86E24BAC5BD343C4839DDFEDECA35511;PA;São Félix do Xingu;Área de Servidão Administrativa Total;Aguardando análise;AT;13,9800
PA-1507300-86F34AC1CEED449183155D765BC678CF;PA;São Félix do Xingu;Área de Servidão Administrativa Total;Analisado, aguardando regularização ambiental (Lei nº 12.651/2012);AT;3,1802
PA-1507300-884EF2A521D24FAF9FE5A11F60B60AD8;PA;São Félix do Xingu;Área de Servidão Administrativa Total;Analisado, aguardando atendimento a notificação;PE;0,0132
PA-1507300-88643B262E074AA3A9B51377FCF93D32;PA;São Félix do Xingu;Área de Servidão Administrativa Total;Analisado, aguardando regularização ambiental (Lei nº 12.651/2012);AT;1,3065
PA-1507300-88A9DBEBEA7C4AB285ED981C78DF8ABC;PA;São Félix do Xingu;Área de Servidão Administrativa Total;Analisado, aguardando regularização ambiental (Lei nº 12.651/2012);AT;2,0254
PA-1507300-89A23C67E7B045828EB80AD48C8193DD;PA;São Félix do Xingu;Área de Servidão Administrativa Total;Analisado, aguardando regularização ambiental (Lei nº 12.651/2012);AT;3,5120
PA-1507300-8A5275442CCC46DB973337F3A08BCC65;PA;São Félix do Xingu;Área de Servidão Administrativa Total;Aguardando análise;AT;0,0969
PA-1507300-8B4B263F33654D6EB5E96F7A398A0507;PA;São Félix do Xingu;Área de Servidão Administrativa Total;Analisado, aguardando regularização ambiental (Lei nº 12.651/2012);AT;2,5184
PA-1507300-8B8A9E6031434BB58E7E90FC5A086554;PA;São Félix do Xingu;Área de Servidão Administrativa Total;Analisado, aguardando atendimento a notificação;PE;0,4816
PA-1507300-8B99D3321D334A0F8A11F83C4E5C3C53;PA;São Félix do Xingu;Área de Servidão Administrativa Total;Analisado, aguardando atendimento a notificação;PE;2,1989
PA-1507300-8C5C8F6235EA45C0A4C11715F1B58C88;PA;São Félix do Xingu;Área de Servidão Administrativa Total;Analisado, aguardando atendimento a notificação;SU;5,5692
PA-1507300-8C709FCFE9BE4AE1B061467D59840360;PA;São Félix do Xingu;Área de Servidão Administrativa Total;Analisado, aguardando atendimento a notificação;PE;0,1079
PA-1507300-8CAC6CDC30394C018E7F951085CB8BCC;PA;São Félix do Xingu;Área de Servidão Administrativa Total;Aguardando análise;PE;0,4529
PA-1507300-8E523D23905C4B4886A35AA4F326500F;PA;São Félix do Xingu;Área de Servidão Administrativa Total;Analisado, aguardando regularização ambiental (Lei nº 12.651/2012);AT;1,1613
PA-1507300-8EC5334AC03D47219C673E2109ED832B;PA;São Félix do Xingu;Área de Servidão Administrativa Total;Analisado, aguardando regularização ambiental (Lei nº 12.651/2012);AT;5,5042
PA-1507300-8FA995525EBE4D9EB3AF316928C2BA25;PA;São Félix do Xingu;Área de Servidão Administrativa Total;Analisado, aguardando atendimento a notificação;PE;0,2382
PA-1507300-90208FFCED96461DB39FAE2F9CE7A345;PA;São Félix do Xingu;Área de Servidão Administrativa Total;Analisado, aguardando regularização ambiental (Lei nº 12.651/2012);AT;19,4376
PA-1507300-9063201047BA40FC8AB31A1D96C21052;PA;São Félix do Xingu;Área de Servidão Administrativa Total;Analisado, aguardando atendimento a notificação;PE;2,7621
PA-1507300-918AB0AFC7A54D2CA2569639543EA1AD;PA;São Félix do Xingu;Área de Servidão Administrativa Total;Analisado, aguardando regularização ambiental (Lei nº 12.651/2012);AT;1,3663
PA-1507300-9279F53A552E4AAFA76C4EAD026673ED;PA;São Félix do Xingu;Área de Servidão Administrativa Total;Analisado, aguardando atendimento a notificação;PE;0,0418
PA-1507300-936C9CCB91444EB9954A95876A1394AA;PA;São Félix do Xingu;Área de Servidão Administrativa Total;Analisado, em conformidade com a Lei nº 12.651/2012;AT;1,5934
PA-1507300-94A50D1C427741AE928ABB1B3698007D;PA;São Félix do Xingu;Área de Servidão Administrativa Total;Analisado, aguardando atendimento a notificação;PE;1,6047
PA-1507300-9505EC5F5A5643D980AF668E70E54316;PA;São Félix do Xingu;Área de Servidão Administrativa Total;Aguardando análise;PE;0,2684
PA-1507300-95225D0AFC0C4EFBB5BB4950507A55C5;PA;São Félix do Xingu;Área de Servidão Administrativa Total;Aguardando análise;AT;2,3456
PA-1507300-9783EE0800064B378535C5BFBE9A364F;PA;São Félix do Xingu;Área de Servidão Administrativa Total;Aguardando análise;PE;0,7469
PA-1507300-97FF244057294139B0CF4C28490692EA;PA;São Félix do Xingu;Área de Servidão Administrativa Total;Analisado, aguardando regularização ambiental (Lei nº 12.651/2012);AT;0,0531
PA-1507300-9912D441CBC84B1EBB24E6F64C1D2D08;PA;São Félix do Xingu;Área de Servidão Administrativa Total;Analisado, aguardando atendimento a notificação;SU;2,0159
PA-1507300-9946E81893764045AC68C0E06052A5BD;PA;São Félix do Xingu;Área de Servidão Administrativa Total;Analisado, aguardando regularização ambiental (Lei nº 12.651/2012);AT;2,1560
PA-1507300-9A19CF4B53524BF5A47BF9AF04DF2C15;PA;São Félix do Xingu;Área de Servidão Administrativa Total;Analisado, aguardando atendimento a notificação;PE;0,0399
PA-1507300-9B378CF08C7D4FB2BE1C5DA2D2EF943C;PA;São Félix do Xingu;Área de Servidão Administrativa Total;Analisado, aguardando atendimento a notificação;PE;0,5207
PA-1507300-9B997673BE004DDF8AEF7B4F95F177D5;PA;São Félix do Xingu;Área de Servidão Administrativa Total;Analisado, aguardando atendimento a notificação;AT;2,4231
PA-1507300-9EB8AAA2A6F64A479D54C30D5C01B325;PA;São Félix do Xingu;Área de Servidão Administrativa Total;Analisado sem pendências;AT;0,3181
PA-1507300-9FCE670838F9491D98BCA42E9CE9F317;PA;São Félix do Xingu;Área de Servidão Administrativa Total;Analisado, aguardando regularização ambiental (Lei nº 12.651/2012);AT;6,2672
PA-1507300-A058FC17EE8242BB84D5C277C6FC744E;PA;São Félix do Xingu;Área de Servidão Administrativa Total;Analisado, aguardando regularização ambiental (Lei nº 12.651/2012);AT;0,2069
PA-1507300-A14FE1DF0B61478A926AC20DF7F91726;PA;São Félix do Xingu;Área de Servidão Administrativa Total;Analisado, aguardando atendimento a notificação;PE;2,5453
PA-1507300-A1ECF09E0F9F4FDF9BD24C093AD3C64C;PA;São Félix do Xingu;Área de Servidão Administrativa Total;Analisado, aguardando regularização ambiental (Lei nº 12.651/2012);AT;1,6733
PA-1507300-A28FD2ACFC4442DBA771525AD348D2A4;PA;São Félix do Xingu;Área de Servidão Administrativa Total;Analisado, aguardando atendimento a notificação;PE;0,2076
PA-1507300-A2E8969F42F94467878ACF08651EB8B3;PA;São Félix do Xingu;Área de Servidão Administrativa Total;Analisado, aguardando atendimento a notificação;PE;1,5743
PA-1507300-A38025A7879E4FFD9B56B497533CA4F9;PA;São Félix do Xingu;Área de Servidão Administrativa Total;Analisado, aguardando atendimento a notificação;PE;0,4840
PA-1507300-A3FC4D5AA9D841EA9720FC8181BC0108;PA;São Félix do Xingu;Área de Servidão Administrativa Total;Analisado, aguardando regularização ambiental (Lei nº 12.651/2012);PE;5,3629
PA-1507300-A54D879687054214A38467C18C2A2447;PA;São Félix do Xingu;Área de Servidão Administrativa Total;Analisado, aguardando atendimento a notificação;SU;2,7193
PA-1507300-A5D7730EF31F462D86076B7B8C0AF763;PA;São Félix do Xingu;Área de Servidão Administrativa Total;Aguardando análise;PE;1,5576
PA-1507300-A826B2E7FCC14441AFFBDD4A74902390;PA;São Félix do Xingu;Área de Servidão Administrativa Total;Analisado, aguardando regularização ambiental (Lei nº 12.651/2012);AT;5,0704
PA-1507300-AA0AD2CDB15F48F88E3E83F0A502F979;PA;São Félix do Xingu;Área de Servidão Administrativa Total;Analisado, aguardando atendimento a notificação;SU;1,1120
PA-1507300-AB153A4F9C1B4484BFFF2C7FBE8E5CB5;PA;São Félix do Xingu;Área de Servidão Administrativa Total;Analisado, aguardando atendimento a notificação;PE;1,1666
PA-1507300-ABFCC3C902194BC7B4916DEC14D85B29;PA;São Félix do Xingu;Área de Servidão Administrativa Total;Analisado, aguardando regularização ambiental (Lei nº 12.651/2012);AT;6,9442
PA-1507300-ACBB3D097EA54235B4BE51FB79A0CAA4;PA;São Félix do Xingu;Área de Servidão Administrativa Total;Analisado, aguardando atendimento a notificação;PE;0,5371
PA-1507300-AD0F81153CCB4FC7B81ECC0B059B3EA9;PA;São Félix do Xingu;Área de Servidão Administrativa Total;Analisado, aguardando atendimento a notificação;PE;0,5753
PA-1507300-AD6540BD656E4925B30B3A7B8D7B1180;PA;São Félix do Xingu;Área de Servidão Administrativa Total;Aguardando análise;AT;0,6946
PA-1507300-AE1585588ED04C95954C5F2A37BF5E59;PA;São Félix do Xingu;Área de Servidão Administrativa Total;Aguardando análise;PE;1,7150
PA-1507300-AEE9FD94E82A42E49756CD14650BDB92;PA;São Félix do Xingu;Área de Servidão Administrativa Total;Analisado, aguardando regularização ambiental (Lei nº 12.651/2012);PE;0,9985
PA-1507300-AF12057C640B40EAA0AB6BDF0C35CC60;PA;São Félix do Xingu;Área de Servidão Administrativa Total;Analisado, aguardando atendimento a notificação;SU;2,3297
PA-1507300-AF8EC13A6A3D4F55877610F7617076EF;PA;São Félix do Xingu;Área de Servidão Administrativa Total;Analisado, aguardando atendimento a notificação;PE;2,1221
PA-1507300-B135F7318F9A44BA9C31AFE24A6C40D7;PA;São Félix do Xingu;Área de Servidão Administrativa Total;Aguardando análise;PE;0,4524
PA-1507300-B17B363E6CA44D739F7BEBF9916320E2;PA;São Félix do Xingu;Área de Servidão Administrativa Total;Aguardando análise;AT;3,6992
PA-1507300-B1C704F37F46446FB8F50E1E18DAF8B4;PA;São Félix do Xingu;Área de Servidão Administrativa Total;Analisado, aguardando regularização ambiental (Lei nº 12.651/2012);AT;0,4876
PA-1507300-B34B06EC22DE4A9FA97BF5AE55473862;PA;São Félix do Xingu;Área de Servidão Administrativa Total;Analisado, aguardando atendimento a notificação;PE;3,0109
PA-1507300-B62D56117A8F4FB681758F1D422087F5;PA;São Félix do Xingu;Área de Servidão Administrativa Total;Analisado, aguardando atendimento a notificação;PE;1,2719
PA-1507300-B657F97EB3084113AD3B16C3F07983CB;PA;São Félix do Xingu;Área de Servidão Administrativa Total;Analisado, aguardando regularização ambiental (Lei nº 12.651/2012);AT;2,6646
PA-1507300-B6B43FE709D5400CA79869AD4798E2BA;PA;São Félix do Xingu;Área de Servidão Administrativa Total;Aguardando análise;SU;12,3921
PA-1507300-B6CAEBE3DC0643E5953C9082B6AADE65;PA;São Félix do Xingu;Área de Servidão Administrativa Total;Analisado, aguardando regularização ambiental (Lei nº 12.651/2012);AT;2,8178
PA-1507300-B90D08AC9598440B92DB376600F175CE;PA;São Félix do Xingu;Área de Servidão Administrativa Total;Analisado, aguardando regularização ambiental (Lei nº 12.651/2012);AT;0,9515
PA-1507300-B95740DFF10C4C4CA9330E795A29992A;PA;São Félix do Xingu;Área de Servidão Administrativa Total;Aguardando análise;PE;2,1881
PA-1507300-BA97EF9E2BD545FEAEE73CF481989E4A;PA;São Félix do Xingu;Área de Servidão Administrativa Total;Analisado, aguardando atendimento a notificação;PE;3,2908
PA-1507300-BAFD4C380EDA4A10A0595E828530D50B;PA;São Félix do Xingu;Área de Servidão Administrativa Total;Analisado, aguardando atendimento a notificação;PE;0,2665
PA-1507300-BB6F16E36BE94598B2B7D0106D10B7C1;PA;São Félix do Xingu;Área de Servidão Administrativa Total;Analisado, aguardando atendimento a notificação;PE;1,1092
PA-1507300-BC46A5247131444C96D6E901A8AF5084;PA;São Félix do Xingu;Área de Servidão Administrativa Total;Aguardando análise;PE;22,3767
PA-1507300-BD413D6891F44AA3A9A68436E80A1119;PA;São Félix do Xingu;Área de Servidão Administrativa Total;Analisado, aguardando atendimento a notificação;AT;1,0769
PA-1507300-BEA6256E88734D5999FF38C85024949D;PA;São Félix do Xingu;Área de Servidão Administrativa Total;Analisado, aguardando atendimento a notificação;PE;0,2513
PA-1507300-C0072062240545BBB596C4210A7A0FB3;PA;São Félix do Xingu;Área de Servidão Administrativa Total;Aguardando análise;PE;1,7658
PA-1507300-C1819DB2BE1E4A8D97724F2909D5F1B1;PA;São Félix do Xingu;Área de Servidão Administrativa Total;Analisado, aguardando regularização ambiental (Lei nº 12.651/2012);AT;4,5111
PA-1507300-C363A4066C3E4151BC3207D6332E1BA2;PA;São Félix do Xingu;Área de Servidão Administrativa Total;Analisado, aguardando atendimento a notificação;SU;0,2431
PA-1507300-C427C1C9A93A4A7F8800B5B28ECF9764;PA;São Félix do Xingu;Área de Servidão Administrativa Total;Analisado, aguardando regularização ambiental (Lei nº 12.651/2012);AT;7,1683
PA-1507300-C52F485ED6CA4DCCAA9E8F4A5BBA977B;PA;São Félix do Xingu;Área de Servidão Administrativa Total;Aguardando análise;PE;3,1177
PA-1507300-C59B83F346894328A2A4DB8A583673A9;PA;São Félix do Xingu;Área de Servidão Administrativa Total;Aguardando análise;PE;0,0695
PA-1507300-C5A65ADEF048475C9590CBE996749CC3;PA;São Félix do Xingu;Área de Servidão Administrativa Total;Analisado, aguardando atendimento a notificação;SU;1,8247
PA-1507300-C6263A664D024D79A4B270F648A2E047;PA;São Félix do Xingu;Área de Servidão Administrativa Total;Analisado, aguardando regularização ambiental (Lei nº 12.651/2012);PE;0,0336
PA-1507300-C737A23CD95F49BEA694B781DFFABBC6;PA;São Félix do Xingu;Área de Servidão Administrativa Total;Analisado, aguardando regularização ambiental (Lei nº 12.651/2012);AT;5,9694
PA-1507300-C74D5316677D421086B13BC46A14E759;PA;São Félix do Xingu;Área de Servidão Administrativa Total;Analisado, aguardando atendimento a notificação;PE;1,0269
PA-1507300-C75E10A2338543EAB130581C4C75DF52;PA;São Félix do Xingu;Área de Servidão Administrativa Total;Analisado, aguardando atendimento a notificação;PE;3,8717
PA-1507300-C7E3C34FB84E47DCBC4364A1367E5198;PA;São Félix do Xingu;Área de Servidão Administrativa Total;Analisado, aguardando regularização ambiental (Lei nº 12.651/2012);AT;1,8034
PA-1507300-C82C4C1A20EB4A3EB407DAB71A4BCC9B;PA;São Félix do Xingu;Área de Servidão Administrativa Total;Analisado, aguardando atendimento a notificação;SU;0,0317
PA-1507300-C83B3E3D2056444FAD07EA87310128E2;PA;São Félix do Xingu;Área de Servidão Administrativa Total;Analisado, aguardando atendimento a notificação;PE;0,0663
PA-1507300-C99162F73D8C4E8CBAC8B017FA772E6D;PA;São Félix do Xingu;Área de Servidão Administrativa Total;Aguardando análise;PE;0,1132
PA-1507300-CA8411A645534A5E9C0D3CDB0D068EA1;PA;São Félix do Xingu;Área de Servidão Administrativa Total;Analisado, aguardando regularização ambiental (Lei nº 12.651/2012);AT;0,8246
PA-1507300-CAFA9E9A0BC14B2DA88D039F62FF048B;PA;São Félix do Xingu;Área de Servidão Administrativa Total;Aguardando análise;PE;1,7155
PA-1507300-CC5AE2868846460B976C40C99C2DB411;PA;São Félix do Xingu;Área de Servidão Administrativa Total;Analisado, aguardando atendimento a notificação;PE;0,5172
PA-1507300-CD39095F11EB4B84A09994645133B8EE;PA;São Félix do Xingu;Área de Servidão Administrativa Total;Aguardando análise;PE;3,0163
PA-1507300-CDD0192128F04964994A60FB990DA436;PA;São Félix do Xingu;Área de Servidão Administrativa Total;Analisado, aguardando regularização ambiental (Lei nº 12.651/2012);AT;13,4658
PA-1507300-CE9D08EAAFEB455FA071DA161F35B876;PA;São Félix do Xingu;Área de Servidão Administrativa Total;Analisado, aguardando regularização ambiental (Lei nº 12.651/2012);AT;2,2754
PA-1507300-CEAD620AF75A4EB9BEC191499FC06B4C;PA;São Félix do Xingu;Área de Servidão Administrativa Total;Analisado, aguardando regularização ambiental (Lei nº 12.651/2012);AT;3,3981
PA-1507300-CF397D32E3EC4E84B46998E67DD87250;PA;São Félix do Xingu;Área de Servidão Administrativa Total;Analisado, aguardando atendimento a notificação;PE;0,0000
PA-1507300-D0B50665F97A4C3099F34AC5DA008472;PA;São Félix do Xingu;Área de Servidão Administrativa Total;Analisado, aguardando atendimento a notificação;PE;0,2359
PA-1507300-D1D833416AFC40B3963A9ECDCB048F5A;PA;São Félix do Xingu;Área de Servidão Administrativa Total;Analisado, aguardando atendimento a notificação;PE;0,0015
PA-1507300-D35D5A50DE8C465EA6C44D0C507FFCC9;PA;São Félix do Xingu;Área de Servidão Administrativa Total;Analisado, aguardando atendimento a notificação;PE;0,5590
PA-1507300-D3DE16A800B043AA85E7B92112F649B2;PA;São Félix do Xingu;Área de Servidão Administrativa Total;Aguardando análise;PE;6,0608
PA-1507300-D479EB9BBBB749FD8F24A0974997AE24;PA;São Félix do Xingu;Área de Servidão Administrativa Total;Analisado, aguardando regularização ambiental (Lei nº 12.651/2012);AT;4,1061
PA-1507300-D5F40D2F739E4B42967A591F695E1A7D;PA;São Félix do Xingu;Área de Servidão Administrativa Total;Analisado, aguardando regularização ambiental (Lei nº 12.651/2012);AT;1,5394
PA-1507300-D7C1E936047849419C37B1EAF5BB977F;PA;São Félix do Xingu;Área de Servidão Administrativa Total;Aguardando análise;PE;0,2645
PA-1507300-D85586C10F924C8982C7B5E7506F09D8;PA;São Félix do Xingu;Área de Servidão Administrativa Total;Analisado, aguardando atendimento a notificação;AT;0,2918
PA-1507300-D9862DB20BCE4230BA9A227D7F7FF37E;PA;São Félix do Xingu;Área de Servidão Administrativa Total;Analisado, aguardando atendimento a notificação;AT;1,1837
PA-1507300-D9AC64D765824E8EB894A41818EC7F5E;PA;São Félix do Xingu;Área de Servidão Administrativa Total;Analisado, aguardando atendimento a notificação;PE;0,0013
PA-1507300-DC098A05235C4326A17E4870DAC89BB4;PA;São Félix do Xingu;Área de Servidão Administrativa Total;Analisado, aguardando atendimento a notificação;PE;1,0368
PA-1507300-DC40FAC8136844FB8CC8B800D643686C;PA;São Félix do Xingu;Área de Servidão Administrativa Total;Em análise;PE;2,5083
PA-1507300-DC749DAE4D7F49BCB7419DD87AB330B3;PA;São Félix do Xingu;Área de Servidão Administrativa Total;Analisado, aguardando atendimento a notificação;PE;0,3727
PA-1507300-DD78C1CC59CA4DF8BF497A228D57CF7F;PA;São Félix do Xingu;Área de Servidão Administrativa Total;Analisado, aguardando regularização ambiental (Lei nº 12.651/2012);AT;1,1956
PA-1507300-DDC4E11A41174A4F86ED500B58185106;PA;São Félix do Xingu;Área de Servidão Administrativa Total;Analisado, aguardando atendimento a notificação;SU;1,1836
PA-1507300-DF7F94739B034772B6ACEC13F03D9345;PA;São Félix do Xingu;Área de Servidão Administrativa Total;Analisado, aguardando regularização ambiental (Lei nº 12.651/2012);AT;4,0406
PA-1507300-DF944449BCDE4C08BA2F67C677EF23A4;PA;São Félix do Xingu;Área de Servidão Administrativa Total;Analisado, aguardando atendimento a notificação;PE;0,1076
PA-1507300-DFDC2182D6BD4D948E1A38214336797D;PA;São Félix do Xingu;Área de Servidão Administrativa Total;Analisado, aguardando atendimento a notificação;PE;0,6028
PA-1507300-DFE82B2F12234F80856A8B218CE8AB66;PA;São Félix do Xingu;Área de Servidão Administrativa Total;Analisado, aguardando regularização ambiental (Lei nº 12.651/2012);AT;0,9053
PA-1507300-E082A141B7824EDE8D739CE3129986B8;PA;São Félix do Xingu;Área de Servidão Administrativa Total;Analisado, aguardando atendimento a notificação;PE;0,8575
PA-1507300-E58654BB857040119F3345B9E542089C;PA;São Félix do Xingu;Área de Servidão Administrativa Total;Analisado, aguardando atendimento a notificação;PE;0,3879
PA-1507300-E58EB0F39A6A43799BD0798921F0DC2D;PA;São Félix do Xingu;Área de Servidão Administrativa Total;Aguardando análise;AT;3,4282
PA-1507300-E595BBA978384D59AAE379ACB277E67F;PA;São Félix do Xingu;Área de Servidão Administrativa Total;Analisado, aguardando regularização ambiental (Lei nº 12.651/2012);AT;1,3286
PA-1507300-E6D4882D6BB140B2BADA5C998B2BEE93;PA;São Félix do Xingu;Área de Servidão Administrativa Total;Aguardando análise;AT;2,7150
PA-1507300-E7F7446A40AA4C9CBC5833DE3441FD01;PA;São Félix do Xingu;Área de Servidão Administrativa Total;Analisado, aguardando regularização ambiental (Lei nº 12.651/2012);AT;0,5764
PA-1507300-E82C8565149B45D9B62467F45F3B8524;PA;São Félix do Xingu;Área de Servidão Administrativa Total;Analisado, aguardando regularização ambiental (Lei nº 12.651/2012);PE;1,7532
PA-1507300-E8E3BEF46A034494B126ABC22C174DDA;PA;São Félix do Xingu;Área de Servidão Administrativa Total;Analisado, aguardando regularização ambiental (Lei nº 12.651/2012);AT;1,4685
PA-1507300-E9CE2D54EF0E4D468D0DE0CD23F00D5E;PA;São Félix do Xingu;Área de Servidão Administrativa Total;Analisado, aguardando regularização ambiental (Lei nº 12.651/2012);PE;20,1478
PA-1507300-E9FD500E9DAD482DBAF4C1615FDD4BBD;PA;São Félix do Xingu;Área de Servidão Administrativa Total;Analisado, aguardando atendimento a notificação;PE;0,0000
PA-1507300-EBA8732BE106441D8023566BC38E374F;PA;São Félix do Xingu;Área de Servidão Administrativa Total;Analisado, aguardando atendimento a notificação;PE;0,4508
PA-1507300-EBC83B7D441F4D6AB8FFA76FF4C2AC0D;PA;São Félix do Xingu;Área de Servidão Administrativa Total;Analisado, aguardando atendimento a notificação;PE;0,0946
PA-1507300-EBC9A53FAD0140C8A33C9EFE647C9E7C;PA;São Félix do Xingu;Área de Servidão Administrativa Total;Analisado, aguardando atendimento a notificação;AT;0,5083
PA-1507300-ECD9AF603D53419CBB02EEA97943EC90;PA;São Félix do Xingu;Área de Servidão Administrativa Total;Analisado, aguardando regularização ambiental (Lei nº 12.651/2012);AT;16,7816
PA-1507300-EDA8547E96934A90B4A3A247AF92C910;PA;São Félix do Xingu;Área de Servidão Administrativa Total;Analisado, aguardando atendimento a notificação;PE;1,6156
PA-1507300-EE2A37C30C1F4C9796834C08F27630BD;PA;São Félix do Xingu;Área de Servidão Administrativa Total;Em análise;PE;2,4965
PA-1507300-EE84B2136074475F8D78AE87BF5F4F6F;PA;São Félix do Xingu;Área de Servidão Administrativa Total;Analisado, aguardando atendimento a notificação;PE;1,0437
PA-1507300-EEA6B93602284D929E44984477CCB126;PA;São Félix do Xingu;Área de Servidão Administrativa Total;Analisado, aguardando atendimento a notificação;PE;0,0251
PA-1507300-EFD5B66998A34A2CA4D6A366AC5C8D80;PA;São Félix do Xingu;Área de Servidão Administrativa Total;Aguardando análise;AT;0,0148
PA-1507300-F0A6DF197C8549D7A4FFD99E89297A0F;PA;São Félix do Xingu;Área de Servidão Administrativa Total;Analisado, aguardando atendimento a notificação;SU;18,8149
PA-1507300-F12EC0512EBB49F8A33425E05D326AE9;PA;São Félix do Xingu;Área de Servidão Administrativa Total;Analisado, aguardando atendimento a notificação;PE;0,6033
PA-1507300-F2A97541E32F44E491E5F1756D5D1CD6;PA;São Félix do Xingu;Área de Servidão Administrativa Total;Analisado, aguardando atendimento a notificação;PE;0,3070
PA-1507300-F3F53360CB0E4E8BA4B68558FE3F04E5;PA;São Félix do Xingu;Área de Servidão Administrativa Total;Analisado, aguardando atendimento a notificação;PE;0,0880
PA-1507300-F4F1A7735A3D44359E26BAE2514A35FA;PA;São Félix do Xingu;Área de Servidão Administrativa Total;Analisado, aguardando regularização ambiental (Lei nº 12.651/2012);AT;4,5270
PA-1507300-F5349BC074FA4134A1088E8DA5418F10;PA;São Félix do Xingu;Área de Servidão Administrativa Total;Analisado, aguardando atendimento a notificação;SU;1,5354
PA-1507300-F72C38E3E5F24F29A0393C3BCF49419E;PA;São Félix do Xingu;Área de Servidão Administrativa Total;Analisado, aguardando atendimento a notificação;PE;0,1271
PA-1507300-F7EA6FB4DF674B258D3B63815787A11F;PA;São Félix do Xingu;Área de Servidão Administrativa Total;Analisado, aguardando atendimento a notificação;PE;1,1834
PA-1507300-F84B18CA0CE041659DC1CB19CC494249;PA;São Félix do Xingu;Área de Servidão Administrativa Total;Analisado, aguardando regularização ambiental (Lei nº 12.651/2012);AT;4,9662
PA-1507300-F9165DD92BA44983AA832F9AD88DB910;PA;São Félix do Xingu;Área de Servidão Administrativa Total;Analisado, aguardando atendimento a notificação;SU;0,3559
PA-1507300-F9921F62DC9A43688EAF6A98D3420FC9;PA;São Félix do Xingu;Área de Servidão Administrativa Total;Analisado, aguardando atendimento a notificação;PE;0,4647
PA-1507300-FB4EBD9085F34D84B3BF4ADDB757A749;PA;São Félix do Xingu;Área de Servidão Administrativa Total;Analisado, aguardando regularização ambiental (Lei nº 12.651/2012);AT;2,7180
PA-1507300-FC136733C09E4DEE9BFDBE8C016B2FE7;PA;São Félix do Xingu;Área de Servidão Administrativa Total;Analisado, aguardando regularização ambiental (Lei nº 12.651/2012);AT;94,3643
PA-1507300-FC4F37CF7E9D45C99751E419A7C27B71;PA;São Félix do Xingu;Área de Servidão Administrativa Total;Analisado, aguardando atendimento a notificação;PE;0,6248
PA-1507300-FCA561887A244E98A7331414C1884539;PA;São Félix do Xingu;Área de Servidão Administrativa Total;Analisado, aguardando atendimento a notificação;PE;0,0144
PA-1507300-FCDA9504F2C742E9A290C5D3A1782334;PA;São Félix do Xingu;Área de Servidão Administrativa Total;Aguardando análise;PE;0,2201
PA-1507300-FE2D86FD7D534CF6B054FED3904F9444;PA;São Félix do Xingu;Área de Servidão Administrativa Total;Analisado, aguardando regularização ambiental (Lei nº 12.651/2012);AT;0,6075
PA-1507300-FF5DE0EEBD3E43708AC47F63E406D0ED;PA;São Félix do Xingu;Área de Servidão Administrativa Total;Analisado, aguardando regularização ambiental (Lei nº 12.651/2012);AT;1,6129
PA-1507300-FFEB379C6C8E4DD48126028645587FF1;PA;São Félix do Xingu;Área de Servidão Administrativa Total;Analisado, aguardando atendimento a notificação;AT;0,2992
PA-1507300-049C66F7E42E480D9EEC285416184349;PA;São Félix do Xingu;Área de Infraestrutura Pública;Analisado, aguardando atendimento a notificação;PE;2,4450
PA-1507300-0571FDEAAC844FD1ACC945138E893088;PA;São Félix do Xingu;Área de Infraestrutura Pública;Analisado, aguardando atendimento a notificação;PE;0,0136
PA-1507300-062A17B883FE4359A5E8EA2713437CAB;PA;São Félix do Xingu;Área de Infraestrutura Pública;Analisado, aguardando atendimento a notificação;SU;0,6717
PA-1507300-07BE13004F6047B6B694A9C92B1DF90D;PA;São Félix do Xingu;Área de Infraestrutura Pública;Analisado, aguardando atendimento a notificação;PE;1,3560
PA-1507300-07CFA32B1C374D1783230ED6FE726DA3;PA;São Félix do Xingu;Área de Infraestrutura Pública;Aguardando análise;AT;0,0748
PA-1507300-0AB15AD8E5E44FDA96C497C45D47D6B2;PA;São Félix do Xingu;Área de Infraestrutura Pública;Aguardando análise;PE;0,1334
PA-1507300-0C54356DB7C04199A449522A9DF1615C;PA;São Félix do Xingu;Área de Infraestrutura Pública;Aguardando análise;PE;0,8807
PA-1507300-0E1ADC405EC54199B95D261310B076AE;PA;São Félix do Xingu;Área de Infraestrutura Pública;Aguardando análise;AT;0,1021
PA-1507300-0EFD07753CD94228A32380881FE8B0F4;PA;São Félix do Xingu;Área de Infraestrutura Pública;Aguardando análise;SU;17,0827
PA-1507300-0F8F9854EF9449328F5372FA27599787;PA;São Félix do Xingu;Área de Infraestrutura Pública;Aguardando análise;AT;0,7258
PA-1507300-16D67672964C4B35804BAA8EA9D010AC;PA;São Félix do Xingu;Área de Infraestrutura Pública;Analisado, aguardando atendimento a notificação;PE;0,0650
PA-1507300-174D9B1092CF47A58B52F9279459E031;PA;São Félix do Xingu;Área de Infraestrutura Pública;Analisado, aguardando atendimento a notificação;PE;0,2415
PA-1507300-1ADB919F20554D538E7F853E22344F89;PA;São Félix do Xingu;Área de Infraestrutura Pública;Analisado, aguardando atendimento a notificação;SU;0,6261
PA-1507300-1CA26A0D042C49B19BD10A3897E3770E;PA;São Félix do Xingu;Área de Infraestrutura Pública;Aguardando análise;AT;1,2756
PA-1507300-1EA68E403D7C4941AD5EFD9D6AB6401D;PA;São Félix do Xingu;Área de Infraestrutura Pública;Analisado, aguardando atendimento a notificação;SU;1,1037
PA-1507300-222388A3441C4616BB26FA6433E98FD0;PA;São Félix do Xingu;Área de Infraestrutura Pública;Analisado, aguardando regularização ambiental (Lei nº 12.651/2012);AT;0,6669
PA-1507300-22AFE2E1384A4D91BD0EA529787665C9;PA;São Félix do Xingu;Área de Infraestrutura Pública;Aguardando análise;AT;0,4000
PA-1507300-23B5D4214F8B4A419093996C6E992B49;PA;São Félix do Xingu;Área de Infraestrutura Pública;Analisado, aguardando atendimento a notificação;SU;1,7613
PA-1507300-27A8011A5CB147D98C914A5A02840AAD;PA;São Félix do Xingu;Área de Infraestrutura Pública;Aguardando análise;PE;1,4520
PA-1507300-286599FA5C2449D180CC8D9C7E1AD762;PA;São Félix do Xingu;Área de Infraestrutura Pública;Aguardando análise;PE;4,5895
PA-1507300-2B3415D57BDC4D6AA8ACA7964FDF70BA;PA;São Félix do Xingu;Área de Infraestrutura Pública;Analisado, aguardando regularização ambiental (Lei nº 12.651/2012);AT;3,7684
PA-1507300-2C95C6A713F148EBA33706282491C927;PA;São Félix do Xingu;Área de Infraestrutura Pública;Aguardando análise;PE;0,4970
PA-1507300-2CF3B184742945A0AD9927AAF76F9AD7;PA;São Félix do Xingu;Área de Infraestrutura Pública;Analisado, aguardando atendimento a notificação;PE;0,3805
PA-1507300-2CF64E5B8BEB4621BE5E556B7B464B60;PA;São Félix do Xingu;Área de Infraestrutura Pública;Aguardando análise;PE;29,3370
PA-1507300-2D94FA29025D4C16BE280530A04A46E6;PA;São Félix do Xingu;Área de Infraestrutura Pública;Analisado, aguardando regularização ambiental (Lei nº 12.651/2012);AT;3,0930
PA-1507300-2DEB13E9D10F4127A8A6D76E5F884937;PA;São Félix do Xingu;Área de Infraestrutura Pública;Analisado, aguardando regularização ambiental (Lei nº 12.651/2012);AT;0,2021
PA-1507300-32DC46C8F4D14D84A6C12AD7A2E45D54;PA;São Félix do Xingu;Área de Infraestrutura Pública;Analisado, aguardando atendimento a notificação;PE;0,7344
PA-1507300-3519B77291B440AAB0E5F89346D76110;PA;São Félix do Xingu;Área de Infraestrutura Pública;Analisado, aguardando regularização ambiental (Lei nº 12.651/2012);AT;0,1603
PA-1507300-3916F47DB24144F49D63364544BDA0B9;PA;São Félix do Xingu;Área de Infraestrutura Pública;Analisado, aguardando atendimento a notificação;PE;0,0000
PA-1507300-3B40654C4BA541FDA108477EC9602B8C;PA;São Félix do Xingu;Área de Infraestrutura Pública;Em análise;PE;2,7527
PA-1507300-3D23D90EFCC64EC7B4F6D02589958ADE;PA;São Félix do Xingu;Área de Infraestrutura Pública;Aguardando análise;PE;1,3497
PA-1507300-3FCF1A65045D418790A1DF53DC5BA14E;PA;São Félix do Xingu;Área de Infraestrutura Pública;Aguardando análise;PE;3,2040
PA-1507300-403304A4265C442682BA86CC6323894D;PA;São Félix do Xingu;Área de Infraestrutura Pública;Analisado, aguardando atendimento a notificação;PE;2,4982
PA-1507300-40E1E611640943888A267604EACAC499;PA;São Félix do Xingu;Área de Infraestrutura Pública;Analisado, aguardando atendimento a notificação;PE;0,7457
PA-1507300-4221A552493D4B169D31DE7C170F8FF2;PA;São Félix do Xingu;Área de Infraestrutura Pública;Analisado, aguardando atendimento a notificação;PE;0,5856
PA-1507300-424058671DAC4D7CA7440C5FF66211A3;PA;São Félix do Xingu;Área de Infraestrutura Pública;Analisado, aguardando atendimento a notificação;PE;0,4295
PA-1507300-43CF143E107548E8A269D983C3620358;PA;São Félix do Xingu;Área de Infraestrutura Pública;Analisado, aguardando atendimento a notificação;PE;0,1745
PA-1507300-455ECB73D7364734A4A2C50A39ECB7E0;PA;São Félix do Xingu;Área de Infraestrutura Pública;Analisado, aguardando atendimento a notificação;PE;0,1819
PA-1507300-47DDEA8B4C7D4C4E8FD45BE7664FB550;PA;São Félix do Xingu;Área de Infraestrutura Pública;Analisado, aguardando atendimento a notificação;PE;0,7255
PA-1507300-4894EE8B343A4404890E8F90B9BB6E6C;PA;São Félix do Xingu;Área de Infraestrutura Pública;Aguardando análise;PE;0,0253
PA-1507300-4A81B3122CDE48238EA47ED95C3D42BE;PA;São Félix do Xingu;Área de Infraestrutura Pública;Analisado, aguardando atendimento a notificação;PE;0,5989
PA-1507300-4BA7441FB6324BF29D67DA5EECDA29EA;PA;São Félix do Xingu;Área de Infraestrutura Pública;Analisado, aguardando regularização ambiental (Lei nº 12.651/2012);AT;0,6944
PA-1507300-4C4D2B24482844A5BC5406959CFA4568;PA;São Félix do Xingu;Área de Infraestrutura Pública;Analisado, aguardando atendimento a notificação;PE;0,3186
PA-1507300-4E8ECA90A4634865A949D57F83D6D179;PA;São Félix do Xingu;Área de Infraestrutura Pública;Analisado, aguardando regularização ambiental (Lei nº 12.651/2012);AT;0,9897
PA-1507300-50B1CFE8C1A4426DB811675E90BBD696;PA;São Félix do Xingu;Área de Infraestrutura Pública;Analisado, em conformidade com a Lei nº 12.651/2012;AT;0,8305
PA-1507300-50B39BDFBF434FC8BB9EA8FF5B832690;PA;São Félix do Xingu;Área de Infraestrutura Pública;Analisado, aguardando regularização ambiental (Lei nº 12.651/2012);AT;3,3831
PA-1507300-520A12A3B76F4392B9C2D2D7D4BCB805;PA;São Félix do Xingu;Área de Infraestrutura Pública;Aguardando análise;AT;1,7010
PA-1507300-5403FEA37C82426B8E7DD091D6554483;PA;São Félix do Xingu;Área de Infraestrutura Pública;Analisado, aguardando regularização ambiental (Lei nº 12.651/2012);AT;0,2903
PA-1507300-58C19A6136214A4AAB2D6E447BD35B21;PA;São Félix do Xingu;Área de Infraestrutura Pública;Analisado, aguardando regularização ambiental (Lei nº 12.651/2012);PE;11,2246
PA-1507300-5A3D81645AAF42AE890D0E004B05B6E9;PA;São Félix do Xingu;Área de Infraestrutura Pública;Aguardando análise;AT;0,1385
PA-1507300-5EE43740B82F4F7591F11A79DD647722;PA;São Félix do Xingu;Área de Infraestrutura Pública;Aguardando análise;PE;0,2493
PA-1507300-6084A640FBC84CB4BAAE32B4B5D58D74;PA;São Félix do Xingu;Área de Infraestrutura Pública;Aguardando análise;PE;0,3886
PA-1507300-60ADEA336E31498F8DADE41997B6147E;PA;São Félix do Xingu;Área de Infraestrutura Pública;Aguardando análise;AT;1,4905
PA-1507300-61752C31EFB047C3A11EB08AD426C2E1;PA;São Félix do Xingu;Área de Infraestrutura Pública;Aguardando análise;PE;5,7258
PA-1507300-63354B5BC6F14F1FBB0F4184D695E68A;PA;São Félix do Xingu;Área de Infraestrutura Pública;Analisado, aguardando atendimento a notificação;PE;0,4998
PA-1507300-64AD644AF5A847D491AB90D44654ED91;PA;São Félix do Xingu;Área de Infraestrutura Pública;Aguardando análise;PE;0,0885
PA-1507300-6824011368BF4F3F96DCC8A385F9BE7D;PA;São Félix do Xingu;Área de Infraestrutura Pública;Analisado, aguardando atendimento a notificação;PE;0,3127
PA-1507300-6834922DF6AC4FF2B3D4D5478E78E2F8;PA;São Félix do Xingu;Área de Infraestrutura Pública;Analisado, aguardando regularização ambiental (Lei nº 12.651/2012);AT;0,6478
PA-1507300-683F504512744E8886C9834227078CA4;PA;São Félix do Xingu;Área de Infraestrutura Pública;Analisado, aguardando atendimento a notificação;PE;0,0832
PA-1507300-6BDFEA41C72C4B9AA6371461E0CD8273;PA;São Félix do Xingu;Área de Infraestrutura Pública;Aguardando análise;PE;0,5378
PA-1507300-6DB67A6A2E39402682F38F90A2E2DED0;PA;São Félix do Xingu;Área de Infraestrutura Pública;Analisado, aguardando atendimento a notificação;SU;0,6737
PA-1507300-73AB36C183134C30A178E44B1AD2074B;PA;São Félix do Xingu;Área de Infraestrutura Pública;Aguardando análise;PE;0,2608
PA-1507300-792837BDE8C54ED49A33CADB886265A9;PA;São Félix do Xingu;Área de Infraestrutura Pública;Analisado, aguardando atendimento a notificação;PE;0,1912
PA-1507300-7929402C075344389A022FF5A546CE4C;PA;São Félix do Xingu;Área de Infraestrutura Pública;Analisado, aguardando atendimento a notificação;PE;0,0323
PA-1507300-7A1A0C191A594A32865DC8928A060A5D;PA;São Félix do Xingu;Área de Infraestrutura Pública;Aguardando análise;PE;0,0942
PA-1507300-7AD23D996F95460CA4D80D0A3138FABC;PA;São Félix do Xingu;Área de Infraestrutura Pública;Aguardando análise;PE;0,1093
PA-1507300-7B6BF02D02E846CC92CE4F395B35C29F;PA;São Félix do Xingu;Área de Infraestrutura Pública;Analisado, aguardando atendimento a notificação;PE;1,0520
PA-1507300-7B7C34A9ADD84B10AC42F156718274D5;PA;São Félix do Xingu;Área de Infraestrutura Pública;Aguardando análise;AT;4,8453
PA-1507300-7F6962040147472F8767B157B1C2FCA4;PA;São Félix do Xingu;Área de Infraestrutura Pública;Analisado, aguardando atendimento a notificação;PE;0,4492
PA-1507300-7FC50464C3624AEDAF8F0E7DB6AA9D14;PA;São Félix do Xingu;Área de Infraestrutura Pública;Aguardando análise;AT;0,4753
PA-1507300-82DDA21E5EA04669A6EC4374BF020D0B;PA;São Félix do Xingu;Área de Infraestrutura Pública;Aguardando análise;PE;0,2283
PA-1507300-8301064E48614A9990A1BE3FE2EE7500;PA;São Félix do Xingu;Área de Infraestrutura Pública;Aguardando análise;PE;0,4585
PA-1507300-855DC5DEF834437F8D17CD30B5739D08;PA;São Félix do Xingu;Área de Infraestrutura Pública;Aguardando análise;PE;0,0328
PA-1507300-8646FA2DE81C4ABDAB908DC4C8A75901;PA;São Félix do Xingu;Área de Infraestrutura Pública;Aguardando análise;PE;0,0000
PA-1507300-8A2524B2543C422089DACA7602ED3909;PA;São Félix do Xingu;Área de Infraestrutura Pública;Aguardando análise;AT;0,1357
PA-1507300-8C00075D0B63415ABDB201B0E9739556;PA;São Félix do Xingu;Área de Infraestrutura Pública;Analisado, aguardando regularização ambiental (Lei nº 12.651/2012);AT;0,4210
PA-1507300-8FB7CF3277C143739C5CCDA9BE34318D;PA;São Félix do Xingu;Área de Infraestrutura Pública;Analisado, aguardando atendimento a notificação;PE;0,0049
PA-1507300-93C8DDCF3A3F48628CA9AC296A31F45F;PA;São Félix do Xingu;Área de Infraestrutura Pública;Analisado, aguardando atendimento a notificação;AT;1,1628
PA-1507300-94792913785748D98FC5C1BB187980F9;PA;São Félix do Xingu;Área de Infraestrutura Pública;Analisado, aguardando atendimento a notificação;SU;0,5466
PA-1507300-96E4FC2946E14563A4DF659B59087F94;PA;São Félix do Xingu;Área de Infraestrutura Pública;Analisado, aguardando regularização ambiental (Lei nº 12.651/2012);AT;15,4787
PA-1507300-9A283C0BC0804CDC962745B6A666D97B;PA;São Félix do Xingu;Área de Infraestrutura Pública;Analisado, aguardando atendimento a notificação;PE;0,7487
PA-1507300-9A7F656C0ED04E60A9B603518B5603F8;PA;São Félix do Xingu;Área de Infraestrutura Pública;Analisado, aguardando atendimento a notificação;PE;0,3530
PA-1507300-9AC41FA2807746DD811B5C211F7E2CC3;PA;São Félix do Xingu;Área de Infraestrutura Pública;Analisado, aguardando atendimento a notificação;PE;0,2129
PA-1507300-9AE27FBAACF94ED3972555E9B79F5610;PA;São Félix do Xingu;Área de Infraestrutura Pública;Analisado, aguardando atendimento a notificação;PE;0,0004
PA-1507300-9C703B27940E4F48A74EC66A10728F1D;PA;São Félix do Xingu;Área de Infraestrutura Pública;Analisado, aguardando regularização ambiental (Lei nº 12.651/2012);AT;3,9853
PA-1507300-A3580237B4664030A88C01C53ECBF667;PA;São Félix do Xingu;Área de Infraestrutura Pública;Em análise;PE;17,8547
PA-1507300-A6173F32CC1F4913A8657C5CAC69CE9F;PA;São Félix do Xingu;Área de Infraestrutura Pública;Analisado, aguardando atendimento a notificação;PE;0,4291
PA-1507300-A8CFE2A0377A4420B00EFB12E5BA363B;PA;São Félix do Xingu;Área de Infraestrutura Pública;Aguardando análise;AT;1,1722
PA-1507300-AC23FB9AE4D54C7B848DA39EDD10C53C;PA;São Félix do Xingu;Área de Infraestrutura Pública;Analisado, aguardando atendimento a notificação;PE;0,1925
PA-1507300-B1C218C4567A482488EEF03B3C2FC285;PA;São Félix do Xingu;Área de Infraestrutura Pública;Analisado, em conformidade com a Lei nº 12.651/2012;AT;0,5047
PA-1507300-B437490EFD6349188FB11DDDE0AA1E58;PA;São Félix do Xingu;Área de Infraestrutura Pública;Analisado, aguardando regularização ambiental (Lei nº 12.651/2012);AT;1,3974
PA-1507300-B4ACFEAEA3FE4B629BEEED255336EA7B;PA;São Félix do Xingu;Área de Infraestrutura Pública;Analisado, aguardando regularização ambiental (Lei nº 12.651/2012);AT;3,7963
PA-1507300-B91B3DC4BF7F4D10AD317DE9713483CB;PA;São Félix do Xingu;Área de Infraestrutura Pública;Analisado, aguardando atendimento a notificação;PE;1,4859
PA-1507300-BA5176FE4CB8482A91BB8A6FBF7BF520;PA;São Félix do Xingu;Área de Infraestrutura Pública;Analisado, aguardando regularização ambiental (Lei nº 12.651/2012);AT;0,1224
PA-1507300-BA9EA53B557B441DA67FEA7AE9336963;PA;São Félix do Xingu;Área de Infraestrutura Pública;Analisado, aguardando atendimento a notificação;SU;1,4994
PA-1507300-BAF4F27B03014E7DBAC793AEA95D2544;PA;São Félix do Xingu;Área de Infraestrutura Pública;Aguardando análise;AT;1,2739
PA-1507300-BCF144EE84E7417EA912648DA4C70B3A;PA;São Félix do Xingu;Área de Infraestrutura Pública;Aguardando análise;PE;1,2248
PA-1507300-C11E09FB1D2942A08DD0EDF3D2C1674F;PA;São Félix do Xingu;Área de Infraestrutura Pública;Analisado, aguardando atendimento a notificação;PE;0,0952
PA-1507300-C2F709201FC347C88A2444E011F93985;PA;São Félix do Xingu;Área de Infraestrutura Pública;Analisado, aguardando atendimento a notificação;PE;0,5223
PA-1507300-C5DDBBE8465F457086605AA6716BF502;PA;São Félix do Xingu;Área de Infraestrutura Pública;Analisado, aguardando regularização ambiental (Lei nº 12.651/2012);AT;0,2031
PA-1507300-C76F4647F48F4ADF9740C5808A5F2C01;PA;São Félix do Xingu;Área de Infraestrutura Pública;Analisado, aguardando regularização ambiental (Lei nº 12.651/2012);AT;1,0495
PA-1507300-C828FA14B80D4AF0B88CF13F8A17A092;PA;São Félix do Xingu;Área de Infraestrutura Pública;Analisado, aguardando atendimento a notificação;PE;3,0788
PA-1507300-C86967DE38704022936DED144B2177BF;PA;São Félix do Xingu;Área de Infraestrutura Pública;Aguardando análise;AT;0,4018
PA-1507300-CB70ACCBE2E044C687656B66C9F21A62;PA;São Félix do Xingu;Área de Infraestrutura Pública;Aguardando análise;PE;0,9376
PA-1507300-CBE12A5C33D14A04A332892A22A0F9B3;PA;São Félix do Xingu;Área de Infraestrutura Pública;Analisado, aguardando regularização ambiental (Lei nº 12.651/2012);AT;1,9629
PA-1507300-CC7750EA2EA843FA911A53CB31C03AA6;PA;São Félix do Xingu;Área de Infraestrutura Pública;Analisado, em conformidade com a Lei nº 12.651/2012;AT;0,4512
PA-1507300-CFA9E321EF6E4710A28114009246D32F;PA;São Félix do Xingu;Área de Infraestrutura Pública;Analisado, aguardando atendimento a notificação;SU;0,1244
PA-1507300-D0BAB5ED867E4151B676B14411A251E6;PA;São Félix do Xingu;Área de Infraestrutura Pública;Analisado, em conformidade com a Lei nº 12.651/2012;AT;3,0046
PA-1507300-D1E7571181914C0EA288E980C3FF3CE7;PA;São Félix do Xingu;Área de Infraestrutura Pública;Analisado, aguardando atendimento a notificação;SU;3,2804
PA-1507300-D5BF583724A04B67A695D81F9576794C;PA;São Félix do Xingu;Área de Infraestrutura Pública;Analisado, aguardando atendimento a notificação;PE;0,5116
PA-1507300-D7D3703CA4E94DE7AB26D63C29CB25CA;PA;São Félix do Xingu;Área de Infraestrutura Pública;Analisado, aguardando regularização ambiental (Lei nº 12.651/2012);AT;3,8975
PA-1507300-DAEC6341EBD94E4C8134F9C7CD4269A1;PA;São Félix do Xingu;Área de Infraestrutura Pública;Analisado, aguardando regularização ambiental (Lei nº 12.651/2012);AT;0,1993
PA-1507300-DB9FB91032684B5A98E428D1AB159B28;PA;São Félix do Xingu;Área de Infraestrutura Pública;Analisado, aguardando regularização ambiental (Lei nº 12.651/2012);AT;2,0546
PA-1507300-DC6969A3EB654DDAB2E3080629EE00E8;PA;São Félix do Xingu;Área de Infraestrutura Pública;Analisado, aguardando atendimento a notificação;PE;0,6708
PA-1507300-DE650C1BF6B243C797080D1DA3B0D6FC;PA;São Félix do Xingu;Área de Infraestrutura Pública;Analisado, aguardando atendimento a notificação;SU;0,1765
PA-1507300-E24274B8DCCB4A6BA55E4A5782209B4E;PA;São Félix do Xingu;Área de Infraestrutura Pública;Aguardando análise;AT;0,4180
PA-1507300-E4316453F04843D49A5E341C23590195;PA;São Félix do Xingu;Área de Infraestrutura Pública;Analisado, aguardando atendimento a notificação;PE;7,7922
PA-1507300-E455D622FDFE4C7786B6C8DE9A3159F8;PA;São Félix do Xingu;Área de Infraestrutura Pública;Aguardando análise;AT;0,3302
PA-1507300-E4EA684A666944FA9A515DE22A655EB4;PA;São Félix do Xingu;Área de Infraestrutura Pública;Analisado, aguardando atendimento a notificação;PE;1,4242
PA-1507300-E66C951736BB47DF98CC522737AA8D30;PA;São Félix do Xingu;Área de Infraestrutura Pública;Aguardando análise;PE;0,1137
PA-1507300-E78F346AFEF04BC48F40E176295BA2BE;PA;São Félix do Xingu;Área de Infraestrutura Pública;Aguardando análise;AT;1,7289
PA-1507300-E79D54E4CF73421A97B006CC46C110B9;PA;São Félix do Xingu;Área de Infraestrutura Pública;Aguardando análise;AT;0,3103
PA-1507300-E974947D75CB47619B30B426521F6CB7;PA;São Félix do Xingu;Área de Infraestrutura Pública;Analisado, aguardando regularização ambiental (Lei nº 12.651/2012);AT;0,9632
PA-1507300-E9E1E55315184663915D5249AAF10574;PA;São Félix do Xingu;Área de Infraestrutura Pública;Aguardando análise;AT;2,4361
PA-1507300-EA75B169A7CC4C24B1044871C24F863E;PA;São Félix do Xingu;Área de Infraestrutura Pública;Analisado, aguardando atendimento a notificação;PE;2,8971
PA-1507300-EB946B39EA134276986489AE3CDA4015;PA;São Félix do Xingu;Área de Infraestrutura Pública;Analisado, aguardando atendimento a notificação;PE;0,3362
PA-1507300-EBC992A2FC744B03AA646F3F34BC306E;PA;São Félix do Xingu;Área de Infraestrutura Pública;Analisado, aguardando atendimento a notificação;PE;0,8253
PA-1507300-ED54D28C026E4912A855EAE5FE747B78;PA;São Félix do Xingu;Área de Infraestrutura Pública;Aguardando análise;AT;0,6943
PA-1507300-EF72996A399E4EF694FB29B4985CD051;PA;São Félix do Xingu;Área de Infraestrutura Pública;Analisado, aguardando regularização ambiental (Lei nº 12.651/2012);AT;0,3384
PA-1507300-F275148FED164A85865CFFFD0C9C5BC6;PA;São Félix do Xingu;Área de Infraestrutura Pública;Aguardando análise;SU;3,4029
PA-1507300-F53138570F4C46AC9765172D6A777BAD;PA;São Félix do Xingu;Área de Infraestrutura Pública;Analisado, aguardando atendimento a notificação;PE;0,0931
PA-1507300-F5BFE1CEAC434BE29F0B51CEC8CBEC8A;PA;São Félix do Xingu;Área de Infraestrutura Pública;Aguardando análise;PE;0,4120
PA-1507300-F8EF8F5B065D4A4BB46CCE8E8C30860A;PA;São Félix do Xingu;Área de Infraestrutura Pública;Aguardando análise;PE;1,1664
PA-1507300-FA06FBA62B6A47EA8AACC6DD1C603F9E;PA;São Félix do Xingu;Área de Infraestrutura Pública;Analisado, aguardando atendimento a notificação;PE;0,2090
PA-1507300-FB613752381748AA99C790E0AE87FAEE;PA;São Félix do Xingu;Área de Infraestrutura Pública;Analisado, aguardando atendimento a notificação;PE;1,2428
PA-1507300-FD0D7D5B276F457D98B874A174411F35;PA;São Félix do Xingu;Área de Infraestrutura Pública;Aguardando análise;PE;40,7516
PA-1507300-FD320886963844E08015DFD7E39B8D8B;PA;São Félix do Xingu;Área de Infraestrutura Pública;Aguardando análise;AT;0,3247
PA-1507300-FD62A5CA3D94476C8AB3E4448F7E783F;PA;São Félix do Xingu;Área de Infraestrutura Pública;Aguardando análise;PE;0,1322
PA-1507300-FE6563770D7E4E6E8AA52CF72FA37D33;PA;São Félix do Xingu;Área de Infraestrutura Pública;Analisado, aguardando atendimento a notificação;SU;0,8606
PA-1507300-FED0B87972434FFB9F74541B0BB497E8;PA;São Félix do Xingu;Área de Infraestrutura Pública;Analisado, aguardando atendimento a notificação;PE;0,7969
PA-1504208-B000CE16276348319BBA474ACFB35A67;PA;São Félix do Xingu;Área de Utilidade Pública;Aguardando análise;PE;7,3993
PA-1507300-05BEF76B139245BBB865D428395E0C9C;PA;São Félix do Xingu;Área de Utilidade Pública;Em análise;SU;0,0449
PA-1507300-07A92EDB543944DE8057041D115CACAF;PA;São Félix do Xingu;Área de Utilidade Pública;Aguardando análise;AT;1,4617
PA-1507300-0A07D241C9914494B53756B8C96BA0D0;PA;São Félix do Xingu;Área de Utilidade Pública;Analisado, aguardando atendimento a notificação;PE;0,8342
PA-1507300-0C6BE18B19FF4B409A056A5E87D5169A;PA;São Félix do Xingu;Área de Utilidade Pública;Analisado, aguardando atendimento a notificação;PE;1,0741
PA-1507300-0D477B1C0FA24B11A9A0CFEBFE99F5FB;PA;São Félix do Xingu;Área de Utilidade Pública;Analisado, aguardando regularização ambiental (Lei nº 12.651/2012);AT;25,2248
PA-1507300-140BFD525F0F425C8E9594E2985A51D2;PA;São Félix do Xingu;Área de Utilidade Pública;Analisado, aguardando atendimento a notificação;PE;0,8964
PA-1507300-151832BE554B4F7299084707EE92164E;PA;São Félix do Xingu;Área de Utilidade Pública;Analisado, aguardando atendimento a notificação;PE;1,2218
PA-1507300-17CE566239A546C3977516BE8619EA88;PA;São Félix do Xingu;Área de Utilidade Pública;Analisado, aguardando atendimento a notificação;PE;1,4321
PA-1507300-192C62E6ED17492A8E918F2862878126;PA;São Félix do Xingu;Área de Utilidade Pública;Analisado, aguardando atendimento a notificação;PE;0,3696
PA-1507300-19525DE641154F78A5644BF7DCB00076;PA;São Félix do Xingu;Área de Utilidade Pública;Analisado, aguardando atendimento a notificação;PE;0,9246
PA-1507300-1B881888B3A747148B74DAA22FC3D28A;PA;São Félix do Xingu;Área de Utilidade Pública;Aguardando análise;PE;8,7774
PA-1507300-1C82EEF5D84B4430BA0A2A3E9D7F61D2;PA;São Félix do Xingu;Área de Utilidade Pública;Aguardando análise;AT;0,9162
PA-1507300-229779B7DF1A4B3186EB4FFF9116337E;PA;São Félix do Xingu;Área de Utilidade Pública;Aguardando análise;AT;0,3123
PA-1507300-22992E71C49049D69E93C732992D666C;PA;São Félix do Xingu;Área de Utilidade Pública;Analisado, aguardando atendimento a notificação;AT;1,1689
PA-1507300-23F37794C4BE45FE91AAA212AD089818;PA;São Félix do Xingu;Área de Utilidade Pública;Analisado, aguardando atendimento a notificação;PE;2,5983
PA-1507300-25F3599DAC9E4C0EA6288184A3DF3788;PA;São Félix do Xingu;Área de Utilidade Pública;Analisado, aguardando atendimento a notificação;SU;3,5835
PA-1507300-2765617DE9E040488654EBD0C155507F;PA;São Félix do Xingu;Área de Utilidade Pública;Aguardando análise;PE;2,6266
PA-1507300-2C0F27FE2DCB4A4B9611351EF4C58923;PA;São Félix do Xingu;Área de Utilidade Pública;Aguardando análise;AT;3,0129
PA-1507300-2D642C28603C4B24B493FF6629A4A59B;PA;São Félix do Xingu;Área de Utilidade Pública;Analisado, aguardando atendimento a notificação;PE;0,2769
PA-1507300-2DBE6629FC224D388C2FDF74EE439D9F;PA;São Félix do Xingu;Área de Utilidade Pública;Em análise;PE;4,8206
PA-1507300-2F16228BF01E4E79A70FB22D7CE355B9;PA;São Félix do Xingu;Área de Utilidade Pública;Aguardando análise;AT;0,3114
PA-1507300-31C9BFB7C09540F38A90FE64640D4FCE;PA;São Félix do Xingu;Área de Utilidade Pública;Analisado, aguardando atendimento a notificação;PE;1,0822
PA-1507300-31D576D4ED8D421293317F48AE9EAE67;PA;São Félix do Xingu;Área de Utilidade Pública;Aguardando análise;AT;0,3835
PA-1507300-35E66D8FCE014D1FB29F0A2F9DA6FD08;PA;São Félix do Xingu;Área de Utilidade Pública;Analisado, aguardando regularização ambiental (Lei nº 12.651/2012);PE;2,2154
PA-1507300-36CECBA8375B4CB3A89A1C9E1E6AE993;PA;São Félix do Xingu;Área de Utilidade Pública;Analisado, aguardando atendimento a notificação;PE;0,6786
PA-1507300-396F39B4B0DD45BB8BA406F02686102D;PA;São Félix do Xingu;Área de Utilidade Pública;Analisado, aguardando regularização ambiental (Lei nº 12.651/2012);AT;0,3643
PA-1507300-3BA86EF5FBAD41C2A82709CCEDAF8A0A;PA;São Félix do Xingu;Área de Utilidade Pública;Analisado, aguardando regularização ambiental (Lei nº 12.651/2012);PE;2,8210
PA-1507300-4013693B5E274230AAFD9D9407E97C7C;PA;São Félix do Xingu;Área de Utilidade Pública;Aguardando análise;SU;0,1471
PA-1507300-405A8010612648EBA6B75DF41F1FB3A9;PA;São Félix do Xingu;Área de Utilidade Pública;Aguardando análise;PE;5,4378
PA-1507300-42B95377BD9B4DC58FCDBBFD5CBAC33C;PA;São Félix do Xingu;Área de Utilidade Pública;Aguardando análise;PE;0,3017
PA-1507300-42D3C08BE3DA4A5AB848613B2FC9D664;PA;São Félix do Xingu;Área de Utilidade Pública;Analisado, aguardando regularização ambiental (Lei nº 12.651/2012);AT;1,5658
PA-1507300-449C2FB5644C43838FE02ED1C9538973;PA;São Félix do Xingu;Área de Utilidade Pública;Aguardando análise;AT;1,8041
PA-1507300-46AC5FFC2D3F456283CCC0E9F1207C37;PA;São Félix do Xingu;Área de Utilidade Pública;Analisado, aguardando atendimento a notificação;AT;0,2908
PA-1507300-477A4429BADF4798A43AC8EA805E8DC5;PA;São Félix do Xingu;Área de Utilidade Pública;Aguardando análise;AT;6,4486
PA-1507300-492CDF367AD3482DBD320D7D35CDCB78;PA;São Félix do Xingu;Área de Utilidade Pública;Analisado, aguardando atendimento a notificação;PE;5,5643
PA-1507300-4ADE51FD8305430CB3172DA39261C8C9;PA;São Félix do Xingu;Área de Utilidade Pública;Analisado, aguardando atendimento a notificação;PE;0,1443
PA-1507300-4C62147C0EF94D479B515E7AF2EB2958;PA;São Félix do Xingu;Área de Utilidade Pública;Aguardando análise;AT;0,3069
PA-1507300-4E0C7C45BABD461AA42A4A80AB5BD79C;PA;São Félix do Xingu;Área de Utilidade Pública;Analisado, aguardando regularização ambiental (Lei nº 12.651/2012);AT;0,3790
PA-1507300-51BF359EA53F475BA8CCF020DC6E7FBA;PA;São Félix do Xingu;Área de Utilidade Pública;Analisado, aguardando atendimento a notificação;PE;4,7612
PA-1507300-520A12A3B76F4392B9C2D2D7D4BCB805;PA;São Félix do Xingu;Área de Utilidade Pública;Aguardando análise;AT;1,7010
PA-1507300-52F055031B8A468E84C09E1C3E601771;PA;São Félix do Xingu;Área de Utilidade Pública;Aguardando análise;PE;4,8048
PA-1507300-547A647259E243C3AC2D33A461A13CC5;PA;São Félix do Xingu;Área de Utilidade Pública;Aguardando análise;PE;2,0835
PA-1507300-54D2CBAAB594426FAC8CF2498229FE7F;PA;São Félix do Xingu;Área de Utilidade Pública;Analisado, aguardando atendimento a notificação;PE;24,7767
PA-1507300-55AD05BFE1BC430B9F60862C90A6F3BE;PA;São Félix do Xingu;Área de Utilidade Pública;Aguardando análise;PE;0,2468
PA-1507300-55DE40F469DA4844956FFAB2D73E9457;PA;São Félix do Xingu;Área de Utilidade Pública;Aguardando análise;AT;7,8058
PA-1507300-5625E3EE00AC45FE82E11E514B754BFC;PA;São Félix do Xingu;Área de Utilidade Pública;Analisado, aguardando regularização ambiental (Lei nº 12.651/2012);PE;0,9614
PA-1507300-56A477F9B21F402F83FDD0DA7949F68C;PA;São Félix do Xingu;Área de Utilidade Pública;Aguardando análise;AT;9,0941
PA-1507300-56FAEDAF7F234AB8B1696A586A592318;PA;São Félix do Xingu;Área de Utilidade Pública;Aguardando análise;PE;0,5573
PA-1507300-5F01BD620DA34ABFBF7FD26B81086B06;PA;São Félix do Xingu;Área de Utilidade Pública;Analisado, aguardando atendimento a notificação;PE;0,3960
PA-1507300-5F1A4AA3C1A34221885AFB212500D2BD;PA;São Félix do Xingu;Área de Utilidade Pública;Analisado, aguardando atendimento a notificação;PE;0,2844
PA-1507300-61752C31EFB047C3A11EB08AD426C2E1;PA;São Félix do Xingu;Área de Utilidade Pública;Aguardando análise;PE;5,7258
PA-1507300-6299A246C35543779631A4930F4D91D8;PA;São Félix do Xingu;Área de Utilidade Pública;Analisado, aguardando regularização ambiental (Lei nº 12.651/2012);AT;1,3504
PA-1507300-62F80866200E441D9F716A6F1FE023DF;PA;São Félix do Xingu;Área de Utilidade Pública;Analisado, aguardando regularização ambiental (Lei nº 12.651/2012);AT;4,0237
PA-1507300-63130E5FE4BD4452BE4EB789BA53C9FB;PA;São Félix do Xingu;Área de Utilidade Pública;Aguardando análise;PE;2,7436
PA-1507300-63DDB78863644ACD81F9D12849080AC9;PA;São Félix do Xingu;Área de Utilidade Pública;Analisado, aguardando regularização ambiental (Lei nº 12.651/2012);AT;12,5646
PA-1507300-6623BFDC4B884706BC151AB477E8DE01;PA;São Félix do Xingu;Área de Utilidade Pública;Aguardando análise;AT;2,2611
PA-1507300-67B9614C7EE146FFB2B327EA73FEC5F5;PA;São Félix do Xingu;Área de Utilidade Pública;Aguardando análise;AT;0,3064
PA-1507300-6B6B1A8CFDA64F6B8804025662602A32;PA;São Félix do Xingu;Área de Utilidade Pública;Aguardando análise;PE;0,4919
PA-1507300-6D96D236B877404F8D6A5E29CFE965D9;PA;São Félix do Xingu;Área de Utilidade Pública;Analisado, aguardando atendimento a notificação;PE;2,1159
PA-1507300-7055C8896A1E421CB78598CEFA046E60;PA;São Félix do Xingu;Área de Utilidade Pública;Analisado, aguardando atendimento a notificação;AT;2,1776
PA-1507300-71FC246220584C1A8C13392999B7C058;PA;São Félix do Xingu;Área de Utilidade Pública;Aguardando análise;SU;4,1862
PA-1507300-774D62E4A571488E8E95022874AB3CC6;PA;São Félix do Xingu;Área de Utilidade Pública;Analisado, aguardando atendimento a notificação;PE;0,1574
PA-1507300-79EC0065EB3D4C218A9C01C1803FCC8B;PA;São Félix do Xingu;Área de Utilidade Pública;Analisado, aguardando atendimento a notificação;AT;0,1214
PA-1507300-7A3CA1E2D56F47949B898CF0062E3F7C;PA;São Félix do Xingu;Área de Utilidade Pública;Analisado, aguardando atendimento a notificação;PE;1,3600
PA-1507300-7E7CBC580765486D910A12D2EBA705CA;PA;São Félix do Xingu;Área de Utilidade Pública;Analisado, aguardando regularização ambiental (Lei nº 12.651/2012);AT;6,2714
PA-1507300-7F2340194D2F43CC9966C5DDC50A5570;PA;São Félix do Xingu;Área de Utilidade Pública;Aguardando análise;AT;1,1348
PA-1507300-837BBB4918BE47FDA9FF5960B082F137;PA;São Félix do Xingu;Área de Utilidade Pública;Analisado, aguardando regularização ambiental (Lei nº 12.651/2012);PE;2,9588
PA-1507300-8385D7A5F386432689AE509E5EF11F04;PA;São Félix do Xingu;Área de Utilidade Pública;Aguardando análise;PE;0,6342
PA-1507300-87D3151947754F6790D0D1C33EA25C59;PA;São Félix do Xingu;Área de Utilidade Pública;Analisado, aguardando regularização ambiental (Lei nº 12.651/2012);AT;0,3040
PA-1507300-893028F05F3F485D8A4611589A097E99;PA;São Félix do Xingu;Área de Utilidade Pública;Analisado, aguardando atendimento a notificação;PE;0,4140
PA-1507300-89BF82B0CB3F4498A55F8B37C04E4A8F;PA;São Félix do Xingu;Área de Utilidade Pública;Analisado, em conformidade com a Lei nº 12.651/2012;AT;0,3686
PA-1507300-8A32717B176E447B807DC9F5BF6F7371;PA;São Félix do Xingu;Área de Utilidade Pública;Aguardando análise;AT;3,0354
PA-1507300-8B3EBDA03C0C48A394FA80D051FF3834;PA;São Félix do Xingu;Área de Utilidade Pública;Aguardando análise;AT;0,2311
PA-1507300-8B51B40C494D475E9908D7170ED97CC4;PA;São Félix do Xingu;Área de Utilidade Pública;Analisado, aguardando atendimento a notificação;SU;3,1991
PA-1507300-8F20EED3B08E4092AD638C1464CA48FC;PA;São Félix do Xingu;Área de Utilidade Pública;Aguardando análise;PE;0,6111
PA-1507300-927C3ED52E0445F68992CD4C577EDF7C;PA;São Félix do Xingu;Área de Utilidade Pública;Analisado, aguardando regularização ambiental (Lei nº 12.651/2012);AT;0,5841
PA-1507300-941D3270C77842BB922E3FC938E390DB;PA;São Félix do Xingu;Área de Utilidade Pública;Analisado, aguardando atendimento a notificação;PE;1,5211
PA-1507300-97BEA51DB00F4FCDBA107E6BDE8F4EC6;PA;São Félix do Xingu;Área de Utilidade Pública;Aguardando análise;PE;0,8512
PA-1507300-A44466CED03A40EC96C84976417F1C60;PA;São Félix do Xingu;Área de Utilidade Pública;Analisado, aguardando atendimento a notificação;PE;0,2901
PA-1507300-B037439D9DCD4A8B98C2445BA22B5EE4;PA;São Félix do Xingu;Área de Utilidade Pública;Analisado, aguardando atendimento a notificação;PE;0,6503
PA-1507300-B1BDB000558144179B178CAC14B30D82;PA;São Félix do Xingu;Área de Utilidade Pública;Analisado, aguardando regularização ambiental (Lei nº 12.651/2012);PE;4,0804
PA-1507300-B2265E6F27DE4D54813F0DA0F31D6A8E;PA;São Félix do Xingu;Área de Utilidade Pública;Analisado, aguardando atendimento a notificação;PE;2,2354
PA-1507300-B3F8799A328C4B5C9646C851D097E8F2;PA;São Félix do Xingu;Área de Utilidade Pública;Analisado, aguardando regularização ambiental (Lei nº 12.651/2012);AT;2,0862
PA-1507300-B44A908270FF4C69A1DE863FCE5745D6;PA;São Félix do Xingu;Área de Utilidade Pública;Aguardando análise;AT;3,6951
PA-1507300-B7C6617340B349ACA7494CD9E2435543;PA;São Félix do Xingu;Área de Utilidade Pública;Aguardando análise;PE;2,7450
PA-1507300-BAAA94EDAA944461ACFBCE6D6111F53D;PA;São Félix do Xingu;Área de Utilidade Pública;Aguardando análise;PE;3,4108
PA-1507300-BBCA4AB2F69D4D9A9EB3275B7CD7D246;PA;São Félix do Xingu;Área de Utilidade Pública;Analisado, aguardando atendimento a notificação;PE;2,4454
PA-1507300-BCD8EB7F2EE94964865070C66293B904;PA;São Félix do Xingu;Área de Utilidade Pública;Analisado, aguardando atendimento a notificação;AT;2,7120
PA-1507300-C2697B2F9CC34429952D52AA5C25C9B0;PA;São Félix do Xingu;Área de Utilidade Pública;Analisado, aguardando regularização ambiental (Lei nº 12.651/2012);AT;13,7234
PA-1507300-C27150BB3CE348CC8B4AEFE9EE5647BC;PA;São Félix do Xingu;Área de Utilidade Pública;Analisado, aguardando regularização ambiental (Lei nº 12.651/2012);AT;3,7574
PA-1507300-C36016531953447DA34990FD9FAA001A;PA;São Félix do Xingu;Área de Utilidade Pública;Aguardando análise;AT;9,3407
PA-1507300-C5E242FC14EE41F99EDF5BEC5E6DEB94;PA;São Félix do Xingu;Área de Utilidade Pública;Analisado, aguardando regularização ambiental (Lei nº 12.651/2012);AT;2,4442
PA-1507300-C6DAA4591F1D4D6A8B1257AE89F69A31;PA;São Félix do Xingu;Área de Utilidade Pública;Analisado, aguardando atendimento a notificação;PE;5,0749
PA-1507300-CB33EBE561AE4001BD56F0D9006A5DF5;PA;São Félix do Xingu;Área de Utilidade Pública;Aguardando análise;AT;0,5568
PA-1507300-CBE12A5C33D14A04A332892A22A0F9B3;PA;São Félix do Xingu;Área de Utilidade Pública;Analisado, aguardando regularização ambiental (Lei nº 12.651/2012);AT;1,9629
PA-1507300-D23388340EF247728A58BB6341A7594C;PA;São Félix do Xingu;Área de Utilidade Pública;Analisado, aguardando atendimento a notificação;PE;1,6351
PA-1507300-D3ABD062A73D415AB28B2F9952687342;PA;São Félix do Xingu;Área de Utilidade Pública;Analisado, aguardando atendimento a notificação;SU;10,6831
PA-1507300-D6DFB88E9A4D4D04837171DC7120F87F;PA;São Félix do Xingu;Área de Utilidade Pública;Analisado, aguardando regularização ambiental (Lei nº 12.651/2012);AT;6,3864
PA-1507300-D7A86631EA6C4B14889F4D66F96C36DC;PA;São Félix do Xingu;Área de Utilidade Pública;Aguardando análise;PE;1,8635
PA-1507300-D7CDB0A9C24E4DBB800A32D920014AE3;PA;São Félix do Xingu;Área de Utilidade Pública;Analisado, aguardando regularização ambiental (Lei nº 12.651/2012);AT;0,1841
PA-1507300-E1BB234ECB58499C85EF7878F44B636C;PA;São Félix do Xingu;Área de Utilidade Pública;Aguardando análise;PE;0,2694
PA-1507300-E2CE5554902A44BCA640453187D8BE1B;PA;São Félix do Xingu;Área de Utilidade Pública;Analisado, aguardando regularização ambiental (Lei nº 12.651/2012);AT;3,1207
PA-1507300-E447515128004908BC5B755985480BCC;PA;São Félix do Xingu;Área de Utilidade Pública;Analisado, aguardando atendimento a notificação;PE;0,7710
PA-1507300-E60AEF09E88C4D40964B9E80085827E6;PA;São Félix do Xingu;Área de Utilidade Pública;Aguardando análise;PE;6,9349
PA-1507300-E7915838AF044E0A8075EF64D7CCF029;PA;São Félix do Xingu;Área de Utilidade Pública;Analisado, aguardando regularização ambiental (Lei nº 12.651/2012);AT;0,4339
PA-1507300-E877CDDF43DB4089A280FE261E8BF14D;PA;São Félix do Xingu;Área de Utilidade Pública;Aguardando análise;AT;0,8469
PA-1507300-E8BBF518E6D245AAB7DB1A48E8C446D5;PA;São Félix do Xingu;Área de Utilidade Pública;Analisado, aguardando regularização ambiental (Lei nº 12.651/2012);PE;3,7625
PA-1507300-E937E3FB197641A0BB47E8CAB048BF7C;PA;São Félix do Xingu;Área de Utilidade Pública;Aguardando análise;PE;5,1425
PA-1507300-EB5FED39411047B5AA264F929F15ADB1;PA;São Félix do Xingu;Área de Utilidade Pública;Analisado, aguardando regularização ambiental (Lei nº 12.651/2012);AT;4,7596
PA-1507300-ED12A416EA3C406B8E4617A67A1F3D47;PA;São Félix do Xingu;Área de Utilidade Pública;Analisado, aguardando atendimento a notificação;AT;1,3411
PA-1507300-F4E6CF96AD0542F3AC0072F7FB506081;PA;São Félix do Xingu;Área de Utilidade Pública;Analisado, aguardando atendimento a notificação;PE;4,2581
PA-1507300-F6EAD87CF3C348D8BC071B58376221EA;PA;São Félix do Xingu;Área de Utilidade Pública;Aguardando análise;PE;1,1259
PA-1507300-F7CB65D491E24F96A8047DD8872422AE;PA;São Félix do Xingu;Área de Utilidade Pública;Analisado, aguardando regularização ambiental (Lei nº 12.651/2012);AT;0,2522
PA-1507300-FC24A60D2CBF4FFE97C784C6B590021A;PA;São Félix do Xingu;Área de Utilidade Pública;Aguardando análise;PE;0,9575
PA-1507300-FC87CCDBD613490C8A44064A6450A400;PA;São Félix do Xingu;Área de Utilidade Pública;Analisado, aguardando atendimento a notificação;PE;0,5803
PA-1504208-B000CE16276348319BBA474ACFB35A67;PA;São Félix do Xingu;Área de Servidão Administrativa Total;Aguardando análise;PE;7,3993
PA-1507300-049C66F7E42E480D9EEC285416184349;PA;São Félix do Xingu;Área de Servidão Administrativa Total;Analisado, aguardando atendimento a notificação;PE;2,4450
PA-1507300-0571FDEAAC844FD1ACC945138E893088;PA;São Félix do Xingu;Área de Servidão Administrativa Total;Analisado, aguardando atendimento a notificação;PE;0,0136
PA-1507300-05BEF76B139245BBB865D428395E0C9C;PA;São Félix do Xingu;Área de Servidão Administrativa Total;Em análise;SU;0,0449
PA-1507300-062A17B883FE4359A5E8EA2713437CAB;PA;São Félix do Xingu;Área de Servidão Administrativa Total;Analisado, aguardando atendimento a notificação;SU;0,6717
PA-1507300-07A92EDB543944DE8057041D115CACAF;PA;São Félix do Xingu;Área de Servidão Administrativa Total;Aguardando análise;AT;1,4617
PA-1507300-07BE13004F6047B6B694A9C92B1DF90D;PA;São Félix do Xingu;Área de Servidão Administrativa Total;Analisado, aguardando atendimento a notificação;PE;1,3560
PA-1507300-07CFA32B1C374D1783230ED6FE726DA3;PA;São Félix do Xingu;Área de Servidão Administrativa Total;Aguardando análise;AT;0,0748
PA-1507300-0A07D241C9914494B53756B8C96BA0D0;PA;São Félix do Xingu;Área de Servidão Administrativa Total;Analisado, aguardando atendimento a notificação;PE;0,8342
PA-1507300-0AB15AD8E5E44FDA96C497C45D47D6B2;PA;São Félix do Xingu;Área de Servidão Administrativa Total;Aguardando análise;PE;0,1334
PA-1507300-0C54356DB7C04199A449522A9DF1615C;PA;São Félix do Xingu;Área de Servidão Administrativa Total;Aguardando análise;PE;0,8807
PA-1507300-0C6BE18B19FF4B409A056A5E87D5169A;PA;São Félix do Xingu;Área de Servidão Administrativa Total;Analisado, aguardando atendimento a notificação;PE;1,0741
PA-1507300-0D477B1C0FA24B11A9A0CFEBFE99F5FB;PA;São Félix do Xingu;Área de Servidão Administrativa Total;Analisado, aguardando regularização ambiental (Lei nº 12.651/2012);AT;25,2248
PA-1507300-0E1ADC405EC54199B95D261310B076AE;PA;São Félix do Xingu;Área de Servidão Administrativa Total;Aguardando análise;AT;0,1021
PA-1507300-0EFD07753CD94228A32380881FE8B0F4;PA;São Félix do Xingu;Área de Servidão Administrativa Total;Aguardando análise;SU;17,0827
PA-1507300-0F8F9854EF9449328F5372FA27599787;PA;São Félix do Xingu;Área de Servidão Administrativa Total;Aguardando análise;AT;0,7258
PA-1507300-140BFD525F0F425C8E9594E2985A51D2;PA;São Félix do Xingu;Área de Servidão Administrativa Total;Analisado, aguardando atendimento a notificação;PE;0,8964
PA-1507300-151832BE554B4F7299084707EE92164E;PA;São Félix do Xingu;Área de Servidão Administrativa Total;Analisado, aguardando atendimento a notificação;PE;1,2218
PA-1507300-16D67672964C4B35804BAA8EA9D010AC;PA;São Félix do Xingu;Área de Servidão Administrativa Total;Analisado, aguardando atendimento a notificação;PE;0,0650
PA-1507300-174D9B1092CF47A58B52F9279459E031;PA;São Félix do Xingu;Área de Servidão Administrativa Total;Analisado, aguardando atendimento a notificação;PE;0,2415
PA-1507300-17CE566239A546C3977516BE8619EA88;PA;São Félix do Xingu;Área de Servidão Administrativa Total;Analisado, aguardando atendimento a notificação;PE;1,4321
PA-1507300-192C62E6ED17492A8E918F2862878126;PA;São Félix do Xingu;Área de Servidão Administrativa Total;Analisado, aguardando atendimento a notificação;PE;0,3696
PA-1507300-19525DE641154F78A5644BF7DCB00076;PA;São Félix do Xingu;Área de Servidão Administrativa Total;Analisado, aguardando atendimento a notificação;PE;0,9246
PA-1507300-1ADB919F20554D538E7F853E22344F89;PA;São Félix do Xingu;Área de Servidão Administrativa Total;Analisado, aguardando atendimento a notificação;SU;0,6261
PA-1507300-1B881888B3A747148B74DAA22FC3D28A;PA;São Félix do Xingu;Área de Servidão Administrativa Total;Aguardando análise;PE;8,7774
PA-1507300-1C82EEF5D84B4430BA0A2A3E9D7F61D2;PA;São Félix do Xingu;Área de Servidão Administrativa Total;Aguardando análise;AT;0,9162
PA-1507300-1CA26A0D042C49B19BD10A3897E3770E;PA;São Félix do Xingu;Área de Servidão Administrativa Total;Aguardando análise;AT;1,2756
PA-1507300-1EA68E403D7C4941AD5EFD9D6AB6401D;PA;São Félix do Xingu;Área de Servidão Administrativa Total;Analisado, aguardando atendimento a notificação;SU;1,1037
PA-1507300-222388A3441C4616BB26FA6433E98FD0;PA;São Félix do Xingu;Área de Servidão Administrativa Total;Analisado, aguardando regularização ambiental (Lei nº 12.651/2012);AT;0,6669
PA-1507300-229779B7DF1A4B3186EB4FFF9116337E;PA;São Félix do Xingu;Área de Servidão Administrativa Total;Aguardando análise;AT;0,3123
PA-1507300-22992E71C49049D69E93C732992D666C;PA;São Félix do Xingu;Área de Servidão Administrativa Total;Analisado, aguardando atendimento a notificação;AT;1,1689
PA-1507300-22AFE2E1384A4D91BD0EA529787665C9;PA;São Félix do Xingu;Área de Servidão Administrativa Total;Aguardando análise;AT;0,4000
PA-1507300-23B5D4214F8B4A419093996C6E992B49;PA;São Félix do Xingu;Área de Servidão Administrativa Total;Analisado, aguardando atendimento a notificação;SU;1,7613
PA-1507300-23F37794C4BE45FE91AAA212AD089818;PA;São Félix do Xingu;Área de Servidão Administrativa Total;Analisado, aguardando atendimento a notificação;PE;2,5983
PA-1507300-25F3599DAC9E4C0EA6288184A3DF3788;PA;São Félix do Xingu;Área de Servidão Administrativa Total;Analisado, aguardando atendimento a notificação;SU;3,5835
PA-1507300-2765617DE9E040488654EBD0C155507F;PA;São Félix do Xingu;Área de Servidão Administrativa Total;Aguardando análise;PE;2,6266
PA-1507300-27A8011A5CB147D98C914A5A02840AAD;PA;São Félix do Xingu;Área de Servidão Administrativa Total;Aguardando análise;PE;1,4520
PA-1507300-286599FA5C2449D180CC8D9C7E1AD762;PA;São Félix do Xingu;Área de Servidão Administrativa Total;Aguardando análise;PE;4,5895
PA-1507300-2B3415D57BDC4D6AA8ACA7964FDF70BA;PA;São Félix do Xingu;Área de Servidão Administrativa Total;Analisado, aguardando regularização ambiental (Lei nº 12.651/2012);AT;3,7684
PA-1507300-2C0F27FE2DCB4A4B9611351EF4C58923;PA;São Félix do Xingu;Área de Servidão Administrativa Total;Aguardando análise;AT;3,0129
PA-1507300-2C95C6A713F148EBA33706282491C927;PA;São Félix do Xingu;Área de Servidão Administrativa Total;Aguardando análise;PE;0,4970
PA-1507300-2CF3B184742945A0AD9927AAF76F9AD7;PA;São Félix do Xingu;Área de Servidão Administrativa Total;Analisado, aguardando atendimento a notificação;PE;0,3805
PA-1507300-2CF64E5B8BEB4621BE5E556B7B464B60;PA;São Félix do Xingu;Área de Servidão Administrativa Total;Aguardando análise;PE;29,3370
PA-1507300-2D642C28603C4B24B493FF6629A4A59B;PA;São Félix do Xingu;Área de Servidão Administrativa Total;Analisado, aguardando atendimento a notificação;PE;0,2769
PA-1507300-2D94FA29025D4C16BE280530A04A46E6;PA;São Félix do Xingu;Área de Servidão Administrativa Total;Analisado, aguardando regularização ambiental (Lei nº 12.651/2012);AT;3,0930
PA-1507300-2DBE6629FC224D388C2FDF74EE439D9F;PA;São Félix do Xingu;Área de Servidão Administrativa Total;Em análise;PE;4,8206
PA-1507300-2DEB13E9D10F4127A8A6D76E5F884937;PA;São Félix do Xingu;Área de Servidão Administrativa Total;Analisado, aguardando regularização ambiental (Lei nº 12.651/2012);AT;0,2021
PA-1507300-2F16228BF01E4E79A70FB22D7CE355B9;PA;São Félix do Xingu;Área de Servidão Administrativa Total;Aguardando análise;AT;0,3114
PA-1507300-31C9BFB7C09540F38A90FE64640D4FCE;PA;São Félix do Xingu;Área de Servidão Administrativa Total;Analisado, aguardando atendimento a notificação;PE;1,0822
PA-1507300-31D576D4ED8D421293317F48AE9EAE67;PA;São Félix do Xingu;Área de Servidão Administrativa Total;Aguardando análise;AT;0,3835
PA-1507300-32DC46C8F4D14D84A6C12AD7A2E45D54;PA;São Félix do Xingu;Área de Servidão Administrativa Total;Analisado, aguardando atendimento a notificação;PE;0,7344
PA-1507300-3519B77291B440AAB0E5F89346D76110;PA;São Félix do Xingu;Área de Servidão Administrativa Total;Analisado, aguardando regularização ambiental (Lei nº 12.651/2012);AT;0,1603
PA-1507300-35E66D8FCE014D1FB29F0A2F9DA6FD08;PA;São Félix do Xingu;Área de Servidão Administrativa Total;Analisado, aguardando regularização ambiental (Lei nº 12.651/2012);PE;2,2154
PA-1507300-36CECBA8375B4CB3A89A1C9E1E6AE993;PA;São Félix do Xingu;Área de Servidão Administrativa Total;Analisado, aguardando atendimento a notificação;PE;0,6786
PA-1507300-3916F47DB24144F49D63364544BDA0B9;PA;São Félix do Xingu;Área de Servidão Administrativa Total;Analisado, aguardando atendimento a notificação;PE;0,0000
PA-1507300-396F39B4B0DD45BB8BA406F02686102D;PA;São Félix do Xingu;Área de Servidão Administrativa Total;Analisado, aguardando regularização ambiental (Lei nº 12.651/2012);AT;0,3643
PA-1507300-3B40654C4BA541FDA108477EC9602B8C;PA;São Félix do Xingu;Área de Servidão Administrativa Total;Em análise;PE;2,7527
PA-1507300-3BA86EF5FBAD41C2A82709CCEDAF8A0A;PA;São Félix do Xingu;Área de Servidão Administrativa Total;Analisado, aguardando regularização ambiental (Lei nº 12.651/2012);PE;2,8210
PA-1507300-3D23D90EFCC64EC7B4F6D02589958ADE;PA;São Félix do Xingu;Área de Servidão Administrativa Total;Aguardando análise;PE;1,3497
PA-1507300-3FCF1A65045D418790A1DF53DC5BA14E;PA;São Félix do Xingu;Área de Servidão Administrativa Total;Aguardando análise;PE;3,2040
PA-1507300-4013693B5E274230AAFD9D9407E97C7C;PA;São Félix do Xingu;Área de Servidão Administrativa Total;Aguardando análise;SU;0,1471
PA-1507300-403304A4265C442682BA86CC6323894D;PA;São Félix do Xingu;Área de Servidão Administrativa Total;Analisado, aguardando atendimento a notificação;PE;2,4982
PA-1507300-405A8010612648EBA6B75DF41F1FB3A9;PA;São Félix do Xingu;Área de Servidão Administrativa Total;Aguardando análise;PE;5,4378
PA-1507300-40E1E611640943888A267604EACAC499;PA;São Félix do Xingu;Área de Servidão Administrativa Total;Analisado, aguardando atendimento a notificação;PE;0,7457
PA-1507300-4221A552493D4B169D31DE7C170F8FF2;PA;São Félix do Xingu;Área de Servidão Administrativa Total;Analisado, aguardando atendimento a notificação;PE;0,5856
PA-1507300-424058671DAC4D7CA7440C5FF66211A3;PA;São Félix do Xingu;Área de Servidão Administrativa Total;Analisado, aguardando atendimento a notificação;PE;0,4295
PA-1507300-42B95377BD9B4DC58FCDBBFD5CBAC33C;PA;São Félix do Xingu;Área de Servidão Administrativa Total;Aguardando análise;PE;0,3017
PA-1507300-42D3C08BE3DA4A5AB848613B2FC9D664;PA;São Félix do Xingu;Área de Servidão Administrativa Total;Analisado, aguardando regularização ambiental (Lei nº 12.651/2012);AT;1,5658
PA-1507300-43CF143E107548E8A269D983C3620358;PA;São Félix do Xingu;Área de Servidão Administrativa Total;Analisado, aguardando atendimento a notificação;PE;0,1745
PA-1507300-449C2FB5644C43838FE02ED1C9538973;PA;São Félix do Xingu;Área de Servidão Administrativa Total;Aguardando análise;AT;1,8041
PA-1507300-455ECB73D7364734A4A2C50A39ECB7E0;PA;São Félix do Xingu;Área de Servidão Administrativa Total;Analisado, aguardando atendimento a notificação;PE;0,1819
PA-1507300-46AC5FFC2D3F456283CCC0E9F1207C37;PA;São Félix do Xingu;Área de Servidão Administrativa Total;Analisado, aguardando atendimento a notificação;AT;0,2908
PA-1507300-477A4429BADF4798A43AC8EA805E8DC5;PA;São Félix do Xingu;Área de Servidão Administrativa Total;Aguardando análise;AT;6,4486
PA-1507300-47DDEA8B4C7D4C4E8FD45BE7664FB550;PA;São Félix do Xingu;Área de Servidão Administrativa Total;Analisado, aguardando atendimento a notificação;PE;0,7255
PA-1507300-4894EE8B343A4404890E8F90B9BB6E6C;PA;São Félix do Xingu;Área de Servidão Administrativa Total;Aguardando análise;PE;0,0253
PA-1507300-492CDF367AD3482DBD320D7D35CDCB78;PA;São Félix do Xingu;Área de Servidão Administrativa Total;Analisado, aguardando atendimento a notificação;PE;5,5643
PA-1507300-4A81B3122CDE48238EA47ED95C3D42BE;PA;São Félix do Xingu;Área de Servidão Administrativa Total;Analisado, aguardando atendimento a notificação;PE;0,5989
PA-1507300-4ADE51FD8305430CB3172DA39261C8C9;PA;São Félix do Xingu;Área de Servidão Administrativa Total;Analisado, aguardando atendimento a notificação;PE;0,1443
PA-1507300-4BA7441FB6324BF29D67DA5EECDA29EA;PA;São Félix do Xingu;Área de Servidão Administrativa Total;Analisado, aguardando regularização ambiental (Lei nº 12.651/2012);AT;0,6944
PA-1507300-4C4D2B24482844A5BC5406959CFA4568;PA;São Félix do Xingu;Área de Servidão Administrativa Total;Analisado, aguardando atendimento a notificação;PE;0,3186
PA-1507300-4C62147C0EF94D479B515E7AF2EB2958;PA;São Félix do Xingu;Área de Servidão Administrativa Total;Aguardando análise;AT;0,3069
PA-1507300-4E0C7C45BABD461AA42A4A80AB5BD79C;PA;São Félix do Xingu;Área de Servidão Administrativa Total;Analisado, aguardando regularização ambiental (Lei nº 12.651/2012);AT;0,3790
PA-1507300-4E8ECA90A4634865A949D57F83D6D179;PA;São Félix do Xingu;Área de Servidão Administrativa Total;Analisado, aguardando regularização ambiental (Lei nº 12.651/2012);AT;0,9897
PA-1507300-50B1CFE8C1A4426DB811675E90BBD696;PA;São Félix do Xingu;Área de Servidão Administrativa Total;Analisado, em conformidade com a Lei nº 12.651/2012;AT;0,8305
PA-1507300-50B39BDFBF434FC8BB9EA8FF5B832690;PA;São Félix do Xingu;Área de Servidão Administrativa Total;Analisado, aguardando regularização ambiental (Lei nº 12.651/2012);AT;3,3831
PA-1507300-51BF359EA53F475BA8CCF020DC6E7FBA;PA;São Félix do Xingu;Área de Servidão Administrativa Total;Analisado, aguardando atendimento a notificação;PE;4,7612
PA-1507300-520A12A3B76F4392B9C2D2D7D4BCB805;PA;São Félix do Xingu;Área de Servidão Administrativa Total;Aguardando análise;AT;1,7010
PA-1507300-52F055031B8A468E84C09E1C3E601771;PA;São Félix do Xingu;Área de Servidão Administrativa Total;Aguardando análise;PE;4,8048
PA-1507300-5403FEA37C82426B8E7DD091D6554483;PA;São Félix do Xingu;Área de Servidão Administrativa Total;Analisado, aguardando regularização ambiental (Lei nº 12.651/2012);AT;0,2903
PA-1507300-547A647259E243C3AC2D33A461A13CC5;PA;São Félix do Xingu;Área de Servidão Administrativa Total;Aguardando análise;PE;2,0835
PA-1507300-54D2CBAAB594426FAC8CF2498229FE7F;PA;São Félix do Xingu;Área de Servidão Administrativa Total;Analisado, aguardando atendimento a notificação;PE;24,7767
PA-1507300-55AD05BFE1BC430B9F60862C90A6F3BE;PA;São Félix do Xingu;Área de Servidão Administrativa Total;Aguardando análise;PE;0,2468
PA-1507300-55DE40F469DA4844956FFAB2D73E9457;PA;São Félix do Xingu;Área de Servidão Administrativa Total;Aguardando análise;AT;7,8058
PA-1507300-5625E3EE00AC45FE82E11E514B754BFC;PA;São Félix do Xingu;Área de Servidão Administrativa Total;Analisado, aguardando regularização ambiental (Lei nº 12.651/2012);PE;0,9614
PA-1507300-56A477F9B21F402F83FDD0DA7949F68C;PA;São Félix do Xingu;Área de Servidão Administrativa Total;Aguardando análise;AT;9,0941
PA-1507300-56FAEDAF7F234AB8B1696A586A592318;PA;São Félix do Xingu;Área de Servidão Administrativa Total;Aguardando análise;PE;0,5573
PA-1507300-58C19A6136214A4AAB2D6E447BD35B21;PA;São Félix do Xingu;Área de Servidão Administrativa Total;Analisado, aguardando regularização ambiental (Lei nº 12.651/2012);PE;11,2246
PA-1507300-5A3D81645AAF42AE890D0E004B05B6E9;PA;São Félix do Xingu;Área de Servidão Administrativa Total;Aguardando análise;AT;0,1385
PA-1507300-5EE43740B82F4F7591F11A79DD647722;PA;São Félix do Xingu;Área de Servidão Administrativa Total;Aguardando análise;PE;0,2493
PA-1507300-5F01BD620DA34ABFBF7FD26B81086B06;PA;São Félix do Xingu;Área de Servidão Administrativa Total;Analisado, aguardando atendimento a notificação;PE;0,3960
PA-1507300-5F1A4AA3C1A34221885AFB212500D2BD;PA;São Félix do Xingu;Área de Servidão Administrativa Total;Analisado, aguardando atendimento a notificação;PE;0,2844
PA-1507300-6084A640FBC84CB4BAAE32B4B5D58D74;PA;São Félix do Xingu;Área de Servidão Administrativa Total;Aguardando análise;PE;0,3886
PA-1507300-60ADEA336E31498F8DADE41997B6147E;PA;São Félix do Xingu;Área de Servidão Administrativa Total;Aguardando análise;AT;1,4905
PA-1507300-61752C31EFB047C3A11EB08AD426C2E1;PA;São Félix do Xingu;Área de Servidão Administrativa Total;Aguardando análise;PE;5,7258
PA-1507300-6299A246C35543779631A4930F4D91D8;PA;São Félix do Xingu;Área de Servidão Administrativa Total;Analisado, aguardando regularização ambiental (Lei nº 12.651/2012);AT;1,3504
PA-1507300-62F80866200E441D9F716A6F1FE023DF;PA;São Félix do Xingu;Área de Servidão Administrativa Total;Analisado, aguardando regularização ambiental (Lei nº 12.651/2012);AT;4,0237
PA-1507300-63130E5FE4BD4452BE4EB789BA53C9FB;PA;São Félix do Xingu;Área de Servidão Administrativa Total;Aguardando análise;PE;2,7436
PA-1507300-63354B5BC6F14F1FBB0F4184D695E68A;PA;São Félix do Xingu;Área de Servidão Administrativa Total;Analisado, aguardando atendimento a notificação;PE;0,4998
PA-1507300-63DDB78863644ACD81F9D12849080AC9;PA;São Félix do Xingu;Área de Servidão Administrativa Total;Analisado, aguardando regularização ambiental (Lei nº 12.651/2012);AT;12,5646
PA-1507300-64AD644AF5A847D491AB90D44654ED91;PA;São Félix do Xingu;Área de Servidão Administrativa Total;Aguardando análise;PE;0,0885
PA-1507300-6623BFDC4B884706BC151AB477E8DE01;PA;São Félix do Xingu;Área de Servidão Administrativa Total;Aguardando análise;AT;2,2611
PA-1507300-67B9614C7EE146FFB2B327EA73FEC5F5;PA;São Félix do Xingu;Área de Servidão Administrativa Total;Aguardando análise;AT;0,3064
PA-1507300-6824011368BF4F3F96DCC8A385F9BE7D;PA;São Félix do Xingu;Área de Servidão Administrativa Total;Analisado, aguardando atendimento a notificação;PE;0,3127
PA-1507300-6834922DF6AC4FF2B3D4D5478E78E2F8;PA;São Félix do Xingu;Área de Servidão Administrativa Total;Analisado, aguardando regularização ambiental (Lei nº 12.651/2012);AT;0,6478
PA-1507300-683F504512744E8886C9834227078CA4;PA;São Félix do Xingu;Área de Servidão Administrativa Total;Analisado, aguardando atendimento a notificação;PE;0,0832
PA-1507300-6B6B1A8CFDA64F6B8804025662602A32;PA;São Félix do Xingu;Área de Servidão Administrativa Total;Aguardando análise;PE;0,4919
PA-1507300-6BDFEA41C72C4B9AA6371461E0CD8273;PA;São Félix do Xingu;Área de Servidão Administrativa Total;Aguardando análise;PE;0,5378
PA-1507300-6D96D236B877404F8D6A5E29CFE965D9;PA;São Félix do Xingu;Área de Servidão Administrativa Total;Analisado, aguardando atendimento a notificação;PE;2,1159
PA-1507300-6DB67A6A2E39402682F38F90A2E2DED0;PA;São Félix do Xingu;Área de Servidão Administrativa Total;Analisado, aguardando atendimento a notificação;SU;0,6737
PA-1507300-7055C8896A1E421CB78598CEFA046E60;PA;São Félix do Xingu;Área de Servidão Administrativa Total;Analisado, aguardando atendimento a notificação;AT;2,1776
PA-1507300-71FC246220584C1A8C13392999B7C058;PA;São Félix do Xingu;Área de Servidão Administrativa Total;Aguardando análise;SU;4,1862
PA-1507300-73AB36C183134C30A178E44B1AD2074B;PA;São Félix do Xingu;Área de Servidão Administrativa Total;Aguardando análise;PE;0,2608
PA-1507300-774D62E4A571488E8E95022874AB3CC6;PA;São Félix do Xingu;Área de Servidão Administrativa Total;Analisado, aguardando atendimento a notificação;PE;0,1574
PA-1507300-792837BDE8C54ED49A33CADB886265A9;PA;São Félix do Xingu;Área de Servidão Administrativa Total;Analisado, aguardando atendimento a notificação;PE;0,1912
PA-1507300-7929402C075344389A022FF5A546CE4C;PA;São Félix do Xingu;Área de Servidão Administrativa Total;Analisado, aguardando atendimento a notificação;PE;0,0323
PA-1507300-79EC0065EB3D4C218A9C01C1803FCC8B;PA;São Félix do Xingu;Área de Servidão Administrativa Total;Analisado, aguardando atendimento a notificação;AT;0,1214
PA-1507300-7A1A0C191A594A32865DC8928A060A5D;PA;São Félix do Xingu;Área de Servidão Administrativa Total;Aguardando análise;PE;0,0942
PA-1507300-7A3CA1E2D56F47949B898CF0062E3F7C;PA;São Félix do Xingu;Área de Servidão Administrativa Total;Analisado, aguardando atendimento a notificação;PE;1,3600
PA-1507300-7AD23D996F95460CA4D80D0A3138FABC;PA;São Félix do Xingu;Área de Servidão Administrativa Total;Aguardando análise;PE;0,1093
PA-1507300-7B6BF02D02E846CC92CE4F395B35C29F;PA;São Félix do Xingu;Área de Servidão Administrativa Total;Analisado, aguardando atendimento a notificação;PE;1,0520
PA-1507300-7B7C34A9ADD84B10AC42F156718274D5;PA;São Félix do Xingu;Área de Servidão Administrativa Total;Aguardando análise;AT;4,8453
PA-1507300-7E7CBC580765486D910A12D2EBA705CA;PA;São Félix do Xingu;Área de Servidão Administrativa Total;Analisado, aguardando regularização ambiental (Lei nº 12.651/2012);AT;6,2714
PA-1507300-7F2340194D2F43CC9966C5DDC50A5570;PA;São Félix do Xingu;Área de Servidão Administrativa Total;Aguardando análise;AT;1,1348
PA-1507300-7F6962040147472F8767B157B1C2FCA4;PA;São Félix do Xingu;Área de Servidão Administrativa Total;Analisado, aguardando atendimento a notificação;PE;0,4492
PA-1507300-7FC50464C3624AEDAF8F0E7DB6AA9D14;PA;São Félix do Xingu;Área de Servidão Administrativa Total;Aguardando análise;AT;0,4753
PA-1507300-82DDA21E5EA04669A6EC4374BF020D0B;PA;São Félix do Xingu;Área de Servidão Administrativa Total;Aguardando análise;PE;0,2283
PA-1507300-8301064E48614A9990A1BE3FE2EE7500;PA;São Félix do Xingu;Área de Servidão Administrativa Total;Aguardando análise;PE;0,4585
PA-1507300-837BBB4918BE47FDA9FF5960B082F137;PA;São Félix do Xingu;Área de Servidão Administrativa Total;Analisado, aguardando regularização ambiental (Lei nº 12.651/2012);PE;2,9588
PA-1507300-8385D7A5F386432689AE509E5EF11F04;PA;São Félix do Xingu;Área de Servidão Administrativa Total;Aguardando análise;PE;0,6342
PA-1507300-855DC5DEF834437F8D17CD30B5739D08;PA;São Félix do Xingu;Área de Servidão Administrativa Total;Aguardando análise;PE;0,0328
PA-1507300-8646FA2DE81C4ABDAB908DC4C8A75901;PA;São Félix do Xingu;Área de Servidão Administrativa Total;Aguardando análise;PE;0,0000
PA-1507300-87D3151947754F6790D0D1C33EA25C59;PA;São Félix do Xingu;Área de Servidão Administrativa Total;Analisado, aguardando regularização ambiental (Lei nº 12.651/2012);AT;0,3040
PA-1507300-893028F05F3F485D8A4611589A097E99;PA;São Félix do Xingu;Área de Servidão Administrativa Total;Analisado, aguardando atendimento a notificação;PE;0,4140
PA-1507300-89BF82B0CB3F4498A55F8B37C04E4A8F;PA;São Félix do Xingu;Área de Servidão Administrativa Total;Analisado, em conformidade com a Lei nº 12.651/2012;AT;0,3686
PA-1507300-8A2524B2543C422089DACA7602ED3909;PA;São Félix do Xingu;Área de Servidão Administrativa Total;Aguardando análise;AT;0,1357
PA-1507300-8A32717B176E447B807DC9F5BF6F7371;PA;São Félix do Xingu;Área de Servidão Administrativa Total;Aguardando análise;AT;3,0354
PA-1507300-8B3EBDA03C0C48A394FA80D051FF3834;PA;São Félix do Xingu;Área de Servidão Administrativa Total;Aguardando análise;AT;0,2311
PA-1507300-8B51B40C494D475E9908D7170ED97CC4;PA;São Félix do Xingu;Área de Servidão Administrativa Total;Analisado, aguardando atendimento a notificação;SU;3,1991
PA-1507300-8C00075D0B63415ABDB201B0E9739556;PA;São Félix do Xingu;Área de Servidão Administrativa Total;Analisado, aguardando regularização ambiental (Lei nº 12.651/2012);AT;0,4210
PA-1507300-8F20EED3B08E4092AD638C1464CA48FC;PA;São Félix do Xingu;Área de Servidão Administrativa Total;Aguardando análise;PE;0,6111
PA-1507300-8FB7CF3277C143739C5CCDA9BE34318D;PA;São Félix do Xingu;Área de Servidão Administrativa Total;Analisado, aguardando atendimento a notificação;PE;0,0049
PA-1507300-927C3ED52E0445F68992CD4C577EDF7C;PA;São Félix do Xingu;Área de Servidão Administrativa Total;Analisado, aguardando regularização ambiental (Lei nº 12.651/2012);AT;0,5841
PA-1507300-93C8DDCF3A3F48628CA9AC296A31F45F;PA;São Félix do Xingu;Área de Servidão Administrativa Total;Analisado, aguardando atendimento a notificação;AT;1,1628
PA-1507300-941D3270C77842BB922E3FC938E390DB;PA;São Félix do Xingu;Área de Servidão Administrativa Total;Analisado, aguardando atendimento a notificação;PE;1,5211
PA-1507300-94792913785748D98FC5C1BB187980F9;PA;São Félix do Xingu;Área de Servidão Administrativa Total;Analisado, aguardando atendimento a notificação;SU;0,5466
PA-1507300-96E4FC2946E14563A4DF659B59087F94;PA;São Félix do Xingu;Área de Servidão Administrativa Total;Analisado, aguardando regularização ambiental (Lei nº 12.651/2012);AT;15,4787
PA-1507300-97BEA51DB00F4FCDBA107E6BDE8F4EC6;PA;São Félix do Xingu;Área de Servidão Administrativa Total;Aguardando análise;PE;0,8512
PA-1507300-9A283C0BC0804CDC962745B6A666D97B;PA;São Félix do Xingu;Área de Servidão Administrativa Total;Analisado, aguardando atendimento a notificação;PE;0,7487
PA-1507300-9A7F656C0ED04E60A9B603518B5603F8;PA;São Félix do Xingu;Área de Servidão Administrativa Total;Analisado, aguardando atendimento a notificação;PE;0,3530
PA-1507300-9AC41FA2807746DD811B5C211F7E2CC3;PA;São Félix do Xingu;Área de Servidão Administrativa Total;Analisado, aguardando atendimento a notificação;PE;0,2129
PA-1507300-9AE27FBAACF94ED3972555E9B79F5610;PA;São Félix do Xingu;Área de Servidão Administrativa Total;Analisado, aguardando atendimento a notificação;PE;0,0004
PA-1507300-9C703B27940E4F48A74EC66A10728F1D;PA;São Félix do Xingu;Área de Servidão Administrativa Total;Analisado, aguardando regularização ambiental (Lei nº 12.651/2012);AT;3,9853
PA-1507300-A3580237B4664030A88C01C53ECBF667;PA;São Félix do Xingu;Área de Servidão Administrativa Total;Em análise;PE;17,8547
PA-1507300-A44466CED03A40EC96C84976417F1C60;PA;São Félix do Xingu;Área de Servidão Administrativa Total;Analisado, aguardando atendimento a notificação;PE;0,2901
PA-1507300-A6173F32CC1F4913A8657C5CAC69CE9F;PA;São Félix do Xingu;Área de Servidão Administrativa Total;Analisado, aguardando atendimento a notificação;PE;0,4291
PA-1507300-A8CFE2A0377A4420B00EFB12E5BA363B;PA;São Félix do Xingu;Área de Servidão Administrativa Total;Aguardando análise;AT;1,1722
PA-1507300-AC23FB9AE4D54C7B848DA39EDD10C53C;PA;São Félix do Xingu;Área de Servidão Administrativa Total;Analisado, aguardando atendimento a notificação;PE;0,1925
PA-1507300-B037439D9DCD4A8B98C2445BA22B5EE4;PA;São Félix do Xingu;Área de Servidão Administrativa Total;Analisado, aguardando atendimento a notificação;PE;0,6503
PA-1507300-B1BDB000558144179B178CAC14B30D82;PA;São Félix do Xingu;Área de Servidão Administrativa Total;Analisado, aguardando regularização ambiental (Lei nº 12.651/2012);PE;4,0804
PA-1507300-B1C218C4567A482488EEF03B3C2FC285;PA;São Félix do Xingu;Área de Servidão Administrativa Total;Analisado, em conformidade com a Lei nº 12.651/2012;AT;0,5047
PA-1507300-B2265E6F27DE4D54813F0DA0F31D6A8E;PA;São Félix do Xingu;Área de Servidão Administrativa Total;Analisado, aguardando atendimento a notificação;PE;2,2354
PA-1507300-B3F8799A328C4B5C9646C851D097E8F2;PA;São Félix do Xingu;Área de Servidão Administrativa Total;Analisado, aguardando regularização ambiental (Lei nº 12.651/2012);AT;2,0862
PA-1507300-B437490EFD6349188FB11DDDE0AA1E58;PA;São Félix do Xingu;Área de Servidão Administrativa Total;Analisado, aguardando regularização ambiental (Lei nº 12.651/2012);AT;1,3974
PA-1507300-B44A908270FF4C69A1DE863FCE5745D6;PA;São Félix do Xingu;Área de Servidão Administrativa Total;Aguardando análise;AT;3,6951
PA-1507300-B4ACFEAEA3FE4B629BEEED255336EA7B;PA;São Félix do Xingu;Área de Servidão Administrativa Total;Analisado, aguardando regularização ambiental (Lei nº 12.651/2012);AT;3,7963
PA-1507300-B7C6617340B349ACA7494CD9E2435543;PA;São Félix do Xingu;Área de Servidão Administrativa Total;Aguardando análise;PE;2,7450
PA-1507300-B91B3DC4BF7F4D10AD317DE9713483CB;PA;São Félix do Xingu;Área de Servidão Administrativa Total;Analisado, aguardando atendimento a notificação;PE;1,4859
PA-1507300-BA5176FE4CB8482A91BB8A6FBF7BF520;PA;São Félix do Xingu;Área de Servidão Administrativa Total;Analisado, aguardando regularização ambiental (Lei nº 12.651/2012);AT;0,1224
PA-1507300-BA9EA53B557B441DA67FEA7AE9336963;PA;São Félix do Xingu;Área de Servidão Administrativa Total;Analisado, aguardando atendimento a notificação;SU;1,4994
PA-1507300-BAAA94EDAA944461ACFBCE6D6111F53D;PA;São Félix do Xingu;Área de Servidão Administrativa Total;Aguardando análise;PE;3,4108
PA-1507300-BAF4F27B03014E7DBAC793AEA95D2544;PA;São Félix do Xingu;Área de Servidão Administrativa Total;Aguardando análise;AT;1,2739
PA-1507300-BBCA4AB2F69D4D9A9EB3275B7CD7D246;PA;São Félix do Xingu;Área de Servidão Administrativa Total;Analisado, aguardando atendimento a notificação;PE;2,4454
PA-1507300-BCD8EB7F2EE94964865070C66293B904;PA;São Félix do Xingu;Área de Servidão Administrativa Total;Analisado, aguardando atendimento a notificação;AT;2,7120
PA-1507300-BCF144EE84E7417EA912648DA4C70B3A;PA;São Félix do Xingu;Área de Servidão Administrativa Total;Aguardando análise;PE;1,2248
PA-1507300-C11E09FB1D2942A08DD0EDF3D2C1674F;PA;São Félix do Xingu;Área de Servidão Administrativa Total;Analisado, aguardando atendimento a notificação;PE;0,0952
PA-1507300-C2697B2F9CC34429952D52AA5C25C9B0;PA;São Félix do Xingu;Área de Servidão Administrativa Total;Analisado, aguardando regularização ambiental (Lei nº 12.651/2012);AT;13,7234
PA-1507300-C27150BB3CE348CC8B4AEFE9EE5647BC;PA;São Félix do Xingu;Área de Servidão Administrativa Total;Analisado, aguardando regularização ambiental (Lei nº 12.651/2012);AT;3,7574
PA-1507300-C2F709201FC347C88A2444E011F93985;PA;São Félix do Xingu;Área de Servidão Administrativa Total;Analisado, aguardando atendimento a notificação;PE;0,5223
PA-1507300-C36016531953447DA34990FD9FAA001A;PA;São Félix do Xingu;Área de Servidão Administrativa Total;Aguardando análise;AT;9,3407
PA-1507300-C5DDBBE8465F457086605AA6716BF502;PA;São Félix do Xingu;Área de Servidão Administrativa Total;Analisado, aguardando regularização ambiental (Lei nº 12.651/2012);AT;0,2031
PA-1507300-C5E242FC14EE41F99EDF5BEC5E6DEB94;PA;São Félix do Xingu;Área de Servidão Administrativa Total;Analisado, aguardando regularização ambiental (Lei nº 12.651/2012);AT;2,4442
PA-1507300-C6DAA4591F1D4D6A8B1257AE89F69A31;PA;São Félix do Xingu;Área de Servidão Administrativa Total;Analisado, aguardando atendimento a notificação;PE;5,0749
PA-1507300-C76F4647F48F4ADF9740C5808A5F2C01;PA;São Félix do Xingu;Área de Servidão Administrativa Total;Analisado, aguardando regularização ambiental (Lei nº 12.651/2012);AT;1,0495
PA-1507300-C828FA14B80D4AF0B88CF13F8A17A092;PA;São Félix do Xingu;Área de Servidão Administrativa Total;Analisado, aguardando atendimento a notificação;PE;3,0788
PA-1507300-C86967DE38704022936DED144B2177BF;PA;São Félix do Xingu;Área de Servidão Administrativa Total;Aguardando análise;AT;0,4018
PA-1507300-CB33EBE561AE4001BD56F0D9006A5DF5;PA;São Félix do Xingu;Área de Servidão Administrativa Total;Aguardando análise;AT;0,5568
PA-1507300-CB70ACCBE2E044C687656B66C9F21A62;PA;São Félix do Xingu;Área de Servidão Administrativa Total;Aguardando análise;PE;0,9376
PA-1507300-CBE12A5C33D14A04A332892A22A0F9B3;PA;São Félix do Xingu;Área de Servidão Administrativa Total;Analisado, aguardando regularização ambiental (Lei nº 12.651/2012);AT;1,9629
PA-1507300-CC7750EA2EA843FA911A53CB31C03AA6;PA;São Félix do Xingu;Área de Servidão Administrativa Total;Analisado, em conformidade com a Lei nº 12.651/2012;AT;0,4512
PA-1507300-CFA9E321EF6E4710A28114009246D32F;PA;São Félix do Xingu;Área de Servidão Administrativa Total;Analisado, aguardando atendimento a notificação;SU;0,1244
PA-1507300-D0BAB5ED867E4151B676B14411A251E6;PA;São Félix do Xingu;Área de Servidão Administrativa Total;Analisado, em conformidade com a Lei nº 12.651/2012;AT;3,0046
PA-1507300-D1E7571181914C0EA288E980C3FF3CE7;PA;São Félix do Xingu;Área de Servidão Administrativa Total;Analisado, aguardando atendimento a notificação;SU;3,2804
PA-1507300-D23388340EF247728A58BB6341A7594C;PA;São Félix do Xingu;Área de Servidão Administrativa Total;Analisado, aguardando atendimento a notificação;PE;1,6351
PA-1507300-D3ABD062A73D415AB28B2F9952687342;PA;São Félix do Xingu;Área de Servidão Administrativa Total;Analisado, aguardando atendimento a notificação;SU;10,6831
PA-1507300-D5BF583724A04B67A695D81F9576794C;PA;São Félix do Xingu;Área de Servidão Administrativa Total;Analisado, aguardando atendimento a notificação;PE;0,5116
PA-1507300-D6DFB88E9A4D4D04837171DC7120F87F;PA;São Félix do Xingu;Área de Servidão Administrativa Total;Analisado, aguardando regularização ambiental (Lei nº 12.651/2012);AT;6,3864
PA-1507300-D7A86631EA6C4B14889F4D66F96C36DC;PA;São Félix do Xingu;Área de Servidão Administrativa Total;Aguardando análise;PE;1,8635
PA-1507300-D7CDB0A9C24E4DBB800A32D920014AE3;PA;São Félix do Xingu;Área de Servidão Administrativa Total;Analisado, aguardando regularização ambiental (Lei nº 12.651/2012);AT;0,1841
PA-1507300-D7D3703CA4E94DE7AB26D63C29CB25CA;PA;São Félix do Xingu;Área de Servidão Administrativa Total;Analisado, aguardando regularização ambiental (Lei nº 12.651/2012);AT;3,8975
PA-1507300-DAEC6341EBD94E4C8134F9C7CD4269A1;PA;São Félix do Xingu;Área de Servidão Administrativa Total;Analisado, aguardando regularização ambiental (Lei nº 12.651/2012);AT;0,1993
PA-1507300-DB9FB91032684B5A98E428D1AB159B28;PA;São Félix do Xingu;Área de Servidão Administrativa Total;Analisado, aguardando regularização ambiental (Lei nº 12.651/2012);AT;2,0546
PA-1507300-DC6969A3EB654DDAB2E3080629EE00E8;PA;São Félix do Xingu;Área de Servidão Administrativa Total;Analisado, aguardando atendimento a notificação;PE;0,6708
PA-1507300-DE650C1BF6B243C797080D1DA3B0D6FC;PA;São Félix do Xingu;Área de Servidão Administrativa Total;Analisado, aguardando atendimento a notificação;SU;0,1765
PA-1507300-E1BB234ECB58499C85EF7878F44B636C;PA;São Félix do Xingu;Área de Servidão Administrativa Total;Aguardando análise;PE;0,2694
PA-1507300-E24274B8DCCB4A6BA55E4A5782209B4E;PA;São Félix do Xingu;Área de Servidão Administrativa Total;Aguardando análise;AT;0,4180
PA-1507300-E2CE5554902A44BCA640453187D8BE1B;PA;São Félix do Xingu;Área de Servidão Administrativa Total;Analisado, aguardando regularização ambiental (Lei nº 12.651/2012);AT;3,1207
PA-1507300-E4316453F04843D49A5E341C23590195;PA;São Félix do Xingu;Área de Servidão Administrativa Total;Analisado, aguardando atendimento a notificação;PE;7,7922
PA-1507300-E447515128004908BC5B755985480BCC;PA;São Félix do Xingu;Área de Servidão Administrativa Total;Analisado, aguardando atendimento a notificação;PE;0,7710
PA-1507300-E455D622FDFE4C7786B6C8DE9A3159F8;PA;São Félix do Xingu;Área de Servidão Administrativa Total;Aguardando análise;AT;0,3302
PA-1507300-E4EA684A666944FA9A515DE22A655EB4;PA;São Félix do Xingu;Área de Servidão Administrativa Total;Analisado, aguardando atendimento a notificação;PE;1,4242
PA-1507300-E60AEF09E88C4D40964B9E80085827E6;PA;São Félix do Xingu;Área de Servidão Administrativa Total;Aguardando análise;PE;6,9349
PA-1507300-E66C951736BB47DF98CC522737AA8D30;PA;São Félix do Xingu;Área de Servidão Administrativa Total;Aguardando análise;PE;0,1137
PA-1507300-E78F346AFEF04BC48F40E176295BA2BE;PA;São Félix do Xingu;Área de Servidão Administrativa Total;Aguardando análise;AT;1,7289
PA-1507300-E7915838AF044E0A8075EF64D7CCF029;PA;São Félix do Xingu;Área de Servidão Administrativa Total;Analisado, aguardando regularização ambiental (Lei nº 12.651/2012);AT;0,4339
PA-1507300-E79D54E4CF73421A97B006CC46C110B9;PA;São Félix do Xingu;Área de Servidão Administrativa Total;Aguardando análise;AT;0,3103
PA-1507300-E877CDDF43DB4089A280FE261E8BF14D;PA;São Félix do Xingu;Área de Servidão Administrativa Total;Aguardando análise;AT;0,8469
PA-1507300-E8BBF518E6D245AAB7DB1A48E8C446D5;PA;São Félix do Xingu;Área de Servidão Administrativa Total;Analisado, aguardando regularização ambiental (Lei nº 12.651/2012);PE;3,7625
PA-1507300-E937E3FB197641A0BB47E8CAB048BF7C;PA;São Félix do Xingu;Área de Servidão Administrativa Total;Aguardando análise;PE;5,1425
PA-1507300-E974947D75CB47619B30B426521F6CB7;PA;São Félix do Xingu;Área de Servidão Administrativa Total;Analisado, aguardando regularização ambiental (Lei nº 12.651/2012);AT;0,9632
PA-1507300-E9E1E55315184663915D5249AAF10574;PA;São Félix do Xingu;Área de Servidão Administrativa Total;Aguardando análise;AT;2,4361
PA-1507300-EA75B169A7CC4C24B1044871C24F863E;PA;São Félix do Xingu;Área de Servidão Administrativa Total;Analisado, aguardando atendimento a notificação;PE;2,8971
PA-1507300-EB5FED39411047B5AA264F929F15ADB1;PA;São Félix do Xingu;Área de Servidão Administrativa Total;Analisado, aguardando regularização ambiental (Lei nº 12.651/2012);AT;4,7596
PA-1507300-EB946B39EA134276986489AE3CDA4015;PA;São Félix do Xingu;Área de Servidão Administrativa Total;Analisado, aguardando atendimento a notificação;PE;0,3362
PA-1507300-EBC992A2FC744B03AA646F3F34BC306E;PA;São Félix do Xingu;Área de Servidão Administrativa Total;Analisado, aguardando atendimento a notificação;PE;0,8253
PA-1507300-ED12A416EA3C406B8E4617A67A1F3D47;PA;São Félix do Xingu;Área de Servidão Administrativa Total;Analisado, aguardando atendimento a notificação;AT;1,3411
PA-1507300-ED54D28C026E4912A855EAE5FE747B78;PA;São Félix do Xingu;Área de Servidão Administrativa Total;Aguardando análise;AT;0,6943
PA-1507300-EF72996A399E4EF694FB29B4985CD051;PA;São Félix do Xingu;Área de Servidão Administrativa Total;Analisado, aguardando regularização ambiental (Lei nº 12.651/2012);AT;0,3384
PA-1507300-F275148FED164A85865CFFFD0C9C5BC6;PA;São Félix do Xingu;Área de Servidão Administrativa Total;Aguardando análise;SU;3,4029
PA-1507300-F4E6CF96AD0542F3AC0072F7FB506081;PA;São Félix do Xingu;Área de Servidão Administrativa Total;Analisado, aguardando atendimento a notificação;PE;4,2581
PA-1507300-F53138570F4C46AC9765172D6A777BAD;PA;São Félix do Xingu;Área de Servidão Administrativa Total;Analisado, aguardando atendimento a notificação;PE;0,0931
PA-1507300-F5BFE1CEAC434BE29F0B51CEC8CBEC8A;PA;São Félix do Xingu;Área de Servidão Administrativa Total;Aguardando análise;PE;0,4120
PA-1507300-F6EAD87CF3C348D8BC071B58376221EA;PA;São Félix do Xingu;Área de Servidão Administrativa Total;Aguardando análise;PE;1,1259
PA-1507300-F7CB65D491E24F96A8047DD8872422AE;PA;São Félix do Xingu;Área de Servidão Administrativa Total;Analisado, aguardando regularização ambiental (Lei nº 12.651/2012);AT;0,2522
PA-1507300-F8EF8F5B065D4A4BB46CCE8E8C30860A;PA;São Félix do Xingu;Área de Servidão Administrativa Total;Aguardando análise;PE;1,1664
PA-1507300-FA06FBA62B6A47EA8AACC6DD1C603F9E;PA;São Félix do Xingu;Área de Servidão Administrativa Total;Analisado, aguardando atendimento a notificação;PE;0,2090
PA-1507300-FB613752381748AA99C790E0AE87FAEE;PA;São Félix do Xingu;Área de Servidão Administrativa Total;Analisado, aguardando atendimento a notificação;PE;1,2428
PA-1507300-FC24A60D2CBF4FFE97C784C6B590021A;PA;São Félix do Xingu;Área de Servidão Administrativa Total;Aguardando análise;PE;0,9575
PA-1507300-FC87CCDBD613490C8A44064A6450A400;PA;São Félix do Xingu;Área de Servidão Administrativa Total;Analisado, aguardando atendimento a notificação;PE;0,5803
PA-1507300-FD0D7D5B276F457D98B874A174411F35;PA;São Félix do Xingu;Área de Servidão Administrativa Total;Aguardando análise;PE;40,7516
PA-1507300-FD320886963844E08015DFD7E39B8D8B;PA;São Félix do Xingu;Área de Servidão Administrativa Total;Aguardando análise;AT;0,3247
PA-1507300-FD62A5CA3D94476C8AB3E4448F7E783F;PA;São Félix do Xingu;Área de Servidão Administrativa Total;Aguardando análise;PE;0,1322
PA-1507300-FE6563770D7E4E6E8AA52CF72FA37D33;PA;São Félix do Xingu;Área de Servidão Administrativa Total;Analisado, aguardando atendimento a notificação;SU;0,8606
PA-1507300-FED0B87972434FFB9F74541B0BB497E8;PA;São Félix do Xingu;Área de Servidão Administrativa Total;Analisado, aguardando atendimento a notificação;PE;0,7969
