cod_imovel;cod_estado;municipio;nom_tema;des_condic;ind_status;num_area
PA-1507300-0087880E867C444BBB766582A5240571;PA;São Félix do Xingu;Curso d'água natural de até 10 metros;Aguardando análise;AT;32,7174
PA-1507300-014F788898CD480496EF79174C36FAA4;PA;São Félix do Xingu;Curso d'água natural de até 10 metros;Analisado, aguardando atendimento a notificação;PE;0,1130
PA-1507300-01A347BBE02240FAA20807B9D3132A3B;PA;São Félix do Xingu;Curso d'água natural de até 10 metros;Analisado, aguardando atendimento a notificação;AT;94,8907
PA-1507300-022291CA74C14D409042D2EBE4B21CF8;PA;São Félix do Xingu;Curso d'água natural de até 10 metros;Analisado, aguardando atendimento a notificação;PE;0,7109
PA-1507300-02D77C085C984A50A6663AA9798B5412;PA;São Félix do Xingu;Curso d'água natural de até 10 metros;Analisado, aguardando atendimento a notificação;PE;1,1745
PA-1507300-02F572FF361647AC8DED923FDF052D7A;PA;São Félix do Xingu;Curso d'água natural de até 10 metros;Analisado, aguardando atendimento a notificação;PE;4,3118
PA-1507300-04262295FA7844C5B37A6A2944E31B17;PA;São Félix do Xingu;Curso d'água natural de até 10 metros;Analisado, aguardando atendimento a notificação;PE;0,1985
PA-1507300-044177ED0D154A53BFB7667EB79E25BD;PA;São Félix do Xingu;Curso d'água natural de até 10 metros;Analisado, aguardando atendimento a notificação;PE;2,2199
PA-1507300-0451B12F8C5D44EC8DAE47652C8871C8;PA;São Félix do Xingu;Curso d'água natural de até 10 metros;Analisado, aguardando atendimento a notificação;AT;0,6602
PA-1507300-0492FA7E520E4BB6B2A4184644D5395B;PA;São Félix do Xingu;Curso d'água natural de até 10 metros;Analisado, aguardando atendimento a notificação;PE;10,6317
PA-1507300-0503B918FD9049E8A26E4EA68E8A7121;PA;São Félix do Xingu;Curso d'água natural de até 10 metros;Analisado, aguardando atendimento a notificação;PE;0,2423
PA-1507300-050A14792DF64DD198CC2E6F4C8BD131;PA;São Félix do Xingu;Curso d'água natural de até 10 metros;Analisado, aguardando atendimento a notificação;AT;0,4873
PA-1507300-052FD7A5EE45481CB0AF21EBA90D0A26;PA;São Félix do Xingu;Curso d'água natural de até 10 metros;Analisado, aguardando atendimento a notificação;PE;0,2255
PA-1507300-053B5336F03A4187BA97D3AEC56FB374;PA;São Félix do Xingu;Curso d'água natural de até 10 metros;Analisado, aguardando atendimento a notificação;PE;1,0505
PA-1507300-054BA1E49A97465A8ABEC5FAF2DE8CDD;PA;São Félix do Xingu;Curso d'água natural de até 10 metros;Analisado, aguardando atendimento a notificação;PE;0,3981
PA-1507300-0594B4D8955F449BA065EF65042AB493;PA;São Félix do Xingu;Curso d'água natural de até 10 metros;Analisado, aguardando atendimento a notificação;PE;0,6899
PA-1507300-068CED88350A4D3BAFF5F1A28AE91427;PA;São Félix do Xingu;Curso d'água natural de até 10 metros;Analisado, aguardando atendimento a notificação;PE;0,1649
PA-1507300-0721FE2C618643CE87A80676FB15FBA0;PA;São Félix do Xingu;Curso d'água natural de até 10 metros;Analisado, aguardando atendimento a notificação;PE;5,8692
PA-1507300-0768F8181F7D4CCE9E3FDBCAD8189BA2;PA;São Félix do Xingu;Curso d'água natural de até 10 metros;Analisado, aguardando atendimento a notificação;PE;0,6736
PA-1507300-07BDFF8F35344C5497305D1F7C0A2680;PA;São Félix do Xingu;Curso d'água natural de até 10 metros;Analisado, aguardando atendimento a notificação;PE;0,0743
PA-1507300-07E19250714D4C5C82A595D131EEE1EA;PA;São Félix do Xingu;Curso d'água natural de até 10 metros;Analisado, aguardando atendimento a notificação;PE;0,3397
PA-1507300-0867D564C6644213BB6BE91F6DCBD763;PA;São Félix do Xingu;Curso d'água natural de até 10 metros;Analisado, aguardando atendimento a notificação;PE;0,2999
PA-1507300-08B82E84702648F8BE80BD892956E587;PA;São Félix do Xingu;Curso d'água natural de até 10 metros;Analisado, aguardando atendimento a notificação;PE;0,1259
PA-1507300-091E0EDE78C94E40B5D643866FB3AF73;PA;São Félix do Xingu;Curso d'água natural de até 10 metros;Analisado, aguardando atendimento a notificação;PE;2,9427
PA-1507300-093FF7E702054A7EBF250614D6C90528;PA;São Félix do Xingu;Curso d'água natural de até 10 metros;Analisado, aguardando atendimento a notificação;PE;2,8353
PA-1507300-09DF5298BE2F402C903EBF3676B585B9;PA;São Félix do Xingu;Curso d'água natural de até 10 metros;Analisado, aguardando atendimento a notificação;PE;0,0404
PA-1507300-0A1543CA12D143328CB234691B878E65;PA;São Félix do Xingu;Curso d'água natural de até 10 metros;Analisado, aguardando atendimento a notificação;PE;2,1910
PA-1507300-0A1F0FE8772D4930932E8B5A23F41CCF;PA;São Félix do Xingu;Curso d'água natural de até 10 metros;Analisado sem pendências;AT;0,4557
PA-1507300-0A5AF03C04F8440994406E3D45F85D21;PA;São Félix do Xingu;Curso d'água natural de até 10 metros;Analisado, aguardando atendimento a notificação;PE;0,4044
PA-1507300-0A84F745234740DCA446F4F302A668C0;PA;São Félix do Xingu;Curso d'água natural de até 10 metros;Analisado, aguardando atendimento a notificação;PE;1,4934
PA-1507300-0B1F24E465FF4A81994ACCC8415E032E;PA;São Félix do Xingu;Curso d'água natural de até 10 metros;Analisado, aguardando atendimento a notificação;PE;0,2568
PA-1507300-0BB3AFA46FFC416E8C6FF5A2F22E9EC8;PA;São Félix do Xingu;Curso d'água natural de até 10 metros;Analisado, aguardando atendimento a notificação;PE;1,7309
PA-1507300-0C30E69742F04F779C5872881F6F810E;PA;São Félix do Xingu;Curso d'água natural de até 10 metros;Analisado, aguardando atendimento a notificação;PE;5,0416
PA-1507300-0C61D1841A104308A5E001AB99AA3F58;PA;São Félix do Xingu;Curso d'água natural de até 10 metros;Analisado, aguardando atendimento a notificação;PE;0,1247
PA-1507300-0D3FFC91988D4563B5EC3F1A9351B205;PA;São Félix do Xingu;Curso d'água natural de até 10 metros;Analisado, aguardando atendimento a notificação;PE;3,7582
PA-1507300-0DFC9C7E4220430A8A7D0AECE464DD7E;PA;São Félix do Xingu;Curso d'água natural de até 10 metros;Analisado, aguardando atendimento a notificação;PE;1,4513
PA-1507300-0E55AA1CFDCB4776B6FB15BFBAFB83A0;PA;São Félix do Xingu;Curso d'água natural de até 10 metros;Analisado, aguardando atendimento a notificação;PE;0,5437
PA-1507300-0E962D2E70BA4D508F8D068A4F129A63;PA;São Félix do Xingu;Curso d'água natural de até 10 metros;Analisado, aguardando atendimento a notificação;PE;0,1254
PA-1507300-0FC1771103374FC4BC38EDA70370BFAA;PA;São Félix do Xingu;Curso d'água natural de até 10 metros;Analisado, aguardando atendimento a notificação;PE;0,6220
PA-1507300-111E7FFCC03545B0ACA88A9272CAB431;PA;São Félix do Xingu;Curso d'água natural de até 10 metros;Analisado, aguardando atendimento a notificação;PE;6,9550
PA-1507300-11277D0F74BD4CFF8969B34F129682DD;PA;São Félix do Xingu;Curso d'água natural de até 10 metros;Analisado, aguardando atendimento a notificação;PE;0,1813
PA-1507300-1157D365B9A44B1BAA699D5A8040574A;PA;São Félix do Xingu;Curso d'água natural de até 10 metros;Analisado, aguardando atendimento a notificação;PE;0,1321
PA-1507300-116F46E4CB8F4A53B5369F5A5C40BF5F;PA;São Félix do Xingu;Curso d'água natural de até 10 metros;Analisado, aguardando atendimento a notificação;PE;4,8420
PA-1507300-12123F62D6664DB88CDBDC66EF8507F4;PA;São Félix do Xingu;Curso d'água natural de até 10 metros;Analisado, aguardando atendimento a notificação;PE;9,8674
PA-1507300-121C066D198A42889728CFD58240DC98;PA;São Félix do Xingu;Curso d'água natural de até 10 metros;Analisado, aguardando atendimento a notificação;PE;0,1819
PA-1507300-12D4F6FC8D33413B87D3D68C4FFAECD2;PA;São Félix do Xingu;Curso d'água natural de até 10 metros;Analisado, aguardando atendimento a notificação;AT;1,8576
PA-1507300-135120F3ECDC4B83B25814B7EBD66A96;PA;São Félix do Xingu;Curso d'água natural de até 10 metros;Analisado, aguardando atendimento a notificação;PE;3,5590
PA-1507300-13B99EE85E564E948A25017B31794299;PA;São Félix do Xingu;Curso d'água natural de até 10 metros;Analisado, aguardando atendimento a notificação;PE;0,0176
PA-1507300-13E44695C73447029C392ECA24C598AC;PA;São Félix do Xingu;Curso d'água natural de até 10 metros;Analisado, aguardando atendimento a notificação;PE;1,8042
PA-1507300-1455EF6CBB414B06B785CCA33310372E;PA;São Félix do Xingu;Curso d'água natural de até 10 metros;Analisado, aguardando atendimento a notificação;PE;0,9817
PA-1507300-15AF8ABDA7B24B46A735614DDF2D54D8;PA;São Félix do Xingu;Curso d'água natural de até 10 metros;Analisado, aguardando atendimento a notificação;PE;0,3709
PA-1507300-1624F4C2B14B4F968B801CE148734D68;PA;São Félix do Xingu;Curso d'água natural de até 10 metros;Analisado, aguardando atendimento a notificação;PE;6,6717
PA-1507300-163B202A8DA642239B0320453B8765F1;PA;São Félix do Xingu;Curso d'água natural de até 10 metros;Analisado, aguardando atendimento a notificação;PE;0,2779
PA-1507300-16DCC1EA223F4AD7877FA18C19DA0D31;PA;São Félix do Xingu;Curso d'água natural de até 10 metros;Analisado, aguardando atendimento a notificação;PE;5,8637
PA-1507300-17E1FA28FA2E49E7BF2473C4017D4066;PA;São Félix do Xingu;Curso d'água natural de até 10 metros;Analisado, aguardando atendimento a notificação;PE;4,6191
PA-1507300-198254B5B98545C0BDCFB41983184513;PA;São Félix do Xingu;Curso d'água natural de até 10 metros;Analisado, aguardando atendimento a notificação;PE;0,3374
PA-1507300-19CEA0B9BE0E465B9004B23F9CBE1EAF;PA;São Félix do Xingu;Curso d'água natural de até 10 metros;Analisado, aguardando atendimento a notificação;PE;0,3651
PA-1507300-1AB32406E04649D3B6D8A77384587ED2;PA;São Félix do Xingu;Curso d'água natural de até 10 metros;Analisado, aguardando atendimento a notificação;PE;0,2574
PA-1507300-1AD8DC7988EE4DFBA65DDB6A17E75571;PA;São Félix do Xingu;Curso d'água natural de até 10 metros;Analisado, aguardando atendimento a notificação;PE;0,0860
PA-1507300-1B16AA9D76FD4310AD479A449A6E7304;PA;São Félix do Xingu;Curso d'água natural de até 10 metros;Analisado, aguardando atendimento a notificação;PE;0,1176
PA-1507300-1B76AAED8AEB4738B599AFA1FE46A868;PA;São Félix do Xingu;Curso d'água natural de até 10 metros;Analisado, aguardando atendimento a notificação;PE;2,0472
PA-1507300-1BF140B61076424EBCC6FC49680699D2;PA;São Félix do Xingu;Curso d'água natural de até 10 metros;Aguardando análise;AT;62,6028
PA-1507300-1D0BA55A007A46829DEB2558BB343D5F;PA;São Félix do Xingu;Curso d'água natural de até 10 metros;Analisado, aguardando regularização ambiental (Lei nº 12.651/2012);AT;15,6373
PA-1507300-1DFE9B317A77491C885E65D316AD49A3;PA;São Félix do Xingu;Curso d'água natural de até 10 metros;Analisado, aguardando atendimento a notificação;PE;6,5708
PA-1507300-1E13092E386B46E29E22BAF5F52FA3CB;PA;São Félix do Xingu;Curso d'água natural de até 10 metros;Analisado, aguardando atendimento a notificação;PE;5,0501
PA-1507300-1F72CB5E52F44A9BAC51B3603172D110;PA;São Félix do Xingu;Curso d'água natural de até 10 metros;Analisado, aguardando atendimento a notificação;PE;1,1016
PA-1507300-1F78E35E2FAA4A008EA0417DD083EB38;PA;São Félix do Xingu;Curso d'água natural de até 10 metros;Analisado, aguardando atendimento a notificação;PE;0,9605
PA-1507300-1FC46D9A726F466C80BD2D080D671329;PA;São Félix do Xingu;Curso d'água natural de até 10 metros;Analisado sem pendências;AT;2,1845
PA-1507300-2013AEA29760405E8860C191688EB835;PA;São Félix do Xingu;Curso d'água natural de até 10 metros;Analisado, aguardando atendimento a notificação;AT;1,0040
PA-1507300-20905E8026C14076AFA176896C75764C;PA;São Félix do Xingu;Curso d'água natural de até 10 metros;Analisado, aguardando atendimento a notificação;PE;0,5495
PA-1507300-212580C5114142DE87E48EEE76E0A895;PA;São Félix do Xingu;Curso d'água natural de até 10 metros;Analisado, aguardando atendimento a notificação;PE;0,0736
PA-1507300-21D2361ECAB5447F85DD36B72D4B66AA;PA;São Félix do Xingu;Curso d'água natural de até 10 metros;Analisado, aguardando atendimento a notificação;AT;9,7526
PA-1507300-229A40101CD84D3D818CC89292F35C87;PA;São Félix do Xingu;Curso d'água natural de até 10 metros;Analisado, aguardando atendimento a notificação;PE;13,8725
PA-1507300-22B9087E88F34B8381CA9A1801C716F7;PA;São Félix do Xingu;Curso d'água natural de até 10 metros;Analisado, aguardando atendimento a notificação;PE;1,2010
PA-1507300-233DFD91EF40451C8F234C157DCAF948;PA;São Félix do Xingu;Curso d'água natural de até 10 metros;Analisado, aguardando atendimento a notificação;PE;0,0319
PA-1507300-242F47AC5EF2475DB6A6048D471A5A20;PA;São Félix do Xingu;Curso d'água natural de até 10 metros;Analisado, aguardando atendimento a notificação;PE;8,8624
PA-1507300-2454856EEE4143C98CF866CD71EAF991;PA;São Félix do Xingu;Curso d'água natural de até 10 metros;Analisado sem pendências;AT;2,4365
PA-1507300-251E6E66CA98475094034130867AC479;PA;São Félix do Xingu;Curso d'água natural de até 10 metros;Analisado, aguardando atendimento a notificação;PE;3,4416
PA-1507300-2659251BAED84A979EE61DCA1298964F;PA;São Félix do Xingu;Curso d'água natural de até 10 metros;Analisado, aguardando atendimento a notificação;PE;0,0854
PA-1507300-26B569577EFE4B658F388AD131BA7AD1;PA;São Félix do Xingu;Curso d'água natural de até 10 metros;Analisado, aguardando atendimento a notificação;PE;0,1088
PA-1507300-26EB4F7B3DE74A83A459A47A43C49FBB;PA;São Félix do Xingu;Curso d'água natural de até 10 metros;Analisado, aguardando atendimento a notificação;PE;0,0635
PA-1507300-27495DB9660744838F5A04B107111C44;PA;São Félix do Xingu;Curso d'água natural de até 10 metros;Analisado, aguardando atendimento a notificação;PE;4,7093
PA-1507300-2754FD8922044FECB06BF008267799DF;PA;São Félix do Xingu;Curso d'água natural de até 10 metros;Analisado, aguardando atendimento a notificação;PE;0,6166
PA-1507300-2770707642AA4D6694E488D2E96AECEE;PA;São Félix do Xingu;Curso d'água natural de até 10 metros;Analisado, aguardando atendimento a notificação;PE;4,1308
PA-1507300-27AA6F6CDAB947668CE651BA3DD9AEFA;PA;São Félix do Xingu;Curso d'água natural de até 10 metros;Analisado, aguardando atendimento a notificação;PE;1,1402
PA-1507300-2808FEDA297A440B8027E1669C0C2981;PA;São Félix do Xingu;Curso d'água natural de até 10 metros;Analisado, aguardando atendimento a notificação;AT;0,0939
PA-1507300-286701E387974BDBAC66BC32C3D9669E;PA;São Félix do Xingu;Curso d'água natural de até 10 metros;Analisado, aguardando atendimento a notificação;AT;2,6735
PA-1507300-2A6B4BAB27644683B7FC9AAB8D3AEF87;PA;São Félix do Xingu;Curso d'água natural de até 10 metros;Analisado, aguardando atendimento a notificação;PE;0,3367
PA-1507300-2A768D628E984601BB26B26603290267;PA;São Félix do Xingu;Curso d'água natural de até 10 metros;Analisado, aguardando atendimento a notificação;PE;0,4961
PA-1507300-2A774213ED4F43CB9C94AE57A3584C99;PA;São Félix do Xingu;Curso d'água natural de até 10 metros;Analisado, aguardando atendimento a notificação;PE;4,3406
PA-1507300-2A882638E4FA4999851A51C7025F97EA;PA;São Félix do Xingu;Curso d'água natural de até 10 metros;Analisado, aguardando atendimento a notificação;AT;7,6556
PA-1507300-2B7911E20B91487C8FB41CAB3CF8FF49;PA;São Félix do Xingu;Curso d'água natural de até 10 metros;Analisado, aguardando atendimento a notificação;PE;0,8432
PA-1507300-2BE5AD7BBD8A48439CAD3682EF78453D;PA;São Félix do Xingu;Curso d'água natural de até 10 metros;Analisado, aguardando atendimento a notificação;PE;1,7147
PA-1507300-2C0BD1D686EC4ABC94C1E5225B9F8B0D;PA;São Félix do Xingu;Curso d'água natural de até 10 metros;Analisado, aguardando atendimento a notificação;PE;0,0560
PA-1507300-2C2228D7BC924785A153BF9F8777126D;PA;São Félix do Xingu;Curso d'água natural de até 10 metros;Analisado, aguardando atendimento a notificação;AT;0,2602
PA-1507300-2C514442EE6B43B48751043F2500F4C5;PA;São Félix do Xingu;Curso d'água natural de até 10 metros;Analisado, aguardando atendimento a notificação;PE;1,2373
PA-1507300-2C6C4AFDB03F403398AFC5A0B6E085E1;PA;São Félix do Xingu;Curso d'água natural de até 10 metros;Analisado, aguardando atendimento a notificação;PE;0,9181
PA-1507300-2D27FBE7CA41412D8617E1B934AF1332;PA;São Félix do Xingu;Curso d'água natural de até 10 metros;Analisado, aguardando atendimento a notificação;PE;0,6387
PA-1507300-2D3757FE0A7C472781970FB8941EE1E1;PA;São Félix do Xingu;Curso d'água natural de até 10 metros;Analisado, aguardando atendimento a notificação;PE;0,9968
PA-1507300-2D49BE25796A4AF4AFDE7DE42AE22CBB;PA;São Félix do Xingu;Curso d'água natural de até 10 metros;Analisado, aguardando atendimento a notificação;PE;5,4970
PA-1507300-2E110DB8FC8245B183ADA189DF7B96E5;PA;São Félix do Xingu;Curso d'água natural de até 10 metros;Analisado, aguardando atendimento a notificação;PE;0,3106
PA-1507300-2E42B08F3ABF40ABB95F4A630D689C65;PA;São Félix do Xingu;Curso d'água natural de até 10 metros;Analisado, aguardando atendimento a notificação;PE;0,2300
PA-1507300-2F1CC61E87B44267B85131471D3B7F05;PA;São Félix do Xingu;Curso d'água natural de até 10 metros;Aguardando análise;AT;10,3133
PA-1507300-2F1CC61E87B44267B85131471D3B7F05;PA;São Félix do Xingu;Curso d'água natural de até 10 metros;Aguardando análise;AT;6,0808
PA-1507300-2F53302AA9E74AE6A6E0C44DE55E56C8;PA;São Félix do Xingu;Curso d'água natural de até 10 metros;Analisado, aguardando atendimento a notificação;AT;2,4570
PA-1507300-2F53BF0290024E509908B90435C140E8;PA;São Félix do Xingu;Curso d'água natural de até 10 metros;Analisado, aguardando atendimento a notificação;PE;2,5821
PA-1507300-2FA517A9CFE2491BA194157EB833E3D3;PA;São Félix do Xingu;Curso d'água natural de até 10 metros;Analisado, aguardando atendimento a notificação;AT;0,2492
PA-1507300-2FAF9BEA42C54D83AD4E9EF1F6FECBC3;PA;São Félix do Xingu;Curso d'água natural de até 10 metros;Analisado, aguardando atendimento a notificação;PE;0,0306
PA-1507300-2FEC87FD3D674B94A9349F1076252619;PA;São Félix do Xingu;Curso d'água natural de até 10 metros;Analisado, aguardando atendimento a notificação;PE;0,2653
PA-1507300-30164C49BBEB4F91BE2EDFE4C9619F24;PA;São Félix do Xingu;Curso d'água natural de até 10 metros;Analisado, aguardando atendimento a notificação;PE;1,7409
PA-1507300-303996AA78924CA7907B5BD798EBBCF1;PA;São Félix do Xingu;Curso d'água natural de até 10 metros;Analisado sem pendências;AT;0,3058
PA-1507300-31EBD0C9DB8740C3A049E3C63A0AC1B3;PA;São Félix do Xingu;Curso d'água natural de até 10 metros;Analisado, aguardando atendimento a notificação;AT;3,2470
PA-1507300-32128246DB9041709CCB12F9AB99810A;PA;São Félix do Xingu;Curso d'água natural de até 10 metros;Analisado, aguardando atendimento a notificação;PE;0,1734
PA-1507300-322E0E81DB0F4BE2BABD385064797A6D;PA;São Félix do Xingu;Curso d'água natural de até 10 metros;Analisado, aguardando atendimento a notificação;PE;0,5767
PA-1507300-32428FE031584EBDB6C5BD5F528BAE58;PA;São Félix do Xingu;Curso d'água natural de até 10 metros;Analisado, aguardando atendimento a notificação;PE;0,6917
PA-1507300-327AAD16C8324F05856651844A4477BE;PA;São Félix do Xingu;Curso d'água natural de até 10 metros;Analisado, aguardando atendimento a notificação;PE;0,1964
PA-1507300-32B88AD36F20455D970850B1A9C22AC2;PA;São Félix do Xingu;Curso d'água natural de até 10 metros;Analisado, aguardando atendimento a notificação;PE;1,1679
PA-1507300-32C5945DF99145C0847CC6905C63A76B;PA;São Félix do Xingu;Curso d'água natural de até 10 metros;Analisado, aguardando atendimento a notificação;PE;0,3113
PA-1507300-3368214DB1A54138AE945C6F6810DB54;PA;São Félix do Xingu;Curso d'água natural de até 10 metros;Analisado, aguardando atendimento a notificação;PE;3,8379
PA-1507300-33D5446B992E4E7C9B91DA03DF4792B7;PA;São Félix do Xingu;Curso d'água natural de até 10 metros;Analisado, aguardando atendimento a notificação;PE;0,3790
PA-1507300-34166047F1FF4CD1926ABCE6286D4694;PA;São Félix do Xingu;Curso d'água natural de até 10 metros;Analisado, aguardando atendimento a notificação;PE;204,4479
PA-1507300-346FA7DCDEA14D3BA8EFF0D98865E097;PA;São Félix do Xingu;Curso d'água natural de até 10 metros;Analisado, aguardando atendimento a notificação;PE;6,3814
PA-1507300-34C5B8C20F1944E492B4B96E7D72A488;PA;São Félix do Xingu;Curso d'água natural de até 10 metros;Analisado, aguardando atendimento a notificação;PE;0,5683
PA-1507300-34C71B59D76F416C9F7C90537D71E6D3;PA;São Félix do Xingu;Curso d'água natural de até 10 metros;Analisado, aguardando atendimento a notificação;PE;5,8757
PA-1507300-35B087E61A9948978CD5AA09E8AE669B;PA;São Félix do Xingu;Curso d'água natural de até 10 metros;Analisado, aguardando atendimento a notificação;PE;0,9532
PA-1507300-35D0F678F5644D639A83227BF3E03185;PA;São Félix do Xingu;Curso d'água natural de até 10 metros;Analisado, aguardando atendimento a notificação;PE;0,1135
PA-1507300-360A507863FD4C5186AB9FD369B07CD9;PA;São Félix do Xingu;Curso d'água natural de até 10 metros;Analisado, aguardando atendimento a notificação;PE;0,8496
PA-1507300-361836F134574E4184662EAD3E78B7EE;PA;São Félix do Xingu;Curso d'água natural de até 10 metros;Aguardando análise;AT;6,0702
PA-1507300-361836F134574E4184662EAD3E78B7EE;PA;São Félix do Xingu;Curso d'água natural de até 10 metros;Aguardando análise;AT;1,8650
PA-1507300-361836F134574E4184662EAD3E78B7EE;PA;São Félix do Xingu;Curso d'água natural de até 10 metros;Aguardando análise;AT;45,4886
PA-1507300-361836F134574E4184662EAD3E78B7EE;PA;São Félix do Xingu;Curso d'água natural de até 10 metros;Aguardando análise;AT;1,4716
PA-1507300-361836F134574E4184662EAD3E78B7EE;PA;São Félix do Xingu;Curso d'água natural de até 10 metros;Aguardando análise;AT;2,1793
PA-1507300-361836F134574E4184662EAD3E78B7EE;PA;São Félix do Xingu;Curso d'água natural de até 10 metros;Aguardando análise;AT;17,9247
PA-1507300-361836F134574E4184662EAD3E78B7EE;PA;São Félix do Xingu;Curso d'água natural de até 10 metros;Aguardando análise;AT;39,5851
PA-1507300-361836F134574E4184662EAD3E78B7EE;PA;São Félix do Xingu;Curso d'água natural de até 10 metros;Aguardando análise;AT;3,6782
PA-1507300-361836F134574E4184662EAD3E78B7EE;PA;São Félix do Xingu;Curso d'água natural de até 10 metros;Aguardando análise;AT;3,7478
PA-1507300-36316021A48642749468EE2D5B32CEAA;PA;São Félix do Xingu;Curso d'água natural de até 10 metros;Aguardando análise;AT;48,5002
PA-1507300-36891E177ED3440FA6C8F82CAF357724;PA;São Félix do Xingu;Curso d'água natural de até 10 metros;Analisado, aguardando atendimento a notificação;PE;0,4427
PA-1507300-36A0F8845E1E489494212709F1C34AEB;PA;São Félix do Xingu;Curso d'água natural de até 10 metros;Analisado, aguardando atendimento a notificação;PE;2,9026
PA-1507300-36BAA37AB38640D7969FFD38024E4B80;PA;São Félix do Xingu;Curso d'água natural de até 10 metros;Analisado, aguardando atendimento a notificação;PE;1,8948
PA-1507300-371058FA003D4076A3CD9FB02F528267;PA;São Félix do Xingu;Curso d'água natural de até 10 metros;Analisado, aguardando atendimento a notificação;PE;0,1873
PA-1507300-37CDB7AEFB684601A7DEA2ECE1EDB8B5;PA;São Félix do Xingu;Curso d'água natural de até 10 metros;Analisado, aguardando atendimento a notificação;PE;0,2780
PA-1507300-37E43FBCC05B42C69B90952F27D00A1A;PA;São Félix do Xingu;Curso d'água natural de até 10 metros;Analisado, aguardando atendimento a notificação;PE;0,5802
PA-1507300-38B6D8AC4F4B4228BB35C7E711D100A9;PA;São Félix do Xingu;Curso d'água natural de até 10 metros;Analisado, aguardando atendimento a notificação;PE;2,2881
PA-1507300-38F3D34FDB6D432C859955F2B4379FFA;PA;São Félix do Xingu;Curso d'água natural de até 10 metros;Analisado, aguardando atendimento a notificação;PE;0,1267
PA-1507300-397521F5DD024C0C9AA9E515D9007A53;PA;São Félix do Xingu;Curso d'água natural de até 10 metros;Analisado, aguardando atendimento a notificação;PE;6,8378
PA-1507300-39B5AADD4C6E49B38B5083E9FE69529F;PA;São Félix do Xingu;Curso d'água natural de até 10 metros;Analisado, aguardando atendimento a notificação;PE;0,1184
PA-1507300-3A2EF8CBA64F45839D764B8FF85C4850;PA;São Félix do Xingu;Curso d'água natural de até 10 metros;Analisado, aguardando atendimento a notificação;PE;5,9453
PA-1507300-3A77CB47FD754345B832A190700BBEF1;PA;São Félix do Xingu;Curso d'água natural de até 10 metros;Analisado, aguardando atendimento a notificação;PE;0,0803
PA-1507300-3AAA1B8DD28647228088979D2627A5EB;PA;São Félix do Xingu;Curso d'água natural de até 10 metros;Analisado, aguardando atendimento a notificação;PE;0,0693
PA-1507300-3B359D646AD54E8F829FCB1ECB698C59;PA;São Félix do Xingu;Curso d'água natural de até 10 metros;Analisado, aguardando atendimento a notificação;PE;0,1046
PA-1507300-3B37AEDB3F1B4A8986F465E0A1FB616E;PA;São Félix do Xingu;Curso d'água natural de até 10 metros;Analisado, aguardando atendimento a notificação;PE;0,3626
PA-1507300-3CF07CFD5E3D4C5CB1961C69E9384A09;PA;São Félix do Xingu;Curso d'água natural de até 10 metros;Em análise;SU;93,1188
PA-1507300-3D27E65EDF064AD8BF85C7858A72AA7A;PA;São Félix do Xingu;Curso d'água natural de até 10 metros;Analisado, aguardando atendimento a notificação;PE;0,2416
PA-1507300-3D8056D275584934AB252235F8EA65F5;PA;São Félix do Xingu;Curso d'água natural de até 10 metros;Analisado sem pendências;AT;0,1795
PA-1507300-3D86D06D8F1D4A0FA560FBFCD9CDFB9C;PA;São Félix do Xingu;Curso d'água natural de até 10 metros;Em análise;PE;3,8030
PA-1507300-3DC0952583DC457D815273514A58FD77;PA;São Félix do Xingu;Curso d'água natural de até 10 metros;Analisado, aguardando atendimento a notificação;PE;4,7518
PA-1507300-3DDD2FD6DF1D488BA129BDAE9F37D521;PA;São Félix do Xingu;Curso d'água natural de até 10 metros;Analisado, aguardando atendimento a notificação;AT;4,3986
PA-1507300-3E127D22B5814242901057A678223F30;PA;São Félix do Xingu;Curso d'água natural de até 10 metros;Analisado, aguardando atendimento a notificação;PE;8,6251
PA-1507300-3E28FF5A21C54EB4A06ACE43E74FEC23;PA;São Félix do Xingu;Curso d'água natural de até 10 metros;Analisado, aguardando atendimento a notificação;PE;0,1411
PA-1507300-3E367D3C9BCF404B94510A97CC1C2395;PA;São Félix do Xingu;Curso d'água natural de até 10 metros;Analisado, aguardando atendimento a notificação;PE;3,1140
PA-1507300-3E9B7AE0CCFC44E89BACEADA4556A8FD;PA;São Félix do Xingu;Curso d'água natural de até 10 metros;Analisado, aguardando atendimento a notificação;PE;0,6351
PA-1507300-3F170D04418540DF8DA0D5C45B45533C;PA;São Félix do Xingu;Curso d'água natural de até 10 metros;Analisado, aguardando atendimento a notificação;AT;0,5979
PA-1507300-404C7284CC3B4EBBA494979D400DCCEC;PA;São Félix do Xingu;Curso d'água natural de até 10 metros;Analisado, aguardando atendimento a notificação;PE;0,8674
PA-1507300-4063116DA75C459B8EB01BD2F8A41399;PA;São Félix do Xingu;Curso d'água natural de até 10 metros;Analisado, aguardando atendimento a notificação;AT;17,7898
PA-1507300-40BB65A035DC4E70926BBFE86C7F357E;PA;São Félix do Xingu;Curso d'água natural de até 10 metros;Analisado, aguardando atendimento a notificação;PE;0,5756
PA-1507300-40FAA1CD1DEF4783B5E2568D386CA91D;PA;São Félix do Xingu;Curso d'água natural de até 10 metros;Analisado, aguardando atendimento a notificação;PE;0,3841
PA-1507300-412A44443A98446DB4C42E0BB9818AB5;PA;São Félix do Xingu;Curso d'água natural de até 10 metros;Aguardando análise;PE;0,1872
PA-1507300-414F759D9B364DADB555C86FD9D1155A;PA;São Félix do Xingu;Curso d'água natural de até 10 metros;Analisado, aguardando atendimento a notificação;PE;0,1553
PA-1507300-4151FE45B7AB45F1A61D7648AE1A7BC6;PA;São Félix do Xingu;Curso d'água natural de até 10 metros;Analisado, aguardando atendimento a notificação;PE;0,1375
PA-1507300-416665DD45EF4775BBE0DD1DF01A09E3;PA;São Félix do Xingu;Curso d'água natural de até 10 metros;Analisado, aguardando regularização ambiental (Lei nº 12.651/2012);AT;1,6251
PA-1507300-41E5CE973CDC45F8BD105A155231ECDE;PA;São Félix do Xingu;Curso d'água natural de até 10 metros;Analisado, aguardando atendimento a notificação;PE;0,2018
PA-1507300-4245581CF1DE41FD8E417DA13D46EE33;PA;São Félix do Xingu;Curso d'água natural de até 10 metros;Analisado, aguardando atendimento a notificação;PE;0,5862
PA-1507300-429B06DA532E482EBDD39DAF71199C56;PA;São Félix do Xingu;Curso d'água natural de até 10 metros;Analisado, aguardando atendimento a notificação;PE;0,4020
PA-1507300-4308A39F13C94E9F80FC6D4D6D80933F;PA;São Félix do Xingu;Curso d'água natural de até 10 metros;Analisado, aguardando atendimento a notificação;PE;0,7363
PA-1507300-43631BA1BBDC41909DECCAF3E499BAD6;PA;São Félix do Xingu;Curso d'água natural de até 10 metros;Aguardando análise;PE;0,1744
PA-1507300-43C8193DCD5E46419FF51B10B3B47527;PA;São Félix do Xingu;Curso d'água natural de até 10 metros;Analisado, aguardando atendimento a notificação;PE;0,0422
PA-1507300-44E347E1AB07428998763BB43783564C;PA;São Félix do Xingu;Curso d'água natural de até 10 metros;Analisado, aguardando atendimento a notificação;PE;1,0138
PA-1507300-460E4C7C4B904BA8819B3F2C19C39134;PA;São Félix do Xingu;Curso d'água natural de até 10 metros;Analisado, aguardando atendimento a notificação;PE;0,8303
PA-1507300-464A3DF09C864B1092CDF5480F3AFB7A;PA;São Félix do Xingu;Curso d'água natural de até 10 metros;Analisado, aguardando atendimento a notificação;AT;0,7885
PA-1507300-46505CD427C24A9DADFEC6A9EACC407D;PA;São Félix do Xingu;Curso d'água natural de até 10 metros;Analisado, aguardando atendimento a notificação;PE;0,1468
PA-1507300-46DB8191257248AB85A399B679FB2EEE;PA;São Félix do Xingu;Curso d'água natural de até 10 metros;Analisado, aguardando atendimento a notificação;PE;4,2707
PA-1507300-470B08A696774633924869B851FE1C85;PA;São Félix do Xingu;Curso d'água natural de até 10 metros;Analisado, aguardando atendimento a notificação;PE;3,0965
PA-1507300-4857CE9CBA3F4A0BAA95B0AA97D77C20;PA;São Félix do Xingu;Curso d'água natural de até 10 metros;Analisado, aguardando atendimento a notificação;PE;11,8208
PA-1507300-4871F275FB0149CF8930C6BAB6C8A5CD;PA;São Félix do Xingu;Curso d'água natural de até 10 metros;Analisado, aguardando atendimento a notificação;PE;2,0097
PA-1507300-48ABD441B1254B14A47A82786481B35D;PA;São Félix do Xingu;Curso d'água natural de até 10 metros;Analisado, aguardando atendimento a notificação;PE;0,4003
PA-1507300-49357398944E4D6982B7A078168254E7;PA;São Félix do Xingu;Curso d'água natural de até 10 metros;Analisado, aguardando atendimento a notificação;PE;10,4655
PA-1507300-497C1B804AD24E239F302EFEBD02951A;PA;São Félix do Xingu;Curso d'água natural de até 10 metros;Analisado, aguardando atendimento a notificação;PE;0,1494
PA-1507300-497D7371E316453CA7AC5126874B0761;PA;São Félix do Xingu;Curso d'água natural de até 10 metros;Analisado, aguardando atendimento a notificação;PE;0,2164
PA-1507300-49DDEC6C4AC944BA8CDA9E98A38EC67A;PA;São Félix do Xingu;Curso d'água natural de até 10 metros;Analisado, aguardando atendimento a notificação;PE;1,0068
PA-1507300-49F1989FD5904006A82CFE87FF253761;PA;São Félix do Xingu;Curso d'água natural de até 10 metros;Analisado, aguardando atendimento a notificação;PE;1,0668
PA-1507300-4A05DBA14DB844B8B6927D8DCAB5C66C;PA;São Félix do Xingu;Curso d'água natural de até 10 metros;Analisado, aguardando atendimento a notificação;PE;5,9418
PA-1507300-4A894A2D996C483BAAF4881CAAF36FDA;PA;São Félix do Xingu;Curso d'água natural de até 10 metros;Analisado, aguardando atendimento a notificação;PE;0,2824
PA-1507300-4A9C876DBAD0430D829CDD0E54978822;PA;São Félix do Xingu;Curso d'água natural de até 10 metros;Analisado, aguardando atendimento a notificação;PE;1,3801
PA-1507300-4AAE574A2E7046EA93BE726646F0BED5;PA;São Félix do Xingu;Curso d'água natural de até 10 metros;Analisado, aguardando atendimento a notificação;PE;1,2327
PA-1507300-4BABF100C2E14F2C8785055EBE84AF20;PA;São Félix do Xingu;Curso d'água natural de até 10 metros;Analisado, aguardando atendimento a notificação;PE;0,2513
PA-1507300-4BD0DF0B1F9848EDA0489C8F69A4F70B;PA;São Félix do Xingu;Curso d'água natural de até 10 metros;Analisado, aguardando atendimento a notificação;PE;0,1592
PA-1507300-4BD3371E116D4DA7917D7B029CFFDEF4;PA;São Félix do Xingu;Curso d'água natural de até 10 metros;Analisado, aguardando atendimento a notificação;PE;0,1870
PA-1507300-4BE0B86DB66B41F78F169ACEEC1018EB;PA;São Félix do Xingu;Curso d'água natural de até 10 metros;Analisado, aguardando atendimento a notificação;PE;0,4037
PA-1507300-4BF8A240273A47A3B494F55F36BC4210;PA;São Félix do Xingu;Curso d'água natural de até 10 metros;Analisado, aguardando atendimento a notificação;PE;2,7007
PA-1507300-4C439D830710414098FDC1BE50CE4654;PA;São Félix do Xingu;Curso d'água natural de até 10 metros;Analisado, aguardando atendimento a notificação;PE;1,2100
PA-1507300-4C9E3424A707433D8C97C7BFE5206BB6;PA;São Félix do Xingu;Curso d'água natural de até 10 metros;Analisado, aguardando atendimento a notificação;AT;0,9953
PA-1507300-4CA2566C1D1F406785BC5D97A52CE362;PA;São Félix do Xingu;Curso d'água natural de até 10 metros;Analisado, aguardando atendimento a notificação;PE;1,3667
PA-1507300-4CAF9E11BA914A2589D71C2458D93950;PA;São Félix do Xingu;Curso d'água natural de até 10 metros;Analisado, aguardando atendimento a notificação;PE;14,0990
PA-1507300-4CD1A97131EA4587990795F2916B5A5B;PA;São Félix do Xingu;Curso d'água natural de até 10 metros;Analisado, aguardando atendimento a notificação;PE;0,1596
PA-1507300-4D099E8EF95F4B60A0477E62C2D3059E;PA;São Félix do Xingu;Curso d'água natural de até 10 metros;Analisado, aguardando atendimento a notificação;PE;0,8871
PA-1507300-4D31080E88D543A99462B7A1B4816C39;PA;São Félix do Xingu;Curso d'água natural de até 10 metros;Analisado, aguardando atendimento a notificação;AT;0,9035
PA-1507300-4D39424FC12D46A1BB72966F06565CAC;PA;São Félix do Xingu;Curso d'água natural de até 10 metros;Analisado, aguardando atendimento a notificação;AT;0,0986
PA-1507300-4D3974E0E935461E8505C861812605A0;PA;São Félix do Xingu;Curso d'água natural de até 10 metros;Analisado, aguardando regularização ambiental (Lei nº 12.651/2012);AT;11,8051
PA-1507300-4EC4235593404397B5B2202B7A71273A;PA;São Félix do Xingu;Curso d'água natural de até 10 metros;Analisado, aguardando atendimento a notificação;PE;1,0319
PA-1507300-4EC49EC41E644828A9473AD676C0C424;PA;São Félix do Xingu;Curso d'água natural de até 10 metros;Analisado, aguardando atendimento a notificação;AT;0,6887
PA-1507300-4F00643403AD4A909C18783FFAFAEDA4;PA;São Félix do Xingu;Curso d'água natural de até 10 metros;Analisado, aguardando atendimento a notificação;PE;1,9351
PA-1507300-4F8971B6A8524D7AA0AF1C5FD63B0E46;PA;São Félix do Xingu;Curso d'água natural de até 10 metros;Analisado, aguardando atendimento a notificação;PE;1,8030
PA-1507300-4F9B10746811417E8FE4E528653F381E;PA;São Félix do Xingu;Curso d'água natural de até 10 metros;Analisado, aguardando atendimento a notificação;PE;0,7160
PA-1507300-501011FD460D4D93B19798364F36B244;PA;São Félix do Xingu;Curso d'água natural de até 10 metros;Analisado, aguardando atendimento a notificação;PE;3,2619
PA-1507300-50909B50C35246BD971781352D84ECFB;PA;São Félix do Xingu;Curso d'água natural de até 10 metros;Analisado, aguardando atendimento a notificação;AT;1,9304
PA-1507300-50A489998D51466F975B96078ACC8DB0;PA;São Félix do Xingu;Curso d'água natural de até 10 metros;Analisado, aguardando atendimento a notificação;PE;0,2280
PA-1507300-50F9B90EC7C0470D894E388A4787D24B;PA;São Félix do Xingu;Curso d'água natural de até 10 metros;Analisado, aguardando atendimento a notificação;PE;0,2318
PA-1507300-51732E7F686341E1A5CC8C58304A64BD;PA;São Félix do Xingu;Curso d'água natural de até 10 metros;Analisado, aguardando atendimento a notificação;PE;0,2236
PA-1507300-51FCD102A0CB443CA51EABB378304F5E;PA;São Félix do Xingu;Curso d'água natural de até 10 metros;Analisado, aguardando atendimento a notificação;PE;0,1494
PA-1507300-520507B4740A4060970873B9029DBCF2;PA;São Félix do Xingu;Curso d'água natural de até 10 metros;Analisado, aguardando atendimento a notificação;AT;0,1752
PA-1507300-52E8FB5BB97943A1B3A8FCE35D0595A7;PA;São Félix do Xingu;Curso d'água natural de até 10 metros;Analisado, aguardando atendimento a notificação;PE;0,1204
PA-1507300-53705B031234463DA427FC2B45D6DEC6;PA;São Félix do Xingu;Curso d'água natural de até 10 metros;Analisado, aguardando atendimento a notificação;PE;2,1199
PA-1507300-53CA9740228A465BB25100CBDB45BB1C;PA;São Félix do Xingu;Curso d'água natural de até 10 metros;Analisado, aguardando atendimento a notificação;PE;0,3366
PA-1507300-54262EEFBD894F14B6549C9EB7A1CFFD;PA;São Félix do Xingu;Curso d'água natural de até 10 metros;Analisado, aguardando atendimento a notificação;PE;2,4087
PA-1507300-54920CDC3F214AF99B9BFC2C01F7A6DD;PA;São Félix do Xingu;Curso d'água natural de até 10 metros;Analisado, aguardando atendimento a notificação;PE;1,5145
PA-1507300-54B590528EF5430D83D6C30BDBAE4E54;PA;São Félix do Xingu;Curso d'água natural de até 10 metros;Analisado, aguardando atendimento a notificação;PE;6,9847
PA-1507300-552BC3896B9D449E9AD9F3481CCA3315;PA;São Félix do Xingu;Curso d'água natural de até 10 metros;Analisado, aguardando atendimento a notificação;PE;0,1310
PA-1507300-55417285CADD4DC4A77E3E3F9F38B469;PA;São Félix do Xingu;Curso d'água natural de até 10 metros;Analisado, aguardando atendimento a notificação;PE;0,4806
PA-1507300-5571490A2D974C7FB5E8165AF9EB11ED;PA;São Félix do Xingu;Curso d'água natural de até 10 metros;Analisado, aguardando atendimento a notificação;AT;1,7865
PA-1507300-5604F6E69DE1432494F27BBA27D4C276;PA;São Félix do Xingu;Curso d'água natural de até 10 metros;Analisado, aguardando atendimento a notificação;PE;0,1591
PA-1507300-565EBE5A297242849B699F104CB036D4;PA;São Félix do Xingu;Curso d'água natural de até 10 metros;Analisado, aguardando atendimento a notificação;PE;7,8096
PA-1507300-572E399A3AB74FF8921A44065C798562;PA;São Félix do Xingu;Curso d'água natural de até 10 metros;Analisado, aguardando atendimento a notificação;PE;0,4479
PA-1507300-57661394FA3F4EF789D7099850B4DC32;PA;São Félix do Xingu;Curso d'água natural de até 10 metros;Analisado, aguardando atendimento a notificação;PE;0,5533
PA-1507300-57AEB5E409854B8FB2904DF4FB6E4A9D;PA;São Félix do Xingu;Curso d'água natural de até 10 metros;Analisado, aguardando atendimento a notificação;PE;0,1257
PA-1507300-57FD99A115AF4E9597ADB0B206690957;PA;São Félix do Xingu;Curso d'água natural de até 10 metros;Analisado, aguardando atendimento a notificação;PE;0,4491
PA-1507300-5816DF26873B453A96D9379FF7AF87E4;PA;São Félix do Xingu;Curso d'água natural de até 10 metros;Analisado, aguardando atendimento a notificação;PE;3,3882
PA-1507300-582A9ED240B64A84B5FB3110413936E3;PA;São Félix do Xingu;Curso d'água natural de até 10 metros;Analisado, aguardando atendimento a notificação;PE;1,2329
PA-1507300-588E433739DE4066842DC1802A664CD9;PA;São Félix do Xingu;Curso d'água natural de até 10 metros;Analisado, aguardando atendimento a notificação;PE;0,2468
PA-1507300-58B9039DA3764A4AA0720841A8D16696;PA;São Félix do Xingu;Curso d'água natural de até 10 metros;Analisado, aguardando atendimento a notificação;PE;0,8321
PA-1507300-58DEEEADF3D84115AC1B45A896E09C5A;PA;São Félix do Xingu;Curso d'água natural de até 10 metros;Analisado, aguardando atendimento a notificação;PE;2,9595
PA-1507300-59077947C5E048F0A788854350905526;PA;São Félix do Xingu;Curso d'água natural de até 10 metros;Analisado, aguardando atendimento a notificação;PE;0,7845
PA-1507300-592FB4C69D4D409AA2893ACD1140AF51;PA;São Félix do Xingu;Curso d'água natural de até 10 metros;Analisado, aguardando atendimento a notificação;PE;0,0418
PA-1507300-5A582A3E62FE4495B00E53519986CF19;PA;São Félix do Xingu;Curso d'água natural de até 10 metros;Analisado, aguardando atendimento a notificação;PE;0,0512
PA-1507300-5ABBC18CAEAB4C40A026EC954FC7A08A;PA;São Félix do Xingu;Curso d'água natural de até 10 metros;Analisado, aguardando atendimento a notificação;PE;0,3104
PA-1507300-5AE9EFF52F67463DB11C14362217441A;PA;São Félix do Xingu;Curso d'água natural de até 10 metros;Analisado, aguardando atendimento a notificação;AT;2,2208
PA-1507300-5AF34414B57A43C3AFA8C9126C72BD9F;PA;São Félix do Xingu;Curso d'água natural de até 10 metros;Analisado, aguardando atendimento a notificação;AT;4,5570
PA-1507300-5AF7935B08994199AF8A8737E00F5B12;PA;São Félix do Xingu;Curso d'água natural de até 10 metros;Analisado, aguardando atendimento a notificação;PE;7,2345
PA-1507300-5C6E38F2BAA34CB6B356B476ABE87F7A;PA;São Félix do Xingu;Curso d'água natural de até 10 metros;Analisado, aguardando atendimento a notificação;PE;0,3289
PA-1507300-5C9DE1DD3C0F4DBD9E8C24587F8FB20D;PA;São Félix do Xingu;Curso d'água natural de até 10 metros;Analisado, aguardando atendimento a notificação;PE;1,2490
PA-1507300-5CB3AEF949794538952EDC3CD49F53C4;PA;São Félix do Xingu;Curso d'água natural de até 10 metros;Analisado, aguardando atendimento a notificação;PE;7,7246
PA-1507300-5D32507EC68C403882F5B61E4AA8933D;PA;São Félix do Xingu;Curso d'água natural de até 10 metros;Analisado, aguardando atendimento a notificação;PE;0,1568
PA-1507300-5D7FCD1D4EA74A7EB169F240D457BA57;PA;São Félix do Xingu;Curso d'água natural de até 10 metros;Analisado, aguardando atendimento a notificação;PE;0,1314
PA-1507300-5DFFE9AC7EF642A69DDBCB3EA12450F4;PA;São Félix do Xingu;Curso d'água natural de até 10 metros;Analisado, aguardando atendimento a notificação;PE;0,7452
PA-1507300-5F81D5857BC7464891BC613C6A52660D;PA;São Félix do Xingu;Curso d'água natural de até 10 metros;Analisado, aguardando atendimento a notificação;PE;5,7461
PA-1507300-5FC65AE11AC84D9199ACFCA366C40C95;PA;São Félix do Xingu;Curso d'água natural de até 10 metros;Analisado, aguardando atendimento a notificação;PE;0,3787
PA-1507300-6160A5FA65D44EF09F4546EBBAB6D30A;PA;São Félix do Xingu;Curso d'água natural de até 10 metros;Analisado, aguardando atendimento a notificação;PE;0,4451
PA-1507300-62126A81AF2849ABBB60796BCC0B6B5F;PA;São Félix do Xingu;Curso d'água natural de até 10 metros;Analisado, aguardando atendimento a notificação;PE;0,4845
PA-1507300-62CF8705D57C4A8BB14E4E6E137071A5;PA;São Félix do Xingu;Curso d'água natural de até 10 metros;Analisado sem pendências;AT;0,1340
PA-1507300-631275BB7A944E07BBAAD8D3C75E46FE;PA;São Félix do Xingu;Curso d'água natural de até 10 metros;Analisado, aguardando atendimento a notificação;PE;5,8729
PA-1507300-63E9CA795BF94A829BB825142BC11C39;PA;São Félix do Xingu;Curso d'água natural de até 10 metros;Analisado, aguardando atendimento a notificação;PE;0,0919
PA-1507300-64C2277029A14FC08F92E6E6D46471EF;PA;São Félix do Xingu;Curso d'água natural de até 10 metros;Analisado, aguardando atendimento a notificação;PE;2,2178
PA-1507300-651B7F1489C645B8AFFA96BD57618EE2;PA;São Félix do Xingu;Curso d'água natural de até 10 metros;Analisado, aguardando atendimento a notificação;PE;0,4586
PA-1507300-6758DA43C6634B539A59C4410F3DEAAD;PA;São Félix do Xingu;Curso d'água natural de até 10 metros;Analisado, aguardando atendimento a notificação;PE;0,5968
PA-1507300-67CDFF7CFDAF476C8FE27D1C2709C8C6;PA;São Félix do Xingu;Curso d'água natural de até 10 metros;Analisado, aguardando atendimento a notificação;AT;3,5543
PA-1507300-67D148958872412190D8837A9367F274;PA;São Félix do Xingu;Curso d'água natural de até 10 metros;Analisado, aguardando atendimento a notificação;PE;0,3657
PA-1507300-683FF32EF16B4FFB8A6A62D4F733B35C;PA;São Félix do Xingu;Curso d'água natural de até 10 metros;Analisado, aguardando atendimento a notificação;PE;0,6698
PA-1507300-68487AF160F24DD492180C568BE99962;PA;São Félix do Xingu;Curso d'água natural de até 10 metros;Analisado, aguardando atendimento a notificação;PE;1,1652
PA-1507300-68667F4DA17940D0911809F6E3026D11;PA;São Félix do Xingu;Curso d'água natural de até 10 metros;Analisado, aguardando atendimento a notificação;PE;0,0502
PA-1507300-69055BF69BC9483D819580E1DE846D2D;PA;São Félix do Xingu;Curso d'água natural de até 10 metros;Analisado, aguardando atendimento a notificação;PE;1,3245
PA-1507300-69F5497E615B4CDCB349020AFB1FE67A;PA;São Félix do Xingu;Curso d'água natural de até 10 metros;Analisado, aguardando atendimento a notificação;PE;1,1925
PA-1507300-6A08BF57E2DF4C6A8DE329C822D438BB;PA;São Félix do Xingu;Curso d'água natural de até 10 metros;Analisado, aguardando atendimento a notificação;PE;4,3284
PA-1507300-6A2870A37F444DF9933EABB5EDF38569;PA;São Félix do Xingu;Curso d'água natural de até 10 metros;Analisado, aguardando atendimento a notificação;PE;0,0967
PA-1507300-6A4793FCA2AF4993B639B1EF18502920;PA;São Félix do Xingu;Curso d'água natural de até 10 metros;Analisado, aguardando atendimento a notificação;PE;0,4714
PA-1507300-6A8C3BEEDA8A48E8A75380E2FF8BA66D;PA;São Félix do Xingu;Curso d'água natural de até 10 metros;Analisado, aguardando atendimento a notificação;PE;6,5574
PA-1507300-6AA3EC070CC24413879025E5A35228F0;PA;São Félix do Xingu;Curso d'água natural de até 10 metros;Analisado, aguardando atendimento a notificação;SU;2,7859
PA-1507300-6AAAA1254BD24809AC0CD4DB491EEDB7;PA;São Félix do Xingu;Curso d'água natural de até 10 metros;Aguardando análise;AT;65,5614
PA-1507300-6B01019B68BD4C0D841B42BEC71C01EC;PA;São Félix do Xingu;Curso d'água natural de até 10 metros;Analisado, aguardando atendimento a notificação;PE;0,2607
PA-1507300-6B7BBAA1E861429B826CC07E461AE90A;PA;São Félix do Xingu;Curso d'água natural de até 10 metros;Analisado, aguardando atendimento a notificação;PE;0,3393
PA-1507300-6C6477B6D8A34B8D81C24107B390BF3B;PA;São Félix do Xingu;Curso d'água natural de até 10 metros;Analisado, aguardando atendimento a notificação;PE;0,5524
PA-1507300-6D645227A80840808A2F28D3E61FADD9;PA;São Félix do Xingu;Curso d'água natural de até 10 metros;Analisado, aguardando atendimento a notificação;PE;0,0867
PA-1507300-6E5543C6CF844859BA87AE843197C1A3;PA;São Félix do Xingu;Curso d'água natural de até 10 metros;Analisado, aguardando atendimento a notificação;PE;0,3615
PA-1507300-6EAB9598CF7C446F981352A449F1FE95;PA;São Félix do Xingu;Curso d'água natural de até 10 metros;Analisado, aguardando atendimento a notificação;AT;9,0817
PA-1507300-6EF7AF56E40A4F3A84756E074870C427;PA;São Félix do Xingu;Curso d'água natural de até 10 metros;Analisado, aguardando atendimento a notificação;PE;0,1800
PA-1507300-6F65C21D86074B1FB93BCAC85FF2064A;PA;São Félix do Xingu;Curso d'água natural de até 10 metros;Analisado, aguardando atendimento a notificação;PE;2,5389
PA-1507300-6FADB1613E854D0088BE27895AB10129;PA;São Félix do Xingu;Curso d'água natural de até 10 metros;Analisado, aguardando atendimento a notificação;PE;5,0156
PA-1507300-7022EC9F1BDA4824A8951C7B1B03CA93;PA;São Félix do Xingu;Curso d'água natural de até 10 metros;Analisado, aguardando atendimento a notificação;PE;0,3630
PA-1507300-70E349E2E7F6497CAB7D9623332B4FC7;PA;São Félix do Xingu;Curso d'água natural de até 10 metros;Analisado, aguardando atendimento a notificação;AT;0,3903
PA-1507300-710CBD8F0FD74C6483356765A6E4C385;PA;São Félix do Xingu;Curso d'água natural de até 10 metros;Analisado, aguardando atendimento a notificação;PE;0,1350
PA-1507300-7175D35B86E644E7ACC0A1C18F94DE1F;PA;São Félix do Xingu;Curso d'água natural de até 10 metros;Analisado, aguardando atendimento a notificação;PE;0,5740
PA-1507300-717E133D4C584C19819B21CEAAD11CEF;PA;São Félix do Xingu;Curso d'água natural de até 10 metros;Analisado, aguardando atendimento a notificação;PE;4,0587
PA-1507300-71CF03196D2647C2A24FFF46940895FE;PA;São Félix do Xingu;Curso d'água natural de até 10 metros;Analisado, aguardando atendimento a notificação;PE;0,4022
PA-1507300-726C137D131448D1A999FB83E9A05966;PA;São Félix do Xingu;Curso d'água natural de até 10 metros;Analisado, aguardando atendimento a notificação;PE;0,2868
PA-1507300-729CABC54B5B43C4B72A215C4C37705F;PA;São Félix do Xingu;Curso d'água natural de até 10 metros;Analisado, aguardando atendimento a notificação;PE;0,6039
PA-1507300-735B76A7FEAC442ABE6CBEE2D1EBFD21;PA;São Félix do Xingu;Curso d'água natural de até 10 metros;Analisado, aguardando atendimento a notificação;PE;0,0759
PA-1507300-73AAE99520384500A6AFB466E02227BF;PA;São Félix do Xingu;Curso d'água natural de até 10 metros;Analisado, aguardando atendimento a notificação;PE;0,6940
PA-1507300-745193B617F84381B453ACEA6E6CE5C4;PA;São Félix do Xingu;Curso d'água natural de até 10 metros;Analisado, aguardando atendimento a notificação;PE;4,1143
PA-1507300-75409266E2354D899B9F3D514457F182;PA;São Félix do Xingu;Curso d'água natural de até 10 metros;Analisado, aguardando atendimento a notificação;PE;0,0429
PA-1507300-7572EEDE6E7D486C9249B983E55EBD31;PA;São Félix do Xingu;Curso d'água natural de até 10 metros;Analisado sem pendências;AT;0,1113
PA-1507300-760FC8C601414CCD910330B07CF78489;PA;São Félix do Xingu;Curso d'água natural de até 10 metros;Analisado, aguardando atendimento a notificação;PE;5,2299
PA-1507300-7697625300CE44AE9BA2C802B8D53797;PA;São Félix do Xingu;Curso d'água natural de até 10 metros;Analisado, aguardando atendimento a notificação;AT;1,4578
PA-1507300-76D5C301A2AE4348844A66C1805C75F8;PA;São Félix do Xingu;Curso d'água natural de até 10 metros;Analisado, aguardando atendimento a notificação;PE;66,4097
PA-1507300-774EEADAE98C4A0E92568178171E78B2;PA;São Félix do Xingu;Curso d'água natural de até 10 metros;Analisado, aguardando atendimento a notificação;PE;0,1932
PA-1507300-775E93C2741C4C96BB0A4C3A3977416A;PA;São Félix do Xingu;Curso d'água natural de até 10 metros;Analisado, aguardando atendimento a notificação;PE;0,3177
PA-1507300-77C8296986DD47358E86C77D1DB4F766;PA;São Félix do Xingu;Curso d'água natural de até 10 metros;Analisado, aguardando atendimento a notificação;PE;1,8521
PA-1507300-77DC0BEC19C84AA4A8D7E770B583C8FF;PA;São Félix do Xingu;Curso d'água natural de até 10 metros;Analisado, aguardando atendimento a notificação;PE;0,3863
PA-1507300-7824DB6F108340B6AA928EF5B1088894;PA;São Félix do Xingu;Curso d'água natural de até 10 metros;Analisado, aguardando atendimento a notificação;PE;1,9199
PA-1507300-7842D4464C4F44B0807F446605411F17;PA;São Félix do Xingu;Curso d'água natural de até 10 metros;Aguardando análise;AT;62,0625
PA-1507300-78CECDDB2BF14E6188320026A5E6BF12;PA;São Félix do Xingu;Curso d'água natural de até 10 metros;Analisado, aguardando atendimento a notificação;AT;12,5572
PA-1507300-78CECDDB2BF14E6188320026A5E6BF12;PA;São Félix do Xingu;Curso d'água natural de até 10 metros;Analisado, aguardando atendimento a notificação;AT;3,5551
PA-1507300-78F68BADFEB341C4B730D9960A32D34D;PA;São Félix do Xingu;Curso d'água natural de até 10 metros;Analisado, aguardando atendimento a notificação;PE;0,0860
PA-1507300-797EDE311E564DF19A634F201A40490A;PA;São Félix do Xingu;Curso d'água natural de até 10 metros;Analisado, aguardando atendimento a notificação;PE;0,5787
PA-1507300-7991236829FF4120862954F832DD99AC;PA;São Félix do Xingu;Curso d'água natural de até 10 metros;Analisado, aguardando atendimento a notificação;SU;0,0762
PA-1507300-7A5792A897334135B0333CFCD9C1089A;PA;São Félix do Xingu;Curso d'água natural de até 10 metros;Analisado, aguardando atendimento a notificação;PE;0,8202
PA-1507300-7A76872E9D84490C9A8087667025C352;PA;São Félix do Xingu;Curso d'água natural de até 10 metros;Analisado, aguardando atendimento a notificação;PE;1,3359
PA-1507300-7A770DA2C74F4A3DB6443BC259C63D89;PA;São Félix do Xingu;Curso d'água natural de até 10 metros;Analisado, aguardando atendimento a notificação;PE;1,2692
PA-1507300-7AC26D31FEED4E45B4CB508EDFC767B0;PA;São Félix do Xingu;Curso d'água natural de até 10 metros;Analisado, aguardando atendimento a notificação;PE;0,1175
PA-1507300-7AF3A90600404DFA9E7821DC0112D731;PA;São Félix do Xingu;Curso d'água natural de até 10 metros;Analisado, aguardando atendimento a notificação;PE;0,5174
PA-1507300-7B582CF66DBC41B095F81A0D38B9B528;PA;São Félix do Xingu;Curso d'água natural de até 10 metros;Aguardando análise;AT;4,5031
PA-1507300-7BCFC37B689C4370A6AA51641B219CF1;PA;São Félix do Xingu;Curso d'água natural de até 10 metros;Analisado, aguardando atendimento a notificação;PE;1,3569
PA-1507300-7C0589F2BA11443C9B701491B695A81B;PA;São Félix do Xingu;Curso d'água natural de até 10 metros;Analisado, aguardando atendimento a notificação;PE;0,7055
PA-1507300-7C8E1BAFE59E4ACF8C62C0C2005B818C;PA;São Félix do Xingu;Curso d'água natural de até 10 metros;Analisado, aguardando atendimento a notificação;AT;0,2344
PA-1507300-7CC7AC1A97EA48CF8700168B2EA0EEB7;PA;São Félix do Xingu;Curso d'água natural de até 10 metros;Analisado, aguardando atendimento a notificação;PE;0,9956
PA-1507300-7CD35911EE144B3D8D1C7D29E8959239;PA;São Félix do Xingu;Curso d'água natural de até 10 metros;Analisado, aguardando atendimento a notificação;PE;0,2958
PA-1507300-7E470608F718467387EFC78C4036AE7A;PA;São Félix do Xingu;Curso d'água natural de até 10 metros;Analisado, aguardando atendimento a notificação;PE;3,9330
PA-1507300-7E721B49F2C64C5EAA66B891D2E4FAA6;PA;São Félix do Xingu;Curso d'água natural de até 10 metros;Analisado, aguardando atendimento a notificação;PE;1,8919
PA-1507300-7EA6583079874D479A3351F845D22968;PA;São Félix do Xingu;Curso d'água natural de até 10 metros;Analisado, aguardando atendimento a notificação;PE;0,9363
PA-1507300-7EBB18DB37F1445EB48D32DD959BCCFD;PA;São Félix do Xingu;Curso d'água natural de até 10 metros;Analisado, aguardando atendimento a notificação;PE;0,0396
PA-1507300-7F4A3514981C454884BED89EBBBC04E9;PA;São Félix do Xingu;Curso d'água natural de até 10 metros;Analisado, aguardando atendimento a notificação;PE;0,6558
PA-1507300-7F519D35DA044933B8B0006E07503DB1;PA;São Félix do Xingu;Curso d'água natural de até 10 metros;Analisado, aguardando atendimento a notificação;PE;5,2004
PA-1507300-80A3AB95406C42BF8D1FAF27B35F1D93;PA;São Félix do Xingu;Curso d'água natural de até 10 metros;Analisado, aguardando atendimento a notificação;PE;2,9507
PA-1507300-80AE6885EF5843DB8A1B0A01DC6AE75A;PA;São Félix do Xingu;Curso d'água natural de até 10 metros;Analisado, aguardando atendimento a notificação;PE;0,3066
PA-1507300-8114A4B416BB41EDB6ADE70E869B501C;PA;São Félix do Xingu;Curso d'água natural de até 10 metros;Analisado, aguardando atendimento a notificação;PE;5,4779
PA-1507300-814058BFA4A941999F68708FCA37D3A3;PA;São Félix do Xingu;Curso d'água natural de até 10 metros;Analisado, aguardando atendimento a notificação;PE;0,3540
PA-1507300-818452601AD44F2B96BFD0210F4711DA;PA;São Félix do Xingu;Curso d'água natural de até 10 metros;Analisado, aguardando atendimento a notificação;AT;0,5729
PA-1507300-820A72BC66934D209F5FF27889610D80;PA;São Félix do Xingu;Curso d'água natural de até 10 metros;Analisado, aguardando atendimento a notificação;PE;0,7787
PA-1507300-8341C937E96347EE9ADDEC2D3B1FADE8;PA;São Félix do Xingu;Curso d'água natural de até 10 metros;Aguardando análise;AT;4,7974
PA-1507300-834BE5A1A87145269AE8680CD51A7763;PA;São Félix do Xingu;Curso d'água natural de até 10 metros;Analisado, aguardando atendimento a notificação;AT;3,1950
PA-1507300-83AEAA6E43F04A1CBC6988192353A3B7;PA;São Félix do Xingu;Curso d'água natural de até 10 metros;Analisado, aguardando atendimento a notificação;PE;0,9031
PA-1507300-83EAF985EFB54E8AA5F1DDB3F65F1867;PA;São Félix do Xingu;Curso d'água natural de até 10 metros;Analisado, aguardando atendimento a notificação;PE;0,4496
PA-1507300-848D9535B2B24E3084CD4D52BD7B7709;PA;São Félix do Xingu;Curso d'água natural de até 10 metros;Analisado, aguardando atendimento a notificação;PE;10,5431
PA-1507300-849B1C8ECC134B1386BA6ADF90EA4836;PA;São Félix do Xingu;Curso d'água natural de até 10 metros;Analisado, aguardando atendimento a notificação;PE;0,0557
PA-1507300-849FF2C0D083420C8CA64086FB5A7195;PA;São Félix do Xingu;Curso d'água natural de até 10 metros;Analisado, aguardando atendimento a notificação;PE;3,9344
PA-1507300-8525D265D8BD467C97A89B0DCC90F6EE;PA;São Félix do Xingu;Curso d'água natural de até 10 metros;Analisado, aguardando atendimento a notificação;PE;2,3982
PA-1507300-85C73A7320754EAAA71AB097059A7B8C;PA;São Félix do Xingu;Curso d'água natural de até 10 metros;Analisado, aguardando atendimento a notificação;PE;0,6654
PA-1507300-86C06BF07D6B45AA9D4F9C4E6E46348C;PA;São Félix do Xingu;Curso d'água natural de até 10 metros;Analisado, aguardando atendimento a notificação;PE;0,6688
PA-1507300-8721F4DA031B41E997623A818DEE8D55;PA;São Félix do Xingu;Curso d'água natural de até 10 metros;Analisado, aguardando atendimento a notificação;PE;0,0779
PA-1507300-87EA8387F510439782E0887ED914A86A;PA;São Félix do Xingu;Curso d'água natural de até 10 metros;Analisado, aguardando atendimento a notificação;PE;2,4362
PA-1507300-885F342555224E83A94046C9E9AA8009;PA;São Félix do Xingu;Curso d'água natural de até 10 metros;Analisado, aguardando atendimento a notificação;PE;13,2038
PA-1507300-88F405AE560240699A7A15E892DDA1D2;PA;São Félix do Xingu;Curso d'água natural de até 10 metros;Analisado, aguardando atendimento a notificação;PE;0,6818
PA-1507300-88FB36B115EE4C18893B6B7A5FEC2C2A;PA;São Félix do Xingu;Curso d'água natural de até 10 metros;Analisado, aguardando atendimento a notificação;PE;0,2777
PA-1507300-89483B3EC3BD4C6B8F4D7FE9E4D17AC0;PA;São Félix do Xingu;Curso d'água natural de até 10 metros;Analisado, aguardando atendimento a notificação;PE;3,4157
PA-1507300-8AA6EAEC1ECB4E63B2186E7478EB557E;PA;São Félix do Xingu;Curso d'água natural de até 10 metros;Analisado, aguardando atendimento a notificação;PE;1,3455
PA-1507300-8AC17057FE6D4FD4900F0D34D37FB526;PA;São Félix do Xingu;Curso d'água natural de até 10 metros;Analisado, aguardando atendimento a notificação;PE;1,6909
PA-1507300-8ADC46CDD29345AB8E608F55466EB94D;PA;São Félix do Xingu;Curso d'água natural de até 10 metros;Aguardando análise;AT;33,8911
PA-1507300-8AE351E295AE4A398106A165E8E8EE8A;PA;São Félix do Xingu;Curso d'água natural de até 10 metros;Analisado, aguardando atendimento a notificação;PE;0,6654
PA-1507300-8B30543303FE4E7286E0E3A1916FD26E;PA;São Félix do Xingu;Curso d'água natural de até 10 metros;Analisado, aguardando atendimento a notificação;PE;0,9660
PA-1507300-8B89240B12E24B6A9B7B7780EB1310F1;PA;São Félix do Xingu;Curso d'água natural de até 10 metros;Analisado, aguardando atendimento a notificação;PE;0,6977
PA-1507300-8B8E8E7B2B96431A816867F1C9B1442A;PA;São Félix do Xingu;Curso d'água natural de até 10 metros;Analisado, aguardando atendimento a notificação;PE;0,0248
PA-1507300-8B97720A9528466EA69DB313623360D9;PA;São Félix do Xingu;Curso d'água natural de até 10 metros;Analisado, aguardando atendimento a notificação;AT;0,0482
PA-1507300-8B9A71AC223E43B881984B6F446F27B5;PA;São Félix do Xingu;Curso d'água natural de até 10 metros;Analisado, aguardando atendimento a notificação;PE;0,0662
PA-1507300-8C0F5C5B52B04795BB0C7127B2173FBA;PA;São Félix do Xingu;Curso d'água natural de até 10 metros;Aguardando análise;AT;2,5496
PA-1507300-8C445FFDA2AC409595119F2240B62444;PA;São Félix do Xingu;Curso d'água natural de até 10 metros;Analisado, aguardando atendimento a notificação;PE;8,9900
PA-1507300-8DAC35CFECC54DFDBBA772F62D8D1705;PA;São Félix do Xingu;Curso d'água natural de até 10 metros;Analisado, aguardando atendimento a notificação;PE;0,6174
PA-1507300-8DB88A7013CB424EAD16E8776CD0FD18;PA;São Félix do Xingu;Curso d'água natural de até 10 metros;Analisado, aguardando atendimento a notificação;PE;3,4541
PA-1507300-8E0A920EEABA439D8356FA1DBE612E76;PA;São Félix do Xingu;Curso d'água natural de até 10 metros;Analisado sem pendências;AT;0,1091
PA-1507300-8E52D49D2FD6407682FA77B5A7FD10E1;PA;São Félix do Xingu;Curso d'água natural de até 10 metros;Analisado, aguardando atendimento a notificação;AT;1,1386
PA-1507300-8EB910019D964C388C48A838A15491E1;PA;São Félix do Xingu;Curso d'água natural de até 10 metros;Analisado, aguardando atendimento a notificação;PE;0,2820
PA-1507300-8EDCFE937C0E42EFB37E4FF982AA71CC;PA;São Félix do Xingu;Curso d'água natural de até 10 metros;Analisado, aguardando atendimento a notificação;PE;0,6684
PA-1507300-8EFCB011D1B142AE96DFA4C6789977B4;PA;São Félix do Xingu;Curso d'água natural de até 10 metros;Analisado, aguardando atendimento a notificação;PE;2,1928
PA-1507300-8F2389587BAB4E69BAA31468D1847611;PA;São Félix do Xingu;Curso d'água natural de até 10 metros;Analisado, aguardando atendimento a notificação;PE;1,2247
PA-1507300-8F6EC25F103A4995A048AC97CC5F3792;PA;São Félix do Xingu;Curso d'água natural de até 10 metros;Analisado, aguardando atendimento a notificação;AT;4,1555
PA-1507300-8F8A54A3761D489692DDE07A16520CCB;PA;São Félix do Xingu;Curso d'água natural de até 10 metros;Analisado, aguardando atendimento a notificação;PE;13,3905
PA-1507300-8FC915304E254F0B8344437F6AC71BFB;PA;São Félix do Xingu;Curso d'água natural de até 10 metros;Analisado, aguardando atendimento a notificação;SU;5,7246
PA-1507300-900E6FFC15A64A78AD407E433664BDDF;PA;São Félix do Xingu;Curso d'água natural de até 10 metros;Analisado, aguardando atendimento a notificação;PE;3,4441
PA-1507300-91306E92750E43F4BFFAEC1DE7DCAD4D;PA;São Félix do Xingu;Curso d'água natural de até 10 metros;Analisado, aguardando atendimento a notificação;PE;7,8282
PA-1507300-91AA40C10B424BBEB96E7A0126D99B39;PA;São Félix do Xingu;Curso d'água natural de até 10 metros;Analisado, aguardando atendimento a notificação;PE;10,5456
PA-1507300-92E3505111634A8A85CC9773D42BAACD;PA;São Félix do Xingu;Curso d'água natural de até 10 metros;Analisado, aguardando atendimento a notificação;PE;1,7370
PA-1507300-930044F46F9D4808996A5B652D971FB7;PA;São Félix do Xingu;Curso d'água natural de até 10 metros;Analisado, aguardando atendimento a notificação;AT;0,5997
PA-1507300-945B99544DCB4340B441D4E87C67B579;PA;São Félix do Xingu;Curso d'água natural de até 10 metros;Analisado, aguardando atendimento a notificação;PE;0,3754
PA-1507300-948B510B082847739C8798DE1C82B757;PA;São Félix do Xingu;Curso d'água natural de até 10 metros;Analisado, aguardando atendimento a notificação;AT;0,0690
PA-1507300-94A4AD641A0F42118344C250A62F6B58;PA;São Félix do Xingu;Curso d'água natural de até 10 metros;Analisado, aguardando atendimento a notificação;PE;0,4880
PA-1507300-95B81DC149BF41CDB277D2977D4C04C0;PA;São Félix do Xingu;Curso d'água natural de até 10 metros;Aguardando análise;PE;0,8222
PA-1507300-95B84B7E0EA5410CB3F9040198D574F1;PA;São Félix do Xingu;Curso d'água natural de até 10 metros;Analisado, aguardando atendimento a notificação;PE;0,4458
PA-1507300-95B8CEA5472E4D3CA31E8908AF99508F;PA;São Félix do Xingu;Curso d'água natural de até 10 metros;Analisado, aguardando atendimento a notificação;PE;3,1710
PA-1507300-961F017801814B68A6C95FC2D5BBA4AC;PA;São Félix do Xingu;Curso d'água natural de até 10 metros;Analisado, aguardando atendimento a notificação;PE;0,2564
PA-1507300-9793180E99A346A28C72D7025DA4BABE;PA;São Félix do Xingu;Curso d'água natural de até 10 metros;Analisado, aguardando atendimento a notificação;PE;0,5892
PA-1507300-98535E790783469798FD0CDECAE614C8;PA;São Félix do Xingu;Curso d'água natural de até 10 metros;Analisado, aguardando atendimento a notificação;PE;0,2288
PA-1507300-987114095308492A8933195E2D6C1E74;PA;São Félix do Xingu;Curso d'água natural de até 10 metros;Analisado, aguardando atendimento a notificação;PE;0,3870
PA-1507300-9879D03D5047460E825EF954292D3DCB;PA;São Félix do Xingu;Curso d'água natural de até 10 metros;Analisado, aguardando atendimento a notificação;PE;0,3114
PA-1507300-991D8EFF17094FA2AB4FFAB198F8D59D;PA;São Félix do Xingu;Curso d'água natural de até 10 metros;Analisado, aguardando atendimento a notificação;PE;0,6365
PA-1507300-9935ECA869E24AA8919167DB25100F43;PA;São Félix do Xingu;Curso d'água natural de até 10 metros;Aguardando análise;AT;1,0767
PA-1507300-99A8026B718641A4BCCD245774271E5D;PA;São Félix do Xingu;Curso d'água natural de até 10 metros;Analisado, aguardando atendimento a notificação;PE;0,2896
PA-1507300-9A186250DDC641A9B1A0C4C72B8E8BE3;PA;São Félix do Xingu;Curso d'água natural de até 10 metros;Analisado, aguardando atendimento a notificação;PE;1,6010
PA-1507300-9A54E68A4AF34407AFD0C73099E4F708;PA;São Félix do Xingu;Curso d'água natural de até 10 metros;Analisado, aguardando atendimento a notificação;PE;1,1506
PA-1507300-9A67CC82C1F344FF94888B2F5BFC824C;PA;São Félix do Xingu;Curso d'água natural de até 10 metros;Analisado, aguardando atendimento a notificação;AT;0,2978
PA-1507300-9AE6669BE0E04FC3B877F7B63D25B7B6;PA;São Félix do Xingu;Curso d'água natural de até 10 metros;Analisado, aguardando atendimento a notificação;PE;4,5630
PA-1507300-9B035D7952EC4BE6A42CE4944987372B;PA;São Félix do Xingu;Curso d'água natural de até 10 metros;Analisado, aguardando atendimento a notificação;PE;0,0459
PA-1507300-9B22E6F8FFE84F13A2E82D1C9E884BDB;PA;São Félix do Xingu;Curso d'água natural de até 10 metros;Aguardando análise;AT;94,4080
PA-1507300-9B43CE0B9366480E909430DCBEC0F6DA;PA;São Félix do Xingu;Curso d'água natural de até 10 metros;Analisado, aguardando atendimento a notificação;PE;0,2049
PA-1507300-9B76F4FCCB454CC2AB921ECFC7F193FC;PA;São Félix do Xingu;Curso d'água natural de até 10 metros;Analisado, aguardando atendimento a notificação;PE;2,8156
PA-1507300-9BA79FAABBA64223A7C5C4AED48503AD;PA;São Félix do Xingu;Curso d'água natural de até 10 metros;Analisado, aguardando atendimento a notificação;PE;0,3491
PA-1507300-9BB86E4EB3904F349A7922FA4ED55F8E;PA;São Félix do Xingu;Curso d'água natural de até 10 metros;Analisado, aguardando atendimento a notificação;PE;2,4895
PA-1507300-9BE1F7CA84AE4E58994F8EE658A6534A;PA;São Félix do Xingu;Curso d'água natural de até 10 metros;Analisado, aguardando atendimento a notificação;PE;0,1176
PA-1507300-9C04D6DD20D94709B1C6C48DA08D1E41;PA;São Félix do Xingu;Curso d'água natural de até 10 metros;Analisado, aguardando atendimento a notificação;PE;0,4593
PA-1507300-9C3BE0D0F77B4A6A9A8C02142BE3919F;PA;São Félix do Xingu;Curso d'água natural de até 10 metros;Analisado, aguardando atendimento a notificação;PE;1,3019
PA-1507300-9CB7BA8A847A4FD3B0BCC8C891457C4F;PA;São Félix do Xingu;Curso d'água natural de até 10 metros;Analisado, aguardando atendimento a notificação;PE;8,4213
PA-1507300-9CF9D857D01147109B18C40E7F6DE8BB;PA;São Félix do Xingu;Curso d'água natural de até 10 metros;Analisado, aguardando atendimento a notificação;PE;8,8929
PA-1507300-9D7FC209C35648C5B06D2965DE9D2140;PA;São Félix do Xingu;Curso d'água natural de até 10 metros;Analisado, aguardando atendimento a notificação;PE;0,9247
PA-1507300-9DA862C60C164791BB0B66013CA633F7;PA;São Félix do Xingu;Curso d'água natural de até 10 metros;Analisado, aguardando atendimento a notificação;PE;2,1583
PA-1507300-9E5EBF38842F4D459CB535E0D0D7A564;PA;São Félix do Xingu;Curso d'água natural de até 10 metros;Analisado, aguardando atendimento a notificação;PE;3,4743
PA-1507300-9F8099CCDD1F4E848F8CF2FD2BDBC00E;PA;São Félix do Xingu;Curso d'água natural de até 10 metros;Analisado, aguardando atendimento a notificação;PE;0,2048
PA-1507300-A0321E45F5CC46B49B71F49948F97A24;PA;São Félix do Xingu;Curso d'água natural de até 10 metros;Analisado, aguardando atendimento a notificação;AT;0,4410
PA-1507300-A05F74B8FA8B4596AC40D2ED821DD1E3;PA;São Félix do Xingu;Curso d'água natural de até 10 metros;Analisado, aguardando atendimento a notificação;PE;0,2184
PA-1507300-A09734F227D7468AA4130A3299F9C518;PA;São Félix do Xingu;Curso d'água natural de até 10 metros;Analisado, aguardando atendimento a notificação;PE;2,2492
PA-1507300-A17A21CAE5BD4441B1B17EC5D03ECFC1;PA;São Félix do Xingu;Curso d'água natural de até 10 metros;Analisado, aguardando atendimento a notificação;PE;0,2123
PA-1507300-A17FBEBC4CA142C2B3E3E8B7B7B06AEA;PA;São Félix do Xingu;Curso d'água natural de até 10 metros;Analisado, aguardando atendimento a notificação;PE;0,4076
PA-1507300-A193F52A382F4EABA6ED20DF8334B293;PA;São Félix do Xingu;Curso d'água natural de até 10 metros;Analisado, aguardando atendimento a notificação;PE;0,4595
PA-1507300-A1D8DEA503594D3793798759C2E2A7CB;PA;São Félix do Xingu;Curso d'água natural de até 10 metros;Analisado, aguardando atendimento a notificação;PE;0,8251
PA-1507300-A257F76D6CCD4005B7F20EDFFE9EEF5D;PA;São Félix do Xingu;Curso d'água natural de até 10 metros;Analisado, aguardando atendimento a notificação;PE;0,9658
PA-1507300-A325498E390A4071AB774FC4DBCF59F1;PA;São Félix do Xingu;Curso d'água natural de até 10 metros;Analisado, aguardando atendimento a notificação;PE;0,1396
PA-1507300-A3D56DD0AD4A474ABDAA18D497E1A7F3;PA;São Félix do Xingu;Curso d'água natural de até 10 metros;Analisado, aguardando atendimento a notificação;PE;0,4384
PA-1507300-A43B9797CB0E49668E1A828B351C983F;PA;São Félix do Xingu;Curso d'água natural de até 10 metros;Analisado, aguardando atendimento a notificação;PE;0,6944
PA-1507300-A483D85A7F26430EBE51E938E9803E0C;PA;São Félix do Xingu;Curso d'água natural de até 10 metros;Analisado, aguardando atendimento a notificação;AT;1,6353
PA-1507300-A483D85A7F26430EBE51E938E9803E0C;PA;São Félix do Xingu;Curso d'água natural de até 10 metros;Analisado, aguardando atendimento a notificação;AT;74,4802
PA-1507300-A483D85A7F26430EBE51E938E9803E0C;PA;São Félix do Xingu;Curso d'água natural de até 10 metros;Analisado, aguardando atendimento a notificação;AT;107,9410
PA-1507300-A483D85A7F26430EBE51E938E9803E0C;PA;São Félix do Xingu;Curso d'água natural de até 10 metros;Analisado, aguardando atendimento a notificação;AT;15,1041
PA-1507300-A483D85A7F26430EBE51E938E9803E0C;PA;São Félix do Xingu;Curso d'água natural de até 10 metros;Analisado, aguardando atendimento a notificação;AT;18,6026
PA-1507300-A483D85A7F26430EBE51E938E9803E0C;PA;São Félix do Xingu;Curso d'água natural de até 10 metros;Analisado, aguardando atendimento a notificação;AT;8,2327
PA-1507300-A4CA62BD4FF145F9A2875D74D7C915A6;PA;São Félix do Xingu;Curso d'água natural de até 10 metros;Analisado, aguardando atendimento a notificação;PE;5,5748
PA-1507300-A5440E49BB9349E2BE9793CB0492813E;PA;São Félix do Xingu;Curso d'água natural de até 10 metros;Analisado, aguardando atendimento a notificação;PE;0,3292
PA-1507300-A5A209EFC49C45AD8B0C73620025B560;PA;São Félix do Xingu;Curso d'água natural de até 10 metros;Analisado, aguardando atendimento a notificação;AT;4,4921
PA-1507300-A5F3D020DB274CB49010CAE455108CBB;PA;São Félix do Xingu;Curso d'água natural de até 10 metros;Analisado, aguardando regularização ambiental (Lei nº 12.651/2012);AT;20,9165
PA-1507300-A61D8B5875BA4670824F19474DDE5F41;PA;São Félix do Xingu;Curso d'água natural de até 10 metros;Analisado, aguardando atendimento a notificação;PE;2,3595
PA-1507300-A659267C8678462E9AA845AA59AAF9E7;PA;São Félix do Xingu;Curso d'água natural de até 10 metros;Analisado, aguardando atendimento a notificação;AT;0,2525
PA-1507300-A725B335170D414092F7113BE8353EDC;PA;São Félix do Xingu;Curso d'água natural de até 10 metros;Analisado, aguardando atendimento a notificação;PE;0,2206
PA-1507300-A733DF6A7A7645018623C2173611F0F5;PA;São Félix do Xingu;Curso d'água natural de até 10 metros;Analisado, aguardando atendimento a notificação;PE;0,5509
PA-1507300-A7430C1B4BC54647BE397BD65F25D96D;PA;São Félix do Xingu;Curso d'água natural de até 10 metros;Analisado, aguardando atendimento a notificação;AT;141,5138
PA-1507300-A75C0E77277E4A4BA4A4E8B04EAEE568;PA;São Félix do Xingu;Curso d'água natural de até 10 metros;Analisado, aguardando atendimento a notificação;PE;0,4147
PA-1507300-A76ACB2498A243388C5DD407F38CA65F;PA;São Félix do Xingu;Curso d'água natural de até 10 metros;Analisado, aguardando atendimento a notificação;PE;0,3933
PA-1507300-A784192ED192476D98B642E73E5CC63D;PA;São Félix do Xingu;Curso d'água natural de até 10 metros;Analisado, aguardando atendimento a notificação;AT;1,3187
PA-1507300-A78CCA1209C9433894AA4DF5107426AC;PA;São Félix do Xingu;Curso d'água natural de até 10 metros;Analisado, aguardando atendimento a notificação;PE;9,0423
PA-1507300-A7CFC872149645B89B05238EDB49A4D1;PA;São Félix do Xingu;Curso d'água natural de até 10 metros;Analisado, aguardando atendimento a notificação;PE;2,1877
PA-1507300-A7D66E94664E474DA08993BA30AF41FA;PA;São Félix do Xingu;Curso d'água natural de até 10 metros;Analisado, aguardando atendimento a notificação;PE;20,9225
PA-1507300-A8CA1318E79442C1A0F15CF4665FA89A;PA;São Félix do Xingu;Curso d'água natural de até 10 metros;Analisado, aguardando atendimento a notificação;PE;5,1497
PA-1507300-A8FFBD03E9AE4489A0F34572FA98DC1E;PA;São Félix do Xingu;Curso d'água natural de até 10 metros;Aguardando análise;AT;0,6323
PA-1507300-A9258BFB270F43ECAEB4384919E6F5E3;PA;São Félix do Xingu;Curso d'água natural de até 10 metros;Analisado, aguardando atendimento a notificação;PE;0,1989
PA-1507300-AA474F9D90FD46D1897D1BBBB7B6482E;PA;São Félix do Xingu;Curso d'água natural de até 10 metros;Analisado, aguardando atendimento a notificação;PE;0,1188
PA-1507300-AAB735632E024855AA32300F7E1B7CAE;PA;São Félix do Xingu;Curso d'água natural de até 10 metros;Analisado, aguardando atendimento a notificação;PE;3,7455
PA-1507300-AAB8F0A22DF54FF5A5B5581CECFF4A3D;PA;São Félix do Xingu;Curso d'água natural de até 10 metros;Analisado, aguardando atendimento a notificação;PE;0,7468
PA-1507300-AADF575BE36F4FF4A28045A08283AD23;PA;São Félix do Xingu;Curso d'água natural de até 10 metros;Analisado, aguardando atendimento a notificação;PE;1,6197
PA-1507300-AAE0244BC5B340FB9EDA3ACABFE120A5;PA;São Félix do Xingu;Curso d'água natural de até 10 metros;Analisado, aguardando atendimento a notificação;PE;3,3522
PA-1507300-AAF0DEBCB803496191DF6A77C0EA025B;PA;São Félix do Xingu;Curso d'água natural de até 10 metros;Analisado, aguardando atendimento a notificação;PE;0,1209
PA-1507300-AB3DD6F280954CCCB03B689A60609BD0;PA;São Félix do Xingu;Curso d'água natural de até 10 metros;Analisado, aguardando atendimento a notificação;PE;2,0407
PA-1507300-AB9399833FF749C4917B8D9824B6BCB6;PA;São Félix do Xingu;Curso d'água natural de até 10 metros;Analisado, aguardando atendimento a notificação;PE;76,2778
PA-1507300-AB9C08B072364B2B96BC73A87B9FC853;PA;São Félix do Xingu;Curso d'água natural de até 10 metros;Analisado, aguardando atendimento a notificação;PE;0,5487
PA-1507300-AC3F0077DB404BBDBD8D9449CF22AC26;PA;São Félix do Xingu;Curso d'água natural de até 10 metros;Analisado, aguardando atendimento a notificação;AT;0,2264
PA-1507300-AC73BC695AF84F1A89D51120DAB12D93;PA;São Félix do Xingu;Curso d'água natural de até 10 metros;Analisado, aguardando atendimento a notificação;PE;0,6542
PA-1507300-AD9CA85D550A4386A06E0C2408EC6394;PA;São Félix do Xingu;Curso d'água natural de até 10 metros;Analisado, aguardando atendimento a notificação;PE;0,2362
PA-1507300-ADFDFD994DDE4DA1ACB9FA233D151898;PA;São Félix do Xingu;Curso d'água natural de até 10 metros;Analisado sem pendências;AT;10,8637
PA-1507300-AE0E083471A3499A8971899ACE1B3980;PA;São Félix do Xingu;Curso d'água natural de até 10 metros;Analisado, aguardando atendimento a notificação;PE;0,9543
PA-1507300-AE9D25E66DF145689B3DAD04D473234F;PA;São Félix do Xingu;Curso d'água natural de até 10 metros;Analisado, aguardando atendimento a notificação;AT;0,3671
PA-1507300-AEE0E9B1BB50459FB999CDDD43A271AC;PA;São Félix do Xingu;Curso d'água natural de até 10 metros;Analisado, aguardando atendimento a notificação;PE;0,1800
PA-1507300-AEED4AD634E848C2AEE89F5D5393AAAE;PA;São Félix do Xingu;Curso d'água natural de até 10 metros;Analisado, aguardando atendimento a notificação;PE;0,3422
PA-1507300-AFF22B8DD6114738A35AFF0BD1885EFE;PA;São Félix do Xingu;Curso d'água natural de até 10 metros;Aguardando análise;AT;22,3136
PA-1507300-AFF6F5E0566A45C597360B9D6F7DAF3A;PA;São Félix do Xingu;Curso d'água natural de até 10 metros;Analisado, aguardando atendimento a notificação;PE;0,9290
PA-1507300-B01AFD85E6BE4DB9A71A89A72125040A;PA;São Félix do Xingu;Curso d'água natural de até 10 metros;Analisado, aguardando atendimento a notificação;PE;0,1115
PA-1507300-B03586FCE29E407EBF5E4592EEE6D147;PA;São Félix do Xingu;Curso d'água natural de até 10 metros;Analisado, aguardando atendimento a notificação;PE;0,7822
PA-1507300-B04999BAF2EA4DC78F96E84254B0E747;PA;São Félix do Xingu;Curso d'água natural de até 10 metros;Analisado, aguardando atendimento a notificação;PE;2,3777
PA-1507300-B0AE0ECD82B444C9A041B4275BE7DD18;PA;São Félix do Xingu;Curso d'água natural de até 10 metros;Analisado, aguardando atendimento a notificação;PE;1,1437
PA-1507300-B0CD4926C611455D818D379E30394500;PA;São Félix do Xingu;Curso d'água natural de até 10 metros;Analisado, aguardando atendimento a notificação;PE;1,4225
PA-1507300-B0EA70E4A33E423DBA8A571064CF3F96;PA;São Félix do Xingu;Curso d'água natural de até 10 metros;Analisado, aguardando atendimento a notificação;PE;3,3615
PA-1507300-B0EFFD79BDC747D3A20E0F4DFC44A8C5;PA;São Félix do Xingu;Curso d'água natural de até 10 metros;Aguardando análise;AT;27,9302
PA-1507300-B137EE1A18074CCBBCDD5C5526FF365A;PA;São Félix do Xingu;Curso d'água natural de até 10 metros;Analisado, aguardando atendimento a notificação;PE;0,5969
PA-1507300-B1528FE75B124A8D93C84B509C4B4D76;PA;São Félix do Xingu;Curso d'água natural de até 10 metros;Analisado, aguardando atendimento a notificação;PE;0,1700
PA-1507300-B1583E3585A94D3D87CE4ADAEF3FD4F7;PA;São Félix do Xingu;Curso d'água natural de até 10 metros;Analisado, aguardando atendimento a notificação;AT;3,3703
PA-1507300-B1983D4ABE344680B4C88912C5FCF171;PA;São Félix do Xingu;Curso d'água natural de até 10 metros;Analisado, aguardando atendimento a notificação;PE;4,9359
PA-1507300-B3A11397FA1B475A851A0C1ACD681C2C;PA;São Félix do Xingu;Curso d'água natural de até 10 metros;Analisado, aguardando regularização ambiental (Lei nº 12.651/2012);AT;1,6789
PA-1507300-B439CD9E1E0442E9AFDCAFB10142CF4E;PA;São Félix do Xingu;Curso d'água natural de até 10 metros;Analisado, aguardando atendimento a notificação;PE;0,1120
PA-1507300-B4C13BE6CD84415B83E2416881B6E109;PA;São Félix do Xingu;Curso d'água natural de até 10 metros;Analisado, aguardando atendimento a notificação;AT;2,3363
PA-1507300-B6149F87BBD14354AA7D61CE865890A5;PA;São Félix do Xingu;Curso d'água natural de até 10 metros;Aguardando análise;PE;0,3501
PA-1507300-B6338567A1104B438FACC53CDFD48FFD;PA;São Félix do Xingu;Curso d'água natural de até 10 metros;Analisado, aguardando atendimento a notificação;PE;0,1926
PA-1507300-B671E115AD9547E8B59FFDCD8BB00952;PA;São Félix do Xingu;Curso d'água natural de até 10 metros;Analisado, aguardando atendimento a notificação;PE;1,6639
PA-1507300-B6869F83BA524DDA90B4A8EB96F80410;PA;São Félix do Xingu;Curso d'água natural de até 10 metros;Analisado, aguardando atendimento a notificação;PE;4,4827
PA-1507300-B74EAF57D72E4055824A5028D5622D1B;PA;São Félix do Xingu;Curso d'água natural de até 10 metros;Analisado, aguardando atendimento a notificação;PE;1,1367
PA-1507300-B7A1BF70E4954215BBE3C16324D1B864;PA;São Félix do Xingu;Curso d'água natural de até 10 metros;Analisado, aguardando atendimento a notificação;PE;1,6047
PA-1507300-B7F8E56095454AD7844342130E310469;PA;São Félix do Xingu;Curso d'água natural de até 10 metros;Analisado, aguardando atendimento a notificação;SU;2,2050
PA-1507300-B8180505A5B94A1F8C421075E8ECF432;PA;São Félix do Xingu;Curso d'água natural de até 10 metros;Analisado, aguardando atendimento a notificação;PE;0,5951
PA-1507300-B83FA1245CE04FCABDAC4954A7F09253;PA;São Félix do Xingu;Curso d'água natural de até 10 metros;Analisado, aguardando atendimento a notificação;PE;1,2737
PA-1507300-B888E0A1FFB6476CBBAF57013C58B4D1;PA;São Félix do Xingu;Curso d'água natural de até 10 metros;Analisado, aguardando atendimento a notificação;PE;0,1230
PA-1507300-B9045B0D731E46BA8811C7B782028C29;PA;São Félix do Xingu;Curso d'água natural de até 10 metros;Analisado, aguardando atendimento a notificação;PE;0,5250
PA-1507300-B9545B74E87C4FDFBC67BDFA79BA579B;PA;São Félix do Xingu;Curso d'água natural de até 10 metros;Analisado, aguardando atendimento a notificação;PE;2,0707
PA-1507300-B95FA2328BF34243B3E9F6AFCDE75D35;PA;São Félix do Xingu;Curso d'água natural de até 10 metros;Analisado, aguardando atendimento a notificação;PE;0,8889
PA-1507300-B9C9BA64853740BBB07822C3D44E1B24;PA;São Félix do Xingu;Curso d'água natural de até 10 metros;Analisado, aguardando atendimento a notificação;PE;0,2419
PA-1507300-B9FA5E6A851C4CBFB2137802FDE54730;PA;São Félix do Xingu;Curso d'água natural de até 10 metros;Analisado, aguardando atendimento a notificação;PE;0,8050
PA-1507300-BA0ED87D76D44E30ACD08F6CD22A0313;PA;São Félix do Xingu;Curso d'água natural de até 10 metros;Analisado, aguardando atendimento a notificação;PE;2,1025
PA-1507300-BA1D289384EA4BC095C2817C1FB8A2B3;PA;São Félix do Xingu;Curso d'água natural de até 10 metros;Analisado, aguardando atendimento a notificação;PE;0,6710
PA-1507300-BAAB97E8F0104E4599BB0CEC217FFB3C;PA;São Félix do Xingu;Curso d'água natural de até 10 metros;Analisado, aguardando atendimento a notificação;PE;0,2844
PA-1507300-BADD93DE9C2341AD84A7DC5FFAB24E37;PA;São Félix do Xingu;Curso d'água natural de até 10 metros;Analisado, aguardando atendimento a notificação;AT;0,9915
PA-1507300-BAFD577B8BCF4FF5A40FDA68FC755711;PA;São Félix do Xingu;Curso d'água natural de até 10 metros;Analisado, aguardando atendimento a notificação;PE;0,1816
PA-1507300-BBCB1623272B47F6A630EED2E6D37585;PA;São Félix do Xingu;Curso d'água natural de até 10 metros;Analisado, em conformidade com a Lei nº 12.651/2012;AT;3,3669
PA-1507300-BBE4F21ABC5A4B67A9FD725630598BEF;PA;São Félix do Xingu;Curso d'água natural de até 10 metros;Analisado, aguardando atendimento a notificação;PE;0,0786
PA-1507300-BC2FA0670FBD4BEA8A8686213B404B51;PA;São Félix do Xingu;Curso d'água natural de até 10 metros;Analisado, aguardando atendimento a notificação;PE;1,5451
PA-1507300-BC32BEBD625C4494B30B2F71B7F535E6;PA;São Félix do Xingu;Curso d'água natural de até 10 metros;Analisado, aguardando atendimento a notificação;PE;0,1604
PA-1507300-BC8E6645F4FD46AABD08D3FDFC0DE633;PA;São Félix do Xingu;Curso d'água natural de até 10 metros;Analisado, aguardando atendimento a notificação;PE;1,1002
PA-1507300-BC9B8CD4A7884B4BA1ACC33EA3040176;PA;São Félix do Xingu;Curso d'água natural de até 10 metros;Analisado, aguardando atendimento a notificação;PE;0,4738
PA-1507300-BC9E26EB0AB64C91A80BF9CDC8EEAE13;PA;São Félix do Xingu;Curso d'água natural de até 10 metros;Analisado, aguardando atendimento a notificação;PE;0,5032
PA-1507300-BCA26B5D641A40EDAB71CF199405468B;PA;São Félix do Xingu;Curso d'água natural de até 10 metros;Analisado, aguardando atendimento a notificação;PE;0,1017
PA-1507300-BCBD73102BBE4716B31321C0386A5ADE;PA;São Félix do Xingu;Curso d'água natural de até 10 metros;Analisado, aguardando atendimento a notificação;PE;0,2544
PA-1507300-BCBF23635ED8455EBD3A7A18DF97E114;PA;São Félix do Xingu;Curso d'água natural de até 10 metros;Analisado, aguardando atendimento a notificação;PE;0,1582
PA-1507300-BCC4D972F3674B7C83E2532788281864;PA;São Félix do Xingu;Curso d'água natural de até 10 metros;Analisado, aguardando atendimento a notificação;AT;0,0925
PA-1507300-BD06408C1B96425B8B3D4BE8FCBD1EA6;PA;São Félix do Xingu;Curso d'água natural de até 10 metros;Analisado, aguardando atendimento a notificação;PE;0,2445
PA-1507300-BD936510208043D9B0366FC5A1256539;PA;São Félix do Xingu;Curso d'água natural de até 10 metros;Analisado, aguardando atendimento a notificação;PE;3,6389
PA-1507300-BDDFD76EBF35412ABC9D81A3D70DC699;PA;São Félix do Xingu;Curso d'água natural de até 10 metros;Analisado, aguardando atendimento a notificação;PE;15,8958
PA-1507300-BEC286349B6C44D2AEB7021C804BFA14;PA;São Félix do Xingu;Curso d'água natural de até 10 metros;Analisado, aguardando atendimento a notificação;PE;1,9871
PA-1507300-BEE72C9FED8B44A28B20837465869BC8;PA;São Félix do Xingu;Curso d'água natural de até 10 metros;Analisado, aguardando atendimento a notificação;AT;3,9105
PA-1507300-BEF1773C536440D583B5DE5E97CDF59A;PA;São Félix do Xingu;Curso d'água natural de até 10 metros;Analisado, aguardando atendimento a notificação;PE;0,1225
PA-1507300-BF5A319F2DB94C5BB89FDC0DC6585DEA;PA;São Félix do Xingu;Curso d'água natural de até 10 metros;Analisado, aguardando atendimento a notificação;PE;2,8202
PA-1507300-BF96C5CFBFE54AD3B1443CC7D443555E;PA;São Félix do Xingu;Curso d'água natural de até 10 metros;Analisado, aguardando atendimento a notificação;PE;0,5466
PA-1507300-BFDB5BE039BB41DDBFE28DDA7B39A0E1;PA;São Félix do Xingu;Curso d'água natural de até 10 metros;Analisado, aguardando atendimento a notificação;PE;0,0773
PA-1507300-C0A9B8792649444594D8393D68CCA62E;PA;São Félix do Xingu;Curso d'água natural de até 10 metros;Analisado, aguardando atendimento a notificação;AT;4,0394
PA-1507300-C0B504518B4940B78334CC9A8AFCE220;PA;São Félix do Xingu;Curso d'água natural de até 10 metros;Analisado, aguardando atendimento a notificação;PE;0,2576
PA-1507300-C0DFC576AA58475581F8F444CBA99ACE;PA;São Félix do Xingu;Curso d'água natural de até 10 metros;Analisado, aguardando atendimento a notificação;PE;0,7316
PA-1507300-C17FFEAF5C544782BCE28FC8BF6ECD99;PA;São Félix do Xingu;Curso d'água natural de até 10 metros;Analisado, aguardando atendimento a notificação;PE;0,1585
PA-1507300-C1AB810B9D104144AA723317D8A2AF99;PA;São Félix do Xingu;Curso d'água natural de até 10 metros;Analisado, aguardando atendimento a notificação;PE;5,0988
PA-1507300-C313705B8AB042E1AB1D49206D2943A3;PA;São Félix do Xingu;Curso d'água natural de até 10 metros;Analisado, aguardando atendimento a notificação;PE;0,3794
PA-1507300-C48533FA7EA84463A464E88526278A21;PA;São Félix do Xingu;Curso d'água natural de até 10 metros;Analisado, aguardando atendimento a notificação;PE;5,3266
PA-1507300-C48C3552092A4DD9871240160781B175;PA;São Félix do Xingu;Curso d'água natural de até 10 metros;Analisado, aguardando atendimento a notificação;AT;1,2676
PA-1507300-C5502E61A1F4403ABBEA0F6CD530CBE4;PA;São Félix do Xingu;Curso d'água natural de até 10 metros;Analisado, aguardando atendimento a notificação;PE;0,6334
PA-1507300-C5962D5DAEEB432CAB9C9BD5F187EAED;PA;São Félix do Xingu;Curso d'água natural de até 10 metros;Aguardando análise;AT;0,7076
PA-1507300-C61782BAD99A4028B05EE7F5B91A5D5D;PA;São Félix do Xingu;Curso d'água natural de até 10 metros;Analisado sem pendências;AT;0,0731
PA-1507300-C749744C2FF5414BA45BB8806BBD38EE;PA;São Félix do Xingu;Curso d'água natural de até 10 metros;Analisado, aguardando atendimento a notificação;PE;0,4961
PA-1507300-C75092FF3F6647948B70FB5E865DA246;PA;São Félix do Xingu;Curso d'água natural de até 10 metros;Analisado, aguardando atendimento a notificação;PE;0,1102
PA-1507300-C75C36910B1846629638843583380EEC;PA;São Félix do Xingu;Curso d'água natural de até 10 metros;Analisado, aguardando atendimento a notificação;PE;0,5932
PA-1507300-C796D5A56219488CBE708BADB3DAF297;PA;São Félix do Xingu;Curso d'água natural de até 10 metros;Analisado, aguardando atendimento a notificação;PE;8,5404
PA-1507300-C7F98AA246974A18B47D1171FCF80F97;PA;São Félix do Xingu;Curso d'água natural de até 10 metros;Analisado, aguardando atendimento a notificação;PE;0,4460
PA-1507300-C8474163266E487C99E89FC7CB1B909C;PA;São Félix do Xingu;Curso d'água natural de até 10 metros;Analisado, em conformidade com a Lei nº 12.651/2012;AT;0,0840
PA-1507300-C86DB9C476214D8CB4D64C95D52B5E5C;PA;São Félix do Xingu;Curso d'água natural de até 10 metros;Analisado, aguardando atendimento a notificação;PE;2,4403
PA-1507300-C8765116229545D8BEE380239C7DF78A;PA;São Félix do Xingu;Curso d'água natural de até 10 metros;Analisado, aguardando atendimento a notificação;AT;1,1729
PA-1507300-C8F5A7973E76420EA7B2AE55130DF778;PA;São Félix do Xingu;Curso d'água natural de até 10 metros;Analisado, aguardando atendimento a notificação;PE;4,6056
PA-1507300-C95BEBD1F0A34B73B466402F7BE0B0F9;PA;São Félix do Xingu;Curso d'água natural de até 10 metros;Analisado, aguardando atendimento a notificação;PE;1,8400
PA-1507300-C98993A2744F4513AFA9B4FCA6AB3422;PA;São Félix do Xingu;Curso d'água natural de até 10 metros;Analisado, aguardando atendimento a notificação;PE;1,4215
PA-1507300-C9E73CDC0303485190DA41ECC379FBB9;PA;São Félix do Xingu;Curso d'água natural de até 10 metros;Analisado, aguardando atendimento a notificação;PE;1,1110
PA-1507300-C9F38D92336B40868A2F3A9C1585DB76;PA;São Félix do Xingu;Curso d'água natural de até 10 metros;Analisado, aguardando atendimento a notificação;SU;13,6861
PA-1507300-CA4699E662944FA3960B1EDA126050AB;PA;São Félix do Xingu;Curso d'água natural de até 10 metros;Analisado, aguardando atendimento a notificação;PE;1,1690
PA-1507300-CA5A0D8000E24BC3854057EFF4D692B7;PA;São Félix do Xingu;Curso d'água natural de até 10 metros;Analisado, aguardando atendimento a notificação;PE;1,0117
PA-1507300-CB3FA22F3D1C40438E7AE7762FCDF061;PA;São Félix do Xingu;Curso d'água natural de até 10 metros;Analisado, aguardando atendimento a notificação;PE;10,3571
PA-1507300-CBEA9821901D4F28B4D5A896A2F489EC;PA;São Félix do Xingu;Curso d'água natural de até 10 metros;Analisado, aguardando atendimento a notificação;PE;0,1859
PA-1507300-CC3F36F0A5C7487B8876E4A3F34A16F8;PA;São Félix do Xingu;Curso d'água natural de até 10 metros;Analisado sem pendências;AT;0,1731
PA-1507300-CC8508BF1C2E455AAB5909BEF5F7D4FD;PA;São Félix do Xingu;Curso d'água natural de até 10 metros;Analisado, aguardando atendimento a notificação;AT;0,7033
PA-1507300-CCF05D202DBA4FB8A2EC4E4EA80657D1;PA;São Félix do Xingu;Curso d'água natural de até 10 metros;Analisado, aguardando atendimento a notificação;PE;0,4455
PA-1507300-CE5B64FF66C54CFCABEE1DF57CE0C988;PA;São Félix do Xingu;Curso d'água natural de até 10 metros;Analisado, aguardando atendimento a notificação;PE;0,3713
PA-1507300-CE9614B43584443B8CD3847D55FCA922;PA;São Félix do Xingu;Curso d'água natural de até 10 metros;Aguardando análise;PE;2,2002
PA-1507300-CEA12C195EA8475FB580C98835163DFA;PA;São Félix do Xingu;Curso d'água natural de até 10 metros;Analisado, aguardando atendimento a notificação;PE;6,6640
PA-1507300-CEB6EE5276584E67A43E857483B97B19;PA;São Félix do Xingu;Curso d'água natural de até 10 metros;Em análise;AT;22,5028
PA-1507300-CF9A1188E3414C66A1C9F95D97156282;PA;São Félix do Xingu;Curso d'água natural de até 10 metros;Analisado, aguardando atendimento a notificação;PE;0,0194
PA-1507300-D044DAD5C2634D1ABD8011E9297C42F5;PA;São Félix do Xingu;Curso d'água natural de até 10 metros;Analisado, aguardando atendimento a notificação;PE;0,0751
PA-1507300-D048DCAF7A6D48CE8A63BAC10C4985F4;PA;São Félix do Xingu;Curso d'água natural de até 10 metros;Analisado, aguardando atendimento a notificação;PE;0,1053
PA-1507300-D063431BBEEE491EB6EECA42470E107A;PA;São Félix do Xingu;Curso d'água natural de até 10 metros;Analisado, aguardando atendimento a notificação;PE;0,0775
PA-1507300-D168F92E844D414AB1A9E796219267CE;PA;São Félix do Xingu;Curso d'água natural de até 10 metros;Analisado, aguardando atendimento a notificação;PE;0,2573
PA-1507300-D1F7D5D1ED264FE28CEF12CFEE2F5C4F;PA;São Félix do Xingu;Curso d'água natural de até 10 metros;Analisado, aguardando atendimento a notificação;PE;0,3365
PA-1507300-D2059DAFD0EC4EECB6D6A064A61A48FD;PA;São Félix do Xingu;Curso d'água natural de até 10 metros;Analisado, aguardando atendimento a notificação;PE;7,2814
PA-1507300-D2201DF4073644BFB8387F8EEF348B92;PA;São Félix do Xingu;Curso d'água natural de até 10 metros;Analisado, aguardando atendimento a notificação;PE;2,5547
PA-1507300-D3113D5B9AB94BC99AF5AB33112C4F60;PA;São Félix do Xingu;Curso d'água natural de até 10 metros;Analisado, aguardando atendimento a notificação;PE;1,7520
PA-1507300-D3244A1779E74423B3A49F02BBD72D56;PA;São Félix do Xingu;Curso d'água natural de até 10 metros;Analisado, aguardando atendimento a notificação;PE;0,1160
PA-1507300-D3294BC2620A42A788D6270884EC0EC2;PA;São Félix do Xingu;Curso d'água natural de até 10 metros;Aguardando análise;AT;0,1964
PA-1507300-D38454F489B5481899D913A3599C18C3;PA;São Félix do Xingu;Curso d'água natural de até 10 metros;Analisado, aguardando atendimento a notificação;PE;1,5749
PA-1507300-D3C8F5E99569442FA6725C1DF99904EF;PA;São Félix do Xingu;Curso d'água natural de até 10 metros;Analisado, aguardando atendimento a notificação;PE;1,1030
PA-1507300-D3E056C2D12043329E214833B701D28E;PA;São Félix do Xingu;Curso d'água natural de até 10 metros;Analisado, aguardando atendimento a notificação;AT;1,7402
PA-1507300-D4022A5143B54F529B4BAE4E358F2C05;PA;São Félix do Xingu;Curso d'água natural de até 10 metros;Aguardando análise;PE;0,1790
PA-1507300-D4221EB8BE364B73886AE4E2F3118066;PA;São Félix do Xingu;Curso d'água natural de até 10 metros;Analisado, aguardando atendimento a notificação;PE;2,3980
PA-1507300-D454CA44DDF149B6A80A9EBF54D22FAF;PA;São Félix do Xingu;Curso d'água natural de até 10 metros;Em análise;SU;21,9622
PA-1507300-D481112851E54934AB47633B1251502F;PA;São Félix do Xingu;Curso d'água natural de até 10 metros;Analisado, aguardando atendimento a notificação;AT;0,9093
PA-1507300-D55B1F967A6A4F4488AAEECF8A324471;PA;São Félix do Xingu;Curso d'água natural de até 10 metros;Analisado, aguardando atendimento a notificação;PE;0,3662
PA-1507300-D5C5371D24ED4CB091CDF128EEEED24A;PA;São Félix do Xingu;Curso d'água natural de até 10 metros;Analisado, aguardando atendimento a notificação;PE;0,5940
PA-1507300-D60137A2B9024896ABA033E4F7D7464E;PA;São Félix do Xingu;Curso d'água natural de até 10 metros;Analisado, aguardando atendimento a notificação;PE;0,6776
PA-1507300-D62D129A95A84786A049AD3F626AC305;PA;São Félix do Xingu;Curso d'água natural de até 10 metros;Analisado, aguardando atendimento a notificação;PE;0,3232
PA-1507300-D66443526A4A4CD6800BE86F44DD9898;PA;São Félix do Xingu;Curso d'água natural de até 10 metros;Analisado, aguardando atendimento a notificação;PE;1,2830
PA-1507300-D68EABAD1C4F447EA22B12252033A97B;PA;São Félix do Xingu;Curso d'água natural de até 10 metros;Analisado, aguardando atendimento a notificação;PE;0,5893
PA-1507300-D80773DB607C440B91275398B13F0B22;PA;São Félix do Xingu;Curso d'água natural de até 10 metros;Analisado, aguardando atendimento a notificação;PE;1,6547
PA-1507300-D89F9FC878F64E9F88A9576DAF656BD5;PA;São Félix do Xingu;Curso d'água natural de até 10 metros;Aguardando análise;AT;89,8728
PA-1507300-D8A1833C4A3F405F80C6B70FE6AC1E3C;PA;São Félix do Xingu;Curso d'água natural de até 10 metros;Analisado, aguardando atendimento a notificação;PE;2,4541
PA-1507300-D8CDB6DF0D794455B7BFCBF42191CCCA;PA;São Félix do Xingu;Curso d'água natural de até 10 metros;Analisado, aguardando atendimento a notificação;PE;0,5192
PA-1507300-DABE46B5538C40DCAF4B82AFFE1B9308;PA;São Félix do Xingu;Curso d'água natural de até 10 metros;Analisado, aguardando atendimento a notificação;AT;0,2606
PA-1507300-DB28ADF5044A4FBCA48945444A89832D;PA;São Félix do Xingu;Curso d'água natural de até 10 metros;Analisado, aguardando atendimento a notificação;PE;0,6275
PA-1507300-DB6284E41A074EB9A38D9E0C4F0852C9;PA;São Félix do Xingu;Curso d'água natural de até 10 metros;Analisado, aguardando atendimento a notificação;AT;12,2441
PA-1507300-DBCFAA2D3A3646F09B65FCBE7B8964B1;PA;São Félix do Xingu;Curso d'água natural de até 10 metros;Analisado, aguardando atendimento a notificação;AT;1,7196
PA-1507300-DC40A68F81A643EFBF01981077830B1D;PA;São Félix do Xingu;Curso d'água natural de até 10 metros;Analisado, aguardando atendimento a notificação;PE;3,7156
PA-1507300-DC711A5EF4054BA98EB6583A7DEE9EE4;PA;São Félix do Xingu;Curso d'água natural de até 10 metros;Analisado, aguardando atendimento a notificação;AT;0,8585
PA-1507300-DCA4F5DF676445939BB49895C8892D66;PA;São Félix do Xingu;Curso d'água natural de até 10 metros;Analisado, aguardando atendimento a notificação;PE;0,9922
PA-1507300-DCBB1B621B9F4C02A4A14086D188BA12;PA;São Félix do Xingu;Curso d'água natural de até 10 metros;Analisado, aguardando atendimento a notificação;PE;0,5724
PA-1507300-DD8A9A5FEB3B44489578596DE3EFE58F;PA;São Félix do Xingu;Curso d'água natural de até 10 metros;Analisado, aguardando atendimento a notificação;PE;0,0994
PA-1507300-DDC1B4695D8A457B8B4862E544FF4B04;PA;São Félix do Xingu;Curso d'água natural de até 10 metros;Analisado, aguardando atendimento a notificação;PE;1,3522
PA-1507300-DE16B9DCFBD54E9FB817FC6A98281760;PA;São Félix do Xingu;Curso d'água natural de até 10 metros;Analisado, aguardando atendimento a notificação;PE;7,3979
PA-1507300-DE2E4CBE0F744A3AAE9DBBB46BC6493B;PA;São Félix do Xingu;Curso d'água natural de até 10 metros;Analisado, aguardando atendimento a notificação;PE;1,8544
PA-1507300-DE6F4D6390064BF89EA21B8AE36BC860;PA;São Félix do Xingu;Curso d'água natural de até 10 metros;Aguardando análise;PE;0,5312
PA-1507300-DF5D0C6C51FD49C4BEA86265015C046E;PA;São Félix do Xingu;Curso d'água natural de até 10 metros;Analisado, aguardando atendimento a notificação;AT;48,3824
PA-1507300-DF671498BF7148778DC11C1072E6B2B2;PA;São Félix do Xingu;Curso d'água natural de até 10 metros;Analisado, aguardando atendimento a notificação;PE;0,3139
PA-1507300-E013B6AE583942239AF1D1A46D35DC00;PA;São Félix do Xingu;Curso d'água natural de até 10 metros;Analisado, aguardando atendimento a notificação;PE;0,0818
PA-1507300-E08F99C83AC84236BD5086ED92915307;PA;São Félix do Xingu;Curso d'água natural de até 10 metros;Analisado, aguardando atendimento a notificação;PE;7,7583
PA-1507300-E0EB1833FB2C40B78FE99C2C22C6B5CB;PA;São Félix do Xingu;Curso d'água natural de até 10 metros;Analisado, aguardando atendimento a notificação;PE;2,9061
PA-1507300-E1AA3204475A4F6198D6B5EE68D7858C;PA;São Félix do Xingu;Curso d'água natural de até 10 metros;Analisado, aguardando atendimento a notificação;PE;1,4829
PA-1507300-E2949759C7C24E1DBECC69E50F17CA25;PA;São Félix do Xingu;Curso d'água natural de até 10 metros;Analisado, aguardando atendimento a notificação;PE;0,9820
PA-1507300-E32055921DBC46578CFF870B0036F7BC;PA;São Félix do Xingu;Curso d'água natural de até 10 metros;Analisado, aguardando atendimento a notificação;PE;12,8150
PA-1507300-E44817604871423AB2A55A51D7D7D103;PA;São Félix do Xingu;Curso d'água natural de até 10 metros;Analisado, aguardando atendimento a notificação;PE;11,4672
PA-1507300-E459BA57463D456ABBE886D3AFB4A62F;PA;São Félix do Xingu;Curso d'água natural de até 10 metros;Analisado, aguardando atendimento a notificação;SU;9,6238
PA-1507300-E4A84827880D4BCC896CE7A5C65862FC;PA;São Félix do Xingu;Curso d'água natural de até 10 metros;Analisado, aguardando atendimento a notificação;PE;1,3439
PA-1507300-E5266B38ECD74B538945DE48A8F62622;PA;São Félix do Xingu;Curso d'água natural de até 10 metros;Analisado, aguardando atendimento a notificação;AT;0,1657
PA-1507300-E53C218696E64E1BA5C0810B3260FAE8;PA;São Félix do Xingu;Curso d'água natural de até 10 metros;Analisado, aguardando atendimento a notificação;PE;0,0833
PA-1507300-E56106369C4C40EFACA1DF216693CBB9;PA;São Félix do Xingu;Curso d'água natural de até 10 metros;Analisado, aguardando atendimento a notificação;AT;1,4070
PA-1507300-E5D9AB8CAB0E4459AC0A86B9A084FB5C;PA;São Félix do Xingu;Curso d'água natural de até 10 metros;Analisado, aguardando atendimento a notificação;AT;0,1609
PA-1507300-E62E7990AA7F4CD49C311E284E458C47;PA;São Félix do Xingu;Curso d'água natural de até 10 metros;Analisado, aguardando atendimento a notificação;PE;1,2886
PA-1507300-E647946B9D884602B6C41B7418FF1B86;PA;São Félix do Xingu;Curso d'água natural de até 10 metros;Analisado, aguardando atendimento a notificação;PE;0,5901
PA-1507300-E648AB1207274F4DBB88693341840361;PA;São Félix do Xingu;Curso d'água natural de até 10 metros;Analisado, aguardando atendimento a notificação;AT;0,0436
PA-1507300-E6EF13E6731C4F3DB5385BA2D9AFA527;PA;São Félix do Xingu;Curso d'água natural de até 10 metros;Analisado, aguardando atendimento a notificação;PE;6,4023
PA-1507300-E7164FEF2AAA45818899B666D9F5C2C5;PA;São Félix do Xingu;Curso d'água natural de até 10 metros;Analisado, aguardando atendimento a notificação;PE;0,4153
PA-1507300-E75DA040811F4535A93CA972CDEA8601;PA;São Félix do Xingu;Curso d'água natural de até 10 metros;Analisado, aguardando atendimento a notificação;PE;0,7766
PA-1507300-E7F48EC9BF9A4EA390CCFD4E4379FCB7;PA;São Félix do Xingu;Curso d'água natural de até 10 metros;Analisado, aguardando atendimento a notificação;AT;1,1092
PA-1507300-E976E62301214547BF22BF1EE8EE1F6E;PA;São Félix do Xingu;Curso d'água natural de até 10 metros;Analisado, aguardando atendimento a notificação;PE;3,3206
PA-1507300-E9EAF983973D42CAB3D2D32BBE878955;PA;São Félix do Xingu;Curso d'água natural de até 10 metros;Analisado, aguardando atendimento a notificação;PE;3,3648
PA-1507300-EA53D4C97D554E1DAB1A26A44843D913;PA;São Félix do Xingu;Curso d'água natural de até 10 metros;Aguardando análise;AT;67,3089
PA-1507300-EACB8DD8F20A4BEEBCBB45F44EE93304;PA;São Félix do Xingu;Curso d'água natural de até 10 metros;Analisado, aguardando atendimento a notificação;PE;0,1640
PA-1507300-EB1B1A650CB547FF9788A1359D8E3A7F;PA;São Félix do Xingu;Curso d'água natural de até 10 metros;Aguardando análise;AT;0,3664
PA-1507300-EB2FD17C16F04505870FF087DE6094F4;PA;São Félix do Xingu;Curso d'água natural de até 10 metros;Analisado, aguardando atendimento a notificação;PE;0,6039
PA-1507300-EBA602FD2E19471C82B595ED82D094E0;PA;São Félix do Xingu;Curso d'água natural de até 10 metros;Analisado, aguardando atendimento a notificação;PE;0,9183
PA-1507300-EBA9C7FDCA494948A0262A7D31DBD674;PA;São Félix do Xingu;Curso d'água natural de até 10 metros;Analisado, aguardando atendimento a notificação;PE;0,4266
PA-1507300-EBA9CC26B6CE45F9B3405B9374D1C704;PA;São Félix do Xingu;Curso d'água natural de até 10 metros;Analisado, aguardando atendimento a notificação;PE;0,7216
PA-1507300-EC324AC3609F44898CBE22732871457A;PA;São Félix do Xingu;Curso d'água natural de até 10 metros;Aguardando análise;AT;112,9003
PA-1507300-EC52CD2EE0AD40B4ABB07F633C60A1DC;PA;São Félix do Xingu;Curso d'água natural de até 10 metros;Analisado, aguardando atendimento a notificação;PE;1,1447
PA-1507300-ED25868BF6C541C6BC10D8935E4BBB26;PA;São Félix do Xingu;Curso d'água natural de até 10 metros;Analisado, aguardando atendimento a notificação;PE;0,4559
PA-1507300-EDD15FF1362C44C8AA1C48561F731FE8;PA;São Félix do Xingu;Curso d'água natural de até 10 metros;Aguardando análise;AT;42,5092
PA-1507300-EDF9E20C453047CA99C32DC0EBDFA505;PA;São Félix do Xingu;Curso d'água natural de até 10 metros;Analisado, aguardando atendimento a notificação;PE;1,3824
PA-1507300-EE935534573A49539DA6EBFD6862B727;PA;São Félix do Xingu;Curso d'água natural de até 10 metros;Analisado, aguardando atendimento a notificação;PE;1,7181
PA-1507300-EF6E8EA1EADD428B841C8B39430970FA;PA;São Félix do Xingu;Curso d'água natural de até 10 metros;Analisado, aguardando atendimento a notificação;PE;3,2420
PA-1507300-EFC8E52B0D704D18862A402A3EE15CC7;PA;São Félix do Xingu;Curso d'água natural de até 10 metros;Analisado, aguardando atendimento a notificação;PE;0,9084
PA-1507300-F071A549C74A4C5AAC826FAB2C280EFF;PA;São Félix do Xingu;Curso d'água natural de até 10 metros;Analisado, aguardando atendimento a notificação;PE;0,8640
PA-1507300-F0B29174E71449FBAE855084C9CBE3D1;PA;São Félix do Xingu;Curso d'água natural de até 10 metros;Analisado, aguardando atendimento a notificação;PE;6,8726
PA-1507300-F190C827E1A44B00BEAF29ACBCBB65D4;PA;São Félix do Xingu;Curso d'água natural de até 10 metros;Analisado, aguardando atendimento a notificação;PE;3,8670
PA-1507300-F2483732060D4D1FA0290A558E19AC7F;PA;São Félix do Xingu;Curso d'água natural de até 10 metros;Analisado, aguardando atendimento a notificação;PE;0,1807
PA-1507300-F25A492F46AD4CD982364AC5B19605EF;PA;São Félix do Xingu;Curso d'água natural de até 10 metros;Analisado, aguardando atendimento a notificação;PE;0,0368
PA-1507300-F2CAE3ABBD3C42D0B58DD982A95DE247;PA;São Félix do Xingu;Curso d'água natural de até 10 metros;Analisado sem pendências;AT;4,1379
PA-1507300-F36DBF7D76C345608AC5F00CD38C9CE2;PA;São Félix do Xingu;Curso d'água natural de até 10 metros;Analisado, aguardando atendimento a notificação;PE;0,8138
PA-1507300-F3CFDD9A24B040CF9E97A736FEEA15BB;PA;São Félix do Xingu;Curso d'água natural de até 10 metros;Analisado, aguardando atendimento a notificação;PE;0,5049
PA-1507300-F414DC3DA47944FF8C8801FAE382A221;PA;São Félix do Xingu;Curso d'água natural de até 10 metros;Analisado, aguardando atendimento a notificação;PE;0,1273
PA-1507300-F441B535F2F244BABFFA569D74BF39D5;PA;São Félix do Xingu;Curso d'água natural de até 10 metros;Analisado, aguardando atendimento a notificação;PE;2,6053
PA-1507300-F4CD2E2C4C42402E93B3E775BDB5F390;PA;São Félix do Xingu;Curso d'água natural de até 10 metros;Analisado, aguardando atendimento a notificação;PE;0,2761
PA-1507300-F4F9695A4E97485EB77F055EF42302CB;PA;São Félix do Xingu;Curso d'água natural de até 10 metros;Analisado, aguardando atendimento a notificação;PE;0,2945
PA-1507300-F58F2425E9114DB989810633149CF08B;PA;São Félix do Xingu;Curso d'água natural de até 10 metros;Analisado, aguardando atendimento a notificação;PE;0,0899
PA-1507300-F5B25C24C7D243A08471B3BAACB6A48A;PA;São Félix do Xingu;Curso d'água natural de até 10 metros;Analisado, aguardando atendimento a notificação;AT;8,1618
PA-1507300-F5D38C5C09664F62BAE330DA0A622C78;PA;São Félix do Xingu;Curso d'água natural de até 10 metros;Analisado, aguardando atendimento a notificação;PE;1,1647
PA-1507300-F6091B9D889045C1AEAE8F7C58A6C5CB;PA;São Félix do Xingu;Curso d'água natural de até 10 metros;Analisado, aguardando atendimento a notificação;PE;0,1071
PA-1507300-F6ADCCBCB82A4C4EA21B1E8972D58CF2;PA;São Félix do Xingu;Curso d'água natural de até 10 metros;Analisado, aguardando atendimento a notificação;PE;0,7604
PA-1507300-F6B41876A3824EDFB6E7A2F04F1002D8;PA;São Félix do Xingu;Curso d'água natural de até 10 metros;Analisado, aguardando atendimento a notificação;PE;0,3873
PA-1507300-F70DD7E2079C4EEA9A78A37EEEB5AF49;PA;São Félix do Xingu;Curso d'água natural de até 10 metros;Analisado, aguardando atendimento a notificação;PE;18,6918
PA-1507300-F71D5C62BA2D4C17822C4D41EB72605D;PA;São Félix do Xingu;Curso d'água natural de até 10 metros;Analisado, aguardando atendimento a notificação;SU;2,0379
PA-1507300-F74AF0133F7940168BEE40C95FA27C9C;PA;São Félix do Xingu;Curso d'água natural de até 10 metros;Analisado, aguardando atendimento a notificação;PE;1,0992
PA-1507300-F7C9CFD466854697B9E175F1C193EF67;PA;São Félix do Xingu;Curso d'água natural de até 10 metros;Analisado, aguardando atendimento a notificação;PE;0,2053
PA-1507300-FA86139D7D63487EB74BF8259CC1119C;PA;São Félix do Xingu;Curso d'água natural de até 10 metros;Analisado, aguardando atendimento a notificação;PE;1,7874
PA-1507300-FAD428ED19274813BDAF2424FC73D600;PA;São Félix do Xingu;Curso d'água natural de até 10 metros;Analisado, aguardando atendimento a notificação;AT;5,5269
PA-1507300-FB17C7F060D24CD3A35AA2808CE04BE1;PA;São Félix do Xingu;Curso d'água natural de até 10 metros;Analisado, aguardando atendimento a notificação;PE;28,6779
PA-1507300-FB17E817378949B188A095364DEE682E;PA;São Félix do Xingu;Curso d'água natural de até 10 metros;Analisado, aguardando atendimento a notificação;PE;6,3634
PA-1507300-FB2CB1052BD8464F9ADE044298B7CC57;PA;São Félix do Xingu;Curso d'água natural de até 10 metros;Analisado, aguardando atendimento a notificação;PE;0,3855
PA-1507300-FB62DC9F82FB4E3E8AB8BCD9D0C1BDFC;PA;São Félix do Xingu;Curso d'água natural de até 10 metros;Analisado, aguardando atendimento a notificação;PE;1,4760
PA-1507300-FB800D4E30C84637BF6694EFD86DF185;PA;São Félix do Xingu;Curso d'água natural de até 10 metros;Analisado, aguardando atendimento a notificação;PE;3,1591
PA-1507300-FB88AE13F2704973B406A0A3E07FBA64;PA;São Félix do Xingu;Curso d'água natural de até 10 metros;Analisado, aguardando atendimento a notificação;PE;4,3551
PA-1507300-FB9CD79C124C4F2A99CC0E0367676796;PA;São Félix do Xingu;Curso d'água natural de até 10 metros;Analisado, aguardando atendimento a notificação;PE;0,4077
PA-1507300-FBC979D6A0C34F89B1710AE42BFC2563;PA;São Félix do Xingu;Curso d'água natural de até 10 metros;Analisado, aguardando atendimento a notificação;PE;4,5180
PA-1507300-FC25E4343CC04A5680523DE62E8AA522;PA;São Félix do Xingu;Curso d'água natural de até 10 metros;Analisado, aguardando atendimento a notificação;SU;0,8720
PA-1507300-FC450F22895244FDB0C04D049E2D48E3;PA;São Félix do Xingu;Curso d'água natural de até 10 metros;Analisado, aguardando atendimento a notificação;PE;0,9793
PA-1507300-FCA7431CA7E844438E19F11F0EF0DD5A;PA;São Félix do Xingu;Curso d'água natural de até 10 metros;Analisado, aguardando atendimento a notificação;PE;0,3615
PA-1507300-FD331AA50D8A4A6AB0557CF905665E41;PA;São Félix do Xingu;Curso d'água natural de até 10 metros;Analisado, aguardando atendimento a notificação;PE;5,4860
PA-1507300-FD55DCDFC1C54D4F9A78B92D943100CE;PA;São Félix do Xingu;Curso d'água natural de até 10 metros;Analisado, aguardando atendimento a notificação;PE;6,3032
PA-1507300-FD9C2163684B4064A959DABA7B2B3D39;PA;São Félix do Xingu;Curso d'água natural de até 10 metros;Analisado, aguardando atendimento a notificação;PE;0,4190
PA-1507300-FE7808B456114BA8B04FDA19EAAE6F69;PA;São Félix do Xingu;Curso d'água natural de até 10 metros;Analisado, aguardando atendimento a notificação;PE;0,6504
PA-1507300-FE8044D8F3F6421EBDDE3827A7BF7C36;PA;São Félix do Xingu;Curso d'água natural de até 10 metros;Analisado, aguardando atendimento a notificação;AT;0,1681
PA-1507300-FEFF16B35B034024A183306F0B43A8D5;PA;São Félix do Xingu;Curso d'água natural de até 10 metros;Analisado, aguardando atendimento a notificação;PE;1,5965
PA-1507300-FFCA2BB3EC354313AAB70C1EF237BAE4;PA;São Félix do Xingu;Curso d'água natural de até 10 metros;Analisado, aguardando atendimento a notificação;PE;0,6304
PA-1507300-FFCC5E642DD94CC9817BE42C5119B099;PA;São Félix do Xingu;Curso d'água natural de até 10 metros;Analisado, aguardando atendimento a notificação;PE;1,0595
PA-1507300-FFD665C29BF34D97A65446A36912C78E;PA;São Félix do Xingu;Curso d'água natural de até 10 metros;Analisado, aguardando atendimento a notificação;PE;0,3943
PA-1507300-164FDD8B50F14B4EBCE1762F7C97AE55;PA;São Félix do Xingu;Curso d'água natural de 10 a 50 metros;Analisado, aguardando atendimento a notificação;PE;6,7007
PA-1507300-1BF140B61076424EBCC6FC49680699D2;PA;São Félix do Xingu;Curso d'água natural de 10 a 50 metros;Aguardando análise;AT;15,6632
PA-1507300-36316021A48642749468EE2D5B32CEAA;PA;São Félix do Xingu;Curso d'água natural de 10 a 50 metros;Aguardando análise;AT;114,0171
PA-1507300-512D2C52938D4059A113AD5830C11094;PA;São Félix do Xingu;Curso d'água natural de 10 a 50 metros;Analisado, aguardando atendimento a notificação;PE;2,2431
PA-1507300-54B590528EF5430D83D6C30BDBAE4E54;PA;São Félix do Xingu;Curso d'água natural de 10 a 50 metros;Analisado, aguardando atendimento a notificação;PE;2,3657
PA-1507300-6AAAA1254BD24809AC0CD4DB491EEDB7;PA;São Félix do Xingu;Curso d'água natural de 10 a 50 metros;Aguardando análise;AT;21,0472
PA-1507300-76D5C301A2AE4348844A66C1805C75F8;PA;São Félix do Xingu;Curso d'água natural de 10 a 50 metros;Analisado, aguardando atendimento a notificação;PE;5,1915
PA-1507300-8AA6EAEC1ECB4E63B2186E7478EB557E;PA;São Félix do Xingu;Curso d'água natural de 10 a 50 metros;Analisado, aguardando atendimento a notificação;PE;0,3632
PA-1507300-8EB910019D964C388C48A838A15491E1;PA;São Félix do Xingu;Curso d'água natural de 10 a 50 metros;Analisado, aguardando atendimento a notificação;PE;13,8203
PA-1507300-95B81DC149BF41CDB277D2977D4C04C0;PA;São Félix do Xingu;Curso d'água natural de 10 a 50 metros;Aguardando análise;PE;28,3733
PA-1507300-A483D85A7F26430EBE51E938E9803E0C;PA;São Félix do Xingu;Curso d'água natural de 10 a 50 metros;Analisado, aguardando atendimento a notificação;AT;2,4734
PA-1507300-A483D85A7F26430EBE51E938E9803E0C;PA;São Félix do Xingu;Curso d'água natural de 10 a 50 metros;Analisado, aguardando atendimento a notificação;AT;142,4882
PA-1507300-A8CA1318E79442C1A0F15CF4665FA89A;PA;São Félix do Xingu;Curso d'água natural de 10 a 50 metros;Analisado, aguardando atendimento a notificação;PE;9,5684
PA-1507300-B7F8E56095454AD7844342130E310469;PA;São Félix do Xingu;Curso d'água natural de 10 a 50 metros;Analisado, aguardando atendimento a notificação;SU;23,0136
PA-1507300-BC2FA0670FBD4BEA8A8686213B404B51;PA;São Félix do Xingu;Curso d'água natural de 10 a 50 metros;Analisado, aguardando atendimento a notificação;PE;11,1123
PA-1507300-BEE72C9FED8B44A28B20837465869BC8;PA;São Félix do Xingu;Curso d'água natural de 10 a 50 metros;Analisado, aguardando atendimento a notificação;AT;7,6991
PA-1507300-C98993A2744F4513AFA9B4FCA6AB3422;PA;São Félix do Xingu;Curso d'água natural de 10 a 50 metros;Analisado, aguardando atendimento a notificação;PE;5,4739
PA-1507300-CA4699E662944FA3960B1EDA126050AB;PA;São Félix do Xingu;Curso d'água natural de 10 a 50 metros;Analisado, aguardando atendimento a notificação;PE;4,3773
PA-1507300-D1F54EED3F04413894A83D23D68339E1;PA;São Félix do Xingu;Curso d'água natural de 10 a 50 metros;Analisado, aguardando atendimento a notificação;PE;0,7062
PA-1507300-DEC25950DC7840929680B4DA8338CA60;PA;São Félix do Xingu;Curso d'água natural de 10 a 50 metros;Analisado, aguardando atendimento a notificação;PE;3,0472
PA-1507300-E1AA3204475A4F6198D6B5EE68D7858C;PA;São Félix do Xingu;Curso d'água natural de 10 a 50 metros;Analisado, aguardando atendimento a notificação;PE;2,0449
PA-1507300-F25A492F46AD4CD982364AC5B19605EF;PA;São Félix do Xingu;Curso d'água natural de 10 a 50 metros;Analisado, aguardando atendimento a notificação;PE;0,3252
PA-1507300-6EA617B80ADF4546B425CF5BE6D7546B;PA;São Félix do Xingu;Curso d'água natural de 50 a 200 metros;Analisado, aguardando atendimento a notificação;PE;13,6699
PA-1507300-6AF63A086E224BEBBD51C227AB179268;PA;São Félix do Xingu;Curso d'água natural de 50 a 200 metros;Analisado, aguardando atendimento a notificação;PE;0,1268
PA-1507300-90822F9291F5437BA5C7F82AFB919696;PA;São Félix do Xingu;Curso d'água natural de 50 a 200 metros;Analisado, aguardando atendimento a notificação;PE;0,0007
PA-1507300-D791441EDF40494A909688F9BD9BB304;PA;São Félix do Xingu;Curso d'água natural de 50 a 200 metros;Analisado, aguardando atendimento a notificação;PE;0,8824
PA-1507300-D86D793B034043948C0A1EE63102A39F;PA;São Félix do Xingu;Curso d'água natural de 50 a 200 metros;Analisado, aguardando atendimento a notificação;PE;0,0829
PA-1507300-D86D793B034043948C0A1EE63102A39F;PA;São Félix do Xingu;Curso d'água natural de 50 a 200 metros;Analisado, aguardando atendimento a notificação;PE;0,3506
PA-1507300-DE00B0DF39CC443E90F576918BAD73A1;PA;São Félix do Xingu;Curso d'água natural de 50 a 200 metros;Analisado, aguardando atendimento a notificação;PE;0,3776
PA-1507300-9C55C0D887B444CB92AA881DF351E4A7;PA;São Félix do Xingu;Curso d'água natural de 50 a 200 metros;Analisado sem pendências;AT;12,3588
PA-1507300-E74035F43195446786AFB7A0CBEBEB6F;PA;São Félix do Xingu;Curso d'água natural de 50 a 200 metros;Analisado, aguardando atendimento a notificação;PE;0,6873
PA-1507300-AE0E083471A3499A8971899ACE1B3980;PA;São Félix do Xingu;Curso d'água natural de 50 a 200 metros;Analisado, aguardando atendimento a notificação;PE;6,4217
PA-1507300-7E470608F718467387EFC78C4036AE7A;PA;São Félix do Xingu;Curso d'água natural de 50 a 200 metros;Analisado, aguardando atendimento a notificação;PE;0,7154
PA-1507300-8ADC46CDD29345AB8E608F55466EB94D;PA;São Félix do Xingu;Curso d'água natural de 50 a 200 metros;Aguardando análise;AT;61,8813
PA-1507300-31BD9B3E503441E9B8C7BAEC9B16BDE5;PA;São Félix do Xingu;Curso d'água natural de 50 a 200 metros;Analisado, aguardando atendimento a notificação;PE;26,1570
PA-1507300-A4A943317F274B109B636D86AD69F76E;PA;São Félix do Xingu;Curso d'água natural de 50 a 200 metros;Analisado, aguardando atendimento a notificação;PE;0,1759
PA-1507300-6E5543C6CF844859BA87AE843197C1A3;PA;São Félix do Xingu;Curso d'água natural de 50 a 200 metros;Analisado, aguardando atendimento a notificação;PE;0,4239
PA-1507300-7FD055D9186F4ABA987F92722D11CBFA;PA;São Félix do Xingu;Curso d'água natural de 50 a 200 metros;Analisado, aguardando atendimento a notificação;PE;10,2018
PA-1507300-1157D365B9A44B1BAA699D5A8040574A;PA;São Félix do Xingu;Curso d'água natural de 50 a 200 metros;Analisado, aguardando atendimento a notificação;PE;0,9323
PA-1507300-AC73BC695AF84F1A89D51120DAB12D93;PA;São Félix do Xingu;Curso d'água natural de 50 a 200 metros;Analisado, aguardando atendimento a notificação;PE;0,3429
PA-1507300-E1BB6C74DDB140D59556B67D4991ED62;PA;São Félix do Xingu;Curso d'água natural de 50 a 200 metros;Analisado, aguardando atendimento a notificação;PE;0,1595
PA-1507300-D995A2E3621641A58F59FD6D375C20C9;PA;São Félix do Xingu;Curso d'água natural de 50 a 200 metros;Analisado, aguardando atendimento a notificação;PE;13,8496
PA-1507300-8775D7D1642649D3B703E7B4FA744577;PA;São Félix do Xingu;Curso d'água natural de 50 a 200 metros;Analisado, aguardando atendimento a notificação;AT;1,8003
PA-1507300-A7430C1B4BC54647BE397BD65F25D96D;PA;São Félix do Xingu;Curso d'água natural de 50 a 200 metros;Analisado, aguardando atendimento a notificação;AT;352,3758
PA-1507300-14ADABE567BD4E4799A537213A3527C5;PA;São Félix do Xingu;Curso d'água natural de 50 a 200 metros;Analisado, aguardando atendimento a notificação;PE;23,2338
PA-1507300-78CECDDB2BF14E6188320026A5E6BF12;PA;São Félix do Xingu;Curso d'água natural de 50 a 200 metros;Analisado, aguardando atendimento a notificação;AT;125,8612
PA-1507300-DEC25950DC7840929680B4DA8338CA60;PA;São Félix do Xingu;Curso d'água natural de 200 a 600 metros;Analisado, aguardando atendimento a notificação;PE;56,2817
PA-1507300-2EFC5F4359B94EB2822031CFCC1C65A5;PA;São Félix do Xingu;Curso d'água natural de 200 a 600 metros;Analisado, aguardando atendimento a notificação;PE;18,0169
PA-1507300-19CDB7DCEEA244C98432B2A88671CFB4;PA;São Félix do Xingu;Curso d'água natural de 200 a 600 metros;Analisado sem pendências;AT;14,0856
PA-1507300-8442DACA783044EAB710B2B3FF448E6A;PA;São Félix do Xingu;Curso d'água natural de 200 a 600 metros;Analisado sem pendências;AT;0,6005
PA-1507300-1D5E841B4D954D18811157E4B148FF69;PA;São Félix do Xingu;Curso d'água natural de 200 a 600 metros;Analisado, aguardando atendimento a notificação;PE;25,5604
PA-1507300-4378AB2157474F0E88B3B14AC237CF72;PA;São Félix do Xingu;Curso d'água natural de 200 a 600 metros;Analisado, aguardando atendimento a notificação;PE;9,5252
PA-1507300-43BF06E7984E419BA480E1C4C3B187CF;PA;São Félix do Xingu;Curso d'água natural de 200 a 600 metros;Analisado, aguardando atendimento a notificação;PE;26,6970
PA-1507300-80B7CE5E7CE94F20B601E483A6357590;PA;São Félix do Xingu;Curso d'água natural de 200 a 600 metros;Em análise;SU;133,0748
PA-1507300-1280A8AF3DA14711AF271510AF8AB41B;PA;São Félix do Xingu;Curso d'água natural de 200 a 600 metros;Analisado, aguardando atendimento a notificação;PE;15,7913
PA-1507300-470B3C84CDDC4DE89508C4F2BF8742F4;PA;São Félix do Xingu;Curso d'água natural de 200 a 600 metros;Analisado, aguardando atendimento a notificação;PE;8,0739
PA-1507300-A17FBEBC4CA142C2B3E3E8B7B7B06AEA;PA;São Félix do Xingu;Curso d'água natural de 200 a 600 metros;Analisado, aguardando atendimento a notificação;PE;6,4197
PA-1507300-4ECB322C273749F482A79D09BE7D4DFF;PA;São Félix do Xingu;Curso d'água natural de 200 a 600 metros;Analisado, aguardando atendimento a notificação;PE;8,5827
PA-1507300-8ADC46CDD29345AB8E608F55466EB94D;PA;São Félix do Xingu;Curso d'água natural de 200 a 600 metros;Aguardando análise;AT;114,2190
PA-1507300-E526DD3CEDEE4693BF29680F5D32BC5F;PA;São Félix do Xingu;Curso d'água natural acima de 600 metros;Analisado, aguardando atendimento a notificação;PE;24,9915
PA-1507300-BBCB1623272B47F6A630EED2E6D37585;PA;São Félix do Xingu;Curso d'água natural acima de 600 metros;Analisado, em conformidade com a Lei nº 12.651/2012;AT;257,9696
PA-1507300-C2078B6A6A104F5EB1438C253269A638;PA;São Félix do Xingu;Curso d'água natural acima de 600 metros;Analisado, aguardando atendimento a notificação;PE;52,8930
PA-1507300-8ADC46CDD29345AB8E608F55466EB94D;PA;São Félix do Xingu;Curso d'água natural acima de 600 metros;Aguardando análise;AT;281,3939
PA-1507300-8FD039D9E7B24DF884282EF761BCF5F7;PA;São Félix do Xingu;Curso d'água natural acima de 600 metros;Analisado, aguardando atendimento a notificação;PE;11,2726
PA-1507300-E6EF13E6731C4F3DB5385BA2D9AFA527;PA;São Félix do Xingu;Curso d'água natural acima de 600 metros;Analisado, aguardando atendimento a notificação;PE;196,6129
PA-1507300-014751A180A84D79A89FEC13D2FF2F38;PA;São Félix do Xingu;Curso d'água natural acima de 600 metros;Analisado, aguardando atendimento a notificação;PE;46,0077
PA-1507300-5D40BAB8946241AFAC316AD58DE83AAC;PA;São Félix do Xingu;Curso d'água natural acima de 600 metros;Analisado, aguardando atendimento a notificação;PE;23,6526
PA-1507300-A7430C1B4BC54647BE397BD65F25D96D;PA;São Félix do Xingu;Curso d'água natural acima de 600 metros;Analisado, aguardando atendimento a notificação;AT;3444,5974
PA-1507300-AFF22B8DD6114738A35AFF0BD1885EFE;PA;São Félix do Xingu;Curso d'água natural acima de 600 metros;Aguardando análise;AT;264,6884
PA-1507300-0F671843BC3E420C8B2C5ACDF78EE59C;PA;São Félix do Xingu;Lago ou lagoa natural;Analisado, aguardando atendimento a notificação;PE;8,3915
PA-1507300-1624F4C2B14B4F968B801CE148734D68;PA;São Félix do Xingu;Lago ou lagoa natural;Analisado, aguardando atendimento a notificação;PE;1,3792
PA-1507300-1D1D7D44E77E438ABB8DE6EA5D1BC47E;PA;São Félix do Xingu;Lago ou lagoa natural;Analisado, aguardando atendimento a notificação;PE;10,2256
PA-1507300-246BEA5FFE934469B6543A44FD131C79;PA;São Félix do Xingu;Lago ou lagoa natural;Analisado, aguardando atendimento a notificação;PE;1,6224
PA-1507300-2EE2489D30F74C49B0594F5841ECD671;PA;São Félix do Xingu;Lago ou lagoa natural;Analisado, aguardando atendimento a notificação;PE;11,9146
PA-1507300-5A99E00FF8D241B0833D431B49953578;PA;São Félix do Xingu;Lago ou lagoa natural;Analisado, aguardando atendimento a notificação;PE;0,3594
PA-1507300-76D5C301A2AE4348844A66C1805C75F8;PA;São Félix do Xingu;Lago ou lagoa natural;Analisado, aguardando atendimento a notificação;PE;0,8185
PA-1507300-91AA40C10B424BBEB96E7A0126D99B39;PA;São Félix do Xingu;Lago ou lagoa natural;Analisado, aguardando atendimento a notificação;PE;0,2891
PA-1507300-9862FCF14B8A460191E7B923EA98991A;PA;São Félix do Xingu;Lago ou lagoa natural;Analisado, aguardando atendimento a notificação;PE;0,3956
PA-1507300-C62C3AD384D34D58841685BD3CA53F97;PA;São Félix do Xingu;Lago ou lagoa natural;Analisado, aguardando atendimento a notificação;PE;1,6215
PA-1507300-DEC25950DC7840929680B4DA8338CA60;PA;São Félix do Xingu;Lago ou lagoa natural;Analisado, aguardando atendimento a notificação;PE;0,2231
PA-1507300-DF5D0C6C51FD49C4BEA86265015C046E;PA;São Félix do Xingu;Lago ou lagoa natural;Analisado, aguardando atendimento a notificação;AT;1,1089
PA-1507300-E526DD3CEDEE4693BF29680F5D32BC5F;PA;São Félix do Xingu;Lago ou lagoa natural;Analisado, aguardando atendimento a notificação;PE;3,3631
PA-1507300-EE935534573A49539DA6EBFD6862B727;PA;São Félix do Xingu;Lago ou lagoa natural;Analisado, aguardando atendimento a notificação;PE;1,9750
PA-1507300-F81ED09AF3984EE08A84556602535C3F;PA;São Félix do Xingu;Lago ou lagoa natural;Analisado, aguardando atendimento a notificação;AT;28,6839
PA-1507300-FB62DC9F82FB4E3E8AB8BCD9D0C1BDFC;PA;São Félix do Xingu;Lago ou lagoa natural;Analisado, aguardando atendimento a notificação;PE;0,0616
PA-1507300-FD331AA50D8A4A6AB0557CF905665E41;PA;São Félix do Xingu;Lago ou lagoa natural;Analisado, aguardando atendimento a notificação;PE;0,4434
PA-1507300-0566C3689A1447EB8BAD2EAAE3EF43CB;PA;São Félix do Xingu;Reservatório artificial decorrente de barramento ou represamento de cursos d'água naturais;Analisado, aguardando atendimento a notificação;PE;0,0647
PA-1507300-20623D8F037147B89DFCC3A8DCB3BEDF;PA;São Félix do Xingu;Reservatório artificial decorrente de barramento ou represamento de cursos d'água naturais;Analisado, aguardando atendimento a notificação;PE;0,0726
PA-1507300-361836F134574E4184662EAD3E78B7EE;PA;São Félix do Xingu;Reservatório artificial decorrente de barramento ou represamento de cursos d'água naturais;Aguardando análise;AT;0,8588
PA-1507300-361836F134574E4184662EAD3E78B7EE;PA;São Félix do Xingu;Reservatório artificial decorrente de barramento ou represamento de cursos d'água naturais;Aguardando análise;AT;2,4108
PA-1507300-361836F134574E4184662EAD3E78B7EE;PA;São Félix do Xingu;Reservatório artificial decorrente de barramento ou represamento de cursos d'água naturais;Aguardando análise;AT;1,1586
PA-1507300-371058FA003D4076A3CD9FB02F528267;PA;São Félix do Xingu;Reservatório artificial decorrente de barramento ou represamento de cursos d'água naturais;Analisado, aguardando atendimento a notificação;PE;0,1526
PA-1507300-85C73A7320754EAAA71AB097059A7B8C;PA;São Félix do Xingu;Reservatório artificial decorrente de barramento ou represamento de cursos d'água naturais;Analisado, aguardando atendimento a notificação;PE;1,8495
PA-1507300-A483D85A7F26430EBE51E938E9803E0C;PA;São Félix do Xingu;Reservatório artificial decorrente de barramento ou represamento de cursos d'água naturais;Analisado, aguardando atendimento a notificação;AT;1,8114
PA-1507300-A733DF6A7A7645018623C2173611F0F5;PA;São Félix do Xingu;Reservatório artificial decorrente de barramento ou represamento de cursos d'água naturais;Analisado, aguardando atendimento a notificação;PE;0,3447
PA-1507300-FB62DC9F82FB4E3E8AB8BCD9D0C1BDFC;PA;São Félix do Xingu;Reservatório artificial decorrente de barramento ou represamento de cursos d'água naturais;Analisado, aguardando atendimento a notificação;PE;0,2447
PA-1507300-000FEEA07CDD445E90BD6945BB7FB740;PA;São Félix do Xingu;Curso d'água natural de até 10 metros;Analisado, aguardando atendimento a notificação;PE;0,4321
PA-1507300-0057EE6984A64E308F90986B7C61BF8C;PA;São Félix do Xingu;Curso d'água natural de até 10 metros;Analisado, aguardando atendimento a notificação;PE;4,0687
PA-1507300-0092C0137B3F42C1899086753D3E9EFF;PA;São Félix do Xingu;Curso d'água natural de até 10 metros;Analisado, aguardando atendimento a notificação;PE;12,0489
PA-1507300-00E3D29597DE4D9E842BC5E3BBCD467F;PA;São Félix do Xingu;Curso d'água natural de até 10 metros;Analisado, aguardando atendimento a notificação;PE;0,3171
PA-1507300-0109897281554416BB53022A382D620C;PA;São Félix do Xingu;Curso d'água natural de até 10 metros;Aguardando análise;SU;1,7624
PA-1507300-0115475E01CA482E9C064F9687E74CFC;PA;São Félix do Xingu;Curso d'água natural de até 10 metros;Analisado, aguardando atendimento a notificação;PE;0,1105
PA-1507300-01593B7E924545B48438339E6BFFCB1F;PA;São Félix do Xingu;Curso d'água natural de até 10 metros;Analisado, aguardando atendimento a notificação;PE;4,7226
PA-1507300-01600E5ECF9844FA88CDAF010A83FF16;PA;São Félix do Xingu;Curso d'água natural de até 10 metros;Analisado, aguardando atendimento a notificação;PE;0,0967
PA-1507300-01B95FF041D649E889565D8248928D87;PA;São Félix do Xingu;Curso d'água natural de até 10 metros;Analisado, aguardando atendimento a notificação;PE;0,3696
PA-1507300-01CC272958F540809F6161444387341D;PA;São Félix do Xingu;Curso d'água natural de até 10 metros;Analisado, aguardando atendimento a notificação;AT;0,1602
PA-1507300-02C2275E68EF43C883AE2010BF40D303;PA;São Félix do Xingu;Curso d'água natural de até 10 metros;Analisado, aguardando atendimento a notificação;PE;0,6345
PA-1507300-031A69F97EF742838BA6C4BDBECD7DF0;PA;São Félix do Xingu;Curso d'água natural de até 10 metros;Analisado, aguardando atendimento a notificação;PE;4,3452
PA-1507300-031CBECC787B47C78E11122440AB4FAB;PA;São Félix do Xingu;Curso d'água natural de até 10 metros;Analisado, aguardando atendimento a notificação;AT;0,9416
PA-1507300-031F3CD8C0B04E2785A6560614F2CBEA;PA;São Félix do Xingu;Curso d'água natural de até 10 metros;Analisado, aguardando atendimento a notificação;PE;0,2832
PA-1507300-032A8E74FEBB42C8AB7AD1DDBFCE95B0;PA;São Félix do Xingu;Curso d'água natural de até 10 metros;Analisado sem pendências;AT;47,3967
PA-1507300-033B00AAF034497C9F8DA332DDB951A6;PA;São Félix do Xingu;Curso d'água natural de até 10 metros;Analisado, aguardando atendimento a notificação;PE;7,7622
PA-1507300-038925138A9C40DAAA000D9AF82774D2;PA;São Félix do Xingu;Curso d'água natural de até 10 metros;Analisado, aguardando atendimento a notificação;PE;6,6305
PA-1507300-03911C05F06C4285903A5629BE6E63D9;PA;São Félix do Xingu;Curso d'água natural de até 10 metros;Analisado, aguardando atendimento a notificação;PE;0,2170
PA-1507300-03A5F436496A45B3A85CD5AACA715DF5;PA;São Félix do Xingu;Curso d'água natural de até 10 metros;Analisado, aguardando atendimento a notificação;PE;0,9145
PA-1507300-041C06D7D1D14A3CA605D52BF77EA78D;PA;São Félix do Xingu;Curso d'água natural de até 10 metros;Analisado, aguardando atendimento a notificação;PE;0,0984
PA-1507300-0448D297627E4EA79BE28F55BA55720E;PA;São Félix do Xingu;Curso d'água natural de até 10 metros;Analisado, aguardando atendimento a notificação;PE;0,1415
PA-1507300-0451918FA1C7422289D50A870C97E8E3;PA;São Félix do Xingu;Curso d'água natural de até 10 metros;Analisado, aguardando regularização ambiental (Lei nº 12.651/2012);AT;0,1503
PA-1507300-047713CD783048158DA830ACFB7FC258;PA;São Félix do Xingu;Curso d'água natural de até 10 metros;Analisado, aguardando atendimento a notificação;PE;0,3422
PA-1507300-047DD6127E8B4D7CB71B9CABA7323433;PA;São Félix do Xingu;Curso d'água natural de até 10 metros;Analisado, aguardando regularização ambiental (Lei nº 12.651/2012);PE;39,5906
PA-1507300-04E2C0AFC5C64EEF90389A1DD24435E6;PA;São Félix do Xingu;Curso d'água natural de até 10 metros;Analisado, aguardando atendimento a notificação;PE;1,6623
PA-1507300-0516DE36D6EB465D96EA39DD4DBBE9F0;PA;São Félix do Xingu;Curso d'água natural de até 10 metros;Analisado, aguardando atendimento a notificação;PE;0,4853
PA-1507300-0547F537ECE94BBB970E8C6E25EA9F25;PA;São Félix do Xingu;Curso d'água natural de até 10 metros;Analisado, aguardando atendimento a notificação;PE;0,6754
PA-1507300-05EAF969535E4F9AABE69081057D0E6B;PA;São Félix do Xingu;Curso d'água natural de até 10 metros;Analisado, aguardando atendimento a notificação;PE;0,1202
PA-1507300-062858B2CE0C495EA5BEC7310E0FAF29;PA;São Félix do Xingu;Curso d'água natural de até 10 metros;Analisado, aguardando atendimento a notificação;AT;0,5530
PA-1507300-06DCF52809574E15993F85BF67014CBB;PA;São Félix do Xingu;Curso d'água natural de até 10 metros;Analisado, aguardando atendimento a notificação;PE;0,0760
PA-1507300-06F24827BB5C4C948C8D813F970594BD;PA;São Félix do Xingu;Curso d'água natural de até 10 metros;Analisado, aguardando atendimento a notificação;PE;0,1500
PA-1507300-072B9208C0494148AFA0576E951B1773;PA;São Félix do Xingu;Curso d'água natural de até 10 metros;Aguardando análise;PE;14,9027
PA-1507300-07421CB7F6594B8C902AF344815A8F02;PA;São Félix do Xingu;Curso d'água natural de até 10 metros;Analisado, aguardando atendimento a notificação;PE;0,9499
PA-1507300-075B017C06D345E59E8CF56175701F98;PA;São Félix do Xingu;Curso d'água natural de até 10 metros;Aguardando análise;PE;2,1185
PA-1507300-077CFB437CF64FD0803C0052E1427F80;PA;São Félix do Xingu;Curso d'água natural de até 10 metros;Analisado, aguardando atendimento a notificação;AT;0,6364
PA-1507300-07D6491CEB9440DB9D02D9B39D4707C9;PA;São Félix do Xingu;Curso d'água natural de até 10 metros;Analisado, aguardando regularização ambiental (Lei nº 12.651/2012);AT;0,4398
PA-1507300-07F618A1A833458E964370D811B06EDC;PA;São Félix do Xingu;Curso d'água natural de até 10 metros;Analisado, aguardando atendimento a notificação;SU;22,1106
PA-1507300-081639A7D0C6450C87D1DADADB0E7B55;PA;São Félix do Xingu;Curso d'água natural de até 10 metros;Analisado, aguardando atendimento a notificação;PE;0,6775
PA-1507300-082522F6565B4C05A11571E5DBDE27D8;PA;São Félix do Xingu;Curso d'água natural de até 10 metros;Analisado, aguardando regularização ambiental (Lei nº 12.651/2012);AT;2,1647
PA-1507300-0870E29779BA494E8AB846968FA706F4;PA;São Félix do Xingu;Curso d'água natural de até 10 metros;Analisado, aguardando regularização ambiental (Lei nº 12.651/2012);PE;10,0798
PA-1507300-08DCC8FABBE8485ABF74C785B51B49DC;PA;São Félix do Xingu;Curso d'água natural de até 10 metros;Analisado, aguardando atendimento a notificação;PE;0,2193
PA-1507300-091B225D077149C88624E59B10C9F826;PA;São Félix do Xingu;Curso d'água natural de até 10 metros;Analisado, aguardando regularização ambiental (Lei nº 12.651/2012);AT;0,2500
PA-1507300-092D060FF2B44E95AC9DEDCDAAB5D6FF;PA;São Félix do Xingu;Curso d'água natural de até 10 metros;Analisado, aguardando regularização ambiental (Lei nº 12.651/2012);AT;5,4875
PA-1507300-09839EEBE3884020A12D49EEE599A45B;PA;São Félix do Xingu;Curso d'água natural de até 10 metros;Analisado, aguardando atendimento a notificação;AT;5,5077
PA-1507300-099956F2B9A14D18B5AFC0211D3F2814;PA;São Félix do Xingu;Curso d'água natural de até 10 metros;Analisado, aguardando regularização ambiental (Lei nº 12.651/2012);AT;1,6306
PA-1507300-09AE5FF80AD248A7990819A1F2ACCFA5;PA;São Félix do Xingu;Curso d'água natural de até 10 metros;Analisado, aguardando regularização ambiental (Lei nº 12.651/2012);PE;0,2552
PA-1507300-09B60DAB7EC54889A5D2AE28F5F6F43F;PA;São Félix do Xingu;Curso d'água natural de até 10 metros;Analisado, aguardando regularização ambiental (Lei nº 12.651/2012);AT;1,0884
PA-1507300-0A00DD03C74E49959F4E74BAE8E8248C;PA;São Félix do Xingu;Curso d'água natural de até 10 metros;Analisado, aguardando atendimento a notificação;PE;0,2351
PA-1507300-0A0AE79EA17A4B7C80F451B2BC409E5D;PA;São Félix do Xingu;Curso d'água natural de até 10 metros;Analisado, aguardando atendimento a notificação;PE;0,4326
PA-1507300-0A6C539BFF5A44A982E02436410D47B6;PA;São Félix do Xingu;Curso d'água natural de até 10 metros;Aguardando análise;PE;0,1816
PA-1507300-0AA8358E47B94EC3A61E2F84BB738BE4;PA;São Félix do Xingu;Curso d'água natural de até 10 metros;Analisado, aguardando atendimento a notificação;PE;98,3440
PA-1507300-0ABDC0FD72164FDB97F26A37036A6F48;PA;São Félix do Xingu;Curso d'água natural de até 10 metros;Aguardando análise;AT;0,7512
PA-1507300-0B35A314855A4E4DB73F22DC47895143;PA;São Félix do Xingu;Curso d'água natural de até 10 metros;Analisado, aguardando regularização ambiental (Lei nº 12.651/2012);AT;1,5744
PA-1507300-0B7F4FD6B974491AA124FDC790000316;PA;São Félix do Xingu;Curso d'água natural de até 10 metros;Analisado, aguardando atendimento a notificação;PE;22,2675
PA-1507300-0BA38978557E488C954823039A254D0C;PA;São Félix do Xingu;Curso d'água natural de até 10 metros;Analisado, aguardando atendimento a notificação;PE;0,4273
PA-1507300-0C2C3138EA79445F95F8C21F7E448941;PA;São Félix do Xingu;Curso d'água natural de até 10 metros;Analisado, aguardando atendimento a notificação;PE;0,3507
PA-1507300-0C3062EA197B449397EE9496815E91BA;PA;São Félix do Xingu;Curso d'água natural de até 10 metros;Analisado, aguardando atendimento a notificação;PE;0,0678
PA-1507300-0C38BF43B129427BAB97F561C7DD892A;PA;São Félix do Xingu;Curso d'água natural de até 10 metros;Analisado, aguardando atendimento a notificação;PE;0,7869
PA-1507300-0C81E449EAA143C78F8490AE8400E8E6;PA;São Félix do Xingu;Curso d'água natural de até 10 metros;Analisado, aguardando atendimento a notificação;PE;0,1398
PA-1507300-0C91FD985E3248E6A7576D45D1F174FB;PA;São Félix do Xingu;Curso d'água natural de até 10 metros;Analisado, aguardando atendimento a notificação;PE;1,5521
PA-1507300-0CB053298976468D8D01849F5A9E1165;PA;São Félix do Xingu;Curso d'água natural de até 10 metros;Analisado, aguardando regularização ambiental (Lei nº 12.651/2012);AT;6,3491
PA-1507300-0D1D810FE8FD477D9414821688D571B3;PA;São Félix do Xingu;Curso d'água natural de até 10 metros;Analisado, aguardando atendimento a notificação;PE;0,6508
PA-1507300-0D4DC3A4B0834720A979ADB7F50D4DFE;PA;São Félix do Xingu;Curso d'água natural de até 10 metros;Analisado sem pendências;AT;0,0260
PA-1507300-0D65C9C7D19444E0B36EF0D68A834AD4;PA;São Félix do Xingu;Curso d'água natural de até 10 metros;Analisado, aguardando atendimento a notificação;PE;0,5172
PA-1507300-0D6E74B62392498CB32D71CD9E47D5A1;PA;São Félix do Xingu;Curso d'água natural de até 10 metros;Analisado, aguardando atendimento a notificação;PE;4,2396
PA-1507300-0DF4236E99104037A97ECD1A285B6B11;PA;São Félix do Xingu;Curso d'água natural de até 10 metros;Analisado, aguardando atendimento a notificação;AT;0,6287
PA-1507300-0E35DC195DE148AC9C81B1294A6A7570;PA;São Félix do Xingu;Curso d'água natural de até 10 metros;Analisado, aguardando atendimento a notificação;PE;0,2162
PA-1507300-0E36C33A62D94DD0AD0609FDF8484912;PA;São Félix do Xingu;Curso d'água natural de até 10 metros;Analisado, aguardando atendimento a notificação;PE;13,1461
PA-1507300-0E708697FB384A73B9E932BD95BBE6EB;PA;São Félix do Xingu;Curso d'água natural de até 10 metros;Analisado, aguardando atendimento a notificação;PE;0,7240
PA-1507300-0E9E34E831B544689C74A9D73943A7F9;PA;São Félix do Xingu;Curso d'água natural de até 10 metros;Analisado, aguardando atendimento a notificação;PE;14,3210
PA-1507300-0ED88573F9944ADF8BF8F7A9B4214164;PA;São Félix do Xingu;Curso d'água natural de até 10 metros;Analisado, aguardando atendimento a notificação;PE;0,0480
PA-1507300-0F5E98B4564A4A3FBD4FAF566995244E;PA;São Félix do Xingu;Curso d'água natural de até 10 metros;Analisado, aguardando atendimento a notificação;PE;0,4563
PA-1507300-0F7F82BC20274BC2AC0E4B119E823C0C;PA;São Félix do Xingu;Curso d'água natural de até 10 metros;Analisado, aguardando atendimento a notificação;PE;0,3696
PA-1507300-0FC2A0D883464B96970B484D802955A8;PA;São Félix do Xingu;Curso d'água natural de até 10 metros;Analisado, aguardando regularização ambiental (Lei nº 12.651/2012);AT;2,7013
PA-1507300-0FE8F25772924CFCB843CC31EB783FD0;PA;São Félix do Xingu;Curso d'água natural de até 10 metros;Analisado, aguardando atendimento a notificação;PE;0,8402
PA-1507300-103FD03D48A74FAD9768E86B8DE15DC6;PA;São Félix do Xingu;Curso d'água natural de até 10 metros;Analisado sem pendências;AT;0,1519
PA-1507300-105290A8FEC54D868EBA3E6195636220;PA;São Félix do Xingu;Curso d'água natural de até 10 metros;Analisado, aguardando atendimento a notificação;AT;1,3356
PA-1507300-105A749832A943879F48CFADA1167A57;PA;São Félix do Xingu;Curso d'água natural de até 10 metros;Analisado, aguardando atendimento a notificação;PE;2,5877
PA-1507300-10C4F7EDCD024DFA9F6381616E459977;PA;São Félix do Xingu;Curso d'água natural de até 10 metros;Analisado, aguardando regularização ambiental (Lei nº 12.651/2012);AT;0,2641
PA-1507300-1195567F422B431293E5DF2D0970D229;PA;São Félix do Xingu;Curso d'água natural de até 10 metros;Aguardando análise;AT;4,3262
PA-1507300-11C24790957846399515E982D9D9B666;PA;São Félix do Xingu;Curso d'água natural de até 10 metros;Analisado, aguardando atendimento a notificação;PE;0,0724
PA-1507300-120DA9BE73BF478FBAAA77A5B02DCC35;PA;São Félix do Xingu;Curso d'água natural de até 10 metros;Analisado, aguardando atendimento a notificação;PE;0,8693
PA-1507300-122B32AA37324BF5A883C27CF87B9042;PA;São Félix do Xingu;Curso d'água natural de até 10 metros;Analisado, aguardando atendimento a notificação;PE;1,8789
PA-1507300-125CEE3182F74D21BA6AE13163AB60CC;PA;São Félix do Xingu;Curso d'água natural de até 10 metros;Analisado, aguardando atendimento a notificação;PE;0,2749
PA-1507300-130AED05424F4A70A06E13F8E41EA0EE;PA;São Félix do Xingu;Curso d'água natural de até 10 metros;Analisado sem pendências;AT;0,0248
PA-1507300-1312EE226EEF4C51917815512673F18F;PA;São Félix do Xingu;Curso d'água natural de até 10 metros;Aguardando análise;PE;2,7432
PA-1507300-13212C98D43648A8986687052E6E6CE5;PA;São Félix do Xingu;Curso d'água natural de até 10 metros;Analisado, em conformidade com a Lei nº 12.651/2012;AT;0,0985
PA-1507300-1363B3F707BA4C7683123E62234DB7D4;PA;São Félix do Xingu;Curso d'água natural de até 10 metros;Analisado, aguardando regularização ambiental (Lei nº 12.651/2012);AT;3,2929
PA-1507300-137E5E8DD6AA4C0D9BDD7499EE7AB0CA;PA;São Félix do Xingu;Curso d'água natural de até 10 metros;Analisado, aguardando atendimento a notificação;PE;0,1046
PA-1507300-139FDFABE90D4DCF849FACDC515F5164;PA;São Félix do Xingu;Curso d'água natural de até 10 metros;Analisado, aguardando atendimento a notificação;PE;1,3673
PA-1507300-13BDE35B8676430C98B81139C5E98037;PA;São Félix do Xingu;Curso d'água natural de até 10 metros;Analisado, aguardando atendimento a notificação;PE;0,4296
PA-1507300-13C7EE4FB1DB4F8E8F9CA292C2DF7615;PA;São Félix do Xingu;Curso d'água natural de até 10 metros;Analisado, aguardando atendimento a notificação;PE;1,0744
PA-1507300-13CD3C79E78D4832BC7588151F8450E7;PA;São Félix do Xingu;Curso d'água natural de até 10 metros;Analisado, aguardando regularização ambiental (Lei nº 12.651/2012);AT;0,1723
PA-1507300-1412CD4D99384D89AA2326C65150B991;PA;São Félix do Xingu;Curso d'água natural de até 10 metros;Aguardando análise;PE;19,7566
PA-1507300-141354EEC9BE4B53AA808E51E7967FDA;PA;São Félix do Xingu;Curso d'água natural de até 10 metros;Aguardando análise;PE;0,0688
PA-1507300-143869E7875447458604AD36E01DECCA;PA;São Félix do Xingu;Curso d'água natural de até 10 metros;Analisado, aguardando atendimento a notificação;PE;7,6938
PA-1507300-143CABC9623943C2A830C43BEB087DE3;PA;São Félix do Xingu;Curso d'água natural de até 10 metros;Analisado, aguardando regularização ambiental (Lei nº 12.651/2012);AT;0,0295
PA-1507300-145157D1E0BD405ABCB16A9A30FC5067;PA;São Félix do Xingu;Curso d'água natural de até 10 metros;Analisado sem pendências;AT;0,7644
PA-1507300-145D24E460834B3A89E1E8017D5463C8;PA;São Félix do Xingu;Curso d'água natural de até 10 metros;Analisado, aguardando atendimento a notificação;PE;0,3106
PA-1507300-14740AAB7BCF4E799CED5E02CB1901B8;PA;São Félix do Xingu;Curso d'água natural de até 10 metros;Analisado, aguardando atendimento a notificação;PE;0,0326
PA-1507300-149B94173C1B419BBE0B59390C82BEFA;PA;São Félix do Xingu;Curso d'água natural de até 10 metros;Analisado, aguardando regularização ambiental (Lei nº 12.651/2012);AT;0,1009
PA-1507300-14A04C0B89404E0296156539C6FBA45E;PA;São Félix do Xingu;Curso d'água natural de até 10 metros;Analisado, aguardando atendimento a notificação;PE;0,1949
PA-1507300-14F255CD334C4E869F0F827040C9F43A;PA;São Félix do Xingu;Curso d'água natural de até 10 metros;Analisado, aguardando atendimento a notificação;PE;0,8806
PA-1507300-14F41564BFF64E398DA29704ABAD7EC8;PA;São Félix do Xingu;Curso d'água natural de até 10 metros;Analisado, aguardando regularização ambiental (Lei nº 12.651/2012);AT;0,0462
PA-1507300-14FDE21D436540F09D2741508141C7BD;PA;São Félix do Xingu;Curso d'água natural de até 10 metros;Analisado, aguardando atendimento a notificação;PE;0,4447
PA-1507300-15014B19B36A4A328606BCE600121D58;PA;São Félix do Xingu;Curso d'água natural de até 10 metros;Analisado, aguardando atendimento a notificação;PE;0,5417
PA-1507300-15699D8728914DAFA6FBF3767DAAA4D8;PA;São Félix do Xingu;Curso d'água natural de até 10 metros;Aguardando análise;PE;1,0055
PA-1507300-157E90AAE03A4D9EABF056819E97B674;PA;São Félix do Xingu;Curso d'água natural de até 10 metros;Analisado, aguardando atendimento a notificação;PE;0,2476
PA-1507300-159EEC44F4DD4540AB18D34FACAE6909;PA;São Félix do Xingu;Curso d'água natural de até 10 metros;Analisado, aguardando atendimento a notificação;PE;0,2716
PA-1507300-15CD149AEBD649B4B7064C74CAE6A305;PA;São Félix do Xingu;Curso d'água natural de até 10 metros;Analisado, aguardando atendimento a notificação;AT;0,8232
PA-1507300-15D5B3E6AB6048ACB1159E64E3328000;PA;São Félix do Xingu;Curso d'água natural de até 10 metros;Analisado, aguardando atendimento a notificação;PE;0,6329
PA-1507300-15E8989558204F96968E34F45F5C2CAE;PA;São Félix do Xingu;Curso d'água natural de até 10 metros;Analisado, aguardando atendimento a notificação;AT;0,0344
PA-1507300-161984C59DAA4C16A7C128F4F7690737;PA;São Félix do Xingu;Curso d'água natural de até 10 metros;Analisado, aguardando atendimento a notificação;PE;1,4516
PA-1507300-16330369D4BA44119E9B125B46F009C5;PA;São Félix do Xingu;Curso d'água natural de até 10 metros;Analisado, aguardando regularização ambiental (Lei nº 12.651/2012);PE;0,0279
PA-1507300-164FA267C63A4515B3BCB62B0ED7547F;PA;São Félix do Xingu;Curso d'água natural de até 10 metros;Analisado, aguardando atendimento a notificação;PE;0,1423
PA-1507300-165FA9CA162F4D2E8AB6C5B487BBC4ED;PA;São Félix do Xingu;Curso d'água natural de até 10 metros;Aguardando análise;SU;0,5358
PA-1507300-167C0925939C462CB880921BD3EE489F;PA;São Félix do Xingu;Curso d'água natural de até 10 metros;Analisado, aguardando regularização ambiental (Lei nº 12.651/2012);AT;0,5142
PA-1507300-16A4874F51EC4C19B7E8025E86E24908;PA;São Félix do Xingu;Curso d'água natural de até 10 metros;Analisado, aguardando atendimento a notificação;PE;0,3419
PA-1507300-16AE36E6C0544BD4851E37E4C7B796CE;PA;São Félix do Xingu;Curso d'água natural de até 10 metros;Analisado, aguardando atendimento a notificação;PE;0,9471
PA-1507300-16AE933FFBCA471486622A7602561EC3;PA;São Félix do Xingu;Curso d'água natural de até 10 metros;Analisado, aguardando atendimento a notificação;PE;0,4078
PA-1507300-16B14DB6AF5A4892B81946C060CDB27A;PA;São Félix do Xingu;Curso d'água natural de até 10 metros;Analisado, aguardando regularização ambiental (Lei nº 12.651/2012);AT;24,8086
PA-1507300-16D577C1E15E47B38D84DA8F3B46E174;PA;São Félix do Xingu;Curso d'água natural de até 10 metros;Analisado, aguardando regularização ambiental (Lei nº 12.651/2012);AT;110,5543
PA-1507300-1783C52535AB43BB85CC962C13497B43;PA;São Félix do Xingu;Curso d'água natural de até 10 metros;Analisado, aguardando atendimento a notificação;PE;0,1781
PA-1507300-17935AA545E94C069192E5CE7B875458;PA;São Félix do Xingu;Curso d'água natural de até 10 metros;Aguardando análise;AT;1,2527
PA-1507300-17AB70E271264F779B50DD820F230975;PA;São Félix do Xingu;Curso d'água natural de até 10 metros;Analisado, aguardando regularização ambiental (Lei nº 12.651/2012);AT;3,6859
PA-1507300-17C30FA869A848BD8B7C615879BF3310;PA;São Félix do Xingu;Curso d'água natural de até 10 metros;Analisado, aguardando atendimento a notificação;PE;0,4073
PA-1507300-17F0689EDF3B47A6A2E4A11A0CE79A3F;PA;São Félix do Xingu;Curso d'água natural de até 10 metros;Analisado, aguardando atendimento a notificação;PE;0,1158
PA-1507300-18014C6365C04834BEF3E893851A92D2;PA;São Félix do Xingu;Curso d'água natural de até 10 metros;Analisado, aguardando regularização ambiental (Lei nº 12.651/2012);PE;0,1756
PA-1507300-185727BE8FF844D4A2CD2C34D282AC8E;PA;São Félix do Xingu;Curso d'água natural de até 10 metros;Analisado, aguardando atendimento a notificação;PE;0,9909
PA-1507300-18807CFFD25343C09540EA0AC630375B;PA;São Félix do Xingu;Curso d'água natural de até 10 metros;Analisado, aguardando regularização ambiental (Lei nº 12.651/2012);AT;2,6077
PA-1507300-1881D70F2E524180966329CDE0955A63;PA;São Félix do Xingu;Curso d'água natural de até 10 metros;Analisado, aguardando regularização ambiental (Lei nº 12.651/2012);AT;15,8123
PA-1507300-1897C27923A44F25A0AA379B63E3B072;PA;São Félix do Xingu;Curso d'água natural de até 10 metros;Analisado, aguardando regularização ambiental (Lei nº 12.651/2012);AT;3,8265
PA-1507300-18C4DACE82394D3E882C86D3B501D640;PA;São Félix do Xingu;Curso d'água natural de até 10 metros;Analisado, aguardando atendimento a notificação;PE;0,2373
PA-1507300-18CB54E5E39F44E5B458E12D5E1264C4;PA;São Félix do Xingu;Curso d'água natural de até 10 metros;Analisado, aguardando atendimento a notificação;AT;0,3874
PA-1507300-18E7948B2D294382917E560B93B1E341;PA;São Félix do Xingu;Curso d'água natural de até 10 metros;Analisado, aguardando atendimento a notificação;PE;2,1506
PA-1507300-192C9065AF0E4FD9A131C2F45E8F0AC8;PA;São Félix do Xingu;Curso d'água natural de até 10 metros;Analisado, aguardando regularização ambiental (Lei nº 12.651/2012);AT;0,0491
PA-1507300-1957A5DCF2A84CD3A51017060BE78EBC;PA;São Félix do Xingu;Curso d'água natural de até 10 metros;Analisado, aguardando atendimento a notificação;PE;1,7629
PA-1507300-197E83E88DB94BD9BA5FE9BF38FCFD7A;PA;São Félix do Xingu;Curso d'água natural de até 10 metros;Analisado, aguardando atendimento a notificação;PE;0,5691
PA-1507300-199A44A9241942B3905627D66B69277D;PA;São Félix do Xingu;Curso d'água natural de até 10 metros;Analisado, aguardando regularização ambiental (Lei nº 12.651/2012);AT;0,1290
PA-1507300-19C1B9E984014D3281E699B27D528CF8;PA;São Félix do Xingu;Curso d'água natural de até 10 metros;Analisado, aguardando atendimento a notificação;PE;0,5292
PA-1507300-1A39C593EAE24C13B01F6FA4EEBC89D5;PA;São Félix do Xingu;Curso d'água natural de até 10 metros;Analisado, aguardando atendimento a notificação;PE;0,8913
PA-1507300-1A4924D6734E4909934F385CF93AFA69;PA;São Félix do Xingu;Curso d'água natural de até 10 metros;Analisado, aguardando regularização ambiental (Lei nº 12.651/2012);AT;0,1588
PA-1507300-1A864A806B70418D9894164301CF623F;PA;São Félix do Xingu;Curso d'água natural de até 10 metros;Analisado, aguardando atendimento a notificação;PE;0,0596
PA-1507300-1A9F8254601349AE98A7FA50741C11A0;PA;São Félix do Xingu;Curso d'água natural de até 10 metros;Analisado, aguardando regularização ambiental (Lei nº 12.651/2012);AT;0,2366
PA-1507300-1AE65AA3121D4194BC4E35C35A9704F8;PA;São Félix do Xingu;Curso d'água natural de até 10 metros;Analisado, aguardando regularização ambiental (Lei nº 12.651/2012);AT;0,0836
PA-1507300-1B028E6E6DF44B33A8A4E837A00CDD05;PA;São Félix do Xingu;Curso d'água natural de até 10 metros;Analisado, aguardando regularização ambiental (Lei nº 12.651/2012);AT;0,9279
PA-1507300-1B5F77EB3F97431E9E613B4532A2F676;PA;São Félix do Xingu;Curso d'água natural de até 10 metros;Analisado, aguardando atendimento a notificação;PE;12,6901
PA-1507300-1B7273637B954C5C8F4DF80527DB5016;PA;São Félix do Xingu;Curso d'água natural de até 10 metros;Analisado, aguardando atendimento a notificação;SU;1,8512
PA-1507300-1BB9FCEABEAA4DBB916B354E7F4AD989;PA;São Félix do Xingu;Curso d'água natural de até 10 metros;Analisado, aguardando atendimento a notificação;AT;0,4228
PA-1507300-1BF85132CFB94D38A08CE2D2252134E8;PA;São Félix do Xingu;Curso d'água natural de até 10 metros;Analisado, aguardando atendimento a notificação;PE;1,5076
PA-1507300-1C62D4938F1047AC90E295AB8302C1A4;PA;São Félix do Xingu;Curso d'água natural de até 10 metros;Analisado, aguardando atendimento a notificação;PE;0,3634
PA-1507300-1C68358898CB4E138BFDC9C4C5F0EE6D;PA;São Félix do Xingu;Curso d'água natural de até 10 metros;Analisado, aguardando atendimento a notificação;PE;3,5465
PA-1507300-1C86FDD045C047839D5C3E1AF8052CFC;PA;São Félix do Xingu;Curso d'água natural de até 10 metros;Analisado, aguardando atendimento a notificação;PE;1,7409
PA-1507300-1CB175DA99144960882DCF1BDBB8D369;PA;São Félix do Xingu;Curso d'água natural de até 10 metros;Aguardando análise;PE;0,4145
PA-1507300-1CB9A7E6832041AE9F37AAFFD4D45B47;PA;São Félix do Xingu;Curso d'água natural de até 10 metros;Analisado, aguardando atendimento a notificação;PE;0,7558
PA-1507300-1CBCA5867EE54D9184A98C758B451DF2;PA;São Félix do Xingu;Curso d'água natural de até 10 metros;Analisado, aguardando atendimento a notificação;PE;4,0747
PA-1507300-1CD3C3AFB9C64CD59CFCEA43304040D2;PA;São Félix do Xingu;Curso d'água natural de até 10 metros;Analisado, aguardando atendimento a notificação;PE;0,2385
PA-1507300-1CD95CF091E149D5813D7C849C82842B;PA;São Félix do Xingu;Curso d'água natural de até 10 metros;Analisado, aguardando regularização ambiental (Lei nº 12.651/2012);AT;0,3294
PA-1507300-1D264305F2564807A6E5A047E53BD2CF;PA;São Félix do Xingu;Curso d'água natural de até 10 metros;Analisado, aguardando atendimento a notificação;AT;2,3394
PA-1507300-1D3034F5076E42609F6EEBAE50FC4264;PA;São Félix do Xingu;Curso d'água natural de até 10 metros;Aguardando análise;AT;6,8805
PA-1507300-1D6012FA305643B4B270C8776E7BD492;PA;São Félix do Xingu;Curso d'água natural de até 10 metros;Analisado, aguardando atendimento a notificação;PE;0,1439
PA-1507300-1D82F3BFC29E4B829F590BC56E80BE84;PA;São Félix do Xingu;Curso d'água natural de até 10 metros;Analisado, aguardando atendimento a notificação;PE;0,1774
PA-1507300-1DE1916407C44785B5831C93C893EEA3;PA;São Félix do Xingu;Curso d'água natural de até 10 metros;Analisado, aguardando atendimento a notificação;AT;0,3162
PA-1507300-1DFA45AAC72549C7B602113369D39724;PA;São Félix do Xingu;Curso d'água natural de até 10 metros;Analisado, aguardando atendimento a notificação;PE;0,6256
PA-1507300-1E011933034D499C8D9A87A8CD1EF738;PA;São Félix do Xingu;Curso d'água natural de até 10 metros;Analisado, aguardando atendimento a notificação;PE;0,2097
PA-1507300-1E46DD134E1F4220B0BB45A6C9EEAF09;PA;São Félix do Xingu;Curso d'água natural de até 10 metros;Analisado, aguardando atendimento a notificação;PE;1,4733
PA-1507300-1E666CC1FDF947B6835454CD6F30CE5E;PA;São Félix do Xingu;Curso d'água natural de até 10 metros;Analisado, aguardando atendimento a notificação;PE;0,2391
PA-1507300-1E8BA89A119640AF8ABC6BDAF0CB3EDC;PA;São Félix do Xingu;Curso d'água natural de até 10 metros;Analisado, aguardando atendimento a notificação;PE;0,0785
PA-1507300-1ECB12D74701445FAC9196EDD3819FCE;PA;São Félix do Xingu;Curso d'água natural de até 10 metros;Analisado, aguardando atendimento a notificação;PE;0,4218
PA-1507300-1EEAF1B129B841CE885E40C05FE04CE5;PA;São Félix do Xingu;Curso d'água natural de até 10 metros;Analisado, aguardando regularização ambiental (Lei nº 12.651/2012);AT;2,7101
PA-1507300-1F4721B4C6624DA2A303B3451592DB89;PA;São Félix do Xingu;Curso d'água natural de até 10 metros;Analisado, aguardando atendimento a notificação;PE;1,1395
PA-1507300-1F71074F3D0F46438285ADEFC1678D6E;PA;São Félix do Xingu;Curso d'água natural de até 10 metros;Analisado sem pendências;AT;0,0435
PA-1507300-1F7C12B371904E50B54FECF87C79403A;PA;São Félix do Xingu;Curso d'água natural de até 10 metros;Analisado, aguardando regularização ambiental (Lei nº 12.651/2012);AT;0,2522
PA-1507300-1F9F920532E34F4D8B330C6964EF35E4;PA;São Félix do Xingu;Curso d'água natural de até 10 metros;Analisado, aguardando atendimento a notificação;PE;1,1179
PA-1507300-1FBE522B47C24A67A50B4B30268CA8C5;PA;São Félix do Xingu;Curso d'água natural de até 10 metros;Analisado, aguardando atendimento a notificação;PE;0,6793
PA-1507300-1FCBAFD7ECA44697AFC959A17F5325E5;PA;São Félix do Xingu;Curso d'água natural de até 10 metros;Analisado, aguardando atendimento a notificação;AT;2,8303
PA-1507300-1FD61B497D884BAEB1A6FDB38526B89F;PA;São Félix do Xingu;Curso d'água natural de até 10 metros;Analisado, aguardando atendimento a notificação;PE;5,8174
PA-1507300-1FE292A4FF3747E4B7136FFCC164FC6A;PA;São Félix do Xingu;Curso d'água natural de até 10 metros;Aguardando análise;PE;0,1947
PA-1507300-1FE4D96E57DC421191135659777DD427;PA;São Félix do Xingu;Curso d'água natural de até 10 metros;Analisado, aguardando atendimento a notificação;PE;1,5696
PA-1507300-2012764C430B45FB956F59DC5D3D0622;PA;São Félix do Xingu;Curso d'água natural de até 10 metros;Analisado, aguardando regularização ambiental (Lei nº 12.651/2012);AT;4,8073
PA-1507300-204AE61A40DC40ED93C00507CB36ACFB;PA;São Félix do Xingu;Curso d'água natural de até 10 metros;Analisado, aguardando atendimento a notificação;SU;8,0947
PA-1507300-2073C31393CB46CC919AE3B53C60375B;PA;São Félix do Xingu;Curso d'água natural de até 10 metros;Analisado, aguardando atendimento a notificação;PE;1,7424
PA-1507300-2087A15B4A844E4AA2ACEA4B69FBFFE8;PA;São Félix do Xingu;Curso d'água natural de até 10 metros;Analisado, aguardando regularização ambiental (Lei nº 12.651/2012);AT;0,2351
PA-1507300-20A1CFDA96FA4224A61F1AA6AEFD6AC0;PA;São Félix do Xingu;Curso d'água natural de até 10 metros;Analisado, aguardando atendimento a notificação;PE;4,3655
PA-1507300-211A343C58E34E9DAEBC8A4481E0036C;PA;São Félix do Xingu;Curso d'água natural de até 10 metros;Analisado, aguardando atendimento a notificação;PE;0,7722
PA-1507300-219ACE83D8B3401DB5F2E71946817333;PA;São Félix do Xingu;Curso d'água natural de até 10 metros;Analisado, aguardando atendimento a notificação;PE;1,0969
PA-1507300-21AB3FDA49634E3BBEF93ABD23C12DE0;PA;São Félix do Xingu;Curso d'água natural de até 10 metros;Analisado, aguardando atendimento a notificação;PE;0,0536
PA-1507300-21B8499F88664C31A86839FF13C472CC;PA;São Félix do Xingu;Curso d'água natural de até 10 metros;Analisado, aguardando atendimento a notificação;SU;1,5550
PA-1507300-21C2B9B9D4C848E3A678E540CB5EDCAF;PA;São Félix do Xingu;Curso d'água natural de até 10 metros;Analisado, aguardando regularização ambiental (Lei nº 12.651/2012);AT;0,7717
PA-1507300-225D1716ACC54DF7A59DBC7CED122F27;PA;São Félix do Xingu;Curso d'água natural de até 10 metros;Analisado, aguardando atendimento a notificação;PE;2,6088
PA-1507300-2276EAD7550848B880C8F96D0CB51691;PA;São Félix do Xingu;Curso d'água natural de até 10 metros;Analisado, aguardando atendimento a notificação;PE;3,5377
PA-1507300-22F80909C2FB4E6892C15809473BF62E;PA;São Félix do Xingu;Curso d'água natural de até 10 metros;Analisado, aguardando atendimento a notificação;PE;0,3170
PA-1507300-22F994A529224A1984121BA5D96F4C0A;PA;São Félix do Xingu;Curso d'água natural de até 10 metros;Aguardando análise;AT;0,5486
PA-1507300-2311B11EEFAA489F89DE3867C869A416;PA;São Félix do Xingu;Curso d'água natural de até 10 metros;Analisado, aguardando atendimento a notificação;PE;0,0734
PA-1507300-2335609C60FD493AA3547323E0A30F9A;PA;São Félix do Xingu;Curso d'água natural de até 10 metros;Aguardando análise;PE;8,0147
PA-1507300-2344679A49E14CD88B9963F51E3E6D17;PA;São Félix do Xingu;Curso d'água natural de até 10 metros;Aguardando análise;PE;0,1494
PA-1507300-2363CA2044754CC58DE3F7D5BF20FB5D;PA;São Félix do Xingu;Curso d'água natural de até 10 metros;Analisado, aguardando atendimento a notificação;PE;0,4671
PA-1507300-237B06C9400E4028923501812EE92C27;PA;São Félix do Xingu;Curso d'água natural de até 10 metros;Analisado, aguardando atendimento a notificação;PE;0,1257
PA-1507300-238EC00FCB02491EAF3B5AA37116356D;PA;São Félix do Xingu;Curso d'água natural de até 10 metros;Analisado, aguardando atendimento a notificação;PE;0,2411
PA-1507300-23A9D94BBE9A402DBB7C43A4991AFD7B;PA;São Félix do Xingu;Curso d'água natural de até 10 metros;Analisado, aguardando regularização ambiental (Lei nº 12.651/2012);AT;2,0342
PA-1507300-23ED4F8C4C23483CB82F02E842D39E2A;PA;São Félix do Xingu;Curso d'água natural de até 10 metros;Analisado, aguardando atendimento a notificação;PE;0,3833
PA-1507300-23EFDF6A7A60490CBCE945F0FE576CB2;PA;São Félix do Xingu;Curso d'água natural de até 10 metros;Analisado, aguardando atendimento a notificação;PE;0,0636
PA-1507300-24052B816F02411387DFE15F36325320;PA;São Félix do Xingu;Curso d'água natural de até 10 metros;Analisado, aguardando atendimento a notificação;PE;9,8154
PA-1507300-241BE86DECE6475D9E20A918DA8204DA;PA;São Félix do Xingu;Curso d'água natural de até 10 metros;Analisado, aguardando atendimento a notificação;PE;0,0393
PA-1507300-241CEEB7685E476BB336028B48891798;PA;São Félix do Xingu;Curso d'água natural de até 10 metros;Aguardando análise;AT;9,4031
PA-1507300-2457F512A900468A84EEB16194CBF072;PA;São Félix do Xingu;Curso d'água natural de até 10 metros;Analisado, aguardando atendimento a notificação;PE;1,6149
PA-1507300-2462D1EC54464154B618DBB66E5B8789;PA;São Félix do Xingu;Curso d'água natural de até 10 metros;Analisado, aguardando atendimento a notificação;PE;50,2657
PA-1507300-2481F86BCF24458C81824DAD8F5DC30C;PA;São Félix do Xingu;Curso d'água natural de até 10 metros;Analisado, aguardando atendimento a notificação;PE;0,1720
PA-1507300-2488ABA04E0C4C24B5610CFEF708CA75;PA;São Félix do Xingu;Curso d'água natural de até 10 metros;Analisado sem pendências;AT;0,0929
PA-1507300-24900742618D48D19AF7D2FECA131A02;PA;São Félix do Xingu;Curso d'água natural de até 10 metros;Analisado, aguardando atendimento a notificação;PE;1,6270
PA-1507300-24A93A5625F34D24B14C655C2D8E3992;PA;São Félix do Xingu;Curso d'água natural de até 10 metros;Aguardando análise;AT;0,4475
PA-1507300-2504C4EE8DA34CD3873C5962212D4843;PA;São Félix do Xingu;Curso d'água natural de até 10 metros;Analisado, aguardando atendimento a notificação;PE;4,6030
PA-1507300-2528EFA101FE41FFBE2257D21C590EF1;PA;São Félix do Xingu;Curso d'água natural de até 10 metros;Analisado, aguardando atendimento a notificação;PE;0,2637
PA-1507300-2530E31F61114C8D8E3F1131AA8B7563;PA;São Félix do Xingu;Curso d'água natural de até 10 metros;Analisado, aguardando atendimento a notificação;AT;0,6569
PA-1507300-25D05DA77E1144AC87C117EAFBBDC326;PA;São Félix do Xingu;Curso d'água natural de até 10 metros;Analisado, aguardando atendimento a notificação;PE;0,3512
PA-1507300-25FF25AE48DB4B7389FFEA5F265C9C0E;PA;São Félix do Xingu;Curso d'água natural de até 10 metros;Analisado, aguardando atendimento a notificação;PE;0,1760
PA-1507300-2609AA6272EE4B19B2B9F3507F268EDA;PA;São Félix do Xingu;Curso d'água natural de até 10 metros;Analisado, aguardando atendimento a notificação;PE;3,3971
PA-1507300-265CE35B5F0E4D398F9368E6A343954E;PA;São Félix do Xingu;Curso d'água natural de até 10 metros;Analisado, aguardando atendimento a notificação;PE;0,5260
PA-1507300-265CFD990BCF46E6B97A37384919989B;PA;São Félix do Xingu;Curso d'água natural de até 10 metros;Analisado, aguardando atendimento a notificação;PE;0,3541
PA-1507300-266AAE039F264E53A61888EF8F8842DD;PA;São Félix do Xingu;Curso d'água natural de até 10 metros;Aguardando análise;PE;1,3708
PA-1507300-266D4DD957C24B6C8EB9C48E987902F0;PA;São Félix do Xingu;Curso d'água natural de até 10 metros;Analisado, aguardando atendimento a notificação;PE;0,4146
PA-1507300-26AEB6159EE947FC8554BD739A4756BD;PA;São Félix do Xingu;Curso d'água natural de até 10 metros;Analisado, aguardando atendimento a notificação;PE;8,1083
PA-1507300-26D7001D2C134CF1A956F4FFAAE2C891;PA;São Félix do Xingu;Curso d'água natural de até 10 metros;Analisado, aguardando atendimento a notificação;PE;2,8917
PA-1507300-2714355EFB1147E1A07341FE990C90D8;PA;São Félix do Xingu;Curso d'água natural de até 10 metros;Analisado, aguardando atendimento a notificação;PE;0,0445
PA-1507300-27566FCBC7AA4A23BA93DB476FF6CBC5;PA;São Félix do Xingu;Curso d'água natural de até 10 metros;Analisado, aguardando atendimento a notificação;PE;0,9434
PA-1507300-275B4946CE0949B98B77AE586236797F;PA;São Félix do Xingu;Curso d'água natural de até 10 metros;Analisado, aguardando regularização ambiental (Lei nº 12.651/2012);AT;0,3078
PA-1507300-27D793A4763A4E8D9CBC9B065BA42497;PA;São Félix do Xingu;Curso d'água natural de até 10 metros;Analisado, aguardando atendimento a notificação;PE;0,3536
PA-1507300-283249EA976E4C94B5B1804ABB3909EC;PA;São Félix do Xingu;Curso d'água natural de até 10 metros;Analisado, aguardando regularização ambiental (Lei nº 12.651/2012);AT;2,6449
PA-1507300-287046F76DB04625AE89C53E0ABB948F;PA;São Félix do Xingu;Curso d'água natural de até 10 metros;Analisado, aguardando atendimento a notificação;PE;0,2500
PA-1507300-28A0FE2474FC408CAB99E238399C750D;PA;São Félix do Xingu;Curso d'água natural de até 10 metros;Analisado, aguardando atendimento a notificação;PE;1,0714
PA-1507300-28A9035AB0314EEFBE0DCCFE31BFF596;PA;São Félix do Xingu;Curso d'água natural de até 10 metros;Analisado, aguardando atendimento a notificação;PE;0,2537
PA-1507300-28E7531F755B467697E777A509E7CAB2;PA;São Félix do Xingu;Curso d'água natural de até 10 metros;Analisado, aguardando atendimento a notificação;PE;0,2775
PA-1507300-28F68DA1512F45ADB26A998FDB28E789;PA;São Félix do Xingu;Curso d'água natural de até 10 metros;Aguardando análise;AT;28,4098
PA-1507300-29CE05F2F8E14832A78016DE715FB807;PA;São Félix do Xingu;Curso d'água natural de até 10 metros;Analisado, aguardando atendimento a notificação;PE;0,5611
PA-1507300-2A2343055D1D4F02AFAD6BB3797E0CC9;PA;São Félix do Xingu;Curso d'água natural de até 10 metros;Analisado, aguardando atendimento a notificação;PE;5,8393
PA-1507300-2A6C4A4B2BBB47BF974ECB060F0E95A1;PA;São Félix do Xingu;Curso d'água natural de até 10 metros;Aguardando análise;PE;9,9614
PA-1507300-2A709AB92E944FC88B8EBCCCCF26CBC7;PA;São Félix do Xingu;Curso d'água natural de até 10 metros;Analisado, aguardando atendimento a notificação;PE;2,4768
PA-1507300-2A73C6F81F274B0992C1853F7C2015C5;PA;São Félix do Xingu;Curso d'água natural de até 10 metros;Analisado, aguardando atendimento a notificação;PE;0,2171
PA-1507300-2A7E02460D104DEC8990158F3AD09AC5;PA;São Félix do Xingu;Curso d'água natural de até 10 metros;Analisado, aguardando atendimento a notificação;PE;0,1784
PA-1507300-2A8ED6C7DF55476FABEE59C6A7C24BDE;PA;São Félix do Xingu;Curso d'água natural de até 10 metros;Analisado, aguardando atendimento a notificação;AT;0,0255
PA-1507300-2A99A93AFB864A94944CEC7711C1B93C;PA;São Félix do Xingu;Curso d'água natural de até 10 metros;Analisado, aguardando atendimento a notificação;PE;0,4620
PA-1507300-2AB81F82AC1A447890947365EEA584AF;PA;São Félix do Xingu;Curso d'água natural de até 10 metros;Analisado, aguardando atendimento a notificação;PE;0,0119
PA-1507300-2AB8C8B74E104573946B2D526994DAC8;PA;São Félix do Xingu;Curso d'água natural de até 10 metros;Analisado, aguardando atendimento a notificação;PE;0,0572
PA-1507300-2AC544B67D334D21B3C21136766A4F1C;PA;São Félix do Xingu;Curso d'água natural de até 10 metros;Analisado, aguardando atendimento a notificação;AT;0,0727
PA-1507300-2AC863F071A44422AC810C874B742B54;PA;São Félix do Xingu;Curso d'água natural de até 10 metros;Analisado, aguardando atendimento a notificação;PE;0,5611
PA-1507300-2AD131E62D844D27833EDFF37A823C9B;PA;São Félix do Xingu;Curso d'água natural de até 10 metros;Analisado, aguardando atendimento a notificação;PE;1,6590
PA-1507300-2B0011C9ADD2430995D02740EBD70C7E;PA;São Félix do Xingu;Curso d'água natural de até 10 metros;Analisado, aguardando atendimento a notificação;PE;0,1539
PA-1507300-2B0B19D99DCE4673B08350B63412493C;PA;São Félix do Xingu;Curso d'água natural de até 10 metros;Analisado, aguardando regularização ambiental (Lei nº 12.651/2012);AT;0,6774
PA-1507300-2B17BF987A80411B8C14D866525B0A73;PA;São Félix do Xingu;Curso d'água natural de até 10 metros;Analisado, aguardando atendimento a notificação;PE;1,3956
PA-1507300-2B28F1AC08324CD49DC46CD7BD84726E;PA;São Félix do Xingu;Curso d'água natural de até 10 metros;Analisado sem pendências;AT;0,0101
PA-1507300-2B454BF116D74307A486721F7A226A11;PA;São Félix do Xingu;Curso d'água natural de até 10 metros;Analisado, aguardando atendimento a notificação;PE;1,7267
PA-1507300-2B7872AFDB5F44358AE866E0CDD9B874;PA;São Félix do Xingu;Curso d'água natural de até 10 metros;Analisado, aguardando atendimento a notificação;PE;0,9853
PA-1507300-2B85C5C523AC49C38EF72F6B04A89C32;PA;São Félix do Xingu;Curso d'água natural de até 10 metros;Analisado, aguardando regularização ambiental (Lei nº 12.651/2012);AT;0,1805
PA-1507300-2BC5370E423749AA8745A836C79BAE44;PA;São Félix do Xingu;Curso d'água natural de até 10 metros;Analisado, aguardando atendimento a notificação;PE;0,1859
PA-1507300-2BE22788F50D4E4E940C53B1B1C2BCED;PA;São Félix do Xingu;Curso d'água natural de até 10 metros;Aguardando análise;PE;0,1924
PA-1507300-2BFE43F452F2412E85F833E055C5366D;PA;São Félix do Xingu;Curso d'água natural de até 10 metros;Analisado, aguardando atendimento a notificação;PE;0,0699
PA-1507300-2C56FFDBC5BC4EEDAC6D11D6E3B1B9FA;PA;São Félix do Xingu;Curso d'água natural de até 10 metros;Analisado, aguardando regularização ambiental (Lei nº 12.651/2012);AT;45,7154
PA-1507300-2D7E8F44F73541EE99C3EE172FE4E387;PA;São Félix do Xingu;Curso d'água natural de até 10 metros;Analisado, aguardando regularização ambiental (Lei nº 12.651/2012);PE;3,9069
PA-1507300-2D81AA39D1B445FDB87927FE73152929;PA;São Félix do Xingu;Curso d'água natural de até 10 metros;Analisado, aguardando atendimento a notificação;PE;0,1536
PA-1507300-2DAA66E6C6BA419298076557EE438029;PA;São Félix do Xingu;Curso d'água natural de até 10 metros;Analisado, aguardando atendimento a notificação;PE;0,2970
PA-1507300-2DD6BCAB31A6438EBB888A8950CF7A0D;PA;São Félix do Xingu;Curso d'água natural de até 10 metros;Analisado, aguardando atendimento a notificação;PE;0,1085
PA-1507300-2E384F0DD9D541848764EE8FE9AD3D31;PA;São Félix do Xingu;Curso d'água natural de até 10 metros;Aguardando análise;AT;2,2369
PA-1507300-2E47A0206EFE4D09A639DEE855353587;PA;São Félix do Xingu;Curso d'água natural de até 10 metros;Analisado, aguardando atendimento a notificação;PE;0,5735
PA-1507300-2E5C98A606C447D1A3ADB6BC6153F558;PA;São Félix do Xingu;Curso d'água natural de até 10 metros;Analisado sem pendências;AT;0,0894
PA-1507300-2E7E417C6E2D4FABB6F137BB908CA733;PA;São Félix do Xingu;Curso d'água natural de até 10 metros;Aguardando análise;PE;0,4569
PA-1507300-2EED4AADB98D4D3E8D98BCE1775BD723;PA;São Félix do Xingu;Curso d'água natural de até 10 metros;Analisado, aguardando atendimento a notificação;SU;14,3217
PA-1507300-2F03CF530DE84E549AB186B64F2745D1;PA;São Félix do Xingu;Curso d'água natural de até 10 metros;Aguardando análise;PE;0,5157
PA-1507300-2F397CDB0372449BB5092FFC3B47EE79;PA;São Félix do Xingu;Curso d'água natural de até 10 metros;Analisado, aguardando atendimento a notificação;PE;0,3459
PA-1507300-2F3BA4D407A54E7483BBF0CEB240C175;PA;São Félix do Xingu;Curso d'água natural de até 10 metros;Analisado, aguardando atendimento a notificação;AT;0,2490
PA-1507300-2F8CC488F01E448580348E8EF9B76A51;PA;São Félix do Xingu;Curso d'água natural de até 10 metros;Analisado, aguardando atendimento a notificação;PE;0,9161
PA-1507300-2FAB25A744F94918BEF26074C7B4E85F;PA;São Félix do Xingu;Curso d'água natural de até 10 metros;Analisado, aguardando atendimento a notificação;PE;0,5199
PA-1507300-2FC38E8C72E24F53A6043D7F75486EFC;PA;São Félix do Xingu;Curso d'água natural de até 10 metros;Analisado, aguardando atendimento a notificação;PE;0,7620
PA-1507300-2FD6494B0C8142AEB79945AA76966CB3;PA;São Félix do Xingu;Curso d'água natural de até 10 metros;Aguardando análise;SU;5,8510
PA-1507300-30389B06CB474CE0B473A701935F5D7A;PA;São Félix do Xingu;Curso d'água natural de até 10 metros;Analisado, aguardando atendimento a notificação;PE;0,1189
PA-1507300-3039379CF7964259960339B2B7B9AF3E;PA;São Félix do Xingu;Curso d'água natural de até 10 metros;Analisado, aguardando atendimento a notificação;PE;0,0899
PA-1507300-303D05A2F22D4B4C912D358C79382265;PA;São Félix do Xingu;Curso d'água natural de até 10 metros;Analisado, aguardando atendimento a notificação;PE;0,9720
PA-1507300-305FBAE22094437E868CA69916E02133;PA;São Félix do Xingu;Curso d'água natural de até 10 metros;Analisado, aguardando atendimento a notificação;PE;1,3164
PA-1507300-31407C24F2C04EA886853C817DFFE61B;PA;São Félix do Xingu;Curso d'água natural de até 10 metros;Aguardando análise;PE;9,4757
PA-1507300-317C1DCB3A004B5FB34B98A8C8D0E84F;PA;São Félix do Xingu;Curso d'água natural de até 10 metros;Analisado, aguardando atendimento a notificação;PE;0,1601
PA-1507300-319AFD5C23D54AD08F82968737E1093C;PA;São Félix do Xingu;Curso d'água natural de até 10 metros;Analisado, aguardando atendimento a notificação;AT;0,5581
PA-1507300-31B0A3A4E81F4F11881C4E91B50F3B97;PA;São Félix do Xingu;Curso d'água natural de até 10 metros;Analisado, aguardando atendimento a notificação;PE;0,4218
PA-1507300-31D2BFFB3BCF432CA8F273FCED87690B;PA;São Félix do Xingu;Curso d'água natural de até 10 metros;Analisado sem pendências;AT;0,0238
PA-1507300-31E23FD8D8CF452A9C0E0D1523C191A8;PA;São Félix do Xingu;Curso d'água natural de até 10 metros;Analisado, aguardando atendimento a notificação;PE;0,1507
PA-1507300-32399908FD9F4911895E85D6231E457A;PA;São Félix do Xingu;Curso d'água natural de até 10 metros;Analisado, aguardando atendimento a notificação;PE;7,8155
PA-1507300-32448BFD6BEC445C96B3FD2A2CA45C7E;PA;São Félix do Xingu;Curso d'água natural de até 10 metros;Analisado, aguardando regularização ambiental (Lei nº 12.651/2012);AT;0,1938
PA-1507300-324AA04A9760432C997D2F7CE31E4AC5;PA;São Félix do Xingu;Curso d'água natural de até 10 metros;Analisado, aguardando atendimento a notificação;PE;0,2191
PA-1507300-32B54E7544024B83ADCEC4EB775473FC;PA;São Félix do Xingu;Curso d'água natural de até 10 metros;Analisado, aguardando atendimento a notificação;PE;0,2055
PA-1507300-32D332CB102A44C49D88A74207BC5254;PA;São Félix do Xingu;Curso d'água natural de até 10 metros;Analisado sem pendências;AT;0,0281
PA-1507300-32E4219A2D2C4B908257ACAAA43CA093;PA;São Félix do Xingu;Curso d'água natural de até 10 metros;Analisado, aguardando atendimento a notificação;PE;0,2480
PA-1507300-32FCA8D3F5EA483F886005A2C3A170D3;PA;São Félix do Xingu;Curso d'água natural de até 10 metros;Analisado, aguardando atendimento a notificação;PE;0,1495
PA-1507300-3385168BE23F49D8AFB5D0479EDBF651;PA;São Félix do Xingu;Curso d'água natural de até 10 metros;Analisado, aguardando atendimento a notificação;PE;0,4113
PA-1507300-339C342FC8DD48D9AB5A7D3D9F91C3C1;PA;São Félix do Xingu;Curso d'água natural de até 10 metros;Analisado, aguardando regularização ambiental (Lei nº 12.651/2012);AT;41,2159
PA-1507300-33A6F26A51AA4B9AB064AE09A5B8DD03;PA;São Félix do Xingu;Curso d'água natural de até 10 metros;Aguardando análise;PE;19,2664
PA-1507300-33F85921185B4E00A5B103F014FA1D6D;PA;São Félix do Xingu;Curso d'água natural de até 10 metros;Analisado, aguardando atendimento a notificação;PE;0,2997
PA-1507300-342F0BEE170C4BE9B068B2AF783305CB;PA;São Félix do Xingu;Curso d'água natural de até 10 metros;Aguardando análise;PE;0,8321
PA-1507300-34642057AF9442A2AF7EAEA695705D55;PA;São Félix do Xingu;Curso d'água natural de até 10 metros;Analisado, aguardando atendimento a notificação;PE;1,9517
PA-1507300-34A1D009E2754A78B86480A936622D73;PA;São Félix do Xingu;Curso d'água natural de até 10 metros;Analisado, aguardando regularização ambiental (Lei nº 12.651/2012);AT;0,4890
PA-1507300-34AE14AFF63346F580C8B24CC98BC10A;PA;São Félix do Xingu;Curso d'água natural de até 10 metros;Analisado, aguardando regularização ambiental (Lei nº 12.651/2012);AT;0,0381
PA-1507300-353B822F7C51426CAC94F935DEFE25EF;PA;São Félix do Xingu;Curso d'água natural de até 10 metros;Analisado, aguardando regularização ambiental (Lei nº 12.651/2012);AT;0,1376
PA-1507300-354E616C0761440C98542D51882CF684;PA;São Félix do Xingu;Curso d'água natural de até 10 metros;Analisado, aguardando atendimento a notificação;PE;0,0597
PA-1507300-355BF6707C2143C08D69BB287DAF0504;PA;São Félix do Xingu;Curso d'água natural de até 10 metros;Analisado, aguardando atendimento a notificação;PE;0,4272
PA-1507300-357C3C2A7093468AAA9952EBBA4D09C9;PA;São Félix do Xingu;Curso d'água natural de até 10 metros;Analisado, aguardando atendimento a notificação;SU;0,0374
PA-1507300-3588058DD0D54664AE0422EC81CF4DDE;PA;São Félix do Xingu;Curso d'água natural de até 10 metros;Analisado, aguardando atendimento a notificação;PE;0,7930
PA-1507300-358812FF2C404179B6630FD3C8601ACF;PA;São Félix do Xingu;Curso d'água natural de até 10 metros;Analisado, aguardando atendimento a notificação;PE;0,6193
PA-1507300-35C5C483C908425891214A2C22985AF9;PA;São Félix do Xingu;Curso d'água natural de até 10 metros;Aguardando análise;PE;1,3688
PA-1507300-36077D0E9234402FAA44BD0E56EEF5E7;PA;São Félix do Xingu;Curso d'água natural de até 10 metros;Analisado, aguardando atendimento a notificação;PE;0,0176
PA-1507300-360EC77057D743C0987C5E6F768E35F6;PA;São Félix do Xingu;Curso d'água natural de até 10 metros;Analisado sem pendências;AT;0,1896
PA-1507300-36186C3B4A8142C99B5065E5AFE0AA58;PA;São Félix do Xingu;Curso d'água natural de até 10 metros;Analisado, aguardando regularização ambiental (Lei nº 12.651/2012);AT;11,7117
PA-1507300-3628184F151D45FBAA3EC0B4040162E2;PA;São Félix do Xingu;Curso d'água natural de até 10 metros;Analisado, aguardando regularização ambiental (Lei nº 12.651/2012);AT;1,6847
PA-1507300-366C34A1BE6C47FC9CB3A947F805B7D8;PA;São Félix do Xingu;Curso d'água natural de até 10 metros;Analisado, aguardando atendimento a notificação;PE;0,1720
PA-1507300-366F2C97382544859350379DD2545257;PA;São Félix do Xingu;Curso d'água natural de até 10 metros;Analisado, aguardando atendimento a notificação;PE;0,1200
PA-1507300-36C485AF5C3545E6881468754135A110;PA;São Félix do Xingu;Curso d'água natural de até 10 metros;Analisado, aguardando atendimento a notificação;PE;0,7344
PA-1507300-373061324C634FC0BB523BBFC79FC5A4;PA;São Félix do Xingu;Curso d'água natural de até 10 metros;Analisado, aguardando regularização ambiental (Lei nº 12.651/2012);AT;0,1677
PA-1507300-374D81E78BDE4F61A7D28EFC17E65744;PA;São Félix do Xingu;Curso d'água natural de até 10 metros;Analisado, aguardando regularização ambiental (Lei nº 12.651/2012);PE;7,0795
PA-1507300-37681F99740F4C5DB1804FA43C8747B1;PA;São Félix do Xingu;Curso d'água natural de até 10 metros;Analisado, aguardando atendimento a notificação;PE;0,1714
PA-1507300-37B35F8C80F148ABA14A81DB935D287B;PA;São Félix do Xingu;Curso d'água natural de até 10 metros;Analisado, aguardando atendimento a notificação;PE;3,0734
PA-1507300-37D5FDCAF7DC4623B0C402172A86BD87;PA;São Félix do Xingu;Curso d'água natural de até 10 metros;Analisado, aguardando atendimento a notificação;PE;1,1705
PA-1507300-37DD3F865E454BCB8EF16E09817E8BB3;PA;São Félix do Xingu;Curso d'água natural de até 10 metros;Analisado, aguardando atendimento a notificação;PE;0,1288
PA-1507300-37EFDEA550044523B03EB46FEAF9BF58;PA;São Félix do Xingu;Curso d'água natural de até 10 metros;Analisado, aguardando regularização ambiental (Lei nº 12.651/2012);AT;0,2894
PA-1507300-383140D04CA34223A84512FE7D97AAC8;PA;São Félix do Xingu;Curso d'água natural de até 10 metros;Analisado, aguardando atendimento a notificação;PE;2,8604
PA-1507300-3835BB409C58437FB71274B0320FF5EE;PA;São Félix do Xingu;Curso d'água natural de até 10 metros;Analisado, aguardando atendimento a notificação;PE;0,0652
PA-1507300-383A1E3DB91648C6BDFE558DD550DE95;PA;São Félix do Xingu;Curso d'água natural de até 10 metros;Analisado, aguardando atendimento a notificação;PE;0,0592
PA-1507300-383A812A33584BDD85F69306A6EF4EDC;PA;São Félix do Xingu;Curso d'água natural de até 10 metros;Analisado, aguardando atendimento a notificação;PE;0,1051
PA-1507300-3844FBC5477D457B95136EA57458BC36;PA;São Félix do Xingu;Curso d'água natural de até 10 metros;Analisado, aguardando regularização ambiental (Lei nº 12.651/2012);AT;0,5485
PA-1507300-385FF0DBF07544FE80F645A7658743FD;PA;São Félix do Xingu;Curso d'água natural de até 10 metros;Aguardando análise;PE;44,2069
PA-1507300-386FE11A5498481495A6143FF4009006;PA;São Félix do Xingu;Curso d'água natural de até 10 metros;Analisado, aguardando atendimento a notificação;PE;5,8446
PA-1507300-388BF7466783427192FF94827DDB47F5;PA;São Félix do Xingu;Curso d'água natural de até 10 metros;Analisado, aguardando atendimento a notificação;PE;2,3401
PA-1507300-389B0C663C1B41EC9BE5595F9D078636;PA;São Félix do Xingu;Curso d'água natural de até 10 metros;Analisado, aguardando atendimento a notificação;PE;0,2380
PA-1507300-38A6C4DAF4DF43D8A00C7A93FB897B2E;PA;São Félix do Xingu;Curso d'água natural de até 10 metros;Aguardando análise;PE;1,3444
PA-1507300-38C33700837E420A81156EF91D276919;PA;São Félix do Xingu;Curso d'água natural de até 10 metros;Analisado, aguardando atendimento a notificação;PE;0,5867
PA-1507300-38C471C9490441479747166B82AFAEB5;PA;São Félix do Xingu;Curso d'água natural de até 10 metros;Analisado, aguardando atendimento a notificação;PE;0,2668
PA-1507300-38E61B19E9B34F4FA5679527CB12385D;PA;São Félix do Xingu;Curso d'água natural de até 10 metros;Analisado, aguardando atendimento a notificação;PE;1,9535
PA-1507300-38F97116972F4C5B8E0DE4E815772F73;PA;São Félix do Xingu;Curso d'água natural de até 10 metros;Analisado, aguardando atendimento a notificação;PE;0,9692
PA-1507300-391F808DE4A2485DA720379D7F06751F;PA;São Félix do Xingu;Curso d'água natural de até 10 metros;Analisado, aguardando atendimento a notificação;PE;0,0910
PA-1507300-39377B8F476246BD8FFE29F51779F1F2;PA;São Félix do Xingu;Curso d'água natural de até 10 metros;Analisado, aguardando atendimento a notificação;PE;0,3440
PA-1507300-393B1E42DE244C9F92855BCD62F1C781;PA;São Félix do Xingu;Curso d'água natural de até 10 metros;Analisado, aguardando regularização ambiental (Lei nº 12.651/2012);AT;2,2638
PA-1507300-395EC1FE6FE24BCC9345080FA77B8791;PA;São Félix do Xingu;Curso d'água natural de até 10 metros;Aguardando análise;PE;1,4861
PA-1507300-398A2F063BF940128F7A143D92AC3D33;PA;São Félix do Xingu;Curso d'água natural de até 10 metros;Analisado, em conformidade com a Lei nº 12.651/2012;AT;0,0142
PA-1507300-39D68CB16D134F558CE42A37FFBF0E42;PA;São Félix do Xingu;Curso d'água natural de até 10 metros;Aguardando análise;PE;2,7615
PA-1507300-39DFF6D4FB5A4EA58ADB276C26A6C9F7;PA;São Félix do Xingu;Curso d'água natural de até 10 metros;Analisado, aguardando atendimento a notificação;PE;1,2014
PA-1507300-3A192B7D9F7140979B972494D50EB4FA;PA;São Félix do Xingu;Curso d'água natural de até 10 metros;Analisado, aguardando atendimento a notificação;PE;0,2428
PA-1507300-3AE21D06094D43569FB6A1BB5D05C96C;PA;São Félix do Xingu;Curso d'água natural de até 10 metros;Analisado, aguardando atendimento a notificação;PE;0,0905
PA-1507300-3B226819F3E948B5B0AA140D767F47B1;PA;São Félix do Xingu;Curso d'água natural de até 10 metros;Analisado, aguardando atendimento a notificação;PE;0,7066
PA-1507300-3B4B91F970FD421187B998570D98226B;PA;São Félix do Xingu;Curso d'água natural de até 10 metros;Analisado, aguardando atendimento a notificação;PE;27,6577
PA-1507300-3B6C8B69C4224773B2F31AB9A5433220;PA;São Félix do Xingu;Curso d'água natural de até 10 metros;Analisado, aguardando atendimento a notificação;PE;0,5255
PA-1507300-3B8F163DA0114974BB2EF084EA237D1C;PA;São Félix do Xingu;Curso d'água natural de até 10 metros;Aguardando análise;SU;22,2755
PA-1507300-3B9F1A0F396C448D852B0BF920747AD2;PA;São Félix do Xingu;Curso d'água natural de até 10 metros;Analisado, aguardando atendimento a notificação;PE;0,1136
PA-1507300-3C37E5F920084A91AEB4B51DFDFC1E6C;PA;São Félix do Xingu;Curso d'água natural de até 10 metros;Analisado, aguardando atendimento a notificação;PE;0,4175
PA-1507300-3C38F4763EFD43F0BC6AF6C56E331BCB;PA;São Félix do Xingu;Curso d'água natural de até 10 metros;Analisado, aguardando atendimento a notificação;PE;0,6484
PA-1507300-3C4393B8718C461FB53718BC671C83C3;PA;São Félix do Xingu;Curso d'água natural de até 10 metros;Analisado, aguardando atendimento a notificação;PE;2,5958
PA-1507300-3C816B4353394EC0BFA13D260609833F;PA;São Félix do Xingu;Curso d'água natural de até 10 metros;Analisado, aguardando regularização ambiental (Lei nº 12.651/2012);AT;0,4758
PA-1507300-3CEC7503A27B48069FA4800429E31EB6;PA;São Félix do Xingu;Curso d'água natural de até 10 metros;Analisado, aguardando regularização ambiental (Lei nº 12.651/2012);AT;0,1390
PA-1507300-3CFD9B929C924C878C26B1FCD77F42B2;PA;São Félix do Xingu;Curso d'água natural de até 10 metros;Analisado, aguardando atendimento a notificação;PE;0,0184
PA-1507300-3D08A2A6FABF4B04A961623D4CA3962B;PA;São Félix do Xingu;Curso d'água natural de até 10 metros;Aguardando análise;PE;3,8512
PA-1507300-3D49DD599A8248EF97F16463D3F94EDC;PA;São Félix do Xingu;Curso d'água natural de até 10 metros;Analisado, aguardando atendimento a notificação;PE;0,6405
PA-1507300-3D5E8AF867AD43599F9EDBC1E59DC9A5;PA;São Félix do Xingu;Curso d'água natural de até 10 metros;Analisado, aguardando regularização ambiental (Lei nº 12.651/2012);AT;0,1550
PA-1507300-3D73AD07843C45678C703DE09A857EDA;PA;São Félix do Xingu;Curso d'água natural de até 10 metros;Analisado, aguardando atendimento a notificação;AT;18,4788
PA-1507300-3DA311AB18D54A0092BBCA776E4D44C4;PA;São Félix do Xingu;Curso d'água natural de até 10 metros;Aguardando análise;PE;7,1618
PA-1507300-3DA85CA999F446AB872D3A2F3D4BB5CB;PA;São Félix do Xingu;Curso d'água natural de até 10 metros;Analisado, aguardando atendimento a notificação;PE;0,2015
PA-1507300-3DB33C1FBD684E4DBD5CAE4085553978;PA;São Félix do Xingu;Curso d'água natural de até 10 metros;Analisado, aguardando regularização ambiental (Lei nº 12.651/2012);AT;6,8827
PA-1507300-3E1A5F2B333B4E25810A6852F10ADF0A;PA;São Félix do Xingu;Curso d'água natural de até 10 metros;Analisado, aguardando regularização ambiental (Lei nº 12.651/2012);AT;0,3262
PA-1507300-3E1EEE52BE1645E4ACB1CBB4EB0D7974;PA;São Félix do Xingu;Curso d'água natural de até 10 metros;Analisado, aguardando atendimento a notificação;PE;1,5050
PA-1507300-3E7474EF9E224DD29ED479AA9FE72BDE;PA;São Félix do Xingu;Curso d'água natural de até 10 metros;Aguardando análise;PE;1,2574
PA-1507300-3E8DD92DF5CF4F7F9405FD5CACA4A30B;PA;São Félix do Xingu;Curso d'água natural de até 10 metros;Analisado, aguardando atendimento a notificação;AT;4,0332
PA-1507300-3EADEFE892B44A889A90900B3692F6B8;PA;São Félix do Xingu;Curso d'água natural de até 10 metros;Analisado, aguardando regularização ambiental (Lei nº 12.651/2012);AT;0,3225
PA-1507300-3ED45AA0330442399E90F77B40EA5FA2;PA;São Félix do Xingu;Curso d'água natural de até 10 metros;Analisado, aguardando atendimento a notificação;PE;3,3370
PA-1507300-3ED80BA36B2E466E883DBFDAF2CF73DB;PA;São Félix do Xingu;Curso d'água natural de até 10 metros;Analisado, aguardando atendimento a notificação;PE;2,8282
PA-1507300-3EFC5176B0CB41FAB7343A471776BBE0;PA;São Félix do Xingu;Curso d'água natural de até 10 metros;Analisado, aguardando regularização ambiental (Lei nº 12.651/2012);AT;2,4203
PA-1507300-3F1017E99C0B4B5CA2A91AD48D012F27;PA;São Félix do Xingu;Curso d'água natural de até 10 metros;Analisado, aguardando atendimento a notificação;SU;0,3203
PA-1507300-3F54C46CC73B4BEBAC5A957D166B4180;PA;São Félix do Xingu;Curso d'água natural de até 10 metros;Analisado, aguardando regularização ambiental (Lei nº 12.651/2012);AT;3,7926
PA-1507300-3F58606C8C4640B99ABC89B041F06D93;PA;São Félix do Xingu;Curso d'água natural de até 10 metros;Analisado, aguardando atendimento a notificação;PE;4,4683
PA-1507300-3F666A781DF242F1972B40E2BAF73791;PA;São Félix do Xingu;Curso d'água natural de até 10 metros;Analisado, aguardando atendimento a notificação;PE;2,6403
PA-1507300-4002D150CA5C40B7A94C81753E0671BE;PA;São Félix do Xingu;Curso d'água natural de até 10 metros;Analisado, aguardando regularização ambiental (Lei nº 12.651/2012);AT;0,1225
PA-1507300-40463BE567964B09A1BB1213F4E37C5C;PA;São Félix do Xingu;Curso d'água natural de até 10 metros;Analisado, aguardando atendimento a notificação;PE;0,0851
PA-1507300-406670B1EDE0436C81A0479C997459F2;PA;São Félix do Xingu;Curso d'água natural de até 10 metros;Analisado, aguardando atendimento a notificação;PE;0,6256
PA-1507300-40D79E6DE4C34C8CBBFC19FA484AB019;PA;São Félix do Xingu;Curso d'água natural de até 10 metros;Analisado, aguardando atendimento a notificação;PE;0,4174
PA-1507300-40DEF04249684469B091C7C79A2D7CCD;PA;São Félix do Xingu;Curso d'água natural de até 10 metros;Analisado, aguardando atendimento a notificação;SU;1,3187
PA-1507300-40EC3BC08AF943ADA14EA2F432181F76;PA;São Félix do Xingu;Curso d'água natural de até 10 metros;Analisado, aguardando atendimento a notificação;PE;1,8692
PA-1507300-41083A1175F94AA5B4F3DA510D888371;PA;São Félix do Xingu;Curso d'água natural de até 10 metros;Analisado, aguardando atendimento a notificação;PE;0,1171
PA-1507300-410C889E68F5415795A5065A881ACAA3;PA;São Félix do Xingu;Curso d'água natural de até 10 metros;Analisado, aguardando atendimento a notificação;PE;0,4737
PA-1507300-4174F8D9DB634891BF41410AD1F0C9B7;PA;São Félix do Xingu;Curso d'água natural de até 10 metros;Analisado, aguardando atendimento a notificação;PE;0,0887
PA-1507300-41A5B1D7D4A34955AC27A5CD74210578;PA;São Félix do Xingu;Curso d'água natural de até 10 metros;Analisado, aguardando atendimento a notificação;PE;0,3759
PA-1507300-42A834C93D3B4BE39FE213E605030075;PA;São Félix do Xingu;Curso d'água natural de até 10 metros;Aguardando análise;PE;12,9830
PA-1507300-42B71A5371B04CB09416ED703991E852;PA;São Félix do Xingu;Curso d'água natural de até 10 metros;Aguardando análise;PE;2,2527
PA-1507300-42EAA992D56C4A9B9F824281EBE074B1;PA;São Félix do Xingu;Curso d'água natural de até 10 metros;Analisado, aguardando regularização ambiental (Lei nº 12.651/2012);PE;0,2051
PA-1507300-430D4F2183DD45D3A06CE6C08D3FB8B1;PA;São Félix do Xingu;Curso d'água natural de até 10 metros;Analisado, aguardando atendimento a notificação;PE;1,5455
PA-1507300-4335127BB8C9481388B99650C24E9A36;PA;São Félix do Xingu;Curso d'água natural de até 10 metros;Analisado, aguardando atendimento a notificação;AT;0,1318
PA-1507300-43393350A2CD4E0AA619C30A773D8081;PA;São Félix do Xingu;Curso d'água natural de até 10 metros;Aguardando análise;AT;0,3269
PA-1507300-437F5C82F4874222A44B412281EE5D11;PA;São Félix do Xingu;Curso d'água natural de até 10 metros;Analisado, aguardando atendimento a notificação;PE;0,9437
PA-1507300-439A34686822491F9B742D2243D0EFAF;PA;São Félix do Xingu;Curso d'água natural de até 10 metros;Analisado, aguardando regularização ambiental (Lei nº 12.651/2012);AT;1,2312
PA-1507300-43E8896DBF9E497B834912FAEEDA2EF4;PA;São Félix do Xingu;Curso d'água natural de até 10 metros;Analisado, aguardando atendimento a notificação;PE;0,1422
PA-1507300-44701D320CF442BA890007EDEF9A139F;PA;São Félix do Xingu;Curso d'água natural de até 10 metros;Analisado, aguardando regularização ambiental (Lei nº 12.651/2012);AT;0,1822
PA-1507300-447571069EB14824841C3220E67AB5DF;PA;São Félix do Xingu;Curso d'água natural de até 10 metros;Analisado, aguardando atendimento a notificação;AT;0,0897
PA-1507300-448892C75B954B189408164ADD70F1C0;PA;São Félix do Xingu;Curso d'água natural de até 10 metros;Analisado, aguardando atendimento a notificação;AT;0,1176
PA-1507300-44B947A58A2D4AC3A32EE39B7FC1D772;PA;São Félix do Xingu;Curso d'água natural de até 10 metros;Analisado, aguardando atendimento a notificação;PE;0,1042
PA-1507300-44C2D621A38A4EDE9FC19ECE4E6D2EE8;PA;São Félix do Xingu;Curso d'água natural de até 10 metros;Analisado, aguardando atendimento a notificação;PE;0,4763
PA-1507300-44C5691D50264B8CA70FE865053A35CC;PA;São Félix do Xingu;Curso d'água natural de até 10 metros;Aguardando análise;PE;0,4079
PA-1507300-4542DCF9FD0D488CB9BDC000B471E8D9;PA;São Félix do Xingu;Curso d'água natural de até 10 metros;Analisado, aguardando regularização ambiental (Lei nº 12.651/2012);AT;27,2753
PA-1507300-45740A3F9D5E4B17ACCF8E51DAD52669;PA;São Félix do Xingu;Curso d'água natural de até 10 metros;Analisado, aguardando atendimento a notificação;AT;0,4094
PA-1507300-4575E0E2C9144151908BEBEAADEBBEF7;PA;São Félix do Xingu;Curso d'água natural de até 10 metros;Analisado, aguardando atendimento a notificação;PE;0,4845
PA-1507300-45AB02FCB46D4DC19E803D6E3DA0EA20;PA;São Félix do Xingu;Curso d'água natural de até 10 metros;Analisado, aguardando atendimento a notificação;PE;4,5638
PA-1507300-45FF2AB663A441D3B4628C6D218745C3;PA;São Félix do Xingu;Curso d'água natural de até 10 metros;Analisado, aguardando atendimento a notificação;PE;0,2623
PA-1507300-460C4A283E6547FDAFE420F185DEF87D;PA;São Félix do Xingu;Curso d'água natural de até 10 metros;Analisado, aguardando regularização ambiental (Lei nº 12.651/2012);AT;0,1278
PA-1507300-46452FD6354E489A9E787CECB0BA7FE8;PA;São Félix do Xingu;Curso d'água natural de até 10 metros;Analisado, aguardando atendimento a notificação;PE;0,2367
PA-1507300-46490BE02CA74B27BDD30B1DC0404457;PA;São Félix do Xingu;Curso d'água natural de até 10 metros;Analisado, aguardando atendimento a notificação;PE;0,4531
PA-1507300-46554D5711D34DBCBD4AD330BB2C5EF0;PA;São Félix do Xingu;Curso d'água natural de até 10 metros;Analisado, aguardando atendimento a notificação;PE;0,5949
PA-1507300-468CCB385D2B42DE8917781E2605587B;PA;São Félix do Xingu;Curso d'água natural de até 10 metros;Analisado, aguardando atendimento a notificação;PE;0,4873
PA-1507300-46C44F3E73CF48068607DEB82E8CC01A;PA;São Félix do Xingu;Curso d'água natural de até 10 metros;Aguardando análise;PE;16,8272
PA-1507300-46D4BF8533D54FFE9EE8DB762C7DC70A;PA;São Félix do Xingu;Curso d'água natural de até 10 metros;Analisado, aguardando atendimento a notificação;PE;0,9299
PA-1507300-46F26A81BF4049C681816C979DF25002;PA;São Félix do Xingu;Curso d'água natural de até 10 metros;Analisado, aguardando atendimento a notificação;PE;0,0246
PA-1507300-46FC78379D5D44F29E6C7BB052E3C6CF;PA;São Félix do Xingu;Curso d'água natural de até 10 metros;Analisado sem pendências;AT;0,0075
PA-1507300-46FD9D167BD640E8A7A1BF3848FC920E;PA;São Félix do Xingu;Curso d'água natural de até 10 metros;Analisado, aguardando regularização ambiental (Lei nº 12.651/2012);AT;16,9887
PA-1507300-4706066A72004F50A584CBEBF50E447B;PA;São Félix do Xingu;Curso d'água natural de até 10 metros;Aguardando análise;PE;0,4912
PA-1507300-477FAE60AC7945F494CFD6F5EE414250;PA;São Félix do Xingu;Curso d'água natural de até 10 metros;Analisado, aguardando atendimento a notificação;PE;0,8718
PA-1507300-477FFA532DCA4E299EDFDC46C50F32F7;PA;São Félix do Xingu;Curso d'água natural de até 10 metros;Analisado, aguardando regularização ambiental (Lei nº 12.651/2012);AT;0,3035
PA-1507300-479EAB842C4B4527835C295E716B1813;PA;São Félix do Xingu;Curso d'água natural de até 10 metros;Analisado sem pendências;AT;0,0360
PA-1507300-47C56688D72441038AB5A14F77152D1C;PA;São Félix do Xingu;Curso d'água natural de até 10 metros;Analisado, aguardando regularização ambiental (Lei nº 12.651/2012);AT;6,6409
PA-1507300-482FA6E9C7BC4FF9A63B9D6A24A9876E;PA;São Félix do Xingu;Curso d'água natural de até 10 metros;Analisado, aguardando atendimento a notificação;PE;9,4211
PA-1507300-48672940F9FC4B489F520B5C1B3E6051;PA;São Félix do Xingu;Curso d'água natural de até 10 metros;Analisado, aguardando atendimento a notificação;PE;0,6069
PA-1507300-488E4206C42B4207A61385F3CEFA08C7;PA;São Félix do Xingu;Curso d'água natural de até 10 metros;Analisado, aguardando atendimento a notificação;PE;0,8181
PA-1507300-48A431E82E4D4D6DA349D57A94DE8F49;PA;São Félix do Xingu;Curso d'água natural de até 10 metros;Analisado, aguardando atendimento a notificação;AT;0,2176
PA-1507300-48A8D3392FE74765AF6E5455E4A334BE;PA;São Félix do Xingu;Curso d'água natural de até 10 metros;Analisado, aguardando atendimento a notificação;PE;0,2487
PA-1507300-48EE0142B70D4EE899A6F69DA6001120;PA;São Félix do Xingu;Curso d'água natural de até 10 metros;Analisado, aguardando atendimento a notificação;PE;0,2290
PA-1507300-49275BB22DE24A59B821B78759A9E6FC;PA;São Félix do Xingu;Curso d'água natural de até 10 metros;Analisado, aguardando atendimento a notificação;AT;0,3503
PA-1507300-4960FC959C514599A274A6C5BDC7D12F;PA;São Félix do Xingu;Curso d'água natural de até 10 metros;Analisado, aguardando atendimento a notificação;PE;0,1538
PA-1507300-49762746249C498B97B645E6D268DB87;PA;São Félix do Xingu;Curso d'água natural de até 10 metros;Analisado, aguardando atendimento a notificação;PE;0,0567
PA-1507300-49FF8EE0E1F74C5EB457DF9BF2D743C0;PA;São Félix do Xingu;Curso d'água natural de até 10 metros;Analisado, aguardando atendimento a notificação;PE;0,0766
PA-1507300-4A01DD4FF1CC4564A3B1EB6F53C704B2;PA;São Félix do Xingu;Curso d'água natural de até 10 metros;Analisado, aguardando atendimento a notificação;PE;2,1775
PA-1507300-4A523536E7284DC1836EA1A3C1D02A2D;PA;São Félix do Xingu;Curso d'água natural de até 10 metros;Analisado, aguardando atendimento a notificação;PE;6,0762
PA-1507300-4A740EE3BC874A05A662EEA48278BE4A;PA;São Félix do Xingu;Curso d'água natural de até 10 metros;Analisado, aguardando atendimento a notificação;PE;0,0891
PA-1507300-4AC075747D66486D91C9BF1B1114BC3D;PA;São Félix do Xingu;Curso d'água natural de até 10 metros;Analisado, aguardando atendimento a notificação;PE;0,0319
PA-1507300-4AD6A673864D4437952CE1BF22830EF7;PA;São Félix do Xingu;Curso d'água natural de até 10 metros;Analisado, aguardando regularização ambiental (Lei nº 12.651/2012);AT;24,4288
PA-1507300-4ADC28E2D17E4EFF9979D54495ABCE0B;PA;São Félix do Xingu;Curso d'água natural de até 10 metros;Analisado, aguardando atendimento a notificação;PE;1,1993
PA-1507300-4ADC789942F44F9780ED9F60F6D41E2B;PA;São Félix do Xingu;Curso d'água natural de até 10 metros;Analisado, em conformidade com a Lei nº 12.651/2012;AT;5,0214
PA-1507300-4AF11A37CB264F149222B43AB5BD275E;PA;São Félix do Xingu;Curso d'água natural de até 10 metros;Analisado, aguardando atendimento a notificação;AT;0,1073
PA-1507300-4AF2F8876D2848B0B3A63C0AC16551F0;PA;São Félix do Xingu;Curso d'água natural de até 10 metros;Analisado, aguardando atendimento a notificação;PE;1,3502
PA-1507300-4B129E3C220C48438A2B63BC061F33F1;PA;São Félix do Xingu;Curso d'água natural de até 10 metros;Analisado, aguardando atendimento a notificação;PE;0,3961
PA-1507300-4B1ED5D0F9AC48D292DE9F5957651D0C;PA;São Félix do Xingu;Curso d'água natural de até 10 metros;Analisado, aguardando atendimento a notificação;PE;0,3949
PA-1507300-4B236EF96FF049928C0DB5E045FF7E5E;PA;São Félix do Xingu;Curso d'água natural de até 10 metros;Analisado, aguardando atendimento a notificação;PE;0,3051
PA-1507300-4B57895205104CE9A9B8301AE97944B2;PA;São Félix do Xingu;Curso d'água natural de até 10 metros;Analisado, aguardando atendimento a notificação;PE;0,3652
PA-1507300-4B5E75D80A3448B49F8DDE4798FCD2A8;PA;São Félix do Xingu;Curso d'água natural de até 10 metros;Analisado, aguardando regularização ambiental (Lei nº 12.651/2012);AT;0,0739
PA-1507300-4B7444AA60B041DDB385E6294104AC50;PA;São Félix do Xingu;Curso d'água natural de até 10 metros;Analisado, aguardando atendimento a notificação;PE;1,3667
PA-1507300-4B824A7D197B4CE78E8753764401CB46;PA;São Félix do Xingu;Curso d'água natural de até 10 metros;Analisado, aguardando atendimento a notificação;PE;0,8436
PA-1507300-4B9654C8EB03466894491E789D6BED1C;PA;São Félix do Xingu;Curso d'água natural de até 10 metros;Analisado, aguardando atendimento a notificação;PE;0,6674
PA-1507300-4BB29A3508B546A2BACD057A07727C27;PA;São Félix do Xingu;Curso d'água natural de até 10 metros;Analisado, aguardando atendimento a notificação;PE;1,4084
PA-1507300-4BC367E8074742E499FA724CE0C052D8;PA;São Félix do Xingu;Curso d'água natural de até 10 metros;Aguardando análise;PE;8,1222
PA-1507300-4BD6F3D712A045F8BE091D94D07B559F;PA;São Félix do Xingu;Curso d'água natural de até 10 metros;Analisado, aguardando regularização ambiental (Lei nº 12.651/2012);AT;4,8035
PA-1507300-4BD75C09B1E9491289B7648CE135A878;PA;São Félix do Xingu;Curso d'água natural de até 10 metros;Analisado, aguardando atendimento a notificação;PE;0,0985
PA-1507300-4C2E1A844CCA4C9B90BC5B4F47EE31B1;PA;São Félix do Xingu;Curso d'água natural de até 10 metros;Analisado, aguardando regularização ambiental (Lei nº 12.651/2012);PE;15,5827
PA-1507300-4C4FB7BBB4CD40329535A24808817B9C;PA;São Félix do Xingu;Curso d'água natural de até 10 metros;Analisado, aguardando atendimento a notificação;PE;0,1190
PA-1507300-4C54E362883246B8A1AE6013B5D13EC4;PA;São Félix do Xingu;Curso d'água natural de até 10 metros;Analisado, aguardando atendimento a notificação;PE;0,7764
PA-1507300-4C911F40BBE54586857B4478CA5415FA;PA;São Félix do Xingu;Curso d'água natural de até 10 metros;Analisado, aguardando atendimento a notificação;PE;0,1264
PA-1507300-4CB54DF16FB14D3880C4CF24C14BC0A0;PA;São Félix do Xingu;Curso d'água natural de até 10 metros;Analisado, aguardando atendimento a notificação;PE;12,4959
PA-1507300-4CC044345E914B13B9839E8CE9F465FB;PA;São Félix do Xingu;Curso d'água natural de até 10 metros;Analisado, aguardando atendimento a notificação;PE;0,4992
PA-1507300-4CF2704B20EA432DBF5B81584A514FC9;PA;São Félix do Xingu;Curso d'água natural de até 10 metros;Analisado, aguardando atendimento a notificação;AT;2,2227
PA-1507300-4CFC92F822C44BCC9A5C7DA024D38F7F;PA;São Félix do Xingu;Curso d'água natural de até 10 metros;Analisado, aguardando regularização ambiental (Lei nº 12.651/2012);AT;4,6868
PA-1507300-4D84572B55B241D6897A43BFD55A3110;PA;São Félix do Xingu;Curso d'água natural de até 10 metros;Analisado, aguardando atendimento a notificação;PE;0,3633
PA-1507300-4D84719FE58F40CBA40F6AC7FBE62D3C;PA;São Félix do Xingu;Curso d'água natural de até 10 metros;Analisado, aguardando regularização ambiental (Lei nº 12.651/2012);AT;0,0922
PA-1507300-4E0A0D0FBB1240C8B175D90845812A1B;PA;São Félix do Xingu;Curso d'água natural de até 10 metros;Analisado, aguardando atendimento a notificação;PE;0,2578
PA-1507300-4E2D81EE25CF434EB2396A8E6423750E;PA;São Félix do Xingu;Curso d'água natural de até 10 metros;Analisado, aguardando atendimento a notificação;PE;0,2282
PA-1507300-4E2FE4E5B97A412D99EF17A59B52BB48;PA;São Félix do Xingu;Curso d'água natural de até 10 metros;Analisado, aguardando atendimento a notificação;PE;0,0785
PA-1507300-4E389B27FDE847A0996286AB8840E2DF;PA;São Félix do Xingu;Curso d'água natural de até 10 metros;Analisado sem pendências;AT;0,0486
PA-1507300-4E5603D60FC749DFB53230B20E87785F;PA;São Félix do Xingu;Curso d'água natural de até 10 metros;Analisado, aguardando atendimento a notificação;PE;0,2778
PA-1507300-4F128007ED8D4D8785A040C4E7CB92BC;PA;São Félix do Xingu;Curso d'água natural de até 10 metros;Analisado, aguardando atendimento a notificação;PE;2,2225
PA-1507300-4F3AD77C89F94B348993FFD4B2C2F15F;PA;São Félix do Xingu;Curso d'água natural de até 10 metros;Analisado, aguardando atendimento a notificação;PE;1,0708
PA-1507300-4F461FEB6CA7427D92FFB0C7C057B861;PA;São Félix do Xingu;Curso d'água natural de até 10 metros;Analisado, aguardando atendimento a notificação;PE;0,4793
PA-1507300-4FCD20734E83461D810C94DC5D0797BB;PA;São Félix do Xingu;Curso d'água natural de até 10 metros;Analisado, aguardando regularização ambiental (Lei nº 12.651/2012);AT;2,0149
PA-1507300-4FEEAA1CCDEC4D76AA70DD815E23C769;PA;São Félix do Xingu;Curso d'água natural de até 10 metros;Analisado, aguardando atendimento a notificação;PE;8,5424
PA-1507300-504FEAEC05504CC9A2A16D8062AB5CD7;PA;São Félix do Xingu;Curso d'água natural de até 10 metros;Analisado, aguardando atendimento a notificação;PE;0,5562
PA-1507300-5083B82092D64CEFA0F469969506B3FE;PA;São Félix do Xingu;Curso d'água natural de até 10 metros;Analisado, aguardando atendimento a notificação;PE;0,0341
PA-1507300-50ADA2730B614541B7EA74C0133DFC7B;PA;São Félix do Xingu;Curso d'água natural de até 10 metros;Analisado, aguardando atendimento a notificação;PE;0,3998
PA-1507300-50CED9BE9FDF4E1CBCDC6074305901CB;PA;São Félix do Xingu;Curso d'água natural de até 10 metros;Analisado, aguardando atendimento a notificação;PE;0,2471
PA-1507300-50D084AE606B406CA4D7637713BFF40C;PA;São Félix do Xingu;Curso d'água natural de até 10 metros;Analisado, aguardando atendimento a notificação;PE;0,1393
PA-1507300-50FFEFF912E649C294D336BAA443F2DF;PA;São Félix do Xingu;Curso d'água natural de até 10 metros;Analisado, aguardando atendimento a notificação;PE;0,6302
PA-1507300-51031163202444B589A4591C7E38210B;PA;São Félix do Xingu;Curso d'água natural de até 10 metros;Analisado, aguardando atendimento a notificação;PE;0,0968
PA-1507300-514F3D113F5944C58EB04A76374DEE69;PA;São Félix do Xingu;Curso d'água natural de até 10 metros;Analisado, aguardando atendimento a notificação;PE;0,0944
PA-1507300-5159E6F90F464697B35B0467AFA00E24;PA;São Félix do Xingu;Curso d'água natural de até 10 metros;Analisado, aguardando atendimento a notificação;PE;1,2108
PA-1507300-51620307993A40908A1DBD5269023F45;PA;São Félix do Xingu;Curso d'água natural de até 10 metros;Analisado, aguardando regularização ambiental (Lei nº 12.651/2012);AT;7,2472
PA-1507300-518276736D3043D685DE61F24C1A2612;PA;São Félix do Xingu;Curso d'água natural de até 10 metros;Analisado, aguardando atendimento a notificação;AT;0,0941
PA-1507300-51A01A86A97C4F09A71D2445AAA79CB1;PA;São Félix do Xingu;Curso d'água natural de até 10 metros;Analisado, aguardando atendimento a notificação;PE;0,5734
PA-1507300-52C7E130350146BC9DA0F0DE9F022710;PA;São Félix do Xingu;Curso d'água natural de até 10 metros;Analisado, aguardando atendimento a notificação;PE;0,2341
PA-1507300-52E5953DA7D2451E99A70FD6D7BF6F26;PA;São Félix do Xingu;Curso d'água natural de até 10 metros;Analisado, aguardando atendimento a notificação;PE;1,1597
PA-1507300-5336C03CA1AD4F9DAECD00D99ADBC248;PA;São Félix do Xingu;Curso d'água natural de até 10 metros;Analisado, aguardando atendimento a notificação;PE;0,0230
PA-1507300-5360E866B73F42C4826BFF289251651A;PA;São Félix do Xingu;Curso d'água natural de até 10 metros;Analisado, aguardando regularização ambiental (Lei nº 12.651/2012);PE;0,1483
PA-1507300-53BF252C6041403AB457CBD5842DC95B;PA;São Félix do Xingu;Curso d'água natural de até 10 metros;Analisado, aguardando atendimento a notificação;PE;11,8041
PA-1507300-543DB4F70B1341879FE6EE60B9421059;PA;São Félix do Xingu;Curso d'água natural de até 10 metros;Aguardando análise;PE;6,8862
PA-1507300-5449EAF38F5048AF8BB168DAF2F36E83;PA;São Félix do Xingu;Curso d'água natural de até 10 metros;Analisado, aguardando atendimento a notificação;PE;0,1907
PA-1507300-5457B91537CE47378D66A2C9D923995E;PA;São Félix do Xingu;Curso d'água natural de até 10 metros;Analisado, aguardando atendimento a notificação;PE;0,3977
PA-1507300-548952BE145C4BCA8BADDC53F97A5833;PA;São Félix do Xingu;Curso d'água natural de até 10 metros;Analisado, aguardando atendimento a notificação;PE;0,6319
PA-1507300-54C87E9ADF6C401C8D31852E31AB70A5;PA;São Félix do Xingu;Curso d'água natural de até 10 metros;Analisado, aguardando atendimento a notificação;PE;2,6997
PA-1507300-551469FD343248B98D7C5DE77CE8E86F;PA;São Félix do Xingu;Curso d'água natural de até 10 metros;Analisado, aguardando atendimento a notificação;PE;1,2162
PA-1507300-5516A72992B74866B32187B993B66073;PA;São Félix do Xingu;Curso d'água natural de até 10 metros;Analisado, aguardando atendimento a notificação;PE;0,1055
PA-1507300-55A916B4958C4111A3478B7BB27F6862;PA;São Félix do Xingu;Curso d'água natural de até 10 metros;Analisado, aguardando regularização ambiental (Lei nº 12.651/2012);PE;0,1912
PA-1507300-55E6673187E547FFB8FAE3E00ADAE8F2;PA;São Félix do Xingu;Curso d'água natural de até 10 metros;Analisado, aguardando atendimento a notificação;PE;2,7879
PA-1507300-5668686306894E8AA430ABC45DEFEF93;PA;São Félix do Xingu;Curso d'água natural de até 10 metros;Analisado, aguardando regularização ambiental (Lei nº 12.651/2012);AT;4,5520
PA-1507300-56723B57CC174C8A9016694D6F7339B2;PA;São Félix do Xingu;Curso d'água natural de até 10 metros;Analisado, aguardando atendimento a notificação;PE;0,4609
PA-1507300-5686174A62224010AD725CBD89DB9485;PA;São Félix do Xingu;Curso d'água natural de até 10 metros;Analisado, aguardando regularização ambiental (Lei nº 12.651/2012);AT;0,3502
PA-1507300-56A35276E41F43809DBFFE9E90C3DB19;PA;São Félix do Xingu;Curso d'água natural de até 10 metros;Analisado, aguardando regularização ambiental (Lei nº 12.651/2012);PE;15,3708
PA-1507300-570BB63ED7A349AE8541C0AAF3E8CAAC;PA;São Félix do Xingu;Curso d'água natural de até 10 metros;Analisado, aguardando regularização ambiental (Lei nº 12.651/2012);AT;3,4020
PA-1507300-572D28BB858F4AD0AB1C4EA7294B3BAF;PA;São Félix do Xingu;Curso d'água natural de até 10 metros;Analisado, aguardando atendimento a notificação;PE;0,2330
PA-1507300-573670C82B5D4A7FA0C010DABDAB3CF2;PA;São Félix do Xingu;Curso d'água natural de até 10 metros;Analisado, aguardando atendimento a notificação;PE;0,3344
PA-1507300-573EE9C15A5148A092942549067B2124;PA;São Félix do Xingu;Curso d'água natural de até 10 metros;Analisado, aguardando atendimento a notificação;PE;0,6044
PA-1507300-57523463EF784A0DA92D438704E6C4FD;PA;São Félix do Xingu;Curso d'água natural de até 10 metros;Analisado, aguardando atendimento a notificação;PE;1,1162
PA-1507300-5791921E033A42FF8F60D7E7C76469B0;PA;São Félix do Xingu;Curso d'água natural de até 10 metros;Analisado, aguardando atendimento a notificação;PE;0,0712
PA-1507300-57BA2E66F2F44980B3A116E80A85FF23;PA;São Félix do Xingu;Curso d'água natural de até 10 metros;Analisado, aguardando atendimento a notificação;PE;0,4017
PA-1507300-57E1EE5FB680433A80211C6BF9702C6C;PA;São Félix do Xingu;Curso d'água natural de até 10 metros;Analisado, aguardando atendimento a notificação;AT;0,4090
PA-1507300-57EBC81F051E41ABBE27A5FB6EFD4BB4;PA;São Félix do Xingu;Curso d'água natural de até 10 metros;Analisado, aguardando atendimento a notificação;PE;0,4114
PA-1507300-57F112ED75C34DBE9A996F19A7CFD160;PA;São Félix do Xingu;Curso d'água natural de até 10 metros;Analisado, aguardando atendimento a notificação;PE;0,1379
PA-1507300-5839CE64C13E430BBE733616551B6DEF;PA;São Félix do Xingu;Curso d'água natural de até 10 metros;Analisado, aguardando regularização ambiental (Lei nº 12.651/2012);AT;5,1608
PA-1507300-5902899E99D24412A95D0C7224BABAD4;PA;São Félix do Xingu;Curso d'água natural de até 10 metros;Analisado, aguardando atendimento a notificação;PE;0,1284
PA-1507300-5903437243554749A1A7D39793F0A576;PA;São Félix do Xingu;Curso d'água natural de até 10 metros;Analisado, aguardando atendimento a notificação;PE;10,2506
PA-1507300-5934305B1B9A474BA52ABCDFCAC3B1FC;PA;São Félix do Xingu;Curso d'água natural de até 10 metros;Analisado, aguardando atendimento a notificação;PE;1,3947
PA-1507300-59D0B2DB976B49058DCB364C727781F5;PA;São Félix do Xingu;Curso d'água natural de até 10 metros;Analisado, aguardando atendimento a notificação;PE;1,4756
PA-1507300-59EA90605F374036A71E6ADBED375E41;PA;São Félix do Xingu;Curso d'água natural de até 10 metros;Analisado, aguardando atendimento a notificação;PE;0,4774
PA-1507300-59FBC50D8B58452AB920AE5668F2D666;PA;São Félix do Xingu;Curso d'água natural de até 10 metros;Analisado, aguardando atendimento a notificação;SU;0,8263
PA-1507300-5A41A7176865406EA6C973423FB8D799;PA;São Félix do Xingu;Curso d'água natural de até 10 metros;Analisado, aguardando atendimento a notificação;PE;0,1857
PA-1507300-5AA55F235B4A4A27A3B4A2C08364CF3B;PA;São Félix do Xingu;Curso d'água natural de até 10 metros;Analisado, aguardando atendimento a notificação;PE;1,2394
PA-1507300-5AC6053355BC4FA88D955F3038B9BF4E;PA;São Félix do Xingu;Curso d'água natural de até 10 metros;Analisado, aguardando atendimento a notificação;PE;0,3926
PA-1507300-5AE29213297342CA8F96542D40656639;PA;São Félix do Xingu;Curso d'água natural de até 10 metros;Analisado, aguardando atendimento a notificação;PE;0,6084
PA-1507300-5B30E17E6222409CA784899A3351B64F;PA;São Félix do Xingu;Curso d'água natural de até 10 metros;Aguardando análise;PE;8,3558
PA-1507300-5B4A0C621F714226B463D48A90F705DE;PA;São Félix do Xingu;Curso d'água natural de até 10 metros;Analisado, aguardando atendimento a notificação;PE;0,7667
PA-1507300-5B5CE08058CC406E9E5FB36BAA177535;PA;São Félix do Xingu;Curso d'água natural de até 10 metros;Analisado, aguardando regularização ambiental (Lei nº 12.651/2012);AT;1,0337
PA-1507300-5B6440E24DDB458B9AE8C79E13B2E574;PA;São Félix do Xingu;Curso d'água natural de até 10 metros;Analisado, aguardando atendimento a notificação;PE;0,2106
PA-1507300-5B77CB86A82A4A389AA85FEE9859D90A;PA;São Félix do Xingu;Curso d'água natural de até 10 metros;Analisado, aguardando regularização ambiental (Lei nº 12.651/2012);PE;9,9200
PA-1507300-5B8151030C0C4BC385792856B93C944D;PA;São Félix do Xingu;Curso d'água natural de até 10 metros;Analisado, aguardando atendimento a notificação;PE;0,3294
PA-1507300-5B8161B88647402987CA65F0072EAD14;PA;São Félix do Xingu;Curso d'água natural de até 10 metros;Analisado, aguardando regularização ambiental (Lei nº 12.651/2012);AT;2,7431
PA-1507300-5BB3958FE43C4931AE3E727BFBBFA296;PA;São Félix do Xingu;Curso d'água natural de até 10 metros;Aguardando análise;PE;5,0106
PA-1507300-5C5EAE4BE5B44F929ECC6AB337AD9F0B;PA;São Félix do Xingu;Curso d'água natural de até 10 metros;Analisado, aguardando atendimento a notificação;PE;0,1355
PA-1507300-5C6A4304FCF94994A2C25AB914BD348B;PA;São Félix do Xingu;Curso d'água natural de até 10 metros;Analisado, aguardando atendimento a notificação;PE;0,4727
PA-1507300-5C946622572A4B9BA1555C345E35C783;PA;São Félix do Xingu;Curso d'água natural de até 10 metros;Analisado, aguardando regularização ambiental (Lei nº 12.651/2012);AT;2,8254
PA-1507300-5CBC37F2075A4A1CA9D68C32E8ECBBE4;PA;São Félix do Xingu;Curso d'água natural de até 10 metros;Analisado, aguardando regularização ambiental (Lei nº 12.651/2012);PE;0,4802
PA-1507300-5CF89BED036C444794ED4405F848B822;PA;São Félix do Xingu;Curso d'água natural de até 10 metros;Analisado, aguardando atendimento a notificação;AT;0,2083
PA-1507300-5D1749B630E945228CBB337116B2B912;PA;São Félix do Xingu;Curso d'água natural de até 10 metros;Analisado, aguardando atendimento a notificação;PE;0,4023
PA-1507300-5D57A6B2D1084927817282AB1D3B82AA;PA;São Félix do Xingu;Curso d'água natural de até 10 metros;Analisado, aguardando regularização ambiental (Lei nº 12.651/2012);AT;0,3073
PA-1507300-5D6081554C64400084E4E491445AE6B5;PA;São Félix do Xingu;Curso d'água natural de até 10 metros;Analisado, aguardando atendimento a notificação;PE;0,1593
PA-1507300-5D84178EDDEB4D46BDA5652FE5B6BA29;PA;São Félix do Xingu;Curso d'água natural de até 10 metros;Analisado, aguardando atendimento a notificação;PE;0,9594
PA-1507300-5E183ECC085143D399234EE20CD1434D;PA;São Félix do Xingu;Curso d'água natural de até 10 metros;Analisado, aguardando atendimento a notificação;PE;0,9735
PA-1507300-5E481EAEE7E34277BC1A92AF031D28BE;PA;São Félix do Xingu;Curso d'água natural de até 10 metros;Aguardando análise;PE;4,6782
PA-1507300-5E862E94A875416EB202DD39BDFA47B3;PA;São Félix do Xingu;Curso d'água natural de até 10 metros;Analisado, aguardando atendimento a notificação;AT;1,5515
PA-1507300-5EC855625CC2414199DECC34CD71AFDD;PA;São Félix do Xingu;Curso d'água natural de até 10 metros;Analisado, aguardando atendimento a notificação;PE;3,2968
PA-1507300-5EEA44F6176A4E25ACB3E415FC927D4A;PA;São Félix do Xingu;Curso d'água natural de até 10 metros;Analisado, aguardando regularização ambiental (Lei nº 12.651/2012);AT;0,7018
PA-1507300-5F0868EB831D4197B8EE097B48A893F7;PA;São Félix do Xingu;Curso d'água natural de até 10 metros;Analisado, aguardando atendimento a notificação;PE;0,2980
PA-1507300-5F89B91A14D2400FAA406763A799BF4D;PA;São Félix do Xingu;Curso d'água natural de até 10 metros;Analisado, aguardando regularização ambiental (Lei nº 12.651/2012);AT;2,5926
PA-1507300-5FBAF6B537BE4B40B4B40A3457BBB9AB;PA;São Félix do Xingu;Curso d'água natural de até 10 metros;Analisado, aguardando atendimento a notificação;PE;0,7581
PA-1507300-5FD63FA7DE6445D5BDDE3D8AA31B840D;PA;São Félix do Xingu;Curso d'água natural de até 10 metros;Aguardando análise;SU;29,5595
PA-1507300-602ED27B9C664569BE26778BCA0F9C90;PA;São Félix do Xingu;Curso d'água natural de até 10 metros;Analisado, aguardando atendimento a notificação;PE;0,0801
PA-1507300-60570F9C6B2841CBBBB18141855446FD;PA;São Félix do Xingu;Curso d'água natural de até 10 metros;Analisado, aguardando regularização ambiental (Lei nº 12.651/2012);AT;0,8733
PA-1507300-60B6AC2C30E34F499E00B1FE625F3F4E;PA;São Félix do Xingu;Curso d'água natural de até 10 metros;Analisado, aguardando regularização ambiental (Lei nº 12.651/2012);AT;0,0201
PA-1507300-60EC4410896047D39A7B21DBDCD46163;PA;São Félix do Xingu;Curso d'água natural de até 10 metros;Analisado, aguardando atendimento a notificação;PE;0,1321
PA-1507300-612B75C42837482097BCAEE869C44ED0;PA;São Félix do Xingu;Curso d'água natural de até 10 metros;Analisado, aguardando atendimento a notificação;AT;2,1893
PA-1507300-614097B09B78451F824B398C1768AC4E;PA;São Félix do Xingu;Curso d'água natural de até 10 metros;Analisado, aguardando atendimento a notificação;PE;0,4008
PA-1507300-614945B7FB7547F8992A2B069BC0A184;PA;São Félix do Xingu;Curso d'água natural de até 10 metros;Analisado, aguardando atendimento a notificação;AT;0,0547
PA-1507300-6150ED8C340A46109FB36506AA298AE0;PA;São Félix do Xingu;Curso d'água natural de até 10 metros;Analisado, aguardando atendimento a notificação;PE;0,2480
PA-1507300-6183C4025C65427C8D7DE5E0C58B2812;PA;São Félix do Xingu;Curso d'água natural de até 10 metros;Analisado, aguardando atendimento a notificação;PE;2,2424
PA-1507300-6184CEA5E012467F86DC0382DB83DF60;PA;São Félix do Xingu;Curso d'água natural de até 10 metros;Analisado, aguardando regularização ambiental (Lei nº 12.651/2012);AT;2,1525
PA-1507300-61BA5D2CD24D4DCA9F34A02C838B36C1;PA;São Félix do Xingu;Curso d'água natural de até 10 metros;Analisado, aguardando atendimento a notificação;AT;1,2627
PA-1507300-61DCB2C2C0864A0B856FC4F3DAB4248D;PA;São Félix do Xingu;Curso d'água natural de até 10 metros;Analisado, aguardando regularização ambiental (Lei nº 12.651/2012);AT;2,6782
PA-1507300-621DA48B1E944E3091A1B2275D14699B;PA;São Félix do Xingu;Curso d'água natural de até 10 metros;Analisado, aguardando atendimento a notificação;PE;0,2611
PA-1507300-621F9C6F6BA04CC4943A24392A3AB807;PA;São Félix do Xingu;Curso d'água natural de até 10 metros;Analisado, aguardando atendimento a notificação;PE;1,4199
PA-1507300-624405FF7C2343DD93C3CA4D108B5B7B;PA;São Félix do Xingu;Curso d'água natural de até 10 metros;Analisado, aguardando atendimento a notificação;AT;0,4690
PA-1507300-6267BA8A95B34833A63C3CDB281E0370;PA;São Félix do Xingu;Curso d'água natural de até 10 metros;Analisado sem pendências;AT;0,0386
PA-1507300-627BAFE5C41441D495A42DB88FCCB4E8;PA;São Félix do Xingu;Curso d'água natural de até 10 metros;Analisado, aguardando atendimento a notificação;PE;1,5881
PA-1507300-62F85EA3DE264520A1929FE154BDB5FA;PA;São Félix do Xingu;Curso d'água natural de até 10 metros;Analisado, aguardando regularização ambiental (Lei nº 12.651/2012);AT;0,2297
PA-1507300-62F8BB57B406464885A90887A2F48F95;PA;São Félix do Xingu;Curso d'água natural de até 10 metros;Analisado, aguardando atendimento a notificação;PE;1,0706
PA-1507300-634972A535B34D3CAE09945317BBF60D;PA;São Félix do Xingu;Curso d'água natural de até 10 metros;Analisado, aguardando atendimento a notificação;PE;0,6649
PA-1507300-638DEC0AFBAD41BBBFA038FF98E4715B;PA;São Félix do Xingu;Curso d'água natural de até 10 metros;Aguardando análise;AT;0,1067
PA-1507300-638E7233A5C84305A8133E58B92BF774;PA;São Félix do Xingu;Curso d'água natural de até 10 metros;Analisado, aguardando atendimento a notificação;PE;0,0886
PA-1507300-6393AB15B6B74625979E2C4E23985857;PA;São Félix do Xingu;Curso d'água natural de até 10 metros;Analisado, aguardando atendimento a notificação;SU;0,1623
PA-1507300-63ADBD663D2F4CBA94143A15E8C1AAA5;PA;São Félix do Xingu;Curso d'água natural de até 10 metros;Analisado, aguardando atendimento a notificação;PE;0,2404
PA-1507300-63AE153FB0814650BEE52D4F24BBEF1E;PA;São Félix do Xingu;Curso d'água natural de até 10 metros;Analisado, aguardando atendimento a notificação;PE;0,4204
PA-1507300-63C14D3140304E53BE10CDC00E9EB954;PA;São Félix do Xingu;Curso d'água natural de até 10 metros;Analisado, aguardando atendimento a notificação;PE;7,9981
PA-1507300-64009696124246A0B2EFABFCB6DF6D0B;PA;São Félix do Xingu;Curso d'água natural de até 10 metros;Analisado, aguardando atendimento a notificação;PE;0,2627
PA-1507300-646DFA46E1C14149A99A8417F451375C;PA;São Félix do Xingu;Curso d'água natural de até 10 metros;Analisado, aguardando atendimento a notificação;AT;3,1127
PA-1507300-64BD086624F4403886911CC69DC7BF8A;PA;São Félix do Xingu;Curso d'água natural de até 10 metros;Analisado, aguardando atendimento a notificação;PE;0,0485
PA-1507300-64C0F2B198A64C528507A9892CF01E08;PA;São Félix do Xingu;Curso d'água natural de até 10 metros;Analisado, aguardando atendimento a notificação;AT;0,5673
PA-1507300-64F2964F7A3847ABBA6A6636D1B396CB;PA;São Félix do Xingu;Curso d'água natural de até 10 metros;Analisado, aguardando regularização ambiental (Lei nº 12.651/2012);AT;0,4552
PA-1507300-653611B6F55942599DFA462AC94DD476;PA;São Félix do Xingu;Curso d'água natural de até 10 metros;Analisado, aguardando atendimento a notificação;PE;16,1331
PA-1507300-656200940148490C9535414796659755;PA;São Félix do Xingu;Curso d'água natural de até 10 metros;Analisado, aguardando atendimento a notificação;PE;0,6082
PA-1507300-65974B1E47904C7882A8508EDF14108F;PA;São Félix do Xingu;Curso d'água natural de até 10 metros;Aguardando análise;PE;1,4291
PA-1507300-665AABDA92204ABC959FBE4AEB19E1B1;PA;São Félix do Xingu;Curso d'água natural de até 10 metros;Analisado, aguardando regularização ambiental (Lei nº 12.651/2012);AT;0,0765
PA-1507300-66832BC6B04147C8AF457345CD3195FC;PA;São Félix do Xingu;Curso d'água natural de até 10 metros;Analisado, aguardando atendimento a notificação;PE;0,7936
PA-1507300-669E2A1AE6EC49AE819C3BC3C1F8EAFA;PA;São Félix do Xingu;Curso d'água natural de até 10 metros;Analisado, aguardando atendimento a notificação;PE;0,5483
PA-1507300-66A53B85934945279A351E14B6BA0465;PA;São Félix do Xingu;Curso d'água natural de até 10 metros;Analisado, aguardando atendimento a notificação;PE;1,4542
PA-1507300-66D4C01B569B4F22AAB6A9645186D487;PA;São Félix do Xingu;Curso d'água natural de até 10 metros;Analisado, aguardando atendimento a notificação;PE;0,9495
PA-1507300-66FA1A714F324A6AB0FC3DAFF34CBC85;PA;São Félix do Xingu;Curso d'água natural de até 10 metros;Analisado, aguardando regularização ambiental (Lei nº 12.651/2012);AT;54,8359
PA-1507300-674CBD873D32461C8FC102B291017BCB;PA;São Félix do Xingu;Curso d'água natural de até 10 metros;Analisado, aguardando atendimento a notificação;PE;3,1228
PA-1507300-6770241919E0406FBC6D41098CA7E8F1;PA;São Félix do Xingu;Curso d'água natural de até 10 metros;Analisado, aguardando atendimento a notificação;PE;16,6908
PA-1507300-677C80ED39E143F6B66DE8AB5F33C5EC;PA;São Félix do Xingu;Curso d'água natural de até 10 metros;Analisado, aguardando regularização ambiental (Lei nº 12.651/2012);AT;0,2538
PA-1507300-67934CE4E4304CEDA4E9F2A8ED66E4B2;PA;São Félix do Xingu;Curso d'água natural de até 10 metros;Analisado, aguardando atendimento a notificação;PE;0,1185
PA-1507300-6793657B184941C5BB145D1F4D7BB479;PA;São Félix do Xingu;Curso d'água natural de até 10 metros;Analisado, aguardando atendimento a notificação;PE;0,7617
PA-1507300-67EB525B828E47CBB84AE94B9B4F53C8;PA;São Félix do Xingu;Curso d'água natural de até 10 metros;Analisado sem pendências;AT;0,0394
PA-1507300-67F0754EAFCA4714B668AB07BF5B3E71;PA;São Félix do Xingu;Curso d'água natural de até 10 metros;Analisado, aguardando atendimento a notificação;PE;0,0901
PA-1507300-680DA429C9B9467EB6E12A35E9387737;PA;São Félix do Xingu;Curso d'água natural de até 10 metros;Analisado, aguardando atendimento a notificação;PE;0,6839
PA-1507300-682D030E4FC2435B840AA1ACCBBFF5C3;PA;São Félix do Xingu;Curso d'água natural de até 10 metros;Analisado sem pendências;AT;0,0326
PA-1507300-683C4840C50649D18AC0D580377D250B;PA;São Félix do Xingu;Curso d'água natural de até 10 metros;Analisado, aguardando atendimento a notificação;PE;0,5126
PA-1507300-68471E8D1B6E4E69A85520AAE371B360;PA;São Félix do Xingu;Curso d'água natural de até 10 metros;Aguardando análise;PE;4,0688
PA-1507300-686B0A23BD7243F583D1BF8044298095;PA;São Félix do Xingu;Curso d'água natural de até 10 metros;Aguardando análise;PE;0,9984
PA-1507300-689103D41A144DFFB0CE84A3BD8D1BCB;PA;São Félix do Xingu;Curso d'água natural de até 10 metros;Analisado, aguardando atendimento a notificação;PE;0,0236
PA-1507300-689501781ADB4ADD84EF4D89AF9573C4;PA;São Félix do Xingu;Curso d'água natural de até 10 metros;Analisado, aguardando atendimento a notificação;PE;0,0805
PA-1507300-68A057ED1D5543C39D22C8DE3EB5C5DB;PA;São Félix do Xingu;Curso d'água natural de até 10 metros;Analisado, aguardando regularização ambiental (Lei nº 12.651/2012);AT;1,1867
PA-1507300-68BC366CC0E04D9B83CD15C411D02E8C;PA;São Félix do Xingu;Curso d'água natural de até 10 metros;Analisado, aguardando atendimento a notificação;PE;0,1217
PA-1507300-695A5E53F1DD452DB11F7D9F7DC28C29;PA;São Félix do Xingu;Curso d'água natural de até 10 metros;Analisado, aguardando atendimento a notificação;AT;13,6185
PA-1507300-697400AFAFF340F2AC860FE25EC536DE;PA;São Félix do Xingu;Curso d'água natural de até 10 metros;Analisado, aguardando regularização ambiental (Lei nº 12.651/2012);AT;0,3836
PA-1507300-69FD97EAF5DF4A28928A150C0CD5E1FB;PA;São Félix do Xingu;Curso d'água natural de até 10 metros;Analisado, aguardando atendimento a notificação;PE;0,0930
PA-1507300-6A340EA1CC93472B9B0C75F440C3952F;PA;São Félix do Xingu;Curso d'água natural de até 10 metros;Analisado, aguardando atendimento a notificação;PE;0,0505
PA-1507300-6A3B6C2903D6481390722DDC5D22AB42;PA;São Félix do Xingu;Curso d'água natural de até 10 metros;Analisado, aguardando atendimento a notificação;PE;0,9253
PA-1507300-6A492D6E62A548B7B981A96B0E88155C;PA;São Félix do Xingu;Curso d'água natural de até 10 metros;Analisado, aguardando atendimento a notificação;PE;11,1089
PA-1507300-6AA82C3A2DEC4B2F8CFAC42888AC50BF;PA;São Félix do Xingu;Curso d'água natural de até 10 metros;Analisado, aguardando atendimento a notificação;PE;8,7665
PA-1507300-6AB34D6878E341C1B8852E0BB19F36A7;PA;São Félix do Xingu;Curso d'água natural de até 10 metros;Analisado, aguardando atendimento a notificação;PE;3,1517
PA-1507300-6B0EC08B4D574B6C8E70C2E796FE96A7;PA;São Félix do Xingu;Curso d'água natural de até 10 metros;Analisado, aguardando atendimento a notificação;PE;0,2592
PA-1507300-6B2264109FFC465DB35D17762E796B71;PA;São Félix do Xingu;Curso d'água natural de até 10 metros;Analisado, aguardando atendimento a notificação;PE;0,0921
PA-1507300-6B4B671A031A4996BFAA4116841E1BA9;PA;São Félix do Xingu;Curso d'água natural de até 10 metros;Analisado, aguardando atendimento a notificação;PE;0,1978
PA-1507300-6B5BE1A37A12462DBD1F60725C36F7FA;PA;São Félix do Xingu;Curso d'água natural de até 10 metros;Analisado, aguardando atendimento a notificação;PE;1,5746
PA-1507300-6B5EFCFE701A49BB9F926B5EE8B8A0FC;PA;São Félix do Xingu;Curso d'água natural de até 10 metros;Analisado, aguardando atendimento a notificação;SU;58,0519
PA-1507300-6B69E14E68DB44789F578EB5A722D0E5;PA;São Félix do Xingu;Curso d'água natural de até 10 metros;Analisado, aguardando atendimento a notificação;PE;1,6347
PA-1507300-6B9D252A9EA84DA2BD84FFF8EC381000;PA;São Félix do Xingu;Curso d'água natural de até 10 metros;Analisado, aguardando atendimento a notificação;PE;0,0398
PA-1507300-6BD0D7D8D3CE4AD19A8B4BD374ACF5AD;PA;São Félix do Xingu;Curso d'água natural de até 10 metros;Analisado, aguardando atendimento a notificação;PE;0,1426
PA-1507300-6BE70311D5C74F45B1E1BEE8F8F8BF62;PA;São Félix do Xingu;Curso d'água natural de até 10 metros;Analisado, aguardando atendimento a notificação;PE;0,3016
PA-1507300-6BF167983F064B56BD59C4E32BEC2170;PA;São Félix do Xingu;Curso d'água natural de até 10 metros;Analisado, aguardando atendimento a notificação;PE;0,1518
PA-1507300-6C0C76EE838F4221A948B13811B84DD6;PA;São Félix do Xingu;Curso d'água natural de até 10 metros;Analisado, aguardando atendimento a notificação;SU;2,1419
PA-1507300-6C5823B86D8641BB9E8D613D7455E2D2;PA;São Félix do Xingu;Curso d'água natural de até 10 metros;Analisado, aguardando regularização ambiental (Lei nº 12.651/2012);AT;0,4348
PA-1507300-6C5B57CB88994F4CB534F7A6CCDEF101;PA;São Félix do Xingu;Curso d'água natural de até 10 metros;Analisado, aguardando atendimento a notificação;PE;1,1438
PA-1507300-6C69172497D8458CA4D3C47CD28F93E2;PA;São Félix do Xingu;Curso d'água natural de até 10 metros;Analisado, aguardando regularização ambiental (Lei nº 12.651/2012);AT;33,2126
PA-1507300-6C76DECCC26C4AF6B2AFC85525DE9595;PA;São Félix do Xingu;Curso d'água natural de até 10 metros;Analisado sem pendências;AT;0,0399
PA-1507300-6C7EC59AE8FA4DBA8177CD05A86C6CA7;PA;São Félix do Xingu;Curso d'água natural de até 10 metros;Analisado, aguardando atendimento a notificação;PE;0,5408
PA-1507300-6C9AAFBE45814FF6A85E6770AF4635E1;PA;São Félix do Xingu;Curso d'água natural de até 10 metros;Analisado, aguardando atendimento a notificação;PE;0,5179
PA-1507300-6CEAD716397E4254AAEB9A780B8E471F;PA;São Félix do Xingu;Curso d'água natural de até 10 metros;Analisado, aguardando atendimento a notificação;SU;5,0801
PA-1507300-6DA0267C34894A89B4D9BE82AD3F4059;PA;São Félix do Xingu;Curso d'água natural de até 10 metros;Analisado, aguardando regularização ambiental (Lei nº 12.651/2012);AT;0,1946
PA-1507300-6DC9898E00EF466DAE2B2918E9B0B838;PA;São Félix do Xingu;Curso d'água natural de até 10 metros;Analisado, aguardando atendimento a notificação;PE;0,3968
PA-1507300-6DCDCCF15E1D47CD8F242F38A3E228AA;PA;São Félix do Xingu;Curso d'água natural de até 10 metros;Analisado, aguardando atendimento a notificação;PE;0,2842
PA-1507300-6DF5B8216DAA4AB999DBEE098E380FF5;PA;São Félix do Xingu;Curso d'água natural de até 10 metros;Analisado, aguardando atendimento a notificação;PE;9,4784
PA-1507300-6DFB48340B6641B4A1E2C04FC736FBED;PA;São Félix do Xingu;Curso d'água natural de até 10 metros;Aguardando análise;PE;1,0825
PA-1507300-6E0A1B8FB6624BAB8F9A765ADE9DD1CB;PA;São Félix do Xingu;Curso d'água natural de até 10 metros;Analisado, aguardando atendimento a notificação;PE;0,2998
PA-1507300-6E10843249D24DC7AE19F2148E421ED7;PA;São Félix do Xingu;Curso d'água natural de até 10 metros;Analisado sem pendências;AT;0,1969
PA-1507300-6E1F11A27D2F47A5883F5D91DE70D2BF;PA;São Félix do Xingu;Curso d'água natural de até 10 metros;Analisado, aguardando atendimento a notificação;PE;0,3963
PA-1507300-6E1FDF26B582436DAF43415FD8A60A47;PA;São Félix do Xingu;Curso d'água natural de até 10 metros;Analisado, aguardando atendimento a notificação;PE;4,4265
PA-1507300-6E25740CA84245B584DAE6F7D3569CC8;PA;São Félix do Xingu;Curso d'água natural de até 10 metros;Analisado, aguardando atendimento a notificação;PE;0,6053
PA-1507300-6E3119FC906F412999150C2167D293C0;PA;São Félix do Xingu;Curso d'água natural de até 10 metros;Analisado, aguardando atendimento a notificação;PE;9,6809
PA-1507300-6E865153B4B542FDA80808FC8B0A18A1;PA;São Félix do Xingu;Curso d'água natural de até 10 metros;Analisado, aguardando atendimento a notificação;PE;0,1487
PA-1507300-6E94B90CF3D14E85A358BFE55BF1CEAF;PA;São Félix do Xingu;Curso d'água natural de até 10 metros;Analisado, aguardando atendimento a notificação;PE;9,6900
PA-1507300-6EA426098638475CB2211B080CD9191E;PA;São Félix do Xingu;Curso d'água natural de até 10 metros;Analisado, aguardando atendimento a notificação;PE;0,2933
PA-1507300-6EADADF1EFB34A82A76574DF9155AD7E;PA;São Félix do Xingu;Curso d'água natural de até 10 metros;Analisado, aguardando regularização ambiental (Lei nº 12.651/2012);AT;0,1654
PA-1507300-6F008B8627BD42FD8F2970BEFBE157A8;PA;São Félix do Xingu;Curso d'água natural de até 10 metros;Analisado, aguardando atendimento a notificação;PE;0,2179
PA-1507300-6F351B610ABA45D8BFF74F2A9CC3A4EB;PA;São Félix do Xingu;Curso d'água natural de até 10 metros;Analisado, aguardando atendimento a notificação;PE;0,6078
PA-1507300-6F7165E7C15C481B9E0E82D6D6C97ED5;PA;São Félix do Xingu;Curso d'água natural de até 10 metros;Analisado, aguardando atendimento a notificação;PE;0,0420
PA-1507300-6F85BE39A1364F57820AD790F08D307A;PA;São Félix do Xingu;Curso d'água natural de até 10 metros;Analisado, aguardando atendimento a notificação;PE;0,8394
PA-1507300-6FE575CFE935423AB9860F5A972F7F72;PA;São Félix do Xingu;Curso d'água natural de até 10 metros;Analisado, aguardando atendimento a notificação;PE;0,2991
PA-1507300-6FEB32EED9C447B18172E756C90B0D71;PA;São Félix do Xingu;Curso d'água natural de até 10 metros;Analisado sem pendências;AT;0,0420
PA-1507300-7001C5335716493A8DB689A143BF61EF;PA;São Félix do Xingu;Curso d'água natural de até 10 metros;Analisado, aguardando atendimento a notificação;PE;0,0473
PA-1507300-700B5952F48745698892B2EEA217BA35;PA;São Félix do Xingu;Curso d'água natural de até 10 metros;Analisado, aguardando atendimento a notificação;PE;0,5660
PA-1507300-70B6E650A2D8471DBC4541EB19CFDA09;PA;São Félix do Xingu;Curso d'água natural de até 10 metros;Analisado sem pendências;AT;0,0158
PA-1507300-70B70CC2B6FC448A874EBCAA7469BB61;PA;São Félix do Xingu;Curso d'água natural de até 10 metros;Analisado, aguardando atendimento a notificação;AT;0,2025
PA-1507300-70FD65682CD644E9B565039945AD5F7B;PA;São Félix do Xingu;Curso d'água natural de até 10 metros;Aguardando análise;PE;1,6135
PA-1507300-714592BF7A7E41B7A9BF7FA8558DE183;PA;São Félix do Xingu;Curso d'água natural de até 10 metros;Analisado, aguardando regularização ambiental (Lei nº 12.651/2012);AT;1,1999
PA-1507300-718C4A57775E4471BFA79B502DDCACA8;PA;São Félix do Xingu;Curso d'água natural de até 10 metros;Analisado, aguardando atendimento a notificação;PE;0,0914
PA-1507300-71ECC8346A564BCBB68774E7DE3C7C1A;PA;São Félix do Xingu;Curso d'água natural de até 10 metros;Analisado, aguardando atendimento a notificação;PE;0,0508
PA-1507300-72026754CBA64BCCAD561A03FBF3D84A;PA;São Félix do Xingu;Curso d'água natural de até 10 metros;Analisado, aguardando regularização ambiental (Lei nº 12.651/2012);AT;7,5091
PA-1507300-72AD11F4AA024684BEB1B7F1DB93C80E;PA;São Félix do Xingu;Curso d'água natural de até 10 metros;Analisado sem pendências;AT;0,0274
PA-1507300-72D00FC598EB40F8B5F9DD8A3657965E;PA;São Félix do Xingu;Curso d'água natural de até 10 metros;Analisado, aguardando regularização ambiental (Lei nº 12.651/2012);AT;0,4564
PA-1507300-72EE60CA44A14E3CA33B2583BACF5B89;PA;São Félix do Xingu;Curso d'água natural de até 10 metros;Analisado, aguardando atendimento a notificação;PE;0,0555
PA-1507300-730CDB961C274950ACCED7B157ECCD00;PA;São Félix do Xingu;Curso d'água natural de até 10 metros;Aguardando análise;PE;0,3805
PA-1507300-733352830E9E4999884C774852A54C0B;PA;São Félix do Xingu;Curso d'água natural de até 10 metros;Analisado, aguardando regularização ambiental (Lei nº 12.651/2012);AT;4,0451
PA-1507300-735AA154450F453385E77EEE4C8B26F2;PA;São Félix do Xingu;Curso d'água natural de até 10 metros;Analisado, aguardando atendimento a notificação;PE;0,0755
PA-1507300-73736A42F796477D8DA594BA72E3B9A9;PA;São Félix do Xingu;Curso d'água natural de até 10 metros;Analisado, aguardando atendimento a notificação;PE;1,8371
PA-1507300-73C0EC2038334D829BF8841FFC4331C2;PA;São Félix do Xingu;Curso d'água natural de até 10 metros;Analisado sem pendências;AT;0,0387
PA-1507300-73F4EA5E9C624BFE88F8DD7955852B98;PA;São Félix do Xingu;Curso d'água natural de até 10 metros;Analisado, aguardando atendimento a notificação;PE;0,8985
PA-1507300-73F6306C8C1E43B58E5D92EA9C29A4F8;PA;São Félix do Xingu;Curso d'água natural de até 10 metros;Analisado, aguardando atendimento a notificação;PE;0,3410
PA-1507300-74310DDAF34742EBA9152E8A81139E34;PA;São Félix do Xingu;Curso d'água natural de até 10 metros;Analisado, aguardando atendimento a notificação;PE;0,1305
PA-1507300-74502A4EDF854F9E8627FF34D96AF9FF;PA;São Félix do Xingu;Curso d'água natural de até 10 metros;Analisado, aguardando atendimento a notificação;PE;0,2025
PA-1507300-7451A3AE307E482AAA36A5EC945CC347;PA;São Félix do Xingu;Curso d'água natural de até 10 metros;Analisado, aguardando regularização ambiental (Lei nº 12.651/2012);AT;0,6047
PA-1507300-74A557EC9088422D929D04BE3C9BC5F4;PA;São Félix do Xingu;Curso d'água natural de até 10 metros;Aguardando análise;PE;0,4603
PA-1507300-74B1818D8F854281AE3A0599536ADFA2;PA;São Félix do Xingu;Curso d'água natural de até 10 metros;Aguardando análise;PE;4,6774
PA-1507300-74BBE4E3664E49E28593AAE9E196B0D0;PA;São Félix do Xingu;Curso d'água natural de até 10 metros;Analisado, aguardando atendimento a notificação;PE;0,1432
PA-1507300-7504DB65BCAB4A7FB29EA31F52ECDBF3;PA;São Félix do Xingu;Curso d'água natural de até 10 metros;Analisado, aguardando atendimento a notificação;PE;0,0545
PA-1507300-7527AA962ABC49AD9019227A2774F33E;PA;São Félix do Xingu;Curso d'água natural de até 10 metros;Analisado, aguardando atendimento a notificação;PE;0,5368
PA-1507300-75B759C08FC749AAA2B14EDFB9020ACB;PA;São Félix do Xingu;Curso d'água natural de até 10 metros;Aguardando análise;AT;24,1978
PA-1507300-75BD76483DF14241A5371A07BEA649CD;PA;São Félix do Xingu;Curso d'água natural de até 10 metros;Analisado, aguardando atendimento a notificação;PE;0,9943
PA-1507300-7603EABC01D447118B704EA1E2294148;PA;São Félix do Xingu;Curso d'água natural de até 10 metros;Analisado, aguardando atendimento a notificação;PE;4,0119
PA-1507300-760B3DD201D94489B9EAB630066FC9B0;PA;São Félix do Xingu;Curso d'água natural de até 10 metros;Analisado, aguardando atendimento a notificação;PE;0,3953
PA-1507300-7616E098926A45D595641035FF4694BC;PA;São Félix do Xingu;Curso d'água natural de até 10 metros;Analisado, aguardando atendimento a notificação;PE;1,0776
PA-1507300-76422D6B92A945F8870B60E83989E064;PA;São Félix do Xingu;Curso d'água natural de até 10 metros;Analisado, aguardando atendimento a notificação;PE;12,6210
PA-1507300-7656F99EA63C4A7EB15CF594A830EFC1;PA;São Félix do Xingu;Curso d'água natural de até 10 metros;Analisado, aguardando atendimento a notificação;PE;3,0573
PA-1507300-766B15423305412781A10A7BD010CE7D;PA;São Félix do Xingu;Curso d'água natural de até 10 metros;Analisado, aguardando atendimento a notificação;PE;3,5705
PA-1507300-7672F256761E484A89AD470292B3A34F;PA;São Félix do Xingu;Curso d'água natural de até 10 metros;Analisado, aguardando atendimento a notificação;PE;2,0160
PA-1507300-769E183530704A8196E48D39699CAA8E;PA;São Félix do Xingu;Curso d'água natural de até 10 metros;Analisado, aguardando atendimento a notificação;PE;0,2542
PA-1507300-76F5FC0BAE7140DE9FF58CF9F55E3CD7;PA;São Félix do Xingu;Curso d'água natural de até 10 metros;Analisado, aguardando atendimento a notificação;PE;5,1154
PA-1507300-777967CFEABE4C889A6388B82DCEFCFF;PA;São Félix do Xingu;Curso d'água natural de até 10 metros;Analisado, aguardando atendimento a notificação;PE;0,2133
PA-1507300-7789FA1E386E4B2A8A21E541DF7A189D;PA;São Félix do Xingu;Curso d'água natural de até 10 metros;Analisado, aguardando atendimento a notificação;PE;0,3192
PA-1507300-77C39F13DE4C45CBB3A2BCB2F42F0C5E;PA;São Félix do Xingu;Curso d'água natural de até 10 metros;Analisado, aguardando atendimento a notificação;PE;0,2497
PA-1507300-77D9CC5683D94994B1F653F161BE61B2;PA;São Félix do Xingu;Curso d'água natural de até 10 metros;Analisado, aguardando atendimento a notificação;PE;0,9105
PA-1507300-781292BA606E43D187C1C3922210E809;PA;São Félix do Xingu;Curso d'água natural de até 10 metros;Analisado, aguardando atendimento a notificação;PE;7,5080
PA-1507300-782A14449DE2426BBD0364AB8A9F58FC;PA;São Félix do Xingu;Curso d'água natural de até 10 metros;Analisado, aguardando atendimento a notificação;PE;0,0802
PA-1507300-783BD3BD4A03486BB910B4B7A43F2E32;PA;São Félix do Xingu;Curso d'água natural de até 10 metros;Analisado, aguardando atendimento a notificação;PE;0,1697
PA-1507300-7846E23BB5A14EA887C89891B2176019;PA;São Félix do Xingu;Curso d'água natural de até 10 metros;Analisado, aguardando regularização ambiental (Lei nº 12.651/2012);AT;0,0574
PA-1507300-785DC91E103D41B6B78C8749649890F6;PA;São Félix do Xingu;Curso d'água natural de até 10 metros;Analisado, aguardando atendimento a notificação;AT;0,7581
PA-1507300-78735927BD6E4F7AB4D8FDF79A8AF450;PA;São Félix do Xingu;Curso d'água natural de até 10 metros;Analisado, aguardando atendimento a notificação;PE;14,6271
PA-1507300-7888C14B7D874B79B44F148F5178550D;PA;São Félix do Xingu;Curso d'água natural de até 10 metros;Aguardando análise;AT;3,9185
PA-1507300-789C084983FC4BDC893E2F2DFC825A37;PA;São Félix do Xingu;Curso d'água natural de até 10 metros;Analisado, aguardando atendimento a notificação;PE;2,0512
PA-1507300-789EDD9EC395438E97CCEFC943ADBEA2;PA;São Félix do Xingu;Curso d'água natural de até 10 metros;Analisado, aguardando regularização ambiental (Lei nº 12.651/2012);AT;0,5150
PA-1507300-78C4662272AC4053BD27907725D1A9C2;PA;São Félix do Xingu;Curso d'água natural de até 10 metros;Analisado sem pendências;AT;0,0468
PA-1507300-79453E4D34FF4439B4875A97F7107397;PA;São Félix do Xingu;Curso d'água natural de até 10 metros;Analisado, aguardando atendimento a notificação;AT;0,7762
PA-1507300-79B958F25BCC4D65987E9D6B9D54D178;PA;São Félix do Xingu;Curso d'água natural de até 10 metros;Analisado sem pendências;AT;0,1848
PA-1507300-7A009D18A75B4F70A717CD0D6CCFAC77;PA;São Félix do Xingu;Curso d'água natural de até 10 metros;Analisado, aguardando regularização ambiental (Lei nº 12.651/2012);PE;8,6985
PA-1507300-7A29D32AD0E24DF8808C74801BA86FB2;PA;São Félix do Xingu;Curso d'água natural de até 10 metros;Analisado, aguardando atendimento a notificação;PE;0,7293
PA-1507300-7A3759F22E8043E0B71A6E0E3A156A2B;PA;São Félix do Xingu;Curso d'água natural de até 10 metros;Analisado, aguardando atendimento a notificação;PE;0,5857
PA-1507300-7A869D924B6849F3BBF4BD888BDE884E;PA;São Félix do Xingu;Curso d'água natural de até 10 metros;Analisado, aguardando atendimento a notificação;PE;0,7419
PA-1507300-7A904752DB1A49E6A346B8A0426D35A5;PA;São Félix do Xingu;Curso d'água natural de até 10 metros;Analisado, aguardando atendimento a notificação;PE;46,5073
PA-1507300-7A97A294710D4C91A1E9BB82F4502F07;PA;São Félix do Xingu;Curso d'água natural de até 10 metros;Analisado, aguardando atendimento a notificação;PE;2,9072
PA-1507300-7B17E708333844459E6B8645924EBE8C;PA;São Félix do Xingu;Curso d'água natural de até 10 metros;Analisado, aguardando atendimento a notificação;PE;4,0605
PA-1507300-7B99CB7F66B24A269093FE40755CDC3A;PA;São Félix do Xingu;Curso d'água natural de até 10 metros;Analisado, aguardando atendimento a notificação;SU;1,6687
PA-1507300-7BAE50A208A4407FADB60144753BC858;PA;São Félix do Xingu;Curso d'água natural de até 10 metros;Analisado, aguardando atendimento a notificação;PE;0,7146
PA-1507300-7BCB86383C9F49B79E879932AD226EE0;PA;São Félix do Xingu;Curso d'água natural de até 10 metros;Analisado, aguardando atendimento a notificação;PE;0,4124
PA-1507300-7BD3A211EF2A49DEBCC8BF0EFEBEED62;PA;São Félix do Xingu;Curso d'água natural de até 10 metros;Analisado, aguardando atendimento a notificação;PE;0,0879
PA-1507300-7C17D708BECC4B169DACC9B57A6CF6C9;PA;São Félix do Xingu;Curso d'água natural de até 10 metros;Analisado, aguardando regularização ambiental (Lei nº 12.651/2012);AT;7,1077
PA-1507300-7C30A3E0D13E4BFC8B44595C3E17EEE8;PA;São Félix do Xingu;Curso d'água natural de até 10 metros;Analisado, aguardando atendimento a notificação;PE;2,9556
PA-1507300-7C47F68922CE4C968CAD5A353232956F;PA;São Félix do Xingu;Curso d'água natural de até 10 metros;Analisado, aguardando atendimento a notificação;PE;0,4435
PA-1507300-7C484277F28844828F0DFEF8390CE81A;PA;São Félix do Xingu;Curso d'água natural de até 10 metros;Analisado, aguardando atendimento a notificação;PE;0,2925
PA-1507300-7C5FCE4D287849288AA9E1B95C6C8570;PA;São Félix do Xingu;Curso d'água natural de até 10 metros;Analisado sem pendências;AT;0,0840
PA-1507300-7C8AC2A81B5D48E3AAD49A95CF1D6499;PA;São Félix do Xingu;Curso d'água natural de até 10 metros;Analisado, aguardando regularização ambiental (Lei nº 12.651/2012);AT;0,7954
PA-1507300-7C9069B97F154C9288EC8B6560F80ABC;PA;São Félix do Xingu;Curso d'água natural de até 10 metros;Analisado, aguardando atendimento a notificação;PE;5,4928
PA-1507300-7CAE3DF7D03A4108B67A1892A7F850C1;PA;São Félix do Xingu;Curso d'água natural de até 10 metros;Analisado, aguardando atendimento a notificação;PE;0,1341
PA-1507300-7CC2F22FAA614417995B500645F263F7;PA;São Félix do Xingu;Curso d'água natural de até 10 metros;Analisado, aguardando atendimento a notificação;PE;0,3701
PA-1507300-7CC7E902AA99490A8472376FFF7822A8;PA;São Félix do Xingu;Curso d'água natural de até 10 metros;Analisado, aguardando atendimento a notificação;PE;0,1051
PA-1507300-7CDF855FBD074AAE8C10EDD47D9743C1;PA;São Félix do Xingu;Curso d'água natural de até 10 metros;Analisado, aguardando atendimento a notificação;PE;0,1303
PA-1507300-7D0D7803F1064972B7F261BCFC8716FB;PA;São Félix do Xingu;Curso d'água natural de até 10 metros;Analisado, aguardando atendimento a notificação;PE;0,9879
PA-1507300-7D33920587DD457AB9B76FC2830BF49B;PA;São Félix do Xingu;Curso d'água natural de até 10 metros;Analisado, aguardando atendimento a notificação;PE;11,4970
PA-1507300-7D549C7C9E434226A07773507D1BF489;PA;São Félix do Xingu;Curso d'água natural de até 10 metros;Analisado, aguardando atendimento a notificação;AT;1,1894
PA-1507300-7DE23A50802042068EA1E137267D0A9D;PA;São Félix do Xingu;Curso d'água natural de até 10 metros;Analisado, aguardando atendimento a notificação;PE;0,2412
PA-1507300-7DE646AF2A3747F69F34C7B34C4C1287;PA;São Félix do Xingu;Curso d'água natural de até 10 metros;Analisado, aguardando atendimento a notificação;AT;0,7208
PA-1507300-7E10C78CDA3142ACBE9F61AF697C7D09;PA;São Félix do Xingu;Curso d'água natural de até 10 metros;Analisado, aguardando atendimento a notificação;PE;1,5720
PA-1507300-7E42870C1AB84DF5BB488D6E4A44AF17;PA;São Félix do Xingu;Curso d'água natural de até 10 metros;Analisado, aguardando atendimento a notificação;PE;0,1423
PA-1507300-7EB5DF98E2264189B9ECD379F6FF6CB4;PA;São Félix do Xingu;Curso d'água natural de até 10 metros;Analisado, aguardando atendimento a notificação;PE;0,2534
PA-1507300-7F0B693D427E44B5877DBDE39727C666;PA;São Félix do Xingu;Curso d'água natural de até 10 metros;Analisado, aguardando atendimento a notificação;PE;0,3575
PA-1507300-7F814FE4950C481E9D302325F62F21D5;PA;São Félix do Xingu;Curso d'água natural de até 10 metros;Analisado, aguardando atendimento a notificação;PE;0,0964
PA-1507300-7F85E80F1E9647A5A9293289FAD83BDD;PA;São Félix do Xingu;Curso d'água natural de até 10 metros;Analisado, aguardando atendimento a notificação;PE;0,2107
PA-1507300-7F8CA93F51FE4120B5FF1D5F31DE19B2;PA;São Félix do Xingu;Curso d'água natural de até 10 metros;Aguardando análise;SU;31,0158
PA-1507300-7F9F1E0869EB48B4B6EB0CB1A87880B6;PA;São Félix do Xingu;Curso d'água natural de até 10 metros;Analisado, aguardando atendimento a notificação;PE;0,6903
PA-1507300-7FDC3267DE8F48A782B6AB3FC3946951;PA;São Félix do Xingu;Curso d'água natural de até 10 metros;Analisado sem pendências;AT;0,0676
PA-1507300-7FF533E7487045AC95DF945F9EA4AEDE;PA;São Félix do Xingu;Curso d'água natural de até 10 metros;Analisado, aguardando atendimento a notificação;AT;0,2079
PA-1507300-8002B1C691B34F769FEFEA7585209D6D;PA;São Félix do Xingu;Curso d'água natural de até 10 metros;Analisado, aguardando atendimento a notificação;PE;0,1894
PA-1507300-80200781C5B74F69939C0E583C99E343;PA;São Félix do Xingu;Curso d'água natural de até 10 metros;Analisado, aguardando atendimento a notificação;PE;1,3282
PA-1507300-807D9DC3E9C6439484D8A860403765D9;PA;São Félix do Xingu;Curso d'água natural de até 10 metros;Analisado, aguardando regularização ambiental (Lei nº 12.651/2012);AT;11,5184
PA-1507300-80870FA8B7CA47E5BFE9082E54E49575;PA;São Félix do Xingu;Curso d'água natural de até 10 metros;Analisado, aguardando regularização ambiental (Lei nº 12.651/2012);AT;0,0658
PA-1507300-8099D286798C448AB837F010FAD50C1C;PA;São Félix do Xingu;Curso d'água natural de até 10 metros;Analisado, aguardando atendimento a notificação;PE;1,7840
PA-1507300-80F1582E66E44CAB823AC875760215FB;PA;São Félix do Xingu;Curso d'água natural de até 10 metros;Aguardando análise;PE;3,8064
PA-1507300-80F55DE293B44396BAAF8C7E93A91E58;PA;São Félix do Xingu;Curso d'água natural de até 10 metros;Analisado, em conformidade com a Lei nº 12.651/2012;AT;0,0076
PA-1507300-81044FB9C9AE454BB407BD04B53F87A2;PA;São Félix do Xingu;Curso d'água natural de até 10 metros;Analisado, aguardando atendimento a notificação;PE;0,2770
PA-1507300-812E768018BB493A95FF492BDAE5F1F6;PA;São Félix do Xingu;Curso d'água natural de até 10 metros;Analisado, aguardando atendimento a notificação;PE;1,2254
PA-1507300-813EBE9329B1474D97252AF71523E610;PA;São Félix do Xingu;Curso d'água natural de até 10 metros;Analisado, aguardando atendimento a notificação;AT;2,1925
PA-1507300-8149FDE421294AC096877FDC2634FB04;PA;São Félix do Xingu;Curso d'água natural de até 10 metros;Analisado, aguardando atendimento a notificação;PE;0,7698
PA-1507300-814B2E2BD23849379A1F2A2425673B33;PA;São Félix do Xingu;Curso d'água natural de até 10 metros;Analisado, aguardando atendimento a notificação;PE;0,0926
PA-1507300-815094AE21FD46F9BAB5540F38254E89;PA;São Félix do Xingu;Curso d'água natural de até 10 metros;Analisado, aguardando atendimento a notificação;PE;0,7536
PA-1507300-8150D595D1D24807AF01343BCC07C413;PA;São Félix do Xingu;Curso d'água natural de até 10 metros;Aguardando análise;AT;5,0352
PA-1507300-8199BB519E744BA88399B076E40223E2;PA;São Félix do Xingu;Curso d'água natural de até 10 metros;Analisado, aguardando regularização ambiental (Lei nº 12.651/2012);AT;0,6355
PA-1507300-81BF267BAFBF43609391025830768B30;PA;São Félix do Xingu;Curso d'água natural de até 10 metros;Analisado, aguardando atendimento a notificação;PE;10,1745
PA-1507300-81E7E41A600B43698E075403CF853EFA;PA;São Félix do Xingu;Curso d'água natural de até 10 metros;Analisado, aguardando regularização ambiental (Lei nº 12.651/2012);AT;1,0980
PA-1507300-822303D6D8F34F128882D73D47816223;PA;São Félix do Xingu;Curso d'água natural de até 10 metros;Analisado, aguardando atendimento a notificação;PE;0,3511
PA-1507300-82339B7B325147EE92346E94F5A2172B;PA;São Félix do Xingu;Curso d'água natural de até 10 metros;Analisado, aguardando atendimento a notificação;PE;0,7381
PA-1507300-823466711E15485C806D7441BB327A67;PA;São Félix do Xingu;Curso d'água natural de até 10 metros;Analisado, aguardando atendimento a notificação;PE;2,0104
PA-1507300-82577D0C3A0C4FAB864F476CBFCB5E07;PA;São Félix do Xingu;Curso d'água natural de até 10 metros;Analisado, aguardando atendimento a notificação;AT;0,0651
PA-1507300-8275899FF8FE48BC90FA6C33D504E6EC;PA;São Félix do Xingu;Curso d'água natural de até 10 metros;Analisado, aguardando atendimento a notificação;PE;0,1543
PA-1507300-82AFE07CC9CC49BF9B952780DB53CEAD;PA;São Félix do Xingu;Curso d'água natural de até 10 metros;Aguardando análise;PE;0,8696
PA-1507300-82C56F78ACB847C9900F280D1208241E;PA;São Félix do Xingu;Curso d'água natural de até 10 metros;Analisado, aguardando atendimento a notificação;PE;0,1882
PA-1507300-82DAEA8F64A24AE98DE343B5B3D1EDA5;PA;São Félix do Xingu;Curso d'água natural de até 10 metros;Analisado, aguardando atendimento a notificação;PE;1,8166
PA-1507300-82E8F303047D470887CD7DB1A562E287;PA;São Félix do Xingu;Curso d'água natural de até 10 metros;Analisado, aguardando atendimento a notificação;PE;0,6205
PA-1507300-82EA32170E234B78BE2B051E2BB84BF7;PA;São Félix do Xingu;Curso d'água natural de até 10 metros;Analisado, aguardando regularização ambiental (Lei nº 12.651/2012);PE;1,3389
PA-1507300-831C3F36F61C4FA7A0595F9CFD2D5BB2;PA;São Félix do Xingu;Curso d'água natural de até 10 metros;Analisado, aguardando atendimento a notificação;PE;0,1801
PA-1507300-83A9962F75B8446DBE4666A16460FC11;PA;São Félix do Xingu;Curso d'água natural de até 10 metros;Analisado sem pendências;AT;0,0924
PA-1507300-83D952FE29B34BB49134871209660210;PA;São Félix do Xingu;Curso d'água natural de até 10 metros;Analisado, aguardando atendimento a notificação;PE;0,0775
PA-1507300-84801A5F41894616B5D03DE6F46C1F59;PA;São Félix do Xingu;Curso d'água natural de até 10 metros;Analisado, aguardando atendimento a notificação;PE;0,4756
PA-1507300-849DD942F92D420F8DA2A5474890A86A;PA;São Félix do Xingu;Curso d'água natural de até 10 metros;Analisado, aguardando atendimento a notificação;PE;0,0121
PA-1507300-84DE201EFEB84362BE81B0126404853C;PA;São Félix do Xingu;Curso d'água natural de até 10 metros;Analisado, aguardando regularização ambiental (Lei nº 12.651/2012);AT;0,2828
PA-1507300-85467AE1B35A4CC99D3DD35A1CDF792B;PA;São Félix do Xingu;Curso d'água natural de até 10 metros;Analisado, aguardando atendimento a notificação;PE;2,6023
PA-1507300-8565E3CE75894AD3B9096A4DF1FE1C56;PA;São Félix do Xingu;Curso d'água natural de até 10 metros;Analisado, aguardando regularização ambiental (Lei nº 12.651/2012);AT;0,7918
PA-1507300-858B6AF6D1D743C3AF9556EC044E0373;PA;São Félix do Xingu;Curso d'água natural de até 10 metros;Aguardando análise;AT;1,9057
PA-1507300-85F52C0673474F489FF7586202CFC300;PA;São Félix do Xingu;Curso d'água natural de até 10 metros;Analisado, aguardando atendimento a notificação;AT;4,3350
PA-1507300-86624828FDEA4ECCA242C69EBDF0E925;PA;São Félix do Xingu;Curso d'água natural de até 10 metros;Analisado, aguardando regularização ambiental (Lei nº 12.651/2012);AT;0,1756
PA-1507300-86BE150A5D054FBCBA8AA0C462F0626E;PA;São Félix do Xingu;Curso d'água natural de até 10 metros;Analisado, aguardando regularização ambiental (Lei nº 12.651/2012);PE;0,3563
PA-1507300-86E69FAE9CE640A9AEE8E6C199259FCA;PA;São Félix do Xingu;Curso d'água natural de até 10 metros;Analisado, aguardando atendimento a notificação;PE;0,0904
PA-1507300-86F43C1EE437469BA9568B2CABA19920;PA;São Félix do Xingu;Curso d'água natural de até 10 metros;Analisado, aguardando atendimento a notificação;PE;3,5758
PA-1507300-8752EB07EA1346FDAE0F913273987833;PA;São Félix do Xingu;Curso d'água natural de até 10 metros;Analisado, aguardando atendimento a notificação;PE;4,6695
PA-1507300-876C42775DFB4E13A0906FDF250734D8;PA;São Félix do Xingu;Curso d'água natural de até 10 metros;Analisado, aguardando atendimento a notificação;PE;2,6590
PA-1507300-8779979076F645E38DA50AFC88A258D4;PA;São Félix do Xingu;Curso d'água natural de até 10 metros;Analisado, aguardando atendimento a notificação;PE;0,1487
PA-1507300-8794919911D6465C89F4B0074895133D;PA;São Félix do Xingu;Curso d'água natural de até 10 metros;Analisado, aguardando atendimento a notificação;AT;0,2323
PA-1507300-87AFBDE625FD413B9112A52AFC01E9F5;PA;São Félix do Xingu;Curso d'água natural de até 10 metros;Aguardando análise;SU;1,9979
PA-1507300-87B78FD6897B4E15BEBB3D5A2450845E;PA;São Félix do Xingu;Curso d'água natural de até 10 metros;Analisado sem pendências;AT;0,1629
PA-1507300-87F0FB61784549AF9B96CDCD0AF81FF0;PA;São Félix do Xingu;Curso d'água natural de até 10 metros;Analisado, aguardando atendimento a notificação;PE;0,1153
PA-1507300-88161CFCC9CE49708DEAACD4CA1914F3;PA;São Félix do Xingu;Curso d'água natural de até 10 metros;Analisado, aguardando regularização ambiental (Lei nº 12.651/2012);PE;3,1859
PA-1507300-883932293E004FB6AE4A48BBE938EAAC;PA;São Félix do Xingu;Curso d'água natural de até 10 metros;Analisado, aguardando atendimento a notificação;PE;0,0177
PA-1507300-888825897DD24E929A858B975FC961EC;PA;São Félix do Xingu;Curso d'água natural de até 10 metros;Analisado, aguardando atendimento a notificação;PE;0,6504
PA-1507300-88B062464D9B4D7A8FFF067AD84ED74F;PA;São Félix do Xingu;Curso d'água natural de até 10 metros;Analisado, aguardando atendimento a notificação;PE;0,5997
PA-1507300-88C8497AEB934AA69647FD41AA67A93B;PA;São Félix do Xingu;Curso d'água natural de até 10 metros;Analisado, aguardando atendimento a notificação;PE;0,4936
PA-1507300-891758FC0290417F8A6C3009A75CC932;PA;São Félix do Xingu;Curso d'água natural de até 10 metros;Aguardando análise;PE;0,3480
PA-1507300-8961B481BF3B44A4B2513A492204374A;PA;São Félix do Xingu;Curso d'água natural de até 10 metros;Analisado, aguardando atendimento a notificação;PE;0,1154
PA-1507300-896F28010E8D4C21A1499F7E8C7997DD;PA;São Félix do Xingu;Curso d'água natural de até 10 metros;Analisado, aguardando regularização ambiental (Lei nº 12.651/2012);AT;0,2817
PA-1507300-898CE636673C4A6BA1C2CCB88B33FA53;PA;São Félix do Xingu;Curso d'água natural de até 10 metros;Analisado, aguardando regularização ambiental (Lei nº 12.651/2012);AT;0,0436
PA-1507300-898CF5C0F3FA4886A8525784B3A428E0;PA;São Félix do Xingu;Curso d'água natural de até 10 metros;Analisado, aguardando atendimento a notificação;AT;0,4683
PA-1507300-8998B49C58EE46BDBE4A456B7129710E;PA;São Félix do Xingu;Curso d'água natural de até 10 metros;Analisado, aguardando atendimento a notificação;PE;0,1414
PA-1507300-89FBB9B5294F4A0B9F7BACF8864FB175;PA;São Félix do Xingu;Curso d'água natural de até 10 metros;Analisado, aguardando atendimento a notificação;PE;0,0456
PA-1507300-8A1243E7917647A8A6D754917D78DA28;PA;São Félix do Xingu;Curso d'água natural de até 10 metros;Analisado, aguardando atendimento a notificação;PE;1,7812
PA-1507300-8A51B1C9EE394553A61298D55602EF12;PA;São Félix do Xingu;Curso d'água natural de até 10 metros;Analisado, aguardando atendimento a notificação;PE;0,3064
PA-1507300-8AFEB380D1C04D37B684402495C4AC53;PA;São Félix do Xingu;Curso d'água natural de até 10 metros;Analisado, aguardando atendimento a notificação;PE;1,4442
PA-1507300-8B76354FAEF04B3CB2488B64197F3BF9;PA;São Félix do Xingu;Curso d'água natural de até 10 metros;Analisado, aguardando regularização ambiental (Lei nº 12.651/2012);PE;1,5924
PA-1507300-8BD4357EC735484E89425EC7510CC599;PA;São Félix do Xingu;Curso d'água natural de até 10 metros;Analisado, aguardando atendimento a notificação;PE;0,9287
PA-1507300-8C513ADDEF204567BA37EA157DC54AAC;PA;São Félix do Xingu;Curso d'água natural de até 10 metros;Analisado, aguardando atendimento a notificação;PE;0,2685
PA-1507300-8C84ACF13EBE4ABA8BB2EA80F2794FB2;PA;São Félix do Xingu;Curso d'água natural de até 10 metros;Analisado, aguardando atendimento a notificação;PE;0,1605
PA-1507300-8CB9759E37914781B2BE6D9B4C3C72E9;PA;São Félix do Xingu;Curso d'água natural de até 10 metros;Analisado, aguardando atendimento a notificação;PE;6,9552
PA-1507300-8CDB3AE913F840B29A3548A29A463469;PA;São Félix do Xingu;Curso d'água natural de até 10 metros;Analisado, aguardando atendimento a notificação;PE;0,4532
PA-1507300-8CF9ABED26704136BAB5E91B18E9C647;PA;São Félix do Xingu;Curso d'água natural de até 10 metros;Analisado, aguardando regularização ambiental (Lei nº 12.651/2012);AT;0,9761
PA-1507300-8D30690582644FC9B3123256CB25B59F;PA;São Félix do Xingu;Curso d'água natural de até 10 metros;Analisado, aguardando atendimento a notificação;AT;0,0884
PA-1507300-8D6AC28172CC494E8D603EDB4AE34955;PA;São Félix do Xingu;Curso d'água natural de até 10 metros;Analisado, aguardando regularização ambiental (Lei nº 12.651/2012);PE;0,0527
PA-1507300-8D7EB22C27B34D018625143A758BF6FB;PA;São Félix do Xingu;Curso d'água natural de até 10 metros;Analisado, aguardando atendimento a notificação;PE;0,4018
PA-1507300-8D9242294FA94372BB09D6C986B668C3;PA;São Félix do Xingu;Curso d'água natural de até 10 metros;Analisado, aguardando regularização ambiental (Lei nº 12.651/2012);PE;0,4614
PA-1507300-8DA795CBAF224944AB979509F6495FC2;PA;São Félix do Xingu;Curso d'água natural de até 10 metros;Analisado, aguardando atendimento a notificação;PE;0,1140
PA-1507300-8DC83DAA7EF64A84B14FD7F85144BBC9;PA;São Félix do Xingu;Curso d'água natural de até 10 metros;Analisado, aguardando regularização ambiental (Lei nº 12.651/2012);AT;0,2706
PA-1507300-8DCC9052939D40C3BF1AEC5A5043568D;PA;São Félix do Xingu;Curso d'água natural de até 10 metros;Analisado, aguardando atendimento a notificação;PE;11,5291
PA-1507300-8DEFD6D7DAF640BA9A3504B7CD991A55;PA;São Félix do Xingu;Curso d'água natural de até 10 metros;Analisado, aguardando atendimento a notificação;PE;0,0719
PA-1507300-8DF35C823363475FB04FA13B59F901E2;PA;São Félix do Xingu;Curso d'água natural de até 10 metros;Analisado, aguardando atendimento a notificação;PE;0,9039
PA-1507300-8E063E2FD9CD4AC1B906F6508F519A40;PA;São Félix do Xingu;Curso d'água natural de até 10 metros;Analisado, aguardando atendimento a notificação;PE;0,2530
PA-1507300-8E6DD644C97D4E81AFD5826A639B1D48;PA;São Félix do Xingu;Curso d'água natural de até 10 metros;Analisado, aguardando atendimento a notificação;PE;0,7057
PA-1507300-8E7B5A0E29944BFD88F319091847EEA3;PA;São Félix do Xingu;Curso d'água natural de até 10 metros;Analisado, aguardando regularização ambiental (Lei nº 12.651/2012);AT;13,8107
PA-1507300-8EE5201B772D4701B37E65A0FD5A740C;PA;São Félix do Xingu;Curso d'água natural de até 10 metros;Analisado, aguardando atendimento a notificação;PE;3,4191
PA-1507300-8F3F8461243D4701A3661DDA00228B3A;PA;São Félix do Xingu;Curso d'água natural de até 10 metros;Analisado, aguardando atendimento a notificação;PE;1,2237
PA-1507300-8F477830496A455C9C57ACEF9DE2CE5D;PA;São Félix do Xingu;Curso d'água natural de até 10 metros;Analisado, aguardando atendimento a notificação;PE;0,1298
PA-1507300-8F9B667109B34F67BA34695F690DCE9B;PA;São Félix do Xingu;Curso d'água natural de até 10 metros;Analisado, aguardando atendimento a notificação;PE;0,0571
PA-1507300-8FACCAB55EB94ABAB4BD4DD2CCD28160;PA;São Félix do Xingu;Curso d'água natural de até 10 metros;Analisado, aguardando atendimento a notificação;PE;13,1821
PA-1507300-8FFD1C44237B4B46B9EA92D49418D13F;PA;São Félix do Xingu;Curso d'água natural de até 10 metros;Analisado, aguardando atendimento a notificação;PE;0,0201
PA-1507300-903D85FB3C904887807CD15262130A08;PA;São Félix do Xingu;Curso d'água natural de até 10 metros;Analisado, aguardando atendimento a notificação;PE;0,7436
PA-1507300-904347EF66E0478CAB656DE7C1197975;PA;São Félix do Xingu;Curso d'água natural de até 10 metros;Analisado, aguardando atendimento a notificação;PE;0,4962
PA-1507300-907B4C0106CE445199F6AE6B26B026D6;PA;São Félix do Xingu;Curso d'água natural de até 10 metros;Analisado sem pendências;AT;0,2262
PA-1507300-907D1DEC7D614EE8A862374E9F9763FB;PA;São Félix do Xingu;Curso d'água natural de até 10 metros;Analisado, aguardando atendimento a notificação;PE;1,2941
PA-1507300-90B625FBDC3947AEB79DBBB74B9BFE4D;PA;São Félix do Xingu;Curso d'água natural de até 10 metros;Analisado, aguardando regularização ambiental (Lei nº 12.651/2012);AT;2,5330
PA-1507300-9124EA8AF4764465AC7044537E2F90DF;PA;São Félix do Xingu;Curso d'água natural de até 10 metros;Analisado, aguardando atendimento a notificação;AT;0,2611
PA-1507300-9166A62005BC4BCE8F7F5FA966D97BA0;PA;São Félix do Xingu;Curso d'água natural de até 10 metros;Analisado, aguardando atendimento a notificação;PE;0,1842
PA-1507300-917463820BA14E428BB3E2AF44054DAB;PA;São Félix do Xingu;Curso d'água natural de até 10 metros;Analisado, aguardando atendimento a notificação;PE;2,0706
PA-1507300-9194636263A84953AB0FD67639950FBA;PA;São Félix do Xingu;Curso d'água natural de até 10 metros;Analisado, aguardando atendimento a notificação;PE;0,1419
PA-1507300-91B5FF4BEB0D4885B0F8DAB7B9203235;PA;São Félix do Xingu;Curso d'água natural de até 10 metros;Analisado, aguardando atendimento a notificação;PE;0,2929
PA-1507300-91E356E3D0EF43FBA7DDC96FBC0FC352;PA;São Félix do Xingu;Curso d'água natural de até 10 metros;Analisado, aguardando atendimento a notificação;PE;3,0517
PA-1507300-923E9A354EF24C26BF11F0185011063D;PA;São Félix do Xingu;Curso d'água natural de até 10 metros;Analisado sem pendências;AT;0,4182
PA-1507300-9262959C446F4EA6B8470BCE7E9680D9;PA;São Félix do Xingu;Curso d'água natural de até 10 metros;Analisado, aguardando regularização ambiental (Lei nº 12.651/2012);AT;0,5080
PA-1507300-9293CED2C0CE47AE99E213DDA14B3EB6;PA;São Félix do Xingu;Curso d'água natural de até 10 metros;Analisado, aguardando atendimento a notificação;PE;0,4417
PA-1507300-92A930EF8D9C45048CB10590E2F71828;PA;São Félix do Xingu;Curso d'água natural de até 10 metros;Analisado, aguardando atendimento a notificação;PE;0,1926
PA-1507300-92F87B74036944F7ABCA811774C4B5D8;PA;São Félix do Xingu;Curso d'água natural de até 10 metros;Aguardando análise;PE;1,7806
PA-1507300-930D59C2C4964906B6D532879D1B13AD;PA;São Félix do Xingu;Curso d'água natural de até 10 metros;Analisado, aguardando atendimento a notificação;AT;0,4144
PA-1507300-931715C4F982486A9BBFC2F35106D62C;PA;São Félix do Xingu;Curso d'água natural de até 10 metros;Analisado, aguardando atendimento a notificação;PE;0,0058
PA-1507300-93D0728A85E740CB8C33FD18A75C4F26;PA;São Félix do Xingu;Curso d'água natural de até 10 metros;Analisado, aguardando atendimento a notificação;PE;0,6126
PA-1507300-93D8C1C3147A4B058DFA82058DBDD8FB;PA;São Félix do Xingu;Curso d'água natural de até 10 metros;Analisado, aguardando regularização ambiental (Lei nº 12.651/2012);AT;0,7510
PA-1507300-93EF0EB9F91F4D5EA02B1E2C9BD0C908;PA;São Félix do Xingu;Curso d'água natural de até 10 metros;Analisado, aguardando atendimento a notificação;PE;0,4367
PA-1507300-9418301D176141C4BA8FAFFABF7FEC61;PA;São Félix do Xingu;Curso d'água natural de até 10 metros;Aguardando análise;AT;0,0514
PA-1507300-9444BAA9199849FAB33193C4D6D7BBF9;PA;São Félix do Xingu;Curso d'água natural de até 10 metros;Analisado, aguardando atendimento a notificação;PE;0,1003
PA-1507300-946639E09BEB442ABE3658C90416D5FA;PA;São Félix do Xingu;Curso d'água natural de até 10 metros;Analisado, aguardando atendimento a notificação;PE;0,4580
PA-1507300-94733FA7F381469E810874130E1999B3;PA;São Félix do Xingu;Curso d'água natural de até 10 metros;Em análise;PE;0,4634
PA-1507300-94863A3EA3EB40DEA921F51D81E35848;PA;São Félix do Xingu;Curso d'água natural de até 10 metros;Analisado, aguardando atendimento a notificação;PE;0,3949
PA-1507300-94C09FF32BBE46418E17000AAE5CEE23;PA;São Félix do Xingu;Curso d'água natural de até 10 metros;Analisado, aguardando regularização ambiental (Lei nº 12.651/2012);AT;3,3572
PA-1507300-94CCCC21EECA4FA295768B8F07888BB5;PA;São Félix do Xingu;Curso d'água natural de até 10 metros;Analisado, aguardando atendimento a notificação;AT;0,1459
PA-1507300-95018812646D42388E2F0F2C8E99D57E;PA;São Félix do Xingu;Curso d'água natural de até 10 metros;Analisado, aguardando atendimento a notificação;AT;0,1999
PA-1507300-950C7C218E42478783400044024EF503;PA;São Félix do Xingu;Curso d'água natural de até 10 metros;Analisado, aguardando atendimento a notificação;PE;1,0691
PA-1507300-95121F36BB014043983C83D0FA009D94;PA;São Félix do Xingu;Curso d'água natural de até 10 metros;Analisado, aguardando atendimento a notificação;PE;1,0340
PA-1507300-951491D3E54F49BB89ED0862C87F6DF5;PA;São Félix do Xingu;Curso d'água natural de até 10 metros;Aguardando análise;AT;0,0621
PA-1507300-951B426751304C2BAD71479D1198C5CF;PA;São Félix do Xingu;Curso d'água natural de até 10 metros;Analisado, aguardando atendimento a notificação;PE;0,7234
PA-1507300-951CC6B4B4F944F5881CD5CA019D0761;PA;São Félix do Xingu;Curso d'água natural de até 10 metros;Analisado, aguardando atendimento a notificação;PE;0,2141
PA-1507300-9523A6B00BAE48738B358C0086D410A7;PA;São Félix do Xingu;Curso d'água natural de até 10 metros;Analisado, aguardando atendimento a notificação;PE;1,6364
PA-1507300-9555086D534A4A8FB383751114A00A62;PA;São Félix do Xingu;Curso d'água natural de até 10 metros;Analisado, aguardando atendimento a notificação;PE;0,2481
PA-1507300-9558A7543A7646138E2979EE700F1709;PA;São Félix do Xingu;Curso d'água natural de até 10 metros;Analisado, aguardando atendimento a notificação;PE;0,3680
PA-1507300-958DDA846B0C4AE38138914DDEC8DE16;PA;São Félix do Xingu;Curso d'água natural de até 10 metros;Aguardando análise;AT;18,7773
PA-1507300-95C23A38B22843B3A78BEC7CE87466F1;PA;São Félix do Xingu;Curso d'água natural de até 10 metros;Analisado, aguardando atendimento a notificação;AT;0,2236
PA-1507300-960646586C8946F5BAD70BB9BD66860D;PA;São Félix do Xingu;Curso d'água natural de até 10 metros;Analisado sem pendências;AT;0,1938
PA-1507300-96117D6B476C439A973400536978C551;PA;São Félix do Xingu;Curso d'água natural de até 10 metros;Analisado, aguardando atendimento a notificação;PE;0,1427
PA-1507300-9649977C604C496A84373EFC3B878DE8;PA;São Félix do Xingu;Curso d'água natural de até 10 metros;Analisado, aguardando regularização ambiental (Lei nº 12.651/2012);AT;0,0497
PA-1507300-96A387441F954C81BDEC9BACCCA75037;PA;São Félix do Xingu;Curso d'água natural de até 10 metros;Analisado, aguardando atendimento a notificação;PE;0,3171
PA-1507300-96B40C578FD342419B490B19E2A5A437;PA;São Félix do Xingu;Curso d'água natural de até 10 metros;Analisado, aguardando atendimento a notificação;PE;0,4417
PA-1507300-97201EF131734E2CA667E0B0667A61E8;PA;São Félix do Xingu;Curso d'água natural de até 10 metros;Analisado, aguardando atendimento a notificação;PE;1,8005
PA-1507300-97314466497246169C2E6A24A2EAFB13;PA;São Félix do Xingu;Curso d'água natural de até 10 metros;Analisado, aguardando atendimento a notificação;AT;0,3392
PA-1507300-9743902632D44799AAE78EE8A9D3DFF2;PA;São Félix do Xingu;Curso d'água natural de até 10 metros;Analisado, aguardando atendimento a notificação;PE;4,3807
PA-1507300-977A283AAB984E9CA922C67CA1F4C462;PA;São Félix do Xingu;Curso d'água natural de até 10 metros;Analisado, aguardando atendimento a notificação;PE;0,8788
PA-1507300-9800E217C39E4668B3E46D9196DF6FE5;PA;São Félix do Xingu;Curso d'água natural de até 10 metros;Analisado, aguardando atendimento a notificação;AT;0,2248
PA-1507300-981B36C90E9B436EA725E8FA02944EA5;PA;São Félix do Xingu;Curso d'água natural de até 10 metros;Analisado, aguardando regularização ambiental (Lei nº 12.651/2012);AT;0,2419
PA-1507300-981BAD4A28F641659EC5220A6C9A5044;PA;São Félix do Xingu;Curso d'água natural de até 10 metros;Analisado, aguardando regularização ambiental (Lei nº 12.651/2012);AT;0,1261
PA-1507300-981F00AF8D95453F8508F2013541DC6A;PA;São Félix do Xingu;Curso d'água natural de até 10 metros;Aguardando análise;PE;0,2405
PA-1507300-9839141014A141B3AE4B3E50A76440E5;PA;São Félix do Xingu;Curso d'água natural de até 10 metros;Analisado, aguardando atendimento a notificação;PE;1,6361
PA-1507300-9892804C434C4F6E8A4FD05588C3BF09;PA;São Félix do Xingu;Curso d'água natural de até 10 metros;Analisado, aguardando regularização ambiental (Lei nº 12.651/2012);AT;0,7342
PA-1507300-98C7D9BD4C4E4F7F9FF6EB0AC4B48FD8;PA;São Félix do Xingu;Curso d'água natural de até 10 metros;Analisado, aguardando atendimento a notificação;PE;1,6467
PA-1507300-98D0F92482C240C3A09A33835106DE16;PA;São Félix do Xingu;Curso d'água natural de até 10 metros;Analisado, aguardando regularização ambiental (Lei nº 12.651/2012);AT;5,0266
PA-1507300-98FBF0F8236C42E490C799CE7AE85CBD;PA;São Félix do Xingu;Curso d'água natural de até 10 metros;Analisado, aguardando atendimento a notificação;AT;0,0428
PA-1507300-9901EBCA5441474798569446F8BE9F41;PA;São Félix do Xingu;Curso d'água natural de até 10 metros;Analisado, aguardando regularização ambiental (Lei nº 12.651/2012);AT;0,2064
PA-1507300-99205A41F503429FB989919BEA8B6130;PA;São Félix do Xingu;Curso d'água natural de até 10 metros;Analisado, aguardando atendimento a notificação;AT;0,3756
PA-1507300-998E048BD07C49049C9FD0585DD1D0D2;PA;São Félix do Xingu;Curso d'água natural de até 10 metros;Aguardando análise;PE;4,7794
PA-1507300-99CF44EFDEB5491193F2B838E421FD51;PA;São Félix do Xingu;Curso d'água natural de até 10 metros;Analisado, aguardando atendimento a notificação;PE;0,3799
PA-1507300-99D15FAFA47A48999C6A80C749B196A3;PA;São Félix do Xingu;Curso d'água natural de até 10 metros;Analisado, aguardando atendimento a notificação;PE;0,2352
PA-1507300-99D1BEAD759D4C5A8D505971EC17F117;PA;São Félix do Xingu;Curso d'água natural de até 10 metros;Analisado, aguardando atendimento a notificação;PE;1,1436
PA-1507300-9A16A753E8364C00B03781EBAC3AF564;PA;São Félix do Xingu;Curso d'água natural de até 10 metros;Analisado, aguardando atendimento a notificação;PE;0,1962
PA-1507300-9A4A58728C1C426B9606E6DB2C5E3AC3;PA;São Félix do Xingu;Curso d'água natural de até 10 metros;Analisado, aguardando atendimento a notificação;PE;4,0938
PA-1507300-9A4C2A3EF8E24B3BBFA34B53116610DD;PA;São Félix do Xingu;Curso d'água natural de até 10 metros;Analisado, aguardando atendimento a notificação;AT;85,0522
PA-1507300-9A53CE2FD7804A589C553FFC9AAAAAB9;PA;São Félix do Xingu;Curso d'água natural de até 10 metros;Analisado, aguardando regularização ambiental (Lei nº 12.651/2012);AT;15,6215
PA-1507300-9A657D7B654E43D08AC9F30E2528F518;PA;São Félix do Xingu;Curso d'água natural de até 10 metros;Aguardando análise;PE;0,1573
PA-1507300-9A7B41DAD8484641BC83DF4F3E30DB60;PA;São Félix do Xingu;Curso d'água natural de até 10 metros;Analisado, aguardando regularização ambiental (Lei nº 12.651/2012);AT;0,0101
PA-1507300-9A80200A470E48EAA8BF4F9D81765B47;PA;São Félix do Xingu;Curso d'água natural de até 10 metros;Analisado, aguardando atendimento a notificação;AT;0,2125
PA-1507300-9A85E95AE947494095D16E536D9533F3;PA;São Félix do Xingu;Curso d'água natural de até 10 metros;Analisado, aguardando atendimento a notificação;PE;0,4054
PA-1507300-9ABE7411221445F68D853C74F2EB92AE;PA;São Félix do Xingu;Curso d'água natural de até 10 metros;Aguardando análise;AT;3,5212
PA-1507300-9AC603CB9A1E49939D93604F9A38A73E;PA;São Félix do Xingu;Curso d'água natural de até 10 metros;Analisado, aguardando atendimento a notificação;PE;0,3630
PA-1507300-9B0049E584264564842F94C63301AC88;PA;São Félix do Xingu;Curso d'água natural de até 10 metros;Analisado, aguardando atendimento a notificação;PE;2,0040
PA-1507300-9B02C794023144968904D73A3380C1DA;PA;São Félix do Xingu;Curso d'água natural de até 10 metros;Analisado, aguardando regularização ambiental (Lei nº 12.651/2012);PE;62,7183
PA-1507300-9B29CDF3A41D407DBDE2C626579B07DA;PA;São Félix do Xingu;Curso d'água natural de até 10 metros;Analisado sem pendências;AT;0,1137
PA-1507300-9B8386865D9B4129BCBFEE51F6CBC649;PA;São Félix do Xingu;Curso d'água natural de até 10 metros;Analisado, aguardando atendimento a notificação;PE;0,0863
PA-1507300-9B93FD5DCF5E4660A5DE3454248C28AF;PA;São Félix do Xingu;Curso d'água natural de até 10 metros;Analisado, aguardando atendimento a notificação;PE;0,0942
PA-1507300-9BB3D5459E5148E9AAFB9632CE9F45F8;PA;São Félix do Xingu;Curso d'água natural de até 10 metros;Analisado, aguardando atendimento a notificação;PE;0,3601
PA-1507300-9C114C40FF074F00A654BD3EA2CECB4C;PA;São Félix do Xingu;Curso d'água natural de até 10 metros;Aguardando análise;AT;10,3789
PA-1507300-9C1D08D5BE1544E4BBA435AF4CEADEC4;PA;São Félix do Xingu;Curso d'água natural de até 10 metros;Analisado, aguardando atendimento a notificação;PE;0,7031
PA-1507300-9C62EA4B9CD34792B0BCFBCA9455BC72;PA;São Félix do Xingu;Curso d'água natural de até 10 metros;Analisado, aguardando atendimento a notificação;PE;1,0080
PA-1507300-9C99B24B168E46BB8B18E4331B04A917;PA;São Félix do Xingu;Curso d'água natural de até 10 metros;Analisado, aguardando regularização ambiental (Lei nº 12.651/2012);AT;1,0523
PA-1507300-9C9B0473E42846A78DA54E0E0282A511;PA;São Félix do Xingu;Curso d'água natural de até 10 metros;Analisado, aguardando atendimento a notificação;PE;0,9903
PA-1507300-9C9DD84FCA20460AB7A552AF4BD95878;PA;São Félix do Xingu;Curso d'água natural de até 10 metros;Analisado, aguardando regularização ambiental (Lei nº 12.651/2012);AT;0,8880
PA-1507300-9CAEBF62FC3A49A1944DDA5C3486925A;PA;São Félix do Xingu;Curso d'água natural de até 10 metros;Analisado, aguardando atendimento a notificação;PE;0,2745
PA-1507300-9CB9F51A2E1F43AABE60B4A2B50A6C5D;PA;São Félix do Xingu;Curso d'água natural de até 10 metros;Analisado, aguardando atendimento a notificação;PE;0,2786
PA-1507300-9CF109037E4848E1B8EEF85B784ADD18;PA;São Félix do Xingu;Curso d'água natural de até 10 metros;Analisado, aguardando atendimento a notificação;PE;0,6547
PA-1507300-9D12B78C786F4B199945B7634A3F89C5;PA;São Félix do Xingu;Curso d'água natural de até 10 metros;Analisado, aguardando atendimento a notificação;AT;0,3386
PA-1507300-9D73BDAC491246A19DFC9E78BC3F5A25;PA;São Félix do Xingu;Curso d'água natural de até 10 metros;Analisado, aguardando atendimento a notificação;PE;0,3014
PA-1507300-9DDAD9A12E7F4A74A9A148B1710AC0B1;PA;São Félix do Xingu;Curso d'água natural de até 10 metros;Analisado, aguardando atendimento a notificação;PE;0,0614
PA-1507300-9DDEFFC6AAA24A39B8592DAC73C946DC;PA;São Félix do Xingu;Curso d'água natural de até 10 metros;Analisado, aguardando atendimento a notificação;PE;0,1741
PA-1507300-9E194269A98F4A5F9BDD3FB357DD2233;PA;São Félix do Xingu;Curso d'água natural de até 10 metros;Analisado, aguardando regularização ambiental (Lei nº 12.651/2012);AT;4,0222
PA-1507300-9E2346151ECE41B680F7863918CF444F;PA;São Félix do Xingu;Curso d'água natural de até 10 metros;Analisado, aguardando atendimento a notificação;PE;0,5462
PA-1507300-9E34DF22595840E290231A6965168AA9;PA;São Félix do Xingu;Curso d'água natural de até 10 metros;Aguardando análise;PE;0,3821
PA-1507300-9E6F27B111FD4734A398CC57845A3C09;PA;São Félix do Xingu;Curso d'água natural de até 10 metros;Analisado, aguardando regularização ambiental (Lei nº 12.651/2012);PE;1,4906
PA-1507300-9E6FF66FF7C04390907BBE6C50DC5586;PA;São Félix do Xingu;Curso d'água natural de até 10 metros;Analisado, aguardando atendimento a notificação;PE;0,1181
PA-1507300-9E817D1F247D483B90BC487F8B3AD7C4;PA;São Félix do Xingu;Curso d'água natural de até 10 metros;Analisado, aguardando atendimento a notificação;PE;0,2679
PA-1507300-9E932DA1980D4D869678F0C40245AC5D;PA;São Félix do Xingu;Curso d'água natural de até 10 metros;Analisado, aguardando regularização ambiental (Lei nº 12.651/2012);AT;0,5160
PA-1507300-9F166A266CC74B9B964E7623A8D444A4;PA;São Félix do Xingu;Curso d'água natural de até 10 metros;Analisado, aguardando atendimento a notificação;PE;0,2922
PA-1507300-9F50FC71F0C347CA8009E615E3AD27F6;PA;São Félix do Xingu;Curso d'água natural de até 10 metros;Analisado, aguardando atendimento a notificação;PE;0,2512
PA-1507300-9FAAC8A6C5E047878034612A18D59222;PA;São Félix do Xingu;Curso d'água natural de até 10 metros;Analisado, aguardando regularização ambiental (Lei nº 12.651/2012);AT;1,5908
PA-1507300-9FC313CD97F34AA08DDC9ED18764B5AC;PA;São Félix do Xingu;Curso d'água natural de até 10 metros;Analisado, aguardando atendimento a notificação;PE;1,8362
PA-1507300-9FD4E3C7C6B3484796705733EA546FC8;PA;São Félix do Xingu;Curso d'água natural de até 10 metros;Analisado, aguardando atendimento a notificação;AT;0,2503
PA-1507300-9FD7EEF577D54D359866056FF752D4CB;PA;São Félix do Xingu;Curso d'água natural de até 10 metros;Analisado, aguardando regularização ambiental (Lei nº 12.651/2012);AT;0,2620
PA-1507300-A0049C6AEB3F4156A0AEA9649C709F04;PA;São Félix do Xingu;Curso d'água natural de até 10 metros;Analisado, aguardando atendimento a notificação;PE;1,0534
PA-1507300-A00B0C4A45F94297A2FEF13886CBC4A3;PA;São Félix do Xingu;Curso d'água natural de até 10 metros;Analisado, aguardando atendimento a notificação;AT;0,4146
PA-1507300-A077B9028FA44727B540FB08707B0FCD;PA;São Félix do Xingu;Curso d'água natural de até 10 metros;Analisado, aguardando atendimento a notificação;PE;0,3836
PA-1507300-A0A85B4D6CCC4234A589355B32D5E1CC;PA;São Félix do Xingu;Curso d'água natural de até 10 metros;Analisado, aguardando atendimento a notificação;PE;0,7180
PA-1507300-A0FEDD6669C9457199BBC3B5A04D0939;PA;São Félix do Xingu;Curso d'água natural de até 10 metros;Analisado sem pendências;AT;0,0336
PA-1507300-A1621B0427CA4842994010CBDC3892FF;PA;São Félix do Xingu;Curso d'água natural de até 10 metros;Analisado, aguardando atendimento a notificação;PE;0,2701
PA-1507300-A1AF31DA0887427DA1AB7276278EBEC4;PA;São Félix do Xingu;Curso d'água natural de até 10 metros;Analisado, aguardando atendimento a notificação;PE;0,6208
PA-1507300-A1B23D4EFFD646989229C249A862617E;PA;São Félix do Xingu;Curso d'água natural de até 10 metros;Analisado, aguardando atendimento a notificação;PE;0,4758
PA-1507300-A2140A14D1AC49CD8994711326668F4B;PA;São Félix do Xingu;Curso d'água natural de até 10 metros;Analisado, aguardando atendimento a notificação;PE;5,5983
PA-1507300-A22259410EC74F28AEF38FD4B5F7C6BD;PA;São Félix do Xingu;Curso d'água natural de até 10 metros;Analisado, aguardando atendimento a notificação;PE;0,0314
PA-1507300-A248F86C508E4A88A9F958CF62FEAE67;PA;São Félix do Xingu;Curso d'água natural de até 10 metros;Analisado, aguardando atendimento a notificação;PE;0,6272
PA-1507300-A26FA3249E084D02A28A671DAE15581A;PA;São Félix do Xingu;Curso d'água natural de até 10 metros;Analisado, aguardando regularização ambiental (Lei nº 12.651/2012);AT;0,7502
PA-1507300-A2CDB93C6ECA40D583737507EA60D321;PA;São Félix do Xingu;Curso d'água natural de até 10 metros;Aguardando análise;PE;0,7015
PA-1507300-A2EBEDDCE6474928A950A4DB370E2EE1;PA;São Félix do Xingu;Curso d'água natural de até 10 metros;Analisado, aguardando atendimento a notificação;PE;0,0641
PA-1507300-A2F04332EF834A8A94E6A49BBF5CE7B4;PA;São Félix do Xingu;Curso d'água natural de até 10 metros;Analisado, aguardando atendimento a notificação;PE;0,1401
PA-1507300-A312234C32C24E138072919456DCA05D;PA;São Félix do Xingu;Curso d'água natural de até 10 metros;Analisado, aguardando atendimento a notificação;PE;1,0993
PA-1507300-A358B89C99984CF9A45179ACE4CF3AD3;PA;São Félix do Xingu;Curso d'água natural de até 10 metros;Analisado, aguardando atendimento a notificação;PE;0,1226
PA-1507300-A38E3745C8254D1096A44F3AE704A227;PA;São Félix do Xingu;Curso d'água natural de até 10 metros;Analisado, aguardando atendimento a notificação;PE;0,2844
PA-1507300-A3E712E4D21C4E1E8F381652E2AFAAE2;PA;São Félix do Xingu;Curso d'água natural de até 10 metros;Analisado, aguardando atendimento a notificação;PE;0,3207
PA-1507300-A4129A12FA5A4FA2A2582FA4AA47E3A7;PA;São Félix do Xingu;Curso d'água natural de até 10 metros;Analisado, aguardando atendimento a notificação;PE;0,1798
PA-1507300-A4601E4675E64765A10E0D377B494A3B;PA;São Félix do Xingu;Curso d'água natural de até 10 metros;Aguardando análise;PE;8,8742
PA-1507300-A48EFD9AF86F4CB190D8F387B9B091C5;PA;São Félix do Xingu;Curso d'água natural de até 10 metros;Analisado, aguardando atendimento a notificação;PE;0,5508
PA-1507300-A4C31C8DC27B4810B5042A2E55F6F33D;PA;São Félix do Xingu;Curso d'água natural de até 10 metros;Analisado, aguardando atendimento a notificação;PE;0,1168
PA-1507300-A4E5366806874A6C96FA108C2B278CEF;PA;São Félix do Xingu;Curso d'água natural de até 10 metros;Analisado, aguardando atendimento a notificação;PE;0,1197
PA-1507300-A4FFE364AF6E402E96A5B66CA243B561;PA;São Félix do Xingu;Curso d'água natural de até 10 metros;Analisado, aguardando regularização ambiental (Lei nº 12.651/2012);AT;0,0905
PA-1507300-A517E08D691D4AF6B056833B01B7FF03;PA;São Félix do Xingu;Curso d'água natural de até 10 metros;Analisado, aguardando atendimento a notificação;PE;0,3260
PA-1507300-A57B57B8724C4E2FA78EA3902EECC6E0;PA;São Félix do Xingu;Curso d'água natural de até 10 metros;Analisado, aguardando atendimento a notificação;PE;0,4507
PA-1507300-A587692E03BB42BB9649D9381B0F8C29;PA;São Félix do Xingu;Curso d'água natural de até 10 metros;Analisado, aguardando atendimento a notificação;AT;0,4448
PA-1507300-A5A434E876D04F7882995425343ED917;PA;São Félix do Xingu;Curso d'água natural de até 10 metros;Analisado, aguardando atendimento a notificação;SU;0,2208
PA-1507300-A5B5B533E2ED415893FA8FCFBF799A9A;PA;São Félix do Xingu;Curso d'água natural de até 10 metros;Analisado, aguardando regularização ambiental (Lei nº 12.651/2012);AT;0,3910
PA-1507300-A5D65622254E49DCB72A36D1067BCE07;PA;São Félix do Xingu;Curso d'água natural de até 10 metros;Analisado, aguardando regularização ambiental (Lei nº 12.651/2012);AT;0,9028
PA-1507300-A5F3FEE46181467599F77F5740D55D8D;PA;São Félix do Xingu;Curso d'água natural de até 10 metros;Analisado, aguardando regularização ambiental (Lei nº 12.651/2012);AT;19,1498
PA-1507300-A5F4DAF23C434AC5A982253CAF554BAC;PA;São Félix do Xingu;Curso d'água natural de até 10 metros;Analisado, aguardando atendimento a notificação;PE;0,0931
PA-1507300-A63E1340C8374FFDA0AF6A448AAC0841;PA;São Félix do Xingu;Curso d'água natural de até 10 metros;Analisado sem pendências;AT;4,7025
PA-1507300-A64C7A96E2FC4391B1EED3FFB13A179A;PA;São Félix do Xingu;Curso d'água natural de até 10 metros;Analisado, aguardando regularização ambiental (Lei nº 12.651/2012);AT;0,6762
PA-1507300-A6975B6AAEC54444A9422BFCBB32F662;PA;São Félix do Xingu;Curso d'água natural de até 10 metros;Analisado, aguardando atendimento a notificação;PE;0,1340
PA-1507300-A69C8C2289554BCB82CB6AAA627A3476;PA;São Félix do Xingu;Curso d'água natural de até 10 metros;Analisado, aguardando atendimento a notificação;PE;3,1786
PA-1507300-A6B2C6DCCA97441091C1C7EB89BA2B55;PA;São Félix do Xingu;Curso d'água natural de até 10 metros;Analisado, aguardando regularização ambiental (Lei nº 12.651/2012);AT;4,5979
PA-1507300-A6BA939B7A894BDA8DB7470E3349FF6D;PA;São Félix do Xingu;Curso d'água natural de até 10 metros;Analisado, aguardando regularização ambiental (Lei nº 12.651/2012);AT;6,4219
PA-1507300-A6D9B0FD110A4488A69F5981B4D610AD;PA;São Félix do Xingu;Curso d'água natural de até 10 metros;Analisado, aguardando atendimento a notificação;PE;2,1982
PA-1507300-A6DB09C3546E403E84C829793C445414;PA;São Félix do Xingu;Curso d'água natural de até 10 metros;Analisado, aguardando atendimento a notificação;PE;0,2343
PA-1507300-A6EC3ED33A47429EA16B74DC4B2A7429;PA;São Félix do Xingu;Curso d'água natural de até 10 metros;Analisado, aguardando atendimento a notificação;PE;0,2519
PA-1507300-A6F7B6895EF4430FB8A4CBBD59BE040C;PA;São Félix do Xingu;Curso d'água natural de até 10 metros;Analisado, aguardando regularização ambiental (Lei nº 12.651/2012);PE;3,5515
PA-1507300-A703ECD4E5BD471997E53723A5284CE8;PA;São Félix do Xingu;Curso d'água natural de até 10 metros;Analisado, aguardando atendimento a notificação;PE;1,4777
PA-1507300-A736FD8E808A4B81A14CB6204C80CE6C;PA;São Félix do Xingu;Curso d'água natural de até 10 metros;Analisado, aguardando regularização ambiental (Lei nº 12.651/2012);AT;0,4284
PA-1507300-A77F6887F4944564AA42CFE4EBFEA42F;PA;São Félix do Xingu;Curso d'água natural de até 10 metros;Analisado, aguardando atendimento a notificação;PE;0,0967
PA-1507300-A7863CFC03C841BB806C99B6D471BD6B;PA;São Félix do Xingu;Curso d'água natural de até 10 metros;Analisado, aguardando atendimento a notificação;PE;0,2307
PA-1507300-A78B30C751B04BA6BC033C44954F7D24;PA;São Félix do Xingu;Curso d'água natural de até 10 metros;Aguardando análise;PE;0,8866
PA-1507300-A79275E92EBA478380066744144006C0;PA;São Félix do Xingu;Curso d'água natural de até 10 metros;Aguardando análise;AT;0,0751
PA-1507300-A7C5E859EC1B4C0CB9D10CA019C70C5C;PA;São Félix do Xingu;Curso d'água natural de até 10 metros;Analisado, aguardando atendimento a notificação;PE;0,2932
PA-1507300-A7CC6A7BF15E4FC99C1076D79F6051BD;PA;São Félix do Xingu;Curso d'água natural de até 10 metros;Analisado, aguardando atendimento a notificação;PE;0,3448
PA-1507300-A7DA4C5319114281A4CA03711A466023;PA;São Félix do Xingu;Curso d'água natural de até 10 metros;Analisado, aguardando atendimento a notificação;PE;0,3059
PA-1507300-A7E2BAADC3F84A05BA32234394FCB991;PA;São Félix do Xingu;Curso d'água natural de até 10 metros;Analisado, aguardando regularização ambiental (Lei nº 12.651/2012);AT;2,5714
PA-1507300-A8A8F989632E4DAEB0450E99C1DD73DA;PA;São Félix do Xingu;Curso d'água natural de até 10 metros;Analisado, aguardando atendimento a notificação;PE;0,1320
PA-1507300-A8C4501597EF4AA484EEFF66E79F2E73;PA;São Félix do Xingu;Curso d'água natural de até 10 metros;Analisado, aguardando atendimento a notificação;PE;0,2249
PA-1507300-A93DD35EF1554ED690AA13C0BA75B9C4;PA;São Félix do Xingu;Curso d'água natural de até 10 metros;Analisado, aguardando atendimento a notificação;PE;0,9028
PA-1507300-A95B5C74FBFB4E28B00ACDFB9C6F1CD5;PA;São Félix do Xingu;Curso d'água natural de até 10 metros;Aguardando análise;SU;6,3562
PA-1507300-A965989F0F224D80B5D0FA97A986D2B0;PA;São Félix do Xingu;Curso d'água natural de até 10 metros;Analisado, aguardando atendimento a notificação;PE;0,1085
PA-1507300-A97837B781DF4423BB383231457F9BE2;PA;São Félix do Xingu;Curso d'água natural de até 10 metros;Analisado, aguardando atendimento a notificação;PE;6,8904
PA-1507300-A99264AB0C754774A49F3EC0A3488682;PA;São Félix do Xingu;Curso d'água natural de até 10 metros;Analisado, aguardando atendimento a notificação;PE;1,4109
PA-1507300-AA094C6511E24716ACB377E9EF27B20E;PA;São Félix do Xingu;Curso d'água natural de até 10 metros;Aguardando análise;SU;20,4570
PA-1507300-AA16544D353241989DA60678C13D53B3;PA;São Félix do Xingu;Curso d'água natural de até 10 metros;Analisado, aguardando atendimento a notificação;PE;0,2500
PA-1507300-AA4ADB330559426C8DAED142804885AC;PA;São Félix do Xingu;Curso d'água natural de até 10 metros;Analisado, aguardando atendimento a notificação;AT;0,2349
PA-1507300-AA5755C76B66486A92FC99A50BF58D8E;PA;São Félix do Xingu;Curso d'água natural de até 10 metros;Analisado, aguardando regularização ambiental (Lei nº 12.651/2012);AT;0,4738
PA-1507300-AA6B17A15B2C4A53BBC86410077ABAC2;PA;São Félix do Xingu;Curso d'água natural de até 10 metros;Analisado, aguardando atendimento a notificação;PE;1,0431
PA-1507300-AAC0F20B88984D67925702380372005D;PA;São Félix do Xingu;Curso d'água natural de até 10 metros;Analisado, aguardando atendimento a notificação;PE;1,4912
PA-1507300-AAD091FE6DFD4E01A7947CCAFB610D89;PA;São Félix do Xingu;Curso d'água natural de até 10 metros;Aguardando análise;PE;9,3188
PA-1507300-AB52FBA55A244D83AA70FAD8265D176B;PA;São Félix do Xingu;Curso d'água natural de até 10 metros;Analisado, aguardando regularização ambiental (Lei nº 12.651/2012);AT;0,2494
PA-1507300-AB7DF106749B47D19E11090D135CA8B6;PA;São Félix do Xingu;Curso d'água natural de até 10 metros;Analisado, aguardando regularização ambiental (Lei nº 12.651/2012);AT;2,6089
PA-1507300-AB85FCAE42F24CF6B529861F862425AA;PA;São Félix do Xingu;Curso d'água natural de até 10 metros;Analisado, aguardando regularização ambiental (Lei nº 12.651/2012);AT;1,4791
PA-1507300-AB8B335696A343BF8061732B8D31DA2E;PA;São Félix do Xingu;Curso d'água natural de até 10 metros;Analisado, aguardando atendimento a notificação;PE;0,1628
PA-1507300-ABDAE9E085374CEEA544C8DE576EFB19;PA;São Félix do Xingu;Curso d'água natural de até 10 metros;Analisado, aguardando atendimento a notificação;PE;0,1913
PA-1507300-ABDD794135934D7798738156AE987D54;PA;São Félix do Xingu;Curso d'água natural de até 10 metros;Analisado sem pendências;AT;0,0625
PA-1507300-ABE7602F1B104FB9A5DC81A75C3AD15A;PA;São Félix do Xingu;Curso d'água natural de até 10 metros;Aguardando análise;AT;10,9626
PA-1507300-AC259BDAB99C48E591D8A592CFAD9C01;PA;São Félix do Xingu;Curso d'água natural de até 10 metros;Analisado, aguardando atendimento a notificação;PE;0,1327
PA-1507300-AC30488B39704580969863F4EAB1D88A;PA;São Félix do Xingu;Curso d'água natural de até 10 metros;Analisado, aguardando atendimento a notificação;PE;0,5368
PA-1507300-AC4C751689314F3694ECFF838D55AC17;PA;São Félix do Xingu;Curso d'água natural de até 10 metros;Analisado, aguardando regularização ambiental (Lei nº 12.651/2012);AT;9,1499
PA-1507300-AC535CA4A47A4E15877B3180574C64F4;PA;São Félix do Xingu;Curso d'água natural de até 10 metros;Analisado, aguardando atendimento a notificação;PE;0,1552
PA-1507300-AC951EE361AA4F6E9BDD1B1B3FD8564D;PA;São Félix do Xingu;Curso d'água natural de até 10 metros;Analisado, aguardando atendimento a notificação;PE;0,1579
PA-1507300-AC959A48CBB344D7A73652F183C88C64;PA;São Félix do Xingu;Curso d'água natural de até 10 metros;Aguardando análise;AT;15,9487
PA-1507300-AC9A0EF888C54664AD72E7FCBEDA7774;PA;São Félix do Xingu;Curso d'água natural de até 10 metros;Analisado, aguardando regularização ambiental (Lei nº 12.651/2012);AT;68,9734
PA-1507300-AD2C033E695348A6842E47325769F12C;PA;São Félix do Xingu;Curso d'água natural de até 10 metros;Analisado, aguardando atendimento a notificação;PE;1,6826
PA-1507300-AD336D7DB24C4908BD7DB1A88853D86B;PA;São Félix do Xingu;Curso d'água natural de até 10 metros;Analisado, aguardando atendimento a notificação;PE;0,8549
PA-1507300-AD3D62E35F604C5A918B7BB865A6CC37;PA;São Félix do Xingu;Curso d'água natural de até 10 metros;Analisado, aguardando atendimento a notificação;PE;0,2136
PA-1507300-AD58FAAC7C754DE3BAC1F87C60E945CB;PA;São Félix do Xingu;Curso d'água natural de até 10 metros;Aguardando análise;AT;0,0541
PA-1507300-AD8ABC70F7F7461FBC2B5BB4CAA6432A;PA;São Félix do Xingu;Curso d'água natural de até 10 metros;Analisado, aguardando atendimento a notificação;PE;0,1562
PA-1507300-ADC06230DE2640D08158BD104CD25457;PA;São Félix do Xingu;Curso d'água natural de até 10 metros;Analisado, aguardando atendimento a notificação;PE;0,1190
PA-1507300-AE146F5D9895443888FFAD8C651EC7A3;PA;São Félix do Xingu;Curso d'água natural de até 10 metros;Analisado, aguardando atendimento a notificação;PE;4,0289
PA-1507300-AE19E9CD0BAA434B897A2E81BC9E808F;PA;São Félix do Xingu;Curso d'água natural de até 10 metros;Analisado, aguardando atendimento a notificação;PE;4,0856
PA-1507300-AE3FF77956384840970695F5BE7DA3A7;PA;São Félix do Xingu;Curso d'água natural de até 10 metros;Analisado, aguardando atendimento a notificação;PE;0,1725
PA-1507300-AE5D3E0C98FC458D99F62A7AB51EFE56;PA;São Félix do Xingu;Curso d'água natural de até 10 metros;Analisado, aguardando atendimento a notificação;PE;0,0869
PA-1507300-AE6A18B62AFC4EE182C86837A73F53CC;PA;São Félix do Xingu;Curso d'água natural de até 10 metros;Aguardando análise;AT;0,0850
PA-1507300-AEB592A6176E409798DA89C12E155B3C;PA;São Félix do Xingu;Curso d'água natural de até 10 metros;Analisado, aguardando regularização ambiental (Lei nº 12.651/2012);SU;3,3595
PA-1507300-AEC1E75796F44105AC224245A8ED610B;PA;São Félix do Xingu;Curso d'água natural de até 10 metros;Analisado, aguardando atendimento a notificação;PE;0,5788
PA-1507300-AEC66B15CFF44F35AAE084FF61415087;PA;São Félix do Xingu;Curso d'água natural de até 10 metros;Analisado, aguardando regularização ambiental (Lei nº 12.651/2012);AT;0,0824
PA-1507300-AF4750F7321241A58CE73AF74B5E0003;PA;São Félix do Xingu;Curso d'água natural de até 10 metros;Analisado, aguardando regularização ambiental (Lei nº 12.651/2012);AT;0,1485
PA-1507300-AF6F08688C3447A081DFB0E654B0005D;PA;São Félix do Xingu;Curso d'água natural de até 10 metros;Analisado, aguardando atendimento a notificação;PE;0,1058
PA-1507300-AF96B0122DE2437FAF47694BB21EFE17;PA;São Félix do Xingu;Curso d'água natural de até 10 metros;Analisado, aguardando atendimento a notificação;PE;1,1147
PA-1507300-AF98264F9413405D8B5E99C2752A1BDC;PA;São Félix do Xingu;Curso d'água natural de até 10 metros;Analisado, aguardando regularização ambiental (Lei nº 12.651/2012);AT;0,2935
PA-1507300-AF9BD13C209B4791807CA341345F60EE;PA;São Félix do Xingu;Curso d'água natural de até 10 metros;Aguardando análise;AT;2,0474
PA-1507300-AFC6F18EE7C948858568FF574D22F3D6;PA;São Félix do Xingu;Curso d'água natural de até 10 metros;Analisado, aguardando atendimento a notificação;PE;0,1146
PA-1507300-AFC86A5A6D65448F8E0902CEEC061BA7;PA;São Félix do Xingu;Curso d'água natural de até 10 metros;Analisado, aguardando regularização ambiental (Lei nº 12.651/2012);AT;46,0778
PA-1507300-AFFDA1998F014416ACC4E317D14D1B4B;PA;São Félix do Xingu;Curso d'água natural de até 10 metros;Analisado, aguardando atendimento a notificação;SU;1,4702
PA-1507300-AFFFBEE095B240659A67611CB0603267;PA;São Félix do Xingu;Curso d'água natural de até 10 metros;Aguardando análise;PE;3,6809
PA-1507300-B00252A57937470FBDB025EAC87DEDE5;PA;São Félix do Xingu;Curso d'água natural de até 10 metros;Analisado, aguardando atendimento a notificação;PE;0,5290
PA-1507300-B0147FA1978C42B49551F9A3E7AE462A;PA;São Félix do Xingu;Curso d'água natural de até 10 metros;Analisado, aguardando atendimento a notificação;AT;38,6766
PA-1507300-B072AB21522E4CC6985EFB6EE7269C1B;PA;São Félix do Xingu;Curso d'água natural de até 10 metros;Analisado, aguardando atendimento a notificação;PE;0,4310
PA-1507300-B0A5BC1C5ED34787B0EC51DCDBCFCB92;PA;São Félix do Xingu;Curso d'água natural de até 10 metros;Aguardando análise;PE;2,6591
PA-1507300-B0A6AF779F454C85BE1F0757019960D1;PA;São Félix do Xingu;Curso d'água natural de até 10 metros;Analisado, aguardando regularização ambiental (Lei nº 12.651/2012);AT;0,2588
PA-1507300-B0C7FE14C55E48A8BD9270FCFFB89653;PA;São Félix do Xingu;Curso d'água natural de até 10 metros;Em análise;PE;0,1230
PA-1507300-B0EC5BA3B4894505B2A5D7F9B661CF23;PA;São Félix do Xingu;Curso d'água natural de até 10 metros;Aguardando análise;PE;0,8105
PA-1507300-B1078037DA0B44CE8EC844A77A039BC6;PA;São Félix do Xingu;Curso d'água natural de até 10 metros;Analisado, aguardando atendimento a notificação;PE;0,0554
PA-1507300-B11B006C17BA4E1E8495D587131E5313;PA;São Félix do Xingu;Curso d'água natural de até 10 metros;Analisado, aguardando atendimento a notificação;PE;0,0793
PA-1507300-B137FA66863E4FB18FEE857E38294636;PA;São Félix do Xingu;Curso d'água natural de até 10 metros;Analisado, aguardando atendimento a notificação;PE;0,4178
PA-1507300-B1398E3D3DC345F2A82A10DBFAC4AA64;PA;São Félix do Xingu;Curso d'água natural de até 10 metros;Analisado, aguardando atendimento a notificação;PE;7,7825
PA-1507300-B171CF6F86C34A7FA63427738AD58A5C;PA;São Félix do Xingu;Curso d'água natural de até 10 metros;Analisado, aguardando atendimento a notificação;PE;0,3216
PA-1507300-B186A4CE0EEE433D97FF3391360A1C03;PA;São Félix do Xingu;Curso d'água natural de até 10 metros;Analisado, aguardando regularização ambiental (Lei nº 12.651/2012);AT;15,0192
PA-1507300-B19D9134B4484488AD55143473571FA0;PA;São Félix do Xingu;Curso d'água natural de até 10 metros;Analisado, aguardando atendimento a notificação;AT;2,5189
PA-1507300-B1A72D074E6B4484B12001741A2BF97F;PA;São Félix do Xingu;Curso d'água natural de até 10 metros;Analisado, aguardando atendimento a notificação;PE;1,1032
PA-1507300-B1F9436443444E88AD7A07777ADC8BCA;PA;São Félix do Xingu;Curso d'água natural de até 10 metros;Analisado, aguardando atendimento a notificação;PE;3,1261
PA-1507300-B210D68232B44AEAA455F8321A271E96;PA;São Félix do Xingu;Curso d'água natural de até 10 metros;Analisado, aguardando atendimento a notificação;PE;0,7251
PA-1507300-B28A2382C24942AD9BAFD7046A87BFA8;PA;São Félix do Xingu;Curso d'água natural de até 10 metros;Analisado, aguardando regularização ambiental (Lei nº 12.651/2012);AT;3,7109
PA-1507300-B29D0872DE644DB9BF7041BC71137577;PA;São Félix do Xingu;Curso d'água natural de até 10 metros;Analisado, aguardando atendimento a notificação;AT;0,2293
PA-1507300-B312A377C6914AE5A9DD85EFA3C0D890;PA;São Félix do Xingu;Curso d'água natural de até 10 metros;Analisado, aguardando regularização ambiental (Lei nº 12.651/2012);AT;0,1613
PA-1507300-B343D135070C43A0A6891F4F9606DA9A;PA;São Félix do Xingu;Curso d'água natural de até 10 metros;Analisado, aguardando atendimento a notificação;PE;0,6779
PA-1507300-B3851AD1517546758A9EBC3CF07CB83E;PA;São Félix do Xingu;Curso d'água natural de até 10 metros;Analisado, aguardando atendimento a notificação;PE;0,1693
PA-1507300-B3C6178CB5D84AF68A745516D6410293;PA;São Félix do Xingu;Curso d'água natural de até 10 metros;Analisado, aguardando atendimento a notificação;PE;1,7633
PA-1507300-B3CAFECCFE6C4027A6AE7F1661D34574;PA;São Félix do Xingu;Curso d'água natural de até 10 metros;Analisado, aguardando atendimento a notificação;PE;1,0827
PA-1507300-B411ABF3805846049A59428A6C0C189D;PA;São Félix do Xingu;Curso d'água natural de até 10 metros;Analisado, aguardando atendimento a notificação;AT;1,0736
PA-1507300-B4B07A42C6E14F4E88779300DC02F075;PA;São Félix do Xingu;Curso d'água natural de até 10 metros;Analisado, aguardando atendimento a notificação;PE;0,4362
PA-1507300-B4C6B10282DC44EDB6F9F22E7CE36B66;PA;São Félix do Xingu;Curso d'água natural de até 10 metros;Analisado, aguardando atendimento a notificação;PE;1,3155
PA-1507300-B50AFAAC9F7147C3A09CD8319A04BD6B;PA;São Félix do Xingu;Curso d'água natural de até 10 metros;Analisado, aguardando atendimento a notificação;PE;0,1468
PA-1507300-B53B3E38C00F43BFBF71EB44971C02D0;PA;São Félix do Xingu;Curso d'água natural de até 10 metros;Aguardando análise;AT;0,6617
PA-1507300-B543544076E24E60AB9D9AFD415C527F;PA;São Félix do Xingu;Curso d'água natural de até 10 metros;Analisado, aguardando atendimento a notificação;PE;0,1026
PA-1507300-B578B54C8A994CA098743AE9C504AFDA;PA;São Félix do Xingu;Curso d'água natural de até 10 metros;Analisado, aguardando atendimento a notificação;PE;0,8871
PA-1507300-B58EA700F2C34EFCBAAD3C5830E1F2C0;PA;São Félix do Xingu;Curso d'água natural de até 10 metros;Analisado, aguardando atendimento a notificação;PE;0,1118
PA-1507300-B5A534DBE03844B38F203FB579CBE9C3;PA;São Félix do Xingu;Curso d'água natural de até 10 metros;Analisado, aguardando atendimento a notificação;PE;1,1655
PA-1507300-B5CF963AA7354C2F918BDF9DBBBA1E9C;PA;São Félix do Xingu;Curso d'água natural de até 10 metros;Analisado, aguardando atendimento a notificação;PE;0,0372
PA-1507300-B5D1CCB3DC764BB38BBAB875FBFD8104;PA;São Félix do Xingu;Curso d'água natural de até 10 metros;Analisado, aguardando atendimento a notificação;PE;0,8076
PA-1507300-B5E15CEB923146A9922E3B7A66D15944;PA;São Félix do Xingu;Curso d'água natural de até 10 metros;Aguardando análise;PE;0,4412
PA-1507300-B5FBB1C2C3D7406C89297D2562173937;PA;São Félix do Xingu;Curso d'água natural de até 10 metros;Analisado, aguardando regularização ambiental (Lei nº 12.651/2012);AT;0,0470
PA-1507300-B632A7E336B7451BB60B91DFB4D81D80;PA;São Félix do Xingu;Curso d'água natural de até 10 metros;Analisado, aguardando atendimento a notificação;PE;3,1342
PA-1507300-B6519A235D114244A470BA674D0F3EC2;PA;São Félix do Xingu;Curso d'água natural de até 10 metros;Analisado, aguardando atendimento a notificação;PE;0,8247
PA-1507300-B6722EEAFE0A49C0B7891295B5EA2ECC;PA;São Félix do Xingu;Curso d'água natural de até 10 metros;Analisado, aguardando atendimento a notificação;PE;1,6018
PA-1507300-B68FBAA4C3314DCDAFC8A3E24070936A;PA;São Félix do Xingu;Curso d'água natural de até 10 metros;Analisado, aguardando atendimento a notificação;PE;0,1284
PA-1507300-B6C6E6909F7E4E10B4BDE708179D5418;PA;São Félix do Xingu;Curso d'água natural de até 10 metros;Analisado, aguardando atendimento a notificação;PE;0,3668
PA-1507300-B6D3C5D0E6904DE5A2219F1512B6CF8D;PA;São Félix do Xingu;Curso d'água natural de até 10 metros;Aguardando análise;AT;0,4510
PA-1507300-B709588E19EB48B393E3A9FE9A23E07D;PA;São Félix do Xingu;Curso d'água natural de até 10 metros;Analisado, aguardando atendimento a notificação;PE;0,0595
PA-1507300-B7545B6912054C239D7E365570934E88;PA;São Félix do Xingu;Curso d'água natural de até 10 metros;Analisado, aguardando atendimento a notificação;PE;0,2230
PA-1507300-B793AECB8B41451692CEC5E9679263D2;PA;São Félix do Xingu;Curso d'água natural de até 10 metros;Analisado, aguardando atendimento a notificação;PE;1,4489
PA-1507300-B7998C750A934AB1B10C0ED6FF6EE903;PA;São Félix do Xingu;Curso d'água natural de até 10 metros;Analisado sem pendências;AT;0,2183
PA-1507300-B7A4CDEA8B7B4C0098967760E76E6B49;PA;São Félix do Xingu;Curso d'água natural de até 10 metros;Analisado, aguardando atendimento a notificação;PE;1,2927
PA-1507300-B7A67FC864F2438AAB6AFFBC8D03A3FF;PA;São Félix do Xingu;Curso d'água natural de até 10 metros;Analisado, aguardando atendimento a notificação;AT;4,3234
PA-1507300-B7B11089BC6244138A8C87A7C2396814;PA;São Félix do Xingu;Curso d'água natural de até 10 metros;Analisado, aguardando atendimento a notificação;PE;11,2874
PA-1507300-B7E50530691F4CA1A227917782B49D08;PA;São Félix do Xingu;Curso d'água natural de até 10 metros;Aguardando análise;PE;0,5377
PA-1507300-B802979D84204683A13B54EF50E7AF65;PA;São Félix do Xingu;Curso d'água natural de até 10 metros;Analisado, aguardando regularização ambiental (Lei nº 12.651/2012);AT;5,8347
PA-1507300-B81505920D3242C1AA00616E8574FAFF;PA;São Félix do Xingu;Curso d'água natural de até 10 metros;Analisado, aguardando atendimento a notificação;PE;6,9163
PA-1507300-B86A82655ECA482FA9B737CA3A4E07F3;PA;São Félix do Xingu;Curso d'água natural de até 10 metros;Analisado, aguardando atendimento a notificação;PE;0,6147
PA-1507300-B878314D64D944AB976EF716D5E741BA;PA;São Félix do Xingu;Curso d'água natural de até 10 metros;Analisado, aguardando atendimento a notificação;PE;3,4956
PA-1507300-B8A16D6E90AF41F2982700B0E9BD3EF4;PA;São Félix do Xingu;Curso d'água natural de até 10 metros;Analisado, aguardando atendimento a notificação;PE;0,6248
PA-1507300-B8DC356DEDC942ABB4C4E9076325D811;PA;São Félix do Xingu;Curso d'água natural de até 10 metros;Analisado, aguardando regularização ambiental (Lei nº 12.651/2012);PE;0,0728
PA-1507300-B8E4759A0ADD498FA46AAA6E5B498B3A;PA;São Félix do Xingu;Curso d'água natural de até 10 metros;Analisado, aguardando atendimento a notificação;PE;0,1838
PA-1507300-B92F7B3AAA154DB58E59326C5021CC7F;PA;São Félix do Xingu;Curso d'água natural de até 10 metros;Analisado, aguardando regularização ambiental (Lei nº 12.651/2012);AT;15,0032
PA-1507300-B94B5415CA06429F88503183A75B94C0;PA;São Félix do Xingu;Curso d'água natural de até 10 metros;Aguardando análise;PE;22,6842
PA-1507300-B9862547AE6C471481C79D8EA00FAD04;PA;São Félix do Xingu;Curso d'água natural de até 10 metros;Analisado, aguardando regularização ambiental (Lei nº 12.651/2012);AT;0,1982
PA-1507300-BAF070E06D9E4F2D86B02BF6EAC72A39;PA;São Félix do Xingu;Curso d'água natural de até 10 metros;Analisado, aguardando regularização ambiental (Lei nº 12.651/2012);AT;0,3440
PA-1507300-BAF12D514F474459AE1A10A7D56A55CF;PA;São Félix do Xingu;Curso d'água natural de até 10 metros;Analisado, aguardando atendimento a notificação;PE;0,0414
PA-1507300-BB07493CA15D4D3EA4DD84AF0DD4D272;PA;São Félix do Xingu;Curso d'água natural de até 10 metros;Analisado, aguardando atendimento a notificação;AT;1,4272
PA-1507300-BB734CEB37DD4C4EB2912B110793BECC;PA;São Félix do Xingu;Curso d'água natural de até 10 metros;Analisado, aguardando atendimento a notificação;PE;0,7239
PA-1507300-BBA112562E3C4108836C28AB907D047D;PA;São Félix do Xingu;Curso d'água natural de até 10 metros;Analisado, aguardando atendimento a notificação;PE;27,2733
PA-1507300-BBC4B096C0DF42FF8402B4DB8CBAE743;PA;São Félix do Xingu;Curso d'água natural de até 10 metros;Analisado, aguardando regularização ambiental (Lei nº 12.651/2012);AT;0,0247
PA-1507300-BBD27506CCB146069A8C133FA7254E99;PA;São Félix do Xingu;Curso d'água natural de até 10 metros;Analisado, aguardando atendimento a notificação;PE;0,2417
PA-1507300-BBD5783044404733B2A8BFB0814D6BD4;PA;São Félix do Xingu;Curso d'água natural de até 10 metros;Analisado sem pendências;AT;0,0219
PA-1507300-BBD8793524B74AB1AB55FECA373DD03A;PA;São Félix do Xingu;Curso d'água natural de até 10 metros;Aguardando análise;PE;4,1908
PA-1507300-BCB9A16FA03B4D11B5E4CDAE4EAF70F8;PA;São Félix do Xingu;Curso d'água natural de até 10 metros;Analisado, aguardando atendimento a notificação;PE;0,0840
PA-1507300-BCC96D3BC5A34FDF8CCB8C40AF79440F;PA;São Félix do Xingu;Curso d'água natural de até 10 metros;Analisado, aguardando atendimento a notificação;PE;0,4348
PA-1507300-BD0E030D7774449681A6739C79177EE6;PA;São Félix do Xingu;Curso d'água natural de até 10 metros;Analisado, aguardando regularização ambiental (Lei nº 12.651/2012);AT;0,3149
PA-1507300-BD174D72A2E247EE80459599574860BB;PA;São Félix do Xingu;Curso d'água natural de até 10 metros;Analisado, aguardando atendimento a notificação;PE;0,1154
PA-1507300-BD4425C48F1B424E94AAF8958C910D9F;PA;São Félix do Xingu;Curso d'água natural de até 10 metros;Analisado, aguardando regularização ambiental (Lei nº 12.651/2012);AT;2,0169
PA-1507300-BD6826DE0B2E48208E32BC8D6AE1F3A0;PA;São Félix do Xingu;Curso d'água natural de até 10 metros;Analisado sem pendências;AT;0,1804
PA-1507300-BD87672985CD4917A3F063F4F7D65C90;PA;São Félix do Xingu;Curso d'água natural de até 10 metros;Analisado, aguardando atendimento a notificação;PE;0,0627
PA-1507300-BDB0672E82C54ECABD6A9776B7F32827;PA;São Félix do Xingu;Curso d'água natural de até 10 metros;Analisado, aguardando regularização ambiental (Lei nº 12.651/2012);AT;0,0930
PA-1507300-BDC9E19DD8664C3198A00F88AEF5EB17;PA;São Félix do Xingu;Curso d'água natural de até 10 metros;Analisado, aguardando atendimento a notificação;PE;2,1710
PA-1507300-BE049B6D77BC4F96A5B08883EEED239E;PA;São Félix do Xingu;Curso d'água natural de até 10 metros;Analisado, aguardando atendimento a notificação;AT;2,0197
PA-1507300-BE45791E28BC4BDC831EA654A9B24AA0;PA;São Félix do Xingu;Curso d'água natural de até 10 metros;Analisado, aguardando atendimento a notificação;PE;0,3183
PA-1507300-BE86B8760E3F4E1E97F74E26DB564335;PA;São Félix do Xingu;Curso d'água natural de até 10 metros;Analisado, aguardando regularização ambiental (Lei nº 12.651/2012);AT;1,5633
PA-1507300-BE98FEC2969D4B2BADDBDC45115A8041;PA;São Félix do Xingu;Curso d'água natural de até 10 metros;Analisado, aguardando atendimento a notificação;AT;0,7005
PA-1507300-BEAB0CF68D28492B9A880800C77AAC4E;PA;São Félix do Xingu;Curso d'água natural de até 10 metros;Analisado, aguardando regularização ambiental (Lei nº 12.651/2012);PE;0,0791
PA-1507300-BEF4B5EDB7614AA2AA3223C6D4B1D984;PA;São Félix do Xingu;Curso d'água natural de até 10 metros;Analisado, aguardando regularização ambiental (Lei nº 12.651/2012);AT;0,3031
PA-1507300-BF0C412906734E8E85C41DBEE39DB799;PA;São Félix do Xingu;Curso d'água natural de até 10 metros;Aguardando análise;PE;5,1932
PA-1507300-BF1693E70FE849D88526C7FE0F8F87AD;PA;São Félix do Xingu;Curso d'água natural de até 10 metros;Aguardando análise;AT;3,7091
PA-1507300-BF5D6608E166456F922CC255934BE413;PA;São Félix do Xingu;Curso d'água natural de até 10 metros;Analisado, aguardando atendimento a notificação;PE;0,2811
PA-1507300-BFBDC66B2DBD4EFB83B8C417622E36F7;PA;São Félix do Xingu;Curso d'água natural de até 10 metros;Analisado, aguardando atendimento a notificação;PE;0,5047
PA-1507300-BFECFFCF8FD84BF0AB31AFEDAB5D41EC;PA;São Félix do Xingu;Curso d'água natural de até 10 metros;Analisado, aguardando regularização ambiental (Lei nº 12.651/2012);AT;1,8861
PA-1507300-C0010B0237D047EAB4E4982050C638D6;PA;São Félix do Xingu;Curso d'água natural de até 10 metros;Aguardando análise;SU;1,0729
PA-1507300-C057CD4D9AFD45168330F4D51547523E;PA;São Félix do Xingu;Curso d'água natural de até 10 metros;Analisado, aguardando atendimento a notificação;PE;0,8465
PA-1507300-C06023CF68254BF781B458ACDCF8205E;PA;São Félix do Xingu;Curso d'água natural de até 10 metros;Analisado, aguardando atendimento a notificação;PE;3,6535
PA-1507300-C0D38F9834FE48FC8E09EE382E59EA44;PA;São Félix do Xingu;Curso d'água natural de até 10 metros;Analisado, aguardando atendimento a notificação;PE;0,3181
PA-1507300-C1393AAD375F49D8A0298038F57EDE6D;PA;São Félix do Xingu;Curso d'água natural de até 10 metros;Analisado sem pendências;AT;0,0298
PA-1507300-C223C5B8EA034F05B22E1E67F4895C37;PA;São Félix do Xingu;Curso d'água natural de até 10 metros;Analisado, aguardando atendimento a notificação;PE;0,1165
PA-1507300-C24F6433E7444681BA5A2851D1328793;PA;São Félix do Xingu;Curso d'água natural de até 10 metros;Aguardando análise;SU;5,3343
PA-1507300-C2603BBC2C124325A646FB86907B17E5;PA;São Félix do Xingu;Curso d'água natural de até 10 metros;Analisado, aguardando atendimento a notificação;PE;0,1017
PA-1507300-C28F45E3F4514BC2B35028F55B24C721;PA;São Félix do Xingu;Curso d'água natural de até 10 metros;Analisado, aguardando atendimento a notificação;PE;0,8174
PA-1507300-C28FB02713174A359DF6845EFA76EB1F;PA;São Félix do Xingu;Curso d'água natural de até 10 metros;Analisado, aguardando atendimento a notificação;PE;6,7225
PA-1507300-C2C17BE8648A46059BD61AB01DDE203E;PA;São Félix do Xingu;Curso d'água natural de até 10 metros;Aguardando análise;PE;0,3038
PA-1507300-C2CE47858E3E4DB6BDB74AFEC1C4BBE0;PA;São Félix do Xingu;Curso d'água natural de até 10 metros;Aguardando análise;AT;0,7199
PA-1507300-C307E9736F0E4544986ED69413D4F2C3;PA;São Félix do Xingu;Curso d'água natural de até 10 metros;Analisado sem pendências;AT;0,1094
PA-1507300-C331976AD3A04F239F0D13820F853EAA;PA;São Félix do Xingu;Curso d'água natural de até 10 metros;Analisado, aguardando atendimento a notificação;AT;0,8331
PA-1507300-C34159DE0274414CADFCCEB6D664EA0C;PA;São Félix do Xingu;Curso d'água natural de até 10 metros;Analisado, aguardando atendimento a notificação;PE;0,8702
PA-1507300-C3657202F1E24639A5FFC84CBA06F17A;PA;São Félix do Xingu;Curso d'água natural de até 10 metros;Analisado, aguardando atendimento a notificação;PE;0,3812
PA-1507300-C36EC0CABFE8420EBB7D73658B30E9DF;PA;São Félix do Xingu;Curso d'água natural de até 10 metros;Analisado, aguardando atendimento a notificação;PE;0,3614
PA-1507300-C372A14B487B4B1C9AEE6F3D056AA7AA;PA;São Félix do Xingu;Curso d'água natural de até 10 metros;Analisado, aguardando atendimento a notificação;PE;0,4990
PA-1507300-C389249B8B204C0BA78F113954638F46;PA;São Félix do Xingu;Curso d'água natural de até 10 metros;Analisado, aguardando atendimento a notificação;AT;0,2187
PA-1507300-C4340176899C40CBA8BD00510D18C09C;PA;São Félix do Xingu;Curso d'água natural de até 10 metros;Analisado, aguardando atendimento a notificação;PE;0,6816
PA-1507300-C46012BDD6434A099D27A859EC0C999E;PA;São Félix do Xingu;Curso d'água natural de até 10 metros;Analisado, aguardando regularização ambiental (Lei nº 12.651/2012);AT;0,1431
PA-1507300-C4B8B0BD541A409CB7799A3787E67AA4;PA;São Félix do Xingu;Curso d'água natural de até 10 metros;Analisado, aguardando atendimento a notificação;PE;0,1852
PA-1507300-C4BB738F9DE441A7A0A453FB2D8274B8;PA;São Félix do Xingu;Curso d'água natural de até 10 metros;Analisado, aguardando atendimento a notificação;PE;0,1435
PA-1507300-C4CBB132BC804D6CB39F884621FE0DCF;PA;São Félix do Xingu;Curso d'água natural de até 10 metros;Aguardando análise;PE;0,3039
PA-1507300-C4EC8BEFBBAB40A6B6BA60463963615E;PA;São Félix do Xingu;Curso d'água natural de até 10 metros;Analisado, aguardando regularização ambiental (Lei nº 12.651/2012);AT;0,6199
PA-1507300-C4FC75EA3A5046C689C7D6EB398E8B53;PA;São Félix do Xingu;Curso d'água natural de até 10 metros;Analisado, aguardando atendimento a notificação;AT;0,0576
PA-1507300-C51A1C7B8F7940718FFE33C34DAAB6B2;PA;São Félix do Xingu;Curso d'água natural de até 10 metros;Analisado, aguardando atendimento a notificação;PE;0,4663
PA-1507300-C51DF01117F64D1184D4C6FCD7F91C28;PA;São Félix do Xingu;Curso d'água natural de até 10 metros;Analisado, aguardando atendimento a notificação;PE;0,1011
PA-1507300-C52C909B42B84C70B4890E79A9770D24;PA;São Félix do Xingu;Curso d'água natural de até 10 metros;Analisado, aguardando atendimento a notificação;PE;0,0612
PA-1507300-C538D73C15934B23A8F957743951ACDB;PA;São Félix do Xingu;Curso d'água natural de até 10 metros;Analisado sem pendências;AT;0,0226
PA-1507300-C59B040DE25E4AFB98DEBF53A428183D;PA;São Félix do Xingu;Curso d'água natural de até 10 metros;Analisado sem pendências;AT;0,2550
PA-1507300-C5A4D023DCC348EAA74E6E2CBC56030B;PA;São Félix do Xingu;Curso d'água natural de até 10 metros;Analisado, aguardando regularização ambiental (Lei nº 12.651/2012);AT;4,2908
PA-1507300-C5B2B0AE59004AB4B590CE2290C5B797;PA;São Félix do Xingu;Curso d'água natural de até 10 metros;Analisado, aguardando atendimento a notificação;PE;0,1143
PA-1507300-C60EFA4DC571497B8FE3F0691614980F;PA;São Félix do Xingu;Curso d'água natural de até 10 metros;Analisado, aguardando atendimento a notificação;AT;0,2957
PA-1507300-C623701C6EE34CD28A2F3040D84AF04C;PA;São Félix do Xingu;Curso d'água natural de até 10 metros;Em análise;PE;0,3607
PA-1507300-C6AE8F96716744A8846C05915D9BB3A9;PA;São Félix do Xingu;Curso d'água natural de até 10 metros;Analisado, aguardando regularização ambiental (Lei nº 12.651/2012);AT;0,1246
PA-1507300-C6CFEB9BFC1B4BD49174426BEC737C23;PA;São Félix do Xingu;Curso d'água natural de até 10 metros;Aguardando análise;PE;9,3476
PA-1507300-C6D3405505A14262928D2CE42EDAFC79;PA;São Félix do Xingu;Curso d'água natural de até 10 metros;Analisado, aguardando atendimento a notificação;SU;3,3936
PA-1507300-C6FA74B695A04C9EAA4DAE4BE47BB2C8;PA;São Félix do Xingu;Curso d'água natural de até 10 metros;Analisado, aguardando atendimento a notificação;AT;0,1683
PA-1507300-C78C5DE171D24FF6B58868EAB96643CF;PA;São Félix do Xingu;Curso d'água natural de até 10 metros;Analisado, aguardando atendimento a notificação;AT;0,4196
PA-1507300-C7EAF67343AB4E3EBC511079BE033237;PA;São Félix do Xingu;Curso d'água natural de até 10 metros;Analisado, aguardando atendimento a notificação;PE;0,1064
PA-1507300-C83997E1FEA04B6A9D31248F36348771;PA;São Félix do Xingu;Curso d'água natural de até 10 metros;Analisado, aguardando regularização ambiental (Lei nº 12.651/2012);AT;0,2693
PA-1507300-C8424E24B8A1431EBB5C949B10C47C8F;PA;São Félix do Xingu;Curso d'água natural de até 10 metros;Analisado, aguardando atendimento a notificação;AT;0,1279
PA-1507300-C85DAA446FA144128C0BDA5993854925;PA;São Félix do Xingu;Curso d'água natural de até 10 metros;Analisado, aguardando regularização ambiental (Lei nº 12.651/2012);AT;2,2328
PA-1507300-C895665C22D249F2ADC2365786D84506;PA;São Félix do Xingu;Curso d'água natural de até 10 metros;Analisado, aguardando regularização ambiental (Lei nº 12.651/2012);PE;0,4109
PA-1507300-C8C10575562040B7853757A4B009FFD1;PA;São Félix do Xingu;Curso d'água natural de até 10 metros;Analisado, aguardando atendimento a notificação;PE;15,5722
PA-1507300-C8C5B847671E4BC7BCA69CDA5ACEAE4A;PA;São Félix do Xingu;Curso d'água natural de até 10 metros;Analisado, aguardando atendimento a notificação;PE;0,1165
PA-1507300-C8CA216AEBC94126BEF1B2C6096C1BAD;PA;São Félix do Xingu;Curso d'água natural de até 10 metros;Analisado, aguardando regularização ambiental (Lei nº 12.651/2012);AT;0,2126
PA-1507300-C8D2D3C64DA642F085545AACFF29FD6F;PA;São Félix do Xingu;Curso d'água natural de até 10 metros;Analisado, aguardando atendimento a notificação;PE;0,0691
PA-1507300-C8EEDD3E760B44FA92F3FA8C2F9AD1DA;PA;São Félix do Xingu;Curso d'água natural de até 10 metros;Analisado, aguardando atendimento a notificação;AT;2,4968
PA-1507300-C8F4448EBDFA441C8C44E6885212634E;PA;São Félix do Xingu;Curso d'água natural de até 10 metros;Analisado, em conformidade com a Lei nº 12.651/2012;AT;0,0782
PA-1507300-C93419E98AE040CD91D2C78348CF0529;PA;São Félix do Xingu;Curso d'água natural de até 10 metros;Analisado, aguardando regularização ambiental (Lei nº 12.651/2012);AT;0,2281
PA-1507300-C93E96DDE4234DE4AF1F1485D2054511;PA;São Félix do Xingu;Curso d'água natural de até 10 metros;Analisado, aguardando atendimento a notificação;AT;1,3168
PA-1507300-C950BA4A0C194CB997FAFC6BA900201C;PA;São Félix do Xingu;Curso d'água natural de até 10 metros;Analisado, aguardando atendimento a notificação;AT;0,4047
PA-1507300-C9D3F9E4570D4FA1A63361B559ADF7B5;PA;São Félix do Xingu;Curso d'água natural de até 10 metros;Aguardando análise;AT;0,8952
PA-1507300-C9EE4384C8914BA69BD624A395ACAFF5;PA;São Félix do Xingu;Curso d'água natural de até 10 metros;Analisado, aguardando atendimento a notificação;SU;0,7356
PA-1507300-C9F36E6198B54D0181E465EFC6DBBED9;PA;São Félix do Xingu;Curso d'água natural de até 10 metros;Analisado, aguardando regularização ambiental (Lei nº 12.651/2012);AT;0,0881
PA-1507300-C9FEAB1BFFD946E8B3D982B598D1E926;PA;São Félix do Xingu;Curso d'água natural de até 10 metros;Analisado, aguardando regularização ambiental (Lei nº 12.651/2012);AT;0,1564
PA-1507300-CA295980A23A490A9D0E366CCEA34E01;PA;São Félix do Xingu;Curso d'água natural de até 10 metros;Aguardando análise;PE;16,8646
PA-1507300-CA578D906ECB46D289A993BBB413F8EB;PA;São Félix do Xingu;Curso d'água natural de até 10 metros;Analisado, aguardando regularização ambiental (Lei nº 12.651/2012);AT;0,2559
PA-1507300-CA5A675549824B369CC0DDCA618121D4;PA;São Félix do Xingu;Curso d'água natural de até 10 metros;Analisado, aguardando atendimento a notificação;PE;0,8037
PA-1507300-CA75C8D002E141F8837EBE4F054538D7;PA;São Félix do Xingu;Curso d'água natural de até 10 metros;Aguardando análise;PE;0,3039
PA-1507300-CAB25B3F785A4CFAB771D986A0580345;PA;São Félix do Xingu;Curso d'água natural de até 10 metros;Analisado, aguardando atendimento a notificação;PE;0,3136
PA-1507300-CACE5E39F17843EAB36F7754D8FE241B;PA;São Félix do Xingu;Curso d'água natural de até 10 metros;Analisado, aguardando atendimento a notificação;AT;0,1953
PA-1507300-CAFC5A0024EE4092820D96459DB9F54F;PA;São Félix do Xingu;Curso d'água natural de até 10 metros;Analisado, aguardando regularização ambiental (Lei nº 12.651/2012);PE;1,0261
PA-1507300-CAFFF5D83B934DB986041FFE2A556811;PA;São Félix do Xingu;Curso d'água natural de até 10 metros;Analisado, aguardando atendimento a notificação;PE;0,1001
PA-1507300-CB2DA17A2121467F91B6D197963B6F0D;PA;São Félix do Xingu;Curso d'água natural de até 10 metros;Analisado, aguardando atendimento a notificação;PE;0,1234
PA-1507300-CB30F32F2100474DB69EEE26BEA96C57;PA;São Félix do Xingu;Curso d'água natural de até 10 metros;Aguardando análise;PE;0,3540
PA-1507300-CB7DCD5490A04148B76D5B1AE42F9367;PA;São Félix do Xingu;Curso d'água natural de até 10 metros;Analisado sem pendências;AT;0,2946
PA-1507300-CB8438E26DC74EA386901A07B7B9F364;PA;São Félix do Xingu;Curso d'água natural de até 10 metros;Analisado, aguardando atendimento a notificação;PE;0,1715
PA-1507300-CBC50BABC0F9449BB4A6A74330C4D1D0;PA;São Félix do Xingu;Curso d'água natural de até 10 metros;Analisado, aguardando atendimento a notificação;PE;0,1330
PA-1507300-CBDB00D01366405B9AFEB4E87593B39D;PA;São Félix do Xingu;Curso d'água natural de até 10 metros;Analisado, aguardando regularização ambiental (Lei nº 12.651/2012);AT;0,1413
PA-1507300-CBE193516D7C4D82B234287C95439758;PA;São Félix do Xingu;Curso d'água natural de até 10 metros;Analisado, aguardando atendimento a notificação;PE;0,7133
PA-1507300-CBF3ADF28FF44396A13198831755D16F;PA;São Félix do Xingu;Curso d'água natural de até 10 metros;Analisado, aguardando atendimento a notificação;PE;0,0240
PA-1507300-CC18CBA6B0AD49F0B7109604E7EF04B9;PA;São Félix do Xingu;Curso d'água natural de até 10 metros;Analisado, aguardando atendimento a notificação;PE;0,0898
PA-1507300-CC1E0B41E85C42A398A92AAC42B3B7D7;PA;São Félix do Xingu;Curso d'água natural de até 10 metros;Analisado, aguardando regularização ambiental (Lei nº 12.651/2012);PE;0,0324
PA-1507300-CC29F3AB811A439B9367283FACCBB6B4;PA;São Félix do Xingu;Curso d'água natural de até 10 metros;Analisado, aguardando atendimento a notificação;PE;2,4078
PA-1507300-CC46E6128D4A4BE7985874231F2F376E;PA;São Félix do Xingu;Curso d'água natural de até 10 metros;Analisado, aguardando atendimento a notificação;PE;1,6813
PA-1507300-CC535FF7656A401FB575A3E0DEACDA1A;PA;São Félix do Xingu;Curso d'água natural de até 10 metros;Analisado, aguardando regularização ambiental (Lei nº 12.651/2012);AT;2,0274
PA-1507300-CC786E32CE1E4C60B8A1158988EEB373;PA;São Félix do Xingu;Curso d'água natural de até 10 metros;Analisado, aguardando atendimento a notificação;PE;0,0395
PA-1507300-CD0E4FFFF17B4056809AC6C32B0586D6;PA;São Félix do Xingu;Curso d'água natural de até 10 metros;Analisado, aguardando atendimento a notificação;PE;0,8142
PA-1507300-CD2B26F742964F068223457F11E1B613;PA;São Félix do Xingu;Curso d'água natural de até 10 metros;Analisado, aguardando atendimento a notificação;PE;0,7118
PA-1507300-CD3A2C0AF52B418E9F451D8EFC48A126;PA;São Félix do Xingu;Curso d'água natural de até 10 metros;Analisado, aguardando atendimento a notificação;PE;0,3004
PA-1507300-CDB2CD8263414D2BB6C048D8457981B5;PA;São Félix do Xingu;Curso d'água natural de até 10 metros;Analisado, aguardando atendimento a notificação;PE;0,2880
PA-1507300-CDE09882936246BEAC07748159BBC7D7;PA;São Félix do Xingu;Curso d'água natural de até 10 metros;Analisado, aguardando atendimento a notificação;PE;0,4796
PA-1507300-CDF00A77D1AE46638CB8C26AC6532BE1;PA;São Félix do Xingu;Curso d'água natural de até 10 metros;Analisado, aguardando atendimento a notificação;PE;0,6299
PA-1507300-CE1FC9CFE90A43CDA14D163F421C58F2;PA;São Félix do Xingu;Curso d'água natural de até 10 metros;Analisado, aguardando atendimento a notificação;AT;0,4105
PA-1507300-CE4B13A94583448CAE53387BCD6A5A70;PA;São Félix do Xingu;Curso d'água natural de até 10 metros;Analisado sem pendências;AT;0,4218
PA-1507300-CE917D823D674724A67ED4B0EF94FA9A;PA;São Félix do Xingu;Curso d'água natural de até 10 metros;Analisado, aguardando regularização ambiental (Lei nº 12.651/2012);AT;0,0152
PA-1507300-CF04A3A0DD0146979EE0683E81C898C5;PA;São Félix do Xingu;Curso d'água natural de até 10 metros;Analisado, aguardando regularização ambiental (Lei nº 12.651/2012);AT;0,0265
PA-1507300-CF5DAE245F1146F2B3A4D0514AD37E82;PA;São Félix do Xingu;Curso d'água natural de até 10 metros;Analisado, aguardando atendimento a notificação;PE;0,1273
PA-1507300-CFB2EC295D8F4BEF9D751F833A663F63;PA;São Félix do Xingu;Curso d'água natural de até 10 metros;Analisado, aguardando atendimento a notificação;AT;0,0443
PA-1507300-CFB35BCE528A4FA49DCFC07CCCE677D1;PA;São Félix do Xingu;Curso d'água natural de até 10 metros;Analisado, aguardando atendimento a notificação;PE;0,1593
PA-1507300-CFBBD0CD3E224B7E8C39112644F848FC;PA;São Félix do Xingu;Curso d'água natural de até 10 metros;Analisado, aguardando regularização ambiental (Lei nº 12.651/2012);AT;0,2539
PA-1507300-CFD54DA0DC864D379BE5EA8CD547460D;PA;São Félix do Xingu;Curso d'água natural de até 10 metros;Analisado, aguardando atendimento a notificação;PE;0,0489
PA-1507300-CFE270C59D2B4B638031D7A17B4EE18D;PA;São Félix do Xingu;Curso d'água natural de até 10 metros;Analisado, aguardando atendimento a notificação;PE;0,2979
PA-1507300-D05051AFD8224493BA9AF05980DFFDE9;PA;São Félix do Xingu;Curso d'água natural de até 10 metros;Analisado, aguardando atendimento a notificação;PE;0,1113
PA-1507300-D087373223834778BD06DF45151B52AB;PA;São Félix do Xingu;Curso d'água natural de até 10 metros;Analisado, aguardando atendimento a notificação;PE;0,0728
PA-1507300-D09E546A0D2240A78CE3F25F44104447;PA;São Félix do Xingu;Curso d'água natural de até 10 metros;Aguardando análise;PE;0,4341
PA-1507300-D09FC6CD52D44847974BACBD2CE66526;PA;São Félix do Xingu;Curso d'água natural de até 10 metros;Analisado, aguardando atendimento a notificação;AT;0,2098
PA-1507300-D0C846E24F284264A69C8C9DF79346BC;PA;São Félix do Xingu;Curso d'água natural de até 10 metros;Aguardando análise;PE;7,0622
PA-1507300-D0FE7C73606549849D1A1AD071F5CDA1;PA;São Félix do Xingu;Curso d'água natural de até 10 metros;Aguardando análise;AT;51,5486
PA-1507300-D1227DA7CC2B4B1CBF62C65C909E710D;PA;São Félix do Xingu;Curso d'água natural de até 10 metros;Analisado, aguardando regularização ambiental (Lei nº 12.651/2012);AT;0,4681
PA-1507300-D15E78321B514482A9A235008B693206;PA;São Félix do Xingu;Curso d'água natural de até 10 metros;Analisado, aguardando atendimento a notificação;AT;0,2077
PA-1507300-D1B19E340180438FAC1506F00DE43744;PA;São Félix do Xingu;Curso d'água natural de até 10 metros;Analisado, aguardando atendimento a notificação;AT;1,4488
PA-1507300-D1B4EF64C0564661B72EA15D1A2AFC55;PA;São Félix do Xingu;Curso d'água natural de até 10 metros;Analisado, aguardando atendimento a notificação;PE;0,0446
PA-1507300-D1B51A989644424E81350B4FB851B155;PA;São Félix do Xingu;Curso d'água natural de até 10 metros;Analisado sem pendências;AT;0,7982
PA-1507300-D2058465AF5540B68C2ECA6BBF7C0CB0;PA;São Félix do Xingu;Curso d'água natural de até 10 metros;Analisado, aguardando regularização ambiental (Lei nº 12.651/2012);AT;9,4896
PA-1507300-D231E367A8ED4741892F3555B0FF683C;PA;São Félix do Xingu;Curso d'água natural de até 10 metros;Analisado, aguardando regularização ambiental (Lei nº 12.651/2012);PE;11,7437
PA-1507300-D25EBFE3A6FF4A5985BB64175DFDE5E2;PA;São Félix do Xingu;Curso d'água natural de até 10 metros;Aguardando análise;PE;9,2583
PA-1507300-D267A10E9F3C469B916458011703A88C;PA;São Félix do Xingu;Curso d'água natural de até 10 metros;Analisado, aguardando atendimento a notificação;PE;0,3693
PA-1507300-D29E13AD7D684B47AA206701135AD874;PA;São Félix do Xingu;Curso d'água natural de até 10 metros;Analisado, aguardando atendimento a notificação;AT;0,2910
PA-1507300-D2B71237E4CF4861911E9B5C9B489778;PA;São Félix do Xingu;Curso d'água natural de até 10 metros;Analisado, aguardando atendimento a notificação;PE;0,1772
PA-1507300-D2CD229A294E4E77AE73345A473DB7F9;PA;São Félix do Xingu;Curso d'água natural de até 10 metros;Analisado, aguardando atendimento a notificação;PE;0,1551
PA-1507300-D348F76C17774BCB803E3395BB84DC46;PA;São Félix do Xingu;Curso d'água natural de até 10 metros;Aguardando análise;PE;1,9756
PA-1507300-D35255C69B46433D8DCFD230C8F0C614;PA;São Félix do Xingu;Curso d'água natural de até 10 metros;Analisado, aguardando atendimento a notificação;PE;0,1867
PA-1507300-D3D5FFDD67FF400994F4559F2EF04B29;PA;São Félix do Xingu;Curso d'água natural de até 10 metros;Analisado, aguardando atendimento a notificação;PE;0,9298
PA-1507300-D3DBF8B8DECE45F6B81E9FA2A3CEAE9B;PA;São Félix do Xingu;Curso d'água natural de até 10 metros;Aguardando análise;PE;2,4119
PA-1507300-D3E8178A574F4120B5E614782D4B2F91;PA;São Félix do Xingu;Curso d'água natural de até 10 metros;Analisado, aguardando atendimento a notificação;PE;0,3366
PA-1507300-D3ED8C1802E44B778B4235A527098068;PA;São Félix do Xingu;Curso d'água natural de até 10 metros;Analisado, aguardando atendimento a notificação;PE;0,2690
PA-1507300-D42A1BDCF466499F80DE4C13E74547AE;PA;São Félix do Xingu;Curso d'água natural de até 10 metros;Aguardando análise;PE;0,3527
PA-1507300-D43B9C5EB2BB4D4796F3D4D291429F90;PA;São Félix do Xingu;Curso d'água natural de até 10 metros;Analisado, aguardando atendimento a notificação;PE;0,7958
PA-1507300-D43BF9E25B4F485F90E45FDCE66A831F;PA;São Félix do Xingu;Curso d'água natural de até 10 metros;Analisado sem pendências;AT;0,0113
PA-1507300-D4F120565623442893437BE708178BC3;PA;São Félix do Xingu;Curso d'água natural de até 10 metros;Analisado, aguardando regularização ambiental (Lei nº 12.651/2012);AT;0,1747
PA-1507300-D51A8D49165A4E5496EEC27CDFC6DB09;PA;São Félix do Xingu;Curso d'água natural de até 10 metros;Analisado, aguardando regularização ambiental (Lei nº 12.651/2012);AT;4,2793
PA-1507300-D54658D0ACD54DB3935CF1692B86A031;PA;São Félix do Xingu;Curso d'água natural de até 10 metros;Analisado, aguardando atendimento a notificação;PE;0,7965
PA-1507300-D54FAB79D4CA44DDA11B495597709D16;PA;São Félix do Xingu;Curso d'água natural de até 10 metros;Analisado, aguardando atendimento a notificação;AT;0,9455
PA-1507300-D56840D493484741817EFB0F276CAF63;PA;São Félix do Xingu;Curso d'água natural de até 10 metros;Analisado, aguardando atendimento a notificação;PE;2,1839
PA-1507300-D56C021D4EED4E5C9D5B1FDF5BABD329;PA;São Félix do Xingu;Curso d'água natural de até 10 metros;Analisado, aguardando regularização ambiental (Lei nº 12.651/2012);AT;0,2005
PA-1507300-D58F3E0860F14713918C6961DCD37F7F;PA;São Félix do Xingu;Curso d'água natural de até 10 metros;Analisado, aguardando regularização ambiental (Lei nº 12.651/2012);AT;0,0406
PA-1507300-D59633B2C5B84198AFA1D0104F766274;PA;São Félix do Xingu;Curso d'água natural de até 10 metros;Analisado, aguardando atendimento a notificação;PE;0,2001
PA-1507300-D5FE0F80022649199A5C472C534F0A26;PA;São Félix do Xingu;Curso d'água natural de até 10 metros;Analisado, aguardando atendimento a notificação;PE;0,0347
PA-1507300-D618900A887C416FBC93A9D249DEF1BC;PA;São Félix do Xingu;Curso d'água natural de até 10 metros;Analisado, aguardando atendimento a notificação;AT;3,1358
PA-1507300-D62CED4C1F7F499A876B180C0B0E9E7A;PA;São Félix do Xingu;Curso d'água natural de até 10 metros;Analisado, aguardando atendimento a notificação;PE;0,1281
PA-1507300-D640C39E28D24F62ABCB6C62369E43D3;PA;São Félix do Xingu;Curso d'água natural de até 10 metros;Analisado, aguardando atendimento a notificação;AT;5,0692
PA-1507300-D67085629E3A4465A01AFA9D79C85774;PA;São Félix do Xingu;Curso d'água natural de até 10 metros;Analisado, aguardando regularização ambiental (Lei nº 12.651/2012);AT;0,2839
PA-1507300-D671F1AA57FF463C8F99448245E018EE;PA;São Félix do Xingu;Curso d'água natural de até 10 metros;Analisado, aguardando regularização ambiental (Lei nº 12.651/2012);AT;0,1110
PA-1507300-D676BFAD80484EC89C67F2E315A42E7A;PA;São Félix do Xingu;Curso d'água natural de até 10 metros;Analisado, aguardando atendimento a notificação;PE;0,4306
PA-1507300-D6BD6E76E1C04F6D859D83590DA1ADCD;PA;São Félix do Xingu;Curso d'água natural de até 10 metros;Analisado, aguardando atendimento a notificação;PE;0,0565
PA-1507300-D6F21947F61E4391A13D4AD9840A75C2;PA;São Félix do Xingu;Curso d'água natural de até 10 metros;Analisado sem pendências;AT;0,2697
PA-1507300-D7254DE6B93A40D8B8EF75A9D644DC6B;PA;São Félix do Xingu;Curso d'água natural de até 10 metros;Analisado, aguardando regularização ambiental (Lei nº 12.651/2012);AT;1,6107
PA-1507300-D72BD811220D43188EDB26B2BBE196CB;PA;São Félix do Xingu;Curso d'água natural de até 10 metros;Analisado, aguardando atendimento a notificação;PE;9,7019
PA-1507300-D73A0EB9C7104BE180EB2B041B2ADEF7;PA;São Félix do Xingu;Curso d'água natural de até 10 metros;Aguardando análise;AT;0,2213
PA-1507300-D791C138F5094FCD8ADA8D9FEE117483;PA;São Félix do Xingu;Curso d'água natural de até 10 metros;Analisado, aguardando regularização ambiental (Lei nº 12.651/2012);AT;1,3842
PA-1507300-D7EA075BD94D402F94195C2F54FE51E2;PA;São Félix do Xingu;Curso d'água natural de até 10 metros;Analisado, aguardando atendimento a notificação;PE;0,0488
PA-1507300-D803D3FE4D6C4A5BACA39AD8FEB85F29;PA;São Félix do Xingu;Curso d'água natural de até 10 metros;Analisado, aguardando regularização ambiental (Lei nº 12.651/2012);AT;1,7509
PA-1507300-D811F2A6D81749889A1EAFDF15A5B43D;PA;São Félix do Xingu;Curso d'água natural de até 10 metros;Analisado, aguardando atendimento a notificação;PE;0,5645
PA-1507300-D86DFA5DD860478183BBC15246347712;PA;São Félix do Xingu;Curso d'água natural de até 10 metros;Aguardando análise;PE;0,3655
PA-1507300-D87323FCC4D74B6092F997F3089E7464;PA;São Félix do Xingu;Curso d'água natural de até 10 metros;Analisado, aguardando atendimento a notificação;PE;0,1422
PA-1507300-D899F684683D4766B250D5D57FD5F6FF;PA;São Félix do Xingu;Curso d'água natural de até 10 metros;Analisado, aguardando regularização ambiental (Lei nº 12.651/2012);AT;0,6752
PA-1507300-D89A43AF162B489EBC71F4FCB47BF455;PA;São Félix do Xingu;Curso d'água natural de até 10 metros;Aguardando análise;PE;0,0457
PA-1507300-D8F3A77B82114D72864101A35C93CCBF;PA;São Félix do Xingu;Curso d'água natural de até 10 metros;Analisado sem pendências;AT;0,1392
PA-1507300-D929B62A3E1A467681FBD83DE0D5CC8E;PA;São Félix do Xingu;Curso d'água natural de até 10 metros;Analisado, aguardando atendimento a notificação;PE;0,1783
PA-1507300-D92B7327DE7945D8BC1CF460854292C0;PA;São Félix do Xingu;Curso d'água natural de até 10 metros;Analisado, aguardando atendimento a notificação;PE;0,0767
PA-1507300-D9303D68E54B4FC2B1D52D890D932AD7;PA;São Félix do Xingu;Curso d'água natural de até 10 metros;Analisado, aguardando atendimento a notificação;PE;0,0248
PA-1507300-D93E982285F442FF981887FD6C3CBB72;PA;São Félix do Xingu;Curso d'água natural de até 10 metros;Analisado, aguardando regularização ambiental (Lei nº 12.651/2012);AT;0,0754
PA-1507300-D965B6AB526A4B5FB93D5EB9ABFD6186;PA;São Félix do Xingu;Curso d'água natural de até 10 metros;Analisado, aguardando regularização ambiental (Lei nº 12.651/2012);AT;0,2339
PA-1507300-D96CAA75EEC7414CABA6DFDC2FD37106;PA;São Félix do Xingu;Curso d'água natural de até 10 metros;Analisado, aguardando atendimento a notificação;PE;18,4262
PA-1507300-D9705098669D4B7EB50FF70D7E7C83F9;PA;São Félix do Xingu;Curso d'água natural de até 10 metros;Analisado, aguardando atendimento a notificação;PE;0,1205
PA-1507300-D9A1309B72DF426792F1B7B7F4B0DA7B;PA;São Félix do Xingu;Curso d'água natural de até 10 metros;Analisado, aguardando atendimento a notificação;PE;0,9935
PA-1507300-D9F582ECABAA47D39875F7D14A285DFD;PA;São Félix do Xingu;Curso d'água natural de até 10 metros;Analisado, aguardando atendimento a notificação;PE;1,0575
PA-1507300-DA071D827D0A4B208E40F9A5CD5951AF;PA;São Félix do Xingu;Curso d'água natural de até 10 metros;Analisado, aguardando regularização ambiental (Lei nº 12.651/2012);AT;0,0777
PA-1507300-DA403BBC1C8640BF9EC490332A0CD000;PA;São Félix do Xingu;Curso d'água natural de até 10 metros;Analisado, em conformidade com a Lei nº 12.651/2012;AT;0,0546
PA-1507300-DA677BAFDA13459494E92A08CC47553B;PA;São Félix do Xingu;Curso d'água natural de até 10 metros;Analisado, aguardando atendimento a notificação;PE;4,2283
PA-1507300-DAA3D39528AF42259211DF7E1E9DF2FF;PA;São Félix do Xingu;Curso d'água natural de até 10 metros;Analisado, aguardando atendimento a notificação;PE;0,0128
PA-1507300-DAC54AC8EDC445659A00519E85A32750;PA;São Félix do Xingu;Curso d'água natural de até 10 metros;Analisado, aguardando atendimento a notificação;PE;0,4587
PA-1507300-DAFB60E0F2CD4ABF9A78CF2E0A32D7FB;PA;São Félix do Xingu;Curso d'água natural de até 10 metros;Analisado, aguardando atendimento a notificação;PE;0,0891
PA-1507300-DB3F565FA9B44146A453FC23CAB3D0BA;PA;São Félix do Xingu;Curso d'água natural de até 10 metros;Aguardando análise;AT;10,3316
PA-1507300-DB461552EEDC461DACC78324487A25FD;PA;São Félix do Xingu;Curso d'água natural de até 10 metros;Aguardando análise;PE;4,9816
PA-1507300-DB751020E33A4E06B909DAAC3A038764;PA;São Félix do Xingu;Curso d'água natural de até 10 metros;Analisado, aguardando atendimento a notificação;PE;1,9397
PA-1507300-DBFC6F7EE1E74A45A250A567F3581414;PA;São Félix do Xingu;Curso d'água natural de até 10 metros;Aguardando análise;PE;3,8683
PA-1507300-DC0760D7410C4324BB17C63AAE7B4AAE;PA;São Félix do Xingu;Curso d'água natural de até 10 metros;Analisado, aguardando regularização ambiental (Lei nº 12.651/2012);AT;0,6482
PA-1507300-DC0EE2C2C661496BA880CC20AEDD9A00;PA;São Félix do Xingu;Curso d'água natural de até 10 metros;Analisado, aguardando regularização ambiental (Lei nº 12.651/2012);AT;0,2214
PA-1507300-DC1CD6179F854423A2DBFCC759480011;PA;São Félix do Xingu;Curso d'água natural de até 10 metros;Analisado, aguardando regularização ambiental (Lei nº 12.651/2012);AT;0,0270
PA-1507300-DC2CAB7545604E0091C68F632B4AA82C;PA;São Félix do Xingu;Curso d'água natural de até 10 metros;Analisado, aguardando regularização ambiental (Lei nº 12.651/2012);AT;4,1592
PA-1507300-DC522728B6B74A1B8DFCAC34AA1C14C2;PA;São Félix do Xingu;Curso d'água natural de até 10 metros;Analisado, aguardando atendimento a notificação;PE;0,0391
PA-1507300-DC882D1179DB422D996A4C12E06623A6;PA;São Félix do Xingu;Curso d'água natural de até 10 metros;Analisado sem pendências;AT;2,1100
PA-1507300-DCA020589312464386ABE0A79BAAF7F3;PA;São Félix do Xingu;Curso d'água natural de até 10 metros;Analisado, aguardando atendimento a notificação;AT;0,5716
PA-1507300-DCB027289F184E64A2E122CC4E76146C;PA;São Félix do Xingu;Curso d'água natural de até 10 metros;Analisado, aguardando atendimento a notificação;PE;0,1840
PA-1507300-DCF53C537ED24A81B5EEF3177E215AED;PA;São Félix do Xingu;Curso d'água natural de até 10 metros;Analisado, aguardando atendimento a notificação;PE;10,4871
PA-1507300-DCFEDAFEC8FC4806A45AEEAFC05FB54B;PA;São Félix do Xingu;Curso d'água natural de até 10 metros;Analisado, aguardando atendimento a notificação;PE;0,1802
PA-1507300-DD012978C6E64CE78342840DF3152F55;PA;São Félix do Xingu;Curso d'água natural de até 10 metros;Analisado, aguardando atendimento a notificação;AT;2,9066
PA-1507300-DD060C112D034D6C95E57003E89B32F8;PA;São Félix do Xingu;Curso d'água natural de até 10 metros;Analisado, aguardando atendimento a notificação;AT;0,5459
PA-1507300-DD133CA61B714442BC2C06DF542B0569;PA;São Félix do Xingu;Curso d'água natural de até 10 metros;Analisado, aguardando atendimento a notificação;PE;0,1747
PA-1507300-DD23AC75A85E4CEC82B1838CECDBCE84;PA;São Félix do Xingu;Curso d'água natural de até 10 metros;Analisado, aguardando atendimento a notificação;PE;0,7736
PA-1507300-DDA3B7D0D2E94D22A3ADB9B7263002C5;PA;São Félix do Xingu;Curso d'água natural de até 10 metros;Analisado, aguardando atendimento a notificação;PE;0,0919
PA-1507300-DDF1D82EB4FC4025B70D91E21A907126;PA;São Félix do Xingu;Curso d'água natural de até 10 metros;Analisado, aguardando atendimento a notificação;PE;0,2190
PA-1507300-DE19B5A12313478DB0A3C346C919CEA4;PA;São Félix do Xingu;Curso d'água natural de até 10 metros;Analisado, aguardando atendimento a notificação;PE;0,2117
PA-1507300-DE38AE72E4C842FEBCA1127174820FD1;PA;São Félix do Xingu;Curso d'água natural de até 10 metros;Analisado, aguardando atendimento a notificação;PE;0,1105
PA-1507300-DE61E7F4AFB54A83BD10E5D4390CA7CE;PA;São Félix do Xingu;Curso d'água natural de até 10 metros;Analisado, aguardando atendimento a notificação;PE;0,0958
PA-1507300-DE65CBA9643A436DBD02043AAD174301;PA;São Félix do Xingu;Curso d'água natural de até 10 metros;Analisado, aguardando regularização ambiental (Lei nº 12.651/2012);AT;0,0759
PA-1507300-DE78BAC6209E4139A9F0411232A8C592;PA;São Félix do Xingu;Curso d'água natural de até 10 metros;Analisado, aguardando atendimento a notificação;PE;0,2408
PA-1507300-DE8C46602C7B45408BEA0CF43E1B3AA6;PA;São Félix do Xingu;Curso d'água natural de até 10 metros;Analisado, aguardando atendimento a notificação;AT;0,6148
PA-1507300-DEAAE3AEACA14C85AAC11BBEA9B871E0;PA;São Félix do Xingu;Curso d'água natural de até 10 metros;Analisado, aguardando regularização ambiental (Lei nº 12.651/2012);AT;0,1864
PA-1507300-DF7DA2E374F84E149CDD91DFE4E4C407;PA;São Félix do Xingu;Curso d'água natural de até 10 metros;Analisado, aguardando atendimento a notificação;AT;1,3009
PA-1507300-DFAB2BB818ED4E65BC10037BFC60C9C3;PA;São Félix do Xingu;Curso d'água natural de até 10 metros;Analisado, aguardando atendimento a notificação;PE;0,3128
PA-1507300-DFC90800590C411EB377D49A1ECD7D4C;PA;São Félix do Xingu;Curso d'água natural de até 10 metros;Analisado, aguardando regularização ambiental (Lei nº 12.651/2012);AT;11,1927
PA-1507300-E008D62AA6014DA0810D35223B128121;PA;São Félix do Xingu;Curso d'água natural de até 10 metros;Aguardando análise;PE;6,4513
PA-1507300-E047CE6F2EC346D99DD37946B24710CF;PA;São Félix do Xingu;Curso d'água natural de até 10 metros;Analisado, aguardando atendimento a notificação;PE;0,6937
PA-1507300-E064A8A5AE8D45D9A3B0E0F7A79D34F3;PA;São Félix do Xingu;Curso d'água natural de até 10 metros;Analisado, aguardando atendimento a notificação;PE;0,0229
PA-1507300-E080E0A62EC34EA48B40323992FD9036;PA;São Félix do Xingu;Curso d'água natural de até 10 metros;Analisado, aguardando atendimento a notificação;AT;0,1600
PA-1507300-E0936D3D44974E279922099B7DE274A3;PA;São Félix do Xingu;Curso d'água natural de até 10 metros;Analisado, aguardando atendimento a notificação;SU;0,6811
PA-1507300-E0BA54312674482A981E06E9D5B4132B;PA;São Félix do Xingu;Curso d'água natural de até 10 metros;Analisado, aguardando atendimento a notificação;PE;0,2153
PA-1507300-E0E483215B1342C382893816D0369E68;PA;São Félix do Xingu;Curso d'água natural de até 10 metros;Analisado, aguardando atendimento a notificação;PE;31,4289
PA-1507300-E0E9C1D95BD64813B456FD6968A26A07;PA;São Félix do Xingu;Curso d'água natural de até 10 metros;Analisado, aguardando atendimento a notificação;PE;0,2745
PA-1507300-E0FEB63D0B904CDD882A399ED45801EB;PA;São Félix do Xingu;Curso d'água natural de até 10 metros;Analisado, aguardando atendimento a notificação;PE;0,1823
PA-1507300-E1109505EB4B4E07A6604A784A350CFC;PA;São Félix do Xingu;Curso d'água natural de até 10 metros;Analisado, aguardando atendimento a notificação;PE;0,3199
PA-1507300-E1D8B835B4EA4C4CBC64E59755345902;PA;São Félix do Xingu;Curso d'água natural de até 10 metros;Analisado, aguardando regularização ambiental (Lei nº 12.651/2012);PE;0,9294
PA-1507300-E1D8D35FC53E4625BAEF4FFC2CD08095;PA;São Félix do Xingu;Curso d'água natural de até 10 metros;Analisado, aguardando atendimento a notificação;PE;1,2970
PA-1507300-E239DF118BEC49888C76AEBC9D47E976;PA;São Félix do Xingu;Curso d'água natural de até 10 metros;Analisado, aguardando atendimento a notificação;SU;4,0875
PA-1507300-E278F9735B534C738A2C879B4C4494D0;PA;São Félix do Xingu;Curso d'água natural de até 10 metros;Analisado, aguardando atendimento a notificação;PE;0,5612
PA-1507300-E2A149552550491A9B3A204D91A42F25;PA;São Félix do Xingu;Curso d'água natural de até 10 metros;Analisado, aguardando atendimento a notificação;PE;0,3832
PA-1507300-E2CC8A65BBF94C6E9F9D54D66B1FC503;PA;São Félix do Xingu;Curso d'água natural de até 10 metros;Aguardando análise;AT;1,1187
PA-1507300-E2D20608F09C46A3BD1C33489B0B9429;PA;São Félix do Xingu;Curso d'água natural de até 10 metros;Analisado, aguardando regularização ambiental (Lei nº 12.651/2012);AT;82,2994
PA-1507300-E2FD26FD4DDD4F4C8802A48CA32CF8D7;PA;São Félix do Xingu;Curso d'água natural de até 10 metros;Analisado, aguardando atendimento a notificação;PE;0,4654
PA-1507300-E34EC53A894A45BFA92E30616C77F4E1;PA;São Félix do Xingu;Curso d'água natural de até 10 metros;Analisado, aguardando regularização ambiental (Lei nº 12.651/2012);AT;0,2257
PA-1507300-E37F9B118482487A9FFE51861613A004;PA;São Félix do Xingu;Curso d'água natural de até 10 metros;Aguardando análise;AT;3,7859
PA-1507300-E387DCE0F9464F58B6024319FDD067CA;PA;São Félix do Xingu;Curso d'água natural de até 10 metros;Aguardando análise;PE;1,5628
PA-1507300-E3917C226710410EA09E1F3F5941F155;PA;São Félix do Xingu;Curso d'água natural de até 10 metros;Analisado, aguardando atendimento a notificação;PE;0,0877
PA-1507300-E3B287C0D78C4E40AD380FA2BD3E4008;PA;São Félix do Xingu;Curso d'água natural de até 10 metros;Analisado, aguardando atendimento a notificação;PE;2,1992
PA-1507300-E3C047466F254E4EAF2959135C3E4E9C;PA;São Félix do Xingu;Curso d'água natural de até 10 metros;Analisado, aguardando regularização ambiental (Lei nº 12.651/2012);AT;2,8687
PA-1507300-E43183B7C19F45958EC886604F3C09DE;PA;São Félix do Xingu;Curso d'água natural de até 10 metros;Analisado, aguardando atendimento a notificação;PE;0,2175
PA-1507300-E4A017C065974707AD4D8517CB4A4383;PA;São Félix do Xingu;Curso d'água natural de até 10 metros;Analisado, aguardando regularização ambiental (Lei nº 12.651/2012);AT;0,1360
PA-1507300-E50B8EECEFB541AB98A7CBCAE649F002;PA;São Félix do Xingu;Curso d'água natural de até 10 metros;Analisado, aguardando regularização ambiental (Lei nº 12.651/2012);AT;0,0387
PA-1507300-E5199A3D4AFF4409A6D9D5DF7E03CA2B;PA;São Félix do Xingu;Curso d'água natural de até 10 metros;Analisado, aguardando atendimento a notificação;PE;0,3402
PA-1507300-E52C0CE13A9249149FD851CF00AD9B87;PA;São Félix do Xingu;Curso d'água natural de até 10 metros;Analisado, aguardando regularização ambiental (Lei nº 12.651/2012);PE;24,4923
PA-1507300-E52D11DA898745EEAF73583B82ADF519;PA;São Félix do Xingu;Curso d'água natural de até 10 metros;Analisado, aguardando atendimento a notificação;PE;0,3688
PA-1507300-E53760AA226341F9910AA60021CF47EF;PA;São Félix do Xingu;Curso d'água natural de até 10 metros;Analisado, aguardando atendimento a notificação;PE;3,0541
PA-1507300-E54DCBE43D8B40DDA092F3D265EA5DDC;PA;São Félix do Xingu;Curso d'água natural de até 10 metros;Analisado, aguardando atendimento a notificação;PE;0,1657
PA-1507300-E54F8388400E42ED809721E74D724900;PA;São Félix do Xingu;Curso d'água natural de até 10 metros;Analisado, aguardando atendimento a notificação;PE;0,6407
PA-1507300-E553B966C075411D9F82C1EB5A2EFE86;PA;São Félix do Xingu;Curso d'água natural de até 10 metros;Analisado sem pendências;AT;0,0244
PA-1507300-E58F1428BEB747A2B12F31A66ACAD19B;PA;São Félix do Xingu;Curso d'água natural de até 10 metros;Analisado, aguardando regularização ambiental (Lei nº 12.651/2012);AT;0,6034
PA-1507300-E599F8F3E9A14BD5A7F54B6DC20CCF59;PA;São Félix do Xingu;Curso d'água natural de até 10 metros;Analisado, aguardando atendimento a notificação;AT;1,1726
PA-1507300-E59DC91758E447259A9E92060E8D3A8F;PA;São Félix do Xingu;Curso d'água natural de até 10 metros;Analisado, aguardando atendimento a notificação;PE;0,5306
PA-1507300-E5B99FEA737746478D3667CE71F6D085;PA;São Félix do Xingu;Curso d'água natural de até 10 metros;Analisado, aguardando atendimento a notificação;PE;0,1222
PA-1507300-E5EFBD88FBF947A0A0B9EEA6205A27A8;PA;São Félix do Xingu;Curso d'água natural de até 10 metros;Analisado, aguardando atendimento a notificação;PE;1,0505
PA-1507300-E62305D73235497EADD7F5AD1A4901D6;PA;São Félix do Xingu;Curso d'água natural de até 10 metros;Analisado, aguardando regularização ambiental (Lei nº 12.651/2012);PE;0,3958
PA-1507300-E6582721EF2C4B8186D9BB0D4C81C5F3;PA;São Félix do Xingu;Curso d'água natural de até 10 metros;Analisado, aguardando atendimento a notificação;PE;0,4934
PA-1507300-E69FCFB2B8404CE8AC414FF20274D2E4;PA;São Félix do Xingu;Curso d'água natural de até 10 metros;Analisado, aguardando atendimento a notificação;PE;1,9702
PA-1507300-E6D85162DEC1423E933C6A69430D6FAA;PA;São Félix do Xingu;Curso d'água natural de até 10 metros;Analisado, aguardando regularização ambiental (Lei nº 12.651/2012);AT;3,4015
PA-1507300-E70ED235AFF3487ABFF94F2E79DD0F47;PA;São Félix do Xingu;Curso d'água natural de até 10 metros;Analisado, aguardando atendimento a notificação;PE;0,2055
PA-1507300-E74AD11C02934715A4C3171B588270D5;PA;São Félix do Xingu;Curso d'água natural de até 10 metros;Analisado sem pendências;AT;0,0812
PA-1507300-E763E491433841B39142B02C5E3FC7A4;PA;São Félix do Xingu;Curso d'água natural de até 10 metros;Analisado, aguardando regularização ambiental (Lei nº 12.651/2012);AT;0,0673
PA-1507300-E766BDEBC6094215BBAADD15AD69596B;PA;São Félix do Xingu;Curso d'água natural de até 10 metros;Analisado, aguardando atendimento a notificação;AT;0,4746
PA-1507300-E79E521491B841AF94BB9D156E2444CA;PA;São Félix do Xingu;Curso d'água natural de até 10 metros;Analisado, aguardando atendimento a notificação;PE;0,9462
PA-1507300-E81D503C19874F3DAB75058D17F2099F;PA;São Félix do Xingu;Curso d'água natural de até 10 metros;Analisado sem pendências;AT;0,0197
PA-1507300-E8AB81BD184D4CB2BEF830DF967A140E;PA;São Félix do Xingu;Curso d'água natural de até 10 metros;Analisado, aguardando atendimento a notificação;PE;0,1490
PA-1507300-E8D1FC4A1951400BAFB40477B128D7D6;PA;São Félix do Xingu;Curso d'água natural de até 10 metros;Analisado sem pendências;AT;0,0576
PA-1507300-E8FC061DF7814FD1840F9C245F6D317C;PA;São Félix do Xingu;Curso d'água natural de até 10 metros;Analisado, aguardando regularização ambiental (Lei nº 12.651/2012);AT;0,5411
PA-1507300-E91394EC2742418AAD47C9D393E371FA;PA;São Félix do Xingu;Curso d'água natural de até 10 metros;Analisado, aguardando atendimento a notificação;PE;1,4057
PA-1507300-E91732AB401F4E68A4D2FCA39A39617D;PA;São Félix do Xingu;Curso d'água natural de até 10 metros;Analisado, aguardando atendimento a notificação;AT;0,0549
PA-1507300-E932D49FDA4D417DB40D98655C36D74F;PA;São Félix do Xingu;Curso d'água natural de até 10 metros;Analisado, aguardando regularização ambiental (Lei nº 12.651/2012);AT;30,5945
PA-1507300-E95A2481109A49748E507F64272DF33E;PA;São Félix do Xingu;Curso d'água natural de até 10 metros;Analisado, aguardando atendimento a notificação;PE;0,2398
PA-1507300-E9C206980F8A456398F4A09A392F13AE;PA;São Félix do Xingu;Curso d'água natural de até 10 metros;Analisado, aguardando atendimento a notificação;PE;0,9475
PA-1507300-E9FE8265D5E24707B937D2C4ED148ADC;PA;São Félix do Xingu;Curso d'água natural de até 10 metros;Analisado, aguardando atendimento a notificação;PE;0,0508
PA-1507300-EA03A632E7AD4DC4BF818F0E3A6EA834;PA;São Félix do Xingu;Curso d'água natural de até 10 metros;Aguardando análise;PE;1,0449
PA-1507300-EA0D77BAD3A94EC389E03961564E15CF;PA;São Félix do Xingu;Curso d'água natural de até 10 metros;Analisado, aguardando atendimento a notificação;PE;4,5376
PA-1507300-EA0E7FD7EC0844E6B4C26E2E501DA467;PA;São Félix do Xingu;Curso d'água natural de até 10 metros;Aguardando análise;AT;11,2218
PA-1507300-EA244C7C0EE44E26BFC1249624903CF3;PA;São Félix do Xingu;Curso d'água natural de até 10 metros;Analisado, aguardando atendimento a notificação;PE;0,3483
PA-1507300-EA501C7BC9634B399E1A05B020EEF19F;PA;São Félix do Xingu;Curso d'água natural de até 10 metros;Analisado, aguardando regularização ambiental (Lei nº 12.651/2012);AT;0,3728
PA-1507300-EADA68D2B98F4B07BE4E17138C1E9397;PA;São Félix do Xingu;Curso d'água natural de até 10 metros;Aguardando análise;PE;3,7279
PA-1507300-EAF8A4703AB84EBA9F4608D2D50A3C0F;PA;São Félix do Xingu;Curso d'água natural de até 10 metros;Analisado, aguardando atendimento a notificação;PE;0,3216
PA-1507300-EB6AC88B9D6A467FBCC94768D72A9A7B;PA;São Félix do Xingu;Curso d'água natural de até 10 metros;Analisado, aguardando atendimento a notificação;PE;0,2959
PA-1507300-EB7A810BCDDF44D1AA4CF97074996331;PA;São Félix do Xingu;Curso d'água natural de até 10 metros;Analisado, aguardando regularização ambiental (Lei nº 12.651/2012);AT;0,2443
PA-1507300-EB7B84A875E0421FB1C7A477968379FE;PA;São Félix do Xingu;Curso d'água natural de até 10 metros;Analisado, aguardando regularização ambiental (Lei nº 12.651/2012);AT;2,3716
PA-1507300-EBB4B9B317C64486B843037ED84D65F0;PA;São Félix do Xingu;Curso d'água natural de até 10 metros;Aguardando análise;AT;1,5263
PA-1507300-EBD24FA5592440C1B7916600399CBFE9;PA;São Félix do Xingu;Curso d'água natural de até 10 metros;Analisado, aguardando atendimento a notificação;PE;0,4128
PA-1507300-EBD43C173EBA4E78B6E10349C57AD3B8;PA;São Félix do Xingu;Curso d'água natural de até 10 metros;Analisado, aguardando atendimento a notificação;PE;0,4295
PA-1507300-EBE7A249D1BC411099F1C32AD75F0008;PA;São Félix do Xingu;Curso d'água natural de até 10 metros;Analisado, aguardando atendimento a notificação;PE;0,0585
PA-1507300-EC744F049AF443518102372D4C1C3742;PA;São Félix do Xingu;Curso d'água natural de até 10 metros;Analisado, aguardando atendimento a notificação;PE;0,0209
PA-1507300-EC7467C13C4F490F9EC9F41B32F8137D;PA;São Félix do Xingu;Curso d'água natural de até 10 metros;Analisado, aguardando atendimento a notificação;AT;0,0880
PA-1507300-ECCAEC7E4C734BECA03517D6074D4230;PA;São Félix do Xingu;Curso d'água natural de até 10 metros;Aguardando análise;PE;9,6415
PA-1507300-ECD846C0D5C240BE81264F4A11855EE7;PA;São Félix do Xingu;Curso d'água natural de até 10 metros;Analisado, aguardando atendimento a notificação;AT;2,3533
PA-1507300-ED20F89E283F4F2385247DD4E18FA0F2;PA;São Félix do Xingu;Curso d'água natural de até 10 metros;Analisado, aguardando atendimento a notificação;PE;0,1150
PA-1507300-ED2D3083AB614C32B2E6F097231777AF;PA;São Félix do Xingu;Curso d'água natural de até 10 metros;Analisado, aguardando regularização ambiental (Lei nº 12.651/2012);AT;0,2799
PA-1507300-ED5DD664C64F499985FB19364E38045D;PA;São Félix do Xingu;Curso d'água natural de até 10 metros;Analisado, aguardando atendimento a notificação;AT;0,8748
PA-1507300-ED86BE49555C4083881EAF791A89CF09;PA;São Félix do Xingu;Curso d'água natural de até 10 metros;Analisado, aguardando atendimento a notificação;AT;3,1080
PA-1507300-ED87D780B2DB4D30AFF17BF093599E4A;PA;São Félix do Xingu;Curso d'água natural de até 10 metros;Analisado, aguardando atendimento a notificação;SU;0,0242
PA-1507300-ED89C10A48054615954616A722FD82CF;PA;São Félix do Xingu;Curso d'água natural de até 10 metros;Analisado, aguardando atendimento a notificação;PE;0,0421
PA-1507300-ED9D40F3BFAE457993DC0B0DFEF66818;PA;São Félix do Xingu;Curso d'água natural de até 10 metros;Analisado, aguardando atendimento a notificação;PE;2,6553
PA-1507300-EDAD3342C5E14414A3ECB68B58EE33A7;PA;São Félix do Xingu;Curso d'água natural de até 10 metros;Aguardando análise;PE;0,8073
PA-1507300-EDBDD55A37C441FC97B1C27FB632CD47;PA;São Félix do Xingu;Curso d'água natural de até 10 metros;Analisado, aguardando atendimento a notificação;PE;4,5835
PA-1507300-EE9C098F758D49C681CD2C4D17F287D1;PA;São Félix do Xingu;Curso d'água natural de até 10 metros;Analisado, aguardando atendimento a notificação;PE;0,2151
PA-1507300-EEAC1CA5C87440ED89D515460B105E67;PA;São Félix do Xingu;Curso d'água natural de até 10 metros;Analisado, aguardando atendimento a notificação;PE;1,1491
PA-1507300-EED3AD591B5144519B9F899DDC3481CC;PA;São Félix do Xingu;Curso d'água natural de até 10 metros;Analisado, aguardando atendimento a notificação;PE;0,2762
PA-1507300-EEDF5C9BC6224E789908929F25806F37;PA;São Félix do Xingu;Curso d'água natural de até 10 metros;Analisado, aguardando atendimento a notificação;PE;0,9807
PA-1507300-EEF34D89286B4132AC6C1F925FB263F9;PA;São Félix do Xingu;Curso d'água natural de até 10 metros;Analisado, aguardando atendimento a notificação;PE;0,0738
PA-1507300-EEF755D769B74D1488D773A227DCA2F2;PA;São Félix do Xingu;Curso d'água natural de até 10 metros;Analisado, aguardando regularização ambiental (Lei nº 12.651/2012);SU;20,0024
PA-1507300-EF20FC93840543CAB6933F3081F2FCAE;PA;São Félix do Xingu;Curso d'água natural de até 10 metros;Analisado, aguardando atendimento a notificação;AT;0,6257
PA-1507300-EF4B455DB7BE470A9796F63E396BE1A3;PA;São Félix do Xingu;Curso d'água natural de até 10 metros;Analisado, aguardando atendimento a notificação;PE;1,0212
PA-1507300-EF4C0FF273214ED58CBE97EB7B28C2E2;PA;São Félix do Xingu;Curso d'água natural de até 10 metros;Analisado, aguardando atendimento a notificação;AT;0,6575
PA-1507300-EFC6A09025A94B62818A2518E85A3821;PA;São Félix do Xingu;Curso d'água natural de até 10 metros;Analisado, aguardando atendimento a notificação;PE;1,7295
PA-1507300-EFF98BB4DC64488691BAA073E9C17359;PA;São Félix do Xingu;Curso d'água natural de até 10 metros;Analisado, aguardando atendimento a notificação;PE;0,1335
PA-1507300-F0008449C31C4C98B1230316C1D94F35;PA;São Félix do Xingu;Curso d'água natural de até 10 metros;Analisado, aguardando atendimento a notificação;PE;0,2595
PA-1507300-F0484474E27C46FCBAD07CFD1250CDFA;PA;São Félix do Xingu;Curso d'água natural de até 10 metros;Analisado, aguardando regularização ambiental (Lei nº 12.651/2012);AT;0,1128
PA-1507300-F05492E8C97E44FDB0E1093D1DFEC22F;PA;São Félix do Xingu;Curso d'água natural de até 10 metros;Analisado, aguardando regularização ambiental (Lei nº 12.651/2012);PE;12,9288
PA-1507300-F0595B9BD35C47D6825E321A4F4E1A05;PA;São Félix do Xingu;Curso d'água natural de até 10 metros;Analisado, aguardando atendimento a notificação;PE;0,1815
PA-1507300-F076CC2627C84275AEC5D896A5D2D9D7;PA;São Félix do Xingu;Curso d'água natural de até 10 metros;Analisado, aguardando atendimento a notificação;PE;0,1326
PA-1507300-F07F436C149E41989CE49E3011CBE9A3;PA;São Félix do Xingu;Curso d'água natural de até 10 metros;Analisado, aguardando atendimento a notificação;PE;0,2959
PA-1507300-F0FCCB15EAE64057AD7E563B22DDDDD1;PA;São Félix do Xingu;Curso d'água natural de até 10 metros;Analisado, aguardando regularização ambiental (Lei nº 12.651/2012);AT;0,3885
PA-1507300-F10BACF2B9314786A55570CF9CCA0921;PA;São Félix do Xingu;Curso d'água natural de até 10 metros;Analisado, aguardando regularização ambiental (Lei nº 12.651/2012);AT;34,9912
PA-1507300-F11C8C43BBDE41F4A718C35E46551550;PA;São Félix do Xingu;Curso d'água natural de até 10 metros;Analisado, aguardando atendimento a notificação;PE;6,7664
PA-1507300-F11DE6397CA24FE4A979B33A4541D635;PA;São Félix do Xingu;Curso d'água natural de até 10 metros;Analisado sem pendências;AT;0,0326
PA-1507300-F1540FFC0313484092B5C2C2EB1B753F;PA;São Félix do Xingu;Curso d'água natural de até 10 metros;Analisado, aguardando atendimento a notificação;PE;1,4800
PA-1507300-F1636AD0131740EAA4F4BC834C042E07;PA;São Félix do Xingu;Curso d'água natural de até 10 metros;Analisado, aguardando regularização ambiental (Lei nº 12.651/2012);PE;0,9465
PA-1507300-F1664386F1D6460B9FF009C73C3F9BC6;PA;São Félix do Xingu;Curso d'água natural de até 10 metros;Analisado, aguardando regularização ambiental (Lei nº 12.651/2012);AT;10,1625
PA-1507300-F1D01661341F4F91A2F88884B2246DA0;PA;São Félix do Xingu;Curso d'água natural de até 10 metros;Analisado, aguardando atendimento a notificação;AT;0,1972
PA-1507300-F201B14C55854A8DBD855227A33901DF;PA;São Félix do Xingu;Curso d'água natural de até 10 metros;Analisado, aguardando atendimento a notificação;PE;0,0892
PA-1507300-F241631383F54CDF87C5DF4F56512432;PA;São Félix do Xingu;Curso d'água natural de até 10 metros;Analisado, aguardando atendimento a notificação;PE;0,1098
PA-1507300-F264A41A22C64B4DA2A07A0F19A28B8C;PA;São Félix do Xingu;Curso d'água natural de até 10 metros;Analisado, aguardando atendimento a notificação;PE;0,0931
PA-1507300-F26E3D4750404AC8BC0406EB0B5FE957;PA;São Félix do Xingu;Curso d'água natural de até 10 metros;Analisado, aguardando atendimento a notificação;PE;0,0808
PA-1507300-F28E624BFA7944878AD5337BD1C18F71;PA;São Félix do Xingu;Curso d'água natural de até 10 metros;Analisado, aguardando atendimento a notificação;PE;1,0975
PA-1507300-F293CD17B5FE4D4682CB436FF5B136D0;PA;São Félix do Xingu;Curso d'água natural de até 10 metros;Analisado, aguardando regularização ambiental (Lei nº 12.651/2012);PE;110,7850
PA-1507300-F2AA6FFFC8684670B827833FA121DB32;PA;São Félix do Xingu;Curso d'água natural de até 10 metros;Aguardando análise;AT;2,5742
PA-1507300-F2B5F46B75D04D3B85D929DBA356E975;PA;São Félix do Xingu;Curso d'água natural de até 10 metros;Analisado, aguardando atendimento a notificação;PE;0,1040
PA-1507300-F2F608903A574A718BDA1F33F014A31A;PA;São Félix do Xingu;Curso d'água natural de até 10 metros;Analisado, aguardando atendimento a notificação;PE;2,6331
PA-1507300-F345ACCE41DF48BE95F0488FF80457A7;PA;São Félix do Xingu;Curso d'água natural de até 10 metros;Analisado, aguardando atendimento a notificação;PE;0,5390
PA-1507300-F34FF35D41BD47C2BD204022B278E779;PA;São Félix do Xingu;Curso d'água natural de até 10 metros;Analisado, aguardando regularização ambiental (Lei nº 12.651/2012);AT;0,3085
PA-1507300-F358D160F4AA4EF4BF56EF7EB716530A;PA;São Félix do Xingu;Curso d'água natural de até 10 metros;Analisado, aguardando regularização ambiental (Lei nº 12.651/2012);AT;0,0915
PA-1507300-F3632A49DDC2476DAEA7DBF486A4E75E;PA;São Félix do Xingu;Curso d'água natural de até 10 metros;Aguardando análise;PE;3,5501
PA-1507300-F38CE14C83A844B4955F25EEBFA663D5;PA;São Félix do Xingu;Curso d'água natural de até 10 metros;Analisado, aguardando atendimento a notificação;AT;0,9325
PA-1507300-F3CEB90E1DDD472ABCE383B489042266;PA;São Félix do Xingu;Curso d'água natural de até 10 metros;Analisado, aguardando atendimento a notificação;PE;0,3619
PA-1507300-F3DAF224487F4E0D855D8FAB95EF244A;PA;São Félix do Xingu;Curso d'água natural de até 10 metros;Aguardando análise;PE;0,8325
PA-1507300-F3E0F88DD06D48A9BF14B1C00AD4F25F;PA;São Félix do Xingu;Curso d'água natural de até 10 metros;Em análise;PE;1,0728
PA-1507300-F3E5792E2B5F4DD1B327144BC4B25778;PA;São Félix do Xingu;Curso d'água natural de até 10 metros;Aguardando análise;SU;14,5161
PA-1507300-F3ED0012B46B4E6ABE81B465BB5C17EF;PA;São Félix do Xingu;Curso d'água natural de até 10 metros;Analisado, aguardando atendimento a notificação;PE;0,3234
PA-1507300-F4060D6FCF324059B8F00FC643695F3C;PA;São Félix do Xingu;Curso d'água natural de até 10 metros;Analisado, aguardando atendimento a notificação;PE;0,0663
PA-1507300-F43F56268D574EC0AC62CC73DD634F8C;PA;São Félix do Xingu;Curso d'água natural de até 10 metros;Analisado, aguardando atendimento a notificação;AT;0,1957
PA-1507300-F45487B69C2842DF89DFF551B7496A32;PA;São Félix do Xingu;Curso d'água natural de até 10 metros;Analisado, aguardando regularização ambiental (Lei nº 12.651/2012);AT;0,0625
PA-1507300-F4653DE2296F44F09D67A2D0B193A3C6;PA;São Félix do Xingu;Curso d'água natural de até 10 metros;Analisado, aguardando regularização ambiental (Lei nº 12.651/2012);AT;19,2030
PA-1507300-F47A600F4C214D9685DCED4CFA0C6828;PA;São Félix do Xingu;Curso d'água natural de até 10 metros;Analisado, aguardando atendimento a notificação;AT;0,1027
PA-1507300-F494F1D505A84C0C855D0D9C2B3BC50C;PA;São Félix do Xingu;Curso d'água natural de até 10 metros;Analisado, aguardando atendimento a notificação;PE;0,1339
PA-1507300-F4A128B41853460B98235C361588164A;PA;São Félix do Xingu;Curso d'água natural de até 10 metros;Analisado, aguardando regularização ambiental (Lei nº 12.651/2012);AT;2,1583
PA-1507300-F4C4B302DF45433BB82338B4994DAD71;PA;São Félix do Xingu;Curso d'água natural de até 10 metros;Analisado, aguardando regularização ambiental (Lei nº 12.651/2012);AT;2,2093
PA-1507300-F4E017422EE448F9820018191238514E;PA;São Félix do Xingu;Curso d'água natural de até 10 metros;Analisado, aguardando regularização ambiental (Lei nº 12.651/2012);AT;2,7468
PA-1507300-F50F6230E99A40CC83F0B407511C6156;PA;São Félix do Xingu;Curso d'água natural de até 10 metros;Analisado, aguardando atendimento a notificação;AT;0,7144
PA-1507300-F52ECB3691F74D0692F82FAD69C8E7F8;PA;São Félix do Xingu;Curso d'água natural de até 10 metros;Analisado, aguardando atendimento a notificação;PE;0,9412
PA-1507300-F542D02335A84D6B8761B15DE74D6387;PA;São Félix do Xingu;Curso d'água natural de até 10 metros;Analisado, aguardando regularização ambiental (Lei nº 12.651/2012);AT;3,3332
PA-1507300-F586819B5A4847B0AF6C0F163F7E33B7;PA;São Félix do Xingu;Curso d'água natural de até 10 metros;Analisado, aguardando regularização ambiental (Lei nº 12.651/2012);AT;0,7702
PA-1507300-F5934E8CAFB5438991E924B5E2CCECEC;PA;São Félix do Xingu;Curso d'água natural de até 10 metros;Aguardando análise;PE;2,7080
PA-1507300-F5A3688DB9AB4C7999EB1809D8786E89;PA;São Félix do Xingu;Curso d'água natural de até 10 metros;Analisado, aguardando regularização ambiental (Lei nº 12.651/2012);AT;3,4569
PA-1507300-F5B6BD7B251E4A30B0865B9C5E41D3E5;PA;São Félix do Xingu;Curso d'água natural de até 10 metros;Analisado, aguardando atendimento a notificação;PE;0,4331
PA-1507300-F5CC662352DE4463B17473EB125DF96B;PA;São Félix do Xingu;Curso d'água natural de até 10 metros;Analisado, aguardando regularização ambiental (Lei nº 12.651/2012);AT;0,6428
PA-1507300-F5E642FF5733402C8872B136C3FF76BC;PA;São Félix do Xingu;Curso d'água natural de até 10 metros;Analisado, aguardando regularização ambiental (Lei nº 12.651/2012);AT;2,6500
PA-1507300-F5F9C7F6A4E94901BE658F33D84481FA;PA;São Félix do Xingu;Curso d'água natural de até 10 metros;Analisado, aguardando atendimento a notificação;PE;28,4602
PA-1507300-F607EF8A49E94E62AA8E06B2A34B082A;PA;São Félix do Xingu;Curso d'água natural de até 10 metros;Analisado, aguardando atendimento a notificação;PE;2,0659
PA-1507300-F61AC44F9A54482C8BB39B1F72F64FC2;PA;São Félix do Xingu;Curso d'água natural de até 10 metros;Analisado, aguardando regularização ambiental (Lei nº 12.651/2012);AT;1,4394
PA-1507300-F63F6055099247C39D3EA3ED8B1CC28B;PA;São Félix do Xingu;Curso d'água natural de até 10 metros;Analisado, aguardando regularização ambiental (Lei nº 12.651/2012);AT;0,0628
PA-1507300-F640AD4142244ED8814BB60B8C495E3B;PA;São Félix do Xingu;Curso d'água natural de até 10 metros;Analisado, aguardando regularização ambiental (Lei nº 12.651/2012);AT;37,6178
PA-1507300-F6AA297F9CA94B6D85DE405C6C88803B;PA;São Félix do Xingu;Curso d'água natural de até 10 metros;Analisado, aguardando regularização ambiental (Lei nº 12.651/2012);AT;0,1116
PA-1507300-F6B6F49B4DAD43CCA5E13F0A1F21F729;PA;São Félix do Xingu;Curso d'água natural de até 10 metros;Analisado, aguardando atendimento a notificação;PE;1,0401
PA-1507300-F6D9A851124C4BC5B068B7DF7BDDA240;PA;São Félix do Xingu;Curso d'água natural de até 10 metros;Aguardando análise;PE;2,5548
PA-1507300-F6ED9098850C4785982EAECAA76E9560;PA;São Félix do Xingu;Curso d'água natural de até 10 metros;Analisado, aguardando atendimento a notificação;PE;2,0048
PA-1507300-F71CE1D3945A4D718CFF7068545B109E;PA;São Félix do Xingu;Curso d'água natural de até 10 metros;Analisado, aguardando atendimento a notificação;AT;0,6652
PA-1507300-F739DA09E22146B68D768093DFB17D48;PA;São Félix do Xingu;Curso d'água natural de até 10 metros;Analisado, aguardando atendimento a notificação;PE;0,2764
PA-1507300-F767C2382514460A8BAD24DB18970118;PA;São Félix do Xingu;Curso d'água natural de até 10 metros;Analisado sem pendências;AT;0,5389
PA-1507300-F811F15DD5624311BC489B212E2BB3B0;PA;São Félix do Xingu;Curso d'água natural de até 10 metros;Analisado, aguardando atendimento a notificação;PE;1,3697
PA-1507300-F8314CAAF52A445484D9D1B46A4704EC;PA;São Félix do Xingu;Curso d'água natural de até 10 metros;Analisado, aguardando atendimento a notificação;PE;0,1173
PA-1507300-F8549B8A582B42FCB9DDB044D912ECF5;PA;São Félix do Xingu;Curso d'água natural de até 10 metros;Analisado, aguardando regularização ambiental (Lei nº 12.651/2012);AT;0,1745
PA-1507300-F880C5B700AF4BF8B6C3E9ADF08C0367;PA;São Félix do Xingu;Curso d'água natural de até 10 metros;Analisado, aguardando regularização ambiental (Lei nº 12.651/2012);AT;0,3790
PA-1507300-F8828433520C4AE1B6353227F22E6A7B;PA;São Félix do Xingu;Curso d'água natural de até 10 metros;Analisado, aguardando atendimento a notificação;AT;1,5901
PA-1507300-F8B5B3632F9A42F1AC2CDC84D80C96C2;PA;São Félix do Xingu;Curso d'água natural de até 10 metros;Analisado, aguardando regularização ambiental (Lei nº 12.651/2012);AT;6,3730
PA-1507300-F8C031F4E2694AD392D8B33B8150CA4E;PA;São Félix do Xingu;Curso d'água natural de até 10 metros;Analisado, aguardando atendimento a notificação;PE;0,2807
PA-1507300-F91A40FF04F54065B4C46060A376C7BB;PA;São Félix do Xingu;Curso d'água natural de até 10 metros;Analisado sem pendências;AT;0,4518
PA-1507300-F9D26DF7E3D644999F516770676409F3;PA;São Félix do Xingu;Curso d'água natural de até 10 metros;Analisado, aguardando atendimento a notificação;PE;1,2727
PA-1507300-F9DC7396DC3C4F7C95EC6158A452C0D3;PA;São Félix do Xingu;Curso d'água natural de até 10 metros;Analisado, aguardando atendimento a notificação;PE;0,6654
PA-1507300-F9F8398A985E41FBBE148AD39AEC652B;PA;São Félix do Xingu;Curso d'água natural de até 10 metros;Aguardando análise;PE;1,9282
PA-1507300-FA222DB098994B9584F127A507F70F90;PA;São Félix do Xingu;Curso d'água natural de até 10 metros;Aguardando análise;PE;2,9393
PA-1507300-FA369E4EDB2F4C4E977D9D0E9C62A013;PA;São Félix do Xingu;Curso d'água natural de até 10 metros;Analisado, aguardando atendimento a notificação;PE;0,2861
PA-1507300-FA5601C4693E4EC99B350612D09B900B;PA;São Félix do Xingu;Curso d'água natural de até 10 metros;Analisado, aguardando atendimento a notificação;PE;0,0793
PA-1507300-FA6BC4F9598B4FB2938BD61722D31F6A;PA;São Félix do Xingu;Curso d'água natural de até 10 metros;Analisado, aguardando atendimento a notificação;PE;0,2416
PA-1507300-FA869E42E7A048F5B6B0A58F2EF2A4D2;PA;São Félix do Xingu;Curso d'água natural de até 10 metros;Analisado, aguardando atendimento a notificação;PE;0,1478
PA-1507300-FAB29002FD224DE3AC7638E110E9CC99;PA;São Félix do Xingu;Curso d'água natural de até 10 metros;Analisado, aguardando atendimento a notificação;PE;0,1127
PA-1507300-FAC50FCAD8354D378DEF179249215C63;PA;São Félix do Xingu;Curso d'água natural de até 10 metros;Analisado, aguardando regularização ambiental (Lei nº 12.651/2012);PE;20,3553
PA-1507300-FAF835E775B7420BA5941EBFA04ADF5B;PA;São Félix do Xingu;Curso d'água natural de até 10 metros;Analisado, aguardando atendimento a notificação;PE;0,2457
PA-1507300-FB11FEF2A1B84D1588CB927817F56181;PA;São Félix do Xingu;Curso d'água natural de até 10 metros;Analisado, aguardando atendimento a notificação;AT;0,2889
PA-1507300-FB6C30B1CA504C82AB31167979D5FE23;PA;São Félix do Xingu;Curso d'água natural de até 10 metros;Analisado, aguardando atendimento a notificação;PE;0,0564
PA-1507300-FBF18B50762F465E9DDC3A91EE2AFD71;PA;São Félix do Xingu;Curso d'água natural de até 10 metros;Analisado, aguardando atendimento a notificação;PE;0,8191
PA-1507300-FC1B3355748E4D058021298FEF894B51;PA;São Félix do Xingu;Curso d'água natural de até 10 metros;Analisado, aguardando regularização ambiental (Lei nº 12.651/2012);AT;13,3212
PA-1507300-FC1CD54F7FB94547A2D2F5C0F6709DCB;PA;São Félix do Xingu;Curso d'água natural de até 10 metros;Analisado, aguardando atendimento a notificação;PE;0,1365
PA-1507300-FC3BAE8AB17E47DFB48327AEB5F9CA96;PA;São Félix do Xingu;Curso d'água natural de até 10 metros;Analisado, aguardando atendimento a notificação;PE;17,6451
PA-1507300-FC5930796E124C29B45035A6163D7377;PA;São Félix do Xingu;Curso d'água natural de até 10 metros;Analisado, aguardando atendimento a notificação;PE;2,4507
PA-1507300-FCDB1A1336A1485C8FE93A87450510E7;PA;São Félix do Xingu;Curso d'água natural de até 10 metros;Analisado, aguardando atendimento a notificação;AT;1,9226
PA-1507300-FCE987FED772400D8BF789A0BD807ABD;PA;São Félix do Xingu;Curso d'água natural de até 10 metros;Analisado, aguardando atendimento a notificação;PE;3,3826
PA-1507300-FD3A322285E64782B6718448088348EF;PA;São Félix do Xingu;Curso d'água natural de até 10 metros;Analisado, aguardando atendimento a notificação;SU;0,8595
PA-1507300-FD5326828C1644CB90B414728A33F934;PA;São Félix do Xingu;Curso d'água natural de até 10 metros;Analisado, aguardando atendimento a notificação;PE;0,1145
PA-1507300-FD9183A183BD4DC89F3BF6428D868224;PA;São Félix do Xingu;Curso d'água natural de até 10 metros;Analisado, aguardando atendimento a notificação;PE;0,0683
PA-1507300-FDD2D82BE42743D1B5B07AB981370C13;PA;São Félix do Xingu;Curso d'água natural de até 10 metros;Analisado, aguardando atendimento a notificação;PE;0,6323
PA-1507300-FDD40C7EE56845A685F3918A5F638D52;PA;São Félix do Xingu;Curso d'água natural de até 10 metros;Analisado, aguardando atendimento a notificação;PE;0,7896
PA-1507300-FE4B8D2B67384E3C8723AFFB325C7E66;PA;São Félix do Xingu;Curso d'água natural de até 10 metros;Analisado, aguardando atendimento a notificação;PE;0,0447
PA-1507300-FE6260C1253A4676B939460735033071;PA;São Félix do Xingu;Curso d'água natural de até 10 metros;Analisado, aguardando atendimento a notificação;PE;0,1572
PA-1507300-FE6CA6B7C94245F18AAFA07CFBA60355;PA;São Félix do Xingu;Curso d'água natural de até 10 metros;Analisado, em conformidade com a Lei nº 12.651/2012;AT;0,3464
PA-1507300-FEA2217952034585A5385FF0CED4B418;PA;São Félix do Xingu;Curso d'água natural de até 10 metros;Aguardando análise;AT;8,5495
PA-1507300-FEA9E8CD7FB44E379061F15156BB1C5F;PA;São Félix do Xingu;Curso d'água natural de até 10 metros;Analisado, aguardando atendimento a notificação;PE;1,2207
PA-1507300-FEEF9C3AB67A458A924A7E662F24980C;PA;São Félix do Xingu;Curso d'água natural de até 10 metros;Analisado, aguardando atendimento a notificação;AT;2,6835
PA-1507300-FF4E0A7823E0439EBD8D489C4C02A26F;PA;São Félix do Xingu;Curso d'água natural de até 10 metros;Analisado, aguardando atendimento a notificação;PE;0,7827
PA-1507300-FF7DE25C2860488CBBA63BE296BBA62F;PA;São Félix do Xingu;Curso d'água natural de até 10 metros;Analisado, aguardando regularização ambiental (Lei nº 12.651/2012);AT;8,5796
PA-1507300-05EEDB3E82034510BB71F718BD4AF9E5;PA;São Félix do Xingu;Curso d'água natural de 10 a 50 metros;Analisado, aguardando atendimento a notificação;PE;0,3277
PA-1507300-07D6491CEB9440DB9D02D9B39D4707C9;PA;São Félix do Xingu;Curso d'água natural de 10 a 50 metros;Analisado, aguardando regularização ambiental (Lei nº 12.651/2012);AT;1,0455
PA-1507300-0FC2A0D883464B96970B484D802955A8;PA;São Félix do Xingu;Curso d'água natural de 10 a 50 metros;Analisado, aguardando regularização ambiental (Lei nº 12.651/2012);AT;6,7582
PA-1507300-1363B3F707BA4C7683123E62234DB7D4;PA;São Félix do Xingu;Curso d'água natural de 10 a 50 metros;Analisado, aguardando regularização ambiental (Lei nº 12.651/2012);AT;27,7714
PA-1507300-139FDFABE90D4DCF849FACDC515F5164;PA;São Félix do Xingu;Curso d'água natural de 10 a 50 metros;Analisado, aguardando atendimento a notificação;PE;9,5537
PA-1507300-159EEC44F4DD4540AB18D34FACAE6909;PA;São Félix do Xingu;Curso d'água natural de 10 a 50 metros;Analisado, aguardando atendimento a notificação;PE;3,7558
PA-1507300-16D577C1E15E47B38D84DA8F3B46E174;PA;São Félix do Xingu;Curso d'água natural de 10 a 50 metros;Analisado, aguardando regularização ambiental (Lei nº 12.651/2012);AT;65,4776
PA-1507300-25D4FE0E7AF14933AE77DD977A81C9BE;PA;São Félix do Xingu;Curso d'água natural de 10 a 50 metros;Aguardando análise;AT;1,7162
PA-1507300-2CE8DDEFC67048DCA34ECD1025EEF85B;PA;São Félix do Xingu;Curso d'água natural de 10 a 50 metros;Analisado, aguardando atendimento a notificação;PE;0,1352
PA-1507300-2DD80EF22CDF40E094CE07D0B997FD34;PA;São Félix do Xingu;Curso d'água natural de 10 a 50 metros;Aguardando análise;PE;26,7906
PA-1507300-2EED4AADB98D4D3E8D98BCE1775BD723;PA;São Félix do Xingu;Curso d'água natural de 10 a 50 metros;Analisado, aguardando atendimento a notificação;SU;0,0705
PA-1507300-2FD6494B0C8142AEB79945AA76966CB3;PA;São Félix do Xingu;Curso d'água natural de 10 a 50 metros;Aguardando análise;SU;15,7100
PA-1507300-3096C649B11144208DC41871DB5EBB61;PA;São Félix do Xingu;Curso d'água natural de 10 a 50 metros;Analisado, aguardando atendimento a notificação;PE;5,8897
PA-1507300-38A6C4DAF4DF43D8A00C7A93FB897B2E;PA;São Félix do Xingu;Curso d'água natural de 10 a 50 metros;Aguardando análise;PE;5,0181
PA-1507300-3BD47AEA432F4B36AB711FB305A0C1A0;PA;São Félix do Xingu;Curso d'água natural de 10 a 50 metros;Aguardando análise;PE;5,4183
PA-1507300-431299E33C4F4ABBBD1153289FFD5A5B;PA;São Félix do Xingu;Curso d'água natural de 10 a 50 metros;Analisado, aguardando atendimento a notificação;AT;21,7274
PA-1507300-4BB29A3508B546A2BACD057A07727C27;PA;São Félix do Xingu;Curso d'água natural de 10 a 50 metros;Analisado, aguardando atendimento a notificação;PE;1,0323
PA-1507300-4FCD20734E83461D810C94DC5D0797BB;PA;São Félix do Xingu;Curso d'água natural de 10 a 50 metros;Analisado, aguardando regularização ambiental (Lei nº 12.651/2012);AT;3,1995
PA-1507300-5336C03CA1AD4F9DAECD00D99ADBC248;PA;São Félix do Xingu;Curso d'água natural de 10 a 50 metros;Analisado, aguardando atendimento a notificação;PE;0,8220
PA-1507300-543DB4F70B1341879FE6EE60B9421059;PA;São Félix do Xingu;Curso d'água natural de 10 a 50 metros;Aguardando análise;PE;42,2866
PA-1507300-6A3B6C2903D6481390722DDC5D22AB42;PA;São Félix do Xingu;Curso d'água natural de 10 a 50 metros;Analisado, aguardando atendimento a notificação;PE;25,8613
PA-1507300-6B5EFCFE701A49BB9F926B5EE8B8A0FC;PA;São Félix do Xingu;Curso d'água natural de 10 a 50 metros;Analisado, aguardando atendimento a notificação;SU;14,3537
PA-1507300-6DCDCCF15E1D47CD8F242F38A3E228AA;PA;São Félix do Xingu;Curso d'água natural de 10 a 50 metros;Analisado, aguardando atendimento a notificação;PE;1,4591
PA-1507300-72026754CBA64BCCAD561A03FBF3D84A;PA;São Félix do Xingu;Curso d'água natural de 10 a 50 metros;Analisado, aguardando regularização ambiental (Lei nº 12.651/2012);AT;0,2413
PA-1507300-7A869D924B6849F3BBF4BD888BDE884E;PA;São Félix do Xingu;Curso d'água natural de 10 a 50 metros;Analisado, aguardando atendimento a notificação;PE;5,1140
PA-1507300-7C17D708BECC4B169DACC9B57A6CF6C9;PA;São Félix do Xingu;Curso d'água natural de 10 a 50 metros;Analisado, aguardando regularização ambiental (Lei nº 12.651/2012);AT;30,2507
PA-1507300-87AFBDE625FD413B9112A52AFC01E9F5;PA;São Félix do Xingu;Curso d'água natural de 10 a 50 metros;Aguardando análise;SU;10,3449
PA-1507300-98D0F92482C240C3A09A33835106DE16;PA;São Félix do Xingu;Curso d'água natural de 10 a 50 metros;Analisado, aguardando regularização ambiental (Lei nº 12.651/2012);AT;2,3011
PA-1507300-9ABE7411221445F68D853C74F2EB92AE;PA;São Félix do Xingu;Curso d'água natural de 10 a 50 metros;Aguardando análise;AT;53,1223
PA-1507300-A5F3FEE46181467599F77F5740D55D8D;PA;São Félix do Xingu;Curso d'água natural de 10 a 50 metros;Analisado, aguardando regularização ambiental (Lei nº 12.651/2012);AT;16,1129
PA-1507300-AA094C6511E24716ACB377E9EF27B20E;PA;São Félix do Xingu;Curso d'água natural de 10 a 50 metros;Aguardando análise;SU;13,3682
PA-1507300-AC951EE361AA4F6E9BDD1B1B3FD8564D;PA;São Félix do Xingu;Curso d'água natural de 10 a 50 metros;Analisado, aguardando atendimento a notificação;PE;5,6384
PA-1507300-B186A4CE0EEE433D97FF3391360A1C03;PA;São Félix do Xingu;Curso d'água natural de 10 a 50 metros;Analisado, aguardando regularização ambiental (Lei nº 12.651/2012);AT;7,8027
PA-1507300-BE440E10607E4EE99E2B87E4E181A055;PA;São Félix do Xingu;Curso d'água natural de 10 a 50 metros;Analisado, aguardando atendimento a notificação;PE;10,6915
PA-1507300-DF7DA2E374F84E149CDD91DFE4E4C407;PA;São Félix do Xingu;Curso d'água natural de 10 a 50 metros;Analisado, aguardando atendimento a notificação;AT;21,0147
PA-1507300-E0FEB63D0B904CDD882A399ED45801EB;PA;São Félix do Xingu;Curso d'água natural de 10 a 50 metros;Analisado, aguardando atendimento a notificação;PE;4,0175
PA-1507300-E2D20608F09C46A3BD1C33489B0B9429;PA;São Félix do Xingu;Curso d'água natural de 10 a 50 metros;Analisado, aguardando regularização ambiental (Lei nº 12.651/2012);AT;7,9850
PA-1507300-EA8FC5B76CA24807BDAA688B86C69D88;PA;São Félix do Xingu;Curso d'água natural de 10 a 50 metros;Analisado, aguardando atendimento a notificação;PE;0,7505
PA-1507300-EBB4B9B317C64486B843037ED84D65F0;PA;São Félix do Xingu;Curso d'água natural de 10 a 50 metros;Aguardando análise;AT;0,3791
PA-1507300-ED86BE49555C4083881EAF791A89CF09;PA;São Félix do Xingu;Curso d'água natural de 10 a 50 metros;Analisado, aguardando atendimento a notificação;AT;5,5426
PA-1507300-EEF755D769B74D1488D773A227DCA2F2;PA;São Félix do Xingu;Curso d'água natural de 10 a 50 metros;Analisado, aguardando regularização ambiental (Lei nº 12.651/2012);SU;11,1064
PA-1507300-F10BACF2B9314786A55570CF9CCA0921;PA;São Félix do Xingu;Curso d'água natural de 10 a 50 metros;Analisado, aguardando regularização ambiental (Lei nº 12.651/2012);AT;3,6435
PA-1507300-F8B5B3632F9A42F1AC2CDC84D80C96C2;PA;São Félix do Xingu;Curso d'água natural de 10 a 50 metros;Analisado, aguardando regularização ambiental (Lei nº 12.651/2012);AT;6,7610
PA-1507300-FEA2217952034585A5385FF0CED4B418;PA;São Félix do Xingu;Curso d'água natural de 10 a 50 metros;Aguardando análise;AT;4,3005
PA-1507300-A57B57B8724C4E2FA78EA3902EECC6E0;PA;São Félix do Xingu;Curso d'água natural de 50 a 200 metros;Analisado, aguardando atendimento a notificação;PE;0,9828
PA-1507300-64F2964F7A3847ABBA6A6636D1B396CB;PA;São Félix do Xingu;Curso d'água natural de 50 a 200 metros;Analisado, aguardando regularização ambiental (Lei nº 12.651/2012);AT;43,2462
PA-1507300-9A53CE2FD7804A589C553FFC9AAAAAB9;PA;São Félix do Xingu;Curso d'água natural de 50 a 200 metros;Analisado, aguardando regularização ambiental (Lei nº 12.651/2012);AT;85,1935
PA-1507300-9CF109037E4848E1B8EEF85B784ADD18;PA;São Félix do Xingu;Curso d'água natural de 50 a 200 metros;Analisado, aguardando atendimento a notificação;PE;21,3750
PA-1507300-5EC855625CC2414199DECC34CD71AFDD;PA;São Félix do Xingu;Curso d'água natural de 50 a 200 metros;Analisado, aguardando atendimento a notificação;PE;30,3372
PA-1507300-B71EB2973AD04CF7BE9EC237BC3E8C91;PA;São Félix do Xingu;Curso d'água natural de 50 a 200 metros;Analisado, aguardando atendimento a notificação;PE;16,1886
PA-1507300-A527CCF49F114BD0808286863C9D34AC;PA;São Félix do Xingu;Curso d'água natural de 50 a 200 metros;Analisado, aguardando regularização ambiental (Lei nº 12.651/2012);AT;12,1085
PA-1507300-F4D43ED2CA2D4A7DA7C8DA1C462FED51;PA;São Félix do Xingu;Curso d'água natural de 50 a 200 metros;Analisado sem pendências;AT;5,3081
PA-1507300-7814282CE28042199690FF5FCC3D13D5;PA;São Félix do Xingu;Curso d'água natural de 50 a 200 metros;Analisado sem pendências;AT;4,2522
PA-1507300-3F352025B0534CB0940B1FAAAAF373E9;PA;São Félix do Xingu;Curso d'água natural de 50 a 200 metros;Analisado, aguardando atendimento a notificação;PE;0,0577
PA-1507300-A7E2BAADC3F84A05BA32234394FCB991;PA;São Félix do Xingu;Curso d'água natural de 50 a 200 metros;Analisado, aguardando regularização ambiental (Lei nº 12.651/2012);AT;1,1002
PA-1507300-C85DAA446FA144128C0BDA5993854925;PA;São Félix do Xingu;Curso d'água natural de 50 a 200 metros;Analisado, aguardando regularização ambiental (Lei nº 12.651/2012);AT;3,6544
PA-1507300-8099D286798C448AB837F010FAD50C1C;PA;São Félix do Xingu;Curso d'água natural de 50 a 200 metros;Analisado, aguardando atendimento a notificação;PE;14,9829
PA-1507300-B7353559B20A422C86F9A22AB08AB3FE;PA;São Félix do Xingu;Curso d'água natural de 50 a 200 metros;Aguardando análise;PE;19,1574
PA-1507300-9E194269A98F4A5F9BDD3FB357DD2233;PA;São Félix do Xingu;Curso d'água natural de 50 a 200 metros;Analisado, aguardando regularização ambiental (Lei nº 12.651/2012);AT;2,4192
PA-1507300-6E1F11A27D2F47A5883F5D91DE70D2BF;PA;São Félix do Xingu;Curso d'água natural de 50 a 200 metros;Analisado, aguardando atendimento a notificação;PE;3,4631
PA-1507300-BF1693E70FE849D88526C7FE0F8F87AD;PA;São Félix do Xingu;Curso d'água natural de 50 a 200 metros;Aguardando análise;AT;13,8382
PA-1507300-23A9D94BBE9A402DBB7C43A4991AFD7B;PA;São Félix do Xingu;Curso d'água natural de 50 a 200 metros;Analisado, aguardando regularização ambiental (Lei nº 12.651/2012);AT;5,9066
PA-1507300-F8B5B3632F9A42F1AC2CDC84D80C96C2;PA;São Félix do Xingu;Curso d'água natural de 50 a 200 metros;Analisado, aguardando regularização ambiental (Lei nº 12.651/2012);AT;2,5123
PA-1507300-82AFE07CC9CC49BF9B952780DB53CEAD;PA;São Félix do Xingu;Curso d'água natural de 50 a 200 metros;Aguardando análise;PE;44,1104
PA-1507300-61DCB2C2C0864A0B856FC4F3DAB4248D;PA;São Félix do Xingu;Curso d'água natural de 50 a 200 metros;Analisado, aguardando regularização ambiental (Lei nº 12.651/2012);AT;2,1974
PA-1507300-FAC50FCAD8354D378DEF179249215C63;PA;São Félix do Xingu;Curso d'água natural de 50 a 200 metros;Analisado, aguardando regularização ambiental (Lei nº 12.651/2012);PE;217,5342
PA-1507300-74B1818D8F854281AE3A0599536ADFA2;PA;São Félix do Xingu;Curso d'água natural de 50 a 200 metros;Aguardando análise;PE;19,4702
PA-1507300-49A41C5A90D24788A149070525D5AB51;PA;São Félix do Xingu;Curso d'água natural de 50 a 200 metros;Analisado, aguardando atendimento a notificação;SU;7,9251
PA-1507300-C93E96DDE4234DE4AF1F1485D2054511;PA;São Félix do Xingu;Curso d'água natural de 200 a 600 metros;Analisado, aguardando atendimento a notificação;AT;15,5736
PA-1507300-A7CC6A7BF15E4FC99C1076D79F6051BD;PA;São Félix do Xingu;Curso d'água natural de 200 a 600 metros;Analisado, aguardando atendimento a notificação;PE;8,5417
PA-1507300-58BA0FFEA9EB45EA80B1B643AF0A65BA;PA;São Félix do Xingu;Curso d'água natural de 200 a 600 metros;Aguardando análise;PE;10,3994
PA-1507300-6183C4025C65427C8D7DE5E0C58B2812;PA;São Félix do Xingu;Curso d'água natural de 200 a 600 metros;Analisado, aguardando atendimento a notificação;PE;20,6369
PA-1507300-D2058465AF5540B68C2ECA6BBF7C0CB0;PA;São Félix do Xingu;Curso d'água natural de 200 a 600 metros;Analisado, aguardando regularização ambiental (Lei nº 12.651/2012);AT;360,7729
PA-1507300-6DA0267C34894A89B4D9BE82AD3F4059;PA;São Félix do Xingu;Curso d'água natural de 200 a 600 metros;Analisado, aguardando regularização ambiental (Lei nº 12.651/2012);AT;22,6259
PA-1507300-7BC62A10F22440868AA16E712C17BD38;PA;São Félix do Xingu;Curso d'água natural de 200 a 600 metros;Analisado sem pendências;AT;13,7641
PA-1507300-B84A24F0FBD443F08C1795DC5EF7CAC6;PA;São Félix do Xingu;Curso d'água natural de 200 a 600 metros;Analisado, aguardando atendimento a notificação;PE;33,8486
PA-1507300-8565E3CE75894AD3B9096A4DF1FE1C56;PA;São Félix do Xingu;Curso d'água natural de 200 a 600 metros;Analisado, aguardando regularização ambiental (Lei nº 12.651/2012);AT;67,3108
PA-1507300-47C56688D72441038AB5A14F77152D1C;PA;São Félix do Xingu;Curso d'água natural de 200 a 600 metros;Analisado, aguardando regularização ambiental (Lei nº 12.651/2012);AT;150,6581
PA-1507300-FE6CA6B7C94245F18AAFA07CFBA60355;PA;São Félix do Xingu;Curso d'água natural de 200 a 600 metros;Analisado, em conformidade com a Lei nº 12.651/2012;AT;27,0491
PA-1507300-5A53336B2CF84D31975C57F6A360BA58;PA;São Félix do Xingu;Curso d'água natural de 200 a 600 metros;Analisado, aguardando regularização ambiental (Lei nº 12.651/2012);AT;67,4737
PA-1507300-6184CEA5E012467F86DC0382DB83DF60;PA;São Félix do Xingu;Curso d'água natural de 200 a 600 metros;Analisado, aguardando regularização ambiental (Lei nº 12.651/2012);AT;46,1279
PA-1507300-46FD9D167BD640E8A7A1BF3848FC920E;PA;São Félix do Xingu;Curso d'água natural de 200 a 600 metros;Analisado, aguardando regularização ambiental (Lei nº 12.651/2012);AT;48,5353
PA-1507300-6AB34D6878E341C1B8852E0BB19F36A7;PA;São Félix do Xingu;Curso d'água natural de 200 a 600 metros;Analisado, aguardando atendimento a notificação;PE;115,2666
PA-1507300-4E389B27FDE847A0996286AB8840E2DF;PA;São Félix do Xingu;Curso d'água natural acima de 600 metros;Analisado sem pendências;AT;41,9131
PA-1507300-34A1D009E2754A78B86480A936622D73;PA;São Félix do Xingu;Curso d'água natural acima de 600 metros;Analisado, aguardando regularização ambiental (Lei nº 12.651/2012);AT;179,9111
PA-1507300-A6B2C6DCCA97441091C1C7EB89BA2B55;PA;São Félix do Xingu;Curso d'água natural acima de 600 metros;Analisado, aguardando regularização ambiental (Lei nº 12.651/2012);AT;278,2628
PA-1507300-2DD80EF22CDF40E094CE07D0B997FD34;PA;São Félix do Xingu;Curso d'água natural acima de 600 metros;Aguardando análise;PE;140,7506
PA-1507300-16B14DB6AF5A4892B81946C060CDB27A;PA;São Félix do Xingu;Curso d'água natural acima de 600 metros;Analisado, aguardando regularização ambiental (Lei nº 12.651/2012);AT;138,7735
PA-1507300-0FC2A0D883464B96970B484D802955A8;PA;São Félix do Xingu;Curso d'água natural acima de 600 metros;Analisado, aguardando regularização ambiental (Lei nº 12.651/2012);AT;53,3615
PA-1507300-C6D3405505A14262928D2CE42EDAFC79;PA;São Félix do Xingu;Curso d'água natural acima de 600 metros;Analisado, aguardando atendimento a notificação;SU;103,9738
PA-1507300-F586819B5A4847B0AF6C0F163F7E33B7;PA;São Félix do Xingu;Curso d'água natural acima de 600 metros;Analisado, aguardando regularização ambiental (Lei nº 12.651/2012);AT;4,7314
PA-1507300-6184CEA5E012467F86DC0382DB83DF60;PA;São Félix do Xingu;Curso d'água natural acima de 600 metros;Analisado, aguardando regularização ambiental (Lei nº 12.651/2012);AT;166,3677
PA-1507300-E50B8EECEFB541AB98A7CBCAE649F002;PA;São Félix do Xingu;Curso d'água natural acima de 600 metros;Analisado, aguardando regularização ambiental (Lei nº 12.651/2012);AT;45,6450
PA-1507300-812E768018BB493A95FF492BDAE5F1F6;PA;São Félix do Xingu;Curso d'água natural acima de 600 metros;Analisado, aguardando atendimento a notificação;PE;57,0725
PA-1507300-9B29CDF3A41D407DBDE2C626579B07DA;PA;São Félix do Xingu;Curso d'água natural acima de 600 metros;Analisado sem pendências;AT;85,4017
PA-1507300-AACA2CC537E447869ADB5849D597FAA1;PA;São Félix do Xingu;Curso d'água natural acima de 600 metros;Analisado sem pendências;AT;11,0482
PA-1507300-FAC50FCAD8354D378DEF179249215C63;PA;São Félix do Xingu;Curso d'água natural acima de 600 metros;Analisado, aguardando regularização ambiental (Lei nº 12.651/2012);PE;3327,5695
PA-1507300-D231E367A8ED4741892F3555B0FF683C;PA;São Félix do Xingu;Curso d'água natural acima de 600 metros;Analisado, aguardando regularização ambiental (Lei nº 12.651/2012);PE;199,6729
PA-1507300-A5A434E876D04F7882995425343ED917;PA;São Félix do Xingu;Curso d'água natural acima de 600 metros;Analisado, aguardando atendimento a notificação;SU;41,0272
PA-1507300-F05492E8C97E44FDB0E1093D1DFEC22F;PA;São Félix do Xingu;Curso d'água natural acima de 600 metros;Analisado, aguardando regularização ambiental (Lei nº 12.651/2012);PE;319,2438
PA-1507300-76EF839CFAB34A9CAA4643DA9D7D7F82;PA;São Félix do Xingu;Curso d'água natural acima de 600 metros;Analisado, aguardando atendimento a notificação;PE;51,8610
PA-1507300-220FB8D9BFDD4AABAF0FB241A2D76182;PA;São Félix do Xingu;Curso d'água natural acima de 600 metros;Aguardando análise;PE;43,1373
PA-1507300-46C44F3E73CF48068607DEB82E8CC01A;PA;São Félix do Xingu;Curso d'água natural acima de 600 metros;Aguardando análise;PE;1481,1434
PA-1507300-B28A2382C24942AD9BAFD7046A87BFA8;PA;São Félix do Xingu;Curso d'água natural acima de 600 metros;Analisado, aguardando regularização ambiental (Lei nº 12.651/2012);AT;330,4888
PA-1507300-CFBBD0CD3E224B7E8C39112644F848FC;PA;São Félix do Xingu;Curso d'água natural acima de 600 metros;Analisado, aguardando regularização ambiental (Lei nº 12.651/2012);AT;22,9704
PA-1507300-BF1693E70FE849D88526C7FE0F8F87AD;PA;São Félix do Xingu;Curso d'água natural acima de 600 metros;Aguardando análise;AT;1381,0015
PA-1507300-E5B99FEA737746478D3667CE71F6D085;PA;São Félix do Xingu;Curso d'água natural acima de 600 metros;Analisado, aguardando atendimento a notificação;PE;5,3056
PA-1507300-9ABE7411221445F68D853C74F2EB92AE;PA;São Félix do Xingu;Curso d'água natural acima de 600 metros;Aguardando análise;AT;406,7830
PA-1507300-0D6E74B62392498CB32D71CD9E47D5A1;PA;São Félix do Xingu;Curso d'água natural acima de 600 metros;Analisado, aguardando atendimento a notificação;PE;357,7880
PA-1507300-C5AB981FE8294A83ADFC698811B4A1A1;PA;São Félix do Xingu;Curso d'água natural acima de 600 metros;Em análise;PE;13,0263
PA-1507300-0BA38978557E488C954823039A254D0C;PA;São Félix do Xingu;Lago ou lagoa natural;Analisado, aguardando atendimento a notificação;PE;5,1881
PA-1507300-1363B3F707BA4C7683123E62234DB7D4;PA;São Félix do Xingu;Lago ou lagoa natural;Analisado, aguardando regularização ambiental (Lei nº 12.651/2012);AT;0,0975
PA-1507300-139FDFABE90D4DCF849FACDC515F5164;PA;São Félix do Xingu;Lago ou lagoa natural;Analisado, aguardando atendimento a notificação;PE;2,3810
PA-1507300-17C30FA869A848BD8B7C615879BF3310;PA;São Félix do Xingu;Lago ou lagoa natural;Analisado, aguardando atendimento a notificação;PE;0,3486
PA-1507300-275B4946CE0949B98B77AE586236797F;PA;São Félix do Xingu;Lago ou lagoa natural;Analisado, aguardando regularização ambiental (Lei nº 12.651/2012);AT;0,4056
PA-1507300-2DD80EF22CDF40E094CE07D0B997FD34;PA;São Félix do Xingu;Lago ou lagoa natural;Aguardando análise;PE;13,5283
PA-1507300-46FD9D167BD640E8A7A1BF3848FC920E;PA;São Félix do Xingu;Lago ou lagoa natural;Analisado, aguardando regularização ambiental (Lei nº 12.651/2012);AT;0,1814
PA-1507300-47C56688D72441038AB5A14F77152D1C;PA;São Félix do Xingu;Lago ou lagoa natural;Analisado, aguardando regularização ambiental (Lei nº 12.651/2012);AT;17,1270
PA-1507300-4C2E1A844CCA4C9B90BC5B4F47EE31B1;PA;São Félix do Xingu;Lago ou lagoa natural;Analisado, aguardando regularização ambiental (Lei nº 12.651/2012);PE;14,6931
PA-1507300-543DB4F70B1341879FE6EE60B9421059;PA;São Félix do Xingu;Lago ou lagoa natural;Aguardando análise;PE;9,8293
PA-1507300-5A53336B2CF84D31975C57F6A360BA58;PA;São Félix do Xingu;Lago ou lagoa natural;Analisado, aguardando regularização ambiental (Lei nº 12.651/2012);AT;4,0616
PA-1507300-5E862E94A875416EB202DD39BDFA47B3;PA;São Félix do Xingu;Lago ou lagoa natural;Analisado, aguardando atendimento a notificação;AT;0,0607
PA-1507300-65C6D65DB2884821B97CD8B6BBAD1E90;PA;São Félix do Xingu;Lago ou lagoa natural;Analisado, aguardando atendimento a notificação;AT;0,1369
PA-1507300-665AABDA92204ABC959FBE4AEB19E1B1;PA;São Félix do Xingu;Lago ou lagoa natural;Analisado, aguardando regularização ambiental (Lei nº 12.651/2012);AT;0,5804
PA-1507300-6EADADF1EFB34A82A76574DF9155AD7E;PA;São Félix do Xingu;Lago ou lagoa natural;Analisado, aguardando regularização ambiental (Lei nº 12.651/2012);AT;2,2420
PA-1507300-72026754CBA64BCCAD561A03FBF3D84A;PA;São Félix do Xingu;Lago ou lagoa natural;Analisado, aguardando regularização ambiental (Lei nº 12.651/2012);AT;15,6094
PA-1507300-78C4662272AC4053BD27907725D1A9C2;PA;São Félix do Xingu;Lago ou lagoa natural;Analisado sem pendências;AT;0,0916
PA-1507300-79D95124068048BAA0BF7DAD1B412022;PA;São Félix do Xingu;Lago ou lagoa natural;Analisado, aguardando regularização ambiental (Lei nº 12.651/2012);AT;0,5375
PA-1507300-91E356E3D0EF43FBA7DDC96FBC0FC352;PA;São Félix do Xingu;Lago ou lagoa natural;Analisado, aguardando atendimento a notificação;PE;22,5676
PA-1507300-9ABE7411221445F68D853C74F2EB92AE;PA;São Félix do Xingu;Lago ou lagoa natural;Aguardando análise;AT;33,7623
PA-1507300-9B02C794023144968904D73A3380C1DA;PA;São Félix do Xingu;Lago ou lagoa natural;Analisado, aguardando regularização ambiental (Lei nº 12.651/2012);PE;1,2827
PA-1507300-9C9B0473E42846A78DA54E0E0282A511;PA;São Félix do Xingu;Lago ou lagoa natural;Analisado, aguardando atendimento a notificação;PE;5,9240
PA-1507300-9CAEBF62FC3A49A1944DDA5C3486925A;PA;São Félix do Xingu;Lago ou lagoa natural;Analisado, aguardando atendimento a notificação;PE;4,0910
PA-1507300-A6B2C6DCCA97441091C1C7EB89BA2B55;PA;São Félix do Xingu;Lago ou lagoa natural;Analisado, aguardando regularização ambiental (Lei nº 12.651/2012);AT;24,0743
PA-1507300-AB85FCAE42F24CF6B529861F862425AA;PA;São Félix do Xingu;Lago ou lagoa natural;Analisado, aguardando regularização ambiental (Lei nº 12.651/2012);AT;0,0519
PA-1507300-AC9A0EF888C54664AD72E7FCBEDA7774;PA;São Félix do Xingu;Lago ou lagoa natural;Analisado, aguardando regularização ambiental (Lei nº 12.651/2012);AT;0,3643
PA-1507300-B0147FA1978C42B49551F9A3E7AE462A;PA;São Félix do Xingu;Lago ou lagoa natural;Analisado, aguardando atendimento a notificação;AT;0,7147
PA-1507300-B92F7B3AAA154DB58E59326C5021CC7F;PA;São Félix do Xingu;Lago ou lagoa natural;Analisado, aguardando regularização ambiental (Lei nº 12.651/2012);AT;0,2880
PA-1507300-BD0E030D7774449681A6739C79177EE6;PA;São Félix do Xingu;Lago ou lagoa natural;Analisado, aguardando regularização ambiental (Lei nº 12.651/2012);AT;1,3611
PA-1507300-C6CFEB9BFC1B4BD49174426BEC737C23;PA;São Félix do Xingu;Lago ou lagoa natural;Aguardando análise;PE;6,8047
PA-1507300-C8CA216AEBC94126BEF1B2C6096C1BAD;PA;São Félix do Xingu;Lago ou lagoa natural;Analisado, aguardando regularização ambiental (Lei nº 12.651/2012);AT;1,8912
PA-1507300-D0FE7C73606549849D1A1AD071F5CDA1;PA;São Félix do Xingu;Lago ou lagoa natural;Aguardando análise;AT;56,2233
PA-1507300-D88714E79F5346C29C803CD3A06EB819;PA;São Félix do Xingu;Lago ou lagoa natural;Analisado, aguardando atendimento a notificação;PE;0,4667
PA-1507300-D96CAA75EEC7414CABA6DFDC2FD37106;PA;São Félix do Xingu;Lago ou lagoa natural;Analisado, aguardando atendimento a notificação;PE;0,7528
PA-1507300-E2D20608F09C46A3BD1C33489B0B9429;PA;São Félix do Xingu;Lago ou lagoa natural;Analisado, aguardando regularização ambiental (Lei nº 12.651/2012);AT;5,2129
PA-1507300-E3C047466F254E4EAF2959135C3E4E9C;PA;São Félix do Xingu;Lago ou lagoa natural;Analisado, aguardando regularização ambiental (Lei nº 12.651/2012);AT;1,3736
PA-1507300-E4A017C065974707AD4D8517CB4A4383;PA;São Félix do Xingu;Lago ou lagoa natural;Analisado, aguardando regularização ambiental (Lei nº 12.651/2012);AT;0,3023
PA-1507300-E52C0CE13A9249149FD851CF00AD9B87;PA;São Félix do Xingu;Lago ou lagoa natural;Analisado, aguardando regularização ambiental (Lei nº 12.651/2012);PE;11,0937
PA-1507300-E763E491433841B39142B02C5E3FC7A4;PA;São Félix do Xingu;Lago ou lagoa natural;Analisado, aguardando regularização ambiental (Lei nº 12.651/2012);AT;0,3747
PA-1507300-EA0D77BAD3A94EC389E03961564E15CF;PA;São Félix do Xingu;Lago ou lagoa natural;Analisado, aguardando atendimento a notificação;PE;0,2462
PA-1507300-F05492E8C97E44FDB0E1093D1DFEC22F;PA;São Félix do Xingu;Lago ou lagoa natural;Analisado, aguardando regularização ambiental (Lei nº 12.651/2012);PE;2,1759
PA-1507300-F293CD17B5FE4D4682CB436FF5B136D0;PA;São Félix do Xingu;Lago ou lagoa natural;Analisado, aguardando regularização ambiental (Lei nº 12.651/2012);PE;39,1035
PA-1507300-F6B6F49B4DAD43CCA5E13F0A1F21F729;PA;São Félix do Xingu;Lago ou lagoa natural;Analisado, aguardando atendimento a notificação;PE;0,0752
PA-1507300-FEA2217952034585A5385FF0CED4B418;PA;São Félix do Xingu;Lago ou lagoa natural;Aguardando análise;AT;1,5013
PA-1507300-092D060FF2B44E95AC9DEDCDAAB5D6FF;PA;São Félix do Xingu;Reservatório artificial decorrente de barramento ou represamento de cursos d'água naturais;Analisado, aguardando regularização ambiental (Lei nº 12.651/2012);AT;3,9469
PA-1507300-099956F2B9A14D18B5AFC0211D3F2814;PA;São Félix do Xingu;Reservatório artificial decorrente de barramento ou represamento de cursos d'água naturais;Analisado, aguardando regularização ambiental (Lei nº 12.651/2012);AT;23,1482
PA-1507300-0B35A314855A4E4DB73F22DC47895143;PA;São Félix do Xingu;Reservatório artificial decorrente de barramento ou represamento de cursos d'água naturais;Analisado, aguardando regularização ambiental (Lei nº 12.651/2012);AT;0,8559
PA-1507300-1195567F422B431293E5DF2D0970D229;PA;São Félix do Xingu;Reservatório artificial decorrente de barramento ou represamento de cursos d'água naturais;Aguardando análise;AT;2,3021
PA-1507300-16D577C1E15E47B38D84DA8F3B46E174;PA;São Félix do Xingu;Reservatório artificial decorrente de barramento ou represamento de cursos d'água naturais;Analisado, aguardando regularização ambiental (Lei nº 12.651/2012);AT;4,2303
PA-1507300-18807CFFD25343C09540EA0AC630375B;PA;São Félix do Xingu;Reservatório artificial decorrente de barramento ou represamento de cursos d'água naturais;Analisado, aguardando regularização ambiental (Lei nº 12.651/2012);AT;2,3772
PA-1507300-1881D70F2E524180966329CDE0955A63;PA;São Félix do Xingu;Reservatório artificial decorrente de barramento ou represamento de cursos d'água naturais;Analisado, aguardando regularização ambiental (Lei nº 12.651/2012);AT;7,8176
PA-1507300-18E7948B2D294382917E560B93B1E341;PA;São Félix do Xingu;Reservatório artificial decorrente de barramento ou represamento de cursos d'água naturais;Analisado, aguardando atendimento a notificação;PE;1,5333
PA-1507300-192C9065AF0E4FD9A131C2F45E8F0AC8;PA;São Félix do Xingu;Reservatório artificial decorrente de barramento ou represamento de cursos d'água naturais;Analisado, aguardando regularização ambiental (Lei nº 12.651/2012);AT;0,1279
PA-1507300-1FCBAFD7ECA44697AFC959A17F5325E5;PA;São Félix do Xingu;Reservatório artificial decorrente de barramento ou represamento de cursos d'água naturais;Analisado, aguardando atendimento a notificação;AT;0,2091
PA-1507300-2012764C430B45FB956F59DC5D3D0622;PA;São Félix do Xingu;Reservatório artificial decorrente de barramento ou represamento de cursos d'água naturais;Analisado, aguardando regularização ambiental (Lei nº 12.651/2012);AT;4,8705
PA-1507300-21C2B9B9D4C848E3A678E540CB5EDCAF;PA;São Félix do Xingu;Reservatório artificial decorrente de barramento ou represamento de cursos d'água naturais;Analisado, aguardando regularização ambiental (Lei nº 12.651/2012);AT;0,0699
PA-1507300-241CEEB7685E476BB336028B48891798;PA;São Félix do Xingu;Reservatório artificial decorrente de barramento ou represamento de cursos d'água naturais;Aguardando análise;AT;0,7013
PA-1507300-360EC77057D743C0987C5E6F768E35F6;PA;São Félix do Xingu;Reservatório artificial decorrente de barramento ou represamento de cursos d'água naturais;Analisado sem pendências;AT;0,0401
PA-1507300-460C4A283E6547FDAFE420F185DEF87D;PA;São Félix do Xingu;Reservatório artificial decorrente de barramento ou represamento de cursos d'água naturais;Analisado, aguardando regularização ambiental (Lei nº 12.651/2012);AT;0,0433
PA-1507300-46C44F3E73CF48068607DEB82E8CC01A;PA;São Félix do Xingu;Reservatório artificial decorrente de barramento ou represamento de cursos d'água naturais;Aguardando análise;PE;0,3601
PA-1507300-4ADC789942F44F9780ED9F60F6D41E2B;PA;São Félix do Xingu;Reservatório artificial decorrente de barramento ou represamento de cursos d'água naturais;Analisado, em conformidade com a Lei nº 12.651/2012;AT;3,4010
PA-1507300-4DFBC55F52E54C6C955637937CFD33DD;PA;São Félix do Xingu;Reservatório artificial decorrente de barramento ou represamento de cursos d'água naturais;Analisado, aguardando regularização ambiental (Lei nº 12.651/2012);AT;0,1284
PA-1507300-4E0A0D0FBB1240C8B175D90845812A1B;PA;São Félix do Xingu;Reservatório artificial decorrente de barramento ou represamento de cursos d'água naturais;Analisado, aguardando atendimento a notificação;PE;0,1738
PA-1507300-4E2D81EE25CF434EB2396A8E6423750E;PA;São Félix do Xingu;Reservatório artificial decorrente de barramento ou represamento de cursos d'água naturais;Analisado, aguardando atendimento a notificação;PE;0,1832
PA-1507300-4FCD20734E83461D810C94DC5D0797BB;PA;São Félix do Xingu;Reservatório artificial decorrente de barramento ou represamento de cursos d'água naturais;Analisado, aguardando regularização ambiental (Lei nº 12.651/2012);AT;7,0055
PA-1507300-51620307993A40908A1DBD5269023F45;PA;São Félix do Xingu;Reservatório artificial decorrente de barramento ou represamento de cursos d'água naturais;Analisado, aguardando regularização ambiental (Lei nº 12.651/2012);AT;0,1737
PA-1507300-56A35276E41F43809DBFFE9E90C3DB19;PA;São Félix do Xingu;Reservatório artificial decorrente de barramento ou represamento de cursos d'água naturais;Analisado, aguardando regularização ambiental (Lei nº 12.651/2012);PE;2,6545
PA-1507300-570BB63ED7A349AE8541C0AAF3E8CAAC;PA;São Félix do Xingu;Reservatório artificial decorrente de barramento ou represamento de cursos d'água naturais;Analisado, aguardando regularização ambiental (Lei nº 12.651/2012);AT;5,6725
PA-1507300-5839CE64C13E430BBE733616551B6DEF;PA;São Félix do Xingu;Reservatório artificial decorrente de barramento ou represamento de cursos d'água naturais;Analisado, aguardando regularização ambiental (Lei nº 12.651/2012);AT;3,4840
PA-1507300-72026754CBA64BCCAD561A03FBF3D84A;PA;São Félix do Xingu;Reservatório artificial decorrente de barramento ou represamento de cursos d'água naturais;Analisado, aguardando regularização ambiental (Lei nº 12.651/2012);AT;0,3455
PA-1507300-7C8AC2A81B5D48E3AAD49A95CF1D6499;PA;São Félix do Xingu;Reservatório artificial decorrente de barramento ou represamento de cursos d'água naturais;Analisado, aguardando regularização ambiental (Lei nº 12.651/2012);AT;1,0359
PA-1507300-82E8F303047D470887CD7DB1A562E287;PA;São Félix do Xingu;Reservatório artificial decorrente de barramento ou represamento de cursos d'água naturais;Analisado, aguardando atendimento a notificação;PE;0,4888
PA-1507300-8C0F31AA90E4404A91797A592269D7F5;PA;São Félix do Xingu;Reservatório artificial decorrente de barramento ou represamento de cursos d'água naturais;Analisado, aguardando atendimento a notificação;PE;0,8896
PA-1507300-958DDA846B0C4AE38138914DDEC8DE16;PA;São Félix do Xingu;Reservatório artificial decorrente de barramento ou represamento de cursos d'água naturais;Aguardando análise;AT;4,3930
PA-1507300-9901EBCA5441474798569446F8BE9F41;PA;São Félix do Xingu;Reservatório artificial decorrente de barramento ou represamento de cursos d'água naturais;Analisado, aguardando regularização ambiental (Lei nº 12.651/2012);AT;1,8623
PA-1507300-9A53CE2FD7804A589C553FFC9AAAAAB9;PA;São Félix do Xingu;Reservatório artificial decorrente de barramento ou represamento de cursos d'água naturais;Analisado, aguardando regularização ambiental (Lei nº 12.651/2012);AT;1,5858
PA-1507300-9B8386865D9B4129BCBFEE51F6CBC649;PA;São Félix do Xingu;Reservatório artificial decorrente de barramento ou represamento de cursos d'água naturais;Analisado, aguardando atendimento a notificação;PE;0,4436
PA-1507300-9FAAC8A6C5E047878034612A18D59222;PA;São Félix do Xingu;Reservatório artificial decorrente de barramento ou represamento de cursos d'água naturais;Analisado, aguardando regularização ambiental (Lei nº 12.651/2012);AT;0,3794
PA-1507300-A63E1340C8374FFDA0AF6A448AAC0841;PA;São Félix do Xingu;Reservatório artificial decorrente de barramento ou represamento de cursos d'água naturais;Analisado sem pendências;AT;1,7771
PA-1507300-AA094C6511E24716ACB377E9EF27B20E;PA;São Félix do Xingu;Reservatório artificial decorrente de barramento ou represamento de cursos d'água naturais;Aguardando análise;SU;3,8005
PA-1507300-ADA7FDD42C164320A7F07DE90111F5C7;PA;São Félix do Xingu;Reservatório artificial decorrente de barramento ou represamento de cursos d'água naturais;Analisado, aguardando regularização ambiental (Lei nº 12.651/2012);AT;4,6879
PA-1507300-B58EA700F2C34EFCBAAD3C5830E1F2C0;PA;São Félix do Xingu;Reservatório artificial decorrente de barramento ou represamento de cursos d'água naturais;Analisado, aguardando atendimento a notificação;PE;0,5897
PA-1507300-B92F7B3AAA154DB58E59326C5021CC7F;PA;São Félix do Xingu;Reservatório artificial decorrente de barramento ou represamento de cursos d'água naturais;Analisado, aguardando regularização ambiental (Lei nº 12.651/2012);AT;2,7823
PA-1507300-C5A4D023DCC348EAA74E6E2CBC56030B;PA;São Félix do Xingu;Reservatório artificial decorrente de barramento ou represamento de cursos d'água naturais;Analisado, aguardando regularização ambiental (Lei nº 12.651/2012);AT;1,1518
PA-1507300-CC535FF7656A401FB575A3E0DEACDA1A;PA;São Félix do Xingu;Reservatório artificial decorrente de barramento ou represamento de cursos d'água naturais;Analisado, aguardando regularização ambiental (Lei nº 12.651/2012);AT;1,1253
PA-1507300-CF5DAE245F1146F2B3A4D0514AD37E82;PA;São Félix do Xingu;Reservatório artificial decorrente de barramento ou represamento de cursos d'água naturais;Analisado, aguardando atendimento a notificação;PE;0,2055
PA-1507300-D93E982285F442FF981887FD6C3CBB72;PA;São Félix do Xingu;Reservatório artificial decorrente de barramento ou represamento de cursos d'água naturais;Analisado, aguardando regularização ambiental (Lei nº 12.651/2012);AT;0,1816
PA-1507300-DC2CAB7545604E0091C68F632B4AA82C;PA;São Félix do Xingu;Reservatório artificial decorrente de barramento ou represamento de cursos d'água naturais;Analisado, aguardando regularização ambiental (Lei nº 12.651/2012);AT;13,8380
PA-1507300-DC522728B6B74A1B8DFCAC34AA1C14C2;PA;São Félix do Xingu;Reservatório artificial decorrente de barramento ou represamento de cursos d'água naturais;Analisado, aguardando atendimento a notificação;PE;0,1278
PA-1507300-E5199A3D4AFF4409A6D9D5DF7E03CA2B;PA;São Félix do Xingu;Reservatório artificial decorrente de barramento ou represamento de cursos d'água naturais;Analisado, aguardando atendimento a notificação;PE;2,7746
PA-1507300-EA0B24AF84804881BB1726C3B540A6E2;PA;São Félix do Xingu;Reservatório artificial decorrente de barramento ou represamento de cursos d'água naturais;Analisado, aguardando atendimento a notificação;PE;0,5642
PA-1507300-EA0D77BAD3A94EC389E03961564E15CF;PA;São Félix do Xingu;Reservatório artificial decorrente de barramento ou represamento de cursos d'água naturais;Analisado, aguardando atendimento a notificação;PE;1,6510
PA-1507300-EA501C7BC9634B399E1A05B020EEF19F;PA;São Félix do Xingu;Reservatório artificial decorrente de barramento ou represamento de cursos d'água naturais;Analisado, aguardando regularização ambiental (Lei nº 12.651/2012);AT;0,0749
PA-1507300-EBB4B9B317C64486B843037ED84D65F0;PA;São Félix do Xingu;Reservatório artificial decorrente de barramento ou represamento de cursos d'água naturais;Aguardando análise;AT;1,5993
PA-1507300-ED89C10A48054615954616A722FD82CF;PA;São Félix do Xingu;Reservatório artificial decorrente de barramento ou represamento de cursos d'água naturais;Analisado, aguardando atendimento a notificação;PE;0,1991
PA-1507300-EFC6A09025A94B62818A2518E85A3821;PA;São Félix do Xingu;Reservatório artificial decorrente de barramento ou represamento de cursos d'água naturais;Analisado, aguardando atendimento a notificação;PE;4,4272
PA-1507300-F4A128B41853460B98235C361588164A;PA;São Félix do Xingu;Reservatório artificial decorrente de barramento ou represamento de cursos d'água naturais;Analisado, aguardando regularização ambiental (Lei nº 12.651/2012);AT;2,6601
PA-1507300-F607EF8A49E94E62AA8E06B2A34B082A;PA;São Félix do Xingu;Reservatório artificial decorrente de barramento ou represamento de cursos d'água naturais;Analisado, aguardando atendimento a notificação;PE;7,9975
PA-1507300-FC1B3355748E4D058021298FEF894B51;PA;São Félix do Xingu;Reservatório artificial decorrente de barramento ou represamento de cursos d'água naturais;Analisado, aguardando regularização ambiental (Lei nº 12.651/2012);AT;0,5682
PA-1507300-FF7DE25C2860488CBBA63BE296BBA62F;PA;São Félix do Xingu;Reservatório artificial decorrente de barramento ou represamento de cursos d'água naturais;Analisado, aguardando regularização ambiental (Lei nº 12.651/2012);AT;0,9670
PA-1507300-00978510F2454ECE8743CDABEA7C321D;PA;São Félix do Xingu;Curso d'água natural de até 10 metros;Analisado, aguardando atendimento a notificação;PE;1,9440
PA-1507300-00A529CBEB024BE0A0CB93FBB4018625;PA;São Félix do Xingu;Curso d'água natural de até 10 metros;Analisado, aguardando atendimento a notificação;PE;1,3594
PA-1507300-00C23A72864A488EA9FA3A9CC65F63AE;PA;São Félix do Xingu;Curso d'água natural de até 10 metros;Aguardando análise;PE;3,5495
PA-1507300-010DF1F4C81C482BA5370F141F3EF54E;PA;São Félix do Xingu;Curso d'água natural de até 10 metros;Analisado, aguardando atendimento a notificação;PE;0,0439
PA-1507300-0132DB388B764C8DB46F27315E49119F;PA;São Félix do Xingu;Curso d'água natural de até 10 metros;Analisado, aguardando atendimento a notificação;PE;0,1334
PA-1507300-01B7D5B6744F46949F1861068E9E0C99;PA;São Félix do Xingu;Curso d'água natural de até 10 metros;Analisado, aguardando atendimento a notificação;SU;0,3758
PA-1507300-01C74FF823C0460F819C900ADCA1B42F;PA;São Félix do Xingu;Curso d'água natural de até 10 metros;Analisado, aguardando atendimento a notificação;PE;0,2253
PA-1507300-01EAF1BF3850497C84A568C4ABCC8AA6;PA;São Félix do Xingu;Curso d'água natural de até 10 metros;Analisado, aguardando atendimento a notificação;PE;0,1656
PA-1507300-0220749994D64ABF9C86D6463D332B2F;PA;São Félix do Xingu;Curso d'água natural de até 10 metros;Analisado, aguardando atendimento a notificação;PE;0,0632
PA-1507300-024CA8E952284838B288EBA30A436DEB;PA;São Félix do Xingu;Curso d'água natural de até 10 metros;Aguardando análise;PE;2,0808
PA-1507300-027DC9942526453686A7FD8FAD088594;PA;São Félix do Xingu;Curso d'água natural de até 10 metros;Analisado, aguardando atendimento a notificação;PE;2,1978
PA-1507300-0328A6AF3D8C4E77B78962E0E691855A;PA;São Félix do Xingu;Curso d'água natural de até 10 metros;Analisado, aguardando atendimento a notificação;PE;0,0877
PA-1507300-03692FA35C9941EE86D690E5EE110E0F;PA;São Félix do Xingu;Curso d'água natural de até 10 metros;Analisado, aguardando atendimento a notificação;PE;1,1835
PA-1507300-039F0407C4CC44799D0317A6AF1FB347;PA;São Félix do Xingu;Curso d'água natural de até 10 metros;Analisado, aguardando atendimento a notificação;PE;39,2578
PA-1507300-03A57201DB4C46A3B88368438297DFF3;PA;São Félix do Xingu;Curso d'água natural de até 10 metros;Analisado, aguardando atendimento a notificação;PE;0,1330
PA-1507300-03CDCE07BFE24A318D46587969E2F0DB;PA;São Félix do Xingu;Curso d'água natural de até 10 metros;Analisado, aguardando atendimento a notificação;PE;0,2279
PA-1507300-0438BFB46C714B17B0016E7ABA996822;PA;São Félix do Xingu;Curso d'água natural de até 10 metros;Analisado, aguardando atendimento a notificação;PE;6,1112
PA-1507300-04407CD598D84BD18C157EFCF3BEA478;PA;São Félix do Xingu;Curso d'água natural de até 10 metros;Analisado, aguardando regularização ambiental (Lei nº 12.651/2012);AT;15,8655
PA-1507300-046202486647468BBC5DFEB9C8ED0A45;PA;São Félix do Xingu;Curso d'água natural de até 10 metros;Analisado, aguardando atendimento a notificação;PE;0,2036
PA-1507300-0484C2C9FBC043DBA50AB7F596466132;PA;São Félix do Xingu;Curso d'água natural de até 10 metros;Analisado, aguardando atendimento a notificação;PE;1,2202
PA-1507300-04AFC9BBB4484217BA8C5BE01317BAD0;PA;São Félix do Xingu;Curso d'água natural de até 10 metros;Analisado, aguardando regularização ambiental (Lei nº 12.651/2012);AT;2,4324
PA-1507300-059850F54B744DB6BC5D02C53732F131;PA;São Félix do Xingu;Curso d'água natural de até 10 metros;Analisado, aguardando regularização ambiental (Lei nº 12.651/2012);AT;0,4880
PA-1507300-059E30B351564B39BA141C880B497870;PA;São Félix do Xingu;Curso d'água natural de até 10 metros;Analisado, aguardando atendimento a notificação;PE;1,2413
PA-1507300-05FD1C47AB0046D7B6C1DF04AB11787F;PA;São Félix do Xingu;Curso d'água natural de até 10 metros;Analisado, aguardando atendimento a notificação;PE;0,9283
PA-1507300-0603207E7A4F466AA2659025A3D761AC;PA;São Félix do Xingu;Curso d'água natural de até 10 metros;Analisado, aguardando atendimento a notificação;PE;0,4310
PA-1507300-0635280EA79A4667AEE75B56362FA1C2;PA;São Félix do Xingu;Curso d'água natural de até 10 metros;Aguardando análise;PE;5,3246
PA-1507300-0669DFA793634E56B0259496F51C828B;PA;São Félix do Xingu;Curso d'água natural de até 10 metros;Analisado, aguardando regularização ambiental (Lei nº 12.651/2012);AT;0,5879
PA-1507300-069239577FE5450290126281DA0A0F8F;PA;São Félix do Xingu;Curso d'água natural de até 10 metros;Analisado, aguardando regularização ambiental (Lei nº 12.651/2012);AT;3,1870
PA-1507300-06C74484678746FEB273DEED81416BF5;PA;São Félix do Xingu;Curso d'água natural de até 10 metros;Analisado, aguardando atendimento a notificação;PE;0,1540
PA-1507300-06E4408C70FF446BAC38FAC81F56F6C5;PA;São Félix do Xingu;Curso d'água natural de até 10 metros;Analisado, aguardando atendimento a notificação;SU;0,4310
PA-1507300-06EC3467E2FE4C009B2D4C4B715FF9FA;PA;São Félix do Xingu;Curso d'água natural de até 10 metros;Analisado, aguardando atendimento a notificação;PE;6,0784
PA-1507300-073F41CEA69D435ABF811B75E81D1056;PA;São Félix do Xingu;Curso d'água natural de até 10 metros;Analisado, aguardando atendimento a notificação;PE;0,2736
PA-1507300-075C697C81A4491697DFBFE964216E65;PA;São Félix do Xingu;Curso d'água natural de até 10 metros;Aguardando análise;PE;9,7112
PA-1507300-07708AC27D584EA39754246BDD326DD2;PA;São Félix do Xingu;Curso d'água natural de até 10 metros;Analisado, aguardando atendimento a notificação;PE;0,1099
PA-1507300-078E78CE5AF941CF828D0BD9AA34EF85;PA;São Félix do Xingu;Curso d'água natural de até 10 metros;Analisado, aguardando atendimento a notificação;PE;4,1902
PA-1507300-07B6DAF691654BA999D4A55374E6AB57;PA;São Félix do Xingu;Curso d'água natural de até 10 metros;Analisado, aguardando atendimento a notificação;PE;0,4416
PA-1507300-07D4B6EF52BE453B871041444E3B6837;PA;São Félix do Xingu;Curso d'água natural de até 10 metros;Analisado, aguardando regularização ambiental (Lei nº 12.651/2012);AT;0,3645
PA-1507300-07E5F7DF5C1841BCA53FB36975B4B53F;PA;São Félix do Xingu;Curso d'água natural de até 10 metros;Analisado, aguardando atendimento a notificação;SU;0,0860
PA-1507300-07FFF390589E4248BD2322DF9818356B;PA;São Félix do Xingu;Curso d'água natural de até 10 metros;Analisado, aguardando atendimento a notificação;PE;8,2848
PA-1507300-082A0BBA9BED4D93A4AB70DEAD95F799;PA;São Félix do Xingu;Curso d'água natural de até 10 metros;Aguardando análise;PE;9,0070
PA-1507300-08504EE772014277B45FC09066629DFD;PA;São Félix do Xingu;Curso d'água natural de até 10 metros;Analisado, aguardando atendimento a notificação;PE;0,0200
PA-1507300-08804499F27C4E63B00F8E99D57A9603;PA;São Félix do Xingu;Curso d'água natural de até 10 metros;Analisado, aguardando atendimento a notificação;PE;0,7730
PA-1507300-08A9F8313C8043FF930664577FACA4FD;PA;São Félix do Xingu;Curso d'água natural de até 10 metros;Analisado, aguardando regularização ambiental (Lei nº 12.651/2012);AT;11,2249
PA-1507300-090F0D87506E43C0B2A6A77D466A276D;PA;São Félix do Xingu;Curso d'água natural de até 10 metros;Analisado, aguardando atendimento a notificação;PE;0,1033
PA-1507300-096BEFE107854C4CA301E49EFB00DB70;PA;São Félix do Xingu;Curso d'água natural de até 10 metros;Aguardando análise;AT;0,1506
PA-1507300-096CCB2729E747CEADD6C700EAC856B5;PA;São Félix do Xingu;Curso d'água natural de até 10 metros;Analisado, aguardando atendimento a notificação;PE;0,1788
PA-1507300-099303446AE4476E8651E94FF931F5A8;PA;São Félix do Xingu;Curso d'água natural de até 10 metros;Analisado, aguardando regularização ambiental (Lei nº 12.651/2012);AT;0,7633
PA-1507300-09A29CE91CBA4DD7A25D553C8FD94454;PA;São Félix do Xingu;Curso d'água natural de até 10 metros;Analisado, aguardando atendimento a notificação;PE;0,1809
PA-1507300-09A8EF48EF1B40A4BB025A04531CE2F9;PA;São Félix do Xingu;Curso d'água natural de até 10 metros;Analisado, aguardando atendimento a notificação;PE;0,1464
PA-1507300-09AB4658EAAB4F12B1812DA703956B5F;PA;São Félix do Xingu;Curso d'água natural de até 10 metros;Analisado, aguardando regularização ambiental (Lei nº 12.651/2012);AT;11,6796
PA-1507300-0A10EEFF9A124AD7B8D365701A6D4DC2;PA;São Félix do Xingu;Curso d'água natural de até 10 metros;Analisado, aguardando atendimento a notificação;PE;0,1236
PA-1507300-0A3875B5E02B48BFB789511F3931831F;PA;São Félix do Xingu;Curso d'água natural de até 10 metros;Analisado, aguardando atendimento a notificação;PE;0,0849
PA-1507300-0A53D767C64241F1A0A23542DBA1F4E4;PA;São Félix do Xingu;Curso d'água natural de até 10 metros;Analisado, aguardando atendimento a notificação;PE;0,4290
PA-1507300-0A68FBDE504D43868EB9B43D14700257;PA;São Félix do Xingu;Curso d'água natural de até 10 metros;Analisado, aguardando atendimento a notificação;PE;0,2457
PA-1507300-0A730A490C954EC899448BA4D891F031;PA;São Félix do Xingu;Curso d'água natural de até 10 metros;Analisado, aguardando atendimento a notificação;PE;0,4541
PA-1507300-0A94519E44C7463DADA80DA21FF8E3F4;PA;São Félix do Xingu;Curso d'água natural de até 10 metros;Analisado sem pendências;AT;0,6665
PA-1507300-0A98D52D819942169645CFBE2CD4343E;PA;São Félix do Xingu;Curso d'água natural de até 10 metros;Analisado, aguardando atendimento a notificação;PE;3,3110
PA-1507300-0AB11CCF9B6A407B8C5F096B07509ADF;PA;São Félix do Xingu;Curso d'água natural de até 10 metros;Aguardando análise;AT;3,7395
PA-1507300-0B21172379B745AB82F6F78FB6DFE7A0;PA;São Félix do Xingu;Curso d'água natural de até 10 metros;Analisado, aguardando atendimento a notificação;PE;0,3763
PA-1507300-0B24CE148C7143F5880C212BF84BE1D4;PA;São Félix do Xingu;Curso d'água natural de até 10 metros;Analisado, aguardando regularização ambiental (Lei nº 12.651/2012);AT;4,9318
PA-1507300-0B33D6DE17DF4DFCBDAD61D670D10D27;PA;São Félix do Xingu;Curso d'água natural de até 10 metros;Analisado, aguardando atendimento a notificação;PE;0,1244
PA-1507300-0B60B2F56C1041A4946D02B9C82C8E92;PA;São Félix do Xingu;Curso d'água natural de até 10 metros;Aguardando análise;PE;0,5084
PA-1507300-0BBE8E5FE3CA43ABAF3FE2DCAFF630E3;PA;São Félix do Xingu;Curso d'água natural de até 10 metros;Aguardando análise;PE;3,4804
PA-1507300-0BDDB077EFE3440BB003B712A7D53448;PA;São Félix do Xingu;Curso d'água natural de até 10 metros;Analisado, aguardando atendimento a notificação;PE;0,0858
PA-1507300-0BEF4632B522497E9644B87490E97A64;PA;São Félix do Xingu;Curso d'água natural de até 10 metros;Analisado, aguardando atendimento a notificação;SU;4,1747
PA-1507300-0C10FF18631C4B1E80D5D182840E8CBF;PA;São Félix do Xingu;Curso d'água natural de até 10 metros;Analisado, aguardando atendimento a notificação;PE;0,0564
PA-1507300-0C17A50F3B174480A4465B96BAAF2A76;PA;São Félix do Xingu;Curso d'água natural de até 10 metros;Analisado, aguardando atendimento a notificação;PE;0,8227
PA-1507300-0C4A4A3F61FA48AA853E1F66B20F2F68;PA;São Félix do Xingu;Curso d'água natural de até 10 metros;Analisado, aguardando atendimento a notificação;PE;0,0169
PA-1507300-0C563402AF764314B2E847FD725E4323;PA;São Félix do Xingu;Curso d'água natural de até 10 metros;Analisado, aguardando atendimento a notificação;PE;0,7714
PA-1507300-0C680BB8E5CA45E8B32E7BB463EDE99D;PA;São Félix do Xingu;Curso d'água natural de até 10 metros;Analisado, aguardando regularização ambiental (Lei nº 12.651/2012);AT;0,7341
PA-1507300-0C832F3B52CB4DACAD354933FBFE7985;PA;São Félix do Xingu;Curso d'água natural de até 10 metros;Aguardando análise;PE;0,3489
PA-1507300-0CC8FEE3AE3B4FC18E3C694983D88B90;PA;São Félix do Xingu;Curso d'água natural de até 10 metros;Analisado, aguardando atendimento a notificação;PE;0,6310
PA-1507300-0CE5D2EB294D478285D3A38D7BB982CC;PA;São Félix do Xingu;Curso d'água natural de até 10 metros;Aguardando análise;AT;0,0515
PA-1507300-0CFE188582754F9F9F184061C8E81E12;PA;São Félix do Xingu;Curso d'água natural de até 10 metros;Analisado, aguardando atendimento a notificação;PE;0,5076
PA-1507300-0D1A6B3BB2E044A18B91F671E2D53EDB;PA;São Félix do Xingu;Curso d'água natural de até 10 metros;Aguardando análise;PE;0,5936
PA-1507300-0D2538DF9C5A47019B31715EDB8DFF63;PA;São Félix do Xingu;Curso d'água natural de até 10 metros;Analisado, aguardando atendimento a notificação;PE;0,8908
PA-1507300-0D55277220174BF88429ED923E544579;PA;São Félix do Xingu;Curso d'água natural de até 10 metros;Analisado, aguardando atendimento a notificação;PE;1,2729
PA-1507300-0D67C49BC5D74B96A9775E497BFB3141;PA;São Félix do Xingu;Curso d'água natural de até 10 metros;Analisado, aguardando atendimento a notificação;PE;0,0814
PA-1507300-0D8EA6E6E6CC4589AFAFFB84204A01FA;PA;São Félix do Xingu;Curso d'água natural de até 10 metros;Analisado, aguardando atendimento a notificação;PE;0,5151
PA-1507300-0DA167DD2FD04F4E909B88CD0F32F375;PA;São Félix do Xingu;Curso d'água natural de até 10 metros;Analisado, aguardando atendimento a notificação;AT;0,4861
PA-1507300-0DC2F82892154864897E23EA436D8662;PA;São Félix do Xingu;Curso d'água natural de até 10 metros;Analisado, aguardando atendimento a notificação;PE;0,5193
PA-1507300-0DCBF09124CB4FD18C48BC7F8C7A93BD;PA;São Félix do Xingu;Curso d'água natural de até 10 metros;Analisado, aguardando atendimento a notificação;PE;0,1258
PA-1507300-0DF62F4945FC4BB0944C7A69E8B753FC;PA;São Félix do Xingu;Curso d'água natural de até 10 metros;Analisado, aguardando atendimento a notificação;PE;0,0355
PA-1507300-0DF8E8DBE2EB47379647EF2AB5F378EB;PA;São Félix do Xingu;Curso d'água natural de até 10 metros;Analisado, aguardando atendimento a notificação;PE;3,0142
PA-1507300-0E2953FA680B4EEA83FD312106BF96A5;PA;São Félix do Xingu;Curso d'água natural de até 10 metros;Aguardando análise;PE;0,5445
PA-1507300-0E4850A9A3234421A2AF5A8410959AD6;PA;São Félix do Xingu;Curso d'água natural de até 10 metros;Aguardando análise;PE;2,5747
PA-1507300-0F03C6FD17A94FCFAC7AA2C8AA570F89;PA;São Félix do Xingu;Curso d'água natural de até 10 metros;Analisado, aguardando atendimento a notificação;PE;3,8365
PA-1507300-0F60E05B3F054E06A181221BC16D4443;PA;São Félix do Xingu;Curso d'água natural de até 10 metros;Analisado, aguardando atendimento a notificação;PE;0,0103
PA-1507300-0F711DF53C104167B87A11A4B6E530EB;PA;São Félix do Xingu;Curso d'água natural de até 10 metros;Analisado, aguardando atendimento a notificação;PE;1,5564
PA-1507300-0F900BFB5D1D45A993ECB52F007A0B3D;PA;São Félix do Xingu;Curso d'água natural de até 10 metros;Analisado, aguardando regularização ambiental (Lei nº 12.651/2012);AT;2,3021
PA-1507300-0FAA549ECE6243A58675D5346721FEC4;PA;São Félix do Xingu;Curso d'água natural de até 10 metros;Analisado, aguardando regularização ambiental (Lei nº 12.651/2012);AT;0,2684
PA-1507300-1008234635CB48318D73B9FDB30EC67F;PA;São Félix do Xingu;Curso d'água natural de até 10 metros;Analisado, aguardando atendimento a notificação;SU;0,1123
PA-1507300-100F9D91CA7843A7A474B976D778D222;PA;São Félix do Xingu;Curso d'água natural de até 10 metros;Aguardando análise;PE;0,9276
PA-1507300-1056F8EF3BDC45DE8EA62982EB536988;PA;São Félix do Xingu;Curso d'água natural de até 10 metros;Analisado, aguardando atendimento a notificação;PE;0,1250
PA-1507300-10A101DD34F3462189E9D311D3F7D131;PA;São Félix do Xingu;Curso d'água natural de até 10 metros;Analisado, aguardando atendimento a notificação;SU;2,8301
PA-1507300-10A94D8236AF4FC382A399C529DCD7ED;PA;São Félix do Xingu;Curso d'água natural de até 10 metros;Aguardando análise;PE;2,8393
PA-1507300-1102AF98F5E145AA89CE281D469673C5;PA;São Félix do Xingu;Curso d'água natural de até 10 metros;Analisado, aguardando atendimento a notificação;PE;0,1406
PA-1507300-11373BA2C875418EA6D16475B4E6F3DB;PA;São Félix do Xingu;Curso d'água natural de até 10 metros;Analisado, aguardando atendimento a notificação;PE;0,1083
PA-1507300-113A9F09B2F24C3581B9D038699450CD;PA;São Félix do Xingu;Curso d'água natural de até 10 metros;Analisado, aguardando atendimento a notificação;SU;3,1745
PA-1507300-1156420409174522ADD403271010CB1D;PA;São Félix do Xingu;Curso d'água natural de até 10 metros;Analisado, aguardando atendimento a notificação;PE;0,1952
PA-1507300-11678CD6FAB24B90A48E7670D582C942;PA;São Félix do Xingu;Curso d'água natural de até 10 metros;Analisado, aguardando regularização ambiental (Lei nº 12.651/2012);AT;19,8008
PA-1507300-119BE55FF25C4BC2B1C00C9FC677B0BC;PA;São Félix do Xingu;Curso d'água natural de até 10 metros;Analisado, aguardando atendimento a notificação;PE;1,1875
PA-1507300-1213803DA65146DEBB603C5850DF2A02;PA;São Félix do Xingu;Curso d'água natural de até 10 metros;Analisado, aguardando atendimento a notificação;PE;0,0526
PA-1507300-121EA92BC1DB40D9898FC54306178405;PA;São Félix do Xingu;Curso d'água natural de até 10 metros;Aguardando análise;AT;0,2331
PA-1507300-124CFFB8CD0748A5B2826F1B0A2E3764;PA;São Félix do Xingu;Curso d'água natural de até 10 metros;Analisado, aguardando regularização ambiental (Lei nº 12.651/2012);PE;3,8907
PA-1507300-12A03753BAD744358F079D2A17FA13E4;PA;São Félix do Xingu;Curso d'água natural de até 10 metros;Analisado, aguardando atendimento a notificação;PE;0,1086
PA-1507300-12A6AA239CEC4002892250966E1BB9E3;PA;São Félix do Xingu;Curso d'água natural de até 10 metros;Analisado, aguardando atendimento a notificação;PE;0,0133
PA-1507300-130CDC41F6C7436EBA18EB867A5C6B8A;PA;São Félix do Xingu;Curso d'água natural de até 10 metros;Analisado, aguardando atendimento a notificação;AT;0,4698
PA-1507300-131C3CC06BA64024B23D074283214352;PA;São Félix do Xingu;Curso d'água natural de até 10 metros;Analisado, aguardando atendimento a notificação;PE;0,2046
PA-1507300-13A6E4E0324B46C68C478CE64D04A639;PA;São Félix do Xingu;Curso d'água natural de até 10 metros;Analisado, aguardando atendimento a notificação;PE;3,8212
PA-1507300-13A979B041114292A6A04765A8E813A9;PA;São Félix do Xingu;Curso d'água natural de até 10 metros;Analisado, aguardando atendimento a notificação;PE;0,2227
PA-1507300-13AD568472C847CEA8233FCA42348816;PA;São Félix do Xingu;Curso d'água natural de até 10 metros;Aguardando análise;AT;2,4951
PA-1507300-13D6287E36494B099E6B9097B64C41F9;PA;São Félix do Xingu;Curso d'água natural de até 10 metros;Analisado, aguardando atendimento a notificação;PE;0,2761
PA-1507300-13F271DB92234CFD8EE82CAD01FF73B5;PA;São Félix do Xingu;Curso d'água natural de até 10 metros;Analisado, aguardando atendimento a notificação;PE;0,9417
PA-1507300-14108F5BC6BF41F7A28FFDC9D57BEAAA;PA;São Félix do Xingu;Curso d'água natural de até 10 metros;Analisado, aguardando atendimento a notificação;PE;0,1722
PA-1507300-1412F106E5394F2A8E2E29F95E340B2D;PA;São Félix do Xingu;Curso d'água natural de até 10 metros;Analisado, aguardando atendimento a notificação;SU;0,1241
PA-1507300-142CA17FC49D49A1B09EF3BC3A61D5CE;PA;São Félix do Xingu;Curso d'água natural de até 10 metros;Analisado, aguardando atendimento a notificação;PE;0,0409
PA-1507300-1436DBA0B921409187B9224E6CCCC6C5;PA;São Félix do Xingu;Curso d'água natural de até 10 metros;Analisado, aguardando regularização ambiental (Lei nº 12.651/2012);AT;1,3985
PA-1507300-149CC49865754ADCA3F409CBDD19D1B5;PA;São Félix do Xingu;Curso d'água natural de até 10 metros;Aguardando análise;PE;1,4399
PA-1507300-14E558553A4F4413B564A918DECC2606;PA;São Félix do Xingu;Curso d'água natural de até 10 metros;Analisado, aguardando atendimento a notificação;PE;0,0566
PA-1507300-159D3FFDEA1D4CF98FAAA8575A50F3DF;PA;São Félix do Xingu;Curso d'água natural de até 10 metros;Analisado, aguardando atendimento a notificação;PE;0,2157
PA-1507300-15B9A24169FA4563BEE679B29EECDD07;PA;São Félix do Xingu;Curso d'água natural de até 10 metros;Analisado, aguardando atendimento a notificação;PE;0,1395
PA-1507300-15BD4CC7928B46F5B781C871E6C0A614;PA;São Félix do Xingu;Curso d'água natural de até 10 metros;Analisado, aguardando regularização ambiental (Lei nº 12.651/2012);AT;26,2203
PA-1507300-15E184F215074F26BAE9D220631282B8;PA;São Félix do Xingu;Curso d'água natural de até 10 metros;Analisado, aguardando atendimento a notificação;PE;0,0357
PA-1507300-15E7D69ABCDE4B0D84E5025D63E537A7;PA;São Félix do Xingu;Curso d'água natural de até 10 metros;Analisado sem pendências;AT;0,3705
PA-1507300-160109FCC0474057BF0D4A2F99DCB39B;PA;São Félix do Xingu;Curso d'água natural de até 10 metros;Analisado, aguardando atendimento a notificação;AT;0,8585
PA-1507300-16017E53CBB3467D8889CC0A43D5157F;PA;São Félix do Xingu;Curso d'água natural de até 10 metros;Aguardando análise;PE;4,1809
PA-1507300-1602542FC0984E139DF842FC8DE09FCD;PA;São Félix do Xingu;Curso d'água natural de até 10 metros;Analisado, aguardando regularização ambiental (Lei nº 12.651/2012);AT;0,1583
PA-1507300-16812CCE7E4340A78D0DF2DDF89944EF;PA;São Félix do Xingu;Curso d'água natural de até 10 metros;Analisado, aguardando regularização ambiental (Lei nº 12.651/2012);AT;0,7458
PA-1507300-16FA07C7F1AD457381B3CE2830810CCF;PA;São Félix do Xingu;Curso d'água natural de até 10 metros;Analisado, aguardando regularização ambiental (Lei nº 12.651/2012);AT;0,8451
PA-1507300-1745B421904F4BE2B18DE406B7E171FE;PA;São Félix do Xingu;Curso d'água natural de até 10 metros;Analisado, aguardando atendimento a notificação;PE;0,0115
PA-1507300-1756EE0BD96F42419618667569C478D2;PA;São Félix do Xingu;Curso d'água natural de até 10 metros;Analisado, aguardando regularização ambiental (Lei nº 12.651/2012);PE;0,8323
PA-1507300-17BFAC72521C4B08BE93EE97E53451A6;PA;São Félix do Xingu;Curso d'água natural de até 10 metros;Analisado, aguardando atendimento a notificação;PE;0,0801
PA-1507300-17D013B2237247E3AD6CB049BD4AF3ED;PA;São Félix do Xingu;Curso d'água natural de até 10 metros;Analisado, aguardando atendimento a notificação;PE;0,3147
PA-1507300-180F56A295924D64817ECB0D5A2CAE51;PA;São Félix do Xingu;Curso d'água natural de até 10 metros;Analisado, aguardando atendimento a notificação;PE;0,6092
PA-1507300-181DD43473CB4C71A4408F6013ECBED9;PA;São Félix do Xingu;Curso d'água natural de até 10 metros;Analisado, aguardando regularização ambiental (Lei nº 12.651/2012);AT;0,6267
PA-1507300-18643B0AEF09446EB16E5E9E244B2BA2;PA;São Félix do Xingu;Curso d'água natural de até 10 metros;Analisado, aguardando regularização ambiental (Lei nº 12.651/2012);AT;2,6958
PA-1507300-1869099378FE41ECA5F889261014EC77;PA;São Félix do Xingu;Curso d'água natural de até 10 metros;Analisado, aguardando regularização ambiental (Lei nº 12.651/2012);AT;0,7203
PA-1507300-18BDEEA4A6674DE89AA15746C043676D;PA;São Félix do Xingu;Curso d'água natural de até 10 metros;Em análise;PE;6,9558
PA-1507300-18C03E6A7A33423EA9E4CF82BDEC010A;PA;São Félix do Xingu;Curso d'água natural de até 10 metros;Aguardando análise;PE;6,0508
PA-1507300-1949C837F49E4C878F29D36C720A1E60;PA;São Félix do Xingu;Curso d'água natural de até 10 metros;Analisado, aguardando regularização ambiental (Lei nº 12.651/2012);AT;0,8470
PA-1507300-1966856ED9D14848A52E918AB1FD409D;PA;São Félix do Xingu;Curso d'água natural de até 10 metros;Analisado, aguardando atendimento a notificação;PE;2,1733
PA-1507300-1969AF1F1F494C22999E749AEF224B83;PA;São Félix do Xingu;Curso d'água natural de até 10 metros;Analisado, aguardando atendimento a notificação;PE;0,3846
PA-1507300-1A1B3EFCDB22474B9F55221B47457188;PA;São Félix do Xingu;Curso d'água natural de até 10 metros;Analisado, aguardando atendimento a notificação;PE;0,1640
PA-1507300-1A35A948E18B4AA78E18048ED73845D0;PA;São Félix do Xingu;Curso d'água natural de até 10 metros;Analisado, aguardando regularização ambiental (Lei nº 12.651/2012);AT;2,0192
PA-1507300-1AA961F519784E85B0205CCB9604B1F9;PA;São Félix do Xingu;Curso d'água natural de até 10 metros;Analisado, aguardando regularização ambiental (Lei nº 12.651/2012);AT;1,5261
PA-1507300-1AB1275D55AF4ED88DE7CB00387D35AB;PA;São Félix do Xingu;Curso d'água natural de até 10 metros;Analisado, aguardando atendimento a notificação;PE;1,0819
PA-1507300-1ACB799931CB4580B752FA135070A281;PA;São Félix do Xingu;Curso d'água natural de até 10 metros;Analisado, aguardando atendimento a notificação;AT;0,7838
PA-1507300-1AD8CA466B534C55AC0FE1028932B006;PA;São Félix do Xingu;Curso d'água natural de até 10 metros;Analisado, aguardando atendimento a notificação;PE;0,3385
PA-1507300-1AE6F1EDB18C46EEA4D9126B17013971;PA;São Félix do Xingu;Curso d'água natural de até 10 metros;Aguardando análise;AT;11,4394
PA-1507300-1AE7AA900D8F4D31A2EA0E06697D43D8;PA;São Félix do Xingu;Curso d'água natural de até 10 metros;Analisado, aguardando regularização ambiental (Lei nº 12.651/2012);AT;10,1854
PA-1507300-1B8964FE88814B70B690D730F82E7A53;PA;São Félix do Xingu;Curso d'água natural de até 10 metros;Analisado, aguardando regularização ambiental (Lei nº 12.651/2012);AT;9,7052
PA-1507300-1B9300BCEE6D4A9AA66AC140B1035DD8;PA;São Félix do Xingu;Curso d'água natural de até 10 metros;Analisado sem pendências;AT;0,6129
PA-1507300-1BEF489FD6574C3AB8AC772875B8622C;PA;São Félix do Xingu;Curso d'água natural de até 10 metros;Analisado, aguardando atendimento a notificação;PE;0,2230
PA-1507300-1BFF4CF6BBBC4BED814F7AC3A3037524;PA;São Félix do Xingu;Curso d'água natural de até 10 metros;Analisado, aguardando regularização ambiental (Lei nº 12.651/2012);AT;1,5911
PA-1507300-1C1E158628E248ACA47BFFECF8C3B02E;PA;São Félix do Xingu;Curso d'água natural de até 10 metros;Aguardando análise;SU;22,3383
PA-1507300-1C47717D70DD4E0DAEA246A3DCFCA5BA;PA;São Félix do Xingu;Curso d'água natural de até 10 metros;Analisado, aguardando atendimento a notificação;PE;2,1530
PA-1507300-1C4A068F7E594D7A97794702618D5374;PA;São Félix do Xingu;Curso d'água natural de até 10 metros;Analisado, aguardando atendimento a notificação;PE;0,6030
PA-1507300-1C570A4309EF4867A5F226B73BA066D0;PA;São Félix do Xingu;Curso d'água natural de até 10 metros;Analisado, aguardando atendimento a notificação;PE;0,2756
PA-1507300-1C88AD8B6D004A46B633439D99BBDB8E;PA;São Félix do Xingu;Curso d'água natural de até 10 metros;Analisado, aguardando atendimento a notificação;PE;0,5039
PA-1507300-1CC44C71DF854B1B9A6C8D2738F16240;PA;São Félix do Xingu;Curso d'água natural de até 10 metros;Analisado, aguardando atendimento a notificação;PE;0,0285
PA-1507300-1CEFA44B2A2C40B5B2603DF9DCE1BF09;PA;São Félix do Xingu;Curso d'água natural de até 10 metros;Aguardando análise;PE;0,3347
PA-1507300-1D00D48DFFD64B25BB1A3B6D6D3A68E2;PA;São Félix do Xingu;Curso d'água natural de até 10 metros;Analisado, aguardando atendimento a notificação;SU;2,0408
PA-1507300-1D053A67D52D4D438EC8B865B8B4E9F3;PA;São Félix do Xingu;Curso d'água natural de até 10 metros;Analisado, aguardando regularização ambiental (Lei nº 12.651/2012);AT;6,3382
PA-1507300-1D06A0DBCB1543A78C1B4CD7602A5022;PA;São Félix do Xingu;Curso d'água natural de até 10 metros;Analisado, aguardando atendimento a notificação;PE;1,0514
PA-1507300-1D35EA55DB3C4232B728A8848EEFB363;PA;São Félix do Xingu;Curso d'água natural de até 10 metros;Analisado, aguardando atendimento a notificação;PE;0,0909
PA-1507300-1D527AE5312B43BDA4185A9D2BBD44ED;PA;São Félix do Xingu;Curso d'água natural de até 10 metros;Analisado, aguardando atendimento a notificação;PE;0,2212
PA-1507300-1D67BEACA7F249AA96EA8AE551BC4094;PA;São Félix do Xingu;Curso d'água natural de até 10 metros;Analisado, aguardando atendimento a notificação;PE;0,1825
PA-1507300-1D7C4D4238374307A76CC9CF60006EC1;PA;São Félix do Xingu;Curso d'água natural de até 10 metros;Analisado, aguardando atendimento a notificação;SU;0,3516
PA-1507300-1DB2E9976B02487FA8BAE5C287451987;PA;São Félix do Xingu;Curso d'água natural de até 10 metros;Aguardando análise;SU;2,9711
PA-1507300-1E16A4C935C34A2BBBC6A93427209625;PA;São Félix do Xingu;Curso d'água natural de até 10 metros;Analisado, aguardando atendimento a notificação;PE;0,2390
PA-1507300-1E21D6E8189D450E960624D897B84305;PA;São Félix do Xingu;Curso d'água natural de até 10 metros;Aguardando análise;PE;0,5793
PA-1507300-1E36E7768D934BDBBB32D599EE6677B6;PA;São Félix do Xingu;Curso d'água natural de até 10 metros;Aguardando análise;PE;0,0640
PA-1507300-1E8C56D46A8A44A7981C76A7ED6E2170;PA;São Félix do Xingu;Curso d'água natural de até 10 metros;Analisado, aguardando atendimento a notificação;PE;1,3582
PA-1507300-1E99C547F1414D3EA5C4011FF2588D64;PA;São Félix do Xingu;Curso d'água natural de até 10 metros;Analisado, aguardando atendimento a notificação;PE;6,2540
PA-1507300-1EA1A22AAC144C3BAB5D37B87A15CB17;PA;São Félix do Xingu;Curso d'água natural de até 10 metros;Analisado, aguardando atendimento a notificação;PE;0,2718
PA-1507300-1ED3F958341E45D2B788C4375C3D4B91;PA;São Félix do Xingu;Curso d'água natural de até 10 metros;Analisado, aguardando regularização ambiental (Lei nº 12.651/2012);AT;3,1905
PA-1507300-1EDC6E4A05404DF0A4099EA76853BC98;PA;São Félix do Xingu;Curso d'água natural de até 10 metros;Analisado, aguardando atendimento a notificação;PE;0,0670
PA-1507300-1EE0AC625865496881EF0C2F50EAADB0;PA;São Félix do Xingu;Curso d'água natural de até 10 metros;Analisado, aguardando atendimento a notificação;PE;0,0533
PA-1507300-1EF5A941379B47A2B5B293B15AD61C83;PA;São Félix do Xingu;Curso d'água natural de até 10 metros;Analisado, aguardando atendimento a notificação;SU;0,3492
PA-1507300-1F38A82E5B154A6591705F69FC8C2F0D;PA;São Félix do Xingu;Curso d'água natural de até 10 metros;Analisado, aguardando atendimento a notificação;PE;0,1823
PA-1507300-1F4D6705696B4A008F0585526FD2D606;PA;São Félix do Xingu;Curso d'água natural de até 10 metros;Analisado, aguardando regularização ambiental (Lei nº 12.651/2012);AT;1,3024
PA-1507300-1F705EE2241449D4BF211FC1DC184EE4;PA;São Félix do Xingu;Curso d'água natural de até 10 metros;Analisado, aguardando atendimento a notificação;PE;0,2424
PA-1507300-1F73D8C9FEFB418097CE809633D6FC4C;PA;São Félix do Xingu;Curso d'água natural de até 10 metros;Analisado, aguardando atendimento a notificação;PE;0,0441
PA-1507300-1FB080DA59C845FFB8002AAB6B305870;PA;São Félix do Xingu;Curso d'água natural de até 10 metros;Analisado, aguardando atendimento a notificação;PE;0,0461
PA-1507300-1FC8A95B4C3E4D62B1B653002883BDE8;PA;São Félix do Xingu;Curso d'água natural de até 10 metros;Analisado, aguardando atendimento a notificação;AT;2,4974
PA-1507300-1FF1106A6E714E18843585FF386715D9;PA;São Félix do Xingu;Curso d'água natural de até 10 metros;Aguardando análise;PE;1,7847
PA-1507300-200743E2786E4ECABCEEFAD8E82C9D23;PA;São Félix do Xingu;Curso d'água natural de até 10 metros;Analisado, aguardando atendimento a notificação;PE;0,1229
PA-1507300-203731636B8844398DA207678E075976;PA;São Félix do Xingu;Curso d'água natural de até 10 metros;Analisado, aguardando atendimento a notificação;PE;0,0686
PA-1507300-203749A665B14D63B1404D25F020F60B;PA;São Félix do Xingu;Curso d'água natural de até 10 metros;Analisado, aguardando regularização ambiental (Lei nº 12.651/2012);AT;4,1351
PA-1507300-208B6F05D11647328F3C8088098690E0;PA;São Félix do Xingu;Curso d'água natural de até 10 metros;Analisado, aguardando atendimento a notificação;PE;5,4374
PA-1507300-208D54A4C67643D6AEB0BC0507BAF70F;PA;São Félix do Xingu;Curso d'água natural de até 10 metros;Analisado, aguardando atendimento a notificação;PE;0,6234
PA-1507300-20A2D08FEE424C26A92A18BF0578E2C5;PA;São Félix do Xingu;Curso d'água natural de até 10 metros;Analisado, aguardando atendimento a notificação;PE;0,5055
PA-1507300-20B21AC6EE5845F8889125361C186145;PA;São Félix do Xingu;Curso d'água natural de até 10 metros;Aguardando análise;AT;6,6501
PA-1507300-20E6871200244213BF9875A257C0E1AD;PA;São Félix do Xingu;Curso d'água natural de até 10 metros;Analisado, aguardando atendimento a notificação;PE;0,3647
PA-1507300-211C6D0AFCF54085AB971A0F37E5284C;PA;São Félix do Xingu;Curso d'água natural de até 10 metros;Analisado, aguardando atendimento a notificação;PE;0,4846
PA-1507300-2140559A8C1B405CAFF22F36D590AE1A;PA;São Félix do Xingu;Curso d'água natural de até 10 metros;Analisado, aguardando atendimento a notificação;PE;0,1452
PA-1507300-214FF138E0E348E29DF6D4F7B5C613DB;PA;São Félix do Xingu;Curso d'água natural de até 10 metros;Aguardando análise;PE;64,6942
PA-1507300-21775A87FFB740F5AFA2BB9EB1627A0E;PA;São Félix do Xingu;Curso d'água natural de até 10 metros;Analisado, aguardando atendimento a notificação;PE;0,4375
PA-1507300-2207706E948F408C94CF22B903D1C526;PA;São Félix do Xingu;Curso d'água natural de até 10 metros;Analisado, aguardando atendimento a notificação;PE;3,2052
PA-1507300-225B67DB776747E28DA234B442AD352D;PA;São Félix do Xingu;Curso d'água natural de até 10 metros;Analisado, aguardando atendimento a notificação;PE;0,2441
PA-1507300-2261B1E16B38406E9C5FA29017A83BFA;PA;São Félix do Xingu;Curso d'água natural de até 10 metros;Analisado, aguardando atendimento a notificação;PE;0,1005
PA-1507300-22640CB6D12A49B2852B629DF7CF915D;PA;São Félix do Xingu;Curso d'água natural de até 10 metros;Analisado, aguardando regularização ambiental (Lei nº 12.651/2012);AT;1,3703
PA-1507300-226828135D6B43BC8253CB11405AC732;PA;São Félix do Xingu;Curso d'água natural de até 10 metros;Aguardando análise;PE;0,2686
PA-1507300-22A95C26AE9B4AEFABC71D8AEB30F923;PA;São Félix do Xingu;Curso d'água natural de até 10 metros;Aguardando análise;AT;0,2791
PA-1507300-22D45790968F47BC9D17E77B44011279;PA;São Félix do Xingu;Curso d'água natural de até 10 metros;Analisado, aguardando atendimento a notificação;PE;0,4692
PA-1507300-237F5A0340944049ABEB89498F383403;PA;São Félix do Xingu;Curso d'água natural de até 10 metros;Analisado, aguardando atendimento a notificação;PE;0,0442
PA-1507300-23BDEA101B844B71950B993D544F7E44;PA;São Félix do Xingu;Curso d'água natural de até 10 metros;Analisado, aguardando regularização ambiental (Lei nº 12.651/2012);AT;44,7338
PA-1507300-23D2B2EA0D924880B3CF06A5A32EDEA9;PA;São Félix do Xingu;Curso d'água natural de até 10 metros;Analisado, aguardando regularização ambiental (Lei nº 12.651/2012);AT;2,0361
PA-1507300-242CE819C8554E92A5EE9208A0D93C01;PA;São Félix do Xingu;Curso d'água natural de até 10 metros;Analisado, aguardando regularização ambiental (Lei nº 12.651/2012);PE;0,2517
PA-1507300-2436209CA9FC481293DE6A3213E31890;PA;São Félix do Xingu;Curso d'água natural de até 10 metros;Analisado, aguardando atendimento a notificação;PE;0,1573
PA-1507300-24365AFAAD3B44A1A172DF29A20656E8;PA;São Félix do Xingu;Curso d'água natural de até 10 metros;Analisado, aguardando atendimento a notificação;PE;0,1021
PA-1507300-2491C613BC5747B082284410946370A4;PA;São Félix do Xingu;Curso d'água natural de até 10 metros;Analisado, aguardando atendimento a notificação;PE;0,0745
PA-1507300-24A8F268F13A41A4ABFBD199D9F34A14;PA;São Félix do Xingu;Curso d'água natural de até 10 metros;Analisado, aguardando atendimento a notificação;PE;2,9355
PA-1507300-250D58C3646D46DEB7FAA44F4293ACC5;PA;São Félix do Xingu;Curso d'água natural de até 10 metros;Aguardando análise;PE;0,4374
PA-1507300-2533DC3E9A464A6098BA97D25D72818C;PA;São Félix do Xingu;Curso d'água natural de até 10 metros;Analisado, aguardando atendimento a notificação;SU;11,2603
PA-1507300-25528130B2424AE283B75E87D878C3A3;PA;São Félix do Xingu;Curso d'água natural de até 10 metros;Analisado, aguardando atendimento a notificação;PE;0,0457
PA-1507300-258AD7E653C7421C82F5610CFE0C3F97;PA;São Félix do Xingu;Curso d'água natural de até 10 metros;Analisado, aguardando atendimento a notificação;PE;0,3769
PA-1507300-25B5F700E1A3431E8B08ED59DD734145;PA;São Félix do Xingu;Curso d'água natural de até 10 metros;Aguardando análise;PE;0,0383
PA-1507300-26411A723FF5425E9EFB28ADDFB5B6B6;PA;São Félix do Xingu;Curso d'água natural de até 10 metros;Analisado sem pendências;AT;0,0071
PA-1507300-2665203B59F9414D9C651B88F8308A59;PA;São Félix do Xingu;Curso d'água natural de até 10 metros;Analisado, aguardando atendimento a notificação;PE;1,1255
PA-1507300-2693D56E73324DF2B91F01FBD0D2B599;PA;São Félix do Xingu;Curso d'água natural de até 10 metros;Analisado, aguardando atendimento a notificação;PE;1,3354
PA-1507300-26994CE212914592AF7011C4C31212D5;PA;São Félix do Xingu;Curso d'água natural de até 10 metros;Analisado, aguardando atendimento a notificação;PE;0,5661
PA-1507300-26CAA55C64F34259BF76CB3D8AC8E35A;PA;São Félix do Xingu;Curso d'água natural de até 10 metros;Analisado, aguardando atendimento a notificação;PE;0,1359
PA-1507300-26F92D6407094DDF81FE369D5C85BDB0;PA;São Félix do Xingu;Curso d'água natural de até 10 metros;Analisado, aguardando atendimento a notificação;SU;0,8325
PA-1507300-273453F51F1F43449FF7BF8F429ED408;PA;São Félix do Xingu;Curso d'água natural de até 10 metros;Analisado, aguardando atendimento a notificação;PE;0,5481
PA-1507300-277A805B389A41D0AAF8F2931FFBBDED;PA;São Félix do Xingu;Curso d'água natural de até 10 metros;Analisado, aguardando atendimento a notificação;PE;0,2797
PA-1507300-279C4934A17E46DE8B3C8EB6F13C73F9;PA;São Félix do Xingu;Curso d'água natural de até 10 metros;Analisado, aguardando atendimento a notificação;PE;0,7674
PA-1507300-279C5F813FF3451EBF31F584BDAD3691;PA;São Félix do Xingu;Curso d'água natural de até 10 metros;Analisado, aguardando atendimento a notificação;PE;0,0514
PA-1507300-27A8176A12DA471BBE0CF7CF4EA4FF52;PA;São Félix do Xingu;Curso d'água natural de até 10 metros;Analisado, aguardando atendimento a notificação;PE;0,1516
PA-1507300-284A189B8FF54BCA9D5D0719F61D0D3D;PA;São Félix do Xingu;Curso d'água natural de até 10 metros;Analisado, aguardando atendimento a notificação;PE;0,1157
PA-1507300-285F77416D014A799B3DAAEF88C8EC19;PA;São Félix do Xingu;Curso d'água natural de até 10 metros;Analisado, aguardando atendimento a notificação;SU;1,4068
PA-1507300-290E947D2EE54ECA891453104AF260C8;PA;São Félix do Xingu;Curso d'água natural de até 10 metros;Analisado, aguardando atendimento a notificação;AT;2,6119
PA-1507300-292A5F0B4FA349FFBF194FA5713ECFA6;PA;São Félix do Xingu;Curso d'água natural de até 10 metros;Analisado, aguardando atendimento a notificação;PE;0,0686
PA-1507300-295BBFEFE9DB4C57B2829C1597F32EAB;PA;São Félix do Xingu;Curso d'água natural de até 10 metros;Analisado, aguardando atendimento a notificação;AT;0,0467
PA-1507300-297B423ED4C9491A9B17F06805FA1306;PA;São Félix do Xingu;Curso d'água natural de até 10 metros;Analisado, aguardando atendimento a notificação;AT;4,1110
PA-1507300-298B12F3C6164A2EB518D7AD69D74456;PA;São Félix do Xingu;Curso d'água natural de até 10 metros;Analisado, aguardando atendimento a notificação;SU;0,0962
PA-1507300-29CA8F8CD6FD4DE6B61C4611BF5DBA20;PA;São Félix do Xingu;Curso d'água natural de até 10 metros;Analisado, aguardando atendimento a notificação;AT;0,1063
PA-1507300-29DFEC7988024E9DA923EDE0598463B8;PA;São Félix do Xingu;Curso d'água natural de até 10 metros;Analisado, aguardando atendimento a notificação;PE;0,2272
PA-1507300-2A5958D2337845628EFD2CF19E43EF9E;PA;São Félix do Xingu;Curso d'água natural de até 10 metros;Analisado, aguardando atendimento a notificação;AT;1,3174
PA-1507300-2A5E0D5A7B0743F981AB10F45EC9629D;PA;São Félix do Xingu;Curso d'água natural de até 10 metros;Analisado, aguardando atendimento a notificação;PE;0,0816
PA-1507300-2AAE85D8C65A4FC6A3DD5EB529B309DA;PA;São Félix do Xingu;Curso d'água natural de até 10 metros;Analisado, aguardando atendimento a notificação;PE;1,0341
PA-1507300-2AD4691D42E649C196F23CFE16279FD5;PA;São Félix do Xingu;Curso d'água natural de até 10 metros;Analisado, aguardando atendimento a notificação;PE;0,1024
PA-1507300-2AEFDB16744D4FA780DDBE5169FA2B65;PA;São Félix do Xingu;Curso d'água natural de até 10 metros;Analisado, aguardando atendimento a notificação;AT;2,8711
PA-1507300-2AFBF3A30D7D44988106D47E6EAF74D4;PA;São Félix do Xingu;Curso d'água natural de até 10 metros;Analisado, aguardando regularização ambiental (Lei nº 12.651/2012);AT;0,2494
PA-1507300-2B0F0438C05A4AA19EF87C66989F42C3;PA;São Félix do Xingu;Curso d'água natural de até 10 metros;Analisado, aguardando atendimento a notificação;PE;0,3029
PA-1507300-2B35AD5E39344CAC8FCB0E9A65EB2B2D;PA;São Félix do Xingu;Curso d'água natural de até 10 metros;Analisado, aguardando atendimento a notificação;PE;0,4082
PA-1507300-2B488FBC6A2A4E3587955BE84E53A32D;PA;São Félix do Xingu;Curso d'água natural de até 10 metros;Analisado, aguardando atendimento a notificação;PE;0,1013
PA-1507300-2B4E2D124EED4F5CB83C50AC4CBF555B;PA;São Félix do Xingu;Curso d'água natural de até 10 metros;Aguardando análise;PE;0,9582
PA-1507300-2B5E7A751AF04CBEBB646FD9C8871A0C;PA;São Félix do Xingu;Curso d'água natural de até 10 metros;Analisado, aguardando atendimento a notificação;PE;15,0664
PA-1507300-2BAE10EB18A54678A1483B0F27ABF374;PA;São Félix do Xingu;Curso d'água natural de até 10 metros;Analisado, aguardando atendimento a notificação;PE;1,8542
PA-1507300-2C2317FA25A34A4D8A6F3589E56A69A7;PA;São Félix do Xingu;Curso d'água natural de até 10 metros;Analisado, aguardando atendimento a notificação;PE;3,3235
PA-1507300-2C28FF9FA1684121B7337E196965F677;PA;São Félix do Xingu;Curso d'água natural de até 10 metros;Analisado, aguardando atendimento a notificação;PE;0,1461
PA-1507300-2C2FC6C020A44A748762170E10CF45F3;PA;São Félix do Xingu;Curso d'água natural de até 10 metros;Analisado, aguardando atendimento a notificação;PE;0,2513
PA-1507300-2C36101F26A349FD93EE30C8E6CB5A01;PA;São Félix do Xingu;Curso d'água natural de até 10 metros;Analisado, aguardando atendimento a notificação;PE;0,1191
PA-1507300-2C51806F20CB4EE5BB8C15BED75FA247;PA;São Félix do Xingu;Curso d'água natural de até 10 metros;Analisado, aguardando atendimento a notificação;PE;1,4736
PA-1507300-2C5D26C7F55546B3A763A482C623EC94;PA;São Félix do Xingu;Curso d'água natural de até 10 metros;Analisado, aguardando atendimento a notificação;SU;3,5232
PA-1507300-2C6D787C1104469BB7926795886CC953;PA;São Félix do Xingu;Curso d'água natural de até 10 metros;Analisado, aguardando atendimento a notificação;PE;2,7058
PA-1507300-2C7F9BBEA07B4E1D8F41B47BEA0BA23F;PA;São Félix do Xingu;Curso d'água natural de até 10 metros;Analisado, aguardando atendimento a notificação;PE;2,5780
PA-1507300-2CC23F2D312B4FEB844A05C4A6E681ED;PA;São Félix do Xingu;Curso d'água natural de até 10 metros;Analisado, aguardando atendimento a notificação;AT;3,8047
PA-1507300-2CCA0593BFD342FBAD15755149B4419E;PA;São Félix do Xingu;Curso d'água natural de até 10 metros;Aguardando análise;AT;5,6896
PA-1507300-2CEC0C0F8B27471FBF1EDE0F88B3F371;PA;São Félix do Xingu;Curso d'água natural de até 10 metros;Aguardando análise;PE;11,9629
PA-1507300-2D07CF178B98476EA21EBB427056E774;PA;São Félix do Xingu;Curso d'água natural de até 10 metros;Analisado, aguardando atendimento a notificação;PE;0,1613
PA-1507300-2D23287BAF7B485ABC719C37A137C304;PA;São Félix do Xingu;Curso d'água natural de até 10 metros;Aguardando análise;AT;46,0921
PA-1507300-2D34804136554E1AAF74752D66C4F5AF;PA;São Félix do Xingu;Curso d'água natural de até 10 metros;Analisado, aguardando atendimento a notificação;PE;15,1524
PA-1507300-2D5B07A65E364719B47F688B97784479;PA;São Félix do Xingu;Curso d'água natural de até 10 metros;Analisado, aguardando atendimento a notificação;PE;0,4134
PA-1507300-2E78D042F7844656AFAF09218A58576E;PA;São Félix do Xingu;Curso d'água natural de até 10 metros;Analisado, aguardando atendimento a notificação;PE;0,0619
PA-1507300-2EDB1B9CC19E45B08F19A20F16FF21AF;PA;São Félix do Xingu;Curso d'água natural de até 10 metros;Aguardando análise;SU;2,1809
PA-1507300-2F416B7365804C259CD1D1D8ADC12AFD;PA;São Félix do Xingu;Curso d'água natural de até 10 metros;Aguardando análise;AT;0,2832
PA-1507300-2F8636061FA14429BD757AF469861744;PA;São Félix do Xingu;Curso d'água natural de até 10 metros;Analisado, aguardando atendimento a notificação;PE;0,4528
PA-1507300-2FA56D09D0D8467B8D2319A17936E7C4;PA;São Félix do Xingu;Curso d'água natural de até 10 metros;Analisado, aguardando atendimento a notificação;PE;0,0658
PA-1507300-30541F5342334A278C6C63383DBAA522;PA;São Félix do Xingu;Curso d'água natural de até 10 metros;Analisado, aguardando atendimento a notificação;PE;0,4179
PA-1507300-305CFD9654784C8AAA821D0DBDA848DE;PA;São Félix do Xingu;Curso d'água natural de até 10 metros;Analisado, aguardando atendimento a notificação;AT;0,3413
PA-1507300-3066205466DE42A092EBA8293071E91C;PA;São Félix do Xingu;Curso d'água natural de até 10 metros;Analisado, aguardando atendimento a notificação;PE;0,0157
PA-1507300-3082A14E10204283A56650AAF83E9E79;PA;São Félix do Xingu;Curso d'água natural de até 10 metros;Analisado, aguardando atendimento a notificação;SU;1,6692
PA-1507300-309BD492C98F491B8F5CE6FD653A4AAC;PA;São Félix do Xingu;Curso d'água natural de até 10 metros;Analisado, aguardando regularização ambiental (Lei nº 12.651/2012);PE;13,5220
PA-1507300-30B060BFD5A44D8CBBA2FF7D64AC6D89;PA;São Félix do Xingu;Curso d'água natural de até 10 metros;Analisado, aguardando atendimento a notificação;PE;0,5979
PA-1507300-318EB1BC86A8464393262038FBD56183;PA;São Félix do Xingu;Curso d'água natural de até 10 metros;Analisado, aguardando atendimento a notificação;PE;0,3428
PA-1507300-3191191E67674B85B2C99DE756F624E9;PA;São Félix do Xingu;Curso d'água natural de até 10 metros;Analisado, aguardando atendimento a notificação;PE;0,4502
PA-1507300-32348048B72F45A6BDE88CC045C5FCF0;PA;São Félix do Xingu;Curso d'água natural de até 10 metros;Aguardando análise;PE;1,3391
PA-1507300-3249CB4227494D99B62538BA13C62BF3;PA;São Félix do Xingu;Curso d'água natural de até 10 metros;Analisado, aguardando atendimento a notificação;PE;0,4301
PA-1507300-325EBE31A81A40CF8B990202927FC163;PA;São Félix do Xingu;Curso d'água natural de até 10 metros;Analisado, aguardando atendimento a notificação;PE;0,4983
PA-1507300-327F50ACB1164158AC24E7B8A41F49E8;PA;São Félix do Xingu;Curso d'água natural de até 10 metros;Analisado, aguardando atendimento a notificação;PE;0,0432
PA-1507300-328A02367FB848919A112A21A8DEE2FE;PA;São Félix do Xingu;Curso d'água natural de até 10 metros;Analisado, aguardando atendimento a notificação;PE;0,2718
PA-1507300-32B9CE86302E48B0A9E6BC7FBB0A00A6;PA;São Félix do Xingu;Curso d'água natural de até 10 metros;Analisado, aguardando atendimento a notificação;PE;0,0890
PA-1507300-32E97DD668EF4A9CA51DC8630A392832;PA;São Félix do Xingu;Curso d'água natural de até 10 metros;Analisado, aguardando atendimento a notificação;SU;1,7374
PA-1507300-333775C9C0D34526B6338004BFBC17C7;PA;São Félix do Xingu;Curso d'água natural de até 10 metros;Analisado, aguardando atendimento a notificação;PE;0,0609
PA-1507300-3339A3A0EDCD4786B71FEFCBEE01F45F;PA;São Félix do Xingu;Curso d'água natural de até 10 metros;Analisado, aguardando atendimento a notificação;AT;3,2253
PA-1507300-3347AD683ECC487EB211988DC6399BF8;PA;São Félix do Xingu;Curso d'água natural de até 10 metros;Analisado, aguardando regularização ambiental (Lei nº 12.651/2012);AT;1,4429
PA-1507300-334DE3AD421E4E1F93794C3CA945BB71;PA;São Félix do Xingu;Curso d'água natural de até 10 metros;Analisado, aguardando atendimento a notificação;SU;0,4041
PA-1507300-335987AC81A049F4ACA2636362840F87;PA;São Félix do Xingu;Curso d'água natural de até 10 metros;Analisado, aguardando atendimento a notificação;AT;0,9886
PA-1507300-3392099305A5486CA07A3AFA2C72D09D;PA;São Félix do Xingu;Curso d'água natural de até 10 metros;Em análise;AT;3,1774
PA-1507300-33B3A9D1C4034ED5BDAAAB8587E11E67;PA;São Félix do Xingu;Curso d'água natural de até 10 metros;Aguardando análise;PE;0,4485
PA-1507300-33E1F4BC6556429CB9094561218B3C62;PA;São Félix do Xingu;Curso d'água natural de até 10 metros;Analisado, aguardando regularização ambiental (Lei nº 12.651/2012);AT;31,3973
PA-1507300-344520604B8E46DE8145A6FFDD7979C8;PA;São Félix do Xingu;Curso d'água natural de até 10 metros;Analisado, aguardando regularização ambiental (Lei nº 12.651/2012);PE;0,7044
PA-1507300-34670D5344D9486FA8003F01A4A75F24;PA;São Félix do Xingu;Curso d'água natural de até 10 metros;Analisado, aguardando atendimento a notificação;PE;0,6696
PA-1507300-34BED92E8A6C4D3C9A3695B7D207DE3A;PA;São Félix do Xingu;Curso d'água natural de até 10 metros;Analisado, aguardando regularização ambiental (Lei nº 12.651/2012);AT;3,7385
PA-1507300-3575AAA976404416B6AFA82DC0CFFB07;PA;São Félix do Xingu;Curso d'água natural de até 10 metros;Analisado, aguardando atendimento a notificação;PE;0,3374
PA-1507300-35A8900480E24936B57FB50E5410A66D;PA;São Félix do Xingu;Curso d'água natural de até 10 metros;Analisado, aguardando atendimento a notificação;PE;0,9699
PA-1507300-36161DFBE8E649D8872942FC49B77BAE;PA;São Félix do Xingu;Curso d'água natural de até 10 metros;Analisado, aguardando atendimento a notificação;PE;2,9494
PA-1507300-3631A71E01304F688F78746CE629A444;PA;São Félix do Xingu;Curso d'água natural de até 10 metros;Analisado, aguardando atendimento a notificação;PE;0,0827
PA-1507300-366E1A9E626D42FDA080E3DC5E762B3E;PA;São Félix do Xingu;Curso d'água natural de até 10 metros;Analisado, aguardando atendimento a notificação;PE;0,1829
PA-1507300-3697AD1B89E949BCA132742924F1E373;PA;São Félix do Xingu;Curso d'água natural de até 10 metros;Analisado, aguardando atendimento a notificação;PE;0,0749
PA-1507300-36E1095E37F5464F826D5E58CA598B71;PA;São Félix do Xingu;Curso d'água natural de até 10 metros;Analisado, aguardando atendimento a notificação;PE;1,9409
PA-1507300-374DB4474BFA43A0987CE5A8B218CD81;PA;São Félix do Xingu;Curso d'água natural de até 10 metros;Analisado, aguardando atendimento a notificação;PE;0,7752
PA-1507300-37605D4BA26A4AC9B5E664BEBE4640F8;PA;São Félix do Xingu;Curso d'água natural de até 10 metros;Analisado, aguardando atendimento a notificação;PE;1,2038
PA-1507300-37A34096C91F474BB2A198A2DB2B1005;PA;São Félix do Xingu;Curso d'água natural de até 10 metros;Analisado, aguardando regularização ambiental (Lei nº 12.651/2012);AT;2,0198
PA-1507300-37A55B39591449D6BC4FE00DECEC1FA7;PA;São Félix do Xingu;Curso d'água natural de até 10 metros;Analisado, aguardando regularização ambiental (Lei nº 12.651/2012);AT;4,3873
PA-1507300-383F451D2CC24E17860866D3087FAF64;PA;São Félix do Xingu;Curso d'água natural de até 10 metros;Aguardando análise;AT;0,1896
PA-1507300-3866C552A14447EB9E31D260EA416D28;PA;São Félix do Xingu;Curso d'água natural de até 10 metros;Aguardando análise;PE;1,8358
PA-1507300-3890FF0A3AEA47389D65BA6600215D8D;PA;São Félix do Xingu;Curso d'água natural de até 10 metros;Analisado, aguardando atendimento a notificação;PE;0,2325
PA-1507300-389BFD80C2CA40498FEBB0044CE12678;PA;São Félix do Xingu;Curso d'água natural de até 10 metros;Aguardando análise;PE;3,5138
PA-1507300-38C3B9BEC4C543A6B7DE280F6092CFAA;PA;São Félix do Xingu;Curso d'água natural de até 10 metros;Analisado, aguardando atendimento a notificação;PE;0,7151
PA-1507300-38D49A811E064B6CB714E087B4711E3B;PA;São Félix do Xingu;Curso d'água natural de até 10 metros;Analisado, aguardando regularização ambiental (Lei nº 12.651/2012);AT;0,9771
PA-1507300-38E26E419A1E400ABB48F5060018B552;PA;São Félix do Xingu;Curso d'água natural de até 10 metros;Analisado, aguardando atendimento a notificação;PE;0,1742
PA-1507300-38EEDE8A19B24F849DB8501AED585213;PA;São Félix do Xingu;Curso d'água natural de até 10 metros;Analisado, aguardando atendimento a notificação;PE;0,1408
PA-1507300-391AB3218C544CC194D73AC81BE4C544;PA;São Félix do Xingu;Curso d'água natural de até 10 metros;Analisado, aguardando atendimento a notificação;PE;0,5568
PA-1507300-395E638756D44F40B0D531B2EAFD11D8;PA;São Félix do Xingu;Curso d'água natural de até 10 metros;Analisado, aguardando atendimento a notificação;SU;0,5424
PA-1507300-39720FFF4CDD46008D43588B72158F75;PA;São Félix do Xingu;Curso d'água natural de até 10 metros;Analisado, aguardando atendimento a notificação;PE;2,1102
PA-1507300-399F1D60778C44F1A192F5D6E0B5D120;PA;São Félix do Xingu;Curso d'água natural de até 10 metros;Analisado, aguardando regularização ambiental (Lei nº 12.651/2012);PE;53,2470
PA-1507300-39B689CBF162459D92DC141DCC53313F;PA;São Félix do Xingu;Curso d'água natural de até 10 metros;Analisado, aguardando regularização ambiental (Lei nº 12.651/2012);AT;7,8189
PA-1507300-39C44127E937450E9CB84627A486467D;PA;São Félix do Xingu;Curso d'água natural de até 10 metros;Analisado, aguardando atendimento a notificação;SU;0,8925
PA-1507300-39E7E1E1F240447A95EE9DBCDDA4FAE4;PA;São Félix do Xingu;Curso d'água natural de até 10 metros;Analisado, aguardando regularização ambiental (Lei nº 12.651/2012);AT;9,0288
PA-1507300-39F86AD2A99F45C89C0D97DA0478C7FB;PA;São Félix do Xingu;Curso d'água natural de até 10 metros;Analisado, aguardando atendimento a notificação;PE;0,0842
PA-1507300-3A04A4AC1A944CAA87D105DF753EE719;PA;São Félix do Xingu;Curso d'água natural de até 10 metros;Analisado, aguardando atendimento a notificação;PE;0,1377
PA-1507300-3A08D3619275403AA02533BE2266D187;PA;São Félix do Xingu;Curso d'água natural de até 10 metros;Analisado, aguardando atendimento a notificação;PE;0,8549
PA-1507300-3A42BAD7A5644DEAB0948C1690EEDE3E;PA;São Félix do Xingu;Curso d'água natural de até 10 metros;Analisado, aguardando regularização ambiental (Lei nº 12.651/2012);AT;0,6017
PA-1507300-3A682409E9BC4B9BAD6AD1EB8ABEA443;PA;São Félix do Xingu;Curso d'água natural de até 10 metros;Analisado sem pendências;AT;0,0418
PA-1507300-3A691C86F9D14852B7EBF2ABD8427C66;PA;São Félix do Xingu;Curso d'água natural de até 10 metros;Analisado, aguardando atendimento a notificação;PE;0,3082
PA-1507300-3AD8E3501E5E48679A5CCA089CED353D;PA;São Félix do Xingu;Curso d'água natural de até 10 metros;Aguardando análise;PE;3,0135
PA-1507300-3B0E2FCFA03D400A9AE5822C44D58735;PA;São Félix do Xingu;Curso d'água natural de até 10 metros;Analisado, aguardando regularização ambiental (Lei nº 12.651/2012);AT;2,5071
PA-1507300-3B39BF62A6274AB99C4F5D70D152CAC5;PA;São Félix do Xingu;Curso d'água natural de até 10 metros;Analisado, aguardando atendimento a notificação;PE;0,0504
PA-1507300-3B628ACF7F13422A92FEAAB205487ED8;PA;São Félix do Xingu;Curso d'água natural de até 10 metros;Em análise;PE;0,1137
PA-1507300-3BEB30661BAB45238DC13B44CA5C1AE4;PA;São Félix do Xingu;Curso d'água natural de até 10 metros;Analisado, aguardando atendimento a notificação;SU;0,8403
PA-1507300-3BEE93D10FC0474787D2111CB2355689;PA;São Félix do Xingu;Curso d'água natural de até 10 metros;Analisado, aguardando atendimento a notificação;SU;1,7209
PA-1507300-3C3AF53F99FA48DA85250AAAF995D7C7;PA;São Félix do Xingu;Curso d'água natural de até 10 metros;Analisado, aguardando atendimento a notificação;PE;0,8301
PA-1507300-3C4DA84A6C14419B8980670F461B842F;PA;São Félix do Xingu;Curso d'água natural de até 10 metros;Analisado, aguardando regularização ambiental (Lei nº 12.651/2012);AT;10,1306
PA-1507300-3C726E1BE8BE47DBA8D51ABE2B44C645;PA;São Félix do Xingu;Curso d'água natural de até 10 metros;Analisado, aguardando atendimento a notificação;SU;79,0130
PA-1507300-3C7DC3F3204C4F87AEE99B8EC3C91B29;PA;São Félix do Xingu;Curso d'água natural de até 10 metros;Analisado, aguardando atendimento a notificação;PE;0,0424
PA-1507300-3CE9175C0590401B86B21495EFB54F48;PA;São Félix do Xingu;Curso d'água natural de até 10 metros;Analisado, aguardando atendimento a notificação;PE;0,3330
PA-1507300-3CEBDB9A1030458ABE157B92FE09364F;PA;São Félix do Xingu;Curso d'água natural de até 10 metros;Analisado, aguardando regularização ambiental (Lei nº 12.651/2012);AT;0,2557
PA-1507300-3D3592C0D54E430BB6B07DC7B6385172;PA;São Félix do Xingu;Curso d'água natural de até 10 metros;Analisado, aguardando atendimento a notificação;PE;0,0876
PA-1507300-3D674D2D14334FA79E1005AEF25A6C31;PA;São Félix do Xingu;Curso d'água natural de até 10 metros;Analisado, aguardando atendimento a notificação;SU;10,1881
PA-1507300-3D804F83345F4FD08E797595925640C0;PA;São Félix do Xingu;Curso d'água natural de até 10 metros;Analisado, aguardando atendimento a notificação;PE;0,6210
PA-1507300-3D852985F1704F1A9B45982025B58180;PA;São Félix do Xingu;Curso d'água natural de até 10 metros;Analisado, aguardando atendimento a notificação;PE;0,0265
PA-1507300-3D8E466E54F14B45BF79CA3A88F87A98;PA;São Félix do Xingu;Curso d'água natural de até 10 metros;Aguardando análise;PE;8,8935
PA-1507300-3D9C2FE1FC334853AC2D733C4FABAE50;PA;São Félix do Xingu;Curso d'água natural de até 10 metros;Aguardando análise;PE;3,3905
PA-1507300-3DAA9D613EF542EEB4FE2B2BF63A28D9;PA;São Félix do Xingu;Curso d'água natural de até 10 metros;Analisado, aguardando atendimento a notificação;PE;0,1641
PA-1507300-3DB458E20E6944A5A51995828CC54A77;PA;São Félix do Xingu;Curso d'água natural de até 10 metros;Aguardando análise;PE;4,1426
PA-1507300-3DB817FEF96F41CCB795271D17E9D5B1;PA;São Félix do Xingu;Curso d'água natural de até 10 metros;Aguardando análise;AT;11,8176
PA-1507300-3DC869E1E1E64DE79325AC6A52B06A63;PA;São Félix do Xingu;Curso d'água natural de até 10 metros;Analisado, aguardando atendimento a notificação;PE;0,0111
PA-1507300-3DDE3B6338B34930952F94678EB7BF23;PA;São Félix do Xingu;Curso d'água natural de até 10 metros;Analisado, aguardando regularização ambiental (Lei nº 12.651/2012);AT;1,3292
PA-1507300-3E7D693AB8924AB1A0188F121835593F;PA;São Félix do Xingu;Curso d'água natural de até 10 metros;Analisado, aguardando regularização ambiental (Lei nº 12.651/2012);SU;10,6555
PA-1507300-3EF22A9033524762B411EDB349DB31DC;PA;São Félix do Xingu;Curso d'água natural de até 10 metros;Analisado, aguardando regularização ambiental (Lei nº 12.651/2012);AT;0,5044
PA-1507300-3EF4813A180C42EFB0925470D4FD762B;PA;São Félix do Xingu;Curso d'água natural de até 10 metros;Analisado, aguardando atendimento a notificação;SU;0,3732
PA-1507300-3F19135A6A3F40B9983954900E412027;PA;São Félix do Xingu;Curso d'água natural de até 10 metros;Analisado, aguardando atendimento a notificação;PE;0,1457
PA-1507300-3F926764CA8042359AE8198BABE64F95;PA;São Félix do Xingu;Curso d'água natural de até 10 metros;Analisado, aguardando atendimento a notificação;PE;0,0338
PA-1507300-3FD2B6BD81F843ED916FC7FC9FCAC26B;PA;São Félix do Xingu;Curso d'água natural de até 10 metros;Analisado, aguardando atendimento a notificação;PE;0,1294
PA-1507300-3FD301B520C342E0B9BA294B7B80EE7E;PA;São Félix do Xingu;Curso d'água natural de até 10 metros;Analisado, aguardando regularização ambiental (Lei nº 12.651/2012);AT;3,1862
PA-1507300-3FDBA1054D4648FA9CBCCFE349DB5596;PA;São Félix do Xingu;Curso d'água natural de até 10 metros;Analisado, aguardando atendimento a notificação;PE;0,2595
PA-1507300-3FE94A824D664646B52205B1329AD74F;PA;São Félix do Xingu;Curso d'água natural de até 10 metros;Analisado, aguardando regularização ambiental (Lei nº 12.651/2012);PE;8,8323
PA-1507300-4038E515A1B5415EA762A055AF0BEF01;PA;São Félix do Xingu;Curso d'água natural de até 10 metros;Analisado, aguardando atendimento a notificação;SU;0,0494
PA-1507300-407D86F7CF7B48F08D2F1DE1F4E063B1;PA;São Félix do Xingu;Curso d'água natural de até 10 metros;Analisado, aguardando regularização ambiental (Lei nº 12.651/2012);AT;1,2117
PA-1507300-40DF2F3A9733452CA0C6645E030DB8E5;PA;São Félix do Xingu;Curso d'água natural de até 10 metros;Analisado, aguardando regularização ambiental (Lei nº 12.651/2012);AT;0,6044
PA-1507300-410A1FC03481451D834CA212C0DB9C60;PA;São Félix do Xingu;Curso d'água natural de até 10 metros;Analisado, aguardando atendimento a notificação;PE;0,1217
PA-1507300-411640FFDB514F26BD25DCCA2B8F451B;PA;São Félix do Xingu;Curso d'água natural de até 10 metros;Analisado, aguardando atendimento a notificação;SU;0,8433
PA-1507300-417E99B80CDA46218F760FE398A94002;PA;São Félix do Xingu;Curso d'água natural de até 10 metros;Analisado, aguardando regularização ambiental (Lei nº 12.651/2012);AT;20,2635
PA-1507300-418328306CB14BC0896454DD1AF89FF3;PA;São Félix do Xingu;Curso d'água natural de até 10 metros;Aguardando análise;SU;0,2230
PA-1507300-42010AC8833A475F97075EDD9E827782;PA;São Félix do Xingu;Curso d'água natural de até 10 metros;Analisado, aguardando regularização ambiental (Lei nº 12.651/2012);AT;1,3755
PA-1507300-424167027D2E4FA0B8FFFACFD35B3CE4;PA;São Félix do Xingu;Curso d'água natural de até 10 metros;Analisado, aguardando atendimento a notificação;PE;2,2896
PA-1507300-424E3D71A5F74151AD0E192B4E5DB303;PA;São Félix do Xingu;Curso d'água natural de até 10 metros;Aguardando análise;PE;1,2516
PA-1507300-425868122E984EAFAC3B00F231B3C12F;PA;São Félix do Xingu;Curso d'água natural de até 10 metros;Analisado, aguardando atendimento a notificação;AT;0,1513
PA-1507300-4260A7194C0A4AF29851284B32A3C5B8;PA;São Félix do Xingu;Curso d'água natural de até 10 metros;Analisado, aguardando regularização ambiental (Lei nº 12.651/2012);AT;4,1888
PA-1507300-42A81076DDE147598F6AF5ED0315AD89;PA;São Félix do Xingu;Curso d'água natural de até 10 metros;Analisado, aguardando atendimento a notificação;PE;0,0621
PA-1507300-42BC09A33642441383399E30DC39D337;PA;São Félix do Xingu;Curso d'água natural de até 10 metros;Analisado, aguardando atendimento a notificação;PE;0,1540
PA-1507300-42D00D1B67FF4E328DE20D015E085E82;PA;São Félix do Xingu;Curso d'água natural de até 10 metros;Analisado, aguardando regularização ambiental (Lei nº 12.651/2012);PE;2,6941
PA-1507300-42D67787797A494CA3C15AA992870F2A;PA;São Félix do Xingu;Curso d'água natural de até 10 metros;Analisado, aguardando atendimento a notificação;PE;1,3253
PA-1507300-432503E612F045469CCF8873DA0686D0;PA;São Félix do Xingu;Curso d'água natural de até 10 metros;Analisado, aguardando regularização ambiental (Lei nº 12.651/2012);PE;31,2292
PA-1507300-435557902A5E4301802C51D10C7035BF;PA;São Félix do Xingu;Curso d'água natural de até 10 metros;Analisado, aguardando atendimento a notificação;PE;0,4349
PA-1507300-4379F09272514821A66C114A7C91B92D;PA;São Félix do Xingu;Curso d'água natural de até 10 metros;Analisado, aguardando atendimento a notificação;PE;7,3515
PA-1507300-43B8E2D23B974F9D97D76A5D5CD6EB79;PA;São Félix do Xingu;Curso d'água natural de até 10 metros;Analisado, aguardando atendimento a notificação;PE;2,2600
PA-1507300-43C399641BD94D1F85D6F482D8E3DBB4;PA;São Félix do Xingu;Curso d'água natural de até 10 metros;Analisado, aguardando atendimento a notificação;AT;0,6115
PA-1507300-43D3D8C40CFC4627AEC711EB41C49E51;PA;São Félix do Xingu;Curso d'água natural de até 10 metros;Analisado, aguardando atendimento a notificação;PE;0,0262
PA-1507300-44015BBCB90D40FA9A9823418EF6FB30;PA;São Félix do Xingu;Curso d'água natural de até 10 metros;Analisado, aguardando atendimento a notificação;PE;0,1854
PA-1507300-441BF2BD16F7428DA27490361CA017C2;PA;São Félix do Xingu;Curso d'água natural de até 10 metros;Analisado, aguardando atendimento a notificação;PE;13,0642
PA-1507300-44476ACE2B3E4218A2E7BCB9C8CC4003;PA;São Félix do Xingu;Curso d'água natural de até 10 metros;Aguardando análise;PE;0,4864
PA-1507300-44849D844C59426BB23ECC348178B205;PA;São Félix do Xingu;Curso d'água natural de até 10 metros;Analisado, aguardando atendimento a notificação;AT;0,2659
PA-1507300-44AA54B2B31942289402A457EC882747;PA;São Félix do Xingu;Curso d'água natural de até 10 metros;Analisado, aguardando atendimento a notificação;PE;0,0456
PA-1507300-44BA4EBD08754C8A83EF117AB506C99B;PA;São Félix do Xingu;Curso d'água natural de até 10 metros;Analisado, aguardando regularização ambiental (Lei nº 12.651/2012);AT;1,7864
PA-1507300-44BF63B40CFE44689E459EB506D81417;PA;São Félix do Xingu;Curso d'água natural de até 10 metros;Analisado, aguardando atendimento a notificação;PE;0,0197
PA-1507300-44EE0D0F4522428E9DF46D7E5681275E;PA;São Félix do Xingu;Curso d'água natural de até 10 metros;Analisado, aguardando regularização ambiental (Lei nº 12.651/2012);AT;1,0088
PA-1507300-44F2FECEB88648D489E2AFB390110C44;PA;São Félix do Xingu;Curso d'água natural de até 10 metros;Analisado, aguardando atendimento a notificação;PE;0,9217
PA-1507300-44F8790756FB4CC9AED342A2EA617F3E;PA;São Félix do Xingu;Curso d'água natural de até 10 metros;Analisado, aguardando regularização ambiental (Lei nº 12.651/2012);AT;0,5852
PA-1507300-452CD53A2C8744FA9B4D6E29AEDF6BFF;PA;São Félix do Xingu;Curso d'água natural de até 10 metros;Analisado, aguardando atendimento a notificação;PE;2,4881
PA-1507300-457DB588E42D481DAB5651D4ED8CBB18;PA;São Félix do Xingu;Curso d'água natural de até 10 metros;Analisado, aguardando atendimento a notificação;PE;0,2892
PA-1507300-45C114C1FD8D4751B749C1CCB62E2A30;PA;São Félix do Xingu;Curso d'água natural de até 10 metros;Analisado, aguardando atendimento a notificação;PE;0,3280
PA-1507300-460D441D17C44177AAD6C3C604968A74;PA;São Félix do Xingu;Curso d'água natural de até 10 metros;Aguardando análise;PE;1,0895
PA-1507300-46427885EA82460EB627DA9DED996198;PA;São Félix do Xingu;Curso d'água natural de até 10 metros;Analisado, aguardando atendimento a notificação;PE;0,1592
PA-1507300-467AD6A861C34D9E81CD96E1E18C0AAB;PA;São Félix do Xingu;Curso d'água natural de até 10 metros;Analisado, aguardando regularização ambiental (Lei nº 12.651/2012);AT;1,5184
PA-1507300-468517C4E7B44432A2723FDD1166E1EC;PA;São Félix do Xingu;Curso d'água natural de até 10 metros;Analisado, aguardando atendimento a notificação;AT;1,1510
PA-1507300-46A86C39A4D84853B4DD9C6D89CA6313;PA;São Félix do Xingu;Curso d'água natural de até 10 metros;Analisado, aguardando atendimento a notificação;PE;0,1838
PA-1507300-46CBA0ED4C5C4A04B093E6484FA7D259;PA;São Félix do Xingu;Curso d'água natural de até 10 metros;Analisado, aguardando atendimento a notificação;PE;0,6982
PA-1507300-46ECA57E98514AA596C05B3BF86490E5;PA;São Félix do Xingu;Curso d'água natural de até 10 metros;Analisado, aguardando atendimento a notificação;PE;0,8008
PA-1507300-47541B4FB26F444EB4903EA56E32215A;PA;São Félix do Xingu;Curso d'água natural de até 10 metros;Analisado, aguardando atendimento a notificação;SU;1,7022
PA-1507300-47871E59E04F4BDEB261AC657EBE2A68;PA;São Félix do Xingu;Curso d'água natural de até 10 metros;Analisado, aguardando atendimento a notificação;PE;2,3275
PA-1507300-47ACA48CA3A449A19EFD952AC7F4A603;PA;São Félix do Xingu;Curso d'água natural de até 10 metros;Analisado, aguardando atendimento a notificação;PE;0,0190
PA-1507300-47E4751B36C548F796D5A0AF314F2EA3;PA;São Félix do Xingu;Curso d'água natural de até 10 metros;Analisado, aguardando regularização ambiental (Lei nº 12.651/2012);PE;7,7193
PA-1507300-47EB5BD6FB3E4DBBB35B39FAE02C88C2;PA;São Félix do Xingu;Curso d'água natural de até 10 metros;Analisado, aguardando atendimento a notificação;SU;0,2658
PA-1507300-47F8C0CF133C4E8E8E8AD4D8A9F04F2A;PA;São Félix do Xingu;Curso d'água natural de até 10 metros;Aguardando análise;PE;1,0071
PA-1507300-48102E3F70244075BB3B4CD9D7CDFEF0;PA;São Félix do Xingu;Curso d'água natural de até 10 metros;Analisado, aguardando atendimento a notificação;PE;2,8362
PA-1507300-4818C333D4A643669A4A209BC0FAB472;PA;São Félix do Xingu;Curso d'água natural de até 10 metros;Analisado, aguardando atendimento a notificação;PE;0,1269
PA-1507300-488091B434124393B438E340D717ADA1;PA;São Félix do Xingu;Curso d'água natural de até 10 metros;Analisado, aguardando regularização ambiental (Lei nº 12.651/2012);PE;2,5145
PA-1507300-489E2FAFF9E94598A24D5085AF2604B1;PA;São Félix do Xingu;Curso d'água natural de até 10 metros;Analisado, aguardando regularização ambiental (Lei nº 12.651/2012);PE;35,9860
PA-1507300-489FAA8357024D049E2A8DE390DB6EDE;PA;São Félix do Xingu;Curso d'água natural de até 10 metros;Analisado, aguardando regularização ambiental (Lei nº 12.651/2012);AT;31,7020
PA-1507300-48BA618CB5B0495597B9B6577FD0E899;PA;São Félix do Xingu;Curso d'água natural de até 10 metros;Analisado, aguardando atendimento a notificação;PE;0,0214
PA-1507300-48C2BC0C3FBC40639C868DD50DA31FE6;PA;São Félix do Xingu;Curso d'água natural de até 10 metros;Analisado, aguardando regularização ambiental (Lei nº 12.651/2012);AT;0,1989
PA-1507300-48DF29D476DD4CDABD2C08E5F6D3182F;PA;São Félix do Xingu;Curso d'água natural de até 10 metros;Analisado, aguardando atendimento a notificação;PE;0,0618
PA-1507300-48F83F36D8104D34ABE6BB7BAA25C64D;PA;São Félix do Xingu;Curso d'água natural de até 10 metros;Analisado, aguardando atendimento a notificação;PE;1,7704
PA-1507300-490D2812F883479E8FBFF72DC429EC82;PA;São Félix do Xingu;Curso d'água natural de até 10 metros;Analisado, aguardando atendimento a notificação;PE;0,4695
PA-1507300-49E005EA8A7E46738807CDEBBE8018AA;PA;São Félix do Xingu;Curso d'água natural de até 10 metros;Analisado, aguardando atendimento a notificação;PE;0,1664
PA-1507300-49E1F808BE70449F9412C43B33E19165;PA;São Félix do Xingu;Curso d'água natural de até 10 metros;Analisado, aguardando regularização ambiental (Lei nº 12.651/2012);AT;1,3849
PA-1507300-4A0A3E1075624B13B9FA55A1AF67B4E7;PA;São Félix do Xingu;Curso d'água natural de até 10 metros;Analisado, aguardando atendimento a notificação;PE;0,8514
PA-1507300-4A1DF459A74F4FFD868A3F5F9DB905FE;PA;São Félix do Xingu;Curso d'água natural de até 10 metros;Analisado, aguardando regularização ambiental (Lei nº 12.651/2012);AT;3,6675
PA-1507300-4A32BCCE74E343C3ADF12EDA49522D3C;PA;São Félix do Xingu;Curso d'água natural de até 10 metros;Aguardando análise;PE;0,8253
PA-1507300-4A3BE1A83A5C46D6BDA058A3A73AAE7B;PA;São Félix do Xingu;Curso d'água natural de até 10 metros;Analisado, aguardando regularização ambiental (Lei nº 12.651/2012);AT;1,7233
PA-1507300-4A3FD15FCB2345E2BF0845578B001A3F;PA;São Félix do Xingu;Curso d'água natural de até 10 metros;Analisado, aguardando atendimento a notificação;PE;0,2680
PA-1507300-4AC80778C4E5423C8AF751CC0976734A;PA;São Félix do Xingu;Curso d'água natural de até 10 metros;Analisado, aguardando atendimento a notificação;PE;2,7238
PA-1507300-4B3825F5855740A2A85F50039D36E958;PA;São Félix do Xingu;Curso d'água natural de até 10 metros;Analisado, aguardando atendimento a notificação;PE;2,2203
PA-1507300-4B40AB6F852849BF90FB73CC6CF00427;PA;São Félix do Xingu;Curso d'água natural de até 10 metros;Analisado, aguardando atendimento a notificação;PE;0,0442
PA-1507300-4B4853607C1E4487B829558F011EF44C;PA;São Félix do Xingu;Curso d'água natural de até 10 metros;Analisado, aguardando atendimento a notificação;AT;0,0758
PA-1507300-4B4C3BF19D70467CAB6492F88FE6036D;PA;São Félix do Xingu;Curso d'água natural de até 10 metros;Analisado, aguardando atendimento a notificação;PE;0,0058
PA-1507300-4B73EAF94A054131ADCE76512C32368A;PA;São Félix do Xingu;Curso d'água natural de até 10 metros;Aguardando análise;AT;4,4393
PA-1507300-4B85352A40B14E589740792C6B60ED67;PA;São Félix do Xingu;Curso d'água natural de até 10 metros;Analisado, aguardando atendimento a notificação;PE;0,7121
PA-1507300-4B8F8C3DBD7C4603ACB8CDBEBE024682;PA;São Félix do Xingu;Curso d'água natural de até 10 metros;Analisado, aguardando regularização ambiental (Lei nº 12.651/2012);AT;0,3824
PA-1507300-4BD4FAF666DF4D49BA566437C1D47C93;PA;São Félix do Xingu;Curso d'água natural de até 10 metros;Analisado, aguardando atendimento a notificação;PE;2,3170
PA-1507300-4BD6D76943CD48D48A3F82ECB226C2AB;PA;São Félix do Xingu;Curso d'água natural de até 10 metros;Analisado, aguardando atendimento a notificação;PE;0,2502
PA-1507300-4BE6002EA74D4E0AB67485BD91669FDD;PA;São Félix do Xingu;Curso d'água natural de até 10 metros;Analisado, aguardando regularização ambiental (Lei nº 12.651/2012);AT;1,1841
PA-1507300-4C18C3962AA044C1A9EE0CE2837EDB3B;PA;São Félix do Xingu;Curso d'água natural de até 10 metros;Analisado, aguardando atendimento a notificação;PE;1,5518
PA-1507300-4C66DFD230AF48E798E0087119295CBA;PA;São Félix do Xingu;Curso d'água natural de até 10 metros;Analisado, aguardando atendimento a notificação;SU;0,2333
PA-1507300-4CBA10FE97CE4A49A6E9F64E0A7D7F3F;PA;São Félix do Xingu;Curso d'água natural de até 10 metros;Analisado, aguardando regularização ambiental (Lei nº 12.651/2012);PE;0,6047
PA-1507300-4CD3E6FD269C4223B033D0C003CBF044;PA;São Félix do Xingu;Curso d'água natural de até 10 metros;Analisado, aguardando atendimento a notificação;PE;0,0972
PA-1507300-4CE58603DDA542FBBC92A0391A37EE81;PA;São Félix do Xingu;Curso d'água natural de até 10 metros;Analisado, aguardando atendimento a notificação;PE;0,2826
PA-1507300-4CE79311535145FFBD1FCF9B90E45FC9;PA;São Félix do Xingu;Curso d'água natural de até 10 metros;Analisado, aguardando atendimento a notificação;PE;2,1415
PA-1507300-4D22EB82136C4755849563E5521DF9F8;PA;São Félix do Xingu;Curso d'água natural de até 10 metros;Analisado, aguardando atendimento a notificação;PE;0,4116
PA-1507300-4D317C57300E4E339DB13DA93EA78C8B;PA;São Félix do Xingu;Curso d'água natural de até 10 metros;Analisado, aguardando regularização ambiental (Lei nº 12.651/2012);AT;1,9308
PA-1507300-4D53E4531F9D4AB2A1EDD4863F64A35F;PA;São Félix do Xingu;Curso d'água natural de até 10 metros;Analisado, aguardando atendimento a notificação;AT;0,2871
PA-1507300-4D6DE161C56C40C8B8A4637901396459;PA;São Félix do Xingu;Curso d'água natural de até 10 metros;Analisado, aguardando atendimento a notificação;PE;0,0556
PA-1507300-4DA0663BE56845C393820C5BF0E20228;PA;São Félix do Xingu;Curso d'água natural de até 10 metros;Analisado, aguardando regularização ambiental (Lei nº 12.651/2012);AT;1,1227
PA-1507300-4DB5D01F36A1462DB36CDCA04B549B69;PA;São Félix do Xingu;Curso d'água natural de até 10 metros;Aguardando análise;PE;1,7616
PA-1507300-4DD6AD78BA2E48F48B835ED3B178DC88;PA;São Félix do Xingu;Curso d'água natural de até 10 metros;Analisado, aguardando regularização ambiental (Lei nº 12.651/2012);AT;2,6962
PA-1507300-4DDD8C2826744CEC833CCE7A6FB33A3E;PA;São Félix do Xingu;Curso d'água natural de até 10 metros;Analisado, aguardando atendimento a notificação;PE;0,0770
PA-1507300-4E12F98FA0C7464EAC9A2A40327A82CA;PA;São Félix do Xingu;Curso d'água natural de até 10 metros;Analisado, aguardando atendimento a notificação;PE;0,7052
PA-1507300-4E6957602FFB48A0B6939D3642FB01B2;PA;São Félix do Xingu;Curso d'água natural de até 10 metros;Analisado, aguardando atendimento a notificação;PE;0,0556
PA-1507300-4EE4087CB33D4C919FCBA24C82A93B21;PA;São Félix do Xingu;Curso d'água natural de até 10 metros;Aguardando análise;PE;0,8234
PA-1507300-4EE9811092FF4014A17CF098D8A96EAF;PA;São Félix do Xingu;Curso d'água natural de até 10 metros;Aguardando análise;PE;0,3576
PA-1507300-4EF918A7377B450BA6C9BF710D1F2910;PA;São Félix do Xingu;Curso d'água natural de até 10 metros;Analisado, aguardando atendimento a notificação;AT;0,0111
PA-1507300-4F2BCAFC1A144493BD57824F992914A5;PA;São Félix do Xingu;Curso d'água natural de até 10 metros;Analisado, aguardando atendimento a notificação;PE;0,0736
PA-1507300-4F3FFF55B700494A83FA394C65B31C6E;PA;São Félix do Xingu;Curso d'água natural de até 10 metros;Analisado, aguardando atendimento a notificação;PE;0,1346
PA-1507300-4FB505F9CD4049F681CA46E1BBC6D7A7;PA;São Félix do Xingu;Curso d'água natural de até 10 metros;Analisado, aguardando atendimento a notificação;PE;0,0151
PA-1507300-4FB7C072EF05468695F516CEDF1526A6;PA;São Félix do Xingu;Curso d'água natural de até 10 metros;Analisado, aguardando atendimento a notificação;PE;0,2770
PA-1507300-4FBF393BA10C4B16BB47F410C2D447CE;PA;São Félix do Xingu;Curso d'água natural de até 10 metros;Analisado, aguardando regularização ambiental (Lei nº 12.651/2012);AT;25,2989
PA-1507300-50CAD5F4A3F94D6ABC78F0675A6A5CD1;PA;São Félix do Xingu;Curso d'água natural de até 10 metros;Analisado, aguardando atendimento a notificação;PE;0,1573
PA-1507300-511C4E9DB7F04E888C67AAA580405D48;PA;São Félix do Xingu;Curso d'água natural de até 10 metros;Analisado, aguardando atendimento a notificação;PE;0,0828
PA-1507300-513EE141277C4BB7B5DB2A61692DAEB2;PA;São Félix do Xingu;Curso d'água natural de até 10 metros;Analisado, aguardando atendimento a notificação;PE;22,5172
PA-1507300-517AA1271D994A1CAE1B559E1BA77E0F;PA;São Félix do Xingu;Curso d'água natural de até 10 metros;Analisado, aguardando regularização ambiental (Lei nº 12.651/2012);AT;0,4870
PA-1507300-519A173D4BEB4C6F877BFEC8B9C3EF0A;PA;São Félix do Xingu;Curso d'água natural de até 10 metros;Analisado, aguardando regularização ambiental (Lei nº 12.651/2012);AT;0,8402
PA-1507300-51AACD40FE464EBEADE6074E26E67A93;PA;São Félix do Xingu;Curso d'água natural de até 10 metros;Analisado, aguardando atendimento a notificação;PE;30,2899
PA-1507300-51AC8AE51D89454EBCBD661263551E40;PA;São Félix do Xingu;Curso d'água natural de até 10 metros;Analisado, aguardando atendimento a notificação;PE;4,0140
PA-1507300-51C758D51D774DF5B15EA8B5ED6274DC;PA;São Félix do Xingu;Curso d'água natural de até 10 metros;Analisado, aguardando regularização ambiental (Lei nº 12.651/2012);AT;4,2840
PA-1507300-51DA6CF55D334A3484DEF0F27CE1C33B;PA;São Félix do Xingu;Curso d'água natural de até 10 metros;Analisado, aguardando atendimento a notificação;PE;0,0919
PA-1507300-5205BB744A7446B793413262BC691C42;PA;São Félix do Xingu;Curso d'água natural de até 10 metros;Analisado, aguardando atendimento a notificação;PE;0,3611
PA-1507300-52234C420E3646C0BF68F51D498B939F;PA;São Félix do Xingu;Curso d'água natural de até 10 metros;Analisado, aguardando atendimento a notificação;PE;0,0856
PA-1507300-5280FF78B1854F48B234904A965D84A0;PA;São Félix do Xingu;Curso d'água natural de até 10 metros;Analisado, aguardando regularização ambiental (Lei nº 12.651/2012);AT;0,3111
PA-1507300-528664818DE04BE9A585238B1C2B5CA2;PA;São Félix do Xingu;Curso d'água natural de até 10 metros;Analisado, aguardando regularização ambiental (Lei nº 12.651/2012);AT;11,8935
PA-1507300-52987601C10F4DD383599CD0985F51C6;PA;São Félix do Xingu;Curso d'água natural de até 10 metros;Analisado, aguardando atendimento a notificação;AT;0,8574
PA-1507300-529F68BEF33B40149114B09E535E18CC;PA;São Félix do Xingu;Curso d'água natural de até 10 metros;Analisado, aguardando atendimento a notificação;SU;0,2827
PA-1507300-52B2B9C174424FBB9C39E4D1AED49B71;PA;São Félix do Xingu;Curso d'água natural de até 10 metros;Analisado, aguardando atendimento a notificação;PE;0,3078
PA-1507300-52B412F9AC05494DA47F9FA41B67AEA7;PA;São Félix do Xingu;Curso d'água natural de até 10 metros;Analisado, aguardando atendimento a notificação;PE;0,1108
PA-1507300-52EBA0B441664151AAFF2357AC1E96E4;PA;São Félix do Xingu;Curso d'água natural de até 10 metros;Analisado, aguardando regularização ambiental (Lei nº 12.651/2012);AT;30,3582
PA-1507300-530073C748DC4DC79CCDD6E7A38A97BF;PA;São Félix do Xingu;Curso d'água natural de até 10 metros;Analisado, aguardando atendimento a notificação;PE;0,3904
PA-1507300-531A5F6D42DC4E5EBC93D1DB3561B082;PA;São Félix do Xingu;Curso d'água natural de até 10 metros;Analisado, aguardando atendimento a notificação;PE;0,0701
PA-1507300-533B68AAC4BF45DA91241A4BF60C52DF;PA;São Félix do Xingu;Curso d'água natural de até 10 metros;Analisado, aguardando atendimento a notificação;PE;0,8210
PA-1507300-5386F03631524941BB5613CB73DAEEA0;PA;São Félix do Xingu;Curso d'água natural de até 10 metros;Analisado, aguardando atendimento a notificação;PE;0,1733
PA-1507300-53A6AB80A40B461AB02845D3675789E4;PA;São Félix do Xingu;Curso d'água natural de até 10 metros;Analisado, aguardando atendimento a notificação;PE;0,1100
PA-1507300-53BE788D2AE746B1A0AC72D9E687F387;PA;São Félix do Xingu;Curso d'água natural de até 10 metros;Aguardando análise;AT;1,7130
PA-1507300-53E9B71E93044FE78E4D811BD5E0E92C;PA;São Félix do Xingu;Curso d'água natural de até 10 metros;Analisado, aguardando atendimento a notificação;PE;0,1204
PA-1507300-543656457E1449A78E88EBAEBB353509;PA;São Félix do Xingu;Curso d'água natural de até 10 metros;Analisado, aguardando atendimento a notificação;PE;2,0688
PA-1507300-54460B43F5BD4105A628ABB6534BB228;PA;São Félix do Xingu;Curso d'água natural de até 10 metros;Analisado, aguardando regularização ambiental (Lei nº 12.651/2012);AT;0,6130
PA-1507300-5473A5921437444B85A2E3E7C3DD710B;PA;São Félix do Xingu;Curso d'água natural de até 10 metros;Analisado, aguardando atendimento a notificação;PE;1,4401
PA-1507300-54ED1FAE720142808550A4302FEAFA10;PA;São Félix do Xingu;Curso d'água natural de até 10 metros;Analisado, aguardando atendimento a notificação;PE;0,5982
PA-1507300-54FA021129C346A9840CD0432F7ABFDC;PA;São Félix do Xingu;Curso d'água natural de até 10 metros;Analisado, aguardando atendimento a notificação;PE;0,1695
PA-1507300-5506F43A644F40A598E8E7895DB433F4;PA;São Félix do Xingu;Curso d'água natural de até 10 metros;Analisado, aguardando atendimento a notificação;PE;0,3893
PA-1507300-55086EAA3DE841229204DE5B0030B04A;PA;São Félix do Xingu;Curso d'água natural de até 10 metros;Analisado, aguardando atendimento a notificação;SU;37,1110
PA-1507300-55194B23EFC64F94B7384A9D8A3E5A69;PA;São Félix do Xingu;Curso d'água natural de até 10 metros;Analisado, aguardando regularização ambiental (Lei nº 12.651/2012);AT;6,1852
PA-1507300-552C6A7030994640BEF8DA087F9DD8D3;PA;São Félix do Xingu;Curso d'água natural de até 10 metros;Aguardando análise;PE;1,8607
PA-1507300-552CF29E0EAD4573822ACA034C8B5EE6;PA;São Félix do Xingu;Curso d'água natural de até 10 metros;Analisado, aguardando atendimento a notificação;PE;1,4893
PA-1507300-55842808D04E4DBBADD268AEA9B21E7C;PA;São Félix do Xingu;Curso d'água natural de até 10 metros;Analisado, aguardando atendimento a notificação;PE;0,3657
PA-1507300-5598A5D430874AD597E26EF9FC0F0AAB;PA;São Félix do Xingu;Curso d'água natural de até 10 metros;Analisado, aguardando atendimento a notificação;PE;1,2738
PA-1507300-559AE4E655034442A7F94831CC7DD4AE;PA;São Félix do Xingu;Curso d'água natural de até 10 metros;Analisado, aguardando atendimento a notificação;PE;0,1042
PA-1507300-56278C8E63EC45D08A9CB5F3D0122CAD;PA;São Félix do Xingu;Curso d'água natural de até 10 metros;Analisado, aguardando atendimento a notificação;PE;0,0601
PA-1507300-56410276B8094BCE876A7362FD3DA882;PA;São Félix do Xingu;Curso d'água natural de até 10 metros;Aguardando análise;AT;3,4480
PA-1507300-5663E9EDC9C943A6BD98008B51002405;PA;São Félix do Xingu;Curso d'água natural de até 10 metros;Aguardando análise;PE;1,2691
PA-1507300-56785994451E44758EC60D839C78DAE0;PA;São Félix do Xingu;Curso d'água natural de até 10 metros;Analisado, aguardando regularização ambiental (Lei nº 12.651/2012);AT;1,0383
PA-1507300-56F9750F3FC44D7F9BE3103B53FBFD45;PA;São Félix do Xingu;Curso d'água natural de até 10 metros;Analisado, aguardando atendimento a notificação;PE;0,0867
PA-1507300-572669EB1C2F467597BEBD9850471FDD;PA;São Félix do Xingu;Curso d'água natural de até 10 metros;Analisado, aguardando atendimento a notificação;PE;0,2307
PA-1507300-578549E02FC74D68ADA3E7004FB1D059;PA;São Félix do Xingu;Curso d'água natural de até 10 metros;Aguardando análise;PE;0,6952
PA-1507300-57D86C6E695A4977A2368B4BB724CE78;PA;São Félix do Xingu;Curso d'água natural de até 10 metros;Analisado, aguardando atendimento a notificação;AT;0,1091
PA-1507300-5809797E9B094A3798D33E2F5D8CCD77;PA;São Félix do Xingu;Curso d'água natural de até 10 metros;Analisado, aguardando atendimento a notificação;PE;0,0892
PA-1507300-58178C11A6174044A7BE19722A07EA95;PA;São Félix do Xingu;Curso d'água natural de até 10 metros;Analisado, aguardando regularização ambiental (Lei nº 12.651/2012);AT;4,1369
PA-1507300-582ADF3F125546379A16C073E40BEFF1;PA;São Félix do Xingu;Curso d'água natural de até 10 metros;Analisado, aguardando atendimento a notificação;PE;0,1393
PA-1507300-594D583A05534119B86F7F35096E2201;PA;São Félix do Xingu;Curso d'água natural de até 10 metros;Aguardando análise;AT;0,0423
PA-1507300-59B4F042F0324071A989736589E91CA4;PA;São Félix do Xingu;Curso d'água natural de até 10 metros;Analisado, aguardando regularização ambiental (Lei nº 12.651/2012);AT;2,8457
PA-1507300-5A21377CF3534777BF3FB6E92CEB3872;PA;São Félix do Xingu;Curso d'água natural de até 10 metros;Analisado, aguardando atendimento a notificação;PE;0,1711
PA-1507300-5A2D4A151AD24B60B41BD6F42A1FC251;PA;São Félix do Xingu;Curso d'água natural de até 10 metros;Analisado, aguardando atendimento a notificação;PE;0,2568
PA-1507300-5A36BFBFACF048D0AA8915D91F48E5DB;PA;São Félix do Xingu;Curso d'água natural de até 10 metros;Analisado, aguardando atendimento a notificação;PE;0,5434
PA-1507300-5ABDCC26FDD843BCA888BF1DABD8141C;PA;São Félix do Xingu;Curso d'água natural de até 10 metros;Analisado, aguardando regularização ambiental (Lei nº 12.651/2012);PE;3,3917
PA-1507300-5AC6874134B54DD49B961A3C77C2767B;PA;São Félix do Xingu;Curso d'água natural de até 10 metros;Analisado, aguardando atendimento a notificação;PE;0,0216
PA-1507300-5B0F87FEE7AA4916A43FF829A179B27E;PA;São Félix do Xingu;Curso d'água natural de até 10 metros;Analisado, aguardando regularização ambiental (Lei nº 12.651/2012);AT;0,1006
PA-1507300-5B3A4653618F4B54ADC34681F4E3127F;PA;São Félix do Xingu;Curso d'água natural de até 10 metros;Analisado, aguardando regularização ambiental (Lei nº 12.651/2012);AT;0,5724
PA-1507300-5B64EDB7BBE64CF9903FC30D0557E488;PA;São Félix do Xingu;Curso d'água natural de até 10 metros;Analisado, aguardando atendimento a notificação;SU;0,7408
PA-1507300-5B671AF6E8334DA6BF6E3D084A7DB517;PA;São Félix do Xingu;Curso d'água natural de até 10 metros;Analisado, aguardando atendimento a notificação;PE;0,1110
PA-1507300-5B989F90C50744ABB9C09F0299028BF0;PA;São Félix do Xingu;Curso d'água natural de até 10 metros;Analisado, aguardando atendimento a notificação;PE;1,4686
PA-1507300-5BA82D34E9CE4AE88280C359D4A06835;PA;São Félix do Xingu;Curso d'água natural de até 10 metros;Aguardando análise;SU;0,1831
PA-1507300-5BD932F33F964CC9A59A15CF6E2AEE66;PA;São Félix do Xingu;Curso d'água natural de até 10 metros;Analisado, aguardando atendimento a notificação;PE;0,4573
PA-1507300-5BEFE95FE4A842A88C6CE3C5F74B3620;PA;São Félix do Xingu;Curso d'água natural de até 10 metros;Analisado, aguardando atendimento a notificação;PE;0,0693
PA-1507300-5C5DFB4AE3944DB1B519FF78407D7B93;PA;São Félix do Xingu;Curso d'água natural de até 10 metros;Analisado, aguardando atendimento a notificação;SU;0,3635
PA-1507300-5C92E9D2A6A1442FAEC3A10032A3E663;PA;São Félix do Xingu;Curso d'água natural de até 10 metros;Analisado, aguardando atendimento a notificação;PE;0,2272
PA-1507300-5C984DB2913342FD95241F7CF2051BF5;PA;São Félix do Xingu;Curso d'água natural de até 10 metros;Aguardando análise;AT;4,4948
PA-1507300-5C9B05D3C77F41C29FC1C317CC90AD1D;PA;São Félix do Xingu;Curso d'água natural de até 10 metros;Analisado, aguardando atendimento a notificação;PE;0,1357
PA-1507300-5CA616FAA4C3491380C3236AEF8AAAED;PA;São Félix do Xingu;Curso d'água natural de até 10 metros;Analisado, aguardando regularização ambiental (Lei nº 12.651/2012);AT;27,8416
PA-1507300-5CF20CC996F84AA2A23611E86863A7B3;PA;São Félix do Xingu;Curso d'água natural de até 10 metros;Analisado, aguardando atendimento a notificação;SU;0,5537
PA-1507300-5D732C75B62B44F8A6C93DB197E3B4E9;PA;São Félix do Xingu;Curso d'água natural de até 10 metros;Analisado, aguardando regularização ambiental (Lei nº 12.651/2012);AT;16,8417
PA-1507300-5DC9EE97446D42518575802EA55DE8C2;PA;São Félix do Xingu;Curso d'água natural de até 10 metros;Analisado, aguardando atendimento a notificação;PE;0,0540
PA-1507300-5E104626E1D14991999B650C7C006A3D;PA;São Félix do Xingu;Curso d'água natural de até 10 metros;Analisado, aguardando atendimento a notificação;PE;0,1498
PA-1507300-5E5651BD154D4194830513C8CFC2E63E;PA;São Félix do Xingu;Curso d'água natural de até 10 metros;Analisado, aguardando regularização ambiental (Lei nº 12.651/2012);AT;1,7188
PA-1507300-5E946E9299A542288FDEB7A7F0C64C9F;PA;São Félix do Xingu;Curso d'água natural de até 10 metros;Analisado, aguardando regularização ambiental (Lei nº 12.651/2012);AT;14,3434
PA-1507300-5EA2F5040EBA429AA74EA22AF1342B40;PA;São Félix do Xingu;Curso d'água natural de até 10 metros;Analisado, aguardando atendimento a notificação;PE;0,2399
PA-1507300-5EB3621525BD48A78767E6C686181303;PA;São Félix do Xingu;Curso d'água natural de até 10 metros;Analisado, aguardando regularização ambiental (Lei nº 12.651/2012);AT;1,1742
PA-1507300-5EC242BA2A45435AA926AD19B3ED6829;PA;São Félix do Xingu;Curso d'água natural de até 10 metros;Aguardando análise;PE;8,1227
PA-1507300-5EE1E0C3308349BEB506E19643EEF1D7;PA;São Félix do Xingu;Curso d'água natural de até 10 metros;Analisado, aguardando atendimento a notificação;PE;0,8513
PA-1507300-5EE25D4F6B2E4C79B51962F6A1957075;PA;São Félix do Xingu;Curso d'água natural de até 10 metros;Analisado, aguardando atendimento a notificação;PE;0,0919
PA-1507300-5EF6266F3FC84C92AFAC94ACE470ED57;PA;São Félix do Xingu;Curso d'água natural de até 10 metros;Analisado, aguardando regularização ambiental (Lei nº 12.651/2012);AT;0,2493
PA-1507300-5F0C600FF5214AF1BB456BE520DE57A9;PA;São Félix do Xingu;Curso d'água natural de até 10 metros;Analisado, aguardando regularização ambiental (Lei nº 12.651/2012);AT;0,7201
PA-1507300-5F19D6C7246B4875A5B226169CD521E3;PA;São Félix do Xingu;Curso d'água natural de até 10 metros;Analisado, aguardando atendimento a notificação;PE;0,5967
PA-1507300-5F588602C6744ACA83FD8599EF971212;PA;São Félix do Xingu;Curso d'água natural de até 10 metros;Analisado, aguardando atendimento a notificação;PE;0,1542
PA-1507300-5F70769957694E4EA22A1A77DF4CCF54;PA;São Félix do Xingu;Curso d'água natural de até 10 metros;Analisado, aguardando atendimento a notificação;PE;0,2715
PA-1507300-5FB72E31DE5947489F86C0D709E5ECB9;PA;São Félix do Xingu;Curso d'água natural de até 10 metros;Analisado, aguardando atendimento a notificação;PE;0,5232
PA-1507300-5FBACBA3D52D44C8B472E83CFFB1C990;PA;São Félix do Xingu;Curso d'água natural de até 10 metros;Analisado, aguardando atendimento a notificação;PE;0,0684
PA-1507300-5FF5087EA4504F38AA5835168EBCF01E;PA;São Félix do Xingu;Curso d'água natural de até 10 metros;Analisado, aguardando atendimento a notificação;PE;0,1873
PA-1507300-602083E53A8048458670198F0CEE8F53;PA;São Félix do Xingu;Curso d'água natural de até 10 metros;Analisado, aguardando regularização ambiental (Lei nº 12.651/2012);AT;2,8092
PA-1507300-60254C1B69814973949F598FE0A987B7;PA;São Félix do Xingu;Curso d'água natural de até 10 metros;Analisado, aguardando atendimento a notificação;PE;0,8037
PA-1507300-60C3E3FFAC4F405CBF202D798BE6C77D;PA;São Félix do Xingu;Curso d'água natural de até 10 metros;Analisado, aguardando atendimento a notificação;PE;0,1189
PA-1507300-6148FCE1A62E4631AAF30D7FCA9F2542;PA;São Félix do Xingu;Curso d'água natural de até 10 metros;Analisado, aguardando atendimento a notificação;PE;0,0595
PA-1507300-615CF52D9E9F48D8BB1104961EA00C4C;PA;São Félix do Xingu;Curso d'água natural de até 10 metros;Analisado, aguardando atendimento a notificação;SU;0,1757
PA-1507300-61640131D8214873B58CFFCE60A9F271;PA;São Félix do Xingu;Curso d'água natural de até 10 metros;Aguardando análise;AT;13,8685
PA-1507300-61894324C6064C609E2B82934B8760E3;PA;São Félix do Xingu;Curso d'água natural de até 10 metros;Analisado, aguardando regularização ambiental (Lei nº 12.651/2012);PE;6,6663
PA-1507300-61B084204AE34831BFC97035BFB857E5;PA;São Félix do Xingu;Curso d'água natural de até 10 metros;Analisado, aguardando atendimento a notificação;PE;0,1201
PA-1507300-623439CD2B454C3E9DBFA40DE0EEF07C;PA;São Félix do Xingu;Curso d'água natural de até 10 metros;Analisado, aguardando atendimento a notificação;PE;1,4468
PA-1507300-627C1DE7DF0D4BF6B4E80A1E755D288A;PA;São Félix do Xingu;Curso d'água natural de até 10 metros;Analisado, aguardando atendimento a notificação;PE;2,1597
PA-1507300-62D8768F1FB7477E84873449132CB769;PA;São Félix do Xingu;Curso d'água natural de até 10 metros;Analisado, aguardando atendimento a notificação;PE;0,1213
PA-1507300-63555B6574FA40A3BB319414935301F4;PA;São Félix do Xingu;Curso d'água natural de até 10 metros;Analisado, aguardando regularização ambiental (Lei nº 12.651/2012);AT;0,5542
PA-1507300-635A75C54D744700A907844DE9F654E8;PA;São Félix do Xingu;Curso d'água natural de até 10 metros;Analisado, aguardando atendimento a notificação;PE;0,2155
PA-1507300-63749C500F2444BEAB0316E4D094A858;PA;São Félix do Xingu;Curso d'água natural de até 10 metros;Analisado, aguardando regularização ambiental (Lei nº 12.651/2012);AT;1,7167
PA-1507300-64523B8628AB4775B733FFC66133EEEA;PA;São Félix do Xingu;Curso d'água natural de até 10 metros;Analisado, aguardando atendimento a notificação;PE;0,9131
PA-1507300-64726A66057E423F9764C04F8C4762F2;PA;São Félix do Xingu;Curso d'água natural de até 10 metros;Analisado, aguardando atendimento a notificação;AT;0,3342
PA-1507300-64893BD9599143FFBCD897CC51C66981;PA;São Félix do Xingu;Curso d'água natural de até 10 metros;Analisado, aguardando atendimento a notificação;PE;0,0960
PA-1507300-659E30842F994177B330ADE465B33653;PA;São Félix do Xingu;Curso d'água natural de até 10 metros;Analisado, aguardando atendimento a notificação;PE;1,7409
PA-1507300-65ABB60A341E457BBB854F0A163DAB09;PA;São Félix do Xingu;Curso d'água natural de até 10 metros;Analisado, aguardando atendimento a notificação;PE;0,0449
PA-1507300-65AFCDF6592147AFA7670D6059F15938;PA;São Félix do Xingu;Curso d'água natural de até 10 metros;Analisado, aguardando atendimento a notificação;AT;4,5442
PA-1507300-65BF85C8483E41308F902CC88102D5AB;PA;São Félix do Xingu;Curso d'água natural de até 10 metros;Analisado, aguardando regularização ambiental (Lei nº 12.651/2012);PE;0,9709
PA-1507300-65D9190562C74F5B9E060CC7112F6222;PA;São Félix do Xingu;Curso d'água natural de até 10 metros;Analisado, aguardando atendimento a notificação;PE;2,4933
PA-1507300-65F5BC9BE019423BBD2C8DC966D3BBDA;PA;São Félix do Xingu;Curso d'água natural de até 10 metros;Analisado, aguardando atendimento a notificação;PE;0,1154
PA-1507300-6608B71F8DA0420CAC6D1BCCB8B7EEF7;PA;São Félix do Xingu;Curso d'água natural de até 10 metros;Analisado, aguardando atendimento a notificação;PE;0,0344
PA-1507300-66183B45B9C547FA9D10D59E43E8FD3D;PA;São Félix do Xingu;Curso d'água natural de até 10 metros;Analisado, aguardando regularização ambiental (Lei nº 12.651/2012);AT;0,1777
PA-1507300-66252E72BFFA4A8F968464D198FC096D;PA;São Félix do Xingu;Curso d'água natural de até 10 metros;Analisado, aguardando atendimento a notificação;AT;0,3730
PA-1507300-663A1129FB714ECAB3B9F7E94C0EBC4C;PA;São Félix do Xingu;Curso d'água natural de até 10 metros;Aguardando análise;PE;0,4689
PA-1507300-663CDA872C4247B09849ABCB3E83246F;PA;São Félix do Xingu;Curso d'água natural de até 10 metros;Analisado, aguardando atendimento a notificação;PE;5,6949
PA-1507300-666FE64C4CEB4F248065A2A446531197;PA;São Félix do Xingu;Curso d'água natural de até 10 metros;Aguardando análise;AT;0,6349
PA-1507300-667B0AA935E24E7E8239CAF8B63DC56E;PA;São Félix do Xingu;Curso d'água natural de até 10 metros;Analisado, aguardando regularização ambiental (Lei nº 12.651/2012);AT;3,3646
PA-1507300-66FBCDE26B2044858D6486FD7CBF1784;PA;São Félix do Xingu;Curso d'água natural de até 10 metros;Analisado, aguardando atendimento a notificação;PE;0,2912
PA-1507300-6767E764D27149708C1969AA75489630;PA;São Félix do Xingu;Curso d'água natural de até 10 metros;Analisado, aguardando atendimento a notificação;PE;0,7336
PA-1507300-6791E4D3A63C47B583154B06FF646423;PA;São Félix do Xingu;Curso d'água natural de até 10 metros;Analisado, aguardando atendimento a notificação;PE;0,1851
PA-1507300-67AE89C58FEB4CCBB6F0CE09D77767A5;PA;São Félix do Xingu;Curso d'água natural de até 10 metros;Analisado, aguardando atendimento a notificação;SU;0,4128
PA-1507300-67C8936A14034F1DA76BDD1F1C411E43;PA;São Félix do Xingu;Curso d'água natural de até 10 metros;Analisado, aguardando atendimento a notificação;SU;0,0535
PA-1507300-68217660488343758DF46A7A7B404E65;PA;São Félix do Xingu;Curso d'água natural de até 10 metros;Aguardando análise;PE;3,4038
PA-1507300-687FC43BD2844C2C931850EACB3F1550;PA;São Félix do Xingu;Curso d'água natural de até 10 metros;Analisado, aguardando atendimento a notificação;PE;0,0209
PA-1507300-68AEA313AABE42C98B3871E65AB3305D;PA;São Félix do Xingu;Curso d'água natural de até 10 metros;Analisado, aguardando atendimento a notificação;PE;0,2710
PA-1507300-692A3763917240EA8CD65FCBC836CF53;PA;São Félix do Xingu;Curso d'água natural de até 10 metros;Analisado, aguardando atendimento a notificação;AT;0,0319
PA-1507300-69374A3088DE47E98137195D38E5BE9B;PA;São Félix do Xingu;Curso d'água natural de até 10 metros;Analisado, aguardando atendimento a notificação;PE;0,1485
PA-1507300-693EA658716B47D69DCD8378F4449F67;PA;São Félix do Xingu;Curso d'água natural de até 10 metros;Analisado, aguardando atendimento a notificação;PE;0,3037
PA-1507300-6961C62AA2DD4A808F9E536F3F794914;PA;São Félix do Xingu;Curso d'água natural de até 10 metros;Analisado, aguardando regularização ambiental (Lei nº 12.651/2012);AT;72,9606
PA-1507300-699B4BFEB13544B2ACC5081834E730A4;PA;São Félix do Xingu;Curso d'água natural de até 10 metros;Analisado, aguardando regularização ambiental (Lei nº 12.651/2012);PE;42,5502
PA-1507300-69AD73A1B3D34DDAA4B749DB40B3F0CC;PA;São Félix do Xingu;Curso d'água natural de até 10 metros;Analisado, aguardando atendimento a notificação;AT;0,0987
PA-1507300-69C34917D70F4D75926C6F4E5EB085E5;PA;São Félix do Xingu;Curso d'água natural de até 10 metros;Analisado, aguardando atendimento a notificação;SU;4,0376
PA-1507300-69DCB1C9E6684ADA9417151EE3FF12B1;PA;São Félix do Xingu;Curso d'água natural de até 10 metros;Aguardando análise;PE;2,4333
PA-1507300-6A1E553441FC4A649A063D3D6D8F219D;PA;São Félix do Xingu;Curso d'água natural de até 10 metros;Aguardando análise;PE;0,6299
PA-1507300-6A44DB25644A490599B146891A754174;PA;São Félix do Xingu;Curso d'água natural de até 10 metros;Analisado, aguardando atendimento a notificação;PE;0,4676
PA-1507300-6A4EE4CA87524A249C8CB581F9B7AD9A;PA;São Félix do Xingu;Curso d'água natural de até 10 metros;Aguardando análise;AT;0,9303
PA-1507300-6A9692CE545F436F95C51E3A78053122;PA;São Félix do Xingu;Curso d'água natural de até 10 metros;Analisado, aguardando regularização ambiental (Lei nº 12.651/2012);AT;0,7601
PA-1507300-6ABD3277414949B7BA32065C4A690A08;PA;São Félix do Xingu;Curso d'água natural de até 10 metros;Analisado sem pendências;AT;0,2878
PA-1507300-6ADDF93BE1784A3492B412DF2390DFB6;PA;São Félix do Xingu;Curso d'água natural de até 10 metros;Analisado, aguardando atendimento a notificação;PE;2,7813
PA-1507300-6AF46B346E2C430DB39FCAF0CEBE367D;PA;São Félix do Xingu;Curso d'água natural de até 10 metros;Analisado, aguardando atendimento a notificação;PE;0,1659
PA-1507300-6B3E7CD6E27B462D8316CC6E490B6C5A;PA;São Félix do Xingu;Curso d'água natural de até 10 metros;Analisado, aguardando regularização ambiental (Lei nº 12.651/2012);PE;29,7028
PA-1507300-6BBD67561ACF423C80C3FFBA5F59A46C;PA;São Félix do Xingu;Curso d'água natural de até 10 metros;Analisado, aguardando atendimento a notificação;PE;21,7155
PA-1507300-6C5B5C4C4E9242CA85BDA17B32F6B7BF;PA;São Félix do Xingu;Curso d'água natural de até 10 metros;Aguardando análise;PE;0,0867
PA-1507300-6C77CA2E23914FEA89EA842252316CC1;PA;São Félix do Xingu;Curso d'água natural de até 10 metros;Analisado, aguardando atendimento a notificação;PE;0,2791
PA-1507300-6C92115778F84A11AE2D6F1B942072C0;PA;São Félix do Xingu;Curso d'água natural de até 10 metros;Analisado, aguardando atendimento a notificação;PE;0,1142
PA-1507300-6C92C2999343488CA9685A334F4D1A08;PA;São Félix do Xingu;Curso d'água natural de até 10 metros;Analisado, aguardando atendimento a notificação;PE;0,0816
PA-1507300-6C94E7260AE64EEA8183BF8C777A1248;PA;São Félix do Xingu;Curso d'água natural de até 10 metros;Analisado, aguardando atendimento a notificação;PE;0,0266
PA-1507300-6CE9B873B7F143B68147FEDDE302DD16;PA;São Félix do Xingu;Curso d'água natural de até 10 metros;Analisado, aguardando atendimento a notificação;PE;0,3533
PA-1507300-6CFB83357342405590BCD86C95737753;PA;São Félix do Xingu;Curso d'água natural de até 10 metros;Analisado sem pendências;AT;2,0289
PA-1507300-6D1200AF44F7486AA388D02E62B31686;PA;São Félix do Xingu;Curso d'água natural de até 10 metros;Analisado, aguardando atendimento a notificação;SU;26,7689
PA-1507300-6D1D8235F7AB4316907C2484B99D4AD4;PA;São Félix do Xingu;Curso d'água natural de até 10 metros;Analisado, aguardando regularização ambiental (Lei nº 12.651/2012);AT;2,1765
PA-1507300-6D53B14C200A4F73935C6E01E75D40E3;PA;São Félix do Xingu;Curso d'água natural de até 10 metros;Analisado, aguardando atendimento a notificação;PE;0,5628
PA-1507300-6D7D3FD4F1A04E3FA6D4443B1E0E48D8;PA;São Félix do Xingu;Curso d'água natural de até 10 metros;Analisado, aguardando atendimento a notificação;PE;0,7728
PA-1507300-6DD34E56651A41459CE1368EB48C5999;PA;São Félix do Xingu;Curso d'água natural de até 10 metros;Analisado, aguardando atendimento a notificação;PE;0,1505
PA-1507300-6DFA4323FA4A4D72899133AA1A9DAC9F;PA;São Félix do Xingu;Curso d'água natural de até 10 metros;Aguardando análise;PE;0,4772
PA-1507300-6E41654D6606495AABF1278A6B10878F;PA;São Félix do Xingu;Curso d'água natural de até 10 metros;Analisado, aguardando atendimento a notificação;PE;32,0105
PA-1507300-6E43F1944DC84B06AC4896BB66D71FEA;PA;São Félix do Xingu;Curso d'água natural de até 10 metros;Analisado, aguardando atendimento a notificação;AT;0,1833
PA-1507300-6E5D3DBA9D364DC8BC4AB7BCC5D0CE71;PA;São Félix do Xingu;Curso d'água natural de até 10 metros;Analisado, aguardando regularização ambiental (Lei nº 12.651/2012);AT;1,9588
PA-1507300-6E61B6B0CB1A4E988C1DE6992F0D18DA;PA;São Félix do Xingu;Curso d'água natural de até 10 metros;Analisado, aguardando atendimento a notificação;PE;0,1221
PA-1507300-6E7C020CD08B43A1A1BFA26278A832E1;PA;São Félix do Xingu;Curso d'água natural de até 10 metros;Analisado, aguardando atendimento a notificação;PE;0,1026
PA-1507300-6E7D0C6237324E2184DB3CD0C2D74F16;PA;São Félix do Xingu;Curso d'água natural de até 10 metros;Analisado, aguardando regularização ambiental (Lei nº 12.651/2012);AT;1,1531
PA-1507300-6EAC6C6544B64291BA22F41776AFB244;PA;São Félix do Xingu;Curso d'água natural de até 10 metros;Analisado, aguardando regularização ambiental (Lei nº 12.651/2012);PE;1,1188
PA-1507300-6EC923B54FE84827A01D0ECCD7508220;PA;São Félix do Xingu;Curso d'água natural de até 10 metros;Analisado, aguardando atendimento a notificação;SU;0,2216
PA-1507300-6F098E9D917F49A0952471D75BFF285F;PA;São Félix do Xingu;Curso d'água natural de até 10 metros;Analisado, aguardando atendimento a notificação;PE;1,7251
PA-1507300-6F5956CA257F474AAA88F600A46795FC;PA;São Félix do Xingu;Curso d'água natural de até 10 metros;Analisado, aguardando atendimento a notificação;PE;2,6174
PA-1507300-6F7CD1F9AE1044FE90CCFF36EF512361;PA;São Félix do Xingu;Curso d'água natural de até 10 metros;Analisado, aguardando atendimento a notificação;PE;0,0494
PA-1507300-6F8CB54E55D14170AE0C8DA0C9634FEB;PA;São Félix do Xingu;Curso d'água natural de até 10 metros;Analisado, aguardando atendimento a notificação;PE;1,3520
PA-1507300-6FAEF5F24BA940CE8B15D30A6D6C33E8;PA;São Félix do Xingu;Curso d'água natural de até 10 metros;Aguardando análise;SU;8,3275
PA-1507300-6FCBBB306E6044AF9DD8604B310DD1D3;PA;São Félix do Xingu;Curso d'água natural de até 10 metros;Analisado, aguardando atendimento a notificação;PE;2,2851
PA-1507300-6FDF015C674D4CABAA31F1891724D21F;PA;São Félix do Xingu;Curso d'água natural de até 10 metros;Analisado, aguardando atendimento a notificação;PE;0,0700
PA-1507300-6FFC638CC2914E60AFD1820A42457851;PA;São Félix do Xingu;Curso d'água natural de até 10 metros;Analisado, aguardando regularização ambiental (Lei nº 12.651/2012);AT;0,7219
PA-1507300-7012D22464134CBB819F197B85BF340D;PA;São Félix do Xingu;Curso d'água natural de até 10 metros;Analisado, aguardando atendimento a notificação;PE;0,0805
PA-1507300-702597B8E18242378BC5E5EB81B0970E;PA;São Félix do Xingu;Curso d'água natural de até 10 metros;Analisado, aguardando atendimento a notificação;PE;1,2655
PA-1507300-703E33FC58364C9CBA8D160C58D21666;PA;São Félix do Xingu;Curso d'água natural de até 10 metros;Analisado, aguardando atendimento a notificação;PE;0,2627
PA-1507300-70AA4A4F40324E0D8FD3DF43405F1527;PA;São Félix do Xingu;Curso d'água natural de até 10 metros;Analisado, aguardando atendimento a notificação;PE;8,5913
PA-1507300-70E5CABDDA02477F9FB5EFD02D4AACD7;PA;São Félix do Xingu;Curso d'água natural de até 10 metros;Analisado, aguardando atendimento a notificação;PE;0,6864
PA-1507300-712140CC2320423BB5B299646C0997DE;PA;São Félix do Xingu;Curso d'água natural de até 10 metros;Analisado, aguardando atendimento a notificação;PE;0,2586
PA-1507300-713E70F40FF04298A99E9A94B7067604;PA;São Félix do Xingu;Curso d'água natural de até 10 metros;Analisado, aguardando atendimento a notificação;PE;0,1218
PA-1507300-71892DB69F914EB9A354420634E97E59;PA;São Félix do Xingu;Curso d'água natural de até 10 metros;Analisado sem pendências;AT;0,2476
PA-1507300-718C9A65C88141FB8EFEBF48FE16010F;PA;São Félix do Xingu;Curso d'água natural de até 10 metros;Analisado, aguardando regularização ambiental (Lei nº 12.651/2012);AT;4,1508
PA-1507300-71AF09FBC9054BB78277E81311D3939B;PA;São Félix do Xingu;Curso d'água natural de até 10 metros;Analisado, aguardando regularização ambiental (Lei nº 12.651/2012);AT;0,9577
PA-1507300-71EAF54FEF744E39ACC084076F2B527C;PA;São Félix do Xingu;Curso d'água natural de até 10 metros;Analisado, aguardando atendimento a notificação;PE;1,8146
PA-1507300-71FF49FBFA854C0388F60AB86D04BF34;PA;São Félix do Xingu;Curso d'água natural de até 10 metros;Analisado, aguardando atendimento a notificação;SU;0,2533
PA-1507300-7227CF11D88946E583301E51E69448CB;PA;São Félix do Xingu;Curso d'água natural de até 10 metros;Analisado, aguardando atendimento a notificação;PE;0,1421
PA-1507300-72B9BDDC7E6340AD91DA3184D4B736C9;PA;São Félix do Xingu;Curso d'água natural de até 10 metros;Analisado, aguardando atendimento a notificação;PE;0,1029
PA-1507300-72FD07ED8C324A409C7C36C3CB0F065D;PA;São Félix do Xingu;Curso d'água natural de até 10 metros;Analisado, aguardando atendimento a notificação;PE;3,3825
PA-1507300-73055D64B87F4C5388910257DC34666D;PA;São Félix do Xingu;Curso d'água natural de até 10 metros;Analisado, aguardando atendimento a notificação;PE;0,2505
PA-1507300-731ACF9C70EC4F939E58329547019861;PA;São Félix do Xingu;Curso d'água natural de até 10 metros;Analisado, aguardando atendimento a notificação;PE;0,4690
PA-1507300-731CE09DB55C4D0895A9B8C8930910C3;PA;São Félix do Xingu;Curso d'água natural de até 10 metros;Aguardando análise;AT;1,5499
PA-1507300-7327624DAC3B4519A83E87ED682CB6D9;PA;São Félix do Xingu;Curso d'água natural de até 10 metros;Analisado, aguardando atendimento a notificação;PE;1,3707
PA-1507300-7335A0FC0FF845438B40112BACE5C2F2;PA;São Félix do Xingu;Curso d'água natural de até 10 metros;Analisado, aguardando atendimento a notificação;PE;1,7296
PA-1507300-733E892D769649C18DEA176F74FAF300;PA;São Félix do Xingu;Curso d'água natural de até 10 metros;Analisado, aguardando regularização ambiental (Lei nº 12.651/2012);AT;0,6310
PA-1507300-73B42AB4CF1B4981B4AC77DD18890095;PA;São Félix do Xingu;Curso d'água natural de até 10 metros;Analisado, aguardando atendimento a notificação;PE;0,2121
PA-1507300-73C777B8CEC64B09B7BDB2241ADEA09E;PA;São Félix do Xingu;Curso d'água natural de até 10 metros;Analisado, aguardando atendimento a notificação;PE;0,2596
PA-1507300-73DA2A69D2A34E15A235672588C02975;PA;São Félix do Xingu;Curso d'água natural de até 10 metros;Analisado, aguardando atendimento a notificação;PE;0,6084
PA-1507300-74226D3CCD5D412D8727526879C7F85A;PA;São Félix do Xingu;Curso d'água natural de até 10 metros;Analisado, aguardando atendimento a notificação;PE;0,2842
PA-1507300-74772DEAEEE84E1EA4B51606EAC30BC2;PA;São Félix do Xingu;Curso d'água natural de até 10 metros;Aguardando análise;PE;0,6155
PA-1507300-7480E033792B493195A38CB71BB229C6;PA;São Félix do Xingu;Curso d'água natural de até 10 metros;Analisado, aguardando atendimento a notificação;AT;1,0203
PA-1507300-74978750D67D41B1B487231C8BC9AE92;PA;São Félix do Xingu;Curso d'água natural de até 10 metros;Analisado, aguardando atendimento a notificação;AT;2,1504
PA-1507300-74C9E918B4814166AEE1F34230B8090D;PA;São Félix do Xingu;Curso d'água natural de até 10 metros;Aguardando análise;PE;1,2973
PA-1507300-74E7E4B0D8914D41852F0CE5DCCA50D2;PA;São Félix do Xingu;Curso d'água natural de até 10 metros;Analisado, aguardando regularização ambiental (Lei nº 12.651/2012);AT;2,7712
PA-1507300-7529356241534D9A95C04431663EE929;PA;São Félix do Xingu;Curso d'água natural de até 10 metros;Analisado, aguardando atendimento a notificação;PE;0,4089
PA-1507300-75736ED8D69E4548B871D2994D94A81D;PA;São Félix do Xingu;Curso d'água natural de até 10 metros;Analisado, aguardando atendimento a notificação;SU;0,4303
PA-1507300-7584E61F428A4020937356048AA4C24A;PA;São Félix do Xingu;Curso d'água natural de até 10 metros;Analisado, aguardando regularização ambiental (Lei nº 12.651/2012);AT;5,1343
PA-1507300-758DA3B48EC644F9831F7385084DB401;PA;São Félix do Xingu;Curso d'água natural de até 10 metros;Analisado, aguardando regularização ambiental (Lei nº 12.651/2012);AT;11,5394
PA-1507300-759AD6452E114D0CBA9242D5A3A94610;PA;São Félix do Xingu;Curso d'água natural de até 10 metros;Analisado, aguardando atendimento a notificação;PE;0,0754
PA-1507300-75B621A4F17E4033B98D8FDB26C09EA8;PA;São Félix do Xingu;Curso d'água natural de até 10 metros;Analisado, aguardando atendimento a notificação;PE;0,2198
PA-1507300-762ACD1084F141599A6C266B26ED60E5;PA;São Félix do Xingu;Curso d'água natural de até 10 metros;Analisado, aguardando atendimento a notificação;PE;0,9557
PA-1507300-764F574BFC114543B52C55774704C57A;PA;São Félix do Xingu;Curso d'água natural de até 10 metros;Analisado, aguardando atendimento a notificação;AT;2,4657
PA-1507300-765FA8B9743249FFBD57CE9E4D09AA88;PA;São Félix do Xingu;Curso d'água natural de até 10 metros;Analisado, aguardando atendimento a notificação;PE;0,4085
PA-1507300-766F8EC0D9AF44B19F5E9EBB0295C940;PA;São Félix do Xingu;Curso d'água natural de até 10 metros;Aguardando análise;PE;0,4302
PA-1507300-76C1DC2AE0AA447CA4555ABD247CE2D8;PA;São Félix do Xingu;Curso d'água natural de até 10 metros;Analisado, aguardando atendimento a notificação;PE;0,0970
PA-1507300-76DD8D890F2D4B6FAE1FC65352CBA78A;PA;São Félix do Xingu;Curso d'água natural de até 10 metros;Analisado, aguardando atendimento a notificação;PE;0,5717
PA-1507300-77116902FD994E98B52545D6D97851EC;PA;São Félix do Xingu;Curso d'água natural de até 10 metros;Analisado, aguardando regularização ambiental (Lei nº 12.651/2012);AT;6,8738
PA-1507300-7747FC52CABB40E39E669D443F190CB3;PA;São Félix do Xingu;Curso d'água natural de até 10 metros;Analisado, aguardando atendimento a notificação;PE;1,3066
PA-1507300-77D45554FBC042908A5D29EFEB091E25;PA;São Félix do Xingu;Curso d'água natural de até 10 metros;Aguardando análise;PE;25,7923
PA-1507300-77E0BAF655084A5486D947E919EE987E;PA;São Félix do Xingu;Curso d'água natural de até 10 metros;Analisado, aguardando atendimento a notificação;PE;0,6695
PA-1507300-7856A0659CC84159968350029DEAA3B2;PA;São Félix do Xingu;Curso d'água natural de até 10 metros;Analisado, aguardando regularização ambiental (Lei nº 12.651/2012);PE;8,5682
PA-1507300-78893293261B42D1815180EF9C29CCE1;PA;São Félix do Xingu;Curso d'água natural de até 10 metros;Analisado, aguardando atendimento a notificação;PE;0,1426
PA-1507300-78DC49840890464AA315CCA53A950C65;PA;São Félix do Xingu;Curso d'água natural de até 10 metros;Analisado, aguardando atendimento a notificação;PE;0,2608
PA-1507300-791AB6A376DA4D77BCA417474B23937A;PA;São Félix do Xingu;Curso d'água natural de até 10 metros;Aguardando análise;PE;0,0326
PA-1507300-79710FFD5BD442868620D79A92BB89D7;PA;São Félix do Xingu;Curso d'água natural de até 10 metros;Analisado, aguardando atendimento a notificação;PE;0,0457
PA-1507300-79903F9AA66F4F79A24D933CABB619F3;PA;São Félix do Xingu;Curso d'água natural de até 10 metros;Analisado, aguardando regularização ambiental (Lei nº 12.651/2012);AT;17,0707
PA-1507300-799B5581E41442BCA0FC6ED69DE07BA4;PA;São Félix do Xingu;Curso d'água natural de até 10 metros;Analisado, aguardando atendimento a notificação;PE;2,3724
PA-1507300-79BCBA818B614A529834DFDB5F75DE8D;PA;São Félix do Xingu;Curso d'água natural de até 10 metros;Analisado, aguardando atendimento a notificação;PE;40,1584
PA-1507300-79F1D6B6BEF140B997705B7925433B6F;PA;São Félix do Xingu;Curso d'água natural de até 10 metros;Analisado, aguardando atendimento a notificação;SU;13,2937
PA-1507300-7A15188778074DDFA7AD621E5E48486C;PA;São Félix do Xingu;Curso d'água natural de até 10 metros;Analisado, aguardando atendimento a notificação;PE;1,3917
PA-1507300-7A759EF67A84437485D6CAAE9D2F9A24;PA;São Félix do Xingu;Curso d'água natural de até 10 metros;Analisado, aguardando atendimento a notificação;SU;0,1371
PA-1507300-7A8C4B3717F64424979C4DCA2302A784;PA;São Félix do Xingu;Curso d'água natural de até 10 metros;Analisado, aguardando atendimento a notificação;PE;0,2805
PA-1507300-7ABCE648B1714D8782F5CFB741716E02;PA;São Félix do Xingu;Curso d'água natural de até 10 metros;Analisado, aguardando atendimento a notificação;SU;0,2424
PA-1507300-7AC5DB2F8C104981881865CFE4831205;PA;São Félix do Xingu;Curso d'água natural de até 10 metros;Analisado, aguardando atendimento a notificação;SU;0,3375
PA-1507300-7ADE9FAD68F14EC3BB34726E96D4E4ED;PA;São Félix do Xingu;Curso d'água natural de até 10 metros;Aguardando análise;AT;2,1680
PA-1507300-7B0D6D8A45224A199ACDA0EC587CCA70;PA;São Félix do Xingu;Curso d'água natural de até 10 metros;Analisado, aguardando atendimento a notificação;PE;1,0759
PA-1507300-7B66AA742CF644DB94850CA007B867D2;PA;São Félix do Xingu;Curso d'água natural de até 10 metros;Analisado, aguardando atendimento a notificação;PE;0,1422
PA-1507300-7C05EB244C3147A1B6BEC453C8A2DFC0;PA;São Félix do Xingu;Curso d'água natural de até 10 metros;Analisado, aguardando atendimento a notificação;PE;5,5061
PA-1507300-7C2B22A92C8543AD868A341C2C1BAB3E;PA;São Félix do Xingu;Curso d'água natural de até 10 metros;Analisado, aguardando atendimento a notificação;PE;0,3981
PA-1507300-7C5DE1A22C8949689A41914C78CCE0A7;PA;São Félix do Xingu;Curso d'água natural de até 10 metros;Aguardando análise;PE;0,6402
PA-1507300-7C6DB76E02B24BE3B54C3A0A4C0465B0;PA;São Félix do Xingu;Curso d'água natural de até 10 metros;Analisado, aguardando atendimento a notificação;SU;0,1591
PA-1507300-7CA41E1790E347FFA41E19795A0FB67F;PA;São Félix do Xingu;Curso d'água natural de até 10 metros;Analisado, aguardando atendimento a notificação;AT;0,0880
PA-1507300-7CF8922B2C584A4DA0F461E20BDED384;PA;São Félix do Xingu;Curso d'água natural de até 10 metros;Analisado, aguardando atendimento a notificação;PE;0,1580
PA-1507300-7D9A1E48B9C84BABAFA89A097EAEC2B7;PA;São Félix do Xingu;Curso d'água natural de até 10 metros;Analisado, aguardando regularização ambiental (Lei nº 12.651/2012);AT;10,6208
PA-1507300-7E2F3A7B633343AFA92980EFFF83B803;PA;São Félix do Xingu;Curso d'água natural de até 10 metros;Analisado, aguardando atendimento a notificação;SU;0,1619
PA-1507300-7E42413AB8D749F0B2585CE588963C24;PA;São Félix do Xingu;Curso d'água natural de até 10 metros;Analisado, aguardando atendimento a notificação;PE;0,8355
PA-1507300-7E4607BA5A8C46E69F87B27FA6BE75B3;PA;São Félix do Xingu;Curso d'água natural de até 10 metros;Analisado, aguardando atendimento a notificação;SU;1,7280
PA-1507300-7EED650E5D0249E5B3C4CD3930B57DE1;PA;São Félix do Xingu;Curso d'água natural de até 10 metros;Analisado, aguardando regularização ambiental (Lei nº 12.651/2012);AT;1,5702
PA-1507300-7F2D2A90E1BE4C4B9FCFFC952E56C805;PA;São Félix do Xingu;Curso d'água natural de até 10 metros;Analisado, aguardando atendimento a notificação;PE;0,3573
PA-1507300-7F3B828E8E9F4D22B341E1E238CC1603;PA;São Félix do Xingu;Curso d'água natural de até 10 metros;Analisado, aguardando atendimento a notificação;PE;0,1875
PA-1507300-7FBE003FDD5A476685E0182348935DC3;PA;São Félix do Xingu;Curso d'água natural de até 10 metros;Aguardando análise;PE;1,2704
PA-1507300-7FF67FA0DF56471EA87BE394FFFA6EE0;PA;São Félix do Xingu;Curso d'água natural de até 10 metros;Analisado, aguardando regularização ambiental (Lei nº 12.651/2012);PE;16,8971
PA-1507300-800B48B36A8A4730B92E2A0A824AA88E;PA;São Félix do Xingu;Curso d'água natural de até 10 metros;Analisado, aguardando atendimento a notificação;PE;0,0518
PA-1507300-801EE850E9BC429A9DAB88FB3E01BED2;PA;São Félix do Xingu;Curso d'água natural de até 10 metros;Analisado, aguardando atendimento a notificação;PE;0,7718
PA-1507300-807E3CBBE66B4C43AB025A30F7516750;PA;São Félix do Xingu;Curso d'água natural de até 10 metros;Analisado, aguardando atendimento a notificação;PE;0,0629
PA-1507300-80885391A82947649497553DB58FCAB4;PA;São Félix do Xingu;Curso d'água natural de até 10 metros;Analisado, aguardando regularização ambiental (Lei nº 12.651/2012);AT;0,8883
PA-1507300-809BFE1B154D4188892652527AEF3FEB;PA;São Félix do Xingu;Curso d'água natural de até 10 metros;Analisado, aguardando atendimento a notificação;PE;0,0361
PA-1507300-80A89B3CD3024EEFADAF1613B058D25D;PA;São Félix do Xingu;Curso d'água natural de até 10 metros;Analisado, aguardando atendimento a notificação;PE;1,8160
PA-1507300-80AAED2F3DA7419789C01DE7AFE67BEC;PA;São Félix do Xingu;Curso d'água natural de até 10 metros;Aguardando análise;PE;0,7108
PA-1507300-80D70E9674B74027A8AF7E5A3AD428C8;PA;São Félix do Xingu;Curso d'água natural de até 10 metros;Analisado, aguardando atendimento a notificação;PE;0,3439
PA-1507300-80FFB2381E5A47439AD322AADE3B6BE5;PA;São Félix do Xingu;Curso d'água natural de até 10 metros;Analisado, aguardando atendimento a notificação;PE;0,5038
PA-1507300-8112E7E14EEB44629D8EA3598BBF5E71;PA;São Félix do Xingu;Curso d'água natural de até 10 metros;Analisado, aguardando atendimento a notificação;PE;0,6056
PA-1507300-81822451A5294BEBB652580D7E17FD8B;PA;São Félix do Xingu;Curso d'água natural de até 10 metros;Analisado, aguardando atendimento a notificação;PE;1,9197
PA-1507300-819FA10151324A2CA7F6298557341B9D;PA;São Félix do Xingu;Curso d'água natural de até 10 metros;Analisado, aguardando atendimento a notificação;PE;0,6995
PA-1507300-81B2834204074734A278E91CECEAF593;PA;São Félix do Xingu;Curso d'água natural de até 10 metros;Analisado, aguardando atendimento a notificação;PE;0,2088
PA-1507300-81C7357DDC334310ABBCB96D7C297743;PA;São Félix do Xingu;Curso d'água natural de até 10 metros;Aguardando análise;PE;0,4335
PA-1507300-822FC49767454736ABD49596B1F3B1A4;PA;São Félix do Xingu;Curso d'água natural de até 10 metros;Aguardando análise;SU;0,4130
PA-1507300-82A2D9CBF67F463BB42D9F6B0AE11A04;PA;São Félix do Xingu;Curso d'água natural de até 10 metros;Analisado, aguardando atendimento a notificação;PE;0,2927
PA-1507300-82FF0A43D2B54C39BC8ACFEE8D8331E9;PA;São Félix do Xingu;Curso d'água natural de até 10 metros;Analisado, aguardando atendimento a notificação;PE;1,2127
PA-1507300-836051683F0B4DA4BE9F2924C1B2F67D;PA;São Félix do Xingu;Curso d'água natural de até 10 metros;Analisado, aguardando atendimento a notificação;PE;0,0844
PA-1507300-838C0F51998C4CAB90A00C1CD2B0B7B3;PA;São Félix do Xingu;Curso d'água natural de até 10 metros;Analisado, aguardando regularização ambiental (Lei nº 12.651/2012);AT;1,5386
PA-1507300-83ADFFEE29C149CCAE7123277D6076B9;PA;São Félix do Xingu;Curso d'água natural de até 10 metros;Analisado, aguardando atendimento a notificação;PE;0,0247
PA-1507300-83FA7B9A4610452E8B82D682B670FB8A;PA;São Félix do Xingu;Curso d'água natural de até 10 metros;Analisado, aguardando atendimento a notificação;PE;0,3333
PA-1507300-8414F6592DC243C5B94DA2A92CDFEE7D;PA;São Félix do Xingu;Curso d'água natural de até 10 metros;Analisado, aguardando atendimento a notificação;PE;0,0850
PA-1507300-8441DF9DB73140A2B86D6BEAF72CEE42;PA;São Félix do Xingu;Curso d'água natural de até 10 metros;Analisado, aguardando atendimento a notificação;PE;0,2210
PA-1507300-844419014B6D40FA9CC18F1316BA9D55;PA;São Félix do Xingu;Curso d'água natural de até 10 metros;Analisado, aguardando atendimento a notificação;PE;0,4619
PA-1507300-8466FB815ECA411E8B993F1BF8235A55;PA;São Félix do Xingu;Curso d'água natural de até 10 metros;Analisado, aguardando atendimento a notificação;AT;0,2815
PA-1507300-846722DE994D40969D5E326024505028;PA;São Félix do Xingu;Curso d'água natural de até 10 metros;Analisado, aguardando atendimento a notificação;AT;0,3916
PA-1507300-850FFA0A3D654124A7A5F1F313B8D67E;PA;São Félix do Xingu;Curso d'água natural de até 10 metros;Analisado, aguardando atendimento a notificação;PE;0,5951
PA-1507300-853726EED8494D7C9192714AEAC23747;PA;São Félix do Xingu;Curso d'água natural de até 10 metros;Analisado, aguardando atendimento a notificação;PE;0,0925
PA-1507300-8570B3FE2C594F75886B257DB946EF60;PA;São Félix do Xingu;Curso d'água natural de até 10 metros;Analisado, aguardando atendimento a notificação;PE;0,1893
PA-1507300-858E3FD2E9DB4FED944E5A8D520B0CD5;PA;São Félix do Xingu;Curso d'água natural de até 10 metros;Analisado, aguardando atendimento a notificação;PE;0,6412
PA-1507300-85997F4BEB304896B350B0D07D738778;PA;São Félix do Xingu;Curso d'água natural de até 10 metros;Analisado, aguardando regularização ambiental (Lei nº 12.651/2012);AT;2,2495
PA-1507300-85B655A23F59497C848A9F1402865B79;PA;São Félix do Xingu;Curso d'água natural de até 10 metros;Analisado, aguardando regularização ambiental (Lei nº 12.651/2012);AT;0,3341
PA-1507300-85E008C90425494594C90A3164A504AC;PA;São Félix do Xingu;Curso d'água natural de até 10 metros;Analisado, aguardando atendimento a notificação;PE;0,1757
PA-1507300-85E6542F751844C4A66CA089DA9146EC;PA;São Félix do Xingu;Curso d'água natural de até 10 metros;Analisado, aguardando atendimento a notificação;PE;5,6891
PA-1507300-86365E2111D14C4BAB13F322DC603607;PA;São Félix do Xingu;Curso d'água natural de até 10 metros;Analisado, aguardando atendimento a notificação;PE;0,2757
PA-1507300-868D2134501546588A0FAF0B4C822BD0;PA;São Félix do Xingu;Curso d'água natural de até 10 metros;Aguardando análise;AT;0,0485
PA-1507300-86BD749CD09A4BA7937B1D0ED97EA242;PA;São Félix do Xingu;Curso d'água natural de até 10 metros;Analisado, aguardando atendimento a notificação;PE;0,5376
PA-1507300-86E24BAC5BD343C4839DDFEDECA35511;PA;São Félix do Xingu;Curso d'água natural de até 10 metros;Aguardando análise;AT;0,9141
PA-1507300-86F34AC1CEED449183155D765BC678CF;PA;São Félix do Xingu;Curso d'água natural de até 10 metros;Analisado, aguardando regularização ambiental (Lei nº 12.651/2012);AT;1,2760
PA-1507300-8709E543D4214A7E815651A4F0E9EBE4;PA;São Félix do Xingu;Curso d'água natural de até 10 metros;Analisado, aguardando atendimento a notificação;PE;0,5834
PA-1507300-871251096F5F44FEB1CE3280F53F5102;PA;São Félix do Xingu;Curso d'água natural de até 10 metros;Analisado, aguardando atendimento a notificação;PE;0,0795
PA-1507300-8727CB306B9E49498C1A0C86D473195A;PA;São Félix do Xingu;Curso d'água natural de até 10 metros;Analisado, aguardando regularização ambiental (Lei nº 12.651/2012);AT;2,4686
PA-1507300-8771D84E9A85402CAA479B8FADC04BE1;PA;São Félix do Xingu;Curso d'água natural de até 10 metros;Analisado, aguardando atendimento a notificação;SU;0,5491
PA-1507300-879BF30A842549D2B404FA0DEEE17F8A;PA;São Félix do Xingu;Curso d'água natural de até 10 metros;Analisado, aguardando atendimento a notificação;AT;1,6049
PA-1507300-881F506D8A1C4CF18F5B6C3FF4962062;PA;São Félix do Xingu;Curso d'água natural de até 10 metros;Analisado, aguardando atendimento a notificação;PE;0,6436
PA-1507300-8821A6DC6CD04A1B9860FB9CF5D06CD0;PA;São Félix do Xingu;Curso d'água natural de até 10 metros;Analisado, aguardando atendimento a notificação;PE;2,0648
PA-1507300-884EF2A521D24FAF9FE5A11F60B60AD8;PA;São Félix do Xingu;Curso d'água natural de até 10 metros;Analisado, aguardando atendimento a notificação;PE;0,7622
PA-1507300-88643B262E074AA3A9B51377FCF93D32;PA;São Félix do Xingu;Curso d'água natural de até 10 metros;Analisado, aguardando regularização ambiental (Lei nº 12.651/2012);AT;5,2686
PA-1507300-8865CCAE4FC64B5BB7D07A90539B9E87;PA;São Félix do Xingu;Curso d'água natural de até 10 metros;Analisado, aguardando atendimento a notificação;AT;20,7349
PA-1507300-88A9DBEBEA7C4AB285ED981C78DF8ABC;PA;São Félix do Xingu;Curso d'água natural de até 10 metros;Analisado, aguardando regularização ambiental (Lei nº 12.651/2012);AT;1,3831
PA-1507300-8921F911D531423A81386856D84E1FB2;PA;São Félix do Xingu;Curso d'água natural de até 10 metros;Analisado, aguardando regularização ambiental (Lei nº 12.651/2012);AT;1,4800
PA-1507300-898F4A79DBF643D4BF117934008A4614;PA;São Félix do Xingu;Curso d'água natural de até 10 metros;Analisado, aguardando atendimento a notificação;PE;0,2580
PA-1507300-8997454FA29E40D39A20B3EC25B88759;PA;São Félix do Xingu;Curso d'água natural de até 10 metros;Analisado, aguardando atendimento a notificação;SU;5,7092
PA-1507300-89A23C67E7B045828EB80AD48C8193DD;PA;São Félix do Xingu;Curso d'água natural de até 10 metros;Analisado, aguardando regularização ambiental (Lei nº 12.651/2012);AT;5,6973
PA-1507300-89BB79D3823B46C5A3E7578657D07B07;PA;São Félix do Xingu;Curso d'água natural de até 10 metros;Analisado, em conformidade com a Lei nº 12.651/2012;AT;0,0842
PA-1507300-89FE27BC0040472481B377BC272052C2;PA;São Félix do Xingu;Curso d'água natural de até 10 metros;Analisado, aguardando atendimento a notificação;PE;1,1220
PA-1507300-8A03C6EDF20B4ADFA63500EA29762989;PA;São Félix do Xingu;Curso d'água natural de até 10 metros;Analisado, aguardando atendimento a notificação;PE;1,2875
PA-1507300-8A365A1388F440FEBD6FB521A66D4CD0;PA;São Félix do Xingu;Curso d'água natural de até 10 metros;Analisado, aguardando atendimento a notificação;PE;12,2261
PA-1507300-8A38B66F7E8544C084538DE645E08603;PA;São Félix do Xingu;Curso d'água natural de até 10 metros;Analisado, aguardando atendimento a notificação;PE;0,7804
PA-1507300-8A51C9A4470F4559A93B59237042288D;PA;São Félix do Xingu;Curso d'água natural de até 10 metros;Analisado, aguardando atendimento a notificação;AT;22,2212
PA-1507300-8A5275442CCC46DB973337F3A08BCC65;PA;São Félix do Xingu;Curso d'água natural de até 10 metros;Aguardando análise;AT;0,1756
PA-1507300-8A79E8865BDF4DDAB6F78DD531AA98D4;PA;São Félix do Xingu;Curso d'água natural de até 10 metros;Analisado, aguardando atendimento a notificação;SU;0,2151
PA-1507300-8A956CB07C9A4B4889FE182B9A8B0D9C;PA;São Félix do Xingu;Curso d'água natural de até 10 metros;Analisado, aguardando regularização ambiental (Lei nº 12.651/2012);AT;2,4446
PA-1507300-8AD818D2E2EF4038A9D73111A51E4AF1;PA;São Félix do Xingu;Curso d'água natural de até 10 metros;Analisado, aguardando atendimento a notificação;PE;0,1028
PA-1507300-8B22C46D285044D8AF8213E1F844543C;PA;São Félix do Xingu;Curso d'água natural de até 10 metros;Analisado, aguardando regularização ambiental (Lei nº 12.651/2012);AT;0,2259
PA-1507300-8B4B263F33654D6EB5E96F7A398A0507;PA;São Félix do Xingu;Curso d'água natural de até 10 metros;Analisado, aguardando regularização ambiental (Lei nº 12.651/2012);AT;0,9829
PA-1507300-8B5782C1CBC342CA9CEE60815FC49957;PA;São Félix do Xingu;Curso d'água natural de até 10 metros;Analisado, aguardando atendimento a notificação;PE;0,2941
PA-1507300-8B8A9E6031434BB58E7E90FC5A086554;PA;São Félix do Xingu;Curso d'água natural de até 10 metros;Analisado, aguardando atendimento a notificação;PE;0,2262
PA-1507300-8B9981BC38004C9DBEDFF55F53296580;PA;São Félix do Xingu;Curso d'água natural de até 10 metros;Analisado, aguardando regularização ambiental (Lei nº 12.651/2012);AT;0,2504
PA-1507300-8B99D3321D334A0F8A11F83C4E5C3C53;PA;São Félix do Xingu;Curso d'água natural de até 10 metros;Analisado, aguardando atendimento a notificação;PE;11,1722
PA-1507300-8BC07F92B0B64594A469DA8387F1DDAB;PA;São Félix do Xingu;Curso d'água natural de até 10 metros;Analisado, aguardando atendimento a notificação;PE;1,5218
PA-1507300-8BFA40F9B3404344904B3EE81EA66714;PA;São Félix do Xingu;Curso d'água natural de até 10 metros;Aguardando análise;AT;0,3821
PA-1507300-8C098738CF324CD8BF54D192010F4455;PA;São Félix do Xingu;Curso d'água natural de até 10 metros;Analisado, aguardando atendimento a notificação;PE;24,2842
PA-1507300-8C22AA0EAAF74ACAAC175D3BBB43636B;PA;São Félix do Xingu;Curso d'água natural de até 10 metros;Aguardando análise;PE;0,3732
PA-1507300-8C81126ED3B0498189FBC90AAD6999B3;PA;São Félix do Xingu;Curso d'água natural de até 10 metros;Analisado, aguardando regularização ambiental (Lei nº 12.651/2012);AT;1,3318
PA-1507300-8C826325837C4DA996704E898BDF6622;PA;São Félix do Xingu;Curso d'água natural de até 10 metros;Analisado, aguardando atendimento a notificação;PE;0,1665
PA-1507300-8C85CDBB25DF43A9808895064A04D819;PA;São Félix do Xingu;Curso d'água natural de até 10 metros;Aguardando análise;PE;3,9749
PA-1507300-8C87A8E140914102B4F58E14CFD5BE5F;PA;São Félix do Xingu;Curso d'água natural de até 10 metros;Analisado, aguardando atendimento a notificação;PE;0,2364
PA-1507300-8CAC6CDC30394C018E7F951085CB8BCC;PA;São Félix do Xingu;Curso d'água natural de até 10 metros;Aguardando análise;PE;0,2754
PA-1507300-8D2E27FA56C64BFFBB439661EE41C4C9;PA;São Félix do Xingu;Curso d'água natural de até 10 metros;Analisado, aguardando atendimento a notificação;SU;7,7462
PA-1507300-8D7F2CA131D54200A3BF5EF9FCEB72DE;PA;São Félix do Xingu;Curso d'água natural de até 10 metros;Analisado, aguardando atendimento a notificação;PE;0,5361
PA-1507300-8DCACD4AF9CF45BE858DA8662128B4C2;PA;São Félix do Xingu;Curso d'água natural de até 10 metros;Analisado, aguardando atendimento a notificação;PE;54,3602
PA-1507300-8E14045A956C47CB861D0C4F23D65F88;PA;São Félix do Xingu;Curso d'água natural de até 10 metros;Analisado, aguardando atendimento a notificação;PE;2,4146
PA-1507300-8E15F9038F884A8DB36A186917F9E1DE;PA;São Félix do Xingu;Curso d'água natural de até 10 metros;Analisado, aguardando atendimento a notificação;PE;0,3939
PA-1507300-8E20C4BA1CD94CD2ADADD5B58F62D263;PA;São Félix do Xingu;Curso d'água natural de até 10 metros;Aguardando análise;AT;0,1262
PA-1507300-8E291B820BDE45BBB5396CCA18135065;PA;São Félix do Xingu;Curso d'água natural de até 10 metros;Aguardando análise;PE;3,9131
PA-1507300-8E523D23905C4B4886A35AA4F326500F;PA;São Félix do Xingu;Curso d'água natural de até 10 metros;Analisado, aguardando regularização ambiental (Lei nº 12.651/2012);AT;6,8315
PA-1507300-8E5EBDC3072F491ABCFEC1C2E7529977;PA;São Félix do Xingu;Curso d'água natural de até 10 metros;Analisado, aguardando atendimento a notificação;PE;0,6349
PA-1507300-8E646DA16EDE430AB30B7B96207CD9AE;PA;São Félix do Xingu;Curso d'água natural de até 10 metros;Analisado, aguardando atendimento a notificação;PE;0,8169
PA-1507300-8EA750A9E40048A292F523923D010D24;PA;São Félix do Xingu;Curso d'água natural de até 10 metros;Analisado, aguardando atendimento a notificação;PE;1,4510
PA-1507300-8EC5334AC03D47219C673E2109ED832B;PA;São Félix do Xingu;Curso d'água natural de até 10 metros;Analisado, aguardando regularização ambiental (Lei nº 12.651/2012);AT;23,2003
PA-1507300-8F079FDCF4AF4C83A93E463A71DDBA65;PA;São Félix do Xingu;Curso d'água natural de até 10 metros;Analisado, aguardando atendimento a notificação;SU;0,8298
PA-1507300-8F124A19B7604C738D3BC1FB5D8F3AF2;PA;São Félix do Xingu;Curso d'água natural de até 10 metros;Analisado, aguardando atendimento a notificação;SU;0,1935
PA-1507300-8F97D77CD7E94D44B80A5B9287E10A84;PA;São Félix do Xingu;Curso d'água natural de até 10 metros;Aguardando análise;PE;4,7171
PA-1507300-8FA3C52EE45A4FB08D1F10729787D332;PA;São Félix do Xingu;Curso d'água natural de até 10 metros;Analisado, aguardando atendimento a notificação;PE;0,1099
PA-1507300-8FA995525EBE4D9EB3AF316928C2BA25;PA;São Félix do Xingu;Curso d'água natural de até 10 metros;Analisado, aguardando atendimento a notificação;PE;0,3033
PA-1507300-8FAA1FA78040447E9C44548C7451B161;PA;São Félix do Xingu;Curso d'água natural de até 10 metros;Analisado, aguardando atendimento a notificação;PE;0,1925
PA-1507300-8FC370CEF1454B88A6F7232C40210488;PA;São Félix do Xingu;Curso d'água natural de até 10 metros;Aguardando análise;PE;0,8477
PA-1507300-8FCA5BA8AD1F4E0A964CEE6F2C3ACE13;PA;São Félix do Xingu;Curso d'água natural de até 10 metros;Analisado, aguardando atendimento a notificação;PE;0,0487
PA-1507300-8FF08DE0744A429EAC66FAF27669D092;PA;São Félix do Xingu;Curso d'água natural de até 10 metros;Analisado, aguardando regularização ambiental (Lei nº 12.651/2012);AT;2,7534
PA-1507300-90208FFCED96461DB39FAE2F9CE7A345;PA;São Félix do Xingu;Curso d'água natural de até 10 metros;Analisado, aguardando regularização ambiental (Lei nº 12.651/2012);AT;4,7848
PA-1507300-904E87A84FE6415FAE9A5C5DC97D8BFA;PA;São Félix do Xingu;Curso d'água natural de até 10 metros;Aguardando análise;PE;4,6492
PA-1507300-9063201047BA40FC8AB31A1D96C21052;PA;São Félix do Xingu;Curso d'água natural de até 10 metros;Analisado, aguardando atendimento a notificação;PE;0,3554
PA-1507300-909ACA9DC12B4A658F6E51CB8DB25F82;PA;São Félix do Xingu;Curso d'água natural de até 10 metros;Analisado, aguardando atendimento a notificação;PE;0,1486
PA-1507300-90A107FB6CC6408C914243FFDB0F4233;PA;São Félix do Xingu;Curso d'água natural de até 10 metros;Aguardando análise;PE;3,2248
PA-1507300-90B96C4E3DF34D19A10B50377D2751C8;PA;São Félix do Xingu;Curso d'água natural de até 10 metros;Analisado, aguardando atendimento a notificação;PE;0,1204
PA-1507300-90DE42EEAB12494FB1962DB3C2840616;PA;São Félix do Xingu;Curso d'água natural de até 10 metros;Analisado, aguardando atendimento a notificação;PE;5,3299
PA-1507300-910FBC3EEB9741559704E86E2FE5CF7B;PA;São Félix do Xingu;Curso d'água natural de até 10 metros;Analisado, aguardando regularização ambiental (Lei nº 12.651/2012);AT;5,2720
PA-1507300-912DCA065C10445FBB6B5F12EEDEC419;PA;São Félix do Xingu;Curso d'água natural de até 10 metros;Analisado, aguardando atendimento a notificação;PE;0,1184
PA-1507300-9142F627E60D47CEBF5A0275F2B87C4C;PA;São Félix do Xingu;Curso d'água natural de até 10 metros;Aguardando análise;AT;0,5301
PA-1507300-9171061F55734944AFCCB1CBFB2C1241;PA;São Félix do Xingu;Curso d'água natural de até 10 metros;Analisado, aguardando regularização ambiental (Lei nº 12.651/2012);AT;1,5033
PA-1507300-918AB0AFC7A54D2CA2569639543EA1AD;PA;São Félix do Xingu;Curso d'água natural de até 10 metros;Analisado, aguardando regularização ambiental (Lei nº 12.651/2012);AT;16,9964
PA-1507300-91C2049AAD8C4759AA6C32B55D820DD8;PA;São Félix do Xingu;Curso d'água natural de até 10 metros;Analisado, aguardando atendimento a notificação;PE;1,5153
PA-1507300-9279F53A552E4AAFA76C4EAD026673ED;PA;São Félix do Xingu;Curso d'água natural de até 10 metros;Analisado, aguardando atendimento a notificação;PE;0,0639
PA-1507300-92C463F007794156B5CE987573826A1C;PA;São Félix do Xingu;Curso d'água natural de até 10 metros;Aguardando análise;PE;0,3379
PA-1507300-92D577AB220C4B289ABAC8A873CC4E2E;PA;São Félix do Xingu;Curso d'água natural de até 10 metros;Analisado, aguardando atendimento a notificação;PE;0,0538
PA-1507300-930F2720346E451A82F23E87EEDC1A5E;PA;São Félix do Xingu;Curso d'água natural de até 10 metros;Analisado sem pendências;AT;0,2385
PA-1507300-9310C54F0FFE4293B306E69655784331;PA;São Félix do Xingu;Curso d'água natural de até 10 metros;Analisado, aguardando atendimento a notificação;PE;1,9849
PA-1507300-9322DDF4481647C9B07E73CF1971F2B5;PA;São Félix do Xingu;Curso d'água natural de até 10 metros;Aguardando análise;PE;1,9087
PA-1507300-932DF6C63AFA4CBDAFDB2D038905805B;PA;São Félix do Xingu;Curso d'água natural de até 10 metros;Analisado, aguardando atendimento a notificação;PE;0,2867
PA-1507300-933CEA4E6B7A4FAEAB1EF88654C95578;PA;São Félix do Xingu;Curso d'água natural de até 10 metros;Aguardando análise;PE;46,9901
PA-1507300-936E9A8BFD824EA5802D00F9EFD514CE;PA;São Félix do Xingu;Curso d'água natural de até 10 metros;Analisado, aguardando atendimento a notificação;SU;0,3250
PA-1507300-93A18B2D50254F3DB218384FB7B024EA;PA;São Félix do Xingu;Curso d'água natural de até 10 metros;Aguardando análise;PE;2,4340
PA-1507300-9426F99E42974DC7ADC5E150528E5402;PA;São Félix do Xingu;Curso d'água natural de até 10 metros;Analisado, aguardando atendimento a notificação;PE;0,0403
PA-1507300-944B66EF370A4AEBB7820184486AFAA1;PA;São Félix do Xingu;Curso d'água natural de até 10 metros;Aguardando análise;PE;0,1626
PA-1507300-94792BF6E50D41A784881D5862139144;PA;São Félix do Xingu;Curso d'água natural de até 10 metros;Aguardando análise;AT;0,6920
PA-1507300-94A50D1C427741AE928ABB1B3698007D;PA;São Félix do Xingu;Curso d'água natural de até 10 metros;Analisado, aguardando atendimento a notificação;PE;7,0696
PA-1507300-94E5926F48034EDFAA54455EF38BBBED;PA;São Félix do Xingu;Curso d'água natural de até 10 metros;Analisado, aguardando regularização ambiental (Lei nº 12.651/2012);AT;1,0827
PA-1507300-9505EC5F5A5643D980AF668E70E54316;PA;São Félix do Xingu;Curso d'água natural de até 10 metros;Aguardando análise;PE;0,1214
PA-1507300-95225D0AFC0C4EFBB5BB4950507A55C5;PA;São Félix do Xingu;Curso d'água natural de até 10 metros;Aguardando análise;AT;1,0261
PA-1507300-9534F51BD7C244A993C197E54E59BFC3;PA;São Félix do Xingu;Curso d'água natural de até 10 metros;Analisado, aguardando atendimento a notificação;PE;0,0212
PA-1507300-956B5B5500F94BA38E92D910AEDAF331;PA;São Félix do Xingu;Curso d'água natural de até 10 metros;Analisado, aguardando atendimento a notificação;SU;1,5668
PA-1507300-957A134CDF844B1F8B08B72943CF109F;PA;São Félix do Xingu;Curso d'água natural de até 10 metros;Analisado, aguardando atendimento a notificação;PE;0,3648
PA-1507300-95D978DF89154ADD883CEFC7A275824A;PA;São Félix do Xingu;Curso d'água natural de até 10 metros;Analisado, aguardando atendimento a notificação;PE;0,1312
PA-1507300-96A27F60D15842A9B6CBAC40CF0148B5;PA;São Félix do Xingu;Curso d'água natural de até 10 metros;Analisado, aguardando atendimento a notificação;AT;2,4233
PA-1507300-973CA8C985474054A525AF10BA0A97E8;PA;São Félix do Xingu;Curso d'água natural de até 10 metros;Analisado, aguardando atendimento a notificação;SU;0,5512
PA-1507300-975706A898444722AD3587B904A925D3;PA;São Félix do Xingu;Curso d'água natural de até 10 metros;Analisado, aguardando atendimento a notificação;PE;1,0620
PA-1507300-976286227D794B2FA5AE78C4AA616FF7;PA;São Félix do Xingu;Curso d'água natural de até 10 metros;Analisado, aguardando atendimento a notificação;PE;0,1520
PA-1507300-9767A1884783443F885088B010B4A953;PA;São Félix do Xingu;Curso d'água natural de até 10 metros;Analisado, aguardando atendimento a notificação;PE;0,1961
PA-1507300-977E096CF6014BB2A0C903EBF454DE2A;PA;São Félix do Xingu;Curso d'água natural de até 10 metros;Analisado, aguardando atendimento a notificação;PE;2,5519
PA-1507300-9783EE0800064B378535C5BFBE9A364F;PA;São Félix do Xingu;Curso d'água natural de até 10 metros;Aguardando análise;PE;1,2505
PA-1507300-97FF244057294139B0CF4C28490692EA;PA;São Félix do Xingu;Curso d'água natural de até 10 metros;Analisado, aguardando regularização ambiental (Lei nº 12.651/2012);AT;1,1996
PA-1507300-9811B84C723D4C4E888412E2CB8209EF;PA;São Félix do Xingu;Curso d'água natural de até 10 metros;Analisado, aguardando atendimento a notificação;PE;4,5009
PA-1507300-981C9517703449DC9BE78C36FE008C0B;PA;São Félix do Xingu;Curso d'água natural de até 10 metros;Analisado, aguardando atendimento a notificação;PE;0,0064
PA-1507300-987F3486404740E289B9FA59909913CF;PA;São Félix do Xingu;Curso d'água natural de até 10 metros;Analisado, aguardando atendimento a notificação;PE;1,8941
PA-1507300-98DD1D1ADFB748CD952B349CE922468F;PA;São Félix do Xingu;Curso d'água natural de até 10 metros;Aguardando análise;PE;0,5712
PA-1507300-98EB993448E646C18F9C52780B56D4E7;PA;São Félix do Xingu;Curso d'água natural de até 10 metros;Analisado, aguardando atendimento a notificação;PE;0,2905
PA-1507300-9924D22521324CCDA7152E06F40C8186;PA;São Félix do Xingu;Curso d'água natural de até 10 metros;Analisado, aguardando atendimento a notificação;PE;0,1982
PA-1507300-9932333CCDB644DDBA0CA0E21F3E4000;PA;São Félix do Xingu;Curso d'água natural de até 10 metros;Analisado, aguardando atendimento a notificação;PE;0,1315
PA-1507300-9946E81893764045AC68C0E06052A5BD;PA;São Félix do Xingu;Curso d'água natural de até 10 metros;Analisado, aguardando regularização ambiental (Lei nº 12.651/2012);AT;0,2707
PA-1507300-99B9AF935F7D49EFA283BC7F392E097A;PA;São Félix do Xingu;Curso d'água natural de até 10 metros;Analisado, aguardando atendimento a notificação;PE;0,0684
PA-1507300-9A19CF4B53524BF5A47BF9AF04DF2C15;PA;São Félix do Xingu;Curso d'água natural de até 10 metros;Analisado, aguardando atendimento a notificação;PE;0,3637
PA-1507300-9A40B20366404F718CA8571F7713C1BE;PA;São Félix do Xingu;Curso d'água natural de até 10 metros;Analisado, aguardando atendimento a notificação;PE;0,1826
PA-1507300-9ADD0B62DBAF4085A0A6974288FCA019;PA;São Félix do Xingu;Curso d'água natural de até 10 metros;Analisado, aguardando atendimento a notificação;PE;0,1897
PA-1507300-9AE46D0BF1474B3F83AFADF284E68132;PA;São Félix do Xingu;Curso d'água natural de até 10 metros;Analisado, aguardando atendimento a notificação;PE;0,2013
PA-1507300-9AEB33CC3B0E422082F070649F9AC80E;PA;São Félix do Xingu;Curso d'água natural de até 10 metros;Analisado, aguardando atendimento a notificação;PE;0,4352
PA-1507300-9B378CF08C7D4FB2BE1C5DA2D2EF943C;PA;São Félix do Xingu;Curso d'água natural de até 10 metros;Analisado, aguardando atendimento a notificação;PE;3,9899
PA-1507300-9B3985CE84AF4C38B896FAAF148A3387;PA;São Félix do Xingu;Curso d'água natural de até 10 metros;Analisado, aguardando atendimento a notificação;PE;1,0601
PA-1507300-9BA1A88F960044DAA27C874E34987446;PA;São Félix do Xingu;Curso d'água natural de até 10 metros;Analisado, aguardando atendimento a notificação;SU;0,7232
PA-1507300-9C24FA177D5A43F8A17D1B417DBFE902;PA;São Félix do Xingu;Curso d'água natural de até 10 metros;Aguardando análise;PE;2,8761
PA-1507300-9C29BC0979DE4CAA938D299C9D829FE8;PA;São Félix do Xingu;Curso d'água natural de até 10 metros;Analisado, aguardando atendimento a notificação;PE;1,4461
PA-1507300-9C994EEB4D594038944F54E03E417A8D;PA;São Félix do Xingu;Curso d'água natural de até 10 metros;Aguardando análise;AT;0,1161
PA-1507300-9D0732434B1447ABA48EC8857F02424B;PA;São Félix do Xingu;Curso d'água natural de até 10 metros;Analisado, aguardando regularização ambiental (Lei nº 12.651/2012);AT;0,4877
PA-1507300-9D0D9C1A67964FC994DFF13D114DDBFC;PA;São Félix do Xingu;Curso d'água natural de até 10 metros;Analisado, aguardando atendimento a notificação;PE;0,2120
PA-1507300-9D38B24C26AC420AAFDF4C12620F86D2;PA;São Félix do Xingu;Curso d'água natural de até 10 metros;Analisado, aguardando atendimento a notificação;PE;0,3045
PA-1507300-9D3B8159445845708A743D61D3D79227;PA;São Félix do Xingu;Curso d'água natural de até 10 metros;Analisado, aguardando regularização ambiental (Lei nº 12.651/2012);AT;8,9192
PA-1507300-9DABDCBFE84C447B9B73BDC9887BFF44;PA;São Félix do Xingu;Curso d'água natural de até 10 metros;Analisado, aguardando atendimento a notificação;SU;0,3639
PA-1507300-9E145B061D024B94AA9E5A3FCE374F24;PA;São Félix do Xingu;Curso d'água natural de até 10 metros;Analisado, aguardando atendimento a notificação;PE;0,2107
PA-1507300-9E8FAF9434954EEBBEC85072D2BA8866;PA;São Félix do Xingu;Curso d'água natural de até 10 metros;Analisado, aguardando regularização ambiental (Lei nº 12.651/2012);AT;0,1623
PA-1507300-9EB8AAA2A6F64A479D54C30D5C01B325;PA;São Félix do Xingu;Curso d'água natural de até 10 metros;Analisado sem pendências;AT;0,7786
PA-1507300-9F7BECD4238D421C81C92B444133975E;PA;São Félix do Xingu;Curso d'água natural de até 10 metros;Analisado, aguardando atendimento a notificação;PE;0,2378
PA-1507300-9F886059ACC046DFB1CFDF4E606C5FF3;PA;São Félix do Xingu;Curso d'água natural de até 10 metros;Analisado, aguardando atendimento a notificação;PE;0,1689
PA-1507300-9F95519A59C54814904DE929969AF16F;PA;São Félix do Xingu;Curso d'água natural de até 10 metros;Analisado, aguardando atendimento a notificação;PE;0,2187
PA-1507300-9F96C5E0DE2A4FE0B3F02BD16AA9F427;PA;São Félix do Xingu;Curso d'água natural de até 10 metros;Analisado, aguardando atendimento a notificação;PE;0,6446
PA-1507300-9FCE670838F9491D98BCA42E9CE9F317;PA;São Félix do Xingu;Curso d'água natural de até 10 metros;Analisado, aguardando regularização ambiental (Lei nº 12.651/2012);AT;0,4866
PA-1507300-A04746EEA60042B797EF91F9CB418A64;PA;São Félix do Xingu;Curso d'água natural de até 10 metros;Analisado, aguardando regularização ambiental (Lei nº 12.651/2012);AT;2,4576
PA-1507300-A058FC17EE8242BB84D5C277C6FC744E;PA;São Félix do Xingu;Curso d'água natural de até 10 metros;Analisado, aguardando regularização ambiental (Lei nº 12.651/2012);AT;0,3124
PA-1507300-A0712E8B49A746F4834329E4EB9335F7;PA;São Félix do Xingu;Curso d'água natural de até 10 metros;Analisado, aguardando atendimento a notificação;PE;0,7925
PA-1507300-A0A77EDA77314F359971BD5F189A5C68;PA;São Félix do Xingu;Curso d'água natural de até 10 metros;Aguardando análise;PE;0,3657
PA-1507300-A0D97A50B05F40DD9C6073AE4EE6FA17;PA;São Félix do Xingu;Curso d'água natural de até 10 metros;Analisado, aguardando atendimento a notificação;PE;0,5979
PA-1507300-A10CBC2A829C44EB87E288736AB6A7C4;PA;São Félix do Xingu;Curso d'água natural de até 10 metros;Analisado, aguardando regularização ambiental (Lei nº 12.651/2012);AT;2,3429
PA-1507300-A137CEA5F503411DBA3D316E654E5751;PA;São Félix do Xingu;Curso d'água natural de até 10 metros;Analisado, aguardando atendimento a notificação;PE;2,1129
PA-1507300-A13E88684BDC4648924F975E00FC1A1B;PA;São Félix do Xingu;Curso d'água natural de até 10 metros;Analisado, aguardando atendimento a notificação;PE;0,1616
PA-1507300-A14FE1DF0B61478A926AC20DF7F91726;PA;São Félix do Xingu;Curso d'água natural de até 10 metros;Analisado, aguardando atendimento a notificação;PE;2,6896
PA-1507300-A152F1A1ECF94D5BB4FC4588D0AEAC07;PA;São Félix do Xingu;Curso d'água natural de até 10 metros;Analisado, aguardando atendimento a notificação;PE;0,9555
PA-1507300-A1ECF09E0F9F4FDF9BD24C093AD3C64C;PA;São Félix do Xingu;Curso d'água natural de até 10 metros;Analisado, aguardando regularização ambiental (Lei nº 12.651/2012);AT;7,9920
PA-1507300-A1EDFC849EF94D3D835FE0A98D788F87;PA;São Félix do Xingu;Curso d'água natural de até 10 metros;Analisado, aguardando atendimento a notificação;PE;0,0999
PA-1507300-A23ABA39AD64483EA87C03F18D6167DB;PA;São Félix do Xingu;Curso d'água natural de até 10 metros;Analisado, aguardando atendimento a notificação;PE;0,8762
PA-1507300-A2608D08507B40D884903D5D9297BDE3;PA;São Félix do Xingu;Curso d'água natural de até 10 metros;Analisado, aguardando atendimento a notificação;PE;0,6491
PA-1507300-A267C837C66C4BA39BE5D51EDDCB9D2B;PA;São Félix do Xingu;Curso d'água natural de até 10 metros;Analisado, aguardando atendimento a notificação;SU;0,2054
PA-1507300-A28FD2ACFC4442DBA771525AD348D2A4;PA;São Félix do Xingu;Curso d'água natural de até 10 metros;Analisado, aguardando atendimento a notificação;PE;0,2179
PA-1507300-A291D91CD39C47F3803BF05DBAF12A84;PA;São Félix do Xingu;Curso d'água natural de até 10 metros;Analisado, aguardando atendimento a notificação;PE;1,1658
PA-1507300-A2BB94D39CC44C5EAB71F94741D013B9;PA;São Félix do Xingu;Curso d'água natural de até 10 metros;Analisado, aguardando atendimento a notificação;PE;0,3315
PA-1507300-A2BD8104A9854AC087F56D0595690835;PA;São Félix do Xingu;Curso d'água natural de até 10 metros;Analisado, aguardando atendimento a notificação;AT;0,9330
PA-1507300-A2E8969F42F94467878ACF08651EB8B3;PA;São Félix do Xingu;Curso d'água natural de até 10 metros;Analisado, aguardando atendimento a notificação;PE;1,3333
PA-1507300-A31D53FEE4174EB9843EF24448C6CC18;PA;São Félix do Xingu;Curso d'água natural de até 10 metros;Analisado, aguardando atendimento a notificação;PE;0,4279
PA-1507300-A32234AB94E84252AB31E1232F2DE935;PA;São Félix do Xingu;Curso d'água natural de até 10 metros;Analisado, aguardando atendimento a notificação;PE;0,3301
PA-1507300-A38025A7879E4FFD9B56B497533CA4F9;PA;São Félix do Xingu;Curso d'água natural de até 10 metros;Analisado, aguardando atendimento a notificação;PE;2,9067
PA-1507300-A3D559D44F1440A198BCF73A963CCC19;PA;São Félix do Xingu;Curso d'água natural de até 10 metros;Analisado, aguardando atendimento a notificação;SU;0,8240
PA-1507300-A3D6A24FB2B7462A9593E0920BCF9696;PA;São Félix do Xingu;Curso d'água natural de até 10 metros;Analisado, aguardando atendimento a notificação;PE;1,0410
PA-1507300-A3FC4D5AA9D841EA9720FC8181BC0108;PA;São Félix do Xingu;Curso d'água natural de até 10 metros;Analisado, aguardando regularização ambiental (Lei nº 12.651/2012);PE;15,3391
PA-1507300-A40F37BB00FA42479562DBBB6012D1E6;PA;São Félix do Xingu;Curso d'água natural de até 10 metros;Analisado, aguardando regularização ambiental (Lei nº 12.651/2012);AT;1,3333
PA-1507300-A491204350614DF983EACF8623656A2D;PA;São Félix do Xingu;Curso d'água natural de até 10 metros;Analisado, aguardando atendimento a notificação;PE;0,2037
PA-1507300-A492C3EED2084BC9A7CE99374A0E1B1C;PA;São Félix do Xingu;Curso d'água natural de até 10 metros;Analisado, aguardando atendimento a notificação;AT;12,7865
PA-1507300-A511324387F344718E180EC0E3B0A67B;PA;São Félix do Xingu;Curso d'água natural de até 10 metros;Analisado, aguardando atendimento a notificação;PE;0,0308
PA-1507300-A54D879687054214A38467C18C2A2447;PA;São Félix do Xingu;Curso d'água natural de até 10 metros;Analisado, aguardando atendimento a notificação;SU;4,1692
PA-1507300-A578AD752D494F8F94F78DA30AEB2728;PA;São Félix do Xingu;Curso d'água natural de até 10 metros;Analisado, aguardando regularização ambiental (Lei nº 12.651/2012);AT;0,0997
PA-1507300-A597ECB40C2D43018BD17EDC4E5F3563;PA;São Félix do Xingu;Curso d'água natural de até 10 metros;Analisado, aguardando regularização ambiental (Lei nº 12.651/2012);AT;0,2680
PA-1507300-A5D7730EF31F462D86076B7B8C0AF763;PA;São Félix do Xingu;Curso d'água natural de até 10 metros;Aguardando análise;PE;0,3761
PA-1507300-A5E0635ACDD84133B2EFDAE569FEACF7;PA;São Félix do Xingu;Curso d'água natural de até 10 metros;Analisado, aguardando atendimento a notificação;PE;8,2133
PA-1507300-A6519F8129C9472EB18329BA43E97373;PA;São Félix do Xingu;Curso d'água natural de até 10 metros;Analisado, aguardando atendimento a notificação;PE;0,7534
PA-1507300-A6533F9073334EC8B14C3332AD7E4A2C;PA;São Félix do Xingu;Curso d'água natural de até 10 metros;Analisado, aguardando atendimento a notificação;PE;10,4616
PA-1507300-A6958312200040879CC4B450FB522E68;PA;São Félix do Xingu;Curso d'água natural de até 10 metros;Analisado, aguardando atendimento a notificação;PE;0,1676
PA-1507300-A6CB8093FCCE41FBA17E1892F1C15FBE;PA;São Félix do Xingu;Curso d'água natural de até 10 metros;Analisado, aguardando atendimento a notificação;PE;1,6185
PA-1507300-A6FC6865387C4FD994E141C31F2B3DB3;PA;São Félix do Xingu;Curso d'água natural de até 10 metros;Analisado, aguardando atendimento a notificação;PE;0,1893
PA-1507300-A722301D704A4FAFBEA3A57AD8A334FA;PA;São Félix do Xingu;Curso d'água natural de até 10 metros;Analisado, aguardando atendimento a notificação;PE;0,1909
PA-1507300-A73BCE57B2FB4C46A2ECBAC699C9222E;PA;São Félix do Xingu;Curso d'água natural de até 10 metros;Analisado, aguardando atendimento a notificação;PE;0,0703
PA-1507300-A767AD0A892C452AB8A40A34B35C14DD;PA;São Félix do Xingu;Curso d'água natural de até 10 metros;Analisado, aguardando atendimento a notificação;PE;0,9855
PA-1507300-A769C41A25BA44B690D166E9583297D6;PA;São Félix do Xingu;Curso d'água natural de até 10 metros;Analisado, aguardando atendimento a notificação;PE;0,2108
PA-1507300-A774FDC142714698BF43F3065FBAABF3;PA;São Félix do Xingu;Curso d'água natural de até 10 metros;Analisado, aguardando atendimento a notificação;PE;0,2774
PA-1507300-A77DA5EBB9464CB891AA3F32E0C4F294;PA;São Félix do Xingu;Curso d'água natural de até 10 metros;Analisado, aguardando atendimento a notificação;PE;0,5941
PA-1507300-A7917DAACD5542D5AD5276E3A0F86610;PA;São Félix do Xingu;Curso d'água natural de até 10 metros;Analisado, aguardando atendimento a notificação;AT;2,3619
PA-1507300-A7C149D0376B495AA11878B4EBB43487;PA;São Félix do Xingu;Curso d'água natural de até 10 metros;Analisado, aguardando atendimento a notificação;PE;1,9127
PA-1507300-A7C62C5BC0EF4849B4F1B07DD5341FBA;PA;São Félix do Xingu;Curso d'água natural de até 10 metros;Analisado, aguardando atendimento a notificação;PE;0,7406
PA-1507300-A826B2E7FCC14441AFFBDD4A74902390;PA;São Félix do Xingu;Curso d'água natural de até 10 metros;Analisado, aguardando regularização ambiental (Lei nº 12.651/2012);AT;37,1854
PA-1507300-A8298680B51C414189F2784272F68056;PA;São Félix do Xingu;Curso d'água natural de até 10 metros;Analisado, aguardando atendimento a notificação;PE;4,7456
PA-1507300-A85CCC9E4ED4441C8EC3366A94E85495;PA;São Félix do Xingu;Curso d'água natural de até 10 metros;Analisado, aguardando atendimento a notificação;SU;0,0572
PA-1507300-A8A9B0BCA6404338AB2FF8153DD084B5;PA;São Félix do Xingu;Curso d'água natural de até 10 metros;Analisado, aguardando atendimento a notificação;PE;0,0634
PA-1507300-A8E1E12A179D410B96BE904B84851E13;PA;São Félix do Xingu;Curso d'água natural de até 10 metros;Analisado, aguardando atendimento a notificação;PE;0,2850
PA-1507300-A8EA0ED0C09D4B11ACBFB4C72C942495;PA;São Félix do Xingu;Curso d'água natural de até 10 metros;Analisado, aguardando atendimento a notificação;PE;0,9369
PA-1507300-A8F98F8E8F0740ACBEFAF916E533CC2F;PA;São Félix do Xingu;Curso d'água natural de até 10 metros;Analisado, aguardando atendimento a notificação;PE;0,6087
PA-1507300-A8FD4E50154B493FA4A1F4DB9D9F472A;PA;São Félix do Xingu;Curso d'água natural de até 10 metros;Analisado, aguardando atendimento a notificação;PE;0,5141
PA-1507300-A907AE5FCDA74ADDB305F789D8176A07;PA;São Félix do Xingu;Curso d'água natural de até 10 metros;Analisado, aguardando atendimento a notificação;PE;0,0139
PA-1507300-A939B771F200430491A5913A93EC6625;PA;São Félix do Xingu;Curso d'água natural de até 10 metros;Analisado, aguardando atendimento a notificação;PE;3,3745
PA-1507300-A97185A77AFF43998CE1AD2C92F0B2FA;PA;São Félix do Xingu;Curso d'água natural de até 10 metros;Analisado, aguardando atendimento a notificação;SU;3,4637
PA-1507300-A9A0FC66C4C6485DAF64D0A6AECE04BF;PA;São Félix do Xingu;Curso d'água natural de até 10 metros;Analisado, aguardando atendimento a notificação;PE;0,2155
PA-1507300-A9AC41464B014A6C94F662F2E09AAE70;PA;São Félix do Xingu;Curso d'água natural de até 10 metros;Aguardando análise;PE;0,3927
PA-1507300-A9B3853AD3E74E308B7B7B3AB5F6FE2F;PA;São Félix do Xingu;Curso d'água natural de até 10 metros;Analisado, aguardando atendimento a notificação;PE;0,3030
PA-1507300-A9C0C7DECF814564B6AF1B1CED35A001;PA;São Félix do Xingu;Curso d'água natural de até 10 metros;Aguardando análise;PE;5,9772
PA-1507300-AA0549069004410CBF2F6D3DB670FF98;PA;São Félix do Xingu;Curso d'água natural de até 10 metros;Analisado, aguardando atendimento a notificação;PE;0,0288
PA-1507300-AA0AD2CDB15F48F88E3E83F0A502F979;PA;São Félix do Xingu;Curso d'água natural de até 10 metros;Analisado, aguardando atendimento a notificação;SU;0,2332
PA-1507300-AAE22030559F40AB995DBA917C312238;PA;São Félix do Xingu;Curso d'água natural de até 10 metros;Analisado, aguardando atendimento a notificação;PE;0,2632
PA-1507300-AAE3F0BA48894254B5580EA07BE789F1;PA;São Félix do Xingu;Curso d'água natural de até 10 metros;Analisado, aguardando atendimento a notificação;PE;1,0850
PA-1507300-AAF2E414933243E98464A0B33FEFFBBC;PA;São Félix do Xingu;Curso d'água natural de até 10 metros;Analisado, aguardando atendimento a notificação;PE;0,1483
PA-1507300-AB04132AD507439AB9B8994354485532;PA;São Félix do Xingu;Curso d'água natural de até 10 metros;Analisado, aguardando regularização ambiental (Lei nº 12.651/2012);AT;5,8111
PA-1507300-AB123392BB1441FE8CFC13536BA602AC;PA;São Félix do Xingu;Curso d'água natural de até 10 metros;Analisado, aguardando atendimento a notificação;PE;0,3528
PA-1507300-AB153A4F9C1B4484BFFF2C7FBE8E5CB5;PA;São Félix do Xingu;Curso d'água natural de até 10 metros;Analisado, aguardando atendimento a notificação;PE;0,0529
PA-1507300-AB1B2EFA525B4C07BB860513BA7E8EFF;PA;São Félix do Xingu;Curso d'água natural de até 10 metros;Analisado, aguardando atendimento a notificação;PE;0,0955
PA-1507300-AB2A24C00FE746B29AB5636098D3F85F;PA;São Félix do Xingu;Curso d'água natural de até 10 metros;Analisado, aguardando regularização ambiental (Lei nº 12.651/2012);AT;0,9003
PA-1507300-AB32E99E281C4BBFA544069458F33250;PA;São Félix do Xingu;Curso d'água natural de até 10 metros;Aguardando análise;PE;6,3931
PA-1507300-AB50726EEA0540FC8772344B1F6346EA;PA;São Félix do Xingu;Curso d'água natural de até 10 metros;Aguardando análise;PE;1,1494
PA-1507300-AB5E5EE50DD44E9C9B1B1FA5E775369D;PA;São Félix do Xingu;Curso d'água natural de até 10 metros;Aguardando análise;AT;1,3914
PA-1507300-AB6C8022EE0F4EB4A511B6D10C72075A;PA;São Félix do Xingu;Curso d'água natural de até 10 metros;Analisado, aguardando atendimento a notificação;PE;2,2994
PA-1507300-AB84C84EE50D46E7B513EFFF990FEF3F;PA;São Félix do Xingu;Curso d'água natural de até 10 metros;Analisado, aguardando atendimento a notificação;AT;2,8759
PA-1507300-ABFCC3C902194BC7B4916DEC14D85B29;PA;São Félix do Xingu;Curso d'água natural de até 10 metros;Analisado, aguardando regularização ambiental (Lei nº 12.651/2012);AT;8,2754
PA-1507300-AC183E6459C14E5D992B14D362D75995;PA;São Félix do Xingu;Curso d'água natural de até 10 metros;Analisado, aguardando atendimento a notificação;PE;0,0681
PA-1507300-AC21F314E42B4F359D29B18EC2DD1B1C;PA;São Félix do Xingu;Curso d'água natural de até 10 metros;Analisado, aguardando regularização ambiental (Lei nº 12.651/2012);AT;0,1011
PA-1507300-ACB3A04031494F888258CDD0D840A8CF;PA;São Félix do Xingu;Curso d'água natural de até 10 metros;Aguardando análise;PE;1,9055
PA-1507300-ACCB07919CD84F189C0C198AA5EE6D96;PA;São Félix do Xingu;Curso d'água natural de até 10 metros;Analisado, aguardando atendimento a notificação;PE;0,3473
PA-1507300-ACDCA795A0A5445FAF5F9E4131FDB14B;PA;São Félix do Xingu;Curso d'água natural de até 10 metros;Analisado, aguardando atendimento a notificação;PE;0,0688
PA-1507300-ACE1E37CE8CC4DC8BB33165BDC093913;PA;São Félix do Xingu;Curso d'água natural de até 10 metros;Analisado, aguardando atendimento a notificação;PE;0,0636
PA-1507300-ACE3BC215AC14DE5AC06E8806D55E960;PA;São Félix do Xingu;Curso d'água natural de até 10 metros;Analisado, aguardando regularização ambiental (Lei nº 12.651/2012);AT;1,1363
PA-1507300-AD078079B4984D90AFA2F4C015881247;PA;São Félix do Xingu;Curso d'água natural de até 10 metros;Analisado, aguardando atendimento a notificação;AT;1,2429
PA-1507300-AD0F81153CCB4FC7B81ECC0B059B3EA9;PA;São Félix do Xingu;Curso d'água natural de até 10 metros;Analisado, aguardando atendimento a notificação;PE;0,1424
PA-1507300-AD1ACF885EE34CDE985E99865E0F17CE;PA;São Félix do Xingu;Curso d'água natural de até 10 metros;Aguardando análise;PE;1,5314
PA-1507300-AD6540BD656E4925B30B3A7B8D7B1180;PA;São Félix do Xingu;Curso d'água natural de até 10 metros;Aguardando análise;AT;0,7521
PA-1507300-AD73578DFA33436385C3504FC6AF9366;PA;São Félix do Xingu;Curso d'água natural de até 10 metros;Analisado, aguardando atendimento a notificação;PE;0,1507
PA-1507300-AE1585588ED04C95954C5F2A37BF5E59;PA;São Félix do Xingu;Curso d'água natural de até 10 metros;Aguardando análise;PE;0,2495
PA-1507300-AE65F299DD444F4DB2EB444D7BE8C889;PA;São Félix do Xingu;Curso d'água natural de até 10 metros;Analisado, aguardando atendimento a notificação;PE;0,5320
PA-1507300-AECCEB1853F149C2AB020C2AD81DC0B0;PA;São Félix do Xingu;Curso d'água natural de até 10 metros;Aguardando análise;PE;0,7220
PA-1507300-AEE9FD94E82A42E49756CD14650BDB92;PA;São Félix do Xingu;Curso d'água natural de até 10 metros;Analisado, aguardando regularização ambiental (Lei nº 12.651/2012);PE;1,1448
PA-1507300-AEECA8BABB764CEF8163389541330886;PA;São Félix do Xingu;Curso d'água natural de até 10 metros;Aguardando análise;SU;0,6400
PA-1507300-AEF3FAEA8291428996B6BF20EEF07C3A;PA;São Félix do Xingu;Curso d'água natural de até 10 metros;Analisado, aguardando atendimento a notificação;PE;0,6768
PA-1507300-AF07B0B0DF7A4A9BBB522CC5C7B2AA4F;PA;São Félix do Xingu;Curso d'água natural de até 10 metros;Analisado, aguardando atendimento a notificação;PE;0,1379
PA-1507300-AF12057C640B40EAA0AB6BDF0C35CC60;PA;São Félix do Xingu;Curso d'água natural de até 10 metros;Analisado, aguardando atendimento a notificação;SU;0,2083
PA-1507300-AF2049677CDF4F848305F3327A5A558C;PA;São Félix do Xingu;Curso d'água natural de até 10 metros;Analisado, aguardando atendimento a notificação;PE;0,0677
PA-1507300-AF3BB72F116E4C668412D9FFF9C1D104;PA;São Félix do Xingu;Curso d'água natural de até 10 metros;Analisado, aguardando atendimento a notificação;PE;0,1672
PA-1507300-AF7D6B17BC4F44D69A0EF2F6507D5C11;PA;São Félix do Xingu;Curso d'água natural de até 10 metros;Analisado, aguardando atendimento a notificação;PE;0,2641
PA-1507300-AF84A626E8064B77BD53E6C3B5D8C478;PA;São Félix do Xingu;Curso d'água natural de até 10 metros;Analisado, aguardando regularização ambiental (Lei nº 12.651/2012);PE;8,7497
PA-1507300-AF8EC13A6A3D4F55877610F7617076EF;PA;São Félix do Xingu;Curso d'água natural de até 10 metros;Analisado, aguardando atendimento a notificação;PE;0,4595
PA-1507300-AFD833ABD8B74E51B42164C5299E6EA9;PA;São Félix do Xingu;Curso d'água natural de até 10 metros;Analisado, aguardando atendimento a notificação;PE;11,1602
PA-1507300-B02F346CAA5C47BFB37619D0964EFC08;PA;São Félix do Xingu;Curso d'água natural de até 10 metros;Analisado, aguardando atendimento a notificação;PE;0,0360
PA-1507300-B073B04808164989A1BC606E0A89FCF3;PA;São Félix do Xingu;Curso d'água natural de até 10 metros;Analisado, aguardando atendimento a notificação;PE;0,2348
PA-1507300-B142D6A58B2A447DBB66EA3BB3FB6E49;PA;São Félix do Xingu;Curso d'água natural de até 10 metros;Analisado sem pendências;AT;3,6212
PA-1507300-B17B363E6CA44D739F7BEBF9916320E2;PA;São Félix do Xingu;Curso d'água natural de até 10 metros;Aguardando análise;AT;10,1860
PA-1507300-B1843B0972C34E398FB8F02C33ED90BB;PA;São Félix do Xingu;Curso d'água natural de até 10 metros;Analisado, em conformidade com a Lei nº 12.651/2012;AT;1,4974
PA-1507300-B18C0EE2F8474EFDBBACC8650DADCD25;PA;São Félix do Xingu;Curso d'água natural de até 10 metros;Analisado, aguardando atendimento a notificação;PE;0,2698
PA-1507300-B1C704F37F46446FB8F50E1E18DAF8B4;PA;São Félix do Xingu;Curso d'água natural de até 10 metros;Analisado, aguardando regularização ambiental (Lei nº 12.651/2012);AT;0,6596
PA-1507300-B1D505E582554BB2B180270BD58CBD45;PA;São Félix do Xingu;Curso d'água natural de até 10 metros;Analisado, aguardando atendimento a notificação;PE;0,3263
PA-1507300-B2A7956056194FBF9C3423D95F306AC1;PA;São Félix do Xingu;Curso d'água natural de até 10 metros;Analisado, aguardando atendimento a notificação;PE;0,2614
PA-1507300-B32198B1529C4B3A9728EA5B479B70A4;PA;São Félix do Xingu;Curso d'água natural de até 10 metros;Analisado, aguardando regularização ambiental (Lei nº 12.651/2012);AT;0,4288
PA-1507300-B34B06EC22DE4A9FA97BF5AE55473862;PA;São Félix do Xingu;Curso d'água natural de até 10 metros;Analisado, aguardando atendimento a notificação;PE;4,4867
PA-1507300-B4FFFED449CE47979877D19B0046CC48;PA;São Félix do Xingu;Curso d'água natural de até 10 metros;Analisado, aguardando atendimento a notificação;PE;0,5506
PA-1507300-B51B6484D2F84E92B52A8E4AA23FA8C3;PA;São Félix do Xingu;Curso d'água natural de até 10 metros;Analisado, aguardando atendimento a notificação;PE;0,9283
PA-1507300-B53FF6B7D29448C3A6ECB8998F15A4DA;PA;São Félix do Xingu;Curso d'água natural de até 10 metros;Analisado, aguardando atendimento a notificação;AT;1,7787
PA-1507300-B5AA601009BB436295EE79205DB22045;PA;São Félix do Xingu;Curso d'água natural de até 10 metros;Analisado, aguardando regularização ambiental (Lei nº 12.651/2012);AT;4,1301
PA-1507300-B5E9BD67655849AE9EEC7A8B55142619;PA;São Félix do Xingu;Curso d'água natural de até 10 metros;Analisado, aguardando atendimento a notificação;PE;0,0723
PA-1507300-B61D1D36B2974B4790787F2F85B5E07E;PA;São Félix do Xingu;Curso d'água natural de até 10 metros;Aguardando análise;PE;0,4931
PA-1507300-B62D56117A8F4FB681758F1D422087F5;PA;São Félix do Xingu;Curso d'água natural de até 10 metros;Analisado, aguardando atendimento a notificação;PE;0,8386
PA-1507300-B657F97EB3084113AD3B16C3F07983CB;PA;São Félix do Xingu;Curso d'água natural de até 10 metros;Analisado, aguardando regularização ambiental (Lei nº 12.651/2012);AT;1,7003
PA-1507300-B65C1DA0CE274AE18D767A1FF0FDEC04;PA;São Félix do Xingu;Curso d'água natural de até 10 metros;Aguardando análise;PE;1,6817
PA-1507300-B662A288DCE54236AC7B93F2121F593D;PA;São Félix do Xingu;Curso d'água natural de até 10 metros;Analisado, aguardando regularização ambiental (Lei nº 12.651/2012);AT;7,9552
PA-1507300-B6B43FE709D5400CA79869AD4798E2BA;PA;São Félix do Xingu;Curso d'água natural de até 10 metros;Aguardando análise;SU;6,9576
PA-1507300-B6CAEBE3DC0643E5953C9082B6AADE65;PA;São Félix do Xingu;Curso d'água natural de até 10 metros;Analisado, aguardando regularização ambiental (Lei nº 12.651/2012);AT;2,5353
PA-1507300-B70C1D4624694336ACCE9E88AF3DEF6B;PA;São Félix do Xingu;Curso d'água natural de até 10 metros;Aguardando análise;PE;2,1595
PA-1507300-B785CC401821466F9E672DBC43C9D0EA;PA;São Félix do Xingu;Curso d'água natural de até 10 metros;Aguardando análise;PE;0,9680
PA-1507300-B78DE7C5CCD440E9946C4B52861D009B;PA;São Félix do Xingu;Curso d'água natural de até 10 metros;Analisado, aguardando atendimento a notificação;PE;0,0710
PA-1507300-B7924D008C5B4CFA8673DC1050DC7084;PA;São Félix do Xingu;Curso d'água natural de até 10 metros;Analisado, aguardando atendimento a notificação;PE;0,0662
PA-1507300-B7B8C4D871684643AC0D3781AEA1FDE6;PA;São Félix do Xingu;Curso d'água natural de até 10 metros;Aguardando análise;AT;3,3247
PA-1507300-B7D72E2593DE4D82ADD90487BD4B4E1A;PA;São Félix do Xingu;Curso d'água natural de até 10 metros;Analisado, aguardando atendimento a notificação;PE;0,4710
PA-1507300-B7ED2AB011BA439FB868616D8E286F36;PA;São Félix do Xingu;Curso d'água natural de até 10 metros;Analisado, aguardando regularização ambiental (Lei nº 12.651/2012);AT;2,4744
PA-1507300-B7FC1AACC17244489464E997067D7504;PA;São Félix do Xingu;Curso d'água natural de até 10 metros;Analisado, aguardando atendimento a notificação;AT;0,0670
PA-1507300-B7FE493A8F1543839DC4FB253B3E51FE;PA;São Félix do Xingu;Curso d'água natural de até 10 metros;Analisado, aguardando regularização ambiental (Lei nº 12.651/2012);AT;2,6307
PA-1507300-B8021BB62C5C484790DBC17D0A7CC2BA;PA;São Félix do Xingu;Curso d'água natural de até 10 metros;Analisado, aguardando atendimento a notificação;PE;0,5777
PA-1507300-B80FAA6475D64E808911194C31B2C67D;PA;São Félix do Xingu;Curso d'água natural de até 10 metros;Analisado, aguardando atendimento a notificação;PE;0,1743
PA-1507300-B82BA773749E49078A0F0CD7C040EEF9;PA;São Félix do Xingu;Curso d'água natural de até 10 metros;Analisado, aguardando regularização ambiental (Lei nº 12.651/2012);PE;0,3037
PA-1507300-B87FE5EA4D764683AE66EE67C88520C4;PA;São Félix do Xingu;Curso d'água natural de até 10 metros;Analisado, aguardando atendimento a notificação;PE;0,0614
PA-1507300-B89E38F9193B40E992CC9C5B02751F1E;PA;São Félix do Xingu;Curso d'água natural de até 10 metros;Analisado, aguardando atendimento a notificação;PE;0,0808
PA-1507300-B8C9689FAFE4483AA2C3D5146FDB2550;PA;São Félix do Xingu;Curso d'água natural de até 10 metros;Analisado, aguardando atendimento a notificação;SU;0,1683
PA-1507300-B8D0545DCC964EA288500847AD8B166B;PA;São Félix do Xingu;Curso d'água natural de até 10 metros;Analisado, aguardando atendimento a notificação;PE;0,0887
PA-1507300-B90D08AC9598440B92DB376600F175CE;PA;São Félix do Xingu;Curso d'água natural de até 10 metros;Analisado, aguardando regularização ambiental (Lei nº 12.651/2012);AT;5,6216
PA-1507300-B92891FB2B054C8E8492AB917BD1DF1B;PA;São Félix do Xingu;Curso d'água natural de até 10 metros;Aguardando análise;AT;0,3752
PA-1507300-B9403653765F48738349D52180A1238E;PA;São Félix do Xingu;Curso d'água natural de até 10 metros;Analisado, aguardando atendimento a notificação;AT;0,2688
PA-1507300-B95740DFF10C4C4CA9330E795A29992A;PA;São Félix do Xingu;Curso d'água natural de até 10 metros;Aguardando análise;PE;0,4724
PA-1507300-B9670F06D1EE49B39427F46240369B8C;PA;São Félix do Xingu;Curso d'água natural de até 10 metros;Analisado, aguardando atendimento a notificação;PE;0,7024
PA-1507300-B9972A62470F44FB8B2E00E6194BCEF6;PA;São Félix do Xingu;Curso d'água natural de até 10 metros;Analisado, aguardando atendimento a notificação;AT;0,0882
PA-1507300-B9EA05EF76694E4194D18700974E0563;PA;São Félix do Xingu;Curso d'água natural de até 10 metros;Analisado, aguardando atendimento a notificação;PE;0,7370
PA-1507300-BA2F9760469E4AD6B14A39D1C4CDBB43;PA;São Félix do Xingu;Curso d'água natural de até 10 metros;Analisado, aguardando atendimento a notificação;AT;0,7793
PA-1507300-BA348FE39F744B4D9587D3E4B048208F;PA;São Félix do Xingu;Curso d'água natural de até 10 metros;Analisado, aguardando atendimento a notificação;PE;1,2130
PA-1507300-BA8067101A874DC7990504DF8A8CFEA4;PA;São Félix do Xingu;Curso d'água natural de até 10 metros;Analisado, aguardando atendimento a notificação;PE;0,0687
PA-1507300-BA83668C344748B6A57A4DA97B119EC9;PA;São Félix do Xingu;Curso d'água natural de até 10 metros;Analisado, aguardando atendimento a notificação;PE;0,2601
PA-1507300-BA97EF9E2BD545FEAEE73CF481989E4A;PA;São Félix do Xingu;Curso d'água natural de até 10 metros;Analisado, aguardando atendimento a notificação;PE;0,5744
PA-1507300-BA9E8C939035468F9CE21208FBB909D1;PA;São Félix do Xingu;Curso d'água natural de até 10 metros;Analisado, aguardando atendimento a notificação;SU;2,6546
PA-1507300-BAAED75C375945CBA39EC98D63D7E946;PA;São Félix do Xingu;Curso d'água natural de até 10 metros;Analisado, aguardando atendimento a notificação;PE;0,1430
PA-1507300-BAE35E2F729648B39786AA0297CD9B6F;PA;São Félix do Xingu;Curso d'água natural de até 10 metros;Analisado, aguardando atendimento a notificação;PE;0,9988
PA-1507300-BAF308F99A464AEE8D22DBB714E26BBD;PA;São Félix do Xingu;Curso d'água natural de até 10 metros;Analisado, aguardando atendimento a notificação;PE;0,4497
PA-1507300-BAFD4C380EDA4A10A0595E828530D50B;PA;São Félix do Xingu;Curso d'água natural de até 10 metros;Analisado, aguardando atendimento a notificação;PE;0,1221
PA-1507300-BB2F4D6BCDBC4978A348AFE96075355F;PA;São Félix do Xingu;Curso d'água natural de até 10 metros;Analisado, aguardando atendimento a notificação;AT;0,2431
PA-1507300-BB6F16E36BE94598B2B7D0106D10B7C1;PA;São Félix do Xingu;Curso d'água natural de até 10 metros;Analisado, aguardando atendimento a notificação;PE;1,6450
PA-1507300-BB765AFF99D54ED9865E11851455FD83;PA;São Félix do Xingu;Curso d'água natural de até 10 metros;Analisado, aguardando atendimento a notificação;PE;0,0328
PA-1507300-BB8E4EF372BA4A588F4B3BFE9F6A1C4E;PA;São Félix do Xingu;Curso d'água natural de até 10 metros;Analisado, aguardando atendimento a notificação;PE;0,1060
PA-1507300-BBA08F8AF1F04E92B6D97B48F2CB02F0;PA;São Félix do Xingu;Curso d'água natural de até 10 metros;Analisado, aguardando atendimento a notificação;PE;0,3000
PA-1507300-BC422B6183924ADA947850E1E02DD26C;PA;São Félix do Xingu;Curso d'água natural de até 10 metros;Analisado, aguardando regularização ambiental (Lei nº 12.651/2012);PE;0,7642
PA-1507300-BC46A5247131444C96D6E901A8AF5084;PA;São Félix do Xingu;Curso d'água natural de até 10 metros;Aguardando análise;PE;5,5125
PA-1507300-BCA15A727128430489C461EC2BCC3BDD;PA;São Félix do Xingu;Curso d'água natural de até 10 metros;Analisado, aguardando atendimento a notificação;PE;1,5859
PA-1507300-BCA89CCB0518496D96557560CEBB42D1;PA;São Félix do Xingu;Curso d'água natural de até 10 metros;Analisado, aguardando atendimento a notificação;PE;5,9652
PA-1507300-BD96C132FD844A7F9E5BDA940980009E;PA;São Félix do Xingu;Curso d'água natural de até 10 metros;Analisado, aguardando atendimento a notificação;PE;0,2258
PA-1507300-BDBB40C621D34C778D3975A259B90214;PA;São Félix do Xingu;Curso d'água natural de até 10 metros;Analisado, aguardando atendimento a notificação;PE;0,4116
PA-1507300-BE15F5C77CCA44379893B1CD24028132;PA;São Félix do Xingu;Curso d'água natural de até 10 metros;Analisado, aguardando atendimento a notificação;PE;3,3573
PA-1507300-BE2F6484F3BD438C9BCEA8269EFD7393;PA;São Félix do Xingu;Curso d'água natural de até 10 metros;Analisado, aguardando atendimento a notificação;PE;0,1408
PA-1507300-BF0E07C4CA6445629DE4D71B89E89EFE;PA;São Félix do Xingu;Curso d'água natural de até 10 metros;Analisado, aguardando atendimento a notificação;PE;0,3411
PA-1507300-BF318E8BCACE4EC1936578F290E3CE6C;PA;São Félix do Xingu;Curso d'água natural de até 10 metros;Analisado, aguardando regularização ambiental (Lei nº 12.651/2012);AT;0,9665
PA-1507300-BF57FBC40BE24FFB8D2879C09C72F1EA;PA;São Félix do Xingu;Curso d'água natural de até 10 metros;Analisado, aguardando atendimento a notificação;PE;0,0277
PA-1507300-BF5F59790E7C438596538ACF329F7B1E;PA;São Félix do Xingu;Curso d'água natural de até 10 metros;Analisado, aguardando atendimento a notificação;AT;0,2921
PA-1507300-BF98CFDBFFC34147ACDD54B3F98C6FC8;PA;São Félix do Xingu;Curso d'água natural de até 10 metros;Analisado, aguardando atendimento a notificação;PE;0,2944
PA-1507300-BFBBB20F4C7543669E4CABB885F3881C;PA;São Félix do Xingu;Curso d'água natural de até 10 metros;Analisado, aguardando atendimento a notificação;PE;0,1349
PA-1507300-BFECF05A547846998EABEEA582E9D797;PA;São Félix do Xingu;Curso d'água natural de até 10 metros;Analisado, aguardando atendimento a notificação;PE;2,8577
PA-1507300-C0072062240545BBB596C4210A7A0FB3;PA;São Félix do Xingu;Curso d'água natural de até 10 metros;Aguardando análise;PE;1,5077
PA-1507300-C01C60714B944374B5B64ADCEFA5D55A;PA;São Félix do Xingu;Curso d'água natural de até 10 metros;Analisado, aguardando atendimento a notificação;PE;0,0713
PA-1507300-C01F33CA14024A7E84B7903BBA9940B5;PA;São Félix do Xingu;Curso d'água natural de até 10 metros;Aguardando análise;PE;1,2347
PA-1507300-C049278D85624AF18BCD6DAFCB62C985;PA;São Félix do Xingu;Curso d'água natural de até 10 metros;Analisado, aguardando atendimento a notificação;PE;0,0518
PA-1507300-C11C413333C7460EA5C6BD2A06A3A96A;PA;São Félix do Xingu;Curso d'água natural de até 10 metros;Analisado, aguardando atendimento a notificação;PE;0,4495
PA-1507300-C1819DB2BE1E4A8D97724F2909D5F1B1;PA;São Félix do Xingu;Curso d'água natural de até 10 metros;Analisado, aguardando regularização ambiental (Lei nº 12.651/2012);AT;11,3830
PA-1507300-C1DB8894634E4AFDBDD99CF12CE387BA;PA;São Félix do Xingu;Curso d'água natural de até 10 metros;Analisado, aguardando atendimento a notificação;PE;0,0175
PA-1507300-C1DC6186669443258CD96833B02C71AB;PA;São Félix do Xingu;Curso d'água natural de até 10 metros;Aguardando análise;PE;0,1057
PA-1507300-C28DB794EE7C4C7EA63B0E747DAAAFF0;PA;São Félix do Xingu;Curso d'água natural de até 10 metros;Analisado, aguardando atendimento a notificação;PE;0,2943
PA-1507300-C2A775C3D16045AC822D63AFFB6403C0;PA;São Félix do Xingu;Curso d'água natural de até 10 metros;Analisado, aguardando atendimento a notificação;PE;0,0989
PA-1507300-C30591AFDE1140028CB7C6F7D1FB1CCC;PA;São Félix do Xingu;Curso d'água natural de até 10 metros;Analisado, aguardando atendimento a notificação;SU;0,8156
PA-1507300-C30D6EC4A1834598B390A44F5F209952;PA;São Félix do Xingu;Curso d'água natural de até 10 metros;Analisado sem pendências;AT;0,2840
PA-1507300-C35795D396E34CAE8B5803D8CE5A9A2D;PA;São Félix do Xingu;Curso d'água natural de até 10 metros;Aguardando análise;PE;0,7986
PA-1507300-C363A4066C3E4151BC3207D6332E1BA2;PA;São Félix do Xingu;Curso d'água natural de até 10 metros;Analisado, aguardando atendimento a notificação;SU;2,0783
PA-1507300-C3D0B9DF32BE4109B31634FBCE14FCBE;PA;São Félix do Xingu;Curso d'água natural de até 10 metros;Analisado, aguardando atendimento a notificação;PE;0,7090
PA-1507300-C3E96E0B61004DB5BBB8B5A5C937ED5D;PA;São Félix do Xingu;Curso d'água natural de até 10 metros;Analisado, aguardando regularização ambiental (Lei nº 12.651/2012);AT;0,7052
PA-1507300-C427C1C9A93A4A7F8800B5B28ECF9764;PA;São Félix do Xingu;Curso d'água natural de até 10 metros;Analisado, aguardando regularização ambiental (Lei nº 12.651/2012);AT;1,3137
PA-1507300-C482B09B199E49EDAB0D96066B99B0BF;PA;São Félix do Xingu;Curso d'água natural de até 10 metros;Analisado, aguardando regularização ambiental (Lei nº 12.651/2012);AT;1,2850
PA-1507300-C4AD94529C76435AB654B74785A37B05;PA;São Félix do Xingu;Curso d'água natural de até 10 metros;Analisado, aguardando atendimento a notificação;AT;1,8484
PA-1507300-C502B232FF534C89AAA521D6AD9FD103;PA;São Félix do Xingu;Curso d'água natural de até 10 metros;Analisado, aguardando regularização ambiental (Lei nº 12.651/2012);AT;38,8726
PA-1507300-C52F485ED6CA4DCCAA9E8F4A5BBA977B;PA;São Félix do Xingu;Curso d'água natural de até 10 metros;Aguardando análise;PE;5,8347
PA-1507300-C55939E4964449D3B8FF74BFFBBC80E6;PA;São Félix do Xingu;Curso d'água natural de até 10 metros;Analisado, aguardando atendimento a notificação;PE;2,5792
PA-1507300-C576816675FA40D7B2079E26D2EDDA29;PA;São Félix do Xingu;Curso d'água natural de até 10 metros;Analisado, aguardando atendimento a notificação;PE;0,1812
PA-1507300-C59B83F346894328A2A4DB8A583673A9;PA;São Félix do Xingu;Curso d'água natural de até 10 metros;Aguardando análise;PE;0,2641
PA-1507300-C5A65ADEF048475C9590CBE996749CC3;PA;São Félix do Xingu;Curso d'água natural de até 10 metros;Analisado, aguardando atendimento a notificação;SU;11,9951
PA-1507300-C600E0B492624AA4AF2A78D337C325AB;PA;São Félix do Xingu;Curso d'água natural de até 10 metros;Analisado, aguardando atendimento a notificação;SU;0,3620
PA-1507300-C6263A664D024D79A4B270F648A2E047;PA;São Félix do Xingu;Curso d'água natural de até 10 metros;Analisado, aguardando regularização ambiental (Lei nº 12.651/2012);PE;3,0372
PA-1507300-C664C9798B3142658C531F8C14125754;PA;São Félix do Xingu;Curso d'água natural de até 10 metros;Analisado, aguardando atendimento a notificação;PE;0,2622
PA-1507300-C69CE53AF40A40E79EE428A2433FC3A7;PA;São Félix do Xingu;Curso d'água natural de até 10 metros;Analisado, aguardando atendimento a notificação;PE;2,0185
PA-1507300-C69DE77380834A46929126FE7F2EB7FB;PA;São Félix do Xingu;Curso d'água natural de até 10 metros;Analisado, aguardando atendimento a notificação;PE;0,5548
PA-1507300-C6D314DF2DD34782AB14ACA27A901751;PA;São Félix do Xingu;Curso d'água natural de até 10 metros;Aguardando análise;PE;16,4941
PA-1507300-C737A23CD95F49BEA694B781DFFABBC6;PA;São Félix do Xingu;Curso d'água natural de até 10 metros;Analisado, aguardando regularização ambiental (Lei nº 12.651/2012);AT;71,7690
PA-1507300-C74247F5600246ED8C5AA3055DF3D91C;PA;São Félix do Xingu;Curso d'água natural de até 10 metros;Analisado, aguardando atendimento a notificação;PE;0,3424
PA-1507300-C74D5316677D421086B13BC46A14E759;PA;São Félix do Xingu;Curso d'água natural de até 10 metros;Analisado, aguardando atendimento a notificação;PE;1,3439
PA-1507300-C75E10A2338543EAB130581C4C75DF52;PA;São Félix do Xingu;Curso d'água natural de até 10 metros;Analisado, aguardando atendimento a notificação;PE;1,9337
PA-1507300-C7E3C34FB84E47DCBC4364A1367E5198;PA;São Félix do Xingu;Curso d'água natural de até 10 metros;Analisado, aguardando regularização ambiental (Lei nº 12.651/2012);AT;0,1740
PA-1507300-C82C4C1A20EB4A3EB407DAB71A4BCC9B;PA;São Félix do Xingu;Curso d'água natural de até 10 metros;Analisado, aguardando atendimento a notificação;SU;0,4358
PA-1507300-C84762CF99224E42817A9263F8158FC6;PA;São Félix do Xingu;Curso d'água natural de até 10 metros;Analisado, aguardando atendimento a notificação;PE;0,0917
PA-1507300-C88D3679961E4F30B33EAED008D615D7;PA;São Félix do Xingu;Curso d'água natural de até 10 metros;Aguardando análise;PE;0,3001
PA-1507300-C91AA3EBDCCE4FD587BE497BBCF51F62;PA;São Félix do Xingu;Curso d'água natural de até 10 metros;Analisado, aguardando atendimento a notificação;PE;0,4029
PA-1507300-C99162F73D8C4E8CBAC8B017FA772E6D;PA;São Félix do Xingu;Curso d'água natural de até 10 metros;Aguardando análise;PE;0,4784
PA-1507300-C998785AEE9C43579A2FF2F287F2F077;PA;São Félix do Xingu;Curso d'água natural de até 10 metros;Analisado, aguardando atendimento a notificação;PE;0,3460
PA-1507300-C9F3B010845E49959A0EE0A5394A9233;PA;São Félix do Xingu;Curso d'água natural de até 10 metros;Analisado, aguardando atendimento a notificação;PE;0,8253
PA-1507300-CA0C0FFCE2B44F16B3D90D5DF632F165;PA;São Félix do Xingu;Curso d'água natural de até 10 metros;Aguardando análise;PE;1,1422
PA-1507300-CA298D98AD954BE7B390D95D79009321;PA;São Félix do Xingu;Curso d'água natural de até 10 metros;Analisado, aguardando atendimento a notificação;PE;0,0426
PA-1507300-CA3FB81151B84B41B7DD0D56D41D0D4A;PA;São Félix do Xingu;Curso d'água natural de até 10 metros;Analisado, aguardando atendimento a notificação;PE;0,2220
PA-1507300-CA520A4118C7416E98FCF013924B3D7D;PA;São Félix do Xingu;Curso d'água natural de até 10 metros;Analisado, aguardando atendimento a notificação;SU;8,1833
PA-1507300-CA8411A645534A5E9C0D3CDB0D068EA1;PA;São Félix do Xingu;Curso d'água natural de até 10 metros;Analisado, aguardando regularização ambiental (Lei nº 12.651/2012);AT;1,0465
PA-1507300-CA91EEA7B7E84B1FB46C039DB656C17F;PA;São Félix do Xingu;Curso d'água natural de até 10 metros;Analisado, em conformidade com a Lei nº 12.651/2012;AT;0,2490
PA-1507300-CAEA6B2D49D64F6EAFB1C803E64AE87C;PA;São Félix do Xingu;Curso d'água natural de até 10 metros;Analisado, aguardando atendimento a notificação;PE;0,0184
PA-1507300-CAFA9E9A0BC14B2DA88D039F62FF048B;PA;São Félix do Xingu;Curso d'água natural de até 10 metros;Aguardando análise;PE;0,9288
PA-1507300-CB03B75F0FDE489A96048EC3B25D2772;PA;São Félix do Xingu;Curso d'água natural de até 10 metros;Analisado, aguardando atendimento a notificação;PE;0,0449
PA-1507300-CB1D64CDAE464463B2E974471286ABF4;PA;São Félix do Xingu;Curso d'água natural de até 10 metros;Analisado, aguardando atendimento a notificação;PE;1,8214
PA-1507300-CB8717CC14FB48289EA6F53C9A7E3FE6;PA;São Félix do Xingu;Curso d'água natural de até 10 metros;Analisado, aguardando atendimento a notificação;PE;0,3001
PA-1507300-CBEA7E04259C4605861086093CFEA07E;PA;São Félix do Xingu;Curso d'água natural de até 10 metros;Analisado, aguardando atendimento a notificação;PE;3,7007
PA-1507300-CC0B7972B6814A9983EE68FEE601E9F8;PA;São Félix do Xingu;Curso d'água natural de até 10 metros;Analisado, aguardando atendimento a notificação;PE;0,1667
PA-1507300-CC519F653E8B489689C03196ED9CD239;PA;São Félix do Xingu;Curso d'água natural de até 10 metros;Analisado, aguardando atendimento a notificação;PE;0,1586
PA-1507300-CC5AE2868846460B976C40C99C2DB411;PA;São Félix do Xingu;Curso d'água natural de até 10 metros;Analisado, aguardando atendimento a notificação;PE;0,1502
PA-1507300-CC71AC269E144C0188D160E38D3D5758;PA;São Félix do Xingu;Curso d'água natural de até 10 metros;Analisado, aguardando atendimento a notificação;PE;0,2164
PA-1507300-CC8ED110BD8F4717B68965B7D587114F;PA;São Félix do Xingu;Curso d'água natural de até 10 metros;Analisado, aguardando atendimento a notificação;PE;0,3053
PA-1507300-CC8FE7F740F546F1B79FECD576F2FA91;PA;São Félix do Xingu;Curso d'água natural de até 10 metros;Analisado, aguardando atendimento a notificação;PE;0,3684
PA-1507300-CCA8B7BC8226467BA61467ADF5C172C1;PA;São Félix do Xingu;Curso d'água natural de até 10 metros;Analisado, aguardando atendimento a notificação;PE;0,2903
PA-1507300-CCAB802EC91A4E2DA4BFDE009E91BF6F;PA;São Félix do Xingu;Curso d'água natural de até 10 metros;Analisado, aguardando atendimento a notificação;AT;0,1691
PA-1507300-CD074E2D5BB84C4A93A5A52AC55774D1;PA;São Félix do Xingu;Curso d'água natural de até 10 metros;Analisado, aguardando atendimento a notificação;PE;0,2219
PA-1507300-CD39095F11EB4B84A09994645133B8EE;PA;São Félix do Xingu;Curso d'água natural de até 10 metros;Aguardando análise;PE;3,9162
PA-1507300-CD551909544243678D31AD36968547F8;PA;São Félix do Xingu;Curso d'água natural de até 10 metros;Analisado, aguardando atendimento a notificação;PE;0,0655
PA-1507300-CD78E2D7EF984430A6B88D0EC20C9ED4;PA;São Félix do Xingu;Curso d'água natural de até 10 metros;Aguardando análise;PE;2,1359
PA-1507300-CD8A991E72784F64B808B1C5F413D961;PA;São Félix do Xingu;Curso d'água natural de até 10 metros;Analisado, aguardando atendimento a notificação;AT;0,5065
PA-1507300-CDA1838279234E7189A848B0C49B371D;PA;São Félix do Xingu;Curso d'água natural de até 10 metros;Analisado, aguardando atendimento a notificação;PE;0,9341
PA-1507300-CDB6806489B74E0A86D98E68ECAAC345;PA;São Félix do Xingu;Curso d'água natural de até 10 metros;Analisado, aguardando atendimento a notificação;SU;0,5342
PA-1507300-CDD0192128F04964994A60FB990DA436;PA;São Félix do Xingu;Curso d'água natural de até 10 metros;Analisado, aguardando regularização ambiental (Lei nº 12.651/2012);AT;12,8886
PA-1507300-CDF0CFCDCACF41B2B6526F0862822E0C;PA;São Félix do Xingu;Curso d'água natural de até 10 metros;Analisado, aguardando atendimento a notificação;PE;4,9587
PA-1507300-CE27DEC9EB6B48638F76DB82B7EEB9E9;PA;São Félix do Xingu;Curso d'água natural de até 10 metros;Aguardando análise;PE;0,6928
PA-1507300-CE9D08EAAFEB455FA071DA161F35B876;PA;São Félix do Xingu;Curso d'água natural de até 10 metros;Analisado, aguardando regularização ambiental (Lei nº 12.651/2012);AT;4,5626
PA-1507300-CEAD620AF75A4EB9BEC191499FC06B4C;PA;São Félix do Xingu;Curso d'água natural de até 10 metros;Analisado, aguardando regularização ambiental (Lei nº 12.651/2012);AT;20,2072
PA-1507300-CEDD155C52884528BD68455E9923B51E;PA;São Félix do Xingu;Curso d'água natural de até 10 metros;Aguardando análise;PE;6,8590
PA-1507300-CF93B77723A742D1BC902B2956984DEA;PA;São Félix do Xingu;Curso d'água natural de até 10 metros;Analisado, aguardando atendimento a notificação;PE;0,0712
PA-1507300-CFA8D144485B452384EB575C157729FC;PA;São Félix do Xingu;Curso d'água natural de até 10 metros;Analisado, aguardando atendimento a notificação;PE;0,8869
PA-1507300-D003C01EA1D7444B88C7C236B5CE1995;PA;São Félix do Xingu;Curso d'água natural de até 10 metros;Aguardando análise;PE;0,4226
PA-1507300-D0B50665F97A4C3099F34AC5DA008472;PA;São Félix do Xingu;Curso d'água natural de até 10 metros;Analisado, aguardando atendimento a notificação;PE;1,0477
PA-1507300-D0D46BEC38804D4AAC086EC9937A572A;PA;São Félix do Xingu;Curso d'água natural de até 10 metros;Analisado, aguardando atendimento a notificação;PE;0,0114
PA-1507300-D15503F9E0B147EA94051F55208759DB;PA;São Félix do Xingu;Curso d'água natural de até 10 metros;Analisado, aguardando atendimento a notificação;PE;0,0276
PA-1507300-D160A5C90BC24492B641519409949DE5;PA;São Félix do Xingu;Curso d'água natural de até 10 metros;Analisado, aguardando atendimento a notificação;PE;0,1672
PA-1507300-D179CC76BC5B485CB92338A0C9AF4BF3;PA;São Félix do Xingu;Curso d'água natural de até 10 metros;Analisado, aguardando atendimento a notificação;PE;0,2092
PA-1507300-D1943992C3C94D6191CD37FFE4F7029C;PA;São Félix do Xingu;Curso d'água natural de até 10 metros;Analisado, aguardando atendimento a notificação;PE;0,0119
PA-1507300-D1B6BC73839C41EE8323F1D8D1FD92F1;PA;São Félix do Xingu;Curso d'água natural de até 10 metros;Analisado, aguardando atendimento a notificação;PE;0,6458
PA-1507300-D1D833416AFC40B3963A9ECDCB048F5A;PA;São Félix do Xingu;Curso d'água natural de até 10 metros;Analisado, aguardando atendimento a notificação;PE;0,1606
PA-1507300-D1DA2880AD5148E6AFAC58EE135DC42E;PA;São Félix do Xingu;Curso d'água natural de até 10 metros;Analisado, aguardando regularização ambiental (Lei nº 12.651/2012);AT;76,9742
PA-1507300-D1FFA2CA42884ACCB488D80E166BF504;PA;São Félix do Xingu;Curso d'água natural de até 10 metros;Analisado, aguardando atendimento a notificação;SU;2,0912
PA-1507300-D25B06F0260C4E7787E128AC7969BD37;PA;São Félix do Xingu;Curso d'água natural de até 10 metros;Analisado, aguardando atendimento a notificação;PE;0,8442
PA-1507300-D26925FC354547468862982D568B1ECF;PA;São Félix do Xingu;Curso d'água natural de até 10 metros;Analisado, aguardando atendimento a notificação;PE;0,4172
PA-1507300-D27633A30B034B2E967EC7CFDCA5A7A9;PA;São Félix do Xingu;Curso d'água natural de até 10 metros;Aguardando análise;PE;0,0962
PA-1507300-D2B1DFE9BE7E4AEA8D52B838C762D776;PA;São Félix do Xingu;Curso d'água natural de até 10 metros;Analisado, aguardando atendimento a notificação;PE;0,1660
PA-1507300-D2F2E799A27C41C6BAA9314F54C12054;PA;São Félix do Xingu;Curso d'água natural de até 10 metros;Analisado, aguardando atendimento a notificação;PE;4,8147
PA-1507300-D35D5A50DE8C465EA6C44D0C507FFCC9;PA;São Félix do Xingu;Curso d'água natural de até 10 metros;Analisado, aguardando atendimento a notificação;PE;0,2388
PA-1507300-D382DC2A093643619D12F4382D8B72CA;PA;São Félix do Xingu;Curso d'água natural de até 10 metros;Analisado, aguardando atendimento a notificação;PE;0,1475
PA-1507300-D39E5C61C28C4D8999EB1FCF68A7E54B;PA;São Félix do Xingu;Curso d'água natural de até 10 metros;Analisado, aguardando atendimento a notificação;PE;0,0945
PA-1507300-D3D6924F933B4545A5502B5A8E8312F3;PA;São Félix do Xingu;Curso d'água natural de até 10 metros;Analisado, aguardando atendimento a notificação;PE;0,5248
PA-1507300-D3DE16A800B043AA85E7B92112F649B2;PA;São Félix do Xingu;Curso d'água natural de até 10 metros;Aguardando análise;PE;2,3847
PA-1507300-D479EB9BBBB749FD8F24A0974997AE24;PA;São Félix do Xingu;Curso d'água natural de até 10 metros;Analisado, aguardando regularização ambiental (Lei nº 12.651/2012);AT;2,4643
PA-1507300-D48B460EA4BC458D8237AB0A3A73BDB6;PA;São Félix do Xingu;Curso d'água natural de até 10 metros;Analisado, aguardando regularização ambiental (Lei nº 12.651/2012);AT;0,5472
PA-1507300-D4B4285F68DE4BD0BF1AEBE4C2D9ACE3;PA;São Félix do Xingu;Curso d'água natural de até 10 metros;Analisado, aguardando atendimento a notificação;PE;3,6540
PA-1507300-D4F810F398E3495CAC88F46D6210F519;PA;São Félix do Xingu;Curso d'água natural de até 10 metros;Analisado, aguardando regularização ambiental (Lei nº 12.651/2012);AT;0,4781
PA-1507300-D509FDE7B782428E80CDF5319113FC94;PA;São Félix do Xingu;Curso d'água natural de até 10 metros;Analisado, aguardando atendimento a notificação;PE;0,2342
PA-1507300-D516579BC4824405869D272BD38FA023;PA;São Félix do Xingu;Curso d'água natural de até 10 metros;Analisado, aguardando atendimento a notificação;PE;0,0981
PA-1507300-D526B722F94A4BC6929EC298C4B21BAF;PA;São Félix do Xingu;Curso d'água natural de até 10 metros;Analisado, em conformidade com a Lei nº 12.651/2012;AT;0,2649
PA-1507300-D56F068B753E494C860E48E1D2BE684F;PA;São Félix do Xingu;Curso d'água natural de até 10 metros;Analisado, aguardando atendimento a notificação;PE;0,3076
PA-1507300-D5909ECC2C364E4CA5F8C0C08CED4679;PA;São Félix do Xingu;Curso d'água natural de até 10 metros;Analisado, aguardando atendimento a notificação;SU;1,0232
PA-1507300-D590CA1BF53A41F9A5F7C0BF6D1A5E80;PA;São Félix do Xingu;Curso d'água natural de até 10 metros;Analisado, aguardando atendimento a notificação;PE;0,9052
PA-1507300-D5AF4FEFC3384DB19D24412479C9EF15;PA;São Félix do Xingu;Curso d'água natural de até 10 metros;Aguardando análise;PE;4,8500
PA-1507300-D5BEA08AF1CE4E078B855FB3589431F4;PA;São Félix do Xingu;Curso d'água natural de até 10 metros;Analisado, aguardando atendimento a notificação;PE;0,0435
PA-1507300-D5D4F868FAED4034978ABDAA42648153;PA;São Félix do Xingu;Curso d'água natural de até 10 metros;Analisado, aguardando atendimento a notificação;SU;0,7618
PA-1507300-D5F40D2F739E4B42967A591F695E1A7D;PA;São Félix do Xingu;Curso d'água natural de até 10 metros;Analisado, aguardando regularização ambiental (Lei nº 12.651/2012);AT;0,2759
PA-1507300-D6524219AD5046DAA884167A32AAA9BB;PA;São Félix do Xingu;Curso d'água natural de até 10 metros;Analisado, aguardando atendimento a notificação;SU;0,0476
PA-1507300-D692401CA52047C29DF39B4B67AAB368;PA;São Félix do Xingu;Curso d'água natural de até 10 metros;Analisado, aguardando atendimento a notificação;SU;0,0281
PA-1507300-D6AFE39C1FF9483ABBC43B705D73C14F;PA;São Félix do Xingu;Curso d'água natural de até 10 metros;Aguardando análise;PE;3,0409
PA-1507300-D6B6D6C2ED9443ACA0FB4A8E6FD20AF6;PA;São Félix do Xingu;Curso d'água natural de até 10 metros;Aguardando análise;PE;2,3807
PA-1507300-D6D918E09D0C449289CAAEEF5B09527A;PA;São Félix do Xingu;Curso d'água natural de até 10 metros;Analisado, aguardando atendimento a notificação;PE;4,1395
PA-1507300-D70C72C0EE20440787E26E41A0CF9F3B;PA;São Félix do Xingu;Curso d'água natural de até 10 metros;Aguardando análise;PE;1,3098
PA-1507300-D722A242EBF84FFAB4FA84DA6598EB9F;PA;São Félix do Xingu;Curso d'água natural de até 10 metros;Analisado, aguardando atendimento a notificação;PE;0,6607
PA-1507300-D748DA964EA24030B91E762A277B2938;PA;São Félix do Xingu;Curso d'água natural de até 10 metros;Aguardando análise;AT;0,1969
PA-1507300-D778038140594B71875118771F532CF2;PA;São Félix do Xingu;Curso d'água natural de até 10 metros;Analisado, aguardando atendimento a notificação;PE;0,8434
PA-1507300-D78599F8D3DD487DBBE4EEC517289013;PA;São Félix do Xingu;Curso d'água natural de até 10 metros;Aguardando análise;AT;0,9830
PA-1507300-D79FB5B405414B3F941BC2008CE53339;PA;São Félix do Xingu;Curso d'água natural de até 10 metros;Analisado, aguardando atendimento a notificação;PE;3,2453
PA-1507300-D7A9E7BEAE8F41F38284A03EFC5892C6;PA;São Félix do Xingu;Curso d'água natural de até 10 metros;Analisado, aguardando atendimento a notificação;SU;0,7017
PA-1507300-D7C1E936047849419C37B1EAF5BB977F;PA;São Félix do Xingu;Curso d'água natural de até 10 metros;Aguardando análise;PE;2,5375
PA-1507300-D7D8A4D6BA974FF8917DF84022F0C4BC;PA;São Félix do Xingu;Curso d'água natural de até 10 metros;Analisado, aguardando atendimento a notificação;PE;0,1596
PA-1507300-D85D63EBCFBE448FAFEE2FA61D1B5B62;PA;São Félix do Xingu;Curso d'água natural de até 10 metros;Analisado, aguardando atendimento a notificação;AT;0,0607
PA-1507300-D860072159CB460F8142353AB84CD36E;PA;São Félix do Xingu;Curso d'água natural de até 10 metros;Analisado, aguardando regularização ambiental (Lei nº 12.651/2012);AT;9,0227
PA-1507300-D86A00A58ABE4D0584206384F5AA6452;PA;São Félix do Xingu;Curso d'água natural de até 10 metros;Analisado, aguardando atendimento a notificação;SU;3,3255
PA-1507300-D8DBA06BADA84F27B493C5B6211D4C83;PA;São Félix do Xingu;Curso d'água natural de até 10 metros;Analisado, aguardando atendimento a notificação;PE;0,1183
PA-1507300-D90B425BD1A94D66ACEF156C1DA6D4A5;PA;São Félix do Xingu;Curso d'água natural de até 10 metros;Analisado, aguardando atendimento a notificação;AT;1,9057
PA-1507300-D9862DB20BCE4230BA9A227D7F7FF37E;PA;São Félix do Xingu;Curso d'água natural de até 10 metros;Analisado, aguardando atendimento a notificação;AT;0,1569
PA-1507300-D98CECB43D2B41FA920B634CDA3DDF86;PA;São Félix do Xingu;Curso d'água natural de até 10 metros;Analisado, aguardando atendimento a notificação;PE;0,3570
PA-1507300-D9C05C540D0B4DF79354D9DA47EA0CDC;PA;São Félix do Xingu;Curso d'água natural de até 10 metros;Aguardando análise;PE;0,3424
PA-1507300-DA147884978F46C9A1BC4F29D6EC1386;PA;São Félix do Xingu;Curso d'água natural de até 10 metros;Analisado, aguardando atendimento a notificação;PE;0,3540
PA-1507300-DA1FBC66D9FF4EE5A19283AA8300D7A8;PA;São Félix do Xingu;Curso d'água natural de até 10 metros;Analisado, aguardando atendimento a notificação;PE;0,1735
PA-1507300-DAF4B1B717BD4A899481459874E087A7;PA;São Félix do Xingu;Curso d'água natural de até 10 metros;Analisado, aguardando atendimento a notificação;SU;389,1557
PA-1507300-DB06F2477A04410983445455473052B1;PA;São Félix do Xingu;Curso d'água natural de até 10 metros;Aguardando análise;SU;17,5888
PA-1507300-DB202AB91E0E4801825793EF147B80B5;PA;São Félix do Xingu;Curso d'água natural de até 10 metros;Analisado, aguardando atendimento a notificação;PE;0,5337
PA-1507300-DB2A9AD6175F488199BBEFF72CF0D547;PA;São Félix do Xingu;Curso d'água natural de até 10 metros;Analisado, aguardando regularização ambiental (Lei nº 12.651/2012);AT;1,9009
PA-1507300-DB60EDC6B9F948D2A096C77BFA2E597D;PA;São Félix do Xingu;Curso d'água natural de até 10 metros;Analisado, aguardando atendimento a notificação;PE;1,4012
PA-1507300-DBCC4CA1AFCA4D39BD276C1A9D4AD456;PA;São Félix do Xingu;Curso d'água natural de até 10 metros;Analisado, aguardando regularização ambiental (Lei nº 12.651/2012);AT;1,7700
PA-1507300-DC025A7576E34F7A963E965E7733ED80;PA;São Félix do Xingu;Curso d'água natural de até 10 metros;Aguardando análise;AT;2,7708
PA-1507300-DC098A05235C4326A17E4870DAC89BB4;PA;São Félix do Xingu;Curso d'água natural de até 10 metros;Analisado, aguardando atendimento a notificação;PE;0,0317
PA-1507300-DC1C930EFA7643F18E894EB17C271BDE;PA;São Félix do Xingu;Curso d'água natural de até 10 metros;Analisado, aguardando atendimento a notificação;SU;0,2003
PA-1507300-DC3E1D27663542F3A6209EF9CD9FEC3D;PA;São Félix do Xingu;Curso d'água natural de até 10 metros;Analisado, aguardando atendimento a notificação;SU;0,5304
PA-1507300-DC40FAC8136844FB8CC8B800D643686C;PA;São Félix do Xingu;Curso d'água natural de até 10 metros;Em análise;PE;0,9373
PA-1507300-DC5E271C300A4A37A4C1CD8C08FEBC34;PA;São Félix do Xingu;Curso d'água natural de até 10 metros;Analisado, aguardando atendimento a notificação;SU;0,0675
PA-1507300-DC749DAE4D7F49BCB7419DD87AB330B3;PA;São Félix do Xingu;Curso d'água natural de até 10 metros;Analisado, aguardando atendimento a notificação;PE;0,0382
PA-1507300-DC8B0EB75F334EAABEA96272D516074D;PA;São Félix do Xingu;Curso d'água natural de até 10 metros;Aguardando análise;PE;0,4028
PA-1507300-DCCCFA9E09854F949C8AA16ED36480B3;PA;São Félix do Xingu;Curso d'água natural de até 10 metros;Aguardando análise;PE;0,2646
PA-1507300-DD54D4A65E734C4F82ED262477C7B559;PA;São Félix do Xingu;Curso d'água natural de até 10 metros;Aguardando análise;PE;0,5811
PA-1507300-DD5D8F43DFF543A5B1084F56AD4B985B;PA;São Félix do Xingu;Curso d'água natural de até 10 metros;Analisado, aguardando atendimento a notificação;PE;0,3332
PA-1507300-DD78C1CC59CA4DF8BF497A228D57CF7F;PA;São Félix do Xingu;Curso d'água natural de até 10 metros;Analisado, aguardando regularização ambiental (Lei nº 12.651/2012);AT;2,1096
PA-1507300-DD84839A361F400ABAFD1006B29A1DAB;PA;São Félix do Xingu;Curso d'água natural de até 10 metros;Aguardando análise;AT;0,0329
PA-1507300-DD8A172410D440A5BB9DB275ABFB479C;PA;São Félix do Xingu;Curso d'água natural de até 10 metros;Analisado, aguardando atendimento a notificação;PE;0,9229
PA-1507300-DDA9F171BB7442BE875D96AFAFDE33B3;PA;São Félix do Xingu;Curso d'água natural de até 10 metros;Analisado, aguardando atendimento a notificação;PE;0,9180
PA-1507300-DDC4E11A41174A4F86ED500B58185106;PA;São Félix do Xingu;Curso d'água natural de até 10 metros;Analisado, aguardando atendimento a notificação;SU;0,6889
PA-1507300-DDEAC4F7CC504267A2EBA8B9DA7C9217;PA;São Félix do Xingu;Curso d'água natural de até 10 metros;Aguardando análise;AT;0,0459
PA-1507300-DE9592FACE6C48FB831728EAD4B0153D;PA;São Félix do Xingu;Curso d'água natural de até 10 metros;Analisado, aguardando atendimento a notificação;PE;8,0214
PA-1507300-DEFE7B88E612411C90564F057F7FD53B;PA;São Félix do Xingu;Curso d'água natural de até 10 metros;Analisado, aguardando atendimento a notificação;PE;0,1382
PA-1507300-DF7F94739B034772B6ACEC13F03D9345;PA;São Félix do Xingu;Curso d'água natural de até 10 metros;Analisado, aguardando regularização ambiental (Lei nº 12.651/2012);AT;25,3787
PA-1507300-DF82F1C0D278462F9090ADB454C9D61D;PA;São Félix do Xingu;Curso d'água natural de até 10 metros;Aguardando análise;AT;1,6690
PA-1507300-DF944449BCDE4C08BA2F67C677EF23A4;PA;São Félix do Xingu;Curso d'água natural de até 10 metros;Analisado, aguardando atendimento a notificação;PE;0,2285
PA-1507300-DFDC2182D6BD4D948E1A38214336797D;PA;São Félix do Xingu;Curso d'água natural de até 10 metros;Analisado, aguardando atendimento a notificação;PE;1,3058
PA-1507300-DFE82B2F12234F80856A8B218CE8AB66;PA;São Félix do Xingu;Curso d'água natural de até 10 metros;Analisado, aguardando regularização ambiental (Lei nº 12.651/2012);AT;0,5912
PA-1507300-E00BAA3BCB164672A681E35D5316F455;PA;São Félix do Xingu;Curso d'água natural de até 10 metros;Analisado, aguardando atendimento a notificação;PE;0,2102
PA-1507300-E00C1F6D3D934C38B87858B17302287D;PA;São Félix do Xingu;Curso d'água natural de até 10 metros;Analisado, aguardando atendimento a notificação;PE;1,0780
PA-1507300-E02C769157E7484D8E790AF9D0E758D5;PA;São Félix do Xingu;Curso d'água natural de até 10 metros;Analisado, aguardando atendimento a notificação;AT;0,7324
PA-1507300-E082A141B7824EDE8D739CE3129986B8;PA;São Félix do Xingu;Curso d'água natural de até 10 metros;Analisado, aguardando atendimento a notificação;PE;2,8418
PA-1507300-E08F2CC811AB4316AD4B226031F50BF0;PA;São Félix do Xingu;Curso d'água natural de até 10 metros;Analisado, aguardando atendimento a notificação;PE;1,9826
PA-1507300-E0ACAD86B59C4893938707DC5F9C5FD7;PA;São Félix do Xingu;Curso d'água natural de até 10 metros;Analisado, aguardando atendimento a notificação;PE;2,8662
PA-1507300-E142D304991747369C2E9BF552C77417;PA;São Félix do Xingu;Curso d'água natural de até 10 metros;Analisado, aguardando atendimento a notificação;PE;0,9976
PA-1507300-E1E70520F3A04E1FAB580DFA384E1A7F;PA;São Félix do Xingu;Curso d'água natural de até 10 metros;Analisado, aguardando atendimento a notificação;PE;0,0472
PA-1507300-E22D4AC64B0245F88B41C9F39CF56C73;PA;São Félix do Xingu;Curso d'água natural de até 10 metros;Aguardando análise;PE;5,9938
PA-1507300-E23307FAD0AD421693FFFF25ABCE3641;PA;São Félix do Xingu;Curso d'água natural de até 10 metros;Analisado, aguardando atendimento a notificação;PE;0,0282
PA-1507300-E2939520924C47238E56584FC8ADE7F1;PA;São Félix do Xingu;Curso d'água natural de até 10 metros;Analisado, aguardando atendimento a notificação;SU;12,2685
PA-1507300-E2CA3E2C47CE4DCEB3B3D837486100EC;PA;São Félix do Xingu;Curso d'água natural de até 10 metros;Analisado, aguardando atendimento a notificação;PE;0,1803
PA-1507300-E2D4E5931B214D5E84124848F4077E94;PA;São Félix do Xingu;Curso d'água natural de até 10 metros;Analisado, aguardando atendimento a notificação;PE;2,9722
PA-1507300-E2FF6174FA8343E69C5B42178CDAAB58;PA;São Félix do Xingu;Curso d'água natural de até 10 metros;Analisado, aguardando atendimento a notificação;PE;1,3900
PA-1507300-E34059E9D2DF4210B6E8E4C7EE09CC81;PA;São Félix do Xingu;Curso d'água natural de até 10 metros;Analisado, aguardando atendimento a notificação;PE;3,5393
PA-1507300-E37476816C384C99ADAD82BCBCC94754;PA;São Félix do Xingu;Curso d'água natural de até 10 metros;Analisado, aguardando atendimento a notificação;PE;3,8693
PA-1507300-E3F9BDE289C64F409FEAB034541CF343;PA;São Félix do Xingu;Curso d'água natural de até 10 metros;Analisado, aguardando atendimento a notificação;PE;0,1156
PA-1507300-E438ABAB1BFF4692B18FC4816ACBF290;PA;São Félix do Xingu;Curso d'água natural de até 10 metros;Aguardando análise;AT;0,0670
PA-1507300-E4CB074FF39C4E648DE66F4C5A725FC9;PA;São Félix do Xingu;Curso d'água natural de até 10 metros;Analisado, aguardando atendimento a notificação;PE;0,1267
PA-1507300-E4ECD3FE2AEB404CB4767321AA5D971C;PA;São Félix do Xingu;Curso d'água natural de até 10 metros;Analisado, aguardando atendimento a notificação;PE;1,2060
PA-1507300-E511519199934C39A54B7442D70B6DCC;PA;São Félix do Xingu;Curso d'água natural de até 10 metros;Analisado, aguardando atendimento a notificação;PE;0,1112
PA-1507300-E51F4C356F8D432FB83B3666BC033D5F;PA;São Félix do Xingu;Curso d'água natural de até 10 metros;Analisado, aguardando atendimento a notificação;PE;0,1281
PA-1507300-E58BD9511F7B47409285ED8FFBD85715;PA;São Félix do Xingu;Curso d'água natural de até 10 metros;Analisado, aguardando atendimento a notificação;PE;0,2445
PA-1507300-E58EB0F39A6A43799BD0798921F0DC2D;PA;São Félix do Xingu;Curso d'água natural de até 10 metros;Aguardando análise;AT;2,0069
PA-1507300-E595BBA978384D59AAE379ACB277E67F;PA;São Félix do Xingu;Curso d'água natural de até 10 metros;Analisado, aguardando regularização ambiental (Lei nº 12.651/2012);AT;0,8716
PA-1507300-E5FF3D05A57F44659C6B2701F6D43E7B;PA;São Félix do Xingu;Curso d'água natural de até 10 metros;Analisado, aguardando atendimento a notificação;PE;6,6580
PA-1507300-E61326E60BFC40F982A7A3C90A262FA8;PA;São Félix do Xingu;Curso d'água natural de até 10 metros;Analisado, aguardando atendimento a notificação;SU;2,4883
PA-1507300-E6C6C933249D4AB4B2B22E77E14CB7D2;PA;São Félix do Xingu;Curso d'água natural de até 10 metros;Analisado, aguardando atendimento a notificação;PE;0,2967
PA-1507300-E6CEAB5333D943CC90F6887B7D29D249;PA;São Félix do Xingu;Curso d'água natural de até 10 metros;Analisado, aguardando atendimento a notificação;SU;27,8694
PA-1507300-E6D4882D6BB140B2BADA5C998B2BEE93;PA;São Félix do Xingu;Curso d'água natural de até 10 metros;Aguardando análise;AT;1,8182
PA-1507300-E6F4810916EE484F8625E4ED566B6D29;PA;São Félix do Xingu;Curso d'água natural de até 10 metros;Aguardando análise;AT;5,4736
PA-1507300-E7009CC44DA84FAF985FCD9EB97C6717;PA;São Félix do Xingu;Curso d'água natural de até 10 metros;Analisado, aguardando atendimento a notificação;PE;5,1543
PA-1507300-E73EAC6F761840FABE7578665E2D810F;PA;São Félix do Xingu;Curso d'água natural de até 10 metros;Analisado, aguardando regularização ambiental (Lei nº 12.651/2012);AT;0,2381
PA-1507300-E75C3C0842144FDE804C818D7C8F1110;PA;São Félix do Xingu;Curso d'água natural de até 10 metros;Analisado, aguardando regularização ambiental (Lei nº 12.651/2012);AT;2,3891
PA-1507300-E7631C071F3A4B35A1A6C785D63CCA87;PA;São Félix do Xingu;Curso d'água natural de até 10 metros;Analisado, aguardando regularização ambiental (Lei nº 12.651/2012);PE;1,3073
PA-1507300-E76545747705406782C993C149CDBBAE;PA;São Félix do Xingu;Curso d'água natural de até 10 metros;Aguardando análise;PE;0,6666
PA-1507300-E7AF4DAFBD3D48AEA73B4059364F846A;PA;São Félix do Xingu;Curso d'água natural de até 10 metros;Analisado, aguardando atendimento a notificação;PE;0,1987
PA-1507300-E7F7446A40AA4C9CBC5833DE3441FD01;PA;São Félix do Xingu;Curso d'água natural de até 10 metros;Analisado, aguardando regularização ambiental (Lei nº 12.651/2012);AT;1,1607
PA-1507300-E82C8565149B45D9B62467F45F3B8524;PA;São Félix do Xingu;Curso d'água natural de até 10 metros;Analisado, aguardando regularização ambiental (Lei nº 12.651/2012);PE;1,9426
PA-1507300-E83BC128C97943308FEAC94F6B21A257;PA;São Félix do Xingu;Curso d'água natural de até 10 metros;Analisado, aguardando atendimento a notificação;SU;0,6284
PA-1507300-E88A1E5DD67E4205BBF748F5D855F1BD;PA;São Félix do Xingu;Curso d'água natural de até 10 metros;Analisado, aguardando atendimento a notificação;PE;0,1415
PA-1507300-E8A6283C2D8D4B08AEA277A80FECB642;PA;São Félix do Xingu;Curso d'água natural de até 10 metros;Aguardando análise;AT;1,6980
PA-1507300-E8D4EFA7D79444B5839FF0A761832BC9;PA;São Félix do Xingu;Curso d'água natural de até 10 metros;Analisado, aguardando regularização ambiental (Lei nº 12.651/2012);PE;41,4574
PA-1507300-E8E246EA6E774AF5824613B7D85AC4E4;PA;São Félix do Xingu;Curso d'água natural de até 10 metros;Analisado, aguardando atendimento a notificação;PE;14,5034
PA-1507300-E8E3BEF46A034494B126ABC22C174DDA;PA;São Félix do Xingu;Curso d'água natural de até 10 metros;Analisado, aguardando regularização ambiental (Lei nº 12.651/2012);AT;1,5562
PA-1507300-E8FD9793E81045C7BE3753F009063C71;PA;São Félix do Xingu;Curso d'água natural de até 10 metros;Analisado, aguardando atendimento a notificação;PE;0,0663
PA-1507300-E92C01F2C2B34475BABFB2D3164D533D;PA;São Félix do Xingu;Curso d'água natural de até 10 metros;Analisado, aguardando regularização ambiental (Lei nº 12.651/2012);SU;5,0083
PA-1507300-E9489F955EA84C32827EAC139F39EF2B;PA;São Félix do Xingu;Curso d'água natural de até 10 metros;Analisado, aguardando atendimento a notificação;PE;0,1814
PA-1507300-E964249E5B5840A8A0B6CAD45E0949CF;PA;São Félix do Xingu;Curso d'água natural de até 10 metros;Analisado, aguardando atendimento a notificação;PE;0,2244
PA-1507300-E9CE2D54EF0E4D468D0DE0CD23F00D5E;PA;São Félix do Xingu;Curso d'água natural de até 10 metros;Analisado, aguardando regularização ambiental (Lei nº 12.651/2012);PE;11,2781
PA-1507300-E9D13113F515435186C8257B761B73A2;PA;São Félix do Xingu;Curso d'água natural de até 10 metros;Analisado, aguardando atendimento a notificação;SU;1,1535
PA-1507300-E9E678F4371142FAA6F904317BE8AF5E;PA;São Félix do Xingu;Curso d'água natural de até 10 metros;Analisado, aguardando regularização ambiental (Lei nº 12.651/2012);PE;4,4694
PA-1507300-E9FD500E9DAD482DBAF4C1615FDD4BBD;PA;São Félix do Xingu;Curso d'água natural de até 10 metros;Analisado, aguardando atendimento a notificação;PE;7,7833
PA-1507300-EA17B4471C374F93A53F458236839EF6;PA;São Félix do Xingu;Curso d'água natural de até 10 metros;Analisado, aguardando atendimento a notificação;PE;0,5701
PA-1507300-EA1954E826224CA78180A10F50CE26F5;PA;São Félix do Xingu;Curso d'água natural de até 10 metros;Aguardando análise;PE;0,6875
PA-1507300-EA2F32E309AC4895A088F19C3A337328;PA;São Félix do Xingu;Curso d'água natural de até 10 metros;Aguardando análise;PE;0,9369
PA-1507300-EA5A39A149514E69A2444217C1B646E4;PA;São Félix do Xingu;Curso d'água natural de até 10 metros;Aguardando análise;PE;12,9318
PA-1507300-EA73DFD6F1AB4D05910852E2FF104A7F;PA;São Félix do Xingu;Curso d'água natural de até 10 metros;Analisado, aguardando atendimento a notificação;PE;0,0685
PA-1507300-EAD06904B7B348DDBE34AE634FAA0CDF;PA;São Félix do Xingu;Curso d'água natural de até 10 metros;Analisado, aguardando atendimento a notificação;PE;1,6836
PA-1507300-EB4343B2527F49E189703BDB537B13B9;PA;São Félix do Xingu;Curso d'água natural de até 10 metros;Analisado, aguardando atendimento a notificação;PE;0,0858
PA-1507300-EB5A84EC584C42BFADB708576BCC07C2;PA;São Félix do Xingu;Curso d'água natural de até 10 metros;Aguardando análise;AT;7,4359
PA-1507300-EB62C632AE574A0EBB278A88AE88F2D4;PA;São Félix do Xingu;Curso d'água natural de até 10 metros;Analisado sem pendências;AT;0,3423
PA-1507300-EB8A830735494D57A533D37DD7CCC7E1;PA;São Félix do Xingu;Curso d'água natural de até 10 metros;Aguardando análise;PE;2,4902
PA-1507300-EBA8732BE106441D8023566BC38E374F;PA;São Félix do Xingu;Curso d'água natural de até 10 metros;Analisado, aguardando atendimento a notificação;PE;0,0123
PA-1507300-EBC83B7D441F4D6AB8FFA76FF4C2AC0D;PA;São Félix do Xingu;Curso d'água natural de até 10 metros;Analisado, aguardando atendimento a notificação;PE;0,1264
PA-1507300-EBC9A53FAD0140C8A33C9EFE647C9E7C;PA;São Félix do Xingu;Curso d'água natural de até 10 metros;Analisado, aguardando atendimento a notificação;AT;4,4105
PA-1507300-EBECAD9C029B48B29EE14AB8F9C0A666;PA;São Félix do Xingu;Curso d'água natural de até 10 metros;Analisado, aguardando atendimento a notificação;SU;0,1454
PA-1507300-EBF8CDD3D8354096BDE00032CF396AF9;PA;São Félix do Xingu;Curso d'água natural de até 10 metros;Analisado, aguardando atendimento a notificação;PE;1,1777
PA-1507300-EC68058D46054AD788841616FBAAD5AD;PA;São Félix do Xingu;Curso d'água natural de até 10 metros;Analisado, aguardando atendimento a notificação;PE;1,7307
PA-1507300-EC77B1D436FF4692AC758508A7CCD8FC;PA;São Félix do Xingu;Curso d'água natural de até 10 metros;Analisado, aguardando atendimento a notificação;PE;0,0962
PA-1507300-EC944349D5594FEABCF37E063C67EE29;PA;São Félix do Xingu;Curso d'água natural de até 10 metros;Analisado, aguardando atendimento a notificação;PE;1,0326
PA-1507300-ECCB42360D8A4A7DB47880C47D9DC29B;PA;São Félix do Xingu;Curso d'água natural de até 10 metros;Analisado, aguardando atendimento a notificação;SU;0,5386
PA-1507300-ECD9AF603D53419CBB02EEA97943EC90;PA;São Félix do Xingu;Curso d'água natural de até 10 metros;Analisado, aguardando regularização ambiental (Lei nº 12.651/2012);AT;5,4543
PA-1507300-ECFD6613571A4760AA6506E8F55C00C6;PA;São Félix do Xingu;Curso d'água natural de até 10 metros;Analisado, aguardando atendimento a notificação;PE;2,0438
PA-1507300-ED0E103A73B3415B960A02CD243C5CD0;PA;São Félix do Xingu;Curso d'água natural de até 10 metros;Analisado, aguardando atendimento a notificação;PE;0,5693
PA-1507300-ED1F8B8AFEF34CBD9F27D0A5D69D9DF6;PA;São Félix do Xingu;Curso d'água natural de até 10 metros;Aguardando análise;PE;0,8716
PA-1507300-ED3FAC63D0044E26A54F215A5FB4B330;PA;São Félix do Xingu;Curso d'água natural de até 10 metros;Aguardando análise;PE;0,7693
PA-1507300-ED4207731332419FB914DAB772827733;PA;São Félix do Xingu;Curso d'água natural de até 10 metros;Analisado, aguardando regularização ambiental (Lei nº 12.651/2012);AT;0,8890
PA-1507300-ED76074AD6A04111A9281379935C599A;PA;São Félix do Xingu;Curso d'água natural de até 10 metros;Analisado, aguardando atendimento a notificação;PE;6,3982
PA-1507300-EDA8547E96934A90B4A3A247AF92C910;PA;São Félix do Xingu;Curso d'água natural de até 10 metros;Analisado, aguardando atendimento a notificação;PE;0,2015
PA-1507300-EDB919E088CB44DFA36889E7877069A7;PA;São Félix do Xingu;Curso d'água natural de até 10 metros;Analisado, aguardando atendimento a notificação;SU;0,8799
PA-1507300-EDFFF7FFA4C74BD6941A9FD94CDCC403;PA;São Félix do Xingu;Curso d'água natural de até 10 metros;Analisado, aguardando atendimento a notificação;PE;0,1352
PA-1507300-EE0517A93EF24B3484CDA454FF282521;PA;São Félix do Xingu;Curso d'água natural de até 10 metros;Analisado, aguardando atendimento a notificação;PE;1,0732
PA-1507300-EE2A37C30C1F4C9796834C08F27630BD;PA;São Félix do Xingu;Curso d'água natural de até 10 metros;Em análise;PE;0,5615
PA-1507300-EE3DD005D4AD4592BAA39B81CA4F11BA;PA;São Félix do Xingu;Curso d'água natural de até 10 metros;Analisado, aguardando atendimento a notificação;SU;3,4350
PA-1507300-EE621C43089A4132879694092F69DCB9;PA;São Félix do Xingu;Curso d'água natural de até 10 metros;Analisado, aguardando atendimento a notificação;PE;0,0309
PA-1507300-EE84B2136074475F8D78AE87BF5F4F6F;PA;São Félix do Xingu;Curso d'água natural de até 10 metros;Analisado, aguardando atendimento a notificação;PE;0,4238
PA-1507300-EEA6B93602284D929E44984477CCB126;PA;São Félix do Xingu;Curso d'água natural de até 10 metros;Analisado, aguardando atendimento a notificação;PE;0,2042
PA-1507300-EEF72DCB7E4946D595B866D08C46ED4E;PA;São Félix do Xingu;Curso d'água natural de até 10 metros;Analisado, aguardando atendimento a notificação;PE;0,4719
PA-1507300-EF22E1EADDB44A23B082975A6FDEF2BA;PA;São Félix do Xingu;Curso d'água natural de até 10 metros;Analisado, aguardando regularização ambiental (Lei nº 12.651/2012);AT;0,5673
PA-1507300-EF237872E6F44D508A7F03D0980A95E1;PA;São Félix do Xingu;Curso d'água natural de até 10 metros;Aguardando análise;PE;32,1115
PA-1507300-EF36310247F743CEBFB4A26FD325240A;PA;São Félix do Xingu;Curso d'água natural de até 10 metros;Analisado, aguardando atendimento a notificação;PE;1,2693
PA-1507300-EF6528111D7044C594B61FF82556084D;PA;São Félix do Xingu;Curso d'água natural de até 10 metros;Analisado, aguardando regularização ambiental (Lei nº 12.651/2012);PE;28,0726
PA-1507300-EF6DFEDBB7EB465191ADF757F944B8F7;PA;São Félix do Xingu;Curso d'água natural de até 10 metros;Analisado, aguardando atendimento a notificação;PE;1,1745
PA-1507300-EF8CD3D9019F43239CB88E6401BCFC88;PA;São Félix do Xingu;Curso d'água natural de até 10 metros;Analisado, aguardando atendimento a notificação;PE;0,0900
PA-1507300-EFBF6C83488F4B198689273399C7A938;PA;São Félix do Xingu;Curso d'água natural de até 10 metros;Analisado, aguardando atendimento a notificação;PE;0,1081
PA-1507300-EFC689B2A71E4AEDB07771E38F160E33;PA;São Félix do Xingu;Curso d'água natural de até 10 metros;Aguardando análise;PE;1,4804
PA-1507300-EFD0375B7407406B932605A711BFFEA3;PA;São Félix do Xingu;Curso d'água natural de até 10 metros;Analisado, aguardando atendimento a notificação;PE;1,7623
PA-1507300-EFD5B66998A34A2CA4D6A366AC5C8D80;PA;São Félix do Xingu;Curso d'água natural de até 10 metros;Aguardando análise;AT;0,5465
PA-1507300-F083BDF3968D45DF8B888667E7EB0C98;PA;São Félix do Xingu;Curso d'água natural de até 10 metros;Analisado, aguardando atendimento a notificação;PE;0,0795
PA-1507300-F0A6DF197C8549D7A4FFD99E89297A0F;PA;São Félix do Xingu;Curso d'água natural de até 10 metros;Analisado, aguardando atendimento a notificação;SU;7,9275
PA-1507300-F0CF9F23889146549628BC015A186780;PA;São Félix do Xingu;Curso d'água natural de até 10 metros;Analisado, aguardando atendimento a notificação;PE;0,0634
PA-1507300-F0DA0A08A6C2486F98DF7AFA5F72DA54;PA;São Félix do Xingu;Curso d'água natural de até 10 metros;Analisado, aguardando atendimento a notificação;SU;4,5307
PA-1507300-F12EC0512EBB49F8A33425E05D326AE9;PA;São Félix do Xingu;Curso d'água natural de até 10 metros;Analisado, aguardando atendimento a notificação;PE;1,3677
PA-1507300-F13B5F2DC3934AB4833A2F0F59E0A8F3;PA;São Félix do Xingu;Curso d'água natural de até 10 metros;Aguardando análise;AT;0,1758
PA-1507300-F15C04BADDF545D8B2A006A7CE2B2A80;PA;São Félix do Xingu;Curso d'água natural de até 10 metros;Analisado, aguardando atendimento a notificação;PE;0,4666
PA-1507300-F1789F90F5C84E33B34428ACE86ACD9F;PA;São Félix do Xingu;Curso d'água natural de até 10 metros;Analisado, aguardando atendimento a notificação;PE;0,0929
PA-1507300-F1B65366432A401DA37680C319963009;PA;São Félix do Xingu;Curso d'água natural de até 10 metros;Analisado, aguardando atendimento a notificação;PE;0,9384
PA-1507300-F22412FE088648308F73D75642D05BE9;PA;São Félix do Xingu;Curso d'água natural de até 10 metros;Analisado sem pendências;AT;0,4053
PA-1507300-F227152B8CE34CA6AFD203B1DC933C8F;PA;São Félix do Xingu;Curso d'água natural de até 10 metros;Analisado, aguardando atendimento a notificação;AT;0,9453
PA-1507300-F2316D505AB943E38D1C017D4A56D0C7;PA;São Félix do Xingu;Curso d'água natural de até 10 metros;Analisado, aguardando atendimento a notificação;SU;32,8847
PA-1507300-F2505FDED5294465B00B95B8AE63BC2D;PA;São Félix do Xingu;Curso d'água natural de até 10 metros;Analisado sem pendências;AT;1,2169
PA-1507300-F255C859C5D34DB7AE309A6C17D0633E;PA;São Félix do Xingu;Curso d'água natural de até 10 metros;Analisado, aguardando atendimento a notificação;PE;2,0029
PA-1507300-F2620894EE044CEFB7205BC5690FC983;PA;São Félix do Xingu;Curso d'água natural de até 10 metros;Analisado, aguardando regularização ambiental (Lei nº 12.651/2012);AT;0,5592
PA-1507300-F273622E6C6647E49D6490352C5FF76C;PA;São Félix do Xingu;Curso d'água natural de até 10 metros;Analisado, aguardando regularização ambiental (Lei nº 12.651/2012);AT;6,2575
PA-1507300-F29812C1184542CABDFBD6594D23987F;PA;São Félix do Xingu;Curso d'água natural de até 10 metros;Analisado, aguardando regularização ambiental (Lei nº 12.651/2012);AT;13,3262
PA-1507300-F2A813E5B6DF496FB7EC04A881794D4D;PA;São Félix do Xingu;Curso d'água natural de até 10 metros;Analisado, aguardando atendimento a notificação;AT;0,4783
PA-1507300-F2A97541E32F44E491E5F1756D5D1CD6;PA;São Félix do Xingu;Curso d'água natural de até 10 metros;Analisado, aguardando atendimento a notificação;PE;0,2020
PA-1507300-F2BD12CEB7914C83BB0C9362B48D1750;PA;São Félix do Xingu;Curso d'água natural de até 10 metros;Aguardando análise;PE;1,2247
PA-1507300-F3F53360CB0E4E8BA4B68558FE3F04E5;PA;São Félix do Xingu;Curso d'água natural de até 10 metros;Analisado, aguardando atendimento a notificação;PE;0,1111
PA-1507300-F4310A3866B141109424D319ACF53FB2;PA;São Félix do Xingu;Curso d'água natural de até 10 metros;Analisado, aguardando atendimento a notificação;PE;0,0472
PA-1507300-F43F29B6FE4146FB9ABC56C5887B45A5;PA;São Félix do Xingu;Curso d'água natural de até 10 metros;Analisado, aguardando atendimento a notificação;PE;0,2254
PA-1507300-F45C8299F4E94EB3A25EC1B03A19CA3A;PA;São Félix do Xingu;Curso d'água natural de até 10 metros;Analisado, aguardando atendimento a notificação;PE;0,5638
PA-1507300-F47CCDE03AA6405EA8C83D541465B2B2;PA;São Félix do Xingu;Curso d'água natural de até 10 metros;Analisado, aguardando atendimento a notificação;PE;0,0129
PA-1507300-F4B59225909D4D6FAC420E6F6552DF80;PA;São Félix do Xingu;Curso d'água natural de até 10 metros;Analisado, aguardando atendimento a notificação;PE;0,9467
PA-1507300-F4C4A410CFCC4184BBBE18BD158EBF64;PA;São Félix do Xingu;Curso d'água natural de até 10 metros;Analisado, aguardando atendimento a notificação;PE;1,3051
PA-1507300-F4C7445FCE6B4F859C66EB0902DE0EF9;PA;São Félix do Xingu;Curso d'água natural de até 10 metros;Analisado, aguardando atendimento a notificação;PE;0,3689
PA-1507300-F4F1A7735A3D44359E26BAE2514A35FA;PA;São Félix do Xingu;Curso d'água natural de até 10 metros;Analisado, aguardando regularização ambiental (Lei nº 12.651/2012);AT;8,9408
PA-1507300-F511D99F871B48D8BA06EDDE2488D019;PA;São Félix do Xingu;Curso d'água natural de até 10 metros;Analisado, aguardando atendimento a notificação;PE;0,3917
PA-1507300-F57AEB9F33744B6EAF59F2ABE7FE683B;PA;São Félix do Xingu;Curso d'água natural de até 10 metros;Analisado, aguardando atendimento a notificação;PE;0,1934
PA-1507300-F5A2963D824A4A998F8C5E5DCCAA4D94;PA;São Félix do Xingu;Curso d'água natural de até 10 metros;Aguardando análise;PE;0,2302
PA-1507300-F5EFBC6751414AEE9D6F6FCF8EBCE932;PA;São Félix do Xingu;Curso d'água natural de até 10 metros;Analisado, aguardando atendimento a notificação;PE;0,0372
PA-1507300-F5F264BDBB124B09804F1339769EB107;PA;São Félix do Xingu;Curso d'água natural de até 10 metros;Analisado, aguardando atendimento a notificação;PE;0,0189
PA-1507300-F6536D42F7BE40B0A9A44C6528B147E7;PA;São Félix do Xingu;Curso d'água natural de até 10 metros;Analisado, aguardando regularização ambiental (Lei nº 12.651/2012);AT;2,4117
PA-1507300-F66EAA6151B7435496421FF87856ED84;PA;São Félix do Xingu;Curso d'água natural de até 10 metros;Analisado, aguardando atendimento a notificação;PE;1,1806
PA-1507300-F66FA96C96334D28A34524EF918FD535;PA;São Félix do Xingu;Curso d'água natural de até 10 metros;Aguardando análise;PE;3,2897
PA-1507300-F67944720C114317986C75AF6FFA709C;PA;São Félix do Xingu;Curso d'água natural de até 10 metros;Analisado, aguardando regularização ambiental (Lei nº 12.651/2012);AT;0,5490
PA-1507300-F6803FB843654265BD242BED09BE61C3;PA;São Félix do Xingu;Curso d'água natural de até 10 metros;Analisado, aguardando atendimento a notificação;PE;0,3025
PA-1507300-F68706541B9C4C28B2E3789C959EE954;PA;São Félix do Xingu;Curso d'água natural de até 10 metros;Aguardando análise;AT;2,3278
PA-1507300-F6C860D5EC3D434FB86B77E7DC2EB5F5;PA;São Félix do Xingu;Curso d'água natural de até 10 metros;Analisado, aguardando regularização ambiental (Lei nº 12.651/2012);AT;1,5916
PA-1507300-F6D7B2FB653641B591965818B2B5D083;PA;São Félix do Xingu;Curso d'água natural de até 10 metros;Em análise;PE;0,2463
PA-1507300-F72C38E3E5F24F29A0393C3BCF49419E;PA;São Félix do Xingu;Curso d'água natural de até 10 metros;Analisado, aguardando atendimento a notificação;PE;0,0884
PA-1507300-F77FD3CC72CF4563B9FED46B0FB8AFC2;PA;São Félix do Xingu;Curso d'água natural de até 10 metros;Analisado, aguardando regularização ambiental (Lei nº 12.651/2012);PE;5,3021
PA-1507300-F7C313A717184840A23E79527DC1A3AF;PA;São Félix do Xingu;Curso d'água natural de até 10 metros;Analisado, aguardando regularização ambiental (Lei nº 12.651/2012);AT;1,3567
PA-1507300-F7CB4DA88C814CB49442E05A1CC70C07;PA;São Félix do Xingu;Curso d'água natural de até 10 metros;Analisado, aguardando atendimento a notificação;SU;0,2397
PA-1507300-F7DF356A6E89461C90F973D522CD40B7;PA;São Félix do Xingu;Curso d'água natural de até 10 metros;Analisado, aguardando regularização ambiental (Lei nº 12.651/2012);AT;12,5734
PA-1507300-F7EA6FB4DF674B258D3B63815787A11F;PA;São Félix do Xingu;Curso d'água natural de até 10 metros;Analisado, aguardando atendimento a notificação;PE;0,1022
PA-1507300-F837A90199904C1696999D78F8C4E3A1;PA;São Félix do Xingu;Curso d'água natural de até 10 metros;Analisado, aguardando regularização ambiental (Lei nº 12.651/2012);AT;2,2726
PA-1507300-F84B18CA0CE041659DC1CB19CC494249;PA;São Félix do Xingu;Curso d'água natural de até 10 metros;Analisado, aguardando regularização ambiental (Lei nº 12.651/2012);AT;21,2331
PA-1507300-F85EF99B2F94466487191850B7A7B806;PA;São Félix do Xingu;Curso d'água natural de até 10 metros;Analisado, aguardando atendimento a notificação;PE;0,3514
PA-1507300-F866D4427ED64FD2AEEC2F80F335D32A;PA;São Félix do Xingu;Curso d'água natural de até 10 metros;Analisado, aguardando atendimento a notificação;PE;0,1015
PA-1507300-F8746CCEF5D54C288B5716DD914530A7;PA;São Félix do Xingu;Curso d'água natural de até 10 metros;Analisado, aguardando atendimento a notificação;PE;0,5736
PA-1507300-F8A4BFDE4E7D48CF95EBEF656FE51A73;PA;São Félix do Xingu;Curso d'água natural de até 10 metros;Analisado, aguardando atendimento a notificação;PE;0,0480
PA-1507300-F8A8F8FBFC7F4798B2495DA27D537C71;PA;São Félix do Xingu;Curso d'água natural de até 10 metros;Analisado, aguardando atendimento a notificação;SU;1,4421
PA-1507300-F9165DD92BA44983AA832F9AD88DB910;PA;São Félix do Xingu;Curso d'água natural de até 10 metros;Analisado, aguardando atendimento a notificação;SU;0,4673
PA-1507300-F9805B5DCDE845179843E24493101660;PA;São Félix do Xingu;Curso d'água natural de até 10 metros;Analisado, aguardando atendimento a notificação;PE;0,0608
PA-1507300-F9921F62DC9A43688EAF6A98D3420FC9;PA;São Félix do Xingu;Curso d'água natural de até 10 metros;Analisado, aguardando atendimento a notificação;PE;0,0960
PA-1507300-F9C28C30B08C4200A2A80D7BDEE612E3;PA;São Félix do Xingu;Curso d'água natural de até 10 metros;Analisado, aguardando atendimento a notificação;PE;1,5124
PA-1507300-F9F7F18FD64B4CA6AAF9145D084F93C1;PA;São Félix do Xingu;Curso d'água natural de até 10 metros;Analisado, aguardando atendimento a notificação;PE;0,4549
PA-1507300-FA6B8E56DA414D8299DAFD58F20A1E31;PA;São Félix do Xingu;Curso d'água natural de até 10 metros;Analisado, aguardando atendimento a notificação;PE;0,2344
PA-1507300-FB23A076C677465081B3A8E14A6BC8AE;PA;São Félix do Xingu;Curso d'água natural de até 10 metros;Analisado, aguardando atendimento a notificação;PE;0,0859
PA-1507300-FB4EBD9085F34D84B3BF4ADDB757A749;PA;São Félix do Xingu;Curso d'água natural de até 10 metros;Analisado, aguardando regularização ambiental (Lei nº 12.651/2012);AT;1,7145
PA-1507300-FBA5B125D26249FB90CF0CC3CD04654B;PA;São Félix do Xingu;Curso d'água natural de até 10 metros;Aguardando análise;AT;0,3036
PA-1507300-FBD3D2F2AC8A4FF580C910B860DE2533;PA;São Félix do Xingu;Curso d'água natural de até 10 metros;Analisado, aguardando atendimento a notificação;PE;0,0655
PA-1507300-FC136733C09E4DEE9BFDBE8C016B2FE7;PA;São Félix do Xingu;Curso d'água natural de até 10 metros;Analisado, aguardando regularização ambiental (Lei nº 12.651/2012);AT;36,1133
PA-1507300-FC269E08088A466DA857E404A8651479;PA;São Félix do Xingu;Curso d'água natural de até 10 metros;Analisado, aguardando atendimento a notificação;PE;0,1499
PA-1507300-FC313FF06D1543599DB0B8D5B1D805A0;PA;São Félix do Xingu;Curso d'água natural de até 10 metros;Analisado, aguardando regularização ambiental (Lei nº 12.651/2012);AT;3,0545
PA-1507300-FC3EE45208FF4C7F8BDA5A6F4C60D8FA;PA;São Félix do Xingu;Curso d'água natural de até 10 metros;Analisado, aguardando atendimento a notificação;PE;1,1537
PA-1507300-FC4F37CF7E9D45C99751E419A7C27B71;PA;São Félix do Xingu;Curso d'água natural de até 10 metros;Analisado, aguardando atendimento a notificação;PE;0,2127
PA-1507300-FC5AF36EEF614C2FB293CBA2D0EADE17;PA;São Félix do Xingu;Curso d'água natural de até 10 metros;Analisado, aguardando atendimento a notificação;PE;0,4650
PA-1507300-FC6E3B146BBF4652A6DE313EE69FDD5F;PA;São Félix do Xingu;Curso d'água natural de até 10 metros;Analisado, aguardando atendimento a notificação;SU;0,3338
PA-1507300-FC7DE4FE019A4F78A5D4F4B0AE85638D;PA;São Félix do Xingu;Curso d'água natural de até 10 metros;Aguardando análise;PE;0,5631
PA-1507300-FC937A075E3C4D6980B446E8A1524C3B;PA;São Félix do Xingu;Curso d'água natural de até 10 metros;Analisado, aguardando atendimento a notificação;PE;0,0598
PA-1507300-FCA561887A244E98A7331414C1884539;PA;São Félix do Xingu;Curso d'água natural de até 10 metros;Analisado, aguardando atendimento a notificação;PE;0,1584
PA-1507300-FCBF5AB6F96340898FDE6F9073DE97C2;PA;São Félix do Xingu;Curso d'água natural de até 10 metros;Analisado, aguardando atendimento a notificação;PE;0,1413
PA-1507300-FCD272709F4D42438DB6708AEAA44216;PA;São Félix do Xingu;Curso d'água natural de até 10 metros;Analisado, aguardando atendimento a notificação;PE;0,1406
PA-1507300-FCDA9504F2C742E9A290C5D3A1782334;PA;São Félix do Xingu;Curso d'água natural de até 10 metros;Aguardando análise;PE;0,8997
PA-1507300-FD1512CCD7BA41329C0504B1F051C81B;PA;São Félix do Xingu;Curso d'água natural de até 10 metros;Analisado, aguardando atendimento a notificação;PE;0,1200
PA-1507300-FDC68793979B4B49B1D55D465FDD9A42;PA;São Félix do Xingu;Curso d'água natural de até 10 metros;Analisado, aguardando atendimento a notificação;PE;0,9995
PA-1507300-FDF232F935FB4D95A98157F26D8BBB1D;PA;São Félix do Xingu;Curso d'água natural de até 10 metros;Analisado, aguardando atendimento a notificação;SU;15,1713
PA-1507300-FE08A93B26F24207B7BF3146756B6C99;PA;São Félix do Xingu;Curso d'água natural de até 10 metros;Aguardando análise;PE;0,1378
PA-1507300-FE1856FE0505452FAC1BAD56EBE7BD66;PA;São Félix do Xingu;Curso d'água natural de até 10 metros;Analisado, aguardando atendimento a notificação;PE;0,8887
PA-1507300-FE2D86FD7D534CF6B054FED3904F9444;PA;São Félix do Xingu;Curso d'água natural de até 10 metros;Analisado, aguardando regularização ambiental (Lei nº 12.651/2012);AT;1,2598
PA-1507300-FE4744460E694B93A88BD99CBC9A4F15;PA;São Félix do Xingu;Curso d'água natural de até 10 metros;Analisado, aguardando atendimento a notificação;PE;0,0674
PA-1507300-FE4D77AE49454A098D53DEC4E3D64673;PA;São Félix do Xingu;Curso d'água natural de até 10 metros;Analisado sem pendências;AT;1,0228
PA-1507300-FE559E1AEAAF499C9F2592369B9C5693;PA;São Félix do Xingu;Curso d'água natural de até 10 metros;Analisado, aguardando atendimento a notificação;AT;5,3527
PA-1507300-FE6CE269D7F1435F88CE334A62B1F251;PA;São Félix do Xingu;Curso d'água natural de até 10 metros;Analisado, aguardando atendimento a notificação;PE;0,1205
PA-1507300-FE7BDFB2E54F42B89831DFC1714799B1;PA;São Félix do Xingu;Curso d'água natural de até 10 metros;Analisado, aguardando regularização ambiental (Lei nº 12.651/2012);AT;1,6551
PA-1507300-FE954F10B2104387A2EC33BDB1FF7AEB;PA;São Félix do Xingu;Curso d'água natural de até 10 metros;Analisado, aguardando regularização ambiental (Lei nº 12.651/2012);AT;0,7196
PA-1507300-FEC87CD150DF494C9FF19C727C950C67;PA;São Félix do Xingu;Curso d'água natural de até 10 metros;Analisado, aguardando regularização ambiental (Lei nº 12.651/2012);AT;0,5543
PA-1507300-FECABBE16FCA45178A6E8B3ECDAA075F;PA;São Félix do Xingu;Curso d'água natural de até 10 metros;Analisado, aguardando atendimento a notificação;AT;0,7371
PA-1507300-FF27C42C41224F8B8600BB562AC55BF0;PA;São Félix do Xingu;Curso d'água natural de até 10 metros;Analisado, aguardando atendimento a notificação;PE;1,2850
PA-1507300-FF56EF26ECC44BC98193DA9A98276CEF;PA;São Félix do Xingu;Curso d'água natural de até 10 metros;Aguardando análise;PE;0,2293
PA-1507300-FF5DE0EEBD3E43708AC47F63E406D0ED;PA;São Félix do Xingu;Curso d'água natural de até 10 metros;Analisado, aguardando regularização ambiental (Lei nº 12.651/2012);AT;3,9301
PA-1507300-FFACF3081341461EA4A04001A2D14B57;PA;São Félix do Xingu;Curso d'água natural de até 10 metros;Analisado sem pendências;AT;0,0472
PA-1507300-FFBA47D9BC54479889399FA5BF4E214D;PA;São Félix do Xingu;Curso d'água natural de até 10 metros;Analisado, aguardando regularização ambiental (Lei nº 12.651/2012);AT;17,7954
PA-1507300-FFD27ABCDF4C4C0C9B8F318C65417D32;PA;São Félix do Xingu;Curso d'água natural de até 10 metros;Analisado, aguardando atendimento a notificação;PE;0,0743
PA-1507300-069239577FE5450290126281DA0A0F8F;PA;São Félix do Xingu;Curso d'água natural de 10 a 50 metros;Analisado, aguardando regularização ambiental (Lei nº 12.651/2012);AT;16,2798
PA-1507300-10EFB435AC0A4FCB89A0074841468973;PA;São Félix do Xingu;Curso d'água natural de 10 a 50 metros;Analisado, aguardando atendimento a notificação;PE;15,1299
PA-1507300-1CEFA44B2A2C40B5B2603DF9DCE1BF09;PA;São Félix do Xingu;Curso d'água natural de 10 a 50 metros;Aguardando análise;PE;4,0105
PA-1507300-214FF138E0E348E29DF6D4F7B5C613DB;PA;São Félix do Xingu;Curso d'água natural de 10 a 50 metros;Aguardando análise;PE;22,2441
PA-1507300-34BED92E8A6C4D3C9A3695B7D207DE3A;PA;São Félix do Xingu;Curso d'água natural de 10 a 50 metros;Analisado, aguardando regularização ambiental (Lei nº 12.651/2012);AT;1,7041
PA-1507300-35F5CD828F74470980A0E635FF853878;PA;São Félix do Xingu;Curso d'água natural de 10 a 50 metros;Analisado, aguardando atendimento a notificação;SU;11,1811
PA-1507300-37A34096C91F474BB2A198A2DB2B1005;PA;São Félix do Xingu;Curso d'água natural de 10 a 50 metros;Analisado, aguardando regularização ambiental (Lei nº 12.651/2012);AT;201,4379
PA-1507300-37C14F94DE624B8BAF257F4D8A25788C;PA;São Félix do Xingu;Curso d'água natural de 10 a 50 metros;Analisado, aguardando atendimento a notificação;PE;5,8483
PA-1507300-3B0E2FCFA03D400A9AE5822C44D58735;PA;São Félix do Xingu;Curso d'água natural de 10 a 50 metros;Analisado, aguardando regularização ambiental (Lei nº 12.651/2012);AT;5,5189
PA-1507300-3CDB81A0930542E394BFC254ECFE6FFA;PA;São Félix do Xingu;Curso d'água natural de 10 a 50 metros;Analisado, aguardando atendimento a notificação;PE;7,5191
PA-1507300-3DDE3B6338B34930952F94678EB7BF23;PA;São Félix do Xingu;Curso d'água natural de 10 a 50 metros;Analisado, aguardando regularização ambiental (Lei nº 12.651/2012);AT;2,0824
PA-1507300-3DE88B05C6FA4FE09402B8E63AE43F9A;PA;São Félix do Xingu;Curso d'água natural de 10 a 50 metros;Analisado, aguardando atendimento a notificação;PE;3,8896
PA-1507300-45C114C1FD8D4751B749C1CCB62E2A30;PA;São Félix do Xingu;Curso d'água natural de 10 a 50 metros;Analisado, aguardando atendimento a notificação;PE;4,3041
PA-1507300-489E2FAFF9E94598A24D5085AF2604B1;PA;São Félix do Xingu;Curso d'água natural de 10 a 50 metros;Analisado, aguardando regularização ambiental (Lei nº 12.651/2012);PE;98,5646
PA-1507300-4B8F8C3DBD7C4603ACB8CDBEBE024682;PA;São Félix do Xingu;Curso d'água natural de 10 a 50 metros;Analisado, aguardando regularização ambiental (Lei nº 12.651/2012);AT;6,6218
PA-1507300-543656457E1449A78E88EBAEBB353509;PA;São Félix do Xingu;Curso d'água natural de 10 a 50 metros;Analisado, aguardando atendimento a notificação;PE;13,3767
PA-1507300-5C54F5FA01A04ABC8BE7A553AE4BF552;PA;São Félix do Xingu;Curso d'água natural de 10 a 50 metros;Analisado, aguardando atendimento a notificação;SU;48,6050
PA-1507300-66FBCDE26B2044858D6486FD7CBF1784;PA;São Félix do Xingu;Curso d'água natural de 10 a 50 metros;Analisado, aguardando atendimento a notificação;PE;8,5882
PA-1507300-71F2443DD6CD41E2ABC2F431BA624AAE;PA;São Félix do Xingu;Curso d'água natural de 10 a 50 metros;Analisado, aguardando atendimento a notificação;PE;7,5488
PA-1507300-822FC49767454736ABD49596B1F3B1A4;PA;São Félix do Xingu;Curso d'água natural de 10 a 50 metros;Aguardando análise;SU;6,1065
PA-1507300-86E24BAC5BD343C4839DDFEDECA35511;PA;São Félix do Xingu;Curso d'água natural de 10 a 50 metros;Aguardando análise;AT;7,2140
PA-1507300-8B9981BC38004C9DBEDFF55F53296580;PA;São Félix do Xingu;Curso d'água natural de 10 a 50 metros;Analisado, aguardando regularização ambiental (Lei nº 12.651/2012);AT;2,1161
PA-1507300-8E14045A956C47CB861D0C4F23D65F88;PA;São Félix do Xingu;Curso d'água natural de 10 a 50 metros;Analisado, aguardando atendimento a notificação;PE;0,9082
PA-1507300-90208FFCED96461DB39FAE2F9CE7A345;PA;São Félix do Xingu;Curso d'água natural de 10 a 50 metros;Analisado, aguardando regularização ambiental (Lei nº 12.651/2012);AT;34,3205
PA-1507300-96EA536157B54FEA95DE9565C1FB7B16;PA;São Félix do Xingu;Curso d'água natural de 10 a 50 metros;Analisado, aguardando atendimento a notificação;PE;2,9586
PA-1507300-97FF244057294139B0CF4C28490692EA;PA;São Félix do Xingu;Curso d'água natural de 10 a 50 metros;Analisado, aguardando regularização ambiental (Lei nº 12.651/2012);AT;5,0645
PA-1507300-A3FC4D5AA9D841EA9720FC8181BC0108;PA;São Félix do Xingu;Curso d'água natural de 10 a 50 metros;Analisado, aguardando regularização ambiental (Lei nº 12.651/2012);PE;12,6576
PA-1507300-A5226B0729464AA48D0DF1567B3B446A;PA;São Félix do Xingu;Curso d'água natural de 10 a 50 metros;Analisado, aguardando atendimento a notificação;PE;196,4048
PA-1507300-A5B2FF47F8A9494F80423E567587A7AB;PA;São Félix do Xingu;Curso d'água natural de 10 a 50 metros;Analisado, aguardando atendimento a notificação;PE;0,7432
PA-1507300-B17B363E6CA44D739F7BEBF9916320E2;PA;São Félix do Xingu;Curso d'água natural de 10 a 50 metros;Aguardando análise;AT;5,8858
PA-1507300-BC46A5247131444C96D6E901A8AF5084;PA;São Félix do Xingu;Curso d'água natural de 10 a 50 metros;Aguardando análise;PE;69,0369
PA-1507300-C1819DB2BE1E4A8D97724F2909D5F1B1;PA;São Félix do Xingu;Curso d'água natural de 10 a 50 metros;Analisado, aguardando regularização ambiental (Lei nº 12.651/2012);AT;2,2666
PA-1507300-C427C1C9A93A4A7F8800B5B28ECF9764;PA;São Félix do Xingu;Curso d'água natural de 10 a 50 metros;Analisado, aguardando regularização ambiental (Lei nº 12.651/2012);AT;16,5020
PA-1507300-C737A23CD95F49BEA694B781DFFABBC6;PA;São Félix do Xingu;Curso d'água natural de 10 a 50 metros;Analisado, aguardando regularização ambiental (Lei nº 12.651/2012);AT;2,3688
PA-1507300-D15503F9E0B147EA94051F55208759DB;PA;São Félix do Xingu;Curso d'água natural de 10 a 50 metros;Analisado, aguardando atendimento a notificação;PE;0,9061
PA-1507300-D5F40D2F739E4B42967A591F695E1A7D;PA;São Félix do Xingu;Curso d'água natural de 10 a 50 metros;Analisado, aguardando regularização ambiental (Lei nº 12.651/2012);AT;6,1317
PA-1507300-D778038140594B71875118771F532CF2;PA;São Félix do Xingu;Curso d'água natural de 10 a 50 metros;Analisado, aguardando atendimento a notificação;PE;3,8060
PA-1507300-DF7F94739B034772B6ACEC13F03D9345;PA;São Félix do Xingu;Curso d'água natural de 10 a 50 metros;Analisado, aguardando regularização ambiental (Lei nº 12.651/2012);AT;0,8969
PA-1507300-E7631C071F3A4B35A1A6C785D63CCA87;PA;São Félix do Xingu;Curso d'água natural de 10 a 50 metros;Analisado, aguardando regularização ambiental (Lei nº 12.651/2012);PE;18,8134
PA-1507300-E82C8565149B45D9B62467F45F3B8524;PA;São Félix do Xingu;Curso d'água natural de 10 a 50 metros;Analisado, aguardando regularização ambiental (Lei nº 12.651/2012);PE;10,2524
PA-1507300-E8D4EFA7D79444B5839FF0A761832BC9;PA;São Félix do Xingu;Curso d'água natural de 10 a 50 metros;Analisado, aguardando regularização ambiental (Lei nº 12.651/2012);PE;0,5722
PA-1507300-ED75C150CFCF4EEBAABC52CAE808A508;PA;São Félix do Xingu;Curso d'água natural de 10 a 50 metros;Analisado, aguardando atendimento a notificação;PE;9,5541
PA-1507300-F2316D505AB943E38D1C017D4A56D0C7;PA;São Félix do Xingu;Curso d'água natural de 10 a 50 metros;Analisado, aguardando atendimento a notificação;SU;29,0730
PA-1507300-F4B59225909D4D6FAC420E6F6552DF80;PA;São Félix do Xingu;Curso d'água natural de 10 a 50 metros;Analisado, aguardando atendimento a notificação;PE;0,3159
PA-1507300-F5349BC074FA4134A1088E8DA5418F10;PA;São Félix do Xingu;Curso d'água natural de 10 a 50 metros;Analisado, aguardando atendimento a notificação;SU;4,8475
PA-1507300-F7DF356A6E89461C90F973D522CD40B7;PA;São Félix do Xingu;Curso d'água natural de 10 a 50 metros;Analisado, aguardando regularização ambiental (Lei nº 12.651/2012);AT;15,1521
PA-1507300-FC136733C09E4DEE9BFDBE8C016B2FE7;PA;São Félix do Xingu;Curso d'água natural de 10 a 50 metros;Analisado, aguardando regularização ambiental (Lei nº 12.651/2012);AT;204,6430
PA-1507300-34BED92E8A6C4D3C9A3695B7D207DE3A;PA;São Félix do Xingu;Curso d'água natural de 50 a 200 metros;Analisado, aguardando regularização ambiental (Lei nº 12.651/2012);AT;3,3777
PA-1507300-DC098A05235C4326A17E4870DAC89BB4;PA;São Félix do Xingu;Curso d'água natural de 50 a 200 metros;Analisado, aguardando atendimento a notificação;PE;0,3148
PA-1507300-DF7F94739B034772B6ACEC13F03D9345;PA;São Félix do Xingu;Curso d'água natural de 50 a 200 metros;Analisado, aguardando regularização ambiental (Lei nº 12.651/2012);AT;0,7185
PA-1507300-1FC8A95B4C3E4D62B1B653002883BDE8;PA;São Félix do Xingu;Curso d'água natural de 50 a 200 metros;Analisado, aguardando atendimento a notificação;AT;10,9149
PA-1507300-391AB3218C544CC194D73AC81BE4C544;PA;São Félix do Xingu;Curso d'água natural de 50 a 200 metros;Analisado, aguardando atendimento a notificação;PE;11,0021
PA-1507300-23967DFADD3F4F3B973A15D4B717B132;PA;São Félix do Xingu;Curso d'água natural de 50 a 200 metros;Analisado sem pendências;AT;10,4264
PA-1507300-7ADEDAA08DAD42298E5248298A0BEF13;PA;São Félix do Xingu;Curso d'água natural de 50 a 200 metros;Analisado, aguardando atendimento a notificação;PE;0,0061
PA-1507300-59B4F042F0324071A989736589E91CA4;PA;São Félix do Xingu;Curso d'água natural de 50 a 200 metros;Analisado, aguardando regularização ambiental (Lei nº 12.651/2012);AT;1,4465
PA-1507300-85997F4BEB304896B350B0D07D738778;PA;São Félix do Xingu;Curso d'água natural de 50 a 200 metros;Analisado, aguardando regularização ambiental (Lei nº 12.651/2012);AT;0,9882
PA-1507300-D860072159CB460F8142353AB84CD36E;PA;São Félix do Xingu;Curso d'água natural de 50 a 200 metros;Analisado, aguardando regularização ambiental (Lei nº 12.651/2012);AT;0,1281
PA-1507300-98DD1D1ADFB748CD952B349CE922468F;PA;São Félix do Xingu;Curso d'água natural de 50 a 200 metros;Aguardando análise;PE;2,4932
PA-1507300-65BF85C8483E41308F902CC88102D5AB;PA;São Félix do Xingu;Curso d'água natural de 50 a 200 metros;Analisado, aguardando regularização ambiental (Lei nº 12.651/2012);PE;45,2553
PA-1507300-962418617A7B4452936AD0C7E177D975;PA;São Félix do Xingu;Curso d'água natural de 50 a 200 metros;Aguardando análise;PE;0,7221
PA-1507300-50FEFD8A4DF54AF485CD9594465B6FCF;PA;São Félix do Xingu;Curso d'água natural de 50 a 200 metros;Aguardando análise;PE;0,4711
PA-1507300-81C7357DDC334310ABBCB96D7C297743;PA;São Félix do Xingu;Curso d'água natural de 50 a 200 metros;Aguardando análise;PE;28,8533
PA-1507300-912DCA065C10445FBB6B5F12EEDEC419;PA;São Félix do Xingu;Curso d'água natural de 50 a 200 metros;Analisado, aguardando atendimento a notificação;PE;4,5033
PA-1507300-FECABBE16FCA45178A6E8B3ECDAA075F;PA;São Félix do Xingu;Curso d'água natural de 50 a 200 metros;Analisado, aguardando atendimento a notificação;AT;16,1543
PA-1507300-B92891FB2B054C8E8492AB917BD1DF1B;PA;São Félix do Xingu;Curso d'água natural de 50 a 200 metros;Aguardando análise;AT;0,2342
PA-1507300-EF237872E6F44D508A7F03D0980A95E1;PA;São Félix do Xingu;Curso d'água natural de 200 a 600 metros;Aguardando análise;PE;361,4525
PA-1507300-33E1F4BC6556429CB9094561218B3C62;PA;São Félix do Xingu;Curso d'água natural de 200 a 600 metros;Analisado, aguardando regularização ambiental (Lei nº 12.651/2012);AT;574,5500
PA-1507300-44476ACE2B3E4218A2E7BCB9C8CC4003;PA;São Félix do Xingu;Curso d'água natural de 200 a 600 metros;Aguardando análise;PE;22,1221
PA-1507300-FC7DE4FE019A4F78A5D4F4B0AE85638D;PA;São Félix do Xingu;Curso d'água natural de 200 a 600 metros;Aguardando análise;PE;10,9614
PA-1507300-83B2D379C2924EA7912892137789FE0A;PA;São Félix do Xingu;Curso d'água natural de 200 a 600 metros;Aguardando análise;PE;158,9414
PA-1507300-EE2A37C30C1F4C9796834C08F27630BD;PA;São Félix do Xingu;Curso d'água natural de 200 a 600 metros;Em análise;PE;126,3957
PA-1507300-50FD23EB624741C098B4B587C3322CC4;PA;São Félix do Xingu;Curso d'água natural de 200 a 600 metros;Analisado, aguardando atendimento a notificação;PE;148,4280
PA-1507300-8FAA1FA78040447E9C44548C7451B161;PA;São Félix do Xingu;Curso d'água natural de 200 a 600 metros;Analisado, aguardando atendimento a notificação;PE;2,4783
PA-1507300-3BEE93D10FC0474787D2111CB2355689;PA;São Félix do Xingu;Curso d'água natural de 200 a 600 metros;Analisado, aguardando atendimento a notificação;SU;27,9502
PA-1507300-7AD3C7EDCF4044778B53FF6AFDA82746;PA;São Félix do Xingu;Curso d'água natural de 200 a 600 metros;Analisado, aguardando atendimento a notificação;PE;47,6933
PA-1507300-1F637C76B38B47F4AEB947F792CA62DA;PA;São Félix do Xingu;Curso d'água natural de 200 a 600 metros;Analisado, aguardando atendimento a notificação;AT;114,9877
PA-1507300-71AF09FBC9054BB78277E81311D3939B;PA;São Félix do Xingu;Curso d'água natural de 200 a 600 metros;Analisado, aguardando regularização ambiental (Lei nº 12.651/2012);AT;54,7688
PA-1507300-0AB11CCF9B6A407B8C5F096B07509ADF;PA;São Félix do Xingu;Curso d'água natural de 200 a 600 metros;Aguardando análise;AT;43,4463
PA-1507300-C9615789829A431594579AF3A59FE0C9;PA;São Félix do Xingu;Curso d'água natural acima de 600 metros;Analisado, aguardando atendimento a notificação;PE;88,1077
PA-1507300-1FC8A95B4C3E4D62B1B653002883BDE8;PA;São Félix do Xingu;Curso d'água natural acima de 600 metros;Analisado, aguardando atendimento a notificação;AT;10,1880
PA-1507300-68217660488343758DF46A7A7B404E65;PA;São Félix do Xingu;Curso d'água natural acima de 600 metros;Aguardando análise;PE;159,8256
PA-1507300-F6536D42F7BE40B0A9A44C6528B147E7;PA;São Félix do Xingu;Curso d'água natural acima de 600 metros;Analisado, aguardando regularização ambiental (Lei nº 12.651/2012);AT;282,8616
PA-1507300-33E1F4BC6556429CB9094561218B3C62;PA;São Félix do Xingu;Curso d'água natural acima de 600 metros;Analisado, aguardando regularização ambiental (Lei nº 12.651/2012);AT;0,0005
PA-1507300-5280FF78B1854F48B234904A965D84A0;PA;São Félix do Xingu;Curso d'água natural acima de 600 metros;Analisado, aguardando regularização ambiental (Lei nº 12.651/2012);AT;67,8659
PA-1507300-B82BA773749E49078A0F0CD7C040EEF9;PA;São Félix do Xingu;Curso d'água natural acima de 600 metros;Analisado, aguardando regularização ambiental (Lei nº 12.651/2012);PE;63,4267
PA-1507300-667B0AA935E24E7E8239CAF8B63DC56E;PA;São Félix do Xingu;Curso d'água natural acima de 600 metros;Analisado, aguardando regularização ambiental (Lei nº 12.651/2012);AT;91,7909
PA-1507300-9FFB092E22F5464CA987AEDC704178D4;PA;São Félix do Xingu;Curso d'água natural acima de 600 metros;Analisado, aguardando atendimento a notificação;PE;42,5982
PA-1507300-42D00D1B67FF4E328DE20D015E085E82;PA;São Félix do Xingu;Curso d'água natural acima de 600 metros;Analisado, aguardando regularização ambiental (Lei nº 12.651/2012);PE;416,6772
PA-1507300-742DA5D4680F4F019E852B0E5C6E6F26;PA;São Félix do Xingu;Curso d'água natural acima de 600 metros;Analisado, aguardando atendimento a notificação;PE;6,1637
PA-1507300-602083E53A8048458670198F0CEE8F53;PA;São Félix do Xingu;Curso d'água natural acima de 600 metros;Analisado, aguardando regularização ambiental (Lei nº 12.651/2012);AT;544,8462
PA-1507300-0632524F64B04D52BC3FEE32C99F546C;PA;São Félix do Xingu;Curso d'água natural acima de 600 metros;Analisado, aguardando atendimento a notificação;AT;71,7147
PA-1507300-203749A665B14D63B1404D25F020F60B;PA;São Félix do Xingu;Curso d'água natural acima de 600 metros;Analisado, aguardando regularização ambiental (Lei nº 12.651/2012);AT;365,8426
PA-1507300-AAF2E414933243E98464A0B33FEFFBBC;PA;São Félix do Xingu;Curso d'água natural acima de 600 metros;Analisado, aguardando atendimento a notificação;PE;35,6336
PA-1507300-7A8C4B3717F64424979C4DCA2302A784;PA;São Félix do Xingu;Curso d'água natural acima de 600 metros;Analisado, aguardando atendimento a notificação;PE;3,8433
PA-1507300-214FF138E0E348E29DF6D4F7B5C613DB;PA;São Félix do Xingu;Curso d'água natural acima de 600 metros;Aguardando análise;PE;111,2329
PA-1507300-61894324C6064C609E2B82934B8760E3;PA;São Félix do Xingu;Curso d'água natural acima de 600 metros;Analisado, aguardando regularização ambiental (Lei nº 12.651/2012);PE;370,9091
PA-1507300-3CEBDB9A1030458ABE157B92FE09364F;PA;São Félix do Xingu;Curso d'água natural acima de 600 metros;Analisado, aguardando regularização ambiental (Lei nº 12.651/2012);AT;62,3900
PA-1507300-B662A288DCE54236AC7B93F2121F593D;PA;São Félix do Xingu;Curso d'água natural acima de 600 metros;Analisado, aguardando regularização ambiental (Lei nº 12.651/2012);AT;141,3920
PA-1507300-FC313FF06D1543599DB0B8D5B1D805A0;PA;São Félix do Xingu;Curso d'água natural acima de 600 metros;Analisado, aguardando regularização ambiental (Lei nº 12.651/2012);AT;499,1126
PA-1507300-663A1129FB714ECAB3B9F7E94C0EBC4C;PA;São Félix do Xingu;Curso d'água natural acima de 600 metros;Aguardando análise;PE;60,0773
PA-1507300-CDB6806489B74E0A86D98E68ECAAC345;PA;São Félix do Xingu;Curso d'água natural acima de 600 metros;Analisado, aguardando atendimento a notificação;SU;113,7918
PA-1507300-B17B363E6CA44D739F7BEBF9916320E2;PA;São Félix do Xingu;Curso d'água natural acima de 600 metros;Aguardando análise;AT;286,5141
PA-1507300-EE2A37C30C1F4C9796834C08F27630BD;PA;São Félix do Xingu;Curso d'água natural acima de 600 metros;Em análise;PE;217,9866
PA-1507300-E7631C071F3A4B35A1A6C785D63CCA87;PA;São Félix do Xingu;Curso d'água natural acima de 600 metros;Analisado, aguardando regularização ambiental (Lei nº 12.651/2012);PE;298,0662
PA-1507300-A3FC4D5AA9D841EA9720FC8181BC0108;PA;São Félix do Xingu;Curso d'água natural acima de 600 metros;Analisado, aguardando regularização ambiental (Lei nº 12.651/2012);PE;1289,5860
PA-1507300-490D2812F883479E8FBFF72DC429EC82;PA;São Félix do Xingu;Curso d'água natural acima de 600 metros;Analisado, aguardando atendimento a notificação;PE;51,7012
PA-1507300-242CE819C8554E92A5EE9208A0D93C01;PA;São Félix do Xingu;Curso d'água natural acima de 600 metros;Analisado, aguardando regularização ambiental (Lei nº 12.651/2012);PE;150,0607
PA-1507300-FE2D86FD7D534CF6B054FED3904F9444;PA;São Félix do Xingu;Curso d'água natural acima de 600 metros;Analisado, aguardando regularização ambiental (Lei nº 12.651/2012);AT;94,9634
PA-1507300-44BA4EBD08754C8A83EF117AB506C99B;PA;São Félix do Xingu;Curso d'água natural acima de 600 metros;Analisado, aguardando regularização ambiental (Lei nº 12.651/2012);AT;101,4353
PA-1507300-024CA8E952284838B288EBA30A436DEB;PA;São Félix do Xingu;Lago ou lagoa natural;Aguardando análise;PE;0,0585
PA-1507300-04407CD598D84BD18C157EFCF3BEA478;PA;São Félix do Xingu;Lago ou lagoa natural;Analisado, aguardando regularização ambiental (Lei nº 12.651/2012);AT;2,8898
PA-1507300-10A94D8236AF4FC382A399C529DCD7ED;PA;São Félix do Xingu;Lago ou lagoa natural;Aguardando análise;PE;2,2469
PA-1507300-16C35B51ACAE4E88A0D29C6EB68570C9;PA;São Félix do Xingu;Lago ou lagoa natural;Aguardando análise;PE;1,3423
PA-1507300-1AE7AA900D8F4D31A2EA0E06697D43D8;PA;São Félix do Xingu;Lago ou lagoa natural;Analisado, aguardando regularização ambiental (Lei nº 12.651/2012);AT;0,4907
PA-1507300-1BFF4CF6BBBC4BED814F7AC3A3037524;PA;São Félix do Xingu;Lago ou lagoa natural;Analisado, aguardando regularização ambiental (Lei nº 12.651/2012);AT;3,4412
PA-1507300-214FF138E0E348E29DF6D4F7B5C613DB;PA;São Félix do Xingu;Lago ou lagoa natural;Aguardando análise;PE;6,1376
PA-1507300-309BD492C98F491B8F5CE6FD653A4AAC;PA;São Félix do Xingu;Lago ou lagoa natural;Analisado, aguardando regularização ambiental (Lei nº 12.651/2012);PE;2,8995
PA-1507300-34BED92E8A6C4D3C9A3695B7D207DE3A;PA;São Félix do Xingu;Lago ou lagoa natural;Analisado, aguardando regularização ambiental (Lei nº 12.651/2012);AT;0,1361
PA-1507300-37A34096C91F474BB2A198A2DB2B1005;PA;São Félix do Xingu;Lago ou lagoa natural;Analisado, aguardando regularização ambiental (Lei nº 12.651/2012);AT;14,1046
PA-1507300-39B689CBF162459D92DC141DCC53313F;PA;São Félix do Xingu;Lago ou lagoa natural;Analisado, aguardando regularização ambiental (Lei nº 12.651/2012);AT;0,2082
PA-1507300-3D8E466E54F14B45BF79CA3A88F87A98;PA;São Félix do Xingu;Lago ou lagoa natural;Aguardando análise;PE;2,0560
PA-1507300-4260A7194C0A4AF29851284B32A3C5B8;PA;São Félix do Xingu;Lago ou lagoa natural;Analisado, aguardando regularização ambiental (Lei nº 12.651/2012);AT;1,3800
PA-1507300-467AD6A861C34D9E81CD96E1E18C0AAB;PA;São Félix do Xingu;Lago ou lagoa natural;Analisado, aguardando regularização ambiental (Lei nº 12.651/2012);AT;0,5341
PA-1507300-47E4751B36C548F796D5A0AF314F2EA3;PA;São Félix do Xingu;Lago ou lagoa natural;Analisado, aguardando regularização ambiental (Lei nº 12.651/2012);PE;2,9108
PA-1507300-488091B434124393B438E340D717ADA1;PA;São Félix do Xingu;Lago ou lagoa natural;Analisado, aguardando regularização ambiental (Lei nº 12.651/2012);PE;2,3184
PA-1507300-4B0949B8EAD344E9B5771BAAD9C98E05;PA;São Félix do Xingu;Lago ou lagoa natural;Aguardando análise;PE;21,2909
PA-1507300-543656457E1449A78E88EBAEBB353509;PA;São Félix do Xingu;Lago ou lagoa natural;Analisado, aguardando atendimento a notificação;PE;0,5179
PA-1507300-552C6A7030994640BEF8DA087F9DD8D3;PA;São Félix do Xingu;Lago ou lagoa natural;Aguardando análise;PE;3,5091
PA-1507300-6767E764D27149708C1969AA75489630;PA;São Félix do Xingu;Lago ou lagoa natural;Analisado, aguardando atendimento a notificação;PE;0,7337
PA-1507300-68217660488343758DF46A7A7B404E65;PA;São Félix do Xingu;Lago ou lagoa natural;Aguardando análise;PE;2,7091
PA-1507300-6A9692CE545F436F95C51E3A78053122;PA;São Félix do Xingu;Lago ou lagoa natural;Analisado, aguardando regularização ambiental (Lei nº 12.651/2012);AT;0,2849
PA-1507300-6D885C19610F409D92AE254FBD515A30;PA;São Félix do Xingu;Lago ou lagoa natural;Aguardando análise;AT;1,2656
PA-1507300-71AF09FBC9054BB78277E81311D3939B;PA;São Félix do Xingu;Lago ou lagoa natural;Analisado, aguardando regularização ambiental (Lei nº 12.651/2012);AT;0,3294
PA-1507300-758DA3B48EC644F9831F7385084DB401;PA;São Félix do Xingu;Lago ou lagoa natural;Analisado, aguardando regularização ambiental (Lei nº 12.651/2012);AT;10,7360
PA-1507300-766F8EC0D9AF44B19F5E9EBB0295C940;PA;São Félix do Xingu;Lago ou lagoa natural;Aguardando análise;PE;0,2119
PA-1507300-8EC5334AC03D47219C673E2109ED832B;PA;São Félix do Xingu;Lago ou lagoa natural;Analisado, aguardando regularização ambiental (Lei nº 12.651/2012);AT;0,1801
PA-1507300-ABFCC3C902194BC7B4916DEC14D85B29;PA;São Félix do Xingu;Lago ou lagoa natural;Analisado, aguardando regularização ambiental (Lei nº 12.651/2012);AT;1,8689
PA-1507300-B657F97EB3084113AD3B16C3F07983CB;PA;São Félix do Xingu;Lago ou lagoa natural;Analisado, aguardando regularização ambiental (Lei nº 12.651/2012);AT;11,4685
PA-1507300-C363A4066C3E4151BC3207D6332E1BA2;PA;São Félix do Xingu;Lago ou lagoa natural;Analisado, aguardando atendimento a notificação;SU;0,1405
PA-1507300-C5A65ADEF048475C9590CBE996749CC3;PA;São Félix do Xingu;Lago ou lagoa natural;Analisado, aguardando atendimento a notificação;SU;2,0285
PA-1507300-D0B50665F97A4C3099F34AC5DA008472;PA;São Félix do Xingu;Lago ou lagoa natural;Analisado, aguardando atendimento a notificação;PE;0,1520
PA-1507300-E595BBA978384D59AAE379ACB277E67F;PA;São Félix do Xingu;Lago ou lagoa natural;Analisado, aguardando regularização ambiental (Lei nº 12.651/2012);AT;7,3345
PA-1507300-E6F4810916EE484F8625E4ED566B6D29;PA;São Félix do Xingu;Lago ou lagoa natural;Aguardando análise;AT;6,6421
PA-1507300-EE2A37C30C1F4C9796834C08F27630BD;PA;São Félix do Xingu;Lago ou lagoa natural;Em análise;PE;5,7967
PA-1507300-EF6DFEDBB7EB465191ADF757F944B8F7;PA;São Félix do Xingu;Lago ou lagoa natural;Analisado, aguardando atendimento a notificação;PE;4,4791
PA-1507300-FC136733C09E4DEE9BFDBE8C016B2FE7;PA;São Félix do Xingu;Lago ou lagoa natural;Analisado, aguardando regularização ambiental (Lei nº 12.651/2012);AT;123,1925
PA-1507300-FC313FF06D1543599DB0B8D5B1D805A0;PA;São Félix do Xingu;Lago ou lagoa natural;Analisado, aguardando regularização ambiental (Lei nº 12.651/2012);AT;5,1948
PA-1507300-200743E2786E4ECABCEEFAD8E82C9D23;PA;São Félix do Xingu;Reservatório artificial decorrente de barramento ou represamento de cursos d'água naturais;Analisado, aguardando atendimento a notificação;PE;0,0633
PA-1507300-23D2B2EA0D924880B3CF06A5A32EDEA9;PA;São Félix do Xingu;Reservatório artificial decorrente de barramento ou represamento de cursos d'água naturais;Analisado, aguardando regularização ambiental (Lei nº 12.651/2012);AT;11,6483
PA-1507300-2665203B59F9414D9C651B88F8308A59;PA;São Félix do Xingu;Reservatório artificial decorrente de barramento ou represamento de cursos d'água naturais;Analisado, aguardando atendimento a notificação;PE;2,7746
PA-1507300-285F77416D014A799B3DAAEF88C8EC19;PA;São Félix do Xingu;Reservatório artificial decorrente de barramento ou represamento de cursos d'água naturais;Analisado, aguardando atendimento a notificação;SU;0,0750
PA-1507300-290E947D2EE54ECA891453104AF260C8;PA;São Félix do Xingu;Reservatório artificial decorrente de barramento ou represamento de cursos d'água naturais;Analisado, aguardando atendimento a notificação;AT;2,4871
PA-1507300-2C5D26C7F55546B3A763A482C623EC94;PA;São Félix do Xingu;Reservatório artificial decorrente de barramento ou represamento de cursos d'água naturais;Analisado, aguardando atendimento a notificação;SU;0,1896
PA-1507300-38E26E419A1E400ABB48F5060018B552;PA;São Félix do Xingu;Reservatório artificial decorrente de barramento ou represamento de cursos d'água naturais;Analisado, aguardando atendimento a notificação;PE;0,1059
PA-1507300-39B689CBF162459D92DC141DCC53313F;PA;São Félix do Xingu;Reservatório artificial decorrente de barramento ou represamento de cursos d'água naturais;Analisado, aguardando regularização ambiental (Lei nº 12.651/2012);AT;8,6456
PA-1507300-4B8F8C3DBD7C4603ACB8CDBEBE024682;PA;São Félix do Xingu;Reservatório artificial decorrente de barramento ou represamento de cursos d'água naturais;Analisado, aguardando regularização ambiental (Lei nº 12.651/2012);AT;4,1703
PA-1507300-4FBF393BA10C4B16BB47F410C2D447CE;PA;São Félix do Xingu;Reservatório artificial decorrente de barramento ou represamento de cursos d'água naturais;Analisado, aguardando regularização ambiental (Lei nº 12.651/2012);AT;19,6067
PA-1507300-51AC8AE51D89454EBCBD661263551E40;PA;São Félix do Xingu;Reservatório artificial decorrente de barramento ou represamento de cursos d'água naturais;Analisado, aguardando atendimento a notificação;PE;0,6750
PA-1507300-5506F43A644F40A598E8E7895DB433F4;PA;São Félix do Xingu;Reservatório artificial decorrente de barramento ou represamento de cursos d'água naturais;Analisado, aguardando atendimento a notificação;PE;0,8925
PA-1507300-55194B23EFC64F94B7384A9D8A3E5A69;PA;São Félix do Xingu;Reservatório artificial decorrente de barramento ou represamento de cursos d'água naturais;Analisado, aguardando regularização ambiental (Lei nº 12.651/2012);AT;0,5146
PA-1507300-5B3A4653618F4B54ADC34681F4E3127F;PA;São Félix do Xingu;Reservatório artificial decorrente de barramento ou represamento de cursos d'água naturais;Analisado, aguardando regularização ambiental (Lei nº 12.651/2012);AT;1,9830
PA-1507300-5EB3621525BD48A78767E6C686181303;PA;São Félix do Xingu;Reservatório artificial decorrente de barramento ou represamento de cursos d'água naturais;Analisado, aguardando regularização ambiental (Lei nº 12.651/2012);AT;35,2659
PA-1507300-5F0C600FF5214AF1BB456BE520DE57A9;PA;São Félix do Xingu;Reservatório artificial decorrente de barramento ou represamento de cursos d'água naturais;Analisado, aguardando regularização ambiental (Lei nº 12.651/2012);AT;0,3812
PA-1507300-68217660488343758DF46A7A7B404E65;PA;São Félix do Xingu;Reservatório artificial decorrente de barramento ou represamento de cursos d'água naturais;Aguardando análise;PE;2,6628
PA-1507300-712140CC2320423BB5B299646C0997DE;PA;São Félix do Xingu;Reservatório artificial decorrente de barramento ou represamento de cursos d'água naturais;Analisado, aguardando atendimento a notificação;PE;0,0844
PA-1507300-76DD8D890F2D4B6FAE1FC65352CBA78A;PA;São Félix do Xingu;Reservatório artificial decorrente de barramento ou represamento de cursos d'água naturais;Analisado, aguardando atendimento a notificação;PE;1,8039
PA-1507300-77116902FD994E98B52545D6D97851EC;PA;São Félix do Xingu;Reservatório artificial decorrente de barramento ou represamento de cursos d'água naturais;Analisado, aguardando regularização ambiental (Lei nº 12.651/2012);AT;3,4288
PA-1507300-7B66AA742CF644DB94850CA007B867D2;PA;São Félix do Xingu;Reservatório artificial decorrente de barramento ou represamento de cursos d'água naturais;Analisado, aguardando atendimento a notificação;PE;0,0785
PA-1507300-822FC49767454736ABD49596B1F3B1A4;PA;São Félix do Xingu;Reservatório artificial decorrente de barramento ou represamento de cursos d'água naturais;Aguardando análise;SU;5,3221
PA-1507300-86E24BAC5BD343C4839DDFEDECA35511;PA;São Félix do Xingu;Reservatório artificial decorrente de barramento ou represamento de cursos d'água naturais;Aguardando análise;AT;1,9503
PA-1507300-8727CB306B9E49498C1A0C86D473195A;PA;São Félix do Xingu;Reservatório artificial decorrente de barramento ou represamento de cursos d'água naturais;Analisado, aguardando regularização ambiental (Lei nº 12.651/2012);AT;0,4672
PA-1507300-89A23C67E7B045828EB80AD48C8193DD;PA;São Félix do Xingu;Reservatório artificial decorrente de barramento ou represamento de cursos d'água naturais;Analisado, aguardando regularização ambiental (Lei nº 12.651/2012);AT;0,3253
PA-1507300-A40F37BB00FA42479562DBBB6012D1E6;PA;São Félix do Xingu;Reservatório artificial decorrente de barramento ou represamento de cursos d'água naturais;Analisado, aguardando regularização ambiental (Lei nº 12.651/2012);AT;0,6310
PA-1507300-A5D7730EF31F462D86076B7B8C0AF763;PA;São Félix do Xingu;Reservatório artificial decorrente de barramento ou represamento de cursos d'água naturais;Aguardando análise;PE;4,9422
PA-1507300-AB2A24C00FE746B29AB5636098D3F85F;PA;São Félix do Xingu;Reservatório artificial decorrente de barramento ou represamento de cursos d'água naturais;Analisado, aguardando regularização ambiental (Lei nº 12.651/2012);AT;0,4270
PA-1507300-AECCEB1853F149C2AB020C2AD81DC0B0;PA;São Félix do Xingu;Reservatório artificial decorrente de barramento ou represamento de cursos d'água naturais;Aguardando análise;PE;1,4666
PA-1507300-CFA8D144485B452384EB575C157729FC;PA;São Félix do Xingu;Reservatório artificial decorrente de barramento ou represamento de cursos d'água naturais;Analisado, aguardando atendimento a notificação;PE;0,5950
PA-1507300-DBCC4CA1AFCA4D39BD276C1A9D4AD456;PA;São Félix do Xingu;Reservatório artificial decorrente de barramento ou represamento de cursos d'água naturais;Analisado, aguardando regularização ambiental (Lei nº 12.651/2012);AT;0,5395
PA-1507300-DEFE7B88E612411C90564F057F7FD53B;PA;São Félix do Xingu;Reservatório artificial decorrente de barramento ou represamento de cursos d'água naturais;Analisado, aguardando atendimento a notificação;PE;0,0309
PA-1507300-E0840C88ECE34CCD93D72F26EB899D4C;PA;São Félix do Xingu;Reservatório artificial decorrente de barramento ou represamento de cursos d'água naturais;Analisado, aguardando atendimento a notificação;PE;0,0725
PA-1507300-E7F7446A40AA4C9CBC5833DE3441FD01;PA;São Félix do Xingu;Reservatório artificial decorrente de barramento ou represamento de cursos d'água naturais;Analisado, aguardando regularização ambiental (Lei nº 12.651/2012);AT;8,2461
PA-1507300-E82C8565149B45D9B62467F45F3B8524;PA;São Félix do Xingu;Reservatório artificial decorrente de barramento ou represamento de cursos d'água naturais;Analisado, aguardando regularização ambiental (Lei nº 12.651/2012);PE;10,2344
PA-1507300-EF22E1EADDB44A23B082975A6FDEF2BA;PA;São Félix do Xingu;Reservatório artificial decorrente de barramento ou represamento de cursos d'água naturais;Analisado, aguardando regularização ambiental (Lei nº 12.651/2012);AT;0,0982
PA-1507300-F3F53360CB0E4E8BA4B68558FE3F04E5;PA;São Félix do Xingu;Reservatório artificial decorrente de barramento ou represamento de cursos d'água naturais;Analisado, aguardando atendimento a notificação;PE;0,2813
PA-1507300-F6C860D5EC3D434FB86B77E7DC2EB5F5;PA;São Félix do Xingu;Reservatório artificial decorrente de barramento ou represamento de cursos d'água naturais;Analisado, aguardando regularização ambiental (Lei nº 12.651/2012);AT;0,2511
PA-1507300-FB4EBD9085F34D84B3BF4ADDB757A749;PA;São Félix do Xingu;Reservatório artificial decorrente de barramento ou represamento de cursos d'água naturais;Analisado, aguardando regularização ambiental (Lei nº 12.651/2012);AT;0,7767
PA-1507300-FE1856FE0505452FAC1BAD56EBE7BD66;PA;São Félix do Xingu;Reservatório artificial decorrente de barramento ou represamento de cursos d'água naturais;Analisado, aguardando atendimento a notificação;PE;2,6203
PA-1504208-B000CE16276348319BBA474ACFB35A67;PA;São Félix do Xingu;Curso d'água natural de até 10 metros;Aguardando análise;PE;1,7157
PA-1507300-00542A45012E4D8EAA6FB3BF1F6674AE;PA;São Félix do Xingu;Curso d'água natural de até 10 metros;Aguardando análise;AT;4,0552
PA-1507300-00CC7D0A51CB4FF995DCDFE8CD3AA160;PA;São Félix do Xingu;Curso d'água natural de até 10 metros;Analisado, aguardando atendimento a notificação;PE;1,7480
PA-1507300-00D53C0274BD49DFA715F11A53F40343;PA;São Félix do Xingu;Curso d'água natural de até 10 metros;Analisado, aguardando atendimento a notificação;PE;0,2736
PA-1507300-00F83D915EA24977A464EBC130F73CFE;PA;São Félix do Xingu;Curso d'água natural de até 10 metros;Aguardando análise;PE;0,2547
PA-1507300-015B1E427EC84D079A5E8B9AA5B3770B;PA;São Félix do Xingu;Curso d'água natural de até 10 metros;Aguardando análise;AT;6,9744
PA-1507300-01B7347DC1B8478BBB57FF437EAFFDF9;PA;São Félix do Xingu;Curso d'água natural de até 10 metros;Analisado, aguardando atendimento a notificação;PE;0,2429
PA-1507300-01E08A239B434BB0B3B2BA9C3314E60E;PA;São Félix do Xingu;Curso d'água natural de até 10 metros;Analisado, aguardando regularização ambiental (Lei nº 12.651/2012);AT;3,7058
PA-1507300-021CF7C00584440EA43CBFD09869FD8A;PA;São Félix do Xingu;Curso d'água natural de até 10 metros;Analisado, aguardando atendimento a notificação;PE;0,3438
PA-1507300-02ABA98FC7A341449617F7D041F5229C;PA;São Félix do Xingu;Curso d'água natural de até 10 metros;Analisado, aguardando atendimento a notificação;PE;0,1623
PA-1507300-03287CCD4E1649F598E8C2723447725B;PA;São Félix do Xingu;Curso d'água natural de até 10 metros;Analisado, aguardando atendimento a notificação;PE;0,9214
PA-1507300-034D23E81483494496D21DE39C63C63F;PA;São Félix do Xingu;Curso d'água natural de até 10 metros;Analisado, aguardando atendimento a notificação;SU;0,2388
PA-1507300-03B9484211784CD4866F5E5E3CCE7937;PA;São Félix do Xingu;Curso d'água natural de até 10 metros;Aguardando análise;AT;1,5623
PA-1507300-03C2E318609343B8AD9CB585EF0DD23D;PA;São Félix do Xingu;Curso d'água natural de até 10 metros;Analisado, aguardando atendimento a notificação;PE;0,1287
PA-1507300-03D40DF60C094457A0698C018C6DA551;PA;São Félix do Xingu;Curso d'água natural de até 10 metros;Aguardando análise;AT;0,2602
PA-1507300-03E9C8F1744F46A18F7194E48BE7BD39;PA;São Félix do Xingu;Curso d'água natural de até 10 metros;Aguardando análise;PE;0,8490
PA-1507300-0426571212E047839742BD65C890EA29;PA;São Félix do Xingu;Curso d'água natural de até 10 metros;Aguardando análise;AT;0,6680
PA-1507300-0432D6A393AE44ADA6638E3150A91F8D;PA;São Félix do Xingu;Curso d'água natural de até 10 metros;Analisado, aguardando atendimento a notificação;PE;0,6375
PA-1507300-043F2E9AB8E2415F993EF47FF0682180;PA;São Félix do Xingu;Curso d'água natural de até 10 metros;Aguardando análise;PE;0,1076
PA-1507300-04435E1AA3FE4374879F851DA37FFAB9;PA;São Félix do Xingu;Curso d'água natural de até 10 metros;Analisado, aguardando atendimento a notificação;PE;0,0402
PA-1507300-044757F1E74A4457BA4FE00A92C30BCE;PA;São Félix do Xingu;Curso d'água natural de até 10 metros;Aguardando análise;PE;2,8524
PA-1507300-0474357D158B411FB23A51DB33BECC8D;PA;São Félix do Xingu;Curso d'água natural de até 10 metros;Analisado, aguardando atendimento a notificação;PE;0,1976
PA-1507300-048A4A3D468E4FA3B004C1A3D0D0FCC5;PA;São Félix do Xingu;Curso d'água natural de até 10 metros;Aguardando análise;AT;18,0600
PA-1507300-04ECBD5E9EE24697AA5DBF1BB0C567DD;PA;São Félix do Xingu;Curso d'água natural de até 10 metros;Analisado, aguardando atendimento a notificação;AT;0,1489
PA-1507300-0571FDEAAC844FD1ACC945138E893088;PA;São Félix do Xingu;Curso d'água natural de até 10 metros;Analisado, aguardando atendimento a notificação;PE;0,1182
PA-1507300-057B761D6C1247979B0FA7A5897BDB4B;PA;São Félix do Xingu;Curso d'água natural de até 10 metros;Aguardando análise;AT;1,2289
PA-1507300-05B66BFB0861472F8E9AC9B67F391C43;PA;São Félix do Xingu;Curso d'água natural de até 10 metros;Aguardando análise;AT;0,7094
PA-1507300-05BEF76B139245BBB865D428395E0C9C;PA;São Félix do Xingu;Curso d'água natural de até 10 metros;Em análise;SU;0,1338
PA-1507300-062CD49579734C6D8257DD63DBB4D738;PA;São Félix do Xingu;Curso d'água natural de até 10 metros;Analisado, aguardando atendimento a notificação;PE;0,1186
PA-1507300-0651808AFA8B4F359F6D725857094048;PA;São Félix do Xingu;Curso d'água natural de até 10 metros;Aguardando análise;PE;0,0149
PA-1507300-0666B74F76874DF4B311A01C4DD43DDC;PA;São Félix do Xingu;Curso d'água natural de até 10 metros;Aguardando análise;PE;2,8815
PA-1507300-066B22BA3B5B4CEBB08EA12732749323;PA;São Félix do Xingu;Curso d'água natural de até 10 metros;Analisado, aguardando atendimento a notificação;PE;4,5417
PA-1507300-06896AC01C8A4C7C982EFF5083F1430E;PA;São Félix do Xingu;Curso d'água natural de até 10 metros;Analisado, aguardando atendimento a notificação;PE;5,7812
PA-1507300-06C28B84E0FA47BE9102977B2CCA2DC2;PA;São Félix do Xingu;Curso d'água natural de até 10 metros;Analisado, aguardando atendimento a notificação;PE;1,4122
PA-1507300-0717A3A27A694E2F9D7DD6537E3A6D7A;PA;São Félix do Xingu;Curso d'água natural de até 10 metros;Aguardando análise;AT;0,7299
PA-1507300-071ECF32FD7C4217AD3C12836AA0F871;PA;São Félix do Xingu;Curso d'água natural de até 10 metros;Aguardando análise;AT;2,2879
PA-1507300-073BECC4697B4D05BF815DAC8B652F11;PA;São Félix do Xingu;Curso d'água natural de até 10 metros;Aguardando análise;PE;31,9446
PA-1507300-0766E84154094BFB8D1573CABD850736;PA;São Félix do Xingu;Curso d'água natural de até 10 metros;Aguardando análise;AT;0,2746
PA-1507300-07A92EDB543944DE8057041D115CACAF;PA;São Félix do Xingu;Curso d'água natural de até 10 metros;Aguardando análise;AT;6,5602
PA-1507300-07BE13004F6047B6B694A9C92B1DF90D;PA;São Félix do Xingu;Curso d'água natural de até 10 metros;Analisado, aguardando atendimento a notificação;PE;0,7766
PA-1507300-07CB650D04424C9DBF18A224820EB996;PA;São Félix do Xingu;Curso d'água natural de até 10 metros;Aguardando análise;AT;16,1039
PA-1507300-07CFA32B1C374D1783230ED6FE726DA3;PA;São Félix do Xingu;Curso d'água natural de até 10 metros;Aguardando análise;AT;0,3694
PA-1507300-07DA1BAF7F3C48AFB7A6AED04638BF07;PA;São Félix do Xingu;Curso d'água natural de até 10 metros;Aguardando análise;PE;12,5557
PA-1507300-07EE9841F90D45F7A599215B4D30D892;PA;São Félix do Xingu;Curso d'água natural de até 10 metros;Analisado, aguardando regularização ambiental (Lei nº 12.651/2012);AT;0,0762
PA-1507300-07FD4780FE3E4FACB34E924D3D775F63;PA;São Félix do Xingu;Curso d'água natural de até 10 metros;Analisado, aguardando atendimento a notificação;PE;0,2982
PA-1507300-07FEFD4330C946D7BE6C0B2DF3F6C92E;PA;São Félix do Xingu;Curso d'água natural de até 10 metros;Aguardando análise;PE;0,2651
PA-1507300-08AA91371C6D495981E529CCF85E7E57;PA;São Félix do Xingu;Curso d'água natural de até 10 metros;Aguardando análise;AT;1,4112
PA-1507300-08FAC92FFFF6478D9B8C463B6701E5ED;PA;São Félix do Xingu;Curso d'água natural de até 10 metros;Analisado, aguardando atendimento a notificação;PE;0,2178
PA-1507300-091FDAE3F6B8469F9D4BBA13E3729D65;PA;São Félix do Xingu;Curso d'água natural de até 10 metros;Aguardando análise;AT;6,9964
PA-1507300-09648842461A423C95A5672673421E73;PA;São Félix do Xingu;Curso d'água natural de até 10 metros;Analisado, aguardando atendimento a notificação;PE;0,0695
PA-1507300-099853BAF1D2476BA74DEEF4BE98509D;PA;São Félix do Xingu;Curso d'água natural de até 10 metros;Analisado, aguardando atendimento a notificação;PE;0,2143
PA-1507300-09AB4C3A407242A3B99060B2DF7D6649;PA;São Félix do Xingu;Curso d'água natural de até 10 metros;Analisado, aguardando regularização ambiental (Lei nº 12.651/2012);AT;0,5486
PA-1507300-09C5AEE37D1C40339BD2407036A81526;PA;São Félix do Xingu;Curso d'água natural de até 10 metros;Aguardando análise;PE;0,1877
PA-1507300-09F44C039B7D46F8866187E2A41AA838;PA;São Félix do Xingu;Curso d'água natural de até 10 metros;Analisado, aguardando atendimento a notificação;PE;0,0120
PA-1507300-0A07D241C9914494B53756B8C96BA0D0;PA;São Félix do Xingu;Curso d'água natural de até 10 metros;Analisado, aguardando atendimento a notificação;PE;0,2067
PA-1507300-0A6A22F32EB541889FC84B083C1ADD28;PA;São Félix do Xingu;Curso d'água natural de até 10 metros;Analisado, aguardando atendimento a notificação;PE;0,0671
PA-1507300-0AB15AD8E5E44FDA96C497C45D47D6B2;PA;São Félix do Xingu;Curso d'água natural de até 10 metros;Aguardando análise;PE;0,1549
PA-1507300-0AE91BC3B7CE423B889CFA3D7723EC02;PA;São Félix do Xingu;Curso d'água natural de até 10 metros;Analisado, aguardando atendimento a notificação;PE;0,0427
PA-1507300-0B360EC9053144288E3D8B5D8DE5A35D;PA;São Félix do Xingu;Curso d'água natural de até 10 metros;Analisado, aguardando regularização ambiental (Lei nº 12.651/2012);AT;0,0762
PA-1507300-0B4B8A26AA8F422A9E5E8EA51A2A009E;PA;São Félix do Xingu;Curso d'água natural de até 10 metros;Analisado, aguardando atendimento a notificação;PE;0,7082
PA-1507300-0B4DCE28DEAB483389F6BBAD0222C259;PA;São Félix do Xingu;Curso d'água natural de até 10 metros;Analisado, aguardando atendimento a notificação;PE;0,1640
PA-1507300-0B75004852C24317A5B2057C7ED77DAA;PA;São Félix do Xingu;Curso d'água natural de até 10 metros;Aguardando análise;PE;0,3999
PA-1507300-0B8C5EE246214D038222D0C76F0D40E4;PA;São Félix do Xingu;Curso d'água natural de até 10 metros;Analisado, aguardando atendimento a notificação;PE;0,1151
PA-1507300-0B9C8A57023545A283E96EFBB1EF9432;PA;São Félix do Xingu;Curso d'água natural de até 10 metros;Aguardando análise;AT;16,1203
PA-1507300-0BE139F361804D77BADFB8470973E72B;PA;São Félix do Xingu;Curso d'água natural de até 10 metros;Analisado, em conformidade com a Lei nº 12.651/2012;AT;0,0247
PA-1507300-0BFF42F0666E4737A72CA0DB8FA1FBCB;PA;São Félix do Xingu;Curso d'água natural de até 10 metros;Analisado, aguardando regularização ambiental (Lei nº 12.651/2012);PE;0,4672
PA-1507300-0C0EEBE103D144C384BD05A5033790D2;PA;São Félix do Xingu;Curso d'água natural de até 10 metros;Analisado, aguardando regularização ambiental (Lei nº 12.651/2012);AT;2,0314
PA-1507300-0C26E772DCDB475D8A66FFBD34C93C36;PA;São Félix do Xingu;Curso d'água natural de até 10 metros;Analisado, aguardando atendimento a notificação;AT;0,5927
PA-1507300-0C54356DB7C04199A449522A9DF1615C;PA;São Félix do Xingu;Curso d'água natural de até 10 metros;Aguardando análise;PE;0,3300
PA-1507300-0C56B6B07174472AB2017D699CD6185F;PA;São Félix do Xingu;Curso d'água natural de até 10 metros;Aguardando análise;PE;6,7770
PA-1507300-0C6BE18B19FF4B409A056A5E87D5169A;PA;São Félix do Xingu;Curso d'água natural de até 10 metros;Analisado, aguardando atendimento a notificação;PE;0,8429
PA-1507300-0C851788A7B64E739AA5E0B10CB61B58;PA;São Félix do Xingu;Curso d'água natural de até 10 metros;Analisado, aguardando atendimento a notificação;PE;0,4425
PA-1507300-0D27CCAF3AD8429DAF102FD0B6755A72;PA;São Félix do Xingu;Curso d'água natural de até 10 metros;Analisado, aguardando atendimento a notificação;AT;0,5744
PA-1507300-0D468AAE993247A7A0A2861883BDA7DD;PA;São Félix do Xingu;Curso d'água natural de até 10 metros;Analisado, aguardando atendimento a notificação;SU;14,1663
PA-1507300-0D477B1C0FA24B11A9A0CFEBFE99F5FB;PA;São Félix do Xingu;Curso d'água natural de até 10 metros;Analisado, aguardando regularização ambiental (Lei nº 12.651/2012);AT;2,5216
PA-1507300-0D50A8E0CF2748E78C60C2F65BF7D939;PA;São Félix do Xingu;Curso d'água natural de até 10 metros;Analisado, aguardando atendimento a notificação;PE;0,2500
PA-1507300-0D9BBEB7416548C1B9BC612BF577ECD3;PA;São Félix do Xingu;Curso d'água natural de até 10 metros;Analisado, aguardando regularização ambiental (Lei nº 12.651/2012);AT;0,0833
PA-1507300-0DAEBE265289426EB9E3BF80B2272927;PA;São Félix do Xingu;Curso d'água natural de até 10 metros;Aguardando análise;PE;0,0911
PA-1507300-0DB91617FD4C4765AA8DCED555C5FD8F;PA;São Félix do Xingu;Curso d'água natural de até 10 metros;Analisado, aguardando regularização ambiental (Lei nº 12.651/2012);AT;1,2154
PA-1507300-0DD3379E417E483EA6D8F98D87E4DB10;PA;São Félix do Xingu;Curso d'água natural de até 10 metros;Analisado, aguardando atendimento a notificação;PE;0,3628
PA-1507300-0DE1D6BDC7524B9FB3EE9079D82AE6DA;PA;São Félix do Xingu;Curso d'água natural de até 10 metros;Analisado, aguardando atendimento a notificação;PE;0,1215
PA-1507300-0DE9BFA29D4B4FAA8C7DA60721A63EF4;PA;São Félix do Xingu;Curso d'água natural de até 10 metros;Analisado, aguardando atendimento a notificação;PE;0,1908
PA-1507300-0DF26E02F0974692B1148F4913EB7813;PA;São Félix do Xingu;Curso d'água natural de até 10 metros;Analisado, aguardando regularização ambiental (Lei nº 12.651/2012);AT;0,5667
PA-1507300-0E1ADC405EC54199B95D261310B076AE;PA;São Félix do Xingu;Curso d'água natural de até 10 metros;Aguardando análise;AT;0,1578
PA-1507300-0E5AD84665AF4E3381641DE767522443;PA;São Félix do Xingu;Curso d'água natural de até 10 metros;Analisado, aguardando atendimento a notificação;SU;0,3665
PA-1507300-0E6E441DFA194C9288A83E40CA33FF09;PA;São Félix do Xingu;Curso d'água natural de até 10 metros;Analisado, aguardando atendimento a notificação;PE;0,0288
PA-1507300-0EF71D25F54E40C5AAD674594D980D64;PA;São Félix do Xingu;Curso d'água natural de até 10 metros;Analisado, aguardando atendimento a notificação;PE;0,0518
PA-1507300-0EFD07753CD94228A32380881FE8B0F4;PA;São Félix do Xingu;Curso d'água natural de até 10 metros;Aguardando análise;SU;58,3371
PA-1507300-0F5E63B010F542998F218A969690CC68;PA;São Félix do Xingu;Curso d'água natural de até 10 metros;Analisado, aguardando atendimento a notificação;SU;48,3623
PA-1507300-0F7F3E8DFCC1423393AC4B8EB6792A7E;PA;São Félix do Xingu;Curso d'água natural de até 10 metros;Aguardando análise;AT;1,9383
PA-1507300-0F8F9854EF9449328F5372FA27599787;PA;São Félix do Xingu;Curso d'água natural de até 10 metros;Aguardando análise;AT;4,5781
PA-1507300-0F9444BF15E04C56991A224CBA61420F;PA;São Félix do Xingu;Curso d'água natural de até 10 metros;Aguardando análise;PE;0,6275
PA-1507300-0FAA649333EB48C6A251E775AF2FB5BD;PA;São Félix do Xingu;Curso d'água natural de até 10 metros;Analisado, aguardando atendimento a notificação;PE;0,4191
PA-1507300-0FC049BCE85545019097B7CFC568134D;PA;São Félix do Xingu;Curso d'água natural de até 10 metros;Analisado, aguardando atendimento a notificação;PE;0,3511
PA-1507300-0FD55722414E40A38307CD03B91C6751;PA;São Félix do Xingu;Curso d'água natural de até 10 metros;Analisado, aguardando regularização ambiental (Lei nº 12.651/2012);AT;0,5478
PA-1507300-0FEAC642140F4014A4301DEACD8B2D06;PA;São Félix do Xingu;Curso d'água natural de até 10 metros;Analisado, aguardando atendimento a notificação;SU;2,6818
PA-1507300-1019214114C9423CBD416B0F6A5E3A9E;PA;São Félix do Xingu;Curso d'água natural de até 10 metros;Aguardando análise;AT;0,5200
PA-1507300-109F4AF5F1DF40F9823D6B28E4B4AA43;PA;São Félix do Xingu;Curso d'água natural de até 10 metros;Analisado, aguardando atendimento a notificação;PE;0,2293
PA-1507300-10D26C86890C4CC6A04C5B231A6970B0;PA;São Félix do Xingu;Curso d'água natural de até 10 metros;Analisado, aguardando atendimento a notificação;PE;0,4341
PA-1507300-10E34D90EDE34A8A8F5C35DCC5B014B8;PA;São Félix do Xingu;Curso d'água natural de até 10 metros;Analisado, aguardando atendimento a notificação;PE;0,0316
PA-1507300-10FF86F92A9D4432BAAAF3FCA112FD7D;PA;São Félix do Xingu;Curso d'água natural de até 10 metros;Analisado, aguardando atendimento a notificação;PE;0,0761
PA-1507300-110766153EA34373B1DEB008ED0C7E64;PA;São Félix do Xingu;Curso d'água natural de até 10 metros;Analisado, aguardando atendimento a notificação;PE;0,0095
PA-1507300-11242C448E94449C9F19FF4D41136942;PA;São Félix do Xingu;Curso d'água natural de até 10 metros;Aguardando análise;PE;0,3599
PA-1507300-112E2769C7FE42879A507BE8B4E5836F;PA;São Félix do Xingu;Curso d'água natural de até 10 metros;Analisado, aguardando atendimento a notificação;PE;0,1314
PA-1507300-1130DEE2A57F4731AE583B54FF6E7845;PA;São Félix do Xingu;Curso d'água natural de até 10 metros;Aguardando análise;AT;3,0273
PA-1507300-118C392E278243A2BBF48DF1DF56D296;PA;São Félix do Xingu;Curso d'água natural de até 10 metros;Em análise;PE;0,2719
PA-1507300-11AE779818C048E7AD1A27C4153FFD4F;PA;São Félix do Xingu;Curso d'água natural de até 10 metros;Aguardando análise;AT;1,2099
PA-1507300-11E3CFD9DD244837BA8EA698B4929B18;PA;São Félix do Xingu;Curso d'água natural de até 10 metros;Analisado, aguardando regularização ambiental (Lei nº 12.651/2012);PE;2,7441
PA-1507300-1208391ADC00420E904615DEF0E05ED5;PA;São Félix do Xingu;Curso d'água natural de até 10 metros;Aguardando análise;PE;23,1711
PA-1507300-130D03163E1445CAB0D43A838A1372AB;PA;São Félix do Xingu;Curso d'água natural de até 10 metros;Aguardando análise;PE;0,0398
PA-1507300-130D365341E848BDB22F5F402A62D712;PA;São Félix do Xingu;Curso d'água natural de até 10 metros;Analisado, aguardando atendimento a notificação;SU;14,1446
PA-1507300-133488C0DB954813B0A2E642E5D57770;PA;São Félix do Xingu;Curso d'água natural de até 10 metros;Analisado, aguardando regularização ambiental (Lei nº 12.651/2012);AT;0,0408
PA-1507300-135235CE488345A19635810541E075BB;PA;São Félix do Xingu;Curso d'água natural de até 10 metros;Analisado, aguardando atendimento a notificação;PE;0,0705
PA-1507300-13596D34090049F69BA1DEE6D2F92F37;PA;São Félix do Xingu;Curso d'água natural de até 10 metros;Aguardando análise;PE;0,1814
PA-1507300-136E0D015B214A04BB26FD7C27F2E5B1;PA;São Félix do Xingu;Curso d'água natural de até 10 metros;Aguardando análise;PE;0,1803
PA-1507300-13D63F2C62CF4120B8AC412A0073AEEB;PA;São Félix do Xingu;Curso d'água natural de até 10 metros;Analisado, aguardando regularização ambiental (Lei nº 12.651/2012);AT;0,5094
PA-1507300-141AB24E86B346CFB10438E9D45A9919;PA;São Félix do Xingu;Curso d'água natural de até 10 metros;Analisado, aguardando regularização ambiental (Lei nº 12.651/2012);AT;1,2058
PA-1507300-1433A73CFBFA4C6DBB2CC843D4CCBC37;PA;São Félix do Xingu;Curso d'água natural de até 10 metros;Analisado, aguardando regularização ambiental (Lei nº 12.651/2012);AT;0,1358
PA-1507300-149CA2CDBC9F4332A9655A7678CB39B1;PA;São Félix do Xingu;Curso d'água natural de até 10 metros;Analisado, aguardando atendimento a notificação;PE;0,4641
PA-1507300-14A816EE663D4DDC89A715182F7336F5;PA;São Félix do Xingu;Curso d'água natural de até 10 metros;Aguardando análise;PE;0,2041
PA-1507300-14AC203209524099A4D54B06B923E5F8;PA;São Félix do Xingu;Curso d'água natural de até 10 metros;Analisado, aguardando atendimento a notificação;PE;0,9131
PA-1507300-15101057F4904660B00CAF25D9B05832;PA;São Félix do Xingu;Curso d'água natural de até 10 metros;Aguardando análise;PE;0,2140
PA-1507300-151832BE554B4F7299084707EE92164E;PA;São Félix do Xingu;Curso d'água natural de até 10 metros;Analisado, aguardando atendimento a notificação;PE;0,6550
PA-1507300-15197E3C968549B1931630392042BC4E;PA;São Félix do Xingu;Curso d'água natural de até 10 metros;Analisado, aguardando atendimento a notificação;PE;0,6320
PA-1507300-16502DF0E21644CE91504D38D5407EA8;PA;São Félix do Xingu;Curso d'água natural de até 10 metros;Analisado, aguardando atendimento a notificação;PE;0,0549
PA-1507300-16CCE4A67E644660BFE45A0FBC227F3F;PA;São Félix do Xingu;Curso d'água natural de até 10 metros;Analisado, aguardando atendimento a notificação;PE;0,0697
PA-1507300-16D67672964C4B35804BAA8EA9D010AC;PA;São Félix do Xingu;Curso d'água natural de até 10 metros;Analisado, aguardando atendimento a notificação;PE;0,1240
PA-1507300-1718968F2AF4480E9B57C7E430067607;PA;São Félix do Xingu;Curso d'água natural de até 10 metros;Analisado, aguardando regularização ambiental (Lei nº 12.651/2012);AT;0,1353
PA-1507300-174D9B1092CF47A58B52F9279459E031;PA;São Félix do Xingu;Curso d'água natural de até 10 metros;Analisado, aguardando atendimento a notificação;PE;0,1908
PA-1507300-1776FBC544FC4815A1255D8D9D91E372;PA;São Félix do Xingu;Curso d'água natural de até 10 metros;Analisado, aguardando atendimento a notificação;PE;0,2202
PA-1507300-179B7AC2B42C407F8F26649158AA9F4A;PA;São Félix do Xingu;Curso d'água natural de até 10 metros;Analisado, aguardando atendimento a notificação;PE;3,7949
PA-1507300-17B071A539AC41CE88E3D5132F188203;PA;São Félix do Xingu;Curso d'água natural de até 10 metros;Aguardando análise;AT;0,3573
PA-1507300-17CE566239A546C3977516BE8619EA88;PA;São Félix do Xingu;Curso d'água natural de até 10 metros;Analisado, aguardando atendimento a notificação;PE;2,3761
PA-1507300-188303B3B8114C5FB8515F998478D0A7;PA;São Félix do Xingu;Curso d'água natural de até 10 metros;Aguardando análise;AT;0,0816
PA-1507300-192C62E6ED17492A8E918F2862878126;PA;São Félix do Xingu;Curso d'água natural de até 10 metros;Analisado, aguardando atendimento a notificação;PE;0,3090
PA-1507300-19525DE641154F78A5644BF7DCB00076;PA;São Félix do Xingu;Curso d'água natural de até 10 metros;Analisado, aguardando atendimento a notificação;PE;0,1884
PA-1507300-1A148DCEFE5547A2BAB60D3C303E1BB3;PA;São Félix do Xingu;Curso d'água natural de até 10 metros;Analisado, aguardando atendimento a notificação;AT;0,1906
PA-1507300-1A96B24A02AE4984ABCC15B721599F9E;PA;São Félix do Xingu;Curso d'água natural de até 10 metros;Analisado, aguardando atendimento a notificação;PE;0,3317
PA-1507300-1AA30683F92C4E399BF33C5F0E5ECA81;PA;São Félix do Xingu;Curso d'água natural de até 10 metros;Analisado, aguardando atendimento a notificação;PE;0,1137
PA-1507300-1ADB919F20554D538E7F853E22344F89;PA;São Félix do Xingu;Curso d'água natural de até 10 metros;Analisado, aguardando atendimento a notificação;SU;0,6010
PA-1507300-1AE8AE2F6C824003BED961D7F1A43AF8;PA;São Félix do Xingu;Curso d'água natural de até 10 metros;Aguardando análise;AT;0,0985
PA-1507300-1AF71B8E2E6F4D17AC1C07BF769E099E;PA;São Félix do Xingu;Curso d'água natural de até 10 metros;Aguardando análise;PE;0,8960
PA-1507300-1B043E7CF2AA458AAA633057FC839009;PA;São Félix do Xingu;Curso d'água natural de até 10 metros;Analisado, aguardando atendimento a notificação;PE;0,5084
PA-1507300-1B407CF5A5C04E1A94C2604DA0E54CDC;PA;São Félix do Xingu;Curso d'água natural de até 10 metros;Aguardando análise;PE;0,1368
PA-1507300-1B881888B3A747148B74DAA22FC3D28A;PA;São Félix do Xingu;Curso d'água natural de até 10 metros;Aguardando análise;PE;24,0210
PA-1507300-1B988AE30B7D476BB71CB1D751E28462;PA;São Félix do Xingu;Curso d'água natural de até 10 metros;Analisado, aguardando regularização ambiental (Lei nº 12.651/2012);AT;9,9459
PA-1507300-1BAAECF438FB4E1286AF8BEB8AE7A227;PA;São Félix do Xingu;Curso d'água natural de até 10 metros;Analisado, aguardando regularização ambiental (Lei nº 12.651/2012);AT;8,7888
PA-1507300-1BD48E92F25143E49CA93E66772ECF64;PA;São Félix do Xingu;Curso d'água natural de até 10 metros;Aguardando análise;PE;0,3092
PA-1507300-1C1395E898824684A909D216CF96BA42;PA;São Félix do Xingu;Curso d'água natural de até 10 metros;Aguardando análise;AT;1,0160
PA-1507300-1C2307639F9548D5BD3598544F1314AA;PA;São Félix do Xingu;Curso d'água natural de até 10 metros;Analisado, aguardando atendimento a notificação;PE;0,3830
PA-1507300-1C2D2617692244D9A79FDE8F37662A59;PA;São Félix do Xingu;Curso d'água natural de até 10 metros;Aguardando análise;PE;11,6110
PA-1507300-1C82EEF5D84B4430BA0A2A3E9D7F61D2;PA;São Félix do Xingu;Curso d'água natural de até 10 metros;Aguardando análise;AT;0,5974
PA-1507300-1CA26A0D042C49B19BD10A3897E3770E;PA;São Félix do Xingu;Curso d'água natural de até 10 metros;Aguardando análise;AT;2,4434
PA-1507300-1D027DC873354CD7B37E512A0639D021;PA;São Félix do Xingu;Curso d'água natural de até 10 metros;Analisado, aguardando regularização ambiental (Lei nº 12.651/2012);AT;4,2555
PA-1507300-1D4178F0DDE447468A96BB5699D253E1;PA;São Félix do Xingu;Curso d'água natural de até 10 metros;Analisado, aguardando atendimento a notificação;PE;0,1779
PA-1507300-1D63809B73284F3DB37461B5708E9C50;PA;São Félix do Xingu;Curso d'água natural de até 10 metros;Analisado, aguardando atendimento a notificação;PE;0,4593
PA-1507300-1DD0343C969D4C9D91DB869D9BEB3ADE;PA;São Félix do Xingu;Curso d'água natural de até 10 metros;Analisado, aguardando atendimento a notificação;PE;0,3238
PA-1507300-1DF239B393E148AEBC3CEFD3A60786F4;PA;São Félix do Xingu;Curso d'água natural de até 10 metros;Analisado, aguardando regularização ambiental (Lei nº 12.651/2012);AT;0,0326
PA-1507300-1E0EDA4CDB934D92946DE1EBFE25639C;PA;São Félix do Xingu;Curso d'água natural de até 10 metros;Analisado, aguardando regularização ambiental (Lei nº 12.651/2012);AT;6,9666
PA-1507300-1EE6E8C36E0E402999BE33D872E0CF4C;PA;São Félix do Xingu;Curso d'água natural de até 10 metros;Analisado, aguardando atendimento a notificação;PE;0,1222
PA-1507300-1F08384FC2EA4CC79F58BBA28DD53C74;PA;São Félix do Xingu;Curso d'água natural de até 10 metros;Aguardando análise;PE;0,4926
PA-1507300-1F8B6B361B93454CB9BA1E6AC99ED3B0;PA;São Félix do Xingu;Curso d'água natural de até 10 metros;Aguardando análise;AT;0,1070
PA-1507300-1FD379EAF2C940E6B1C5AE9D3B9B7F23;PA;São Félix do Xingu;Curso d'água natural de até 10 metros;Aguardando análise;AT;3,9278
PA-1507300-1FDF2E6D6839482F8AF7C699F8B37E0A;PA;São Félix do Xingu;Curso d'água natural de até 10 metros;Aguardando análise;AT;0,3249
PA-1507300-208BDE7BC4CD4C3ABD50DC4A076D1687;PA;São Félix do Xingu;Curso d'água natural de até 10 metros;Aguardando análise;PE;2,1509
PA-1507300-20A39BABF25C4D46B248D4344799881B;PA;São Félix do Xingu;Curso d'água natural de até 10 metros;Aguardando análise;PE;7,5979
PA-1507300-20BC31793A8C4B68BD99B20D7ECECE73;PA;São Félix do Xingu;Curso d'água natural de até 10 metros;Analisado, aguardando atendimento a notificação;PE;0,2004
PA-1507300-20ED3BDD104942788F8D6DB94F47AD9A;PA;São Félix do Xingu;Curso d'água natural de até 10 metros;Analisado, em conformidade com a Lei nº 12.651/2012;AT;0,0293
PA-1507300-21194842023647AB8D810D55EFE776F0;PA;São Félix do Xingu;Curso d'água natural de até 10 metros;Analisado, aguardando atendimento a notificação;PE;5,8309
PA-1507300-21F85B7BEBE745D884B888F8DD24888E;PA;São Félix do Xingu;Curso d'água natural de até 10 metros;Aguardando análise;PE;12,2115
PA-1507300-222388A3441C4616BB26FA6433E98FD0;PA;São Félix do Xingu;Curso d'água natural de até 10 metros;Analisado, aguardando regularização ambiental (Lei nº 12.651/2012);AT;0,4809
PA-1507300-22262BC772B24E5BB6D794C7C5C4A297;PA;São Félix do Xingu;Curso d'água natural de até 10 metros;Analisado, aguardando atendimento a notificação;PE;0,4467
PA-1507300-2244D3716598456BA6F565E7BB679D37;PA;São Félix do Xingu;Curso d'água natural de até 10 metros;Analisado, aguardando atendimento a notificação;PE;0,0254
PA-1507300-229779B7DF1A4B3186EB4FFF9116337E;PA;São Félix do Xingu;Curso d'água natural de até 10 metros;Aguardando análise;AT;0,2727
PA-1507300-22992E71C49049D69E93C732992D666C;PA;São Félix do Xingu;Curso d'água natural de até 10 metros;Analisado, aguardando atendimento a notificação;AT;0,9743
PA-1507300-229FA2D395EB4C67A282CD60C6DE4143;PA;São Félix do Xingu;Curso d'água natural de até 10 metros;Aguardando análise;AT;2,6201
PA-1507300-22AFE2E1384A4D91BD0EA529787665C9;PA;São Félix do Xingu;Curso d'água natural de até 10 metros;Aguardando análise;AT;0,5344
PA-1507300-22BF1CD32D9E4D389C7390695827E26B;PA;São Félix do Xingu;Curso d'água natural de até 10 metros;Analisado, aguardando atendimento a notificação;PE;0,3727
PA-1507300-22CC1A31096349D19175965673AB1330;PA;São Félix do Xingu;Curso d'água natural de até 10 metros;Aguardando análise;AT;4,9599
PA-1507300-22E9BFA3EB114C8595CF670EB43279AD;PA;São Félix do Xingu;Curso d'água natural de até 10 metros;Analisado, aguardando atendimento a notificação;PE;0,4021
PA-1507300-22EA6CAF6B6B4F60AF14455791618E58;PA;São Félix do Xingu;Curso d'água natural de até 10 metros;Aguardando análise;PE;5,2539
PA-1507300-22ECFD6E35A04EF08315DF6706867DF2;PA;São Félix do Xingu;Curso d'água natural de até 10 metros;Analisado, aguardando atendimento a notificação;PE;0,0246
PA-1507300-230692498C3A4397A199E9EFFBDCA238;PA;São Félix do Xingu;Curso d'água natural de até 10 metros;Aguardando análise;PE;0,1907
PA-1507300-23467B490C5F473DA5BB94A96E456E75;PA;São Félix do Xingu;Curso d'água natural de até 10 metros;Analisado, aguardando atendimento a notificação;PE;0,8775
PA-1507300-23A8B5670064484595D3917EFBDCD912;PA;São Félix do Xingu;Curso d'água natural de até 10 metros;Analisado, em conformidade com a Lei nº 12.651/2012;AT;0,3505
PA-1507300-23B5D4214F8B4A419093996C6E992B49;PA;São Félix do Xingu;Curso d'água natural de até 10 metros;Analisado, aguardando atendimento a notificação;SU;0,7159
PA-1507300-23C8758672FC457B91FA60C169D1B7B5;PA;São Félix do Xingu;Curso d'água natural de até 10 metros;Analisado, aguardando atendimento a notificação;PE;0,6075
PA-1507300-23C9051749124C12B84223B188364BAA;PA;São Félix do Xingu;Curso d'água natural de até 10 metros;Analisado, aguardando atendimento a notificação;AT;0,2240
PA-1507300-23F37794C4BE45FE91AAA212AD089818;PA;São Félix do Xingu;Curso d'água natural de até 10 metros;Analisado, aguardando atendimento a notificação;PE;3,5035
PA-1507300-249962558D9C4C8CAE363E700D3B9B20;PA;São Félix do Xingu;Curso d'água natural de até 10 metros;Analisado, aguardando atendimento a notificação;PE;0,5509
PA-1507300-24BD32B2E68D4740A721406B729E4BDA;PA;São Félix do Xingu;Curso d'água natural de até 10 metros;Analisado, aguardando atendimento a notificação;SU;0,6539
PA-1507300-251E06071FB64922A6DE9AF6271129C7;PA;São Félix do Xingu;Curso d'água natural de até 10 metros;Analisado, aguardando regularização ambiental (Lei nº 12.651/2012);AT;4,9022
PA-1507300-252554E0C6FF4ECB8C62F73BA9B79464;PA;São Félix do Xingu;Curso d'água natural de até 10 metros;Analisado, aguardando atendimento a notificação;PE;0,2702
PA-1507300-253C1C2FC6704A82BE1EBE3C42217D36;PA;São Félix do Xingu;Curso d'água natural de até 10 metros;Analisado, aguardando regularização ambiental (Lei nº 12.651/2012);AT;4,0881
PA-1507300-2554718C33B7448EAB2985913F8D871A;PA;São Félix do Xingu;Curso d'água natural de até 10 metros;Analisado, aguardando atendimento a notificação;AT;0,0367
PA-1507300-25CCC5050314465DBB64C0A7F32503A5;PA;São Félix do Xingu;Curso d'água natural de até 10 metros;Analisado, aguardando atendimento a notificação;PE;2,8777
PA-1507300-25E9FD5AD02A4BC7AC0111E16ADB0341;PA;São Félix do Xingu;Curso d'água natural de até 10 metros;Aguardando análise;AT;0,1356
PA-1507300-25F3599DAC9E4C0EA6288184A3DF3788;PA;São Félix do Xingu;Curso d'água natural de até 10 metros;Analisado, aguardando atendimento a notificação;SU;2,7349
PA-1507300-2638DBAFA8904919A2846AC826CC9313;PA;São Félix do Xingu;Curso d'água natural de até 10 metros;Analisado, aguardando atendimento a notificação;PE;0,1217
PA-1507300-2654146D007A45DEAA6A035A8C83E42E;PA;São Félix do Xingu;Curso d'água natural de até 10 metros;Analisado, aguardando atendimento a notificação;PE;0,7443
PA-1507300-26784A34AAAE44CB8A1A214403826988;PA;São Félix do Xingu;Curso d'água natural de até 10 metros;Analisado, aguardando atendimento a notificação;PE;0,0356
PA-1507300-26ADB230BD8C4BEFA68BBC4A29674F39;PA;São Félix do Xingu;Curso d'água natural de até 10 metros;Analisado, aguardando atendimento a notificação;PE;0,1734
PA-1507300-26E4F3B33B9F46299B9B0DBF6B4024BD;PA;São Félix do Xingu;Curso d'água natural de até 10 metros;Analisado, aguardando atendimento a notificação;PE;0,4148
PA-1507300-270FEE9912E446AFA698A8AD01C86D93;PA;São Félix do Xingu;Curso d'água natural de até 10 metros;Aguardando análise;AT;1,4890
PA-1507300-2713613127CF4DF6A87DD09B2A58F100;PA;São Félix do Xingu;Curso d'água natural de até 10 metros;Analisado, aguardando regularização ambiental (Lei nº 12.651/2012);PE;18,7220
PA-1507300-2742B4D5986342E3AE8304ED3F3837E8;PA;São Félix do Xingu;Curso d'água natural de até 10 metros;Aguardando análise;AT;0,1232
PA-1507300-2765617DE9E040488654EBD0C155507F;PA;São Félix do Xingu;Curso d'água natural de até 10 metros;Aguardando análise;PE;2,4637
PA-1507300-2767603EF2E6409BB7E23A3420879C07;PA;São Félix do Xingu;Curso d'água natural de até 10 metros;Analisado, aguardando atendimento a notificação;PE;0,1665
PA-1507300-27745501655E4F8691C2DB30003B9E21;PA;São Félix do Xingu;Curso d'água natural de até 10 metros;Analisado, aguardando atendimento a notificação;PE;0,4383
PA-1507300-27C3EE0E71A547DA8485924F8E6A3CC8;PA;São Félix do Xingu;Curso d'água natural de até 10 metros;Analisado, aguardando atendimento a notificação;PE;0,1490
PA-1507300-27C62A79B1EC4E60B21F8426150311E2;PA;São Félix do Xingu;Curso d'água natural de até 10 metros;Analisado, aguardando atendimento a notificação;PE;1,1678
PA-1507300-27ECFE623ADD42F8B6EAD2C13719AAC4;PA;São Félix do Xingu;Curso d'água natural de até 10 metros;Analisado, aguardando atendimento a notificação;AT;0,4734
PA-1507300-27F6A4756EDC4466A52B545456D26A15;PA;São Félix do Xingu;Curso d'água natural de até 10 metros;Analisado, aguardando atendimento a notificação;PE;0,3457
PA-1507300-282E9CD7FF394688AA51618F51DE331D;PA;São Félix do Xingu;Curso d'água natural de até 10 metros;Analisado, aguardando atendimento a notificação;PE;0,0245
PA-1507300-286599FA5C2449D180CC8D9C7E1AD762;PA;São Félix do Xingu;Curso d'água natural de até 10 metros;Aguardando análise;PE;21,2535
PA-1507300-292145FD09D7421AA5DBD00E934EE168;PA;São Félix do Xingu;Curso d'água natural de até 10 metros;Analisado, aguardando atendimento a notificação;PE;13,8231
PA-1507300-2934BBB0C1AD4BD7B60A7067220E39CC;PA;São Félix do Xingu;Curso d'água natural de até 10 metros;Analisado, aguardando atendimento a notificação;PE;0,1515
PA-1507300-293895493D1A4827B5E32D5CC9FF6C10;PA;São Félix do Xingu;Curso d'água natural de até 10 metros;Analisado, aguardando atendimento a notificação;PE;0,0861
PA-1507300-296BEE1FBA1544F285F55C0C5C014831;PA;São Félix do Xingu;Curso d'água natural de até 10 metros;Analisado, aguardando atendimento a notificação;SU;1,4113
PA-1507300-296BF45E14C744E6AE528AF43904C87B;PA;São Félix do Xingu;Curso d'água natural de até 10 metros;Analisado, aguardando atendimento a notificação;PE;0,0429
PA-1507300-29D8169C84CC4AD49793B4EBBD6FC1D6;PA;São Félix do Xingu;Curso d'água natural de até 10 metros;Analisado, aguardando regularização ambiental (Lei nº 12.651/2012);AT;1,2741
PA-1507300-29DC9716B27147929C61CACFE61E10B2;PA;São Félix do Xingu;Curso d'água natural de até 10 metros;Aguardando análise;PE;0,0620
PA-1507300-2A3F9C5A64D949A48F933A65153ABE7C;PA;São Félix do Xingu;Curso d'água natural de até 10 metros;Analisado, aguardando atendimento a notificação;PE;0,2198
PA-1507300-2AD68E7E783D46E78C2FA2D90186B258;PA;São Félix do Xingu;Curso d'água natural de até 10 metros;Em análise;PE;0,2475
PA-1507300-2B088E04AC274FE38742685032C9427D;PA;São Félix do Xingu;Curso d'água natural de até 10 metros;Analisado, aguardando regularização ambiental (Lei nº 12.651/2012);AT;0,1045
PA-1507300-2B3415D57BDC4D6AA8ACA7964FDF70BA;PA;São Félix do Xingu;Curso d'água natural de até 10 metros;Analisado, aguardando regularização ambiental (Lei nº 12.651/2012);AT;0,7695
PA-1507300-2B47B8DDA8BC403E9AA144F8F2BE0274;PA;São Félix do Xingu;Curso d'água natural de até 10 metros;Analisado, aguardando atendimento a notificação;PE;0,2527
PA-1507300-2B6204CD9F8446F588C18D44D7F6FCB1;PA;São Félix do Xingu;Curso d'água natural de até 10 metros;Aguardando análise;AT;1,0365
PA-1507300-2B7A0A82E4E64E9CA78F489566A712F2;PA;São Félix do Xingu;Curso d'água natural de até 10 metros;Analisado, em conformidade com a Lei nº 12.651/2012;AT;0,0268
PA-1507300-2BB78ED8136E4432BA405E79F6EFED95;PA;São Félix do Xingu;Curso d'água natural de até 10 metros;Analisado, aguardando atendimento a notificação;PE;0,4788
PA-1507300-2BE5DABAF21E4318B28793050302811B;PA;São Félix do Xingu;Curso d'água natural de até 10 metros;Aguardando análise;AT;0,0566
PA-1507300-2C0F27FE2DCB4A4B9611351EF4C58923;PA;São Félix do Xingu;Curso d'água natural de até 10 metros;Aguardando análise;AT;2,2564
PA-1507300-2C90EA1176324399909F3FADDAB3CA17;PA;São Félix do Xingu;Curso d'água natural de até 10 metros;Aguardando análise;AT;0,0564
PA-1507300-2C9588632D7E43009A36BFAEB7DAC0F0;PA;São Félix do Xingu;Curso d'água natural de até 10 metros;Aguardando análise;AT;3,0420
PA-1507300-2C95C6A713F148EBA33706282491C927;PA;São Félix do Xingu;Curso d'água natural de até 10 metros;Aguardando análise;PE;0,2794
PA-1507300-2CF3B184742945A0AD9927AAF76F9AD7;PA;São Félix do Xingu;Curso d'água natural de até 10 metros;Analisado, aguardando atendimento a notificação;PE;0,4262
PA-1507300-2CF64E5B8BEB4621BE5E556B7B464B60;PA;São Félix do Xingu;Curso d'água natural de até 10 metros;Aguardando análise;PE;54,3362
PA-1507300-2D2598EA61B54893B0BDA13BB8F608D3;PA;São Félix do Xingu;Curso d'água natural de até 10 metros;Analisado, aguardando atendimento a notificação;PE;0,8192
PA-1507300-2D4FE88B3F2145A38804C67DAAB966F9;PA;São Félix do Xingu;Curso d'água natural de até 10 metros;Aguardando análise;AT;0,1354
PA-1507300-2D642C28603C4B24B493FF6629A4A59B;PA;São Félix do Xingu;Curso d'água natural de até 10 metros;Analisado, aguardando atendimento a notificação;PE;0,4892
PA-1507300-2D6818D1E60348478B3A0EE981A55056;PA;São Félix do Xingu;Curso d'água natural de até 10 metros;Aguardando análise;AT;0,7181
PA-1507300-2D9451C9FD864A0294F36EB9807FC5DA;PA;São Félix do Xingu;Curso d'água natural de até 10 metros;Analisado, aguardando atendimento a notificação;AT;1,1371
PA-1507300-2D94FA29025D4C16BE280530A04A46E6;PA;São Félix do Xingu;Curso d'água natural de até 10 metros;Analisado, aguardando regularização ambiental (Lei nº 12.651/2012);AT;5,7584
PA-1507300-2DBE6629FC224D388C2FDF74EE439D9F;PA;São Félix do Xingu;Curso d'água natural de até 10 metros;Em análise;PE;2,3777
PA-1507300-2DEB13E9D10F4127A8A6D76E5F884937;PA;São Félix do Xingu;Curso d'água natural de até 10 metros;Analisado, aguardando regularização ambiental (Lei nº 12.651/2012);AT;0,2045
PA-1507300-2DF3F9BDEF7A40358BEA4BC59BDD492F;PA;São Félix do Xingu;Curso d'água natural de até 10 metros;Aguardando análise;PE;0,9906
PA-1507300-2E721F14DB5D4BB689B5945FCB18F89A;PA;São Félix do Xingu;Curso d'água natural de até 10 metros;Analisado, aguardando atendimento a notificação;PE;5,5740
PA-1507300-2E8D4BBB5E354CC9B3DB5F95A9A34EAA;PA;São Félix do Xingu;Curso d'água natural de até 10 metros;Analisado, aguardando regularização ambiental (Lei nº 12.651/2012);AT;1,8924
PA-1507300-2E9826DB65224156A01376F34079765F;PA;São Félix do Xingu;Curso d'água natural de até 10 metros;Analisado, aguardando regularização ambiental (Lei nº 12.651/2012);AT;1,8690
PA-1507300-2F0B1A6B577F40A2B98FB30FB9EA9AC5;PA;São Félix do Xingu;Curso d'água natural de até 10 metros;Analisado, aguardando atendimento a notificação;SU;1,6830
PA-1507300-2F16228BF01E4E79A70FB22D7CE355B9;PA;São Félix do Xingu;Curso d'água natural de até 10 metros;Aguardando análise;AT;1,9806
PA-1507300-2F19B1ECADEC42689D617F73F20B3932;PA;São Félix do Xingu;Curso d'água natural de até 10 metros;Analisado, aguardando atendimento a notificação;PE;40,7029
PA-1507300-2F3DC018655740A4BF7E7C8B3433362B;PA;São Félix do Xingu;Curso d'água natural de até 10 metros;Analisado, aguardando atendimento a notificação;PE;2,4512
PA-1507300-2F4AC2393334492FB271A20E800A5283;PA;São Félix do Xingu;Curso d'água natural de até 10 metros;Analisado, aguardando atendimento a notificação;PE;0,2930
PA-1507300-2F5BFB51D135436CA2A1AF751114061A;PA;São Félix do Xingu;Curso d'água natural de até 10 metros;Analisado, aguardando atendimento a notificação;PE;0,0737
PA-1507300-2F922C2BBC43401AA82BE22D09930DD9;PA;São Félix do Xingu;Curso d'água natural de até 10 metros;Analisado, aguardando regularização ambiental (Lei nº 12.651/2012);AT;0,4621
PA-1507300-2FAA15C0EA8244B488B20B0BB076D45E;PA;São Félix do Xingu;Curso d'água natural de até 10 metros;Analisado, aguardando atendimento a notificação;PE;1,0816
PA-1507300-2FEA200C0D2542ADAE2EC78D41F480EA;PA;São Félix do Xingu;Curso d'água natural de até 10 metros;Analisado, aguardando atendimento a notificação;PE;4,7474
PA-1507300-2FEA78DB5F1146808867F7FDC93B2E38;PA;São Félix do Xingu;Curso d'água natural de até 10 metros;Analisado, aguardando atendimento a notificação;PE;1,0672
PA-1507300-2FFAC4CDFBA245CE9C9598C839ACD816;PA;São Félix do Xingu;Curso d'água natural de até 10 metros;Analisado, aguardando atendimento a notificação;PE;0,4494
PA-1507300-30433BBBB88E4E2DBF9AD4C2D78BAF03;PA;São Félix do Xingu;Curso d'água natural de até 10 metros;Aguardando análise;AT;1,3492
PA-1507300-3046EB382AA0487ABFA0AE003CC926C4;PA;São Félix do Xingu;Curso d'água natural de até 10 metros;Aguardando análise;PE;0,1841
PA-1507300-304D6EDD8AB94511B606049D9C5084C6;PA;São Félix do Xingu;Curso d'água natural de até 10 metros;Analisado, aguardando atendimento a notificação;PE;0,0742
PA-1507300-30662BA1F5F745DEBF3442B9316A38F1;PA;São Félix do Xingu;Curso d'água natural de até 10 metros;Analisado, aguardando atendimento a notificação;AT;0,8049
PA-1507300-308D1FA1B23346E4803944C041E12EA8;PA;São Félix do Xingu;Curso d'água natural de até 10 metros;Analisado, aguardando regularização ambiental (Lei nº 12.651/2012);AT;0,2569
PA-1507300-30DE016485FF411B9359BD5950F4659A;PA;São Félix do Xingu;Curso d'água natural de até 10 metros;Aguardando análise;PE;3,0822
PA-1507300-30FBC635295647029A5999CAC9262F75;PA;São Félix do Xingu;Curso d'água natural de até 10 metros;Aguardando análise;PE;0,8532
PA-1507300-311AFD52B8594FFDB66E15FB6846DF6A;PA;São Félix do Xingu;Curso d'água natural de até 10 metros;Analisado, aguardando atendimento a notificação;PE;0,1849
PA-1507300-3152F574028F4D1A92FC572F8D93EC26;PA;São Félix do Xingu;Curso d'água natural de até 10 metros;Analisado, aguardando regularização ambiental (Lei nº 12.651/2012);AT;5,1114
PA-1507300-3170D1CBD80E4711A91984698579228B;PA;São Félix do Xingu;Curso d'água natural de até 10 metros;Aguardando análise;AT;0,3952
PA-1507300-3188FE70661B4C999E4C04F22ED8B9E1;PA;São Félix do Xingu;Curso d'água natural de até 10 metros;Analisado, aguardando regularização ambiental (Lei nº 12.651/2012);AT;3,0896
PA-1507300-3199B8C884AB4EC083B4A330B002D52C;PA;São Félix do Xingu;Curso d'água natural de até 10 metros;Analisado, aguardando atendimento a notificação;PE;1,6216
PA-1507300-31B872A10AB74F88B6B4180C28E5B95E;PA;São Félix do Xingu;Curso d'água natural de até 10 metros;Analisado, aguardando regularização ambiental (Lei nº 12.651/2012);AT;0,3752
PA-1507300-31C9BFB7C09540F38A90FE64640D4FCE;PA;São Félix do Xingu;Curso d'água natural de até 10 metros;Analisado, aguardando atendimento a notificação;PE;0,1154
PA-1507300-31D576D4ED8D421293317F48AE9EAE67;PA;São Félix do Xingu;Curso d'água natural de até 10 metros;Aguardando análise;AT;38,0498
PA-1507300-31F20A6921414329ADAA98AE2B06508C;PA;São Félix do Xingu;Curso d'água natural de até 10 metros;Analisado, aguardando atendimento a notificação;PE;0,1630
PA-1507300-320B34D48A25484B9B4862BC5F8603AB;PA;São Félix do Xingu;Curso d'água natural de até 10 metros;Analisado, aguardando atendimento a notificação;AT;0,5691
PA-1507300-322391853C8446CD942ECFA93F2C03B5;PA;São Félix do Xingu;Curso d'água natural de até 10 metros;Aguardando análise;PE;0,2936
PA-1507300-32284D3ADAB74C979E06B8DB53267A12;PA;São Félix do Xingu;Curso d'água natural de até 10 metros;Analisado, aguardando atendimento a notificação;PE;0,6082
PA-1507300-327D18FD177B438480883A9F2559A207;PA;São Félix do Xingu;Curso d'água natural de até 10 metros;Analisado, aguardando regularização ambiental (Lei nº 12.651/2012);AT;5,7721
PA-1507300-32E45B5395194FA7B70B4AE349290393;PA;São Félix do Xingu;Curso d'água natural de até 10 metros;Analisado, aguardando atendimento a notificação;AT;1,5741
PA-1507300-32EEC8B83A9F4BAF8CCEECE4B23D1D25;PA;São Félix do Xingu;Curso d'água natural de até 10 metros;Analisado, aguardando atendimento a notificação;AT;1,0981
PA-1507300-330D4C30F4E1465D88263E15043E83BA;PA;São Félix do Xingu;Curso d'água natural de até 10 metros;Aguardando análise;AT;0,5476
PA-1507300-331D2CA91AB1427DBFF25160326E7665;PA;São Félix do Xingu;Curso d'água natural de até 10 metros;Analisado, aguardando atendimento a notificação;PE;0,2253
PA-1507300-335A1DC7042440D99D9156061388E52F;PA;São Félix do Xingu;Curso d'água natural de até 10 metros;Analisado, aguardando atendimento a notificação;PE;0,3777
PA-1507300-3361E6CF4FA74D2D9B210FF19E86989B;PA;São Félix do Xingu;Curso d'água natural de até 10 metros;Aguardando análise;PE;0,1513
PA-1507300-339FD0B3D8044B238E83F047A54CA9C2;PA;São Félix do Xingu;Curso d'água natural de até 10 metros;Aguardando análise;PE;1,2690
PA-1507300-33AF111D27514A598A7907094BC55AE2;PA;São Félix do Xingu;Curso d'água natural de até 10 metros;Aguardando análise;AT;0,3260
PA-1507300-33BCF7ECF1864383A4817782E64DB7C8;PA;São Félix do Xingu;Curso d'água natural de até 10 metros;Analisado, aguardando atendimento a notificação;PE;0,2013
PA-1507300-33EE7512DD654E638C9599889D38CACB;PA;São Félix do Xingu;Curso d'água natural de até 10 metros;Analisado, aguardando atendimento a notificação;PE;0,6957
PA-1507300-3519B77291B440AAB0E5F89346D76110;PA;São Félix do Xingu;Curso d'água natural de até 10 metros;Analisado, aguardando regularização ambiental (Lei nº 12.651/2012);AT;2,1205
PA-1507300-35C2C3ABA60B462693A3985444B3C3CB;PA;São Félix do Xingu;Curso d'água natural de até 10 metros;Analisado, aguardando atendimento a notificação;PE;1,0182
PA-1507300-35E66D8FCE014D1FB29F0A2F9DA6FD08;PA;São Félix do Xingu;Curso d'água natural de até 10 metros;Analisado, aguardando regularização ambiental (Lei nº 12.651/2012);PE;2,0581
PA-1507300-36087507879E4F229EBCE503EB717C7A;PA;São Félix do Xingu;Curso d'água natural de até 10 metros;Aguardando análise;PE;0,3234
PA-1507300-36467FBA1BDC4AAC81C89E8AC5507C0B;PA;São Félix do Xingu;Curso d'água natural de até 10 metros;Aguardando análise;AT;5,2593
PA-1507300-365693D0E6294192B0932372F4A976E5;PA;São Félix do Xingu;Curso d'água natural de até 10 metros;Analisado, aguardando atendimento a notificação;PE;0,1679
PA-1507300-368B6AA78AA74A88971A24C344F9EDE8;PA;São Félix do Xingu;Curso d'água natural de até 10 metros;Analisado, aguardando atendimento a notificação;PE;2,3458
PA-1507300-36CECBA8375B4CB3A89A1C9E1E6AE993;PA;São Félix do Xingu;Curso d'água natural de até 10 metros;Analisado, aguardando atendimento a notificação;PE;0,2511
PA-1507300-36FAADA95DCA4777B19E713A4E91AC15;PA;São Félix do Xingu;Curso d'água natural de até 10 metros;Analisado, aguardando regularização ambiental (Lei nº 12.651/2012);AT;0,7271
PA-1507300-374D64A222524A58B2AE2BB7EE80B1CD;PA;São Félix do Xingu;Curso d'água natural de até 10 metros;Analisado, aguardando atendimento a notificação;PE;0,1760
PA-1507300-3788DC555DE34F0796A3090D1014EEC6;PA;São Félix do Xingu;Curso d'água natural de até 10 metros;Aguardando análise;PE;0,5833
PA-1507300-37C87C3701204038A2F2CFAD01B55FDB;PA;São Félix do Xingu;Curso d'água natural de até 10 metros;Analisado, aguardando atendimento a notificação;PE;0,8838
PA-1507300-37F9054312374124A4FD6E473B5A3FAD;PA;São Félix do Xingu;Curso d'água natural de até 10 metros;Analisado, aguardando atendimento a notificação;PE;22,0879
PA-1507300-3839A291B70A4BD5A8DC64B349DC83F4;PA;São Félix do Xingu;Curso d'água natural de até 10 metros;Analisado, aguardando atendimento a notificação;PE;0,1298
PA-1507300-38531A0250A74B148C8DA3020E6BA7D7;PA;São Félix do Xingu;Curso d'água natural de até 10 metros;Aguardando análise;PE;0,3657
PA-1507300-38835F42BECE442D8223806ED85B8D02;PA;São Félix do Xingu;Curso d'água natural de até 10 metros;Aguardando análise;PE;0,1719
PA-1507300-38F488123C9742A99BA889D9455012B6;PA;São Félix do Xingu;Curso d'água natural de até 10 metros;Analisado, aguardando regularização ambiental (Lei nº 12.651/2012);AT;0,1793
PA-1507300-3916F47DB24144F49D63364544BDA0B9;PA;São Félix do Xingu;Curso d'água natural de até 10 metros;Analisado, aguardando atendimento a notificação;PE;0,1133
PA-1507300-3954E59E1327452F84ED09E717D04365;PA;São Félix do Xingu;Curso d'água natural de até 10 metros;Aguardando análise;AT;0,4900
PA-1507300-3967D3D3D40D4B378D8617880B03AE1E;PA;São Félix do Xingu;Curso d'água natural de até 10 metros;Aguardando análise;AT;0,0176
PA-1507300-396F39B4B0DD45BB8BA406F02686102D;PA;São Félix do Xingu;Curso d'água natural de até 10 metros;Analisado, aguardando regularização ambiental (Lei nº 12.651/2012);AT;0,0668
PA-1507300-39D6C333B4B045DA80B5AEA13B2679B9;PA;São Félix do Xingu;Curso d'água natural de até 10 metros;Aguardando análise;PE;39,7746
PA-1507300-3A229C409B5C45A8B2E5650C738DE7C7;PA;São Félix do Xingu;Curso d'água natural de até 10 metros;Aguardando análise;AT;0,1780
PA-1507300-3A3E13569014445CA01474A12238FC5A;PA;São Félix do Xingu;Curso d'água natural de até 10 metros;Analisado, aguardando atendimento a notificação;SU;0,4466
PA-1507300-3AE16BEE4D894B4CB14A4D3182791278;PA;São Félix do Xingu;Curso d'água natural de até 10 metros;Analisado, aguardando atendimento a notificação;PE;0,1332
PA-1507300-3AEB458A6A524C3AA7694D31990513F6;PA;São Félix do Xingu;Curso d'água natural de até 10 metros;Analisado, aguardando atendimento a notificação;PE;3,7336
PA-1507300-3B40654C4BA541FDA108477EC9602B8C;PA;São Félix do Xingu;Curso d'água natural de até 10 metros;Em análise;PE;0,4702
PA-1507300-3B5DBC8D8E0548E0B905508F447F4571;PA;São Félix do Xingu;Curso d'água natural de até 10 metros;Aguardando análise;PE;0,5906
PA-1507300-3B6435CEC6B5498192C8FDE72CA06BE3;PA;São Félix do Xingu;Curso d'água natural de até 10 metros;Analisado, aguardando atendimento a notificação;PE;0,0880
PA-1507300-3B69222237DF4ACBB1EEC8F2E512484D;PA;São Félix do Xingu;Curso d'água natural de até 10 metros;Em análise;PE;0,1197
PA-1507300-3BA86EF5FBAD41C2A82709CCEDAF8A0A;PA;São Félix do Xingu;Curso d'água natural de até 10 metros;Analisado, aguardando regularização ambiental (Lei nº 12.651/2012);PE;3,9836
PA-1507300-3BB2E3AF8D1149429EAEC26A531FE696;PA;São Félix do Xingu;Curso d'água natural de até 10 metros;Analisado, aguardando regularização ambiental (Lei nº 12.651/2012);AT;7,2824
PA-1507300-3BBC1C434FB1462AB1DF2DF89C280492;PA;São Félix do Xingu;Curso d'água natural de até 10 metros;Em análise;AT;2,2980
PA-1507300-3BD9E15052874EF8953E8F30FB63F1E1;PA;São Félix do Xingu;Curso d'água natural de até 10 metros;Aguardando análise;PE;0,0147
PA-1507300-3C576D9901E346FFBE2054BCC94AAC34;PA;São Félix do Xingu;Curso d'água natural de até 10 metros;Analisado, aguardando regularização ambiental (Lei nº 12.651/2012);AT;0,6843
PA-1507300-3CEC893D3FB7492EA5A356202ABEF7D0;PA;São Félix do Xingu;Curso d'água natural de até 10 metros;Analisado, aguardando atendimento a notificação;PE;0,1593
PA-1507300-3D23D90EFCC64EC7B4F6D02589958ADE;PA;São Félix do Xingu;Curso d'água natural de até 10 metros;Aguardando análise;PE;5,4939
PA-1507300-3DAE0E1B3DD340D6B19671C96A03FF97;PA;São Félix do Xingu;Curso d'água natural de até 10 metros;Analisado, aguardando atendimento a notificação;PE;0,4691
PA-1507300-3DE5C60CE5EB467D98F3BC5B633B41A5;PA;São Félix do Xingu;Curso d'água natural de até 10 metros;Analisado, aguardando atendimento a notificação;PE;3,6168
PA-1507300-3E33FF32CBA54FDFAAE2E812C5D00A4E;PA;São Félix do Xingu;Curso d'água natural de até 10 metros;Aguardando análise;PE;1,4706
PA-1507300-3E6322CE87BD431991BA940223EF0008;PA;São Félix do Xingu;Curso d'água natural de até 10 metros;Analisado, aguardando atendimento a notificação;PE;0,0661
PA-1507300-3E6AB60F1CCF4E8A9095926939FF0C98;PA;São Félix do Xingu;Curso d'água natural de até 10 metros;Analisado, em conformidade com a Lei nº 12.651/2012;AT;0,0401
PA-1507300-3EA6C81D74B5432BB2D27C94EF690BDA;PA;São Félix do Xingu;Curso d'água natural de até 10 metros;Aguardando análise;PE;0,2554
PA-1507300-3F3A9B716867446DA7EE6D70B74E9175;PA;São Félix do Xingu;Curso d'água natural de até 10 metros;Aguardando análise;PE;16,0292
PA-1507300-3F785645348F42D7876CF96F88042D2B;PA;São Félix do Xingu;Curso d'água natural de até 10 metros;Analisado, aguardando regularização ambiental (Lei nº 12.651/2012);AT;1,3707
PA-1507300-3FB551442F2C4FA1A9A84CB74E47F36B;PA;São Félix do Xingu;Curso d'água natural de até 10 metros;Aguardando análise;AT;0,2564
PA-1507300-3FCF1A65045D418790A1DF53DC5BA14E;PA;São Félix do Xingu;Curso d'água natural de até 10 metros;Aguardando análise;PE;10,5730
PA-1507300-4013693B5E274230AAFD9D9407E97C7C;PA;São Félix do Xingu;Curso d'água natural de até 10 metros;Aguardando análise;SU;0,0709
PA-1507300-403304A4265C442682BA86CC6323894D;PA;São Félix do Xingu;Curso d'água natural de até 10 metros;Analisado, aguardando atendimento a notificação;PE;0,0608
PA-1507300-404ED95CF9B8472199F0684A1566BF35;PA;São Félix do Xingu;Curso d'água natural de até 10 metros;Analisado, aguardando atendimento a notificação;PE;0,0987
PA-1507300-4056C0B131134D5D9FD5D859EC44AFBA;PA;São Félix do Xingu;Curso d'água natural de até 10 metros;Analisado, aguardando atendimento a notificação;PE;0,0972
PA-1507300-405A8010612648EBA6B75DF41F1FB3A9;PA;São Félix do Xingu;Curso d'água natural de até 10 metros;Aguardando análise;PE;26,7081
PA-1507300-407C1A80B70141AB8F3328F62E3E1CCE;PA;São Félix do Xingu;Curso d'água natural de até 10 metros;Aguardando análise;AT;0,1289
PA-1507300-40944517EC034634A7CC94EEAF6AE07E;PA;São Félix do Xingu;Curso d'água natural de até 10 metros;Analisado, aguardando regularização ambiental (Lei nº 12.651/2012);AT;9,8304
PA-1507300-40E1E611640943888A267604EACAC499;PA;São Félix do Xingu;Curso d'água natural de até 10 metros;Analisado, aguardando atendimento a notificação;PE;0,3072
PA-1507300-40ECF655243544AC940BA42433EBD74B;PA;São Félix do Xingu;Curso d'água natural de até 10 metros;Aguardando análise;SU;4,0925
PA-1507300-412031976B7948A0A45D3E7E6E0F3044;PA;São Félix do Xingu;Curso d'água natural de até 10 metros;Em análise;PE;0,2874
PA-1507300-4187B5BE460C4E8B9C099EB8E4997EA2;PA;São Félix do Xingu;Curso d'água natural de até 10 metros;Aguardando análise;AT;0,9624
PA-1507300-4221A552493D4B169D31DE7C170F8FF2;PA;São Félix do Xingu;Curso d'água natural de até 10 metros;Analisado, aguardando atendimento a notificação;PE;0,7880
PA-1507300-423AC89F80A843B2A57133BC9EEDB322;PA;São Félix do Xingu;Curso d'água natural de até 10 metros;Analisado, aguardando atendimento a notificação;PE;0,1492
PA-1507300-4251ED20F4B446ACB5E06EFD7E22ED85;PA;São Félix do Xingu;Curso d'água natural de até 10 metros;Analisado, aguardando atendimento a notificação;PE;0,2889
PA-1507300-4266A6772A5243B995628B7E63D9E9EA;PA;São Félix do Xingu;Curso d'água natural de até 10 metros;Aguardando análise;AT;2,6180
PA-1507300-42B95377BD9B4DC58FCDBBFD5CBAC33C;PA;São Félix do Xingu;Curso d'água natural de até 10 metros;Aguardando análise;PE;1,0582
PA-1507300-42D3C08BE3DA4A5AB848613B2FC9D664;PA;São Félix do Xingu;Curso d'água natural de até 10 metros;Analisado, aguardando regularização ambiental (Lei nº 12.651/2012);AT;6,6944
PA-1507300-42E4658FD3774F049191CAD045C21087;PA;São Félix do Xingu;Curso d'água natural de até 10 metros;Aguardando análise;PE;0,1114
PA-1507300-4344FCABC77A48AA9ABE96546CA15C9B;PA;São Félix do Xingu;Curso d'água natural de até 10 metros;Analisado, aguardando atendimento a notificação;SU;0,6485
PA-1507300-43CFCBF33496400D9EBD98D6DF1F7CDC;PA;São Félix do Xingu;Curso d'água natural de até 10 metros;Analisado, aguardando atendimento a notificação;PE;0,0954
PA-1507300-44059915218D4DEC909AD69D11B0A8DE;PA;São Félix do Xingu;Curso d'água natural de até 10 metros;Aguardando análise;PE;0,0981
PA-1507300-441AEBCD833E48E895E383588831E24F;PA;São Félix do Xingu;Curso d'água natural de até 10 metros;Analisado, aguardando atendimento a notificação;PE;0,1045
PA-1507300-443F7F66BE034C9A93ACE5A461B04255;PA;São Félix do Xingu;Curso d'água natural de até 10 metros;Analisado, aguardando atendimento a notificação;PE;0,5325
PA-1507300-4472C7CF898D45EAAE8235A930F91C07;PA;São Félix do Xingu;Curso d'água natural de até 10 metros;Aguardando análise;AT;5,3452
PA-1507300-449C2FB5644C43838FE02ED1C9538973;PA;São Félix do Xingu;Curso d'água natural de até 10 metros;Aguardando análise;AT;6,0566
PA-1507300-449EBF7B78DE4B45A89CEAC88A9DA0FD;PA;São Félix do Xingu;Curso d'água natural de até 10 metros;Aguardando análise;AT;1,2763
PA-1507300-44D24465C0B4478CB23695403482543E;PA;São Félix do Xingu;Curso d'água natural de até 10 metros;Analisado, aguardando atendimento a notificação;PE;1,1259
PA-1507300-44E275FF1F9C48CC96A0DC63CEAADC1E;PA;São Félix do Xingu;Curso d'água natural de até 10 metros;Aguardando análise;PE;0,6265
PA-1507300-455E558CB47B4BB191E48C27A4DF8F1C;PA;São Félix do Xingu;Curso d'água natural de até 10 metros;Analisado, aguardando atendimento a notificação;PE;0,2015
PA-1507300-455ECB73D7364734A4A2C50A39ECB7E0;PA;São Félix do Xingu;Curso d'água natural de até 10 metros;Analisado, aguardando atendimento a notificação;PE;0,2444
PA-1507300-457BEA7FFC744DAEA140A338DF35C922;PA;São Félix do Xingu;Curso d'água natural de até 10 metros;Analisado, aguardando atendimento a notificação;PE;0,1658
PA-1507300-45C7AE1726964DC8B09FAAD4ADE0E4E1;PA;São Félix do Xingu;Curso d'água natural de até 10 metros;Analisado, aguardando atendimento a notificação;PE;1,3934
PA-1507300-45F8506AEF5C40C29CAD01BAA5C128B4;PA;São Félix do Xingu;Curso d'água natural de até 10 metros;Aguardando análise;AT;1,0512
PA-1507300-4619365BB5DD442791D6D19619633318;PA;São Félix do Xingu;Curso d'água natural de até 10 metros;Analisado, aguardando atendimento a notificação;PE;0,3189
PA-1507300-462DE5A9629C4FA99D765A790DD844E1;PA;São Félix do Xingu;Curso d'água natural de até 10 metros;Aguardando análise;AT;0,1449
PA-1507300-46589F8B727846EFBFF83393D13156F1;PA;São Félix do Xingu;Curso d'água natural de até 10 metros;Aguardando análise;PE;1,3520
PA-1507300-4670DB0C6339469D8C30E42798276065;PA;São Félix do Xingu;Curso d'água natural de até 10 metros;Aguardando análise;PE;0,0665
PA-1507300-469170205BBE469AAB1984A91C5DE1B2;PA;São Félix do Xingu;Curso d'água natural de até 10 metros;Analisado, aguardando atendimento a notificação;PE;0,1117
PA-1507300-469EFEEE2E2C47B6A86DDB7E09A0EF69;PA;São Félix do Xingu;Curso d'água natural de até 10 metros;Analisado, aguardando atendimento a notificação;AT;8,3551
PA-1507300-46AC5FFC2D3F456283CCC0E9F1207C37;PA;São Félix do Xingu;Curso d'água natural de até 10 metros;Analisado, aguardando atendimento a notificação;AT;0,0197
PA-1507300-46C618EBD24B4C7C8C42626C777646DB;PA;São Félix do Xingu;Curso d'água natural de até 10 metros;Analisado, aguardando atendimento a notificação;PE;0,0084
PA-1507300-46D34932309149D3852F5245CA6D7223;PA;São Félix do Xingu;Curso d'água natural de até 10 metros;Analisado, aguardando atendimento a notificação;AT;0,0232
PA-1507300-46FA0CAB6C7C4997BEFB1D80F1A18937;PA;São Félix do Xingu;Curso d'água natural de até 10 metros;Analisado, aguardando atendimento a notificação;PE;0,1058
PA-1507300-47417774989A45BC9FFA6566D5881DC8;PA;São Félix do Xingu;Curso d'água natural de até 10 metros;Em análise;PE;0,1442
PA-1507300-477A4429BADF4798A43AC8EA805E8DC5;PA;São Félix do Xingu;Curso d'água natural de até 10 metros;Aguardando análise;AT;14,2502
PA-1507300-477DE85ED79D43A9871275330B4ADC0E;PA;São Félix do Xingu;Curso d'água natural de até 10 metros;Analisado, aguardando atendimento a notificação;PE;0,0568
PA-1507300-4787A1EE7D5C470D939499C49DF0116B;PA;São Félix do Xingu;Curso d'água natural de até 10 metros;Aguardando análise;AT;0,2816
PA-1507300-4792C2710F0C4802B6535A27014ACFEC;PA;São Félix do Xingu;Curso d'água natural de até 10 metros;Analisado, aguardando atendimento a notificação;PE;0,0903
PA-1507300-47B7F183824A49AF852D624251C849CC;PA;São Félix do Xingu;Curso d'água natural de até 10 metros;Analisado, aguardando atendimento a notificação;PE;0,1442
PA-1507300-47BBFDA8336446B0844877DD2D531EA8;PA;São Félix do Xingu;Curso d'água natural de até 10 metros;Analisado, aguardando atendimento a notificação;PE;0,7538
PA-1507300-47DDEA8B4C7D4C4E8FD45BE7664FB550;PA;São Félix do Xingu;Curso d'água natural de até 10 metros;Analisado, aguardando atendimento a notificação;PE;0,0074
PA-1507300-4837846F15FA47238AB3413EF1FF18B5;PA;São Félix do Xingu;Curso d'água natural de até 10 metros;Aguardando análise;PE;0,0684
PA-1507300-483EF640B4734672B97138191373FBA9;PA;São Félix do Xingu;Curso d'água natural de até 10 metros;Analisado, aguardando atendimento a notificação;PE;0,0451
PA-1507300-4894EE8B343A4404890E8F90B9BB6E6C;PA;São Félix do Xingu;Curso d'água natural de até 10 metros;Aguardando análise;PE;0,2594
PA-1507300-48CB5AE6A5754AF885829234B51DD5BD;PA;São Félix do Xingu;Curso d'água natural de até 10 metros;Analisado, aguardando atendimento a notificação;PE;0,1180
PA-1507300-492CDF367AD3482DBD320D7D35CDCB78;PA;São Félix do Xingu;Curso d'água natural de até 10 metros;Analisado, aguardando atendimento a notificação;PE;2,5774
PA-1507300-49D39CBA4F794EA28DBC864A7AB83593;PA;São Félix do Xingu;Curso d'água natural de até 10 metros;Aguardando análise;PE;1,2397
PA-1507300-4A2C3894F12D4D16A9F0827B45EAA3FA;PA;São Félix do Xingu;Curso d'água natural de até 10 metros;Analisado, aguardando atendimento a notificação;PE;6,8324
PA-1507300-4A74CA72B41B4504AD907C7040E27E04;PA;São Félix do Xingu;Curso d'água natural de até 10 metros;Analisado, em conformidade com a Lei nº 12.651/2012;AT;0,5181
PA-1507300-4A81B3122CDE48238EA47ED95C3D42BE;PA;São Félix do Xingu;Curso d'água natural de até 10 metros;Analisado, aguardando atendimento a notificação;PE;2,1698
PA-1507300-4AB07880D4D440D5888B8E2D985DE789;PA;São Félix do Xingu;Curso d'água natural de até 10 metros;Aguardando análise;AT;0,0787
PA-1507300-4ADE51FD8305430CB3172DA39261C8C9;PA;São Félix do Xingu;Curso d'água natural de até 10 metros;Analisado, aguardando atendimento a notificação;PE;9,3883
PA-1507300-4AFFC1CCABE64AF49BD7769EAB8A01D4;PA;São Félix do Xingu;Curso d'água natural de até 10 metros;Aguardando análise;SU;27,8325
PA-1507300-4B3AAA9D972842EC88D14100B8DFCF99;PA;São Félix do Xingu;Curso d'água natural de até 10 metros;Analisado, aguardando atendimento a notificação;PE;0,0202
PA-1507300-4BA3675DB5414EA0B3681C221B9B9579;PA;São Félix do Xingu;Curso d'água natural de até 10 metros;Aguardando análise;AT;0,6974
PA-1507300-4BA7441FB6324BF29D67DA5EECDA29EA;PA;São Félix do Xingu;Curso d'água natural de até 10 metros;Analisado, aguardando regularização ambiental (Lei nº 12.651/2012);AT;0,2948
PA-1507300-4BDAC1769DD9457193BC76D14623100A;PA;São Félix do Xingu;Curso d'água natural de até 10 metros;Analisado, aguardando atendimento a notificação;PE;0,0782
PA-1507300-4BF60F883024445D9BC51CF9263002A0;PA;São Félix do Xingu;Curso d'água natural de até 10 metros;Analisado, aguardando atendimento a notificação;PE;0,1201
PA-1507300-4C4D2B24482844A5BC5406959CFA4568;PA;São Félix do Xingu;Curso d'água natural de até 10 metros;Analisado, aguardando atendimento a notificação;PE;0,0750
PA-1507300-4C62147C0EF94D479B515E7AF2EB2958;PA;São Félix do Xingu;Curso d'água natural de até 10 metros;Aguardando análise;AT;1,0749
PA-1507300-4C9250225B89411AA6443D8929F2E9B2;PA;São Félix do Xingu;Curso d'água natural de até 10 metros;Analisado, aguardando atendimento a notificação;PE;0,0895
PA-1507300-4E0C7C45BABD461AA42A4A80AB5BD79C;PA;São Félix do Xingu;Curso d'água natural de até 10 metros;Analisado, aguardando regularização ambiental (Lei nº 12.651/2012);AT;0,3456
PA-1507300-4E5367D600F5485192F1EABA451EC1BA;PA;São Félix do Xingu;Curso d'água natural de até 10 metros;Aguardando análise;AT;0,8361
PA-1507300-4E667F9148184D54B6DDB1A4B7D3D11D;PA;São Félix do Xingu;Curso d'água natural de até 10 metros;Analisado, aguardando atendimento a notificação;PE;0,3324
PA-1507300-4E7A5A616604487C92A12F89C272C064;PA;São Félix do Xingu;Curso d'água natural de até 10 metros;Analisado, aguardando atendimento a notificação;PE;0,0303
PA-1507300-4E8ECA90A4634865A949D57F83D6D179;PA;São Félix do Xingu;Curso d'água natural de até 10 metros;Analisado, aguardando regularização ambiental (Lei nº 12.651/2012);AT;0,2676
PA-1507300-4ECCDD58EA764C03BDD396792170230D;PA;São Félix do Xingu;Curso d'água natural de até 10 metros;Aguardando análise;AT;0,0158
PA-1507300-4F24EBD39855410EA5FCDCA9935CF470;PA;São Félix do Xingu;Curso d'água natural de até 10 metros;Analisado, aguardando atendimento a notificação;PE;0,2476
PA-1507300-4F3CB3FF98B040D8A8C5A7DB06EBE844;PA;São Félix do Xingu;Curso d'água natural de até 10 metros;Analisado, aguardando atendimento a notificação;PE;0,7764
PA-1507300-4F3EBC8C45004C369A8EED0675DABCEF;PA;São Félix do Xingu;Curso d'água natural de até 10 metros;Analisado, aguardando atendimento a notificação;PE;0,1309
PA-1507300-4F450E3924DC42259F7CB878D84B1163;PA;São Félix do Xingu;Curso d'água natural de até 10 metros;Analisado, aguardando atendimento a notificação;AT;0,2394
PA-1507300-4FC7B779D1394131B2B25129EC8BB814;PA;São Félix do Xingu;Curso d'água natural de até 10 metros;Analisado, aguardando atendimento a notificação;PE;4,7101
PA-1507300-4FDB12DA1D2F4BBF9C6AA760D7139CB7;PA;São Félix do Xingu;Curso d'água natural de até 10 metros;Aguardando análise;PE;0,1976
PA-1507300-50331D2DBD3C43E2BCD644904089A807;PA;São Félix do Xingu;Curso d'água natural de até 10 metros;Aguardando análise;PE;0,3406
PA-1507300-50B1CFE8C1A4426DB811675E90BBD696;PA;São Félix do Xingu;Curso d'água natural de até 10 metros;Analisado, em conformidade com a Lei nº 12.651/2012;AT;0,0875
PA-1507300-50B39BDFBF434FC8BB9EA8FF5B832690;PA;São Félix do Xingu;Curso d'água natural de até 10 metros;Analisado, aguardando regularização ambiental (Lei nº 12.651/2012);AT;0,9419
PA-1507300-512F53D307134F2DB8F816FF3851EAC8;PA;São Félix do Xingu;Curso d'água natural de até 10 metros;Aguardando análise;PE;5,1089
PA-1507300-514C5A653FC840E5BC2CA133FF52ED82;PA;São Félix do Xingu;Curso d'água natural de até 10 metros;Aguardando análise;AT;0,3374
PA-1507300-516823EBD87B4D6E82AA649247FF076E;PA;São Félix do Xingu;Curso d'água natural de até 10 metros;Analisado, aguardando atendimento a notificação;SU;1,7920
PA-1507300-518494190592434182657849819CC37C;PA;São Félix do Xingu;Curso d'água natural de até 10 metros;Analisado, aguardando atendimento a notificação;PE;3,7344
PA-1507300-51AA25BC199A43248BF2BFC2765BC1D7;PA;São Félix do Xingu;Curso d'água natural de até 10 metros;Analisado, aguardando regularização ambiental (Lei nº 12.651/2012);AT;0,4162
PA-1507300-51BF359EA53F475BA8CCF020DC6E7FBA;PA;São Félix do Xingu;Curso d'água natural de até 10 metros;Analisado, aguardando atendimento a notificação;PE;1,9034
PA-1507300-520A12A3B76F4392B9C2D2D7D4BCB805;PA;São Félix do Xingu;Curso d'água natural de até 10 metros;Aguardando análise;AT;8,7948
PA-1507300-522CEC529FD64D4BB8302A3E6F7882B4;PA;São Félix do Xingu;Curso d'água natural de até 10 metros;Aguardando análise;AT;0,0830
PA-1507300-523BA193BBA0422690482FB92233474C;PA;São Félix do Xingu;Curso d'água natural de até 10 metros;Analisado, aguardando atendimento a notificação;PE;0,4039
PA-1507300-5257BD9EC3D041E7B370CAA29C04BC95;PA;São Félix do Xingu;Curso d'água natural de até 10 metros;Aguardando análise;PE;0,0738
PA-1507300-52DB697A82374D9A830E79487C3F44E7;PA;São Félix do Xingu;Curso d'água natural de até 10 metros;Aguardando análise;PE;0,1604
PA-1507300-52F055031B8A468E84C09E1C3E601771;PA;São Félix do Xingu;Curso d'água natural de até 10 metros;Aguardando análise;PE;3,9877
PA-1507300-53040C0E4C67400B937353914A179676;PA;São Félix do Xingu;Curso d'água natural de até 10 metros;Analisado, aguardando atendimento a notificação;PE;1,0198
PA-1507300-530A86AF6C814623A35647DC08049970;PA;São Félix do Xingu;Curso d'água natural de até 10 metros;Aguardando análise;AT;3,0202
PA-1507300-5347745CE959431A9444BE3D0E5DFDB8;PA;São Félix do Xingu;Curso d'água natural de até 10 metros;Analisado, aguardando atendimento a notificação;PE;0,2538
PA-1507300-537833F6E5574B409674C773F006C1CC;PA;São Félix do Xingu;Curso d'água natural de até 10 metros;Aguardando análise;AT;1,3546
PA-1507300-5381E924CA8F418584BBC7FCC7B1C80E;PA;São Félix do Xingu;Curso d'água natural de até 10 metros;Analisado, aguardando atendimento a notificação;PE;0,3451
PA-1507300-5383C796C267461B8766CE89B1D45988;PA;São Félix do Xingu;Curso d'água natural de até 10 metros;Aguardando análise;PE;0,0815
PA-1507300-5387BD700BFB4CB49ED4BF9E72070752;PA;São Félix do Xingu;Curso d'água natural de até 10 metros;Analisado, aguardando atendimento a notificação;PE;1,1134
PA-1507300-53C8AF6DAE694B35B7CDE412C624AEBF;PA;São Félix do Xingu;Curso d'água natural de até 10 metros;Aguardando análise;PE;0,2620
PA-1507300-53FB950D6BE34FC89C289B82AD346873;PA;São Félix do Xingu;Curso d'água natural de até 10 metros;Aguardando análise;AT;0,0763
PA-1507300-5403FEA37C82426B8E7DD091D6554483;PA;São Félix do Xingu;Curso d'água natural de até 10 metros;Analisado, aguardando regularização ambiental (Lei nº 12.651/2012);AT;11,9755
PA-1507300-540B2C57AF5E408799A175058C58CE11;PA;São Félix do Xingu;Curso d'água natural de até 10 metros;Analisado, aguardando atendimento a notificação;PE;0,1911
PA-1507300-54442CE789C14FADAE828FBFB73B28C8;PA;São Félix do Xingu;Curso d'água natural de até 10 metros;Analisado, aguardando atendimento a notificação;PE;0,1595
PA-1507300-547A647259E243C3AC2D33A461A13CC5;PA;São Félix do Xingu;Curso d'água natural de até 10 metros;Aguardando análise;PE;14,3565
PA-1507300-548BFC755B67464EA6E6B8DAD77B557E;PA;São Félix do Xingu;Curso d'água natural de até 10 metros;Aguardando análise;AT;0,9542
PA-1507300-54AF6215494E433187EC565B553794B1;PA;São Félix do Xingu;Curso d'água natural de até 10 metros;Aguardando análise;PE;0,1055
PA-1507300-54D2CBAAB594426FAC8CF2498229FE7F;PA;São Félix do Xingu;Curso d'água natural de até 10 metros;Analisado, aguardando atendimento a notificação;PE;14,9197
PA-1507300-55122F5B46384F558C38101A89DD92F3;PA;São Félix do Xingu;Curso d'água natural de até 10 metros;Analisado, aguardando regularização ambiental (Lei nº 12.651/2012);PE;5,3769
PA-1507300-551BA78204204389AE21A49A79C37F70;PA;São Félix do Xingu;Curso d'água natural de até 10 metros;Analisado, aguardando atendimento a notificação;PE;0,0311
PA-1507300-559410401F86487589200756D3B59365;PA;São Félix do Xingu;Curso d'água natural de até 10 metros;Analisado, aguardando atendimento a notificação;PE;0,0716
PA-1507300-55A921433A9343DAA4FEA3955F57B740;PA;São Félix do Xingu;Curso d'água natural de até 10 metros;Analisado, aguardando regularização ambiental (Lei nº 12.651/2012);AT;0,3674
PA-1507300-55AD05BFE1BC430B9F60862C90A6F3BE;PA;São Félix do Xingu;Curso d'água natural de até 10 metros;Aguardando análise;PE;0,3061
PA-1507300-55B349D984FD4545931F67DEC83467B0;PA;São Félix do Xingu;Curso d'água natural de até 10 metros;Analisado, aguardando atendimento a notificação;PE;1,1750
PA-1507300-55DE40F469DA4844956FFAB2D73E9457;PA;São Félix do Xingu;Curso d'água natural de até 10 metros;Aguardando análise;AT;5,8010
PA-1507300-55E97A0BC8DD4078896B7882E5E8AB3C;PA;São Félix do Xingu;Curso d'água natural de até 10 metros;Aguardando análise;PE;0,0262
PA-1507300-5625E3EE00AC45FE82E11E514B754BFC;PA;São Félix do Xingu;Curso d'água natural de até 10 metros;Analisado, aguardando regularização ambiental (Lei nº 12.651/2012);PE;5,3977
PA-1507300-5650E41044D94067AFF035F1703B3660;PA;São Félix do Xingu;Curso d'água natural de até 10 metros;Aguardando análise;PE;7,9862
PA-1507300-566582B871E24F98845A898F1CEAE9DE;PA;São Félix do Xingu;Curso d'água natural de até 10 metros;Analisado, aguardando atendimento a notificação;PE;0,2077
PA-1507300-56A477F9B21F402F83FDD0DA7949F68C;PA;São Félix do Xingu;Curso d'água natural de até 10 metros;Aguardando análise;AT;2,3284
PA-1507300-56B8947F5EB947AB81A17129AF9AB1E0;PA;São Félix do Xingu;Curso d'água natural de até 10 metros;Analisado, aguardando atendimento a notificação;PE;0,2207
PA-1507300-56C68D28DF8F478CB4C5AE3A8636553A;PA;São Félix do Xingu;Curso d'água natural de até 10 metros;Analisado, aguardando atendimento a notificação;PE;0,0331
PA-1507300-56E5E8069E1F44EE880354374E78180A;PA;São Félix do Xingu;Curso d'água natural de até 10 metros;Aguardando análise;PE;0,6308
PA-1507300-570DE2B4E00A46D6832910ECAA2033D8;PA;São Félix do Xingu;Curso d'água natural de até 10 metros;Analisado, aguardando atendimento a notificação;SU;0,5825
PA-1507300-57230C89DDE14C3EB6DA5176C8A234C4;PA;São Félix do Xingu;Curso d'água natural de até 10 metros;Aguardando análise;PE;0,3600
PA-1507300-57859E67F4F54082982445001E78F306;PA;São Félix do Xingu;Curso d'água natural de até 10 metros;Analisado, aguardando atendimento a notificação;PE;0,0473
PA-1507300-57965FFAB576468791A3B00D8F2B4415;PA;São Félix do Xingu;Curso d'água natural de até 10 metros;Aguardando análise;PE;0,7178
PA-1507300-579BB5935A544C90A08EC96DF4B44899;PA;São Félix do Xingu;Curso d'água natural de até 10 metros;Aguardando análise;AT;0,3000
PA-1507300-57B8A55C30C6449390B3C91FDC6F758F;PA;São Félix do Xingu;Curso d'água natural de até 10 metros;Analisado, aguardando regularização ambiental (Lei nº 12.651/2012);AT;0,4657
PA-1507300-57E6BFA69C28438AB50DCA023156F7CF;PA;São Félix do Xingu;Curso d'água natural de até 10 metros;Aguardando análise;AT;0,0814
PA-1507300-57E9004D12B9437E8007D0EEF457CB0C;PA;São Félix do Xingu;Curso d'água natural de até 10 metros;Analisado, aguardando atendimento a notificação;PE;2,5688
PA-1507300-58C19A6136214A4AAB2D6E447BD35B21;PA;São Félix do Xingu;Curso d'água natural de até 10 metros;Analisado, aguardando regularização ambiental (Lei nº 12.651/2012);PE;4,0895
PA-1507300-58DDC85CC36047E7AB70AB876D3AA342;PA;São Félix do Xingu;Curso d'água natural de até 10 metros;Analisado, aguardando atendimento a notificação;PE;25,4573
PA-1507300-5940C5498B4F4E5F951DF379B1FD8CFD;PA;São Félix do Xingu;Curso d'água natural de até 10 metros;Aguardando análise;PE;1,4304
PA-1507300-5977CE5DC8DC4B59B2385652A8B9E253;PA;São Félix do Xingu;Curso d'água natural de até 10 metros;Aguardando análise;PE;0,0728
PA-1507300-59981C89793144CD9527E90257282DE2;PA;São Félix do Xingu;Curso d'água natural de até 10 metros;Analisado, aguardando regularização ambiental (Lei nº 12.651/2012);AT;1,0299
PA-1507300-59C0E38BDDAD45CE8492A5336595F8AA;PA;São Félix do Xingu;Curso d'água natural de até 10 metros;Aguardando análise;AT;7,0818
PA-1507300-59EBCF53B7514340832C49E490855FE4;PA;São Félix do Xingu;Curso d'água natural de até 10 metros;Analisado, aguardando atendimento a notificação;PE;0,3311
PA-1507300-59F44AC8F4164D25AB55659AE2D05EC9;PA;São Félix do Xingu;Curso d'água natural de até 10 metros;Aguardando análise;PE;0,4659
PA-1507300-59FB4CF1EAEC4C1C97D93963D3741DD7;PA;São Félix do Xingu;Curso d'água natural de até 10 metros;Analisado, aguardando atendimento a notificação;PE;0,0856
PA-1507300-5A261D5813CF4ADBB2E49A87E31F7558;PA;São Félix do Xingu;Curso d'água natural de até 10 metros;Analisado, aguardando atendimento a notificação;PE;0,1638
PA-1507300-5A3255D38F064EDBA20F53BF63748A8F;PA;São Félix do Xingu;Curso d'água natural de até 10 metros;Analisado, aguardando atendimento a notificação;PE;0,1084
PA-1507300-5A3D81645AAF42AE890D0E004B05B6E9;PA;São Félix do Xingu;Curso d'água natural de até 10 metros;Aguardando análise;AT;0,3099
PA-1507300-5A49DA6AA3D84C80920CE1C76E7E7EAF;PA;São Félix do Xingu;Curso d'água natural de até 10 metros;Analisado, aguardando regularização ambiental (Lei nº 12.651/2012);AT;3,1007
PA-1507300-5A6353B2DE8847ECA120B5373E96D8AB;PA;São Félix do Xingu;Curso d'água natural de até 10 metros;Analisado, aguardando atendimento a notificação;PE;0,0256
PA-1507300-5ABEB5CB8833488DB3713F22CBBFAC8B;PA;São Félix do Xingu;Curso d'água natural de até 10 metros;Analisado, aguardando regularização ambiental (Lei nº 12.651/2012);AT;1,9069
PA-1507300-5AFAEE060B2A4D3EABE49EA507A8987B;PA;São Félix do Xingu;Curso d'água natural de até 10 metros;Analisado, aguardando atendimento a notificação;AT;1,6197
PA-1507300-5B1886E89ED34994B738191CD117E4FF;PA;São Félix do Xingu;Curso d'água natural de até 10 metros;Aguardando análise;AT;0,5167
PA-1507300-5B1F6179507144E69C39CF65A25D5C51;PA;São Félix do Xingu;Curso d'água natural de até 10 metros;Aguardando análise;AT;0,9152
PA-1507300-5B69D1BA6C404F1B998EFB5380634377;PA;São Félix do Xingu;Curso d'água natural de até 10 metros;Aguardando análise;AT;0,3504
PA-1507300-5B9BF093E6B8429C8A982AB8C2ED8736;PA;São Félix do Xingu;Curso d'água natural de até 10 metros;Analisado, aguardando atendimento a notificação;PE;0,1630
PA-1507300-5C1597303AE7470E965AAE99717AF9F6;PA;São Félix do Xingu;Curso d'água natural de até 10 metros;Analisado, aguardando atendimento a notificação;PE;0,1192
PA-1507300-5C16EB387A554CF18D715C1BA0382503;PA;São Félix do Xingu;Curso d'água natural de até 10 metros;Analisado, aguardando atendimento a notificação;PE;0,3582
PA-1507300-5C84FE43144D410EAB9B73E883635BB4;PA;São Félix do Xingu;Curso d'água natural de até 10 metros;Aguardando análise;PE;8,4600
PA-1507300-5C88F834CEE54A4989F05AD452374EEB;PA;São Félix do Xingu;Curso d'água natural de até 10 metros;Analisado, aguardando atendimento a notificação;PE;0,0456
PA-1507300-5C9AE7130CDC4C219C88872C057E4BE5;PA;São Félix do Xingu;Curso d'água natural de até 10 metros;Analisado, aguardando atendimento a notificação;PE;0,0386
PA-1507300-5D4F18B3FC8A4C76B69D74E9626BFE2D;PA;São Félix do Xingu;Curso d'água natural de até 10 metros;Analisado, aguardando atendimento a notificação;PE;1,5167
PA-1507300-5D8D1B9291F54D98B032825250C1D603;PA;São Félix do Xingu;Curso d'água natural de até 10 metros;Aguardando análise;AT;0,6146
PA-1507300-5DAF4BA5193C4BBBA3623B3CB52DBE77;PA;São Félix do Xingu;Curso d'água natural de até 10 metros;Analisado, aguardando atendimento a notificação;AT;3,1734
PA-1507300-5DDC8EF9258643909284154549FE12B0;PA;São Félix do Xingu;Curso d'água natural de até 10 metros;Aguardando análise;AT;0,3130
PA-1507300-5E0BEFB3B38340EA89E8471FE8EEBD14;PA;São Félix do Xingu;Curso d'água natural de até 10 metros;Analisado, aguardando atendimento a notificação;PE;0,8809
PA-1507300-5E22708FF17340EEA18C37AFF4742B90;PA;São Félix do Xingu;Curso d'água natural de até 10 metros;Aguardando análise;PE;0,1244
PA-1507300-5E7938796F3F48DAA3F2CF3039302F9A;PA;São Félix do Xingu;Curso d'água natural de até 10 metros;Analisado, aguardando atendimento a notificação;PE;0,4590
PA-1507300-5E79C57BB6D847D7B64EE68D0C2C30E2;PA;São Félix do Xingu;Curso d'água natural de até 10 metros;Analisado, aguardando regularização ambiental (Lei nº 12.651/2012);AT;3,9063
PA-1507300-5EE43740B82F4F7591F11A79DD647722;PA;São Félix do Xingu;Curso d'água natural de até 10 metros;Aguardando análise;PE;0,0649
PA-1507300-5EFB107493124D50AC48B9A665EA33D2;PA;São Félix do Xingu;Curso d'água natural de até 10 metros;Aguardando análise;AT;5,4201
PA-1507300-5F01BD620DA34ABFBF7FD26B81086B06;PA;São Félix do Xingu;Curso d'água natural de até 10 metros;Analisado, aguardando atendimento a notificação;PE;0,1263
PA-1507300-5F2D7E719BFD4457BA4DA99838AF8561;PA;São Félix do Xingu;Curso d'água natural de até 10 metros;Analisado, aguardando regularização ambiental (Lei nº 12.651/2012);AT;0,4511
PA-1507300-5F846553FA124247AF83CB094DAD4A6C;PA;São Félix do Xingu;Curso d'água natural de até 10 metros;Analisado, aguardando atendimento a notificação;PE;0,2590
PA-1507300-5F922E3D0EA042F6B673A7647315949E;PA;São Félix do Xingu;Curso d'água natural de até 10 metros;Analisado, aguardando atendimento a notificação;PE;0,0254
PA-1507300-5FFE31D48AD64CE497865309BCB0EE26;PA;São Félix do Xingu;Curso d'água natural de até 10 metros;Aguardando análise;AT;0,1617
PA-1507300-601344F1E3AF409BB1623438042DC6EA;PA;São Félix do Xingu;Curso d'água natural de até 10 metros;Aguardando análise;PE;1,1637
PA-1507300-6084A640FBC84CB4BAAE32B4B5D58D74;PA;São Félix do Xingu;Curso d'água natural de até 10 metros;Aguardando análise;PE;0,1382
PA-1507300-60A848D3BA1F4BD8B7A557ADA7FE711B;PA;São Félix do Xingu;Curso d'água natural de até 10 metros;Aguardando análise;PE;10,2334
PA-1507300-61136EABFEAC4974910AD58059BC7308;PA;São Félix do Xingu;Curso d'água natural de até 10 metros;Analisado, aguardando regularização ambiental (Lei nº 12.651/2012);AT;0,9226
PA-1507300-613758A205864D3AA7E55F0F0946B0C5;PA;São Félix do Xingu;Curso d'água natural de até 10 metros;Analisado, aguardando atendimento a notificação;PE;0,0909
PA-1507300-61752C31EFB047C3A11EB08AD426C2E1;PA;São Félix do Xingu;Curso d'água natural de até 10 metros;Aguardando análise;PE;2,0339
PA-1507300-61CC026398E34228BB3E788F6353FDFD;PA;São Félix do Xingu;Curso d'água natural de até 10 metros;Aguardando análise;PE;0,9470
PA-1507300-6235B8A20B5D4A57B2431C2567B5CF9E;PA;São Félix do Xingu;Curso d'água natural de até 10 metros;Analisado, aguardando atendimento a notificação;PE;0,0662
PA-1507300-6259E56BEE9F4726B1380DEA29F2EBA5;PA;São Félix do Xingu;Curso d'água natural de até 10 metros;Aguardando análise;AT;10,3494
PA-1507300-625F56D2F486467F838F1ACF387A682A;PA;São Félix do Xingu;Curso d'água natural de até 10 metros;Analisado, aguardando atendimento a notificação;PE;0,3687
PA-1507300-628C95B3C5DF41C89F864F8321DE6D88;PA;São Félix do Xingu;Curso d'água natural de até 10 metros;Aguardando análise;PE;0,8748
PA-1507300-6299A246C35543779631A4930F4D91D8;PA;São Félix do Xingu;Curso d'água natural de até 10 metros;Analisado, aguardando regularização ambiental (Lei nº 12.651/2012);AT;3,2767
PA-1507300-62E1E35F5A014476A413192B1C165B78;PA;São Félix do Xingu;Curso d'água natural de até 10 metros;Aguardando análise;PE;0,0485
PA-1507300-62ECC03329C845DAAA64D1967909A523;PA;São Félix do Xingu;Curso d'água natural de até 10 metros;Analisado, aguardando atendimento a notificação;PE;0,0114
PA-1507300-62F80866200E441D9F716A6F1FE023DF;PA;São Félix do Xingu;Curso d'água natural de até 10 metros;Analisado, aguardando regularização ambiental (Lei nº 12.651/2012);AT;3,1920
PA-1507300-63130E5FE4BD4452BE4EB789BA53C9FB;PA;São Félix do Xingu;Curso d'água natural de até 10 metros;Aguardando análise;PE;0,6781
PA-1507300-63354B5BC6F14F1FBB0F4184D695E68A;PA;São Félix do Xingu;Curso d'água natural de até 10 metros;Analisado, aguardando atendimento a notificação;PE;0,1744
PA-1507300-635391F2061444E4B9852E37DBA89319;PA;São Félix do Xingu;Curso d'água natural de até 10 metros;Analisado, aguardando atendimento a notificação;PE;0,0803
PA-1507300-6361E7BC20E74171898B27ADE51A2340;PA;São Félix do Xingu;Curso d'água natural de até 10 metros;Aguardando análise;PE;0,3621
PA-1507300-63B1D655FBA448F0ACF7A017FE8AC350;PA;São Félix do Xingu;Curso d'água natural de até 10 metros;Aguardando análise;PE;0,9548
PA-1507300-63DDB78863644ACD81F9D12849080AC9;PA;São Félix do Xingu;Curso d'água natural de até 10 metros;Analisado, aguardando regularização ambiental (Lei nº 12.651/2012);AT;32,3971
PA-1507300-64077193870C4B269FC26E761FD4C5E5;PA;São Félix do Xingu;Curso d'água natural de até 10 metros;Analisado, aguardando atendimento a notificação;PE;0,1007
PA-1507300-648210FC718C4B848D3EFF103722BBA0;PA;São Félix do Xingu;Curso d'água natural de até 10 metros;Analisado, em conformidade com a Lei nº 12.651/2012;AT;0,0716
PA-1507300-64A9044B15C74CDC83D92DA39839924E;PA;São Félix do Xingu;Curso d'água natural de até 10 metros;Analisado, aguardando atendimento a notificação;PE;3,0321
PA-1507300-64C03FBDA59140FCB06FCE0C4B72EF58;PA;São Félix do Xingu;Curso d'água natural de até 10 metros;Aguardando análise;PE;0,2103
PA-1507300-64C7CE3A709D4920A69591FCE3F3B943;PA;São Félix do Xingu;Curso d'água natural de até 10 metros;Aguardando análise;AT;8,6393
PA-1507300-64F458234BEE4274905E106BF56D189B;PA;São Félix do Xingu;Curso d'água natural de até 10 metros;Analisado, aguardando atendimento a notificação;PE;0,0766
PA-1507300-6502640169144C58966746991AAC804D;PA;São Félix do Xingu;Curso d'água natural de até 10 metros;Aguardando análise;PE;3,5865
PA-1507300-65064998968A4522B8F66C597E3810C3;PA;São Félix do Xingu;Curso d'água natural de até 10 metros;Analisado, aguardando regularização ambiental (Lei nº 12.651/2012);AT;5,1168
PA-1507300-6525B84A8D39434BB14BA36A76E51A1F;PA;São Félix do Xingu;Curso d'água natural de até 10 metros;Aguardando análise;PE;0,0952
PA-1507300-6561C3129F424DE9A4F8A1846208B0C8;PA;São Félix do Xingu;Curso d'água natural de até 10 metros;Aguardando análise;PE;0,7633
PA-1507300-657A30AD864047C2BEEA8459B7249244;PA;São Félix do Xingu;Curso d'água natural de até 10 metros;Analisado, aguardando atendimento a notificação;PE;0,7294
PA-1507300-658D0BE57B864D36B2FEA16AD2C7034A;PA;São Félix do Xingu;Curso d'água natural de até 10 metros;Aguardando análise;PE;1,8470
PA-1507300-65A2BCB2F74746E9BD987425BA2CE77C;PA;São Félix do Xingu;Curso d'água natural de até 10 metros;Aguardando análise;AT;0,4063
PA-1507300-65B189B785C143F6A2D89112FF391607;PA;São Félix do Xingu;Curso d'água natural de até 10 metros;Aguardando análise;AT;0,1053
PA-1507300-65C266C5A4BD4239A4F62F273FD379D1;PA;São Félix do Xingu;Curso d'água natural de até 10 metros;Analisado, aguardando atendimento a notificação;PE;0,0939
PA-1507300-65D1B6F916D8417583AEF60365F1D2E3;PA;São Félix do Xingu;Curso d'água natural de até 10 metros;Analisado, aguardando atendimento a notificação;AT;2,4845
PA-1507300-6623BFDC4B884706BC151AB477E8DE01;PA;São Félix do Xingu;Curso d'água natural de até 10 metros;Aguardando análise;AT;2,6538
PA-1507300-667FB78A084648DFBE702A8905BD6773;PA;São Félix do Xingu;Curso d'água natural de até 10 metros;Analisado, aguardando atendimento a notificação;PE;0,3284
PA-1507300-66C225E6B945409392864B63AAC8D7D6;PA;São Félix do Xingu;Curso d'água natural de até 10 metros;Aguardando análise;PE;0,0638
PA-1507300-66D0197FB84948629D0BA9584D50A5BE;PA;São Félix do Xingu;Curso d'água natural de até 10 metros;Aguardando análise;PE;0,1762
PA-1507300-66D304A8571F49D7B72AFFD3C5801ABD;PA;São Félix do Xingu;Curso d'água natural de até 10 metros;Aguardando análise;PE;0,2626
PA-1507300-66DEAB06F002499C99C746F505891907;PA;São Félix do Xingu;Curso d'água natural de até 10 metros;Analisado, aguardando atendimento a notificação;PE;0,5054
PA-1507300-6722BA5701734548B5E334B8E3B411DC;PA;São Félix do Xingu;Curso d'água natural de até 10 metros;Analisado, aguardando atendimento a notificação;PE;0,0419
PA-1507300-674ABCEC751143D89283845F56460345;PA;São Félix do Xingu;Curso d'água natural de até 10 metros;Analisado, aguardando atendimento a notificação;PE;2,4947
PA-1507300-67859B97135E42A7861B1C8ECDFE3DBD;PA;São Félix do Xingu;Curso d'água natural de até 10 metros;Analisado, aguardando atendimento a notificação;PE;20,5740
PA-1507300-67B9614C7EE146FFB2B327EA73FEC5F5;PA;São Félix do Xingu;Curso d'água natural de até 10 metros;Aguardando análise;AT;3,4256
PA-1507300-680405E2E20D4291A40D7A0246BFE328;PA;São Félix do Xingu;Curso d'água natural de até 10 metros;Aguardando análise;PE;11,9185
PA-1507300-680D2B108E0E4C13B2D407B1E8918FD9;PA;São Félix do Xingu;Curso d'água natural de até 10 metros;Analisado, aguardando atendimento a notificação;PE;1,5520
PA-1507300-680F34AE5D284FCF84AB12EE7E44AA6A;PA;São Félix do Xingu;Curso d'água natural de até 10 metros;Analisado, aguardando atendimento a notificação;PE;0,0344
PA-1507300-6851ABDECA484127A631102765F25002;PA;São Félix do Xingu;Curso d'água natural de até 10 metros;Analisado, aguardando atendimento a notificação;PE;2,0759
PA-1507300-68BC777101674BF8B12035688BC17C20;PA;São Félix do Xingu;Curso d'água natural de até 10 metros;Aguardando análise;PE;2,9693
PA-1507300-68D9479B19514929B1B2AF7773A5FB28;PA;São Félix do Xingu;Curso d'água natural de até 10 metros;Aguardando análise;AT;0,4192
PA-1507300-69105467BA264E538EF5E9E943AF6927;PA;São Félix do Xingu;Curso d'água natural de até 10 metros;Analisado, aguardando atendimento a notificação;PE;0,0808
PA-1507300-6999ADD253A047538AA624EB70D1B91A;PA;São Félix do Xingu;Curso d'água natural de até 10 metros;Analisado, aguardando atendimento a notificação;PE;0,1337
PA-1507300-6A11037237934771AE616E19173CA440;PA;São Félix do Xingu;Curso d'água natural de até 10 metros;Aguardando análise;PE;10,0982
PA-1507300-6A49EDED138C46CBAF2ED081F0CDDDC7;PA;São Félix do Xingu;Curso d'água natural de até 10 metros;Analisado, aguardando atendimento a notificação;PE;3,2542
PA-1507300-6A649FE90A5E46148900A93D4EEA0941;PA;São Félix do Xingu;Curso d'água natural de até 10 metros;Aguardando análise;AT;0,1933
PA-1507300-6A7B5DEB778C408CB812E8A875C67DA5;PA;São Félix do Xingu;Curso d'água natural de até 10 metros;Analisado, aguardando atendimento a notificação;SU;0,1431
PA-1507300-6AAF004EFE754BD38A815111065D8AA3;PA;São Félix do Xingu;Curso d'água natural de até 10 metros;Analisado, aguardando atendimento a notificação;PE;0,2846
PA-1507300-6B06FE9828464F69B2067549E9B0581E;PA;São Félix do Xingu;Curso d'água natural de até 10 metros;Analisado, aguardando atendimento a notificação;SU;2,5479
PA-1507300-6B59D512B7A14F1B95B4C9C5054EADB5;PA;São Félix do Xingu;Curso d'água natural de até 10 metros;Analisado, aguardando atendimento a notificação;PE;0,9686
PA-1507300-6B6B1A8CFDA64F6B8804025662602A32;PA;São Félix do Xingu;Curso d'água natural de até 10 metros;Aguardando análise;PE;0,6891
PA-1507300-6BDFEA41C72C4B9AA6371461E0CD8273;PA;São Félix do Xingu;Curso d'água natural de até 10 metros;Aguardando análise;PE;1,9896
PA-1507300-6BF82967DF50465BBE3A1893ACA66CB0;PA;São Félix do Xingu;Curso d'água natural de até 10 metros;Analisado, aguardando atendimento a notificação;PE;1,1157
PA-1507300-6C76C6D794F94C1CA2B8C0A5BCB04265;PA;São Félix do Xingu;Curso d'água natural de até 10 metros;Aguardando análise;PE;0,4801
PA-1507300-6D96D236B877404F8D6A5E29CFE965D9;PA;São Félix do Xingu;Curso d'água natural de até 10 metros;Analisado, aguardando atendimento a notificação;PE;4,0756
PA-1507300-6DB67A6A2E39402682F38F90A2E2DED0;PA;São Félix do Xingu;Curso d'água natural de até 10 metros;Analisado, aguardando atendimento a notificação;SU;4,9093
PA-1507300-6DDD0499250B48C0A981C808D7019D8E;PA;São Félix do Xingu;Curso d'água natural de até 10 metros;Analisado, aguardando atendimento a notificação;PE;1,2671
PA-1507300-6E086E1B62424B5BA99F89BDE45FD30F;PA;São Félix do Xingu;Curso d'água natural de até 10 metros;Aguardando análise;AT;0,0089
PA-1507300-6E3EA3C8134D499C8A32952FC80D33C5;PA;São Félix do Xingu;Curso d'água natural de até 10 metros;Analisado, aguardando atendimento a notificação;PE;0,0153
PA-1507300-6EAE1628B3A34585B370C9F323901EFE;PA;São Félix do Xingu;Curso d'água natural de até 10 metros;Analisado, aguardando atendimento a notificação;PE;0,0645
PA-1507300-6ED39A4C6B1340F1899A3787A61EC5B7;PA;São Félix do Xingu;Curso d'água natural de até 10 metros;Analisado, aguardando atendimento a notificação;PE;0,1047
PA-1507300-6ED3DAF6372B424DBBB04D12935A7C7F;PA;São Félix do Xingu;Curso d'água natural de até 10 metros;Aguardando análise;PE;0,4105
PA-1507300-6F0057BC0122482E9DDB10D12311F700;PA;São Félix do Xingu;Curso d'água natural de até 10 metros;Analisado, aguardando regularização ambiental (Lei nº 12.651/2012);PE;32,6008
PA-1507300-6F2804D8800747D3AF74EC13D9F925A3;PA;São Félix do Xingu;Curso d'água natural de até 10 metros;Analisado, aguardando regularização ambiental (Lei nº 12.651/2012);PE;0,5780
PA-1507300-6F3D379C377A413B8FDCEF03E1C6F825;PA;São Félix do Xingu;Curso d'água natural de até 10 metros;Analisado, aguardando atendimento a notificação;PE;0,0718
PA-1507300-6F632945AC3B4239ABD5F405D93B4237;PA;São Félix do Xingu;Curso d'água natural de até 10 metros;Aguardando análise;PE;0,1603
PA-1507300-6F9B5DCB7E4D41889CBFF061593AC6A9;PA;São Félix do Xingu;Curso d'água natural de até 10 metros;Analisado, aguardando atendimento a notificação;PE;0,1532
PA-1507300-6FD6CD4442614631B2EE69A8CD8C8097;PA;São Félix do Xingu;Curso d'água natural de até 10 metros;Aguardando análise;PE;0,1225
PA-1507300-70020D8EB40E4A83B93BA39396900B07;PA;São Félix do Xingu;Curso d'água natural de até 10 metros;Analisado, aguardando atendimento a notificação;PE;0,0713
PA-1507300-7040DE45ACDE4E07AEA5F1C1DA75672A;PA;São Félix do Xingu;Curso d'água natural de até 10 metros;Analisado, aguardando atendimento a notificação;PE;2,0694
PA-1507300-7055C8896A1E421CB78598CEFA046E60;PA;São Félix do Xingu;Curso d'água natural de até 10 metros;Analisado, aguardando atendimento a notificação;AT;21,5436
PA-1507300-70744D3462D84CD58CD84E89F2B57B54;PA;São Félix do Xingu;Curso d'água natural de até 10 metros;Analisado sem pendências;AT;0,4844
PA-1507300-70D881AD832747FA91861B093A8E0819;PA;São Félix do Xingu;Curso d'água natural de até 10 metros;Aguardando análise;AT;1,2859
PA-1507300-715446F1B7C14111B321242AD9E7FD9B;PA;São Félix do Xingu;Curso d'água natural de até 10 metros;Analisado, aguardando atendimento a notificação;PE;0,2511
PA-1507300-716DF2321D2044FE8F2D21FBF6D1D3F4;PA;São Félix do Xingu;Curso d'água natural de até 10 metros;Aguardando análise;PE;0,4226
PA-1507300-7186C0289E5546CD98900A9FB693D1E5;PA;São Félix do Xingu;Curso d'água natural de até 10 metros;Analisado, aguardando atendimento a notificação;PE;0,9149
PA-1507300-71D5B48B3F9D4283A1E5577D73255C59;PA;São Félix do Xingu;Curso d'água natural de até 10 metros;Analisado, aguardando atendimento a notificação;PE;0,0847
PA-1507300-71E82D99F5D741C194BA34DEECD659AC;PA;São Félix do Xingu;Curso d'água natural de até 10 metros;Analisado, aguardando atendimento a notificação;PE;0,0373
PA-1507300-71FC246220584C1A8C13392999B7C058;PA;São Félix do Xingu;Curso d'água natural de até 10 metros;Aguardando análise;SU;6,1110
PA-1507300-726D8CF8A4B3442F916DC98BC22724C2;PA;São Félix do Xingu;Curso d'água natural de até 10 metros;Aguardando análise;PE;0,0691
PA-1507300-72A828E196CF4C098EA56B796EECC9CD;PA;São Félix do Xingu;Curso d'água natural de até 10 metros;Analisado, aguardando atendimento a notificação;PE;0,2349
PA-1507300-72D0E0A3324A4DD184B16BFD6909EE6F;PA;São Félix do Xingu;Curso d'água natural de até 10 metros;Aguardando análise;PE;0,1241
PA-1507300-72FE723AB29E440CA832AA797E160AD3;PA;São Félix do Xingu;Curso d'água natural de até 10 metros;Analisado, aguardando atendimento a notificação;PE;0,0421
PA-1507300-73855FC55A054F07B8983BD10DAA0D7C;PA;São Félix do Xingu;Curso d'água natural de até 10 metros;Analisado, aguardando atendimento a notificação;PE;16,9206
PA-1507300-73AB36C183134C30A178E44B1AD2074B;PA;São Félix do Xingu;Curso d'água natural de até 10 metros;Aguardando análise;PE;0,1557
PA-1507300-7411931079A14326ACDFDB6994DCB6FC;PA;São Félix do Xingu;Curso d'água natural de até 10 metros;Analisado, aguardando atendimento a notificação;PE;0,1337
PA-1507300-74333E38DEF740D08D4716862A9E50EF;PA;São Félix do Xingu;Curso d'água natural de até 10 metros;Analisado, aguardando atendimento a notificação;PE;0,5055
PA-1507300-744704515F15433E9A7F7D5B6FDBFA6A;PA;São Félix do Xingu;Curso d'água natural de até 10 metros;Aguardando análise;PE;2,1901
PA-1507300-7494EAFF09E84EB1B498A4F3558ADC83;PA;São Félix do Xingu;Curso d'água natural de até 10 metros;Aguardando análise;PE;3,8860
PA-1507300-75680559BF904D58B61D7E4E34EC2032;PA;São Félix do Xingu;Curso d'água natural de até 10 metros;Analisado, aguardando atendimento a notificação;AT;0,2560
PA-1507300-758AAA1F40144AA5AE5B98857882AFAE;PA;São Félix do Xingu;Curso d'água natural de até 10 metros;Analisado, aguardando atendimento a notificação;PE;0,2148
PA-1507300-75FE08D1F4E6476D95BE758C9E3D4989;PA;São Félix do Xingu;Curso d'água natural de até 10 metros;Analisado, aguardando atendimento a notificação;PE;0,0960
PA-1507300-7646FCF999F64E2695CF84E7DCFE040A;PA;São Félix do Xingu;Curso d'água natural de até 10 metros;Aguardando análise;AT;2,6878
PA-1507300-76544131A9444F9FA77B8FE1847B93AD;PA;São Félix do Xingu;Curso d'água natural de até 10 metros;Aguardando análise;PE;0,1200
PA-1507300-76833CA8AB09422685CACA5EC7E74AD0;PA;São Félix do Xingu;Curso d'água natural de até 10 metros;Aguardando análise;PE;6,2459
PA-1507300-7683EE5221C9494A9BF1B369D7FD8D8E;PA;São Félix do Xingu;Curso d'água natural de até 10 metros;Analisado, aguardando atendimento a notificação;PE;0,0218
PA-1507300-76DC12D6D4DF4BCCA4FFD8B517056F92;PA;São Félix do Xingu;Curso d'água natural de até 10 metros;Analisado, aguardando atendimento a notificação;PE;0,4931
PA-1507300-76EED3A9F040489D807363CB12B57F53;PA;São Félix do Xingu;Curso d'água natural de até 10 metros;Aguardando análise;PE;0,7143
PA-1507300-771A13991DE44608997341FAC846B676;PA;São Félix do Xingu;Curso d'água natural de até 10 metros;Analisado, aguardando atendimento a notificação;PE;0,1046
PA-1507300-774D62E4A571488E8E95022874AB3CC6;PA;São Félix do Xingu;Curso d'água natural de até 10 metros;Analisado, aguardando atendimento a notificação;PE;0,2483
PA-1507300-774EDAE37E7040EF8F2E1420D6A262F4;PA;São Félix do Xingu;Curso d'água natural de até 10 metros;Analisado, aguardando atendimento a notificação;AT;0,0240
PA-1507300-7771D55EBA304AEE8A0C860F9DD394B8;PA;São Félix do Xingu;Curso d'água natural de até 10 metros;Aguardando análise;AT;0,9209
PA-1507300-77907CD89FE44F2FAA2CD3093B9B2CB5;PA;São Félix do Xingu;Curso d'água natural de até 10 metros;Analisado, aguardando atendimento a notificação;PE;1,2900
PA-1507300-779D62EA981942E49EB6412F427463B5;PA;São Félix do Xingu;Curso d'água natural de até 10 metros;Aguardando análise;AT;0,2230
PA-1507300-77BBC0F4BEF8424688F86D37E661D81B;PA;São Félix do Xingu;Curso d'água natural de até 10 metros;Aguardando análise;PE;0,1559
PA-1507300-780899173979495BB5FE2670114CD19F;PA;São Félix do Xingu;Curso d'água natural de até 10 metros;Analisado, aguardando atendimento a notificação;AT;0,4972
PA-1507300-782FDF6C40BD4C2FAB460A23725EAD29;PA;São Félix do Xingu;Curso d'água natural de até 10 metros;Aguardando análise;AT;7,4633
PA-1507300-785DD59BAD734E75A2F1CF126A79E69F;PA;São Félix do Xingu;Curso d'água natural de até 10 metros;Analisado, aguardando atendimento a notificação;PE;0,1146
PA-1507300-786EDEA8D387467CB57B703E58DDFEA0;PA;São Félix do Xingu;Curso d'água natural de até 10 metros;Analisado, aguardando atendimento a notificação;PE;0,1560
PA-1507300-787C8A7E24BE4E33B24A9DB18F62FDA0;PA;São Félix do Xingu;Curso d'água natural de até 10 metros;Aguardando análise;PE;20,5240
PA-1507300-78AB94A879EF4346A31FD8739290C7F2;PA;São Félix do Xingu;Curso d'água natural de até 10 metros;Analisado, aguardando atendimento a notificação;PE;0,4755
PA-1507300-78DFC611011D494B8535DE9C5A979DAD;PA;São Félix do Xingu;Curso d'água natural de até 10 metros;Analisado, aguardando atendimento a notificação;PE;0,3610
PA-1507300-78E2E4EF6EA3478A856CA85FC227737E;PA;São Félix do Xingu;Curso d'água natural de até 10 metros;Aguardando análise;PE;0,5352
PA-1507300-792837BDE8C54ED49A33CADB886265A9;PA;São Félix do Xingu;Curso d'água natural de até 10 metros;Analisado, aguardando atendimento a notificação;PE;0,1421
PA-1507300-7929402C075344389A022FF5A546CE4C;PA;São Félix do Xingu;Curso d'água natural de até 10 metros;Analisado, aguardando atendimento a notificação;PE;0,0902
PA-1507300-794D0AB84DFB46B1884CBF35285F44DA;PA;São Félix do Xingu;Curso d'água natural de até 10 metros;Analisado, aguardando atendimento a notificação;PE;0,3244
PA-1507300-798ECF2A3E5A4703BEBB6CEC069F8EA9;PA;São Félix do Xingu;Curso d'água natural de até 10 metros;Analisado, aguardando atendimento a notificação;PE;4,7041
PA-1507300-799A9EA736854F9C96CA11468FB8703E;PA;São Félix do Xingu;Curso d'água natural de até 10 metros;Analisado, aguardando atendimento a notificação;PE;0,0624
PA-1507300-799ED8F558614DDCA1BB1EC17571792B;PA;São Félix do Xingu;Curso d'água natural de até 10 metros;Analisado, aguardando atendimento a notificação;PE;0,1943
PA-1507300-79C20FB359D941FF898CE54D0B1034D8;PA;São Félix do Xingu;Curso d'água natural de até 10 metros;Aguardando análise;AT;0,2988
PA-1507300-79DC3F323055472B81C9B5DB1F3CF170;PA;São Félix do Xingu;Curso d'água natural de até 10 metros;Analisado, aguardando regularização ambiental (Lei nº 12.651/2012);AT;12,2631
PA-1507300-79EC0065EB3D4C218A9C01C1803FCC8B;PA;São Félix do Xingu;Curso d'água natural de até 10 metros;Analisado, aguardando atendimento a notificação;AT;1,3655
PA-1507300-7A14766F660A4A9F96E64E963C8EEFE2;PA;São Félix do Xingu;Curso d'água natural de até 10 metros;Analisado, aguardando atendimento a notificação;PE;0,5273
PA-1507300-7A1A0C191A594A32865DC8928A060A5D;PA;São Félix do Xingu;Curso d'água natural de até 10 metros;Aguardando análise;PE;0,1487
PA-1507300-7A3B3FC4F94B479997A0F3AD8CFD8E1A;PA;São Félix do Xingu;Curso d'água natural de até 10 metros;Analisado, aguardando atendimento a notificação;SU;0,5996
PA-1507300-7A3CA1E2D56F47949B898CF0062E3F7C;PA;São Félix do Xingu;Curso d'água natural de até 10 metros;Analisado, aguardando atendimento a notificação;PE;0,3510
PA-1507300-7AA2CF76049046BFBEEDEFE03B4B469C;PA;São Félix do Xingu;Curso d'água natural de até 10 metros;Analisado, aguardando atendimento a notificação;SU;10,1895
PA-1507300-7AD23D996F95460CA4D80D0A3138FABC;PA;São Félix do Xingu;Curso d'água natural de até 10 metros;Aguardando análise;PE;0,0754
PA-1507300-7B45B44680BD40D28CFD6C3F59400A92;PA;São Félix do Xingu;Curso d'água natural de até 10 metros;Analisado, aguardando atendimento a notificação;AT;12,4335
PA-1507300-7B528E302FF84C24ABEA7D519A1542CA;PA;São Félix do Xingu;Curso d'água natural de até 10 metros;Analisado, aguardando atendimento a notificação;PE;0,6578
PA-1507300-7B5CA028503D410A863C17BFC13BD5AD;PA;São Félix do Xingu;Curso d'água natural de até 10 metros;Em análise;PE;14,3753
PA-1507300-7B6BF02D02E846CC92CE4F395B35C29F;PA;São Félix do Xingu;Curso d'água natural de até 10 metros;Analisado, aguardando atendimento a notificação;PE;0,5666
PA-1507300-7B7C34A9ADD84B10AC42F156718274D5;PA;São Félix do Xingu;Curso d'água natural de até 10 metros;Aguardando análise;AT;31,2989
PA-1507300-7BC4A470D25842729783E432656E5742;PA;São Félix do Xingu;Curso d'água natural de até 10 metros;Analisado, aguardando atendimento a notificação;AT;0,3659
PA-1507300-7C29EA3C8EDB497E88F22C3AD3E6A359;PA;São Félix do Xingu;Curso d'água natural de até 10 metros;Aguardando análise;PE;0,0820
PA-1507300-7C388F66EDC8470AB9A74D42B4770002;PA;São Félix do Xingu;Curso d'água natural de até 10 metros;Aguardando análise;AT;0,7899
PA-1507300-7C7D830569D04E42ABB5FD528D8469CC;PA;São Félix do Xingu;Curso d'água natural de até 10 metros;Aguardando análise;AT;0,0328
PA-1507300-7CC60CF3A5794C70B04ED9EB4C9D4D56;PA;São Félix do Xingu;Curso d'água natural de até 10 metros;Analisado, aguardando atendimento a notificação;AT;0,3319
PA-1507300-7CFBF478F4454E63B1F20798BD380672;PA;São Félix do Xingu;Curso d'água natural de até 10 metros;Aguardando análise;PE;0,6159
PA-1507300-7CFD7104DA544B1E8A18D363E1CD7365;PA;São Félix do Xingu;Curso d'água natural de até 10 metros;Analisado, aguardando atendimento a notificação;PE;2,1057
PA-1507300-7D82D67E11A94673A54126653E4CC6FA;PA;São Félix do Xingu;Curso d'água natural de até 10 metros;Analisado, aguardando atendimento a notificação;SU;1,4237
PA-1507300-7DE6BCC57C4341A189171880B3E35281;PA;São Félix do Xingu;Curso d'água natural de até 10 metros;Aguardando análise;AT;3,1722
PA-1507300-7DF0C67D2208418FBDDA3AFC87FC00B4;PA;São Félix do Xingu;Curso d'água natural de até 10 metros;Analisado, aguardando atendimento a notificação;PE;0,4356
PA-1507300-7E743EE4813F4B1795DCB383C16D6645;PA;São Félix do Xingu;Curso d'água natural de até 10 metros;Analisado, aguardando regularização ambiental (Lei nº 12.651/2012);AT;0,6238
PA-1507300-7E7CBC580765486D910A12D2EBA705CA;PA;São Félix do Xingu;Curso d'água natural de até 10 metros;Analisado, aguardando regularização ambiental (Lei nº 12.651/2012);AT;9,0850
PA-1507300-7EA1A3837C974570BA062DBB86ECE6B8;PA;São Félix do Xingu;Curso d'água natural de até 10 metros;Aguardando análise;PE;0,2342
PA-1507300-7EDFC89E68E94340949DC407B241AAAA;PA;São Félix do Xingu;Curso d'água natural de até 10 metros;Analisado, aguardando atendimento a notificação;PE;0,1582
PA-1507300-7F17EE6EC578450AA886A832A3D7A0D1;PA;São Félix do Xingu;Curso d'água natural de até 10 metros;Analisado, aguardando atendimento a notificação;PE;0,8328
PA-1507300-7F1FEEB161804145A0FE3617430CDF64;PA;São Félix do Xingu;Curso d'água natural de até 10 metros;Analisado, aguardando atendimento a notificação;PE;0,0866
PA-1507300-7F2340194D2F43CC9966C5DDC50A5570;PA;São Félix do Xingu;Curso d'água natural de até 10 metros;Aguardando análise;AT;0,2632
PA-1507300-7F6962040147472F8767B157B1C2FCA4;PA;São Félix do Xingu;Curso d'água natural de até 10 metros;Analisado, aguardando atendimento a notificação;PE;0,4019
PA-1507300-7FA49B671B534C8BBF62302EEF0C6E42;PA;São Félix do Xingu;Curso d'água natural de até 10 metros;Analisado, aguardando atendimento a notificação;PE;0,2972
PA-1507300-7FA7753D4CD745FC8275A518480667C8;PA;São Félix do Xingu;Curso d'água natural de até 10 metros;Analisado, aguardando atendimento a notificação;PE;0,0609
PA-1507300-7FC50464C3624AEDAF8F0E7DB6AA9D14;PA;São Félix do Xingu;Curso d'água natural de até 10 metros;Aguardando análise;AT;2,6365
PA-1507300-7FC9B1D4BD6642FD812B9658839630D2;PA;São Félix do Xingu;Curso d'água natural de até 10 metros;Aguardando análise;AT;0,9894
PA-1507300-80002F339A3444C3BA2F69A1520EF0E9;PA;São Félix do Xingu;Curso d'água natural de até 10 metros;Analisado, aguardando atendimento a notificação;PE;0,1491
PA-1507300-800DD2B8A48E4EFB9081E8BBAF4DA521;PA;São Félix do Xingu;Curso d'água natural de até 10 metros;Aguardando análise;AT;0,1089
PA-1507300-80B74866D08A4795AF95C9448690AED5;PA;São Félix do Xingu;Curso d'água natural de até 10 metros;Aguardando análise;SU;0,7517
PA-1507300-80CCE4A082BB47F8A7A8FFE7B45EC5E1;PA;São Félix do Xingu;Curso d'água natural de até 10 metros;Analisado, aguardando atendimento a notificação;PE;0,1711
PA-1507300-811D9F00BC2C4D8F95DB369326CAA070;PA;São Félix do Xingu;Curso d'água natural de até 10 metros;Analisado, aguardando atendimento a notificação;PE;0,0867
PA-1507300-8164EDAC810946C2A5C98930A58F5596;PA;São Félix do Xingu;Curso d'água natural de até 10 metros;Aguardando análise;AT;0,7097
PA-1507300-8184A3C63DFC4948A4634F98A91FB0E4;PA;São Félix do Xingu;Curso d'água natural de até 10 metros;Analisado, aguardando atendimento a notificação;PE;0,6004
PA-1507300-819F7EF491A9492E95A925A25F1D4D23;PA;São Félix do Xingu;Curso d'água natural de até 10 metros;Analisado, aguardando atendimento a notificação;SU;0,7536
PA-1507300-81DF029FDA464A1DA5E3C21820B34965;PA;São Félix do Xingu;Curso d'água natural de até 10 metros;Aguardando análise;PE;0,0727
PA-1507300-81F0AF523D0D4C649DDBE8DFC70FF0AD;PA;São Félix do Xingu;Curso d'água natural de até 10 metros;Analisado, aguardando atendimento a notificação;PE;3,8108
PA-1507300-821B29645FAD418BBB298194CE452114;PA;São Félix do Xingu;Curso d'água natural de até 10 metros;Analisado, aguardando atendimento a notificação;PE;0,2345
PA-1507300-8257025C29DB46DA85A85AF0C04EDB0B;PA;São Félix do Xingu;Curso d'água natural de até 10 metros;Aguardando análise;PE;0,6145
PA-1507300-82DDA21E5EA04669A6EC4374BF020D0B;PA;São Félix do Xingu;Curso d'água natural de até 10 metros;Aguardando análise;PE;0,0497
PA-1507300-8301064E48614A9990A1BE3FE2EE7500;PA;São Félix do Xingu;Curso d'água natural de até 10 metros;Aguardando análise;PE;0,1866
PA-1507300-8324CC3DE03E4B4CA000AC5990808949;PA;São Félix do Xingu;Curso d'água natural de até 10 metros;Analisado, aguardando atendimento a notificação;PE;0,9035
PA-1507300-835BBA5B48354174A2AE5CAC19154E54;PA;São Félix do Xingu;Curso d'água natural de até 10 metros;Aguardando análise;PE;1,5196
PA-1507300-835D273DEBA445D19E7E8548DABFAE6A;PA;São Félix do Xingu;Curso d'água natural de até 10 metros;Analisado, aguardando atendimento a notificação;PE;0,3567
PA-1507300-8370826047C5431C9A7A43710B40881E;PA;São Félix do Xingu;Curso d'água natural de até 10 metros;Analisado, aguardando atendimento a notificação;PE;0,0549
PA-1507300-837AB17D805C4F7497032CF350ABD574;PA;São Félix do Xingu;Curso d'água natural de até 10 metros;Aguardando análise;PE;0,6052
PA-1507300-837BBB4918BE47FDA9FF5960B082F137;PA;São Félix do Xingu;Curso d'água natural de até 10 metros;Analisado, aguardando regularização ambiental (Lei nº 12.651/2012);PE;22,0856
PA-1507300-8385D7A5F386432689AE509E5EF11F04;PA;São Félix do Xingu;Curso d'água natural de até 10 metros;Aguardando análise;PE;0,2804
PA-1507300-84175190EA664321AF697E421A7BBA22;PA;São Félix do Xingu;Curso d'água natural de até 10 metros;Aguardando análise;PE;4,0439
PA-1507300-84309E4C795E4173BD23022D68A00DED;PA;São Félix do Xingu;Curso d'água natural de até 10 metros;Analisado, aguardando atendimento a notificação;PE;0,5500
PA-1507300-84A8C990944A404AA4A236E1B568EBF8;PA;São Félix do Xingu;Curso d'água natural de até 10 metros;Aguardando análise;PE;0,0776
PA-1507300-84DACE609EC74FF4A07DB499D9313AF7;PA;São Félix do Xingu;Curso d'água natural de até 10 metros;Analisado, aguardando atendimento a notificação;PE;0,3198
PA-1507300-850B81B6F9AB4EEEB33117DC28786C69;PA;São Félix do Xingu;Curso d'água natural de até 10 metros;Analisado, aguardando atendimento a notificação;PE;6,1990
PA-1507300-855DC5DEF834437F8D17CD30B5739D08;PA;São Félix do Xingu;Curso d'água natural de até 10 metros;Aguardando análise;PE;0,1451
PA-1507300-860A67557A4C4D369BCCB373FF7A7354;PA;São Félix do Xingu;Curso d'água natural de até 10 metros;Aguardando análise;AT;0,1341
PA-1507300-8617E36C8B484F5BB9D8FAD3BB729817;PA;São Félix do Xingu;Curso d'água natural de até 10 metros;Analisado, aguardando atendimento a notificação;PE;0,3906
PA-1507300-8646FA2DE81C4ABDAB908DC4C8A75901;PA;São Félix do Xingu;Curso d'água natural de até 10 metros;Aguardando análise;PE;0,6240
PA-1507300-8647DD92DC744570A4B92E37CF4E2A00;PA;São Félix do Xingu;Curso d'água natural de até 10 metros;Analisado, aguardando atendimento a notificação;PE;4,5969
PA-1507300-864C5305C8204363AA7F799FE627230D;PA;São Félix do Xingu;Curso d'água natural de até 10 metros;Analisado, aguardando atendimento a notificação;PE;0,8709
PA-1507300-868139ABD4654617A27D2E5AA88B5924;PA;São Félix do Xingu;Curso d'água natural de até 10 metros;Analisado, aguardando atendimento a notificação;PE;0,2858
PA-1507300-86BA7C04A2154FE7AF6B855978F7F9F3;PA;São Félix do Xingu;Curso d'água natural de até 10 metros;Analisado, aguardando atendimento a notificação;PE;0,6937
PA-1507300-86E0F90C9988480FBABD5BA7B5476AAC;PA;São Félix do Xingu;Curso d'água natural de até 10 metros;Aguardando análise;AT;0,3902
PA-1507300-87016F13C211471F82CAE41B0F289EF7;PA;São Félix do Xingu;Curso d'água natural de até 10 metros;Aguardando análise;PE;0,1416
PA-1507300-87393CDFC15D49AFAC5EBF2C79EDDB31;PA;São Félix do Xingu;Curso d'água natural de até 10 metros;Analisado, aguardando regularização ambiental (Lei nº 12.651/2012);AT;6,1361
PA-1507300-876662DDB22346E3B5EB15226A6BCEA6;PA;São Félix do Xingu;Curso d'água natural de até 10 metros;Aguardando análise;PE;0,1803
PA-1507300-877521B60D8C42AE85F1ACF96E0EF828;PA;São Félix do Xingu;Curso d'água natural de até 10 metros;Analisado, aguardando atendimento a notificação;SU;1,1353
PA-1507300-8795D11EAA834211B76463A0F87B0A1D;PA;São Félix do Xingu;Curso d'água natural de até 10 metros;Aguardando análise;PE;1,0530
PA-1507300-87D3151947754F6790D0D1C33EA25C59;PA;São Félix do Xingu;Curso d'água natural de até 10 metros;Analisado, aguardando regularização ambiental (Lei nº 12.651/2012);AT;6,4470
PA-1507300-87E699844EAC403082ECE3CE1A92B13F;PA;São Félix do Xingu;Curso d'água natural de até 10 metros;Aguardando análise;PE;0,0310
PA-1507300-88603C87151248E9A6CD636C6B44C190;PA;São Félix do Xingu;Curso d'água natural de até 10 metros;Aguardando análise;PE;0,1756
PA-1507300-8926043EA1914C0DB0FCB57EBCF8CA41;PA;São Félix do Xingu;Curso d'água natural de até 10 metros;Analisado, aguardando atendimento a notificação;PE;0,4648
PA-1507300-893028F05F3F485D8A4611589A097E99;PA;São Félix do Xingu;Curso d'água natural de até 10 metros;Analisado, aguardando atendimento a notificação;PE;0,3009
PA-1507300-89C1868595354E1A99682639EBAE3460;PA;São Félix do Xingu;Curso d'água natural de até 10 metros;Analisado, aguardando atendimento a notificação;PE;0,0677
PA-1507300-89DA9EFFD9B84EDAA58A00D590313A95;PA;São Félix do Xingu;Curso d'água natural de até 10 metros;Analisado, aguardando atendimento a notificação;PE;1,2171
PA-1507300-8A1720AEE8FF4974A3EACBA4D2549392;PA;São Félix do Xingu;Curso d'água natural de até 10 metros;Aguardando análise;PE;0,5297
PA-1507300-8A2524B2543C422089DACA7602ED3909;PA;São Félix do Xingu;Curso d'água natural de até 10 metros;Aguardando análise;AT;14,8539
PA-1507300-8A32717B176E447B807DC9F5BF6F7371;PA;São Félix do Xingu;Curso d'água natural de até 10 metros;Aguardando análise;AT;5,6647
PA-1507300-8A4C7D4031D641A7BE5265C78E79C71E;PA;São Félix do Xingu;Curso d'água natural de até 10 metros;Analisado, aguardando atendimento a notificação;PE;0,4356
PA-1507300-8A72E5700B2F4CB582AAD87285241FB9;PA;São Félix do Xingu;Curso d'água natural de até 10 metros;Analisado, aguardando regularização ambiental (Lei nº 12.651/2012);AT;1,5543
PA-1507300-8B002CA7A2314DB6B81C973AC8DAB473;PA;São Félix do Xingu;Curso d'água natural de até 10 metros;Aguardando análise;AT;0,1645
PA-1507300-8B3EBDA03C0C48A394FA80D051FF3834;PA;São Félix do Xingu;Curso d'água natural de até 10 metros;Aguardando análise;AT;0,2725
PA-1507300-8B52979C3E9D42DF843B30788FD42088;PA;São Félix do Xingu;Curso d'água natural de até 10 metros;Analisado, aguardando atendimento a notificação;PE;0,3134
PA-1507300-8B59A68EFBA748B5A7B0E0D742195841;PA;São Félix do Xingu;Curso d'água natural de até 10 metros;Analisado, aguardando atendimento a notificação;PE;0,0356
PA-1507300-8BAD4993AB0044A4BC849A6287271226;PA;São Félix do Xingu;Curso d'água natural de até 10 metros;Aguardando análise;AT;8,1500
PA-1507300-8BEAE64F01CA4EFCA62672604A2D84C7;PA;São Félix do Xingu;Curso d'água natural de até 10 metros;Analisado, aguardando atendimento a notificação;PE;0,3382
PA-1507300-8C00075D0B63415ABDB201B0E9739556;PA;São Félix do Xingu;Curso d'água natural de até 10 metros;Analisado, aguardando regularização ambiental (Lei nº 12.651/2012);AT;0,1254
PA-1507300-8C1B9F1BFC4C43DABA77722BC2A67024;PA;São Félix do Xingu;Curso d'água natural de até 10 metros;Analisado, aguardando atendimento a notificação;PE;1,6331
PA-1507300-8C49949281EE4389B199456F9B29CF7F;PA;São Félix do Xingu;Curso d'água natural de até 10 metros;Analisado, aguardando atendimento a notificação;PE;3,5134
PA-1507300-8C5A0C96155C4C7E985B04572F5FFE3C;PA;São Félix do Xingu;Curso d'água natural de até 10 metros;Analisado, aguardando atendimento a notificação;PE;0,1791
PA-1507300-8C81250099D74EA099E316CB9868D02D;PA;São Félix do Xingu;Curso d'água natural de até 10 metros;Aguardando análise;PE;0,0844
PA-1507300-8CE09FB7086547EA8166923F1B40A33B;PA;São Félix do Xingu;Curso d'água natural de até 10 metros;Aguardando análise;AT;2,5420
PA-1507300-8CF4345A5DB94A49B0A091EC617E29DD;PA;São Félix do Xingu;Curso d'água natural de até 10 metros;Analisado, aguardando atendimento a notificação;SU;1,7148
PA-1507300-8D68124826804A229EA4083F47FE499E;PA;São Félix do Xingu;Curso d'água natural de até 10 metros;Analisado, aguardando atendimento a notificação;PE;1,1085
PA-1507300-8E046B3781F54E04BB107CDBC530775F;PA;São Félix do Xingu;Curso d'água natural de até 10 metros;Aguardando análise;PE;0,2981
PA-1507300-8E170C92709E4901B71326D9D746EF6C;PA;São Félix do Xingu;Curso d'água natural de até 10 metros;Analisado, aguardando atendimento a notificação;PE;0,5007
PA-1507300-8E1C0A158E2D476085A181D6576702D1;PA;São Félix do Xingu;Curso d'água natural de até 10 metros;Analisado, aguardando atendimento a notificação;PE;1,2732
PA-1507300-8EAE143E1B1F41338F302CFD84C933E8;PA;São Félix do Xingu;Curso d'água natural de até 10 metros;Analisado, aguardando atendimento a notificação;PE;0,8904
PA-1507300-8EC0C30D0C82454084741A1539F4AAF9;PA;São Félix do Xingu;Curso d'água natural de até 10 metros;Analisado, aguardando atendimento a notificação;PE;0,1377
PA-1507300-8EC94DA42C0840089F457D9E5DFB1A5E;PA;São Félix do Xingu;Curso d'água natural de até 10 metros;Analisado, aguardando atendimento a notificação;PE;0,8277
PA-1507300-8EEF4886725E4325952047FD9D213E2E;PA;São Félix do Xingu;Curso d'água natural de até 10 metros;Analisado, aguardando regularização ambiental (Lei nº 12.651/2012);AT;7,3133
PA-1507300-8F01BF4357FF44B0BDA3734E9AC9D167;PA;São Félix do Xingu;Curso d'água natural de até 10 metros;Analisado, aguardando atendimento a notificação;PE;0,0683
PA-1507300-8F20EED3B08E4092AD638C1464CA48FC;PA;São Félix do Xingu;Curso d'água natural de até 10 metros;Aguardando análise;PE;0,4586
PA-1507300-8F32F715F8E14C0EB1C28AB240CE8D02;PA;São Félix do Xingu;Curso d'água natural de até 10 metros;Aguardando análise;AT;0,5241
PA-1507300-8FB7CF3277C143739C5CCDA9BE34318D;PA;São Félix do Xingu;Curso d'água natural de até 10 metros;Analisado, aguardando atendimento a notificação;PE;0,3756
PA-1507300-9056C1C2DA314AEA8B59CBA5AC678558;PA;São Félix do Xingu;Curso d'água natural de até 10 metros;Aguardando análise;AT;0,7743
PA-1507300-90C5874DC6FB45E381AC0ED405E6C222;PA;São Félix do Xingu;Curso d'água natural de até 10 metros;Aguardando análise;PE;1,6570
PA-1507300-90CFC031A4D04167BFBECD067539C0B9;PA;São Félix do Xingu;Curso d'água natural de até 10 metros;Aguardando análise;PE;4,2194
PA-1507300-9105B6E6765940CD8C8142F1367E79B5;PA;São Félix do Xingu;Curso d'água natural de até 10 metros;Analisado, aguardando atendimento a notificação;PE;183,0533
PA-1507300-9187BBE1BBF84D6BA3102F7B15AD2E37;PA;São Félix do Xingu;Curso d'água natural de até 10 metros;Analisado, aguardando atendimento a notificação;PE;0,1543
PA-1507300-91AFAA85C2AB41B292239966F0931486;PA;São Félix do Xingu;Curso d'água natural de até 10 metros;Analisado, aguardando atendimento a notificação;PE;0,9477
PA-1507300-9230FE36FFE04E29B8199F1BC17129F5;PA;São Félix do Xingu;Curso d'água natural de até 10 metros;Analisado, aguardando atendimento a notificação;AT;0,5975
PA-1507300-927C3ED52E0445F68992CD4C577EDF7C;PA;São Félix do Xingu;Curso d'água natural de até 10 metros;Analisado, aguardando regularização ambiental (Lei nº 12.651/2012);AT;0,5447
PA-1507300-92A0030BE12E4FACBE05E73E99DDEDBF;PA;São Félix do Xingu;Curso d'água natural de até 10 metros;Aguardando análise;PE;6,8034
PA-1507300-92A7D871BAE4471484FE14F1A712633A;PA;São Félix do Xingu;Curso d'água natural de até 10 metros;Analisado, aguardando atendimento a notificação;PE;4,8992
PA-1507300-92CFF4AB024944838402354CB4F36BBC;PA;São Félix do Xingu;Curso d'água natural de até 10 metros;Analisado, aguardando atendimento a notificação;PE;0,3290
PA-1507300-92D0735BEFCE4905B33B11E1DF3E3BC8;PA;São Félix do Xingu;Curso d'água natural de até 10 metros;Analisado, aguardando atendimento a notificação;PE;1,3572
PA-1507300-9353C2F61CEA4BFB9C753775768283F7;PA;São Félix do Xingu;Curso d'água natural de até 10 metros;Analisado, aguardando atendimento a notificação;PE;0,2338
PA-1507300-935B650FDB98415E80D6E484BA27C009;PA;São Félix do Xingu;Curso d'água natural de até 10 metros;Aguardando análise;AT;0,2316
PA-1507300-93C8DDCF3A3F48628CA9AC296A31F45F;PA;São Félix do Xingu;Curso d'água natural de até 10 metros;Analisado, aguardando atendimento a notificação;AT;4,3358
PA-1507300-93F1A6335A51458F9A139B34F178CD22;PA;São Félix do Xingu;Curso d'água natural de até 10 metros;Analisado, aguardando atendimento a notificação;PE;0,2560
PA-1507300-941D3270C77842BB922E3FC938E390DB;PA;São Félix do Xingu;Curso d'água natural de até 10 metros;Analisado, aguardando atendimento a notificação;PE;1,3919
PA-1507300-9470713088164A37936E1A81089D6833;PA;São Félix do Xingu;Curso d'água natural de até 10 metros;Analisado, aguardando atendimento a notificação;PE;5,0072
PA-1507300-947539AA63EC4C85AFE2698CA98F59D9;PA;São Félix do Xingu;Curso d'água natural de até 10 metros;Analisado, aguardando atendimento a notificação;PE;0,3584
PA-1507300-94792913785748D98FC5C1BB187980F9;PA;São Félix do Xingu;Curso d'água natural de até 10 metros;Analisado, aguardando atendimento a notificação;SU;1,8572
PA-1507300-94DFF758AC9B47169A2DD092E754E89D;PA;São Félix do Xingu;Curso d'água natural de até 10 metros;Analisado, aguardando atendimento a notificação;PE;0,3893
PA-1507300-955D60F1469849B6B8F9C73E4D447EC8;PA;São Félix do Xingu;Curso d'água natural de até 10 metros;Analisado, aguardando regularização ambiental (Lei nº 12.651/2012);AT;0,2964
PA-1507300-95CB81604ABD45E4B3FAA47CFD19AFC5;PA;São Félix do Xingu;Curso d'água natural de até 10 metros;Analisado, aguardando atendimento a notificação;PE;1,3681
PA-1507300-960F25F58D404B9BBF0491E2E4681A36;PA;São Félix do Xingu;Curso d'água natural de até 10 metros;Aguardando análise;AT;0,1066
PA-1507300-96486406B20C45FB84147B04E97CD94C;PA;São Félix do Xingu;Curso d'água natural de até 10 metros;Analisado, aguardando atendimento a notificação;PE;6,2223
PA-1507300-9667AF8EACAF4E59A2A5C006341E5D65;PA;São Félix do Xingu;Curso d'água natural de até 10 metros;Analisado, aguardando atendimento a notificação;PE;0,0805
PA-1507300-96B22EED51404FBF9530BDC3FFEA39F8;PA;São Félix do Xingu;Curso d'água natural de até 10 metros;Analisado, aguardando atendimento a notificação;PE;1,2513
PA-1507300-96CDA3B3F6EA483BAC2319E219094CEB;PA;São Félix do Xingu;Curso d'água natural de até 10 metros;Em análise;PE;7,0177
PA-1507300-96D1ABE4659345029222404AE24F0303;PA;São Félix do Xingu;Curso d'água natural de até 10 metros;Analisado, aguardando regularização ambiental (Lei nº 12.651/2012);AT;1,5174
PA-1507300-96E4FC2946E14563A4DF659B59087F94;PA;São Félix do Xingu;Curso d'água natural de até 10 metros;Analisado, aguardando regularização ambiental (Lei nº 12.651/2012);AT;6,1743
PA-1507300-96F9AEA768FE485C9763876B11031E13;PA;São Félix do Xingu;Curso d'água natural de até 10 metros;Aguardando análise;AT;0,1278
PA-1507300-972B5C53A8464EEFA37D31B1F1A696F4;PA;São Félix do Xingu;Curso d'água natural de até 10 metros;Analisado, aguardando atendimento a notificação;PE;0,0328
PA-1507300-972FE1EE18FD4EB7A043270D445096FE;PA;São Félix do Xingu;Curso d'água natural de até 10 metros;Analisado, aguardando atendimento a notificação;PE;0,1414
PA-1507300-976766D674E24759960604D9E0205F72;PA;São Félix do Xingu;Curso d'água natural de até 10 metros;Analisado, aguardando regularização ambiental (Lei nº 12.651/2012);AT;0,0473
PA-1507300-977E80C11315479B85791A9F68D8EFD5;PA;São Félix do Xingu;Curso d'água natural de até 10 metros;Analisado, aguardando atendimento a notificação;PE;1,8197
PA-1507300-97B05B4725964A47B4D7997FC8A21CDD;PA;São Félix do Xingu;Curso d'água natural de até 10 metros;Aguardando análise;PE;67,9570
PA-1507300-97BEA51DB00F4FCDBA107E6BDE8F4EC6;PA;São Félix do Xingu;Curso d'água natural de até 10 metros;Aguardando análise;PE;2,5486
PA-1507300-982F5964228348599E483D506CA14D97;PA;São Félix do Xingu;Curso d'água natural de até 10 metros;Analisado, em conformidade com a Lei nº 12.651/2012;AT;0,1232
PA-1507300-9871EA2398B745D785FA5BCFA9AF9E43;PA;São Félix do Xingu;Curso d'água natural de até 10 metros;Aguardando análise;AT;3,2450
PA-1507300-98DA4C0D2606407C88BB89D6DC970A0B;PA;São Félix do Xingu;Curso d'água natural de até 10 metros;Aguardando análise;AT;0,4191
PA-1507300-994D404AD5FD4384B85B1472B7045F3C;PA;São Félix do Xingu;Curso d'água natural de até 10 metros;Analisado, aguardando atendimento a notificação;PE;0,1186
PA-1507300-9A05274976D14C4F8407A2AA2AE33809;PA;São Félix do Xingu;Curso d'água natural de até 10 metros;Analisado, aguardando atendimento a notificação;PE;0,5681
PA-1507300-9A063C85F4C54191BF9DC5B216BB385F;PA;São Félix do Xingu;Curso d'água natural de até 10 metros;Aguardando análise;PE;0,4508
PA-1507300-9A1A02F4C88644FAB955918AA04B2F9F;PA;São Félix do Xingu;Curso d'água natural de até 10 metros;Analisado, aguardando atendimento a notificação;SU;0,7251
PA-1507300-9A2401DDD3F3476D9927654E0BBEAD0D;PA;São Félix do Xingu;Curso d'água natural de até 10 metros;Analisado, aguardando regularização ambiental (Lei nº 12.651/2012);AT;2,8537
PA-1507300-9A283C0BC0804CDC962745B6A666D97B;PA;São Félix do Xingu;Curso d'água natural de até 10 metros;Analisado, aguardando atendimento a notificação;PE;0,7276
PA-1507300-9A7F656C0ED04E60A9B603518B5603F8;PA;São Félix do Xingu;Curso d'água natural de até 10 metros;Analisado, aguardando atendimento a notificação;PE;12,6205
PA-1507300-9AABAE540B2F4B4CA76B32EF38483813;PA;São Félix do Xingu;Curso d'água natural de até 10 metros;Aguardando análise;AT;2,0393
PA-1507300-9AC41FA2807746DD811B5C211F7E2CC3;PA;São Félix do Xingu;Curso d'água natural de até 10 metros;Analisado, aguardando atendimento a notificação;PE;0,0849
PA-1507300-9AC7E2CC40E64481857AC1240660714B;PA;São Félix do Xingu;Curso d'água natural de até 10 metros;Analisado, aguardando atendimento a notificação;AT;0,2283
PA-1507300-9AD6658EB6304C31A3A6BED33E15E442;PA;São Félix do Xingu;Curso d'água natural de até 10 metros;Aguardando análise;PE;0,0924
PA-1507300-9AE1DCB4D465431881B05687D0531774;PA;São Félix do Xingu;Curso d'água natural de até 10 metros;Aguardando análise;AT;0,1311
PA-1507300-9AE27FBAACF94ED3972555E9B79F5610;PA;São Félix do Xingu;Curso d'água natural de até 10 metros;Analisado, aguardando atendimento a notificação;PE;0,3101
PA-1507300-9AF05FF17CC045B5A68D2D238D2901C4;PA;São Félix do Xingu;Curso d'água natural de até 10 metros;Aguardando análise;AT;9,9507
PA-1507300-9B011CC30A9F4D508A7A46E666C0AA5F;PA;São Félix do Xingu;Curso d'água natural de até 10 metros;Aguardando análise;AT;0,3710
PA-1507300-9B2589430194493EA5C270C653C99369;PA;São Félix do Xingu;Curso d'água natural de até 10 metros;Analisado, aguardando atendimento a notificação;PE;0,3439
PA-1507300-9B491153FF6F40A799418DFAF8C8FF4D;PA;São Félix do Xingu;Curso d'água natural de até 10 metros;Analisado, aguardando atendimento a notificação;PE;1,9654
PA-1507300-9B57D85FEE2B45CDBECC3348C71AC0DE;PA;São Félix do Xingu;Curso d'água natural de até 10 metros;Aguardando análise;AT;0,9978
PA-1507300-9B61DB84F5C248779E994DE7C5E72966;PA;São Félix do Xingu;Curso d'água natural de até 10 metros;Analisado, aguardando regularização ambiental (Lei nº 12.651/2012);AT;4,0634
PA-1507300-9B6E86951A1C419E9413DC678C2CB69E;PA;São Félix do Xingu;Curso d'água natural de até 10 metros;Aguardando análise;AT;0,5095
PA-1507300-9B7CF5A2BF0B47A68394BE693FD46E0C;PA;São Félix do Xingu;Curso d'água natural de até 10 metros;Analisado, aguardando atendimento a notificação;AT;9,4961
PA-1507300-9B7E54620B1C4C2DBD099B7E228513A5;PA;São Félix do Xingu;Curso d'água natural de até 10 metros;Aguardando análise;PE;0,4246
PA-1507300-9B83733DF333414BBAB4C54D89FEFBCE;PA;São Félix do Xingu;Curso d'água natural de até 10 metros;Em análise;AT;0,7049
PA-1507300-9BCB6391AEF34C2F89D4DC49A787F444;PA;São Félix do Xingu;Curso d'água natural de até 10 metros;Analisado, aguardando regularização ambiental (Lei nº 12.651/2012);AT;6,8935
PA-1507300-9C3160ACD02E4972AAC1F3087DB8CE7A;PA;São Félix do Xingu;Curso d'água natural de até 10 metros;Analisado, aguardando regularização ambiental (Lei nº 12.651/2012);AT;0,6570
PA-1507300-9C703B27940E4F48A74EC66A10728F1D;PA;São Félix do Xingu;Curso d'água natural de até 10 metros;Analisado, aguardando regularização ambiental (Lei nº 12.651/2012);AT;2,7883
PA-1507300-9C73EE9D651C441B9DC3DDB4DC1D2C42;PA;São Félix do Xingu;Curso d'água natural de até 10 metros;Analisado, aguardando atendimento a notificação;PE;1,6247
PA-1507300-9C87635FAC1E442FAA593F28CEDAFD38;PA;São Félix do Xingu;Curso d'água natural de até 10 metros;Analisado, aguardando atendimento a notificação;PE;0,2520
PA-1507300-9C8E53DCE513465189E1BBE6743692C9;PA;São Félix do Xingu;Curso d'água natural de até 10 metros;Analisado, aguardando atendimento a notificação;PE;0,1247
PA-1507300-9CEE4FBCAB794309A5E9D0DF738D2A1B;PA;São Félix do Xingu;Curso d'água natural de até 10 metros;Analisado, aguardando atendimento a notificação;PE;5,8396
PA-1507300-9D4781A2EE0D41089764D7810DDC16A6;PA;São Félix do Xingu;Curso d'água natural de até 10 metros;Analisado, aguardando atendimento a notificação;PE;0,3583
PA-1507300-9DC3859F45AD49CB97E2087782D4BEC4;PA;São Félix do Xingu;Curso d'água natural de até 10 metros;Aguardando análise;AT;0,4786
PA-1507300-9DDDB0E15BDB47C4B7AB7A1B050752ED;PA;São Félix do Xingu;Curso d'água natural de até 10 metros;Analisado, aguardando atendimento a notificação;SU;0,5865
PA-1507300-9DF962BFA38F4D2BB4C9F3F3B790D984;PA;São Félix do Xingu;Curso d'água natural de até 10 metros;Analisado, aguardando regularização ambiental (Lei nº 12.651/2012);AT;3,3812
PA-1507300-9E3FBFA21F544D2EBCC319C795BCFDCD;PA;São Félix do Xingu;Curso d'água natural de até 10 metros;Analisado, aguardando atendimento a notificação;SU;0,3319
PA-1507300-9E49D65E2809400390A0E3C4EB2CE969;PA;São Félix do Xingu;Curso d'água natural de até 10 metros;Analisado, aguardando regularização ambiental (Lei nº 12.651/2012);AT;0,3485
PA-1507300-9E7ED201A8D14DC4BF3F60ADB7686EBB;PA;São Félix do Xingu;Curso d'água natural de até 10 metros;Analisado, aguardando regularização ambiental (Lei nº 12.651/2012);PE;13,8635
PA-1507300-9EC1AFD504094D92BA6B27D87B64957B;PA;São Félix do Xingu;Curso d'água natural de até 10 metros;Analisado, aguardando atendimento a notificação;PE;0,2876
PA-1507300-9EF7C0FF77E64DC5A5EA13DC27B60757;PA;São Félix do Xingu;Curso d'água natural de até 10 metros;Aguardando análise;AT;0,2301
PA-1507300-A00088DCA7F94DF5B7A11F96E09E4363;PA;São Félix do Xingu;Curso d'água natural de até 10 metros;Analisado, aguardando atendimento a notificação;PE;0,3424
PA-1507300-A047FED5A3424B13988302DFB6F8BB46;PA;São Félix do Xingu;Curso d'água natural de até 10 metros;Analisado, aguardando atendimento a notificação;PE;1,2931
PA-1507300-A0F4E81C9B4C44AC83A3EF41CC375FF4;PA;São Félix do Xingu;Curso d'água natural de até 10 metros;Analisado, aguardando atendimento a notificação;PE;2,6716
PA-1507300-A0FBC9297DD44A57AB6AEAB155D70A19;PA;São Félix do Xingu;Curso d'água natural de até 10 metros;Analisado, aguardando atendimento a notificação;AT;3,8936
PA-1507300-A152CE3ADEC947509FB0C83AADB722A6;PA;São Félix do Xingu;Curso d'água natural de até 10 metros;Analisado, aguardando atendimento a notificação;AT;0,9432
PA-1507300-A174EDB0D5FA4B8EBD771A6C216EE140;PA;São Félix do Xingu;Curso d'água natural de até 10 metros;Analisado, aguardando atendimento a notificação;PE;0,0522
PA-1507300-A180CDC3BED6486196143F12A42D5C78;PA;São Félix do Xingu;Curso d'água natural de até 10 metros;Analisado, aguardando atendimento a notificação;PE;0,1103
PA-1507300-A19BFF1273AA49DCA327608270C2B3F2;PA;São Félix do Xingu;Curso d'água natural de até 10 metros;Analisado, aguardando atendimento a notificação;PE;0,1514
PA-1507300-A264B6F3D46947D9B9F0268DAB6DDED5;PA;São Félix do Xingu;Curso d'água natural de até 10 metros;Analisado, aguardando atendimento a notificação;PE;0,2039
PA-1507300-A2A5C6BB6908433EAE830E890D998A58;PA;São Félix do Xingu;Curso d'água natural de até 10 metros;Analisado, aguardando atendimento a notificação;PE;0,1006
PA-1507300-A2AB1DA52E0D4A399A13AC1D78C9945A;PA;São Félix do Xingu;Curso d'água natural de até 10 metros;Analisado, aguardando atendimento a notificação;PE;0,1274
PA-1507300-A2ACBA25C98341A2A2B2C77E802C955D;PA;São Félix do Xingu;Curso d'água natural de até 10 metros;Analisado, aguardando atendimento a notificação;PE;0,1438
PA-1507300-A2ACCEF40FE04A1D8C793FADD7DCB140;PA;São Félix do Xingu;Curso d'água natural de até 10 metros;Analisado, aguardando atendimento a notificação;PE;2,0727
PA-1507300-A3580237B4664030A88C01C53ECBF667;PA;São Félix do Xingu;Curso d'água natural de até 10 metros;Em análise;PE;8,2649
PA-1507300-A37A7BA23D094000B87FCFF9BE4DFF82;PA;São Félix do Xingu;Curso d'água natural de até 10 metros;Analisado, aguardando regularização ambiental (Lei nº 12.651/2012);AT;0,6730
PA-1507300-A3AC0F907AC440739DF2CC982E9581DA;PA;São Félix do Xingu;Curso d'água natural de até 10 metros;Aguardando análise;AT;0,2825
PA-1507300-A3B1DCB7B6754A389C1F0E9619761BCB;PA;São Félix do Xingu;Curso d'água natural de até 10 metros;Analisado, aguardando atendimento a notificação;PE;0,8169
PA-1507300-A3B29CBB77B14BE4A518A3B6A56A819B;PA;São Félix do Xingu;Curso d'água natural de até 10 metros;Analisado, aguardando atendimento a notificação;PE;0,4525
PA-1507300-A3D7E4B3A1D8432B9921C424954B81D9;PA;São Félix do Xingu;Curso d'água natural de até 10 metros;Analisado, aguardando atendimento a notificação;PE;0,6416
PA-1507300-A40E383F75AF4A4586C18AB3D41805F4;PA;São Félix do Xingu;Curso d'água natural de até 10 metros;Aguardando análise;AT;27,3370
PA-1507300-A4198359C25441BE899CB3E62245B044;PA;São Félix do Xingu;Curso d'água natural de até 10 metros;Analisado, aguardando atendimento a notificação;PE;1,7354
PA-1507300-A478DEF1429E4105BBD6A9ED4571E33F;PA;São Félix do Xingu;Curso d'água natural de até 10 metros;Analisado, aguardando atendimento a notificação;PE;2,9215
PA-1507300-A4A914205DEE426B98807FFAADF2261E;PA;São Félix do Xingu;Curso d'água natural de até 10 metros;Analisado, aguardando atendimento a notificação;PE;0,1195
PA-1507300-A543B32458124E5283273E2A703E89F6;PA;São Félix do Xingu;Curso d'água natural de até 10 metros;Analisado, aguardando atendimento a notificação;PE;7,4454
PA-1507300-A549896B0DA54AF695557C0818C94650;PA;São Félix do Xingu;Curso d'água natural de até 10 metros;Aguardando análise;AT;0,3198
PA-1507300-A5AC890E62284C80BBF47BB37FCA5567;PA;São Félix do Xingu;Curso d'água natural de até 10 metros;Analisado, aguardando atendimento a notificação;PE;0,8049
PA-1507300-A5F8A15BCA7547ADA24AD86FA50091FC;PA;São Félix do Xingu;Curso d'água natural de até 10 metros;Analisado, aguardando atendimento a notificação;PE;2,0356
PA-1507300-A6173F32CC1F4913A8657C5CAC69CE9F;PA;São Félix do Xingu;Curso d'água natural de até 10 metros;Analisado, aguardando atendimento a notificação;PE;0,2574
PA-1507300-A62C3726502048F1BBCAA02DD5352E5F;PA;São Félix do Xingu;Curso d'água natural de até 10 metros;Aguardando análise;AT;10,7655
PA-1507300-A6F00BE86BB44549BB0DDE8343EEA199;PA;São Félix do Xingu;Curso d'água natural de até 10 metros;Analisado, aguardando regularização ambiental (Lei nº 12.651/2012);PE;2,6009
PA-1507300-A6F754CA2A5E476E8046F9D62D2B3A77;PA;São Félix do Xingu;Curso d'água natural de até 10 metros;Analisado, aguardando atendimento a notificação;AT;10,9285
PA-1507300-A7075A0180534BB5A8E4B4814F72F190;PA;São Félix do Xingu;Curso d'água natural de até 10 metros;Analisado, aguardando atendimento a notificação;PE;0,0935
PA-1507300-A716978FC3F341C298174772E11410B1;PA;São Félix do Xingu;Curso d'água natural de até 10 metros;Aguardando análise;AT;0,1850
PA-1507300-A71E18FAD3F54E028D44F1FBD47E3B6F;PA;São Félix do Xingu;Curso d'água natural de até 10 metros;Analisado, aguardando regularização ambiental (Lei nº 12.651/2012);AT;0,7608
PA-1507300-A75D487B1D3443C3A32E1A417F0B45BF;PA;São Félix do Xingu;Curso d'água natural de até 10 metros;Analisado, aguardando atendimento a notificação;PE;0,6504
PA-1507300-A8387AE3925F4793B373814595319ABA;PA;São Félix do Xingu;Curso d'água natural de até 10 metros;Analisado, aguardando atendimento a notificação;PE;13,1121
PA-1507300-A86684453FF646EFBE3AC271597D86E4;PA;São Félix do Xingu;Curso d'água natural de até 10 metros;Aguardando análise;AT;0,0961
PA-1507300-A870E328871B419182078853BB0B0774;PA;São Félix do Xingu;Curso d'água natural de até 10 metros;Aguardando análise;AT;12,5859
PA-1507300-A89F4C5B438C41D982D2E91CDDA533EE;PA;São Félix do Xingu;Curso d'água natural de até 10 metros;Analisado, aguardando atendimento a notificação;PE;0,2382
PA-1507300-A8C9B8AABABA47F4B1E411D699E91D75;PA;São Félix do Xingu;Curso d'água natural de até 10 metros;Analisado, aguardando atendimento a notificação;PE;0,0656
PA-1507300-A8CFE2A0377A4420B00EFB12E5BA363B;PA;São Félix do Xingu;Curso d'água natural de até 10 metros;Aguardando análise;AT;2,4372
PA-1507300-A8EA9762B7C74F53AC4B68DCDCA840BA;PA;São Félix do Xingu;Curso d'água natural de até 10 metros;Analisado, aguardando atendimento a notificação;PE;0,3854
PA-1507300-A8EEA230994F4FF68ED72E97C259285E;PA;São Félix do Xingu;Curso d'água natural de até 10 metros;Analisado, aguardando regularização ambiental (Lei nº 12.651/2012);AT;0,1757
PA-1507300-A8FA692CD4484E8EB046BF0D2884A2CC;PA;São Félix do Xingu;Curso d'água natural de até 10 metros;Analisado, aguardando regularização ambiental (Lei nº 12.651/2012);AT;0,2014
PA-1507300-A923F624162D40ED87B20354FE7B571D;PA;São Félix do Xingu;Curso d'água natural de até 10 metros;Analisado, aguardando atendimento a notificação;PE;0,8484
PA-1507300-A9A37B028BAA4641893E138944E4EEEA;PA;São Félix do Xingu;Curso d'água natural de até 10 metros;Aguardando análise;AT;0,8470
PA-1507300-A9B971CCE77744C0BC8EB3776899027D;PA;São Félix do Xingu;Curso d'água natural de até 10 metros;Aguardando análise;PE;0,0910
PA-1507300-AA1B633C7A3C4B5BB663C4AD833FE3E6;PA;São Félix do Xingu;Curso d'água natural de até 10 metros;Aguardando análise;PE;8,5970
PA-1507300-AA9E1DF9891D41EBB733A49C79980164;PA;São Félix do Xingu;Curso d'água natural de até 10 metros;Analisado, aguardando atendimento a notificação;PE;0,2099
PA-1507300-AAC74F4166164E2C8FF4F4457C0DC152;PA;São Félix do Xingu;Curso d'água natural de até 10 metros;Aguardando análise;PE;0,9394
PA-1507300-AAEEBBCE2AEE41EBB53BEAE78B6BA3A2;PA;São Félix do Xingu;Curso d'água natural de até 10 metros;Analisado, aguardando atendimento a notificação;PE;0,0750
PA-1507300-AB29D40684974359A83FA6CE79E57B76;PA;São Félix do Xingu;Curso d'água natural de até 10 metros;Analisado, aguardando atendimento a notificação;PE;0,3840
PA-1507300-AB5CF8E33CBB4CBDB8B830EDA63F6E26;PA;São Félix do Xingu;Curso d'água natural de até 10 metros;Analisado, aguardando atendimento a notificação;PE;1,9413
PA-1507300-AB6DC6857FDD4479B0A9098122189A05;PA;São Félix do Xingu;Curso d'água natural de até 10 metros;Analisado, aguardando atendimento a notificação;PE;0,1404
PA-1507300-AB78F21A6E934A52B2ECB39C712B3961;PA;São Félix do Xingu;Curso d'água natural de até 10 metros;Analisado, aguardando atendimento a notificação;PE;0,0519
PA-1507300-ABCA357FA87945D08082383DE663BCFF;PA;São Félix do Xingu;Curso d'água natural de até 10 metros;Analisado, aguardando atendimento a notificação;PE;0,7784
PA-1507300-AC23FB9AE4D54C7B848DA39EDD10C53C;PA;São Félix do Xingu;Curso d'água natural de até 10 metros;Analisado, aguardando atendimento a notificação;PE;0,0557
PA-1507300-AC462253A6844225856450FD4B5221FC;PA;São Félix do Xingu;Curso d'água natural de até 10 metros;Aguardando análise;PE;1,3213
PA-1507300-ACF397F223B549E28CD9BD52E409B85C;PA;São Félix do Xingu;Curso d'água natural de até 10 metros;Analisado, aguardando atendimento a notificação;PE;0,5332
PA-1507300-AD0DFFFA96F34430865FD261C285EA45;PA;São Félix do Xingu;Curso d'água natural de até 10 metros;Analisado, aguardando atendimento a notificação;PE;2,6572
PA-1507300-ADCB75228CC9430BB8ED37DB22085533;PA;São Félix do Xingu;Curso d'água natural de até 10 metros;Analisado, aguardando regularização ambiental (Lei nº 12.651/2012);AT;0,4815
PA-1507300-AE8EE654151C4598A46123E06A7977E3;PA;São Félix do Xingu;Curso d'água natural de até 10 metros;Analisado, aguardando atendimento a notificação;PE;0,0523
PA-1507300-AED9D71771BE41C784D9A4A32EED69EA;PA;São Félix do Xingu;Curso d'água natural de até 10 metros;Analisado, aguardando atendimento a notificação;PE;0,0249
PA-1507300-AF28DBCF557A4320BE9AFC877FA9879A;PA;São Félix do Xingu;Curso d'água natural de até 10 metros;Analisado, aguardando regularização ambiental (Lei nº 12.651/2012);AT;0,9790
PA-1507300-AF4262CCA147482BAC82E6A5FDD88E80;PA;São Félix do Xingu;Curso d'água natural de até 10 metros;Analisado, aguardando atendimento a notificação;PE;0,2301
PA-1507300-AF832D1CC5054C19B533ACA685E8FBDC;PA;São Félix do Xingu;Curso d'água natural de até 10 metros;Analisado, aguardando atendimento a notificação;PE;2,5757
PA-1507300-AFCD16E2AB8D414584D34A483007E796;PA;São Félix do Xingu;Curso d'água natural de até 10 metros;Aguardando análise;AT;0,1039
PA-1507300-B037439D9DCD4A8B98C2445BA22B5EE4;PA;São Félix do Xingu;Curso d'água natural de até 10 metros;Analisado, aguardando atendimento a notificação;PE;0,7542
PA-1507300-B048BA351E6E49C390CCB8BB788E510C;PA;São Félix do Xingu;Curso d'água natural de até 10 metros;Aguardando análise;PE;0,2053
PA-1507300-B081BFC6A4CC4E26A7B352043384B8AE;PA;São Félix do Xingu;Curso d'água natural de até 10 metros;Analisado, aguardando atendimento a notificação;PE;4,1965
PA-1507300-B15E2319C7FF4907ACD2CF6D430EC819;PA;São Félix do Xingu;Curso d'água natural de até 10 metros;Aguardando análise;PE;0,0488
PA-1507300-B1B48BDF813040C29148AAC839262311;PA;São Félix do Xingu;Curso d'água natural de até 10 metros;Aguardando análise;AT;1,3561
PA-1507300-B1BDB000558144179B178CAC14B30D82;PA;São Félix do Xingu;Curso d'água natural de até 10 metros;Analisado, aguardando regularização ambiental (Lei nº 12.651/2012);PE;10,9865
PA-1507300-B1C218C4567A482488EEF03B3C2FC285;PA;São Félix do Xingu;Curso d'água natural de até 10 metros;Analisado, em conformidade com a Lei nº 12.651/2012;AT;0,0663
PA-1507300-B2265E6F27DE4D54813F0DA0F31D6A8E;PA;São Félix do Xingu;Curso d'água natural de até 10 metros;Analisado, aguardando atendimento a notificação;PE;0,1913
PA-1507300-B26E6F963C4D42A7827F1657B61E8DDD;PA;São Félix do Xingu;Curso d'água natural de até 10 metros;Analisado, aguardando atendimento a notificação;PE;2,9847
PA-1507300-B2A4E50B5B364FF297104BE9B022A505;PA;São Félix do Xingu;Curso d'água natural de até 10 metros;Aguardando análise;AT;0,8739
PA-1507300-B2CB69BF76CD4C818F63A43F2678A9A3;PA;São Félix do Xingu;Curso d'água natural de até 10 metros;Analisado, aguardando atendimento a notificação;PE;0,0137
PA-1507300-B33A02AC03A047ED858BA688EB2EEAFD;PA;São Félix do Xingu;Curso d'água natural de até 10 metros;Aguardando análise;PE;0,1815
PA-1507300-B34B06011B114004B1B4A9AB923E17E7;PA;São Félix do Xingu;Curso d'água natural de até 10 metros;Analisado, aguardando atendimento a notificação;PE;0,1403
PA-1507300-B35A695371E840D7B59177590C6F0C24;PA;São Félix do Xingu;Curso d'água natural de até 10 metros;Analisado, aguardando atendimento a notificação;AT;0,2032
PA-1507300-B3A37F3B9BE646E7B847E4E3EE856CC1;PA;São Félix do Xingu;Curso d'água natural de até 10 metros;Aguardando análise;PE;0,0784
PA-1507300-B3E1BB5BB86D4543917669827925D8AE;PA;São Félix do Xingu;Curso d'água natural de até 10 metros;Analisado, aguardando atendimento a notificação;SU;5,6105
PA-1507300-B3F8799A328C4B5C9646C851D097E8F2;PA;São Félix do Xingu;Curso d'água natural de até 10 metros;Analisado, aguardando regularização ambiental (Lei nº 12.651/2012);AT;28,1510
PA-1507300-B409A2BAB77742DDAF00AC9AE279D8F0;PA;São Félix do Xingu;Curso d'água natural de até 10 metros;Analisado, aguardando atendimento a notificação;PE;0,0458
PA-1507300-B437490EFD6349188FB11DDDE0AA1E58;PA;São Félix do Xingu;Curso d'água natural de até 10 metros;Analisado, aguardando regularização ambiental (Lei nº 12.651/2012);AT;0,1692
PA-1507300-B44A908270FF4C69A1DE863FCE5745D6;PA;São Félix do Xingu;Curso d'água natural de até 10 metros;Aguardando análise;AT;9,4611
PA-1507300-B4538917350C4FD3BB8CAFEFE41D87E7;PA;São Félix do Xingu;Curso d'água natural de até 10 metros;Analisado, aguardando atendimento a notificação;PE;4,0240
PA-1507300-B4ACFEAEA3FE4B629BEEED255336EA7B;PA;São Félix do Xingu;Curso d'água natural de até 10 metros;Analisado, aguardando regularização ambiental (Lei nº 12.651/2012);AT;27,6442
PA-1507300-B4B30827D90947DF9A9AECF66E549F72;PA;São Félix do Xingu;Curso d'água natural de até 10 metros;Analisado, aguardando atendimento a notificação;PE;0,5536
PA-1507300-B4D140F93A5E4F22A4544EBED8049AE7;PA;São Félix do Xingu;Curso d'água natural de até 10 metros;Aguardando análise;SU;0,1456
PA-1507300-B4D3AB3CF8024BD88A4E9241A8EC720E;PA;São Félix do Xingu;Curso d'água natural de até 10 metros;Aguardando análise;PE;0,2850
PA-1507300-B4E222589AD649FE8DF71FEEB2C2D50E;PA;São Félix do Xingu;Curso d'água natural de até 10 metros;Aguardando análise;AT;1,1290
PA-1507300-B53FF797C6454B00A014ECE034EA0374;PA;São Félix do Xingu;Curso d'água natural de até 10 metros;Em análise;PE;8,1335
PA-1507300-B55D02E8EF944B5FABD8AA20B2F1F126;PA;São Félix do Xingu;Curso d'água natural de até 10 metros;Analisado, aguardando atendimento a notificação;PE;0,2518
PA-1507300-B55E2E9921CE455395647E5ADA926B15;PA;São Félix do Xingu;Curso d'água natural de até 10 metros;Analisado, aguardando atendimento a notificação;PE;0,7202
PA-1507300-B642275EEFAB488EA8DA9FF71E4AB916;PA;São Félix do Xingu;Curso d'água natural de até 10 metros;Analisado, aguardando atendimento a notificação;PE;0,1822
PA-1507300-B751911B1B334545881A012D062F580B;PA;São Félix do Xingu;Curso d'água natural de até 10 metros;Aguardando análise;PE;0,6500
PA-1507300-B7B2BE3679EC45FD9A5050184A88ED2A;PA;São Félix do Xingu;Curso d'água natural de até 10 metros;Aguardando análise;PE;0,2257
PA-1507300-B7BB7CBED4BC4B12A441CDBE2D44A80D;PA;São Félix do Xingu;Curso d'água natural de até 10 metros;Analisado, aguardando atendimento a notificação;PE;0,1108
PA-1507300-B7C6617340B349ACA7494CD9E2435543;PA;São Félix do Xingu;Curso d'água natural de até 10 metros;Aguardando análise;PE;2,1070
PA-1507300-B7D6327716C845A597C39C7BE11BBF89;PA;São Félix do Xingu;Curso d'água natural de até 10 metros;Analisado, aguardando atendimento a notificação;PE;0,4571
PA-1507300-B851F2B497F444D38937413BF60E4217;PA;São Félix do Xingu;Curso d'água natural de até 10 metros;Aguardando análise;AT;0,3386
PA-1507300-B888A982243C4FD3A35228971D58A496;PA;São Félix do Xingu;Curso d'água natural de até 10 metros;Analisado, aguardando atendimento a notificação;PE;0,1428
PA-1507300-B91B3DC4BF7F4D10AD317DE9713483CB;PA;São Félix do Xingu;Curso d'água natural de até 10 metros;Analisado, aguardando atendimento a notificação;PE;0,6238
PA-1507300-B94AB95FFF054F2AA7EC6562040103BD;PA;São Félix do Xingu;Curso d'água natural de até 10 metros;Analisado, aguardando atendimento a notificação;PE;0,1898
PA-1507300-B969D3C88CBB4C479C9842267C88AF75;PA;São Félix do Xingu;Curso d'água natural de até 10 metros;Analisado, aguardando atendimento a notificação;SU;0,8836
PA-1507300-B98474D31811405FABC98D1F902895E0;PA;São Félix do Xingu;Curso d'água natural de até 10 metros;Analisado, aguardando regularização ambiental (Lei nº 12.651/2012);AT;2,7411
PA-1507300-B9DD0FBB21644D4AA4695D0C58C69061;PA;São Félix do Xingu;Curso d'água natural de até 10 metros;Analisado, aguardando atendimento a notificação;PE;1,5433
PA-1507300-BA2A63D8C09B4DB3952207D348914AC5;PA;São Félix do Xingu;Curso d'água natural de até 10 metros;Analisado, aguardando atendimento a notificação;PE;0,5053
PA-1507300-BA9EA53B557B441DA67FEA7AE9336963;PA;São Félix do Xingu;Curso d'água natural de até 10 metros;Analisado, aguardando atendimento a notificação;SU;3,4392
PA-1507300-BAAA94EDAA944461ACFBCE6D6111F53D;PA;São Félix do Xingu;Curso d'água natural de até 10 metros;Aguardando análise;PE;2,0403
PA-1507300-BAC75EB800704E9996E5A10F3137F38F;PA;São Félix do Xingu;Curso d'água natural de até 10 metros;Aguardando análise;AT;0,0480
PA-1507300-BAF4F27B03014E7DBAC793AEA95D2544;PA;São Félix do Xingu;Curso d'água natural de até 10 metros;Aguardando análise;AT;0,6740
PA-1507300-BB35086B3CC042A58FEC11323F8F2EF3;PA;São Félix do Xingu;Curso d'água natural de até 10 metros;Aguardando análise;PE;0,4502
PA-1507300-BB4C3A1411D04573A82923CDB4F3D9A3;PA;São Félix do Xingu;Curso d'água natural de até 10 metros;Analisado, aguardando atendimento a notificação;PE;0,4733
PA-1507300-BB752D9C5C6E41E48117A1EC921A5345;PA;São Félix do Xingu;Curso d'água natural de até 10 metros;Aguardando análise;PE;0,8013
PA-1507300-BBAD9E07CFB04BAE9DFFBDF13BFE5E9D;PA;São Félix do Xingu;Curso d'água natural de até 10 metros;Aguardando análise;PE;4,0045
PA-1507300-BBAFBA04BC944B73897679BFE33EA12F;PA;São Félix do Xingu;Curso d'água natural de até 10 metros;Analisado, aguardando atendimento a notificação;PE;0,3713
PA-1507300-BBCA4AB2F69D4D9A9EB3275B7CD7D246;PA;São Félix do Xingu;Curso d'água natural de até 10 metros;Analisado, aguardando atendimento a notificação;PE;0,7378
PA-1507300-BBE11F9B7B1E4FF795026E73ACC5BF1B;PA;São Félix do Xingu;Curso d'água natural de até 10 metros;Aguardando análise;PE;1,2186
PA-1507300-BC3918A56F1848F6B0F53D5A1773B79F;PA;São Félix do Xingu;Curso d'água natural de até 10 metros;Aguardando análise;PE;0,0817
PA-1507300-BC9019CE476D44DC9D6D328FCCC02354;PA;São Félix do Xingu;Curso d'água natural de até 10 metros;Analisado, aguardando atendimento a notificação;PE;2,3351
PA-1507300-BCD8EB7F2EE94964865070C66293B904;PA;São Félix do Xingu;Curso d'água natural de até 10 metros;Analisado, aguardando atendimento a notificação;AT;1,4820
PA-1507300-BCDAFC316CF64A868C20AB30D85E8E70;PA;São Félix do Xingu;Curso d'água natural de até 10 metros;Analisado, aguardando atendimento a notificação;PE;0,6289
PA-1507300-BCE09DD09E27450ABFC6384769E20D40;PA;São Félix do Xingu;Curso d'água natural de até 10 metros;Aguardando análise;PE;1,8784
PA-1507300-BCF144EE84E7417EA912648DA4C70B3A;PA;São Félix do Xingu;Curso d'água natural de até 10 metros;Aguardando análise;PE;0,4704
PA-1507300-BD268ECEC2494E2A96833EAE46377806;PA;São Félix do Xingu;Curso d'água natural de até 10 metros;Analisado, aguardando regularização ambiental (Lei nº 12.651/2012);AT;3,1969
PA-1507300-BD5211EB3F58400B8279E39C712F3DA2;PA;São Félix do Xingu;Curso d'água natural de até 10 metros;Analisado, em conformidade com a Lei nº 12.651/2012;AT;0,0316
PA-1507300-BF02660384DC43748904530C3D6146D3;PA;São Félix do Xingu;Curso d'água natural de até 10 metros;Analisado, aguardando atendimento a notificação;PE;0,1007
PA-1507300-BF5D4A18702A4A5195862EA9E73827BB;PA;São Félix do Xingu;Curso d'água natural de até 10 metros;Aguardando análise;AT;1,1789
PA-1507300-C027657FFEC94C8399E529540D36012D;PA;São Félix do Xingu;Curso d'água natural de até 10 metros;Aguardando análise;PE;1,6015
PA-1507300-C06552D69CC245E28EF1C35AA41CE31A;PA;São Félix do Xingu;Curso d'água natural de até 10 metros;Analisado, aguardando atendimento a notificação;PE;0,1303
PA-1507300-C0EDC1A0D26940009B882E25E8EB4584;PA;São Félix do Xingu;Curso d'água natural de até 10 metros;Analisado, aguardando regularização ambiental (Lei nº 12.651/2012);AT;0,3947
PA-1507300-C1181263C94E498EB601604C7E425FA7;PA;São Félix do Xingu;Curso d'água natural de até 10 metros;Aguardando análise;AT;0,8088
PA-1507300-C11D99115D9A4C32A2D2E6470370D642;PA;São Félix do Xingu;Curso d'água natural de até 10 metros;Analisado, aguardando atendimento a notificação;SU;0,1719
PA-1507300-C11E09FB1D2942A08DD0EDF3D2C1674F;PA;São Félix do Xingu;Curso d'água natural de até 10 metros;Analisado, aguardando atendimento a notificação;PE;0,2953
PA-1507300-C17D39D09FB047C3B88DF8311E563EAA;PA;São Félix do Xingu;Curso d'água natural de até 10 metros;Analisado, aguardando atendimento a notificação;SU;11,0319
PA-1507300-C1CF1278B3DA4A94AE2243BCDBDF7971;PA;São Félix do Xingu;Curso d'água natural de até 10 metros;Analisado, aguardando regularização ambiental (Lei nº 12.651/2012);AT;0,1696
PA-1507300-C1E0836B8BA34A1794C798A89F433045;PA;São Félix do Xingu;Curso d'água natural de até 10 metros;Analisado, aguardando atendimento a notificação;PE;9,0777
PA-1507300-C1EC11C610524C5589EBEBC8815C898C;PA;São Félix do Xingu;Curso d'água natural de até 10 metros;Analisado, aguardando atendimento a notificação;PE;34,5269
PA-1507300-C20094AE53704506ADEA22EFE222ADC1;PA;São Félix do Xingu;Curso d'água natural de até 10 metros;Analisado, aguardando atendimento a notificação;PE;0,3641
PA-1507300-C25D35EBC2E3492F8D471DA5C1E57DEE;PA;São Félix do Xingu;Curso d'água natural de até 10 metros;Analisado, aguardando regularização ambiental (Lei nº 12.651/2012);AT;0,2945
PA-1507300-C260CD5C176A465FB316A504064B430C;PA;São Félix do Xingu;Curso d'água natural de até 10 metros;Aguardando análise;AT;17,1024
PA-1507300-C2697B2F9CC34429952D52AA5C25C9B0;PA;São Félix do Xingu;Curso d'água natural de até 10 metros;Analisado, aguardando regularização ambiental (Lei nº 12.651/2012);AT;17,4189
PA-1507300-C27150BB3CE348CC8B4AEFE9EE5647BC;PA;São Félix do Xingu;Curso d'água natural de até 10 metros;Analisado, aguardando regularização ambiental (Lei nº 12.651/2012);AT;5,1807
PA-1507300-C2B9BEE58C7740DCA81DBAF9789D5D62;PA;São Félix do Xingu;Curso d'água natural de até 10 metros;Analisado, aguardando regularização ambiental (Lei nº 12.651/2012);AT;0,5735
PA-1507300-C2F709201FC347C88A2444E011F93985;PA;São Félix do Xingu;Curso d'água natural de até 10 metros;Analisado, aguardando atendimento a notificação;PE;0,1103
PA-1507300-C36016531953447DA34990FD9FAA001A;PA;São Félix do Xingu;Curso d'água natural de até 10 metros;Aguardando análise;AT;1,9331
PA-1507300-C369A600F2894111A76F27AD05F34FF8;PA;São Félix do Xingu;Curso d'água natural de até 10 metros;Aguardando análise;PE;0,4301
PA-1507300-C372FAFD74264D7DAB7445BF9D0F3D3A;PA;São Félix do Xingu;Curso d'água natural de até 10 metros;Analisado, aguardando atendimento a notificação;PE;0,0408
PA-1507300-C38343D4D85248F885F80347C64B95E0;PA;São Félix do Xingu;Curso d'água natural de até 10 metros;Analisado, aguardando atendimento a notificação;PE;0,1195
PA-1507300-C411902F61E14931B6B8171BA5F438E6;PA;São Félix do Xingu;Curso d'água natural de até 10 metros;Analisado, aguardando atendimento a notificação;SU;1,2230
PA-1507300-C44AA53D82434C1AB331E41E2518C8CB;PA;São Félix do Xingu;Curso d'água natural de até 10 metros;Analisado, aguardando regularização ambiental (Lei nº 12.651/2012);AT;6,1573
PA-1507300-C4D27BDAC0294918A772BC0EE2F2DA65;PA;São Félix do Xingu;Curso d'água natural de até 10 metros;Analisado, aguardando atendimento a notificação;PE;11,8138
PA-1507300-C4E7FFD57B3A494CB0F4204792869D0A;PA;São Félix do Xingu;Curso d'água natural de até 10 metros;Analisado, em conformidade com a Lei nº 12.651/2012;AT;0,0153
PA-1507300-C548D1C7A1264BE3B2D19395C0C04F1D;PA;São Félix do Xingu;Curso d'água natural de até 10 metros;Aguardando análise;AT;0,3383
PA-1507300-C5DDBBE8465F457086605AA6716BF502;PA;São Félix do Xingu;Curso d'água natural de até 10 metros;Analisado, aguardando regularização ambiental (Lei nº 12.651/2012);AT;0,4118
PA-1507300-C5E242FC14EE41F99EDF5BEC5E6DEB94;PA;São Félix do Xingu;Curso d'água natural de até 10 metros;Analisado, aguardando regularização ambiental (Lei nº 12.651/2012);AT;0,6198
PA-1507300-C5FF2422F80844269859D2852B95E428;PA;São Félix do Xingu;Curso d'água natural de até 10 metros;Analisado, aguardando atendimento a notificação;SU;1,1688
PA-1507300-C678660825C742E9BF9F350C053F0965;PA;São Félix do Xingu;Curso d'água natural de até 10 metros;Aguardando análise;AT;0,2489
PA-1507300-C6CA1BBD5EA44C6F876968B1C7AA3BC3;PA;São Félix do Xingu;Curso d'água natural de até 10 metros;Analisado, aguardando regularização ambiental (Lei nº 12.651/2012);AT;0,1723
PA-1507300-C6DAA4591F1D4D6A8B1257AE89F69A31;PA;São Félix do Xingu;Curso d'água natural de até 10 metros;Analisado, aguardando atendimento a notificação;PE;3,5848
PA-1507300-C6F6F877B67E4BD9B4AC95FD968733BE;PA;São Félix do Xingu;Curso d'água natural de até 10 metros;Analisado, aguardando atendimento a notificação;PE;0,0855
PA-1507300-C7011F856EE64A0B884D0905BBFB419A;PA;São Félix do Xingu;Curso d'água natural de até 10 metros;Analisado, aguardando atendimento a notificação;AT;0,2213
PA-1507300-C72295EF396A4DBBAD5B22344CBFE51D;PA;São Félix do Xingu;Curso d'água natural de até 10 metros;Analisado, aguardando atendimento a notificação;PE;2,2734
PA-1507300-C7288E18A0B94D05A691545FC3C03388;PA;São Félix do Xingu;Curso d'água natural de até 10 metros;Aguardando análise;AT;0,1349
PA-1507300-C76F4647F48F4ADF9740C5808A5F2C01;PA;São Félix do Xingu;Curso d'água natural de até 10 metros;Analisado, aguardando regularização ambiental (Lei nº 12.651/2012);AT;0,0880
PA-1507300-C77A68DC1D3147899418CAD36E519CDB;PA;São Félix do Xingu;Curso d'água natural de até 10 metros;Analisado, aguardando atendimento a notificação;PE;7,6538
PA-1507300-C79AFFD5BC6843BB8A19F7AE215A6345;PA;São Félix do Xingu;Curso d'água natural de até 10 metros;Analisado, aguardando regularização ambiental (Lei nº 12.651/2012);AT;9,9094
PA-1507300-C7BBAB78B7E146AD9C78EE26F40FCF73;PA;São Félix do Xingu;Curso d'água natural de até 10 metros;Aguardando análise;PE;0,0405
PA-1507300-C806F3FC126F46F990AFF95FF05F1B03;PA;São Félix do Xingu;Curso d'água natural de até 10 metros;Analisado, aguardando atendimento a notificação;SU;0,2995
PA-1507300-C80D2AC2E2EA4274AA55BE323F801F6A;PA;São Félix do Xingu;Curso d'água natural de até 10 metros;Analisado, aguardando atendimento a notificação;PE;0,6608
PA-1507300-C828FA14B80D4AF0B88CF13F8A17A092;PA;São Félix do Xingu;Curso d'água natural de até 10 metros;Analisado, aguardando atendimento a notificação;PE;58,7523
PA-1507300-C83B0FCF33B04163BDDB788778BBDB8E;PA;São Félix do Xingu;Curso d'água natural de até 10 metros;Analisado, aguardando atendimento a notificação;PE;0,3776
PA-1507300-C8B087C77E9E4F51AEFF704B4396917E;PA;São Félix do Xingu;Curso d'água natural de até 10 metros;Analisado, aguardando atendimento a notificação;PE;0,0442
PA-1507300-C95AE246ECDD48B5AEF9FA0337DF5373;PA;São Félix do Xingu;Curso d'água natural de até 10 metros;Analisado, aguardando atendimento a notificação;PE;0,1167
PA-1507300-C9F01CB4B6A94300A96059E57F175DC7;PA;São Félix do Xingu;Curso d'água natural de até 10 metros;Analisado, aguardando atendimento a notificação;PE;0,1857
PA-1507300-CA801A40D4044878BCEBBD03CDFAF951;PA;São Félix do Xingu;Curso d'água natural de até 10 metros;Aguardando análise;AT;0,0039
PA-1507300-CAC5D29E4D8144BDB2CA5A3F8692930F;PA;São Félix do Xingu;Curso d'água natural de até 10 metros;Analisado, aguardando atendimento a notificação;PE;0,1599
PA-1507300-CAC91A2E1EEB450CBC684F0D36694808;PA;São Félix do Xingu;Curso d'água natural de até 10 metros;Analisado, aguardando regularização ambiental (Lei nº 12.651/2012);AT;3,8587
PA-1507300-CB2D1C64B014456190A3EA9876E001F5;PA;São Félix do Xingu;Curso d'água natural de até 10 metros;Aguardando análise;PE;1,0449
PA-1507300-CB33EBE561AE4001BD56F0D9006A5DF5;PA;São Félix do Xingu;Curso d'água natural de até 10 metros;Aguardando análise;AT;2,9949
PA-1507300-CB70ACCBE2E044C687656B66C9F21A62;PA;São Félix do Xingu;Curso d'água natural de até 10 metros;Aguardando análise;PE;0,4258
PA-1507300-CBA4EDE08DFA40E4B87F12B12AD86B7B;PA;São Félix do Xingu;Curso d'água natural de até 10 metros;Aguardando análise;AT;2,5629
PA-1507300-CBBA743039FD463FA48613E961392449;PA;São Félix do Xingu;Curso d'água natural de até 10 metros;Aguardando análise;PE;0,2669
PA-1507300-CBE12A5C33D14A04A332892A22A0F9B3;PA;São Félix do Xingu;Curso d'água natural de até 10 metros;Analisado, aguardando regularização ambiental (Lei nº 12.651/2012);AT;0,2578
PA-1507300-CBF57745D1274FE884F12338E248A523;PA;São Félix do Xingu;Curso d'água natural de até 10 metros;Aguardando análise;AT;0,1988
PA-1507300-CC1DDD89F027473A993B4CF6D7330D52;PA;São Félix do Xingu;Curso d'água natural de até 10 metros;Analisado, aguardando atendimento a notificação;PE;0,1953
PA-1507300-CC49BA4478834B4CB862D24F75702C2A;PA;São Félix do Xingu;Curso d'água natural de até 10 metros;Aguardando análise;PE;0,0280
PA-1507300-CC7750EA2EA843FA911A53CB31C03AA6;PA;São Félix do Xingu;Curso d'água natural de até 10 metros;Analisado, em conformidade com a Lei nº 12.651/2012;AT;0,0398
PA-1507300-CD724583E60343D58F0C1FECD833CD31;PA;São Félix do Xingu;Curso d'água natural de até 10 metros;Aguardando análise;AT;1,4406
PA-1507300-CDE74A44C91C4B65B2F564D4E9628367;PA;São Félix do Xingu;Curso d'água natural de até 10 metros;Aguardando análise;PE;0,0086
PA-1507300-CDFEF26B4B144F59830DBE8952464AAF;PA;São Félix do Xingu;Curso d'água natural de até 10 metros;Analisado, aguardando atendimento a notificação;PE;0,0174
PA-1507300-CE2766F17260470C876B21A1C346FB00;PA;São Félix do Xingu;Curso d'água natural de até 10 metros;Analisado, aguardando atendimento a notificação;PE;0,0209
PA-1507300-CE5AE9FD75BD486A9B3632F42DCCA509;PA;São Félix do Xingu;Curso d'água natural de até 10 metros;Aguardando análise;AT;0,2338
PA-1507300-CE76E2DC240A47EAAF4FBC6692746E5A;PA;São Félix do Xingu;Curso d'água natural de até 10 metros;Analisado, aguardando regularização ambiental (Lei nº 12.651/2012);AT;0,1310
PA-1507300-CE835183CFBA42939389BEA4BAE6B3A8;PA;São Félix do Xingu;Curso d'água natural de até 10 metros;Analisado, aguardando regularização ambiental (Lei nº 12.651/2012);AT;9,1644
PA-1507300-CE935BCF9D5D4989827B70EF85CEAF37;PA;São Félix do Xingu;Curso d'água natural de até 10 metros;Analisado, aguardando atendimento a notificação;AT;1,6430
PA-1507300-CFA9E321EF6E4710A28114009246D32F;PA;São Félix do Xingu;Curso d'água natural de até 10 metros;Analisado, aguardando atendimento a notificação;SU;1,0316
PA-1507300-D0F46F5ABBDC4944888A955CDC3F7578;PA;São Félix do Xingu;Curso d'água natural de até 10 metros;Analisado, aguardando atendimento a notificação;PE;0,0429
PA-1507300-D162834AB7F046B18F073C8A0D030B90;PA;São Félix do Xingu;Curso d'água natural de até 10 metros;Analisado, aguardando atendimento a notificação;AT;0,9986
PA-1507300-D1B11667BECF425CB9F6F9E5713B06CE;PA;São Félix do Xingu;Curso d'água natural de até 10 metros;Analisado, aguardando atendimento a notificação;PE;0,0686
PA-1507300-D1BF1235BCBF44E8AF579BBAF1D0D008;PA;São Félix do Xingu;Curso d'água natural de até 10 metros;Aguardando análise;AT;1,6580
PA-1507300-D1E6F5072644478BAAFA6E43E68033F3;PA;São Félix do Xingu;Curso d'água natural de até 10 metros;Analisado, aguardando atendimento a notificação;PE;0,0793
PA-1507300-D1E7571181914C0EA288E980C3FF3CE7;PA;São Félix do Xingu;Curso d'água natural de até 10 metros;Analisado, aguardando atendimento a notificação;SU;12,4437
PA-1507300-D20236D4A6EB4167BBDED1862958A74E;PA;São Félix do Xingu;Curso d'água natural de até 10 metros;Analisado, aguardando atendimento a notificação;PE;0,2490
PA-1507300-D23388340EF247728A58BB6341A7594C;PA;São Félix do Xingu;Curso d'água natural de até 10 metros;Analisado, aguardando atendimento a notificação;PE;0,3188
PA-1507300-D2473671EB204BCEBF09BB549F3A7077;PA;São Félix do Xingu;Curso d'água natural de até 10 metros;Analisado, aguardando atendimento a notificação;PE;0,3232
PA-1507300-D27055C2F7884551837E35C2665F9D51;PA;São Félix do Xingu;Curso d'água natural de até 10 metros;Analisado, aguardando atendimento a notificação;SU;0,5103
PA-1507300-D28CEA2F8E8C4751B8E7578720D69DDD;PA;São Félix do Xingu;Curso d'água natural de até 10 metros;Aguardando análise;PE;8,9590
PA-1507300-D297C003123A408C80B23BB36EF4800E;PA;São Félix do Xingu;Curso d'água natural de até 10 metros;Aguardando análise;PE;0,5307
PA-1507300-D2A96AFE0FE841CF9CEED1CE2AC1CCF0;PA;São Félix do Xingu;Curso d'água natural de até 10 metros;Analisado, aguardando atendimento a notificação;PE;0,0366
PA-1507300-D2BA4764FB4748F2B5D2E94ACA5E55BD;PA;São Félix do Xingu;Curso d'água natural de até 10 metros;Analisado, aguardando atendimento a notificação;PE;0,2871
PA-1507300-D2DAB06A63D64283BBE40042096FFF3A;PA;São Félix do Xingu;Curso d'água natural de até 10 metros;Analisado, aguardando atendimento a notificação;PE;0,0667
PA-1507300-D2F9E0E6118F4D47BE35C8F143C57F06;PA;São Félix do Xingu;Curso d'água natural de até 10 metros;Aguardando análise;PE;0,8060
PA-1507300-D31052098D894F7EB63BFE4A147F1FE5;PA;São Félix do Xingu;Curso d'água natural de até 10 metros;Aguardando análise;PE;0,1473
PA-1507300-D343427C330648ABA597404D85BA58E5;PA;São Félix do Xingu;Curso d'água natural de até 10 metros;Analisado, aguardando atendimento a notificação;PE;0,1540
PA-1507300-D362865D56D0422D8AA269AAFD00EC3E;PA;São Félix do Xingu;Curso d'água natural de até 10 metros;Analisado, aguardando atendimento a notificação;PE;27,3173
PA-1507300-D36339F91CEB4B0CB7FA6C2EFD84D967;PA;São Félix do Xingu;Curso d'água natural de até 10 metros;Aguardando análise;PE;0,9880
PA-1507300-D36A97BF3C514B4298AB901C03B88D83;PA;São Félix do Xingu;Curso d'água natural de até 10 metros;Analisado, aguardando atendimento a notificação;PE;0,3315
PA-1507300-D37362B713054CD5B7AC5B2E5BC1C028;PA;São Félix do Xingu;Curso d'água natural de até 10 metros;Analisado, aguardando atendimento a notificação;PE;0,1054
PA-1507300-D3945B98631443359F78E48F0D81886C;PA;São Félix do Xingu;Curso d'água natural de até 10 metros;Aguardando análise;PE;5,2896
PA-1507300-D3961F66E0FA4C39BDB1EBD8BCA4BD83;PA;São Félix do Xingu;Curso d'água natural de até 10 metros;Analisado, aguardando atendimento a notificação;PE;0,0210
PA-1507300-D3A36BB804704C0FBB2F586552C0C696;PA;São Félix do Xingu;Curso d'água natural de até 10 metros;Analisado, aguardando atendimento a notificação;PE;0,1020
PA-1507300-D3ABD062A73D415AB28B2F9952687342;PA;São Félix do Xingu;Curso d'água natural de até 10 metros;Analisado, aguardando atendimento a notificação;SU;2,2246
PA-1507300-D3C3912DC31A4C5BB927F5B55A1444A3;PA;São Félix do Xingu;Curso d'água natural de até 10 metros;Analisado, aguardando atendimento a notificação;PE;0,7971
PA-1507300-D410001C90AA4440B4CF8FA265556DB2;PA;São Félix do Xingu;Curso d'água natural de até 10 metros;Analisado, aguardando atendimento a notificação;PE;0,1388
PA-1507300-D42C71650E7E40C4ACE31BA493134272;PA;São Félix do Xingu;Curso d'água natural de até 10 metros;Aguardando análise;PE;0,7357
PA-1507300-D43D377C67534AE2AEDE69BBC2FF8C48;PA;São Félix do Xingu;Curso d'água natural de até 10 metros;Aguardando análise;PE;1,1382
PA-1507300-D4794415B7BF4EFCBC494AE1E801196F;PA;São Félix do Xingu;Curso d'água natural de até 10 metros;Analisado, aguardando atendimento a notificação;PE;0,1439
PA-1507300-D4AF2C9F056D42088D5F746CBBFDA929;PA;São Félix do Xingu;Curso d'água natural de até 10 metros;Analisado, aguardando atendimento a notificação;PE;0,2627
PA-1507300-D4BFE75D97A04C65A90EA2134FA662B6;PA;São Félix do Xingu;Curso d'água natural de até 10 metros;Analisado, aguardando regularização ambiental (Lei nº 12.651/2012);AT;0,0988
PA-1507300-D4D0C98033E04B0B8169884DF1C65CE9;PA;São Félix do Xingu;Curso d'água natural de até 10 metros;Aguardando análise;AT;0,5388
PA-1507300-D4E7DDC238AC4B14B4F1A59FDAA568FE;PA;São Félix do Xingu;Curso d'água natural de até 10 metros;Aguardando análise;PE;0,8685
PA-1507300-D4EB21925C4B4A6F964D21C0C86546AB;PA;São Félix do Xingu;Curso d'água natural de até 10 metros;Analisado, aguardando atendimento a notificação;SU;0,1148
PA-1507300-D51D94B7450D4ABC85F67DEEAAED66DA;PA;São Félix do Xingu;Curso d'água natural de até 10 metros;Aguardando análise;AT;0,3860
PA-1507300-D51F6E97A10941CF9B03674D630883BE;PA;São Félix do Xingu;Curso d'água natural de até 10 metros;Analisado, aguardando atendimento a notificação;AT;0,0817
PA-1507300-D53FDB38677747CA816E965782D1AD99;PA;São Félix do Xingu;Curso d'água natural de até 10 metros;Aguardando análise;SU;0,9174
PA-1507300-D5BF583724A04B67A695D81F9576794C;PA;São Félix do Xingu;Curso d'água natural de até 10 metros;Analisado, aguardando atendimento a notificação;PE;0,0540
PA-1507300-D644B188881B4650A8829B3ABC0EA87E;PA;São Félix do Xingu;Curso d'água natural de até 10 metros;Analisado, aguardando atendimento a notificação;PE;0,2902
PA-1507300-D646C7D597904971BBC5F20A9DCE81AD;PA;São Félix do Xingu;Curso d'água natural de até 10 metros;Aguardando análise;PE;1,2460
PA-1507300-D6BFD5443DB245858F08B2E47338D1FE;PA;São Félix do Xingu;Curso d'água natural de até 10 metros;Aguardando análise;PE;0,2342
PA-1507300-D6DFB88E9A4D4D04837171DC7120F87F;PA;São Félix do Xingu;Curso d'água natural de até 10 metros;Analisado, aguardando regularização ambiental (Lei nº 12.651/2012);AT;2,1485
PA-1507300-D70791FD15AE4B6D9D49FED1CC223397;PA;São Félix do Xingu;Curso d'água natural de até 10 metros;Aguardando análise;PE;0,0954
PA-1507300-D719A53EF2D74F909A08BCEB53F462F2;PA;São Félix do Xingu;Curso d'água natural de até 10 metros;Aguardando análise;AT;0,1084
PA-1507300-D7492FE4C8434CD8A6B20037F9353A4F;PA;São Félix do Xingu;Curso d'água natural de até 10 metros;Analisado, aguardando regularização ambiental (Lei nº 12.651/2012);AT;0,2092
PA-1507300-D77F71436E4A494A89F0A67F3CFC65E1;PA;São Félix do Xingu;Curso d'água natural de até 10 metros;Analisado, aguardando atendimento a notificação;SU;0,7401
PA-1507300-D78E1B893DF445EC8D252358DB2BD3F8;PA;São Félix do Xingu;Curso d'água natural de até 10 metros;Aguardando análise;PE;0,0683
PA-1507300-D7A86631EA6C4B14889F4D66F96C36DC;PA;São Félix do Xingu;Curso d'água natural de até 10 metros;Aguardando análise;PE;20,2951
PA-1507300-D7B06573AFD644A7920DF4A6E7D08C7A;PA;São Félix do Xingu;Curso d'água natural de até 10 metros;Analisado, aguardando atendimento a notificação;PE;0,3543
PA-1507300-D7B8ED80017C441BBBACD0FDB78561E4;PA;São Félix do Xingu;Curso d'água natural de até 10 metros;Analisado, aguardando atendimento a notificação;PE;0,0325
PA-1507300-D7BBD43415E849C3BEAE4D25F64CA93E;PA;São Félix do Xingu;Curso d'água natural de até 10 metros;Analisado, aguardando atendimento a notificação;PE;0,3563
PA-1507300-D7BEF50D8FD4419C88DFD4EAE467E1E8;PA;São Félix do Xingu;Curso d'água natural de até 10 metros;Aguardando análise;AT;0,4543
PA-1507300-D7C97F8074E546BAA87BDBE11D356E22;PA;São Félix do Xingu;Curso d'água natural de até 10 metros;Aguardando análise;PE;0,7022
PA-1507300-D7CDB0A9C24E4DBB800A32D920014AE3;PA;São Félix do Xingu;Curso d'água natural de até 10 metros;Analisado, aguardando regularização ambiental (Lei nº 12.651/2012);AT;2,6310
PA-1507300-D7D3703CA4E94DE7AB26D63C29CB25CA;PA;São Félix do Xingu;Curso d'água natural de até 10 metros;Analisado, aguardando regularização ambiental (Lei nº 12.651/2012);AT;0,5621
PA-1507300-D7EF8FE2B20F412DB98FCA19B9A4222D;PA;São Félix do Xingu;Curso d'água natural de até 10 metros;Analisado, aguardando atendimento a notificação;SU;0,3891
PA-1507300-D7F03E16F56E4ADF9BF64126A266EE69;PA;São Félix do Xingu;Curso d'água natural de até 10 metros;Analisado, aguardando atendimento a notificação;PE;0,1070
PA-1507300-D8630C27E77F452881E57ACBFC7F344B;PA;São Félix do Xingu;Curso d'água natural de até 10 metros;Analisado, aguardando atendimento a notificação;PE;0,1580
PA-1507300-D8AD87C0AD1C42879AAC29150BAE1692;PA;São Félix do Xingu;Curso d'água natural de até 10 metros;Analisado, aguardando atendimento a notificação;PE;0,1819
PA-1507300-D8F0D30B59D548758DEB66A0C0D00D97;PA;São Félix do Xingu;Curso d'água natural de até 10 metros;Analisado, aguardando atendimento a notificação;PE;4,7729
PA-1507300-D928811C43DD4714B35493B99B7F5A41;PA;São Félix do Xingu;Curso d'água natural de até 10 metros;Analisado, aguardando atendimento a notificação;AT;0,1287
PA-1507300-D93D552DC26B44F5A63A925E158C8A73;PA;São Félix do Xingu;Curso d'água natural de até 10 metros;Aguardando análise;PE;0,0698
PA-1507300-D964C00F7C334C9689B65A4B316D75D9;PA;São Félix do Xingu;Curso d'água natural de até 10 metros;Analisado, aguardando atendimento a notificação;PE;0,0395
PA-1507300-D97977E19DC54BA78475AD1919893E0B;PA;São Félix do Xingu;Curso d'água natural de até 10 metros;Analisado, aguardando atendimento a notificação;PE;5,4752
PA-1507300-D9A59A40A800477DB42A9959CAF3DB20;PA;São Félix do Xingu;Curso d'água natural de até 10 metros;Aguardando análise;AT;0,0416
PA-1507300-D9E0607ADBBA47D7AE98A274D182FB88;PA;São Félix do Xingu;Curso d'água natural de até 10 metros;Aguardando análise;SU;3,7757
PA-1507300-DA11B4828CBC4271A9391803376AB96E;PA;São Félix do Xingu;Curso d'água natural de até 10 metros;Aguardando análise;SU;2,4383
PA-1507300-DAEC6341EBD94E4C8134F9C7CD4269A1;PA;São Félix do Xingu;Curso d'água natural de até 10 metros;Analisado, aguardando regularização ambiental (Lei nº 12.651/2012);AT;0,2642
PA-1507300-DB17D591E5DB4344A884D5D4BEB5F012;PA;São Félix do Xingu;Curso d'água natural de até 10 metros;Analisado, aguardando atendimento a notificação;PE;0,0587
PA-1507300-DB96B76DD995408697B7A47D707C3E77;PA;São Félix do Xingu;Curso d'água natural de até 10 metros;Analisado, aguardando atendimento a notificação;PE;3,1709
PA-1507300-DB9FB91032684B5A98E428D1AB159B28;PA;São Félix do Xingu;Curso d'água natural de até 10 metros;Analisado, aguardando regularização ambiental (Lei nº 12.651/2012);AT;1,8928
PA-1507300-DBA4866DA07B44ECB672FA434E4B50C6;PA;São Félix do Xingu;Curso d'água natural de até 10 metros;Aguardando análise;PE;2,1495
PA-1507300-DC61DEDD7AAA4E6BB0206968AED4D8E0;PA;São Félix do Xingu;Curso d'água natural de até 10 metros;Aguardando análise;PE;0,2578
PA-1507300-DC91627DDBC0497B9626411F692D7EE9;PA;São Félix do Xingu;Curso d'água natural de até 10 metros;Analisado, aguardando regularização ambiental (Lei nº 12.651/2012);AT;0,2405
PA-1507300-DCBA23A608184C7F9C7385FE0CD56E14;PA;São Félix do Xingu;Curso d'água natural de até 10 metros;Analisado, aguardando atendimento a notificação;PE;0,0101
PA-1507300-DCD67252CBED4F97936398D4B4765A88;PA;São Félix do Xingu;Curso d'água natural de até 10 metros;Analisado, aguardando regularização ambiental (Lei nº 12.651/2012);AT;6,9075
PA-1507300-DD2A964308514BC7914EC6447E1B3984;PA;São Félix do Xingu;Curso d'água natural de até 10 metros;Em análise;AT;3,0426
PA-1507300-DD404B1D2F374087BA8A9E65EA896BB9;PA;São Félix do Xingu;Curso d'água natural de até 10 metros;Analisado, aguardando regularização ambiental (Lei nº 12.651/2012);AT;1,7755
PA-1507300-DD92364683F246F686C4EC32D40AA301;PA;São Félix do Xingu;Curso d'água natural de até 10 metros;Analisado, aguardando atendimento a notificação;AT;28,4724
PA-1507300-DE3950BE571E416AB1AB805FC33B543B;PA;São Félix do Xingu;Curso d'água natural de até 10 metros;Aguardando análise;PE;0,5069
PA-1507300-DE650C1BF6B243C797080D1DA3B0D6FC;PA;São Félix do Xingu;Curso d'água natural de até 10 metros;Analisado, aguardando atendimento a notificação;SU;1,6207
PA-1507300-DE99C2677A4F4592811E1592D3E8E05C;PA;São Félix do Xingu;Curso d'água natural de até 10 metros;Analisado, aguardando atendimento a notificação;PE;0,3536
PA-1507300-DEF2ABAA7CE94CF1876B58D0EF412C56;PA;São Félix do Xingu;Curso d'água natural de até 10 metros;Analisado, aguardando regularização ambiental (Lei nº 12.651/2012);AT;0,1842
PA-1507300-DEF98B7B24E34710AA691D3F9C7640A1;PA;São Félix do Xingu;Curso d'água natural de até 10 metros;Aguardando análise;PE;0,0146
PA-1507300-DFA6B80E5C4B440B8FA735A2F9D3FCD1;PA;São Félix do Xingu;Curso d'água natural de até 10 metros;Em análise;PE;0,0267
PA-1507300-DFC11E3D75E241ADA2BCB7A817036761;PA;São Félix do Xingu;Curso d'água natural de até 10 metros;Aguardando análise;AT;7,2977
PA-1507300-DFC9AA2D9D0E4B1298D969F30CCB934B;PA;São Félix do Xingu;Curso d'água natural de até 10 metros;Em análise;PE;2,6623
PA-1507300-DFCF16FEEFB440588D739A3284935A63;PA;São Félix do Xingu;Curso d'água natural de até 10 metros;Aguardando análise;PE;17,3425
PA-1507300-DFDBCC61BFBB449C82E8D5FA8A0753C9;PA;São Félix do Xingu;Curso d'água natural de até 10 metros;Analisado, aguardando atendimento a notificação;PE;0,8489
PA-1507300-DFF689CFD56145EE9F89186E4EE3E8C3;PA;São Félix do Xingu;Curso d'água natural de até 10 metros;Em análise;PE;1,4943
PA-1507300-E012E22B287640648122E0A540B00D52;PA;São Félix do Xingu;Curso d'água natural de até 10 metros;Analisado, aguardando atendimento a notificação;PE;0,8440
PA-1507300-E0DBABE023E94D9FB36E6F23E6DC8364;PA;São Félix do Xingu;Curso d'água natural de até 10 metros;Analisado, aguardando regularização ambiental (Lei nº 12.651/2012);AT;4,2272
PA-1507300-E0F7791F31944E51BA057B5B72E613EE;PA;São Félix do Xingu;Curso d'água natural de até 10 metros;Aguardando análise;AT;0,8582
PA-1507300-E1271B0C0A3642FC82C553C17A896453;PA;São Félix do Xingu;Curso d'água natural de até 10 metros;Aguardando análise;PE;0,2080
PA-1507300-E1BB234ECB58499C85EF7878F44B636C;PA;São Félix do Xingu;Curso d'água natural de até 10 metros;Aguardando análise;PE;0,2711
PA-1507300-E236C80A8B8A448EA48A89EDCFCDD9F9;PA;São Félix do Xingu;Curso d'água natural de até 10 metros;Analisado, aguardando atendimento a notificação;PE;0,1992
PA-1507300-E24274B8DCCB4A6BA55E4A5782209B4E;PA;São Félix do Xingu;Curso d'água natural de até 10 metros;Aguardando análise;AT;0,1654
PA-1507300-E245C3271E5149028D08101F39BF085E;PA;São Félix do Xingu;Curso d'água natural de até 10 metros;Aguardando análise;PE;1,2142
PA-1507300-E277028433594E0BA6923759379FFEC1;PA;São Félix do Xingu;Curso d'água natural de até 10 metros;Analisado, aguardando atendimento a notificação;PE;0,0266
PA-1507300-E28198F56E55400A8FF8EBA4BF47F885;PA;São Félix do Xingu;Curso d'água natural de até 10 metros;Aguardando análise;PE;0,5769
PA-1507300-E293D27EB22C4BE493992750583A461F;PA;São Félix do Xingu;Curso d'água natural de até 10 metros;Aguardando análise;PE;1,2878
PA-1507300-E297314097194C7CB341B6012BEAC177;PA;São Félix do Xingu;Curso d'água natural de até 10 metros;Analisado, aguardando atendimento a notificação;PE;1,2282
PA-1507300-E2ACCE37240E41F38DED9032B1FC4BAD;PA;São Félix do Xingu;Curso d'água natural de até 10 metros;Analisado, aguardando atendimento a notificação;PE;0,4314
PA-1507300-E2C3D68CD0F340C7B4422C0BDF283794;PA;São Félix do Xingu;Curso d'água natural de até 10 metros;Analisado, aguardando atendimento a notificação;PE;0,0492
PA-1507300-E2CE5554902A44BCA640453187D8BE1B;PA;São Félix do Xingu;Curso d'água natural de até 10 metros;Analisado, aguardando regularização ambiental (Lei nº 12.651/2012);AT;2,0721
PA-1507300-E30A7348983B43F4831102ABB974B4B5;PA;São Félix do Xingu;Curso d'água natural de até 10 metros;Analisado, aguardando atendimento a notificação;PE;0,8980
PA-1507300-E33EC9F15FB14CDC9DDC2276BF6A7BB0;PA;São Félix do Xingu;Curso d'água natural de até 10 metros;Aguardando análise;AT;7,2960
PA-1507300-E35E2CB6595349F9AEB2E57381228637;PA;São Félix do Xingu;Curso d'água natural de até 10 metros;Analisado, aguardando atendimento a notificação;PE;0,3322
PA-1507300-E3E5A4C02C3544FF97D4DA3B678AD743;PA;São Félix do Xingu;Curso d'água natural de até 10 metros;Analisado, aguardando atendimento a notificação;PE;0,0466
PA-1507300-E4035E9CC92A445A8E67E93C35F79CB3;PA;São Félix do Xingu;Curso d'água natural de até 10 metros;Analisado, aguardando atendimento a notificação;PE;0,5925
PA-1507300-E4316453F04843D49A5E341C23590195;PA;São Félix do Xingu;Curso d'água natural de até 10 metros;Analisado, aguardando atendimento a notificação;PE;5,5726
PA-1507300-E455D622FDFE4C7786B6C8DE9A3159F8;PA;São Félix do Xingu;Curso d'água natural de até 10 metros;Aguardando análise;AT;0,2853
PA-1507300-E47F6330A0A043ECA070F2E4CEF5C271;PA;São Félix do Xingu;Curso d'água natural de até 10 metros;Analisado, aguardando atendimento a notificação;PE;0,5714
PA-1507300-E4C3B0A4A4274125BF58D76159B09D9D;PA;São Félix do Xingu;Curso d'água natural de até 10 metros;Aguardando análise;PE;0,8731
PA-1507300-E4EA684A666944FA9A515DE22A655EB4;PA;São Félix do Xingu;Curso d'água natural de até 10 metros;Analisado, aguardando atendimento a notificação;PE;0,2534
PA-1507300-E556B356C85E4639AE81D1682682ADAC;PA;São Félix do Xingu;Curso d'água natural de até 10 metros;Analisado, aguardando atendimento a notificação;PE;0,0723
PA-1507300-E565791303C64FD1845BCD562894CA29;PA;São Félix do Xingu;Curso d'água natural de até 10 metros;Analisado, aguardando atendimento a notificação;AT;0,6757
PA-1507300-E5B82CF3CC334EBB80CBFB257056A9BF;PA;São Félix do Xingu;Curso d'água natural de até 10 metros;Analisado, aguardando atendimento a notificação;PE;0,0146
PA-1507300-E5E2F0E1FA7E4B459DE667F4E3AF6C6B;PA;São Félix do Xingu;Curso d'água natural de até 10 metros;Analisado, aguardando atendimento a notificação;PE;1,4530
PA-1507300-E60AEF09E88C4D40964B9E80085827E6;PA;São Félix do Xingu;Curso d'água natural de até 10 metros;Aguardando análise;PE;38,6634
PA-1507300-E66C951736BB47DF98CC522737AA8D30;PA;São Félix do Xingu;Curso d'água natural de até 10 metros;Aguardando análise;PE;0,0447
PA-1507300-E6ACC6CD579640B0B3E97C58BAF91401;PA;São Félix do Xingu;Curso d'água natural de até 10 metros;Analisado, aguardando atendimento a notificação;PE;0,0315
PA-1507300-E6E6F6490ECB46BA9D05253D9D276365;PA;São Félix do Xingu;Curso d'água natural de até 10 metros;Analisado, aguardando atendimento a notificação;PE;1,7733
PA-1507300-E72895CEF1554FE8B86235841CBFBD6B;PA;São Félix do Xingu;Curso d'água natural de até 10 metros;Aguardando análise;AT;79,3806
PA-1507300-E73DE8F936844073B4C40D29DDA2CCE2;PA;São Félix do Xingu;Curso d'água natural de até 10 metros;Aguardando análise;SU;5,1413
PA-1507300-E77DBB1A95C74526BBABDC8398BD7FAE;PA;São Félix do Xingu;Curso d'água natural de até 10 metros;Aguardando análise;PE;1,0236
PA-1507300-E78F346AFEF04BC48F40E176295BA2BE;PA;São Félix do Xingu;Curso d'água natural de até 10 metros;Aguardando análise;AT;8,6881
PA-1507300-E7915838AF044E0A8075EF64D7CCF029;PA;São Félix do Xingu;Curso d'água natural de até 10 metros;Analisado, aguardando regularização ambiental (Lei nº 12.651/2012);AT;6,3388
PA-1507300-E79A3B3948C54DB09F13B24794240D63;PA;São Félix do Xingu;Curso d'água natural de até 10 metros;Aguardando análise;AT;43,8210
PA-1507300-E79D54E4CF73421A97B006CC46C110B9;PA;São Félix do Xingu;Curso d'água natural de até 10 metros;Aguardando análise;AT;0,2762
PA-1507300-E7C9EE994BBB4670B3B36060189C2C61;PA;São Félix do Xingu;Curso d'água natural de até 10 metros;Analisado, aguardando atendimento a notificação;PE;0,2443
PA-1507300-E7EAF96D1810453B89696A7B8C968B80;PA;São Félix do Xingu;Curso d'água natural de até 10 metros;Analisado, aguardando atendimento a notificação;PE;0,0072
PA-1507300-E7FD10818227487283E1ACAE4A13E4CD;PA;São Félix do Xingu;Curso d'água natural de até 10 metros;Aguardando análise;AT;0,4971
PA-1507300-E8104D46B02947ECB7A0A455E41CC522;PA;São Félix do Xingu;Curso d'água natural de até 10 metros;Aguardando análise;AT;0,4984
PA-1507300-E817981E131F425EB988830ACB6FE4A3;PA;São Félix do Xingu;Curso d'água natural de até 10 metros;Analisado, aguardando atendimento a notificação;PE;2,0086
PA-1507300-E832DDDA272C4B3D8F7DC96BE7A37DE3;PA;São Félix do Xingu;Curso d'água natural de até 10 metros;Analisado, aguardando atendimento a notificação;AT;2,3740
PA-1507300-E877CDDF43DB4089A280FE261E8BF14D;PA;São Félix do Xingu;Curso d'água natural de até 10 metros;Aguardando análise;AT;0,2638
PA-1507300-E8BBF518E6D245AAB7DB1A48E8C446D5;PA;São Félix do Xingu;Curso d'água natural de até 10 metros;Analisado, aguardando regularização ambiental (Lei nº 12.651/2012);PE;2,9833
PA-1507300-E8C5DC47A0B44975BE7CCD70E0D7B8DF;PA;São Félix do Xingu;Curso d'água natural de até 10 metros;Aguardando análise;PE;0,7414
PA-1507300-E92253E7B07341D9A7B980C1A2677538;PA;São Félix do Xingu;Curso d'água natural de até 10 metros;Analisado, aguardando atendimento a notificação;PE;0,0780
PA-1507300-E937E3FB197641A0BB47E8CAB048BF7C;PA;São Félix do Xingu;Curso d'água natural de até 10 metros;Aguardando análise;PE;31,7631
PA-1507300-E974947D75CB47619B30B426521F6CB7;PA;São Félix do Xingu;Curso d'água natural de até 10 metros;Analisado, aguardando regularização ambiental (Lei nº 12.651/2012);AT;9,6792
PA-1507300-E97FA4ACC4A749DDA6BF25DD6ED6648A;PA;São Félix do Xingu;Curso d'água natural de até 10 metros;Analisado, aguardando atendimento a notificação;PE;0,1065
PA-1507300-E99FC9805A9B46A39D7B601F5210B04E;PA;São Félix do Xingu;Curso d'água natural de até 10 metros;Analisado, aguardando regularização ambiental (Lei nº 12.651/2012);AT;13,8984
PA-1507300-E9A2B17FAB5142488EBEE04A1ADE3698;PA;São Félix do Xingu;Curso d'água natural de até 10 metros;Analisado, aguardando atendimento a notificação;PE;0,1207
PA-1507300-E9D1544DAC8C4B9F9E3620BBD73800C9;PA;São Félix do Xingu;Curso d'água natural de até 10 metros;Analisado, aguardando atendimento a notificação;PE;0,7351
PA-1507300-E9E1E55315184663915D5249AAF10574;PA;São Félix do Xingu;Curso d'água natural de até 10 metros;Aguardando análise;AT;14,1003
PA-1507300-EA21C8A82CF146C0980773AAAB5CF9C7;PA;São Félix do Xingu;Curso d'água natural de até 10 metros;Aguardando análise;AT;9,2723
PA-1507300-EA3F0EB80B124979A78B8FC9FD942008;PA;São Félix do Xingu;Curso d'água natural de até 10 metros;Aguardando análise;AT;0,1386
PA-1507300-EA5AB53014724BE7BACF03AE44A2123D;PA;São Félix do Xingu;Curso d'água natural de até 10 metros;Analisado, aguardando atendimento a notificação;PE;0,0907
PA-1507300-EA75B169A7CC4C24B1044871C24F863E;PA;São Félix do Xingu;Curso d'água natural de até 10 metros;Analisado, aguardando atendimento a notificação;PE;1,9345
PA-1507300-EA7FECCB7B1E40F2953110A52496344F;PA;São Félix do Xingu;Curso d'água natural de até 10 metros;Analisado, aguardando atendimento a notificação;PE;0,2494
PA-1507300-EA8BE296764C43D4A09E93344C8A15FF;PA;São Félix do Xingu;Curso d'água natural de até 10 metros;Aguardando análise;AT;8,0274
PA-1507300-EB0AA2D369A84C5795612769EF131629;PA;São Félix do Xingu;Curso d'água natural de até 10 metros;Analisado, aguardando atendimento a notificação;PE;0,2337
PA-1507300-EB0C65D5C0F54210998B4569053DCF43;PA;São Félix do Xingu;Curso d'água natural de até 10 metros;Analisado, aguardando atendimento a notificação;SU;37,8577
PA-1507300-EB2F9FC4B3D244FFAC631ABCEF4B7F32;PA;São Félix do Xingu;Curso d'água natural de até 10 metros;Analisado, aguardando atendimento a notificação;PE;0,3435
PA-1507300-EB48218749CA443A9D34E08C94BC6BE0;PA;São Félix do Xingu;Curso d'água natural de até 10 metros;Analisado, aguardando regularização ambiental (Lei nº 12.651/2012);PE;1,5649
PA-1507300-EB5FED39411047B5AA264F929F15ADB1;PA;São Félix do Xingu;Curso d'água natural de até 10 metros;Analisado, aguardando regularização ambiental (Lei nº 12.651/2012);AT;4,5383
PA-1507300-EB946B39EA134276986489AE3CDA4015;PA;São Félix do Xingu;Curso d'água natural de até 10 metros;Analisado, aguardando atendimento a notificação;PE;0,1060
PA-1507300-EBB5C7569D53441BB72F9C7ED24C4B40;PA;São Félix do Xingu;Curso d'água natural de até 10 metros;Analisado, aguardando atendimento a notificação;AT;0,1528
PA-1507300-EBC992A2FC744B03AA646F3F34BC306E;PA;São Félix do Xingu;Curso d'água natural de até 10 metros;Analisado, aguardando atendimento a notificação;PE;0,6111
PA-1507300-EC1D742BBE814015AF6368349C70B2DF;PA;São Félix do Xingu;Curso d'água natural de até 10 metros;Analisado, aguardando atendimento a notificação;PE;0,3005
PA-1507300-EC28EA8DB5D8406D85C5BE922A9A5E36;PA;São Félix do Xingu;Curso d'água natural de até 10 metros;Analisado, aguardando atendimento a notificação;PE;0,0150
PA-1507300-EC8F610F7CFF4B73AFE7CA32907497B3;PA;São Félix do Xingu;Curso d'água natural de até 10 metros;Aguardando análise;SU;2,8294
PA-1507300-ECC05073689C4D81B1B680E09D977F35;PA;São Félix do Xingu;Curso d'água natural de até 10 metros;Aguardando análise;PE;0,1922
PA-1507300-ECF20FDE50144415B9DA5589DBB8F03D;PA;São Félix do Xingu;Curso d'água natural de até 10 metros;Analisado, aguardando regularização ambiental (Lei nº 12.651/2012);AT;0,9181
PA-1507300-ECF6EA9C38E949FF8D480D81C601B7A6;PA;São Félix do Xingu;Curso d'água natural de até 10 metros;Aguardando análise;PE;0,0216
PA-1507300-ED0ECDE6CF77435687D23E818D885AF8;PA;São Félix do Xingu;Curso d'água natural de até 10 metros;Analisado, aguardando atendimento a notificação;PE;1,0486
PA-1507300-ED12A416EA3C406B8E4617A67A1F3D47;PA;São Félix do Xingu;Curso d'água natural de até 10 metros;Analisado, aguardando atendimento a notificação;AT;4,9148
PA-1507300-ED277680BC2146888C3E5D1BC2427871;PA;São Félix do Xingu;Curso d'água natural de até 10 metros;Analisado, aguardando atendimento a notificação;PE;0,0497
PA-1507300-ED40135AFA164598A30F319935BCA20A;PA;São Félix do Xingu;Curso d'água natural de até 10 metros;Aguardando análise;PE;0,0709
PA-1507300-ED54D28C026E4912A855EAE5FE747B78;PA;São Félix do Xingu;Curso d'água natural de até 10 metros;Aguardando análise;AT;2,4468
PA-1507300-EDC88F6F5B3C4F3F9856E7D3727F50F0;PA;São Félix do Xingu;Curso d'água natural de até 10 metros;Analisado, aguardando atendimento a notificação;PE;0,0382
PA-1507300-EDFE256980DF47DFB3CC82D7606667F9;PA;São Félix do Xingu;Curso d'água natural de até 10 metros;Aguardando análise;AT;0,2687
PA-1507300-EE9BABA4D61C43F98A569F2072F24D08;PA;São Félix do Xingu;Curso d'água natural de até 10 metros;Analisado, aguardando atendimento a notificação;PE;2,7635
PA-1507300-EF63EFC8C99E43CEB9C9A50D43CF9972;PA;São Félix do Xingu;Curso d'água natural de até 10 metros;Analisado, aguardando atendimento a notificação;PE;0,0693
PA-1507300-EF65C3DBEA2143548534862385F249F8;PA;São Félix do Xingu;Curso d'água natural de até 10 metros;Analisado, aguardando atendimento a notificação;SU;0,0849
PA-1507300-EF72996A399E4EF694FB29B4985CD051;PA;São Félix do Xingu;Curso d'água natural de até 10 metros;Analisado, aguardando regularização ambiental (Lei nº 12.651/2012);AT;0,4092
PA-1507300-EF80B3A0A27841A2A2A73C9DE769A106;PA;São Félix do Xingu;Curso d'água natural de até 10 metros;Analisado, aguardando atendimento a notificação;PE;4,8106
PA-1507300-EFF8778CDBB64C6B8EE78B2162C8ED6E;PA;São Félix do Xingu;Curso d'água natural de até 10 metros;Analisado, aguardando atendimento a notificação;PE;16,4200
PA-1507300-F00C1C38DDE3437BA5C562C433493FC0;PA;São Félix do Xingu;Curso d'água natural de até 10 metros;Analisado, aguardando atendimento a notificação;PE;0,1524
PA-1507300-F014F400DB5E4E379BD23043EDDF9BDD;PA;São Félix do Xingu;Curso d'água natural de até 10 metros;Analisado, aguardando atendimento a notificação;PE;2,5970
PA-1507300-F05279E5EECC465885F82694002D9F66;PA;São Félix do Xingu;Curso d'água natural de até 10 metros;Aguardando análise;PE;0,0914
PA-1507300-F0965A90391A4945AD92675645E7411E;PA;São Félix do Xingu;Curso d'água natural de até 10 metros;Analisado, aguardando atendimento a notificação;SU;109,7429
PA-1507300-F0B7F4C8BB2140529E537014E60FC259;PA;São Félix do Xingu;Curso d'água natural de até 10 metros;Analisado, aguardando atendimento a notificação;PE;54,9697
PA-1507300-F0DD6C2D6256445ABAE8C779ADB58D90;PA;São Félix do Xingu;Curso d'água natural de até 10 metros;Analisado, aguardando atendimento a notificação;PE;0,1730
PA-1507300-F10FF646E8C545A08DAE81517DE27A2D;PA;São Félix do Xingu;Curso d'água natural de até 10 metros;Analisado, aguardando regularização ambiental (Lei nº 12.651/2012);AT;0,9032
PA-1507300-F16A77AD54E74C5F8D02F562AC347692;PA;São Félix do Xingu;Curso d'água natural de até 10 metros;Aguardando análise;PE;13,7933
PA-1507300-F16F249E02D94DFABF0DBA31C6B88718;PA;São Félix do Xingu;Curso d'água natural de até 10 metros;Aguardando análise;AT;0,3861
PA-1507300-F1D261DC6D014CF389CE18B1EC34E47F;PA;São Félix do Xingu;Curso d'água natural de até 10 metros;Analisado, aguardando atendimento a notificação;PE;0,3556
PA-1507300-F1F880F6BC074BEFB466CFA875DD80D3;PA;São Félix do Xingu;Curso d'água natural de até 10 metros;Analisado, aguardando atendimento a notificação;PE;0,2200
PA-1507300-F275148FED164A85865CFFFD0C9C5BC6;PA;São Félix do Xingu;Curso d'água natural de até 10 metros;Aguardando análise;SU;0,7108
PA-1507300-F27C41652EEF4D4EB92503ABC27DCE6D;PA;São Félix do Xingu;Curso d'água natural de até 10 metros;Aguardando análise;PE;59,9266
PA-1507300-F2F70B2A100C4D5787DDEAB91F0F87EB;PA;São Félix do Xingu;Curso d'água natural de até 10 metros;Aguardando análise;PE;44,4885
PA-1507300-F2F791B00926466CA7046F069AF3EB26;PA;São Félix do Xingu;Curso d'água natural de até 10 metros;Aguardando análise;AT;14,4137
PA-1507300-F30458A828E74D7DBFD1E6AD37182123;PA;São Félix do Xingu;Curso d'água natural de até 10 metros;Analisado, aguardando atendimento a notificação;PE;1,0902
PA-1507300-F30D71E676FD4453A9756875AD6D5F37;PA;São Félix do Xingu;Curso d'água natural de até 10 metros;Analisado, aguardando atendimento a notificação;PE;2,4662
PA-1507300-F344F61D1F6F4211B8FE20E1A57955E7;PA;São Félix do Xingu;Curso d'água natural de até 10 metros;Em análise;PE;0,0604
PA-1507300-F3CA09F4C1B64257A7129E229094C1BD;PA;São Félix do Xingu;Curso d'água natural de até 10 metros;Aguardando análise;PE;0,0220
PA-1507300-F40ACCC4C7794609A3CEAE68B950263E;PA;São Félix do Xingu;Curso d'água natural de até 10 metros;Aguardando análise;PE;0,4156
PA-1507300-F4193DA9CE5F4135BAB96F3556869918;PA;São Félix do Xingu;Curso d'água natural de até 10 metros;Analisado, aguardando atendimento a notificação;PE;5,3820
PA-1507300-F47387DC66DA424F8A13EF9871842DDC;PA;São Félix do Xingu;Curso d'água natural de até 10 metros;Aguardando análise;PE;0,2182
PA-1507300-F48A54E073CC4296AC327DD53F3DA715;PA;São Félix do Xingu;Curso d'água natural de até 10 metros;Aguardando análise;AT;2,0805
PA-1507300-F4E6CF96AD0542F3AC0072F7FB506081;PA;São Félix do Xingu;Curso d'água natural de até 10 metros;Analisado, aguardando atendimento a notificação;PE;1,4479
PA-1507300-F4EB87880FBD47578AC1B335810F1BF7;PA;São Félix do Xingu;Curso d'água natural de até 10 metros;Analisado, aguardando atendimento a notificação;PE;0,0268
PA-1507300-F518945319B648E1A7052B00AC91CA3D;PA;São Félix do Xingu;Curso d'água natural de até 10 metros;Aguardando análise;PE;0,0421
PA-1507300-F526B72282404A4A894850DB6D548BAF;PA;São Félix do Xingu;Curso d'água natural de até 10 metros;Analisado, aguardando atendimento a notificação;PE;0,4125
PA-1507300-F5413373D9A64DCBA0C4E01376FE8A3B;PA;São Félix do Xingu;Curso d'água natural de até 10 metros;Analisado, aguardando atendimento a notificação;PE;0,3547
PA-1507300-F5859315EDF346F0B2B32C6C8D11C7DC;PA;São Félix do Xingu;Curso d'água natural de até 10 metros;Analisado, aguardando atendimento a notificação;PE;0,2713
PA-1507300-F5BFE1CEAC434BE29F0B51CEC8CBEC8A;PA;São Félix do Xingu;Curso d'água natural de até 10 metros;Aguardando análise;PE;0,1987
PA-1507300-F652B333F7BF4093A1E9BD8E968B9359;PA;São Félix do Xingu;Curso d'água natural de até 10 metros;Analisado, aguardando regularização ambiental (Lei nº 12.651/2012);AT;0,6044
PA-1507300-F68537B5D5574915BDDA9CECF0237963;PA;São Félix do Xingu;Curso d'água natural de até 10 metros;Analisado, aguardando atendimento a notificação;PE;0,0218
PA-1507300-F68A1D1983B645BDADA90CCD3CC46C5E;PA;São Félix do Xingu;Curso d'água natural de até 10 metros;Aguardando análise;AT;0,5346
PA-1507300-F6C819EDB8BC4C53A89BBD84D4363610;PA;São Félix do Xingu;Curso d'água natural de até 10 metros;Analisado, aguardando atendimento a notificação;PE;5,9696
PA-1507300-F6EA9803F631400083EADB1DACAA8695;PA;São Félix do Xingu;Curso d'água natural de até 10 metros;Analisado, aguardando atendimento a notificação;PE;0,2829
PA-1507300-F6FE1BCE5C7F4F3388965A6E56AAAA16;PA;São Félix do Xingu;Curso d'água natural de até 10 metros;Aguardando análise;SU;0,5169
PA-1507300-F71BBE4E31944B92B64B5083F23462AD;PA;São Félix do Xingu;Curso d'água natural de até 10 metros;Analisado, aguardando atendimento a notificação;PE;0,1076
PA-1507300-F7304A10F20C4E59B699F89072521A9B;PA;São Félix do Xingu;Curso d'água natural de até 10 metros;Analisado, aguardando atendimento a notificação;PE;0,0895
PA-1507300-F747545A1AFD46E98AEF3682A7F69FA5;PA;São Félix do Xingu;Curso d'água natural de até 10 metros;Aguardando análise;AT;0,0206
PA-1507300-F749B2BE67B942DF86D8DE953C683BF5;PA;São Félix do Xingu;Curso d'água natural de até 10 metros;Analisado, aguardando regularização ambiental (Lei nº 12.651/2012);SU;0,9474
PA-1507300-F7B113FDD5E0452F8CD0107F9ADEB456;PA;São Félix do Xingu;Curso d'água natural de até 10 metros;Analisado, aguardando atendimento a notificação;PE;0,1524
PA-1507300-F7C7979F85E5498DAC954B1A59E6FC2A;PA;São Félix do Xingu;Curso d'água natural de até 10 metros;Analisado, aguardando atendimento a notificação;PE;0,3781
PA-1507300-F7CB65D491E24F96A8047DD8872422AE;PA;São Félix do Xingu;Curso d'água natural de até 10 metros;Analisado, aguardando regularização ambiental (Lei nº 12.651/2012);AT;0,5328
PA-1507300-F88784C27E2940FE9D58BBD503292DC7;PA;São Félix do Xingu;Curso d'água natural de até 10 metros;Aguardando análise;AT;0,0716
PA-1507300-F892221636334FE3AC7EFABF60EB1073;PA;São Félix do Xingu;Curso d'água natural de até 10 metros;Analisado, aguardando atendimento a notificação;AT;0,1315
PA-1507300-F8C5249B3D1941BF867499BA6F241834;PA;São Félix do Xingu;Curso d'água natural de até 10 metros;Analisado, aguardando atendimento a notificação;PE;5,3867
PA-1507300-F8EF8F5B065D4A4BB46CCE8E8C30860A;PA;São Félix do Xingu;Curso d'água natural de até 10 metros;Aguardando análise;PE;0,3548
PA-1507300-F90A5EE632AD4C06A73D412B745D4576;PA;São Félix do Xingu;Curso d'água natural de até 10 metros;Analisado, aguardando atendimento a notificação;AT;0,6904
PA-1507300-F90BF91F1D3D4A69AEA4D53B44B67308;PA;São Félix do Xingu;Curso d'água natural de até 10 metros;Analisado, aguardando regularização ambiental (Lei nº 12.651/2012);AT;0,3971
PA-1507300-F92A9811950A4E4695C0FFF9E86CE9EA;PA;São Félix do Xingu;Curso d'água natural de até 10 metros;Analisado, aguardando atendimento a notificação;PE;0,0393
PA-1507300-F9A486A788E1432EA82A412EE837E977;PA;São Félix do Xingu;Curso d'água natural de até 10 metros;Aguardando análise;PE;0,0866
PA-1507300-F9C0D24650084950A398BB81DE892282;PA;São Félix do Xingu;Curso d'água natural de até 10 metros;Aguardando análise;PE;0,2209
PA-1507300-FA51790891D5437DA893E0A675AFC9F6;PA;São Félix do Xingu;Curso d'água natural de até 10 metros;Aguardando análise;PE;3,4689
PA-1507300-FA6C85668E14485089BA21AF460F056E;PA;São Félix do Xingu;Curso d'água natural de até 10 metros;Aguardando análise;PE;0,0618
PA-1507300-FA90C44BC34F4AA4902A3D80B8D43BC2;PA;São Félix do Xingu;Curso d'água natural de até 10 metros;Aguardando análise;AT;1,6582
PA-1507300-FB06E33C657B4DDD8B9D432C9F77CE68;PA;São Félix do Xingu;Curso d'água natural de até 10 metros;Aguardando análise;PE;0,3511
PA-1507300-FB1D022306F140F8B2CFBEB2BE092C89;PA;São Félix do Xingu;Curso d'água natural de até 10 metros;Analisado, aguardando regularização ambiental (Lei nº 12.651/2012);AT;2,8765
PA-1507300-FB35D2487E264C49A74D24A5A0FA97E4;PA;São Félix do Xingu;Curso d'água natural de até 10 metros;Aguardando análise;AT;0,0808
PA-1507300-FB613752381748AA99C790E0AE87FAEE;PA;São Félix do Xingu;Curso d'água natural de até 10 metros;Analisado, aguardando atendimento a notificação;PE;2,8630
PA-1507300-FB8D27922D364170BFEEDA0A6DAF7C39;PA;São Félix do Xingu;Curso d'água natural de até 10 metros;Aguardando análise;AT;0,2060
PA-1507300-FB8FF599CA334108948F496C6DCEF395;PA;São Félix do Xingu;Curso d'água natural de até 10 metros;Aguardando análise;PE;1,1027
PA-1507300-FB998A3B32024832823689173AD3CAD9;PA;São Félix do Xingu;Curso d'água natural de até 10 metros;Aguardando análise;PE;1,4108
PA-1507300-FBB06A1F734A45B0B6F83E756DA9B3ED;PA;São Félix do Xingu;Curso d'água natural de até 10 metros;Analisado, aguardando regularização ambiental (Lei nº 12.651/2012);AT;1,5476
PA-1507300-FBB4B59B9AFB40889ECA440B3549254E;PA;São Félix do Xingu;Curso d'água natural de até 10 metros;Analisado, aguardando atendimento a notificação;AT;4,0595
PA-1507300-FBED61BECB5D4DC6A213DC36330A52E9;PA;São Félix do Xingu;Curso d'água natural de até 10 metros;Analisado, aguardando regularização ambiental (Lei nº 12.651/2012);AT;4,4855
PA-1507300-FC24A60D2CBF4FFE97C784C6B590021A;PA;São Félix do Xingu;Curso d'água natural de até 10 metros;Aguardando análise;PE;0,4329
PA-1507300-FC87CCDBD613490C8A44064A6450A400;PA;São Félix do Xingu;Curso d'água natural de até 10 metros;Analisado, aguardando atendimento a notificação;PE;0,9059
PA-1507300-FC8A443D8B6F4FCE830E0D04814C1B72;PA;São Félix do Xingu;Curso d'água natural de até 10 metros;Analisado, aguardando atendimento a notificação;PE;0,2396
PA-1507300-FD320886963844E08015DFD7E39B8D8B;PA;São Félix do Xingu;Curso d'água natural de até 10 metros;Aguardando análise;AT;0,2589
PA-1507300-FD62A5CA3D94476C8AB3E4448F7E783F;PA;São Félix do Xingu;Curso d'água natural de até 10 metros;Aguardando análise;PE;0,2433
PA-1507300-FD6F56F91779484DA945B2524886ECE4;PA;São Félix do Xingu;Curso d'água natural de até 10 metros;Aguardando análise;PE;0,3241
PA-1507300-FD8A62C6AE5A4ABD84BD06AE4821AD43;PA;São Félix do Xingu;Curso d'água natural de até 10 metros;Analisado, aguardando atendimento a notificação;SU;0,5972
PA-1507300-FDB7F87D13FC4435BC564317FB81A741;PA;São Félix do Xingu;Curso d'água natural de até 10 metros;Analisado, aguardando atendimento a notificação;PE;14,5798
PA-1507300-FE09CB507C324AFE9385DEDB604A46DA;PA;São Félix do Xingu;Curso d'água natural de até 10 metros;Analisado, aguardando atendimento a notificação;PE;0,3929
PA-1507300-FE367A99E116415498982E1B9B0F46B7;PA;São Félix do Xingu;Curso d'água natural de até 10 metros;Aguardando análise;AT;0,0681
PA-1507300-FE43016D4043447383D5355CF641B46A;PA;São Félix do Xingu;Curso d'água natural de até 10 metros;Analisado, aguardando regularização ambiental (Lei nº 12.651/2012);AT;3,6924
PA-1507300-FE6563770D7E4E6E8AA52CF72FA37D33;PA;São Félix do Xingu;Curso d'água natural de até 10 metros;Analisado, aguardando atendimento a notificação;SU;0,6622
PA-1507300-FE98F9A45E274DE8916366368F3917EF;PA;São Félix do Xingu;Curso d'água natural de até 10 metros;Analisado, aguardando atendimento a notificação;PE;0,5333
PA-1507300-FEF783D225484B149AE89D855FBEFA97;PA;São Félix do Xingu;Curso d'água natural de até 10 metros;Analisado, aguardando atendimento a notificação;PE;1,0667
PA-1507300-FF704045B3A84E9383CFCC51BA315EE4;PA;São Félix do Xingu;Curso d'água natural de até 10 metros;Analisado, aguardando atendimento a notificação;PE;0,2523
PA-1507300-FF81EC273CB54CF5B29E7A5C5C25D15E;PA;São Félix do Xingu;Curso d'água natural de até 10 metros;Em análise;PE;8,2011
PA-1507300-FFA1038DCBAA46AD898A86513B69E4FC;PA;São Félix do Xingu;Curso d'água natural de até 10 metros;Analisado, aguardando atendimento a notificação;PE;0,1242
PA-1507300-FFAF0A1DB5654581BBEB195857364868;PA;São Félix do Xingu;Curso d'água natural de até 10 metros;Analisado, aguardando atendimento a notificação;PE;0,0267
PA-1507300-00542A45012E4D8EAA6FB3BF1F6674AE;PA;São Félix do Xingu;Curso d'água natural de 10 a 50 metros;Aguardando análise;AT;2,8924
PA-1507300-08888B8BB6814EC7AEDBD999376CB9E8;PA;São Félix do Xingu;Curso d'água natural de 10 a 50 metros;Aguardando análise;AT;0,9797
PA-1507300-0AAED77762444B57AE190BC45FF9F2FA;PA;São Félix do Xingu;Curso d'água natural de 10 a 50 metros;Analisado, aguardando atendimento a notificação;PE;4,5599
PA-1507300-0C6BE18B19FF4B409A056A5E87D5169A;PA;São Félix do Xingu;Curso d'água natural de 10 a 50 metros;Analisado, aguardando atendimento a notificação;PE;7,0726
PA-1507300-1718968F2AF4480E9B57C7E430067607;PA;São Félix do Xingu;Curso d'água natural de 10 a 50 metros;Analisado, aguardando regularização ambiental (Lei nº 12.651/2012);AT;0,6111
PA-1507300-192C62E6ED17492A8E918F2862878126;PA;São Félix do Xingu;Curso d'água natural de 10 a 50 metros;Analisado, aguardando atendimento a notificação;PE;1,6642
PA-1507300-1B881888B3A747148B74DAA22FC3D28A;PA;São Félix do Xingu;Curso d'água natural de 10 a 50 metros;Aguardando análise;PE;0,8084
PA-1507300-1B988AE30B7D476BB71CB1D751E28462;PA;São Félix do Xingu;Curso d'água natural de 10 a 50 metros;Analisado, aguardando regularização ambiental (Lei nº 12.651/2012);AT;15,6540
PA-1507300-1EA68E403D7C4941AD5EFD9D6AB6401D;PA;São Félix do Xingu;Curso d'água natural de 10 a 50 metros;Analisado, aguardando atendimento a notificação;SU;3,9397
PA-1507300-23467B490C5F473DA5BB94A96E456E75;PA;São Félix do Xingu;Curso d'água natural de 10 a 50 metros;Analisado, aguardando atendimento a notificação;PE;1,8166
PA-1507300-25F3599DAC9E4C0EA6288184A3DF3788;PA;São Félix do Xingu;Curso d'água natural de 10 a 50 metros;Analisado, aguardando atendimento a notificação;SU;3,0007
PA-1507300-27745501655E4F8691C2DB30003B9E21;PA;São Félix do Xingu;Curso d'água natural de 10 a 50 metros;Analisado, aguardando atendimento a notificação;PE;162,7420
PA-1507300-296BEE1FBA1544F285F55C0C5C014831;PA;São Félix do Xingu;Curso d'água natural de 10 a 50 metros;Analisado, aguardando atendimento a notificação;SU;3,2126
PA-1507300-29FA1484B0C24974A1A5EE800B8B2C3C;PA;São Félix do Xingu;Curso d'água natural de 10 a 50 metros;Analisado, aguardando atendimento a notificação;PE;0,2825
PA-1507300-2CF64E5B8BEB4621BE5E556B7B464B60;PA;São Félix do Xingu;Curso d'água natural de 10 a 50 metros;Aguardando análise;PE;711,4962
PA-1507300-3BA86EF5FBAD41C2A82709CCEDAF8A0A;PA;São Félix do Xingu;Curso d'água natural de 10 a 50 metros;Analisado, aguardando regularização ambiental (Lei nº 12.651/2012);PE;13,7737
PA-1507300-3E6AB60F1CCF4E8A9095926939FF0C98;PA;São Félix do Xingu;Curso d'água natural de 10 a 50 metros;Analisado, em conformidade com a Lei nº 12.651/2012;AT;0,1504
PA-1507300-492CDF367AD3482DBD320D7D35CDCB78;PA;São Félix do Xingu;Curso d'água natural de 10 a 50 metros;Analisado, aguardando atendimento a notificação;PE;31,1808
PA-1507300-4E0C7C45BABD461AA42A4A80AB5BD79C;PA;São Félix do Xingu;Curso d'água natural de 10 a 50 metros;Analisado, aguardando regularização ambiental (Lei nº 12.651/2012);AT;3,1216
PA-1507300-73AB36C183134C30A178E44B1AD2074B;PA;São Félix do Xingu;Curso d'água natural de 10 a 50 metros;Aguardando análise;PE;1,9127
PA-1507300-744704515F15433E9A7F7D5B6FDBFA6A;PA;São Félix do Xingu;Curso d'água natural de 10 a 50 metros;Aguardando análise;PE;3,2668
PA-1507300-78A0C384A1D34ECABD8DF7E19DE7A283;PA;São Félix do Xingu;Curso d'água natural de 10 a 50 metros;Analisado, aguardando atendimento a notificação;PE;58,6484
PA-1507300-7AD23D996F95460CA4D80D0A3138FABC;PA;São Félix do Xingu;Curso d'água natural de 10 a 50 metros;Aguardando análise;PE;1,5882
PA-1507300-A3B8CE7FA26F47E990075875177F2B4D;PA;São Félix do Xingu;Curso d'água natural de 10 a 50 metros;Analisado, aguardando atendimento a notificação;PE;2,7957
PA-1507300-A57C74574F194D6FAD3C68ED1A56B4D5;PA;São Félix do Xingu;Curso d'água natural de 10 a 50 metros;Analisado, aguardando atendimento a notificação;PE;1,8892
PA-1507300-A8C9B8AABABA47F4B1E411D699E91D75;PA;São Félix do Xingu;Curso d'água natural de 10 a 50 metros;Analisado, aguardando atendimento a notificação;PE;0,9074
PA-1507300-AB3903A7DDDD44F3830E6ABF30AFB1F4;PA;São Félix do Xingu;Curso d'água natural de 10 a 50 metros;Aguardando análise;AT;9,6724
PA-1507300-B4E222589AD649FE8DF71FEEB2C2D50E;PA;São Félix do Xingu;Curso d'água natural de 10 a 50 metros;Aguardando análise;AT;13,8020
PA-1507300-B9DD0FBB21644D4AA4695D0C58C69061;PA;São Félix do Xingu;Curso d'água natural de 10 a 50 metros;Analisado, aguardando atendimento a notificação;PE;15,5345
PA-1507300-C06552D69CC245E28EF1C35AA41CE31A;PA;São Félix do Xingu;Curso d'água natural de 10 a 50 metros;Analisado, aguardando atendimento a notificação;PE;19,2511
PA-1507300-D23388340EF247728A58BB6341A7594C;PA;São Félix do Xingu;Curso d'água natural de 10 a 50 metros;Analisado, aguardando atendimento a notificação;PE;3,8022
PA-1507300-DD8FE24F058340B7A899463DAE039C4B;PA;São Félix do Xingu;Curso d'água natural de 10 a 50 metros;Analisado, aguardando atendimento a notificação;SU;363,5294
PA-1507300-E25C23B2CDC94A5BA6D9AAD4D37A9F85;PA;São Félix do Xingu;Curso d'água natural de 10 a 50 metros;Analisado, aguardando atendimento a notificação;PE;2,7747
PA-1507300-EEDF7B37BD0F4169AE617939429360AA;PA;São Félix do Xingu;Curso d'água natural de 10 a 50 metros;Analisado, aguardando atendimento a notificação;PE;138,9866
PA-1507300-F0B7F4C8BB2140529E537014E60FC259;PA;São Félix do Xingu;Curso d'água natural de 10 a 50 metros;Analisado, aguardando atendimento a notificação;PE;17,5064
PA-1507300-F2F70B2A100C4D5787DDEAB91F0F87EB;PA;São Félix do Xingu;Curso d'água natural de 10 a 50 metros;Aguardando análise;PE;14,5193
PA-1507300-F5BFE1CEAC434BE29F0B51CEC8CBEC8A;PA;São Félix do Xingu;Curso d'água natural de 10 a 50 metros;Aguardando análise;PE;0,8150
PA-1507300-F6EAD87CF3C348D8BC071B58376221EA;PA;São Félix do Xingu;Curso d'água natural de 10 a 50 metros;Aguardando análise;PE;3,0518
PA-1507300-F71BBE4E31944B92B64B5083F23462AD;PA;São Félix do Xingu;Curso d'água natural de 10 a 50 metros;Analisado, aguardando atendimento a notificação;PE;2,8560
PA-1507300-F7CB65D491E24F96A8047DD8872422AE;PA;São Félix do Xingu;Curso d'água natural de 10 a 50 metros;Analisado, aguardando regularização ambiental (Lei nº 12.651/2012);AT;1,6514
PA-1507300-F87477AD51894DB194DD4061153A23F9;PA;São Félix do Xingu;Curso d'água natural de 10 a 50 metros;Analisado, aguardando atendimento a notificação;PE;2,9627
PA-1507300-FBB06A1F734A45B0B6F83E756DA9B3ED;PA;São Félix do Xingu;Curso d'água natural de 10 a 50 metros;Analisado, aguardando regularização ambiental (Lei nº 12.651/2012);AT;19,0036
PA-1507300-FD0D7D5B276F457D98B874A174411F35;PA;São Félix do Xingu;Curso d'água natural de 10 a 50 metros;Aguardando análise;PE;12,4469
PA-1507300-61752C31EFB047C3A11EB08AD426C2E1;PA;São Félix do Xingu;Curso d'água natural de 50 a 200 metros;Aguardando análise;PE;63,6258
PA-1507300-00855C1F37534732BB1762F448F7E6E7;PA;São Félix do Xingu;Curso d'água natural de 50 a 200 metros;Aguardando análise;PE;62,7340
PA-1507300-11242C448E94449C9F19FF4D41136942;PA;São Félix do Xingu;Curso d'água natural de 50 a 200 metros;Aguardando análise;PE;4,3967
PA-1507300-73AB36C183134C30A178E44B1AD2074B;PA;São Félix do Xingu;Curso d'água natural de 50 a 200 metros;Aguardando análise;PE;1,6532
PA-1507300-F4EB87880FBD47578AC1B335810F1BF7;PA;São Félix do Xingu;Curso d'água natural de 50 a 200 metros;Analisado, aguardando atendimento a notificação;PE;7,2100
PA-1507300-94DFF758AC9B47169A2DD092E754E89D;PA;São Félix do Xingu;Curso d'água natural de 50 a 200 metros;Analisado, aguardando atendimento a notificação;PE;15,5413
PA-1507300-0C0EEBE103D144C384BD05A5033790D2;PA;São Félix do Xingu;Curso d'água natural de 50 a 200 metros;Analisado, aguardando regularização ambiental (Lei nº 12.651/2012);AT;13,3383
PA-1507300-253C1C2FC6704A82BE1EBE3C42217D36;PA;São Félix do Xingu;Curso d'água natural de 200 a 600 metros;Analisado, aguardando regularização ambiental (Lei nº 12.651/2012);AT;133,4181
PA-1507300-C0EDC1A0D26940009B882E25E8EB4584;PA;São Félix do Xingu;Curso d'água natural de 200 a 600 metros;Analisado, aguardando regularização ambiental (Lei nº 12.651/2012);AT;33,8650
PA-1507300-62F80866200E441D9F716A6F1FE023DF;PA;São Félix do Xingu;Curso d'água natural de 200 a 600 metros;Analisado, aguardando regularização ambiental (Lei nº 12.651/2012);AT;105,7508
PA-1507300-F4EB87880FBD47578AC1B335810F1BF7;PA;São Félix do Xingu;Curso d'água natural de 200 a 600 metros;Analisado, aguardando atendimento a notificação;PE;9,3880
PA-1507300-570DE2B4E00A46D6832910ECAA2033D8;PA;São Félix do Xingu;Curso d'água natural de 200 a 600 metros;Analisado, aguardando atendimento a notificação;SU;35,9423
PA-1507300-0C0EEBE103D144C384BD05A5033790D2;PA;São Félix do Xingu;Curso d'água natural de 200 a 600 metros;Analisado, aguardando regularização ambiental (Lei nº 12.651/2012);AT;59,6492
PA-1507300-2F9EADB4E12D48BD8B317FB8743ED792;PA;São Félix do Xingu;Curso d'água natural de 200 a 600 metros;Analisado, aguardando atendimento a notificação;PE;0,1813
PA-1507300-CBA4EDE08DFA40E4B87F12B12AD86B7B;PA;São Félix do Xingu;Curso d'água natural de 200 a 600 metros;Aguardando análise;AT;126,5933
PA-1507300-AD8AE1C9ED1040A39620981340481D9A;PA;São Félix do Xingu;Curso d'água natural de 200 a 600 metros;Analisado, aguardando atendimento a notificação;PE;28,2787
PA-1507300-E1BB234ECB58499C85EF7878F44B636C;PA;São Félix do Xingu;Curso d'água natural de 200 a 600 metros;Aguardando análise;PE;8,0537
PA-1507300-0D27CCAF3AD8429DAF102FD0B6755A72;PA;São Félix do Xingu;Curso d'água natural de 200 a 600 metros;Analisado, aguardando atendimento a notificação;AT;6,5244
PA-1507300-A8CFE2A0377A4420B00EFB12E5BA363B;PA;São Félix do Xingu;Curso d'água natural de 200 a 600 metros;Aguardando análise;AT;333,4202
PA-1507300-D7C97F8074E546BAA87BDBE11D356E22;PA;São Félix do Xingu;Curso d'água natural de 200 a 600 metros;Aguardando análise;PE;12,0778
PA-1507300-548BFC755B67464EA6E6B8DAD77B557E;PA;São Félix do Xingu;Curso d'água natural de 200 a 600 metros;Aguardando análise;AT;117,1554
PA-1507300-0A07D241C9914494B53756B8C96BA0D0;PA;São Félix do Xingu;Curso d'água natural acima de 600 metros;Analisado, aguardando atendimento a notificação;PE;55,8890
PA-1507300-7C388F66EDC8470AB9A74D42B4770002;PA;São Félix do Xingu;Curso d'água natural acima de 600 metros;Aguardando análise;AT;119,1864
PA-1507300-FBED61BECB5D4DC6A213DC36330A52E9;PA;São Félix do Xingu;Curso d'água natural acima de 600 metros;Analisado, aguardando regularização ambiental (Lei nº 12.651/2012);AT;118,7595
PA-1507300-A71E18FAD3F54E028D44F1FBD47E3B6F;PA;São Félix do Xingu;Curso d'água natural acima de 600 metros;Analisado, aguardando regularização ambiental (Lei nº 12.651/2012);AT;102,1064
PA-1507300-2BB78ED8136E4432BA405E79F6EFED95;PA;São Félix do Xingu;Curso d'água natural acima de 600 metros;Analisado, aguardando atendimento a notificação;PE;37,2617
PA-1507300-2244D3716598456BA6F565E7BB679D37;PA;São Félix do Xingu;Curso d'água natural acima de 600 metros;Analisado, aguardando atendimento a notificação;PE;37,5432
PA-1507300-E7915838AF044E0A8075EF64D7CCF029;PA;São Félix do Xingu;Curso d'água natural acima de 600 metros;Analisado, aguardando regularização ambiental (Lei nº 12.651/2012);AT;193,8125
PA-1507300-6A7B5DEB778C408CB812E8A875C67DA5;PA;São Félix do Xingu;Curso d'água natural acima de 600 metros;Analisado, aguardando atendimento a notificação;SU;190,4927
PA-1507300-C6977E629093484FB812FD1A831E1070;PA;São Félix do Xingu;Curso d'água natural acima de 600 metros;Analisado, aguardando atendimento a notificação;PE;14,0759
PA-1507300-BD268ECEC2494E2A96833EAE46377806;PA;São Félix do Xingu;Curso d'água natural acima de 600 metros;Analisado, aguardando regularização ambiental (Lei nº 12.651/2012);AT;52,7747
PA-1507300-3F696C098E4D4DA5B7A08EDDFA745592;PA;São Félix do Xingu;Curso d'água natural acima de 600 metros;Analisado, aguardando atendimento a notificação;PE;24,1955
PA-1507300-FC24A60D2CBF4FFE97C784C6B590021A;PA;São Félix do Xingu;Curso d'água natural acima de 600 metros;Aguardando análise;PE;83,9566
PA-1507300-DF98B48D3327441D969F85139A618247;PA;São Félix do Xingu;Curso d'água natural acima de 600 metros;Analisado, aguardando atendimento a notificação;PE;28,8411
PA-1507300-7DE6BCC57C4341A189171880B3E35281;PA;São Félix do Xingu;Curso d'água natural acima de 600 metros;Aguardando análise;AT;313,6581
PA-1507300-DFCF16FEEFB440588D739A3284935A63;PA;São Félix do Xingu;Curso d'água natural acima de 600 metros;Aguardando análise;PE;25,8121
PA-1507300-DEF2ABAA7CE94CF1876B58D0EF412C56;PA;São Félix do Xingu;Curso d'água natural acima de 600 metros;Analisado, aguardando regularização ambiental (Lei nº 12.651/2012);AT;64,0464
PA-1507300-16418B0E8FA948C282FF188C939F382E;PA;São Félix do Xingu;Curso d'água natural acima de 600 metros;Analisado, aguardando regularização ambiental (Lei nº 12.651/2012);AT;75,4349
PA-1507300-05B66BFB0861472F8E9AC9B67F391C43;PA;São Félix do Xingu;Curso d'água natural acima de 600 metros;Aguardando análise;AT;179,9272
PA-1507300-537833F6E5574B409674C773F006C1CC;PA;São Félix do Xingu;Curso d'água natural acima de 600 metros;Aguardando análise;AT;162,8313
PA-1507300-53C8AF6DAE694B35B7CDE412C624AEBF;PA;São Félix do Xingu;Curso d'água natural acima de 600 metros;Aguardando análise;PE;66,5957
PA-1507300-59981C89793144CD9527E90257282DE2;PA;São Félix do Xingu;Curso d'água natural acima de 600 metros;Analisado, aguardando regularização ambiental (Lei nº 12.651/2012);AT;116,0604
PA-1507300-3BA86EF5FBAD41C2A82709CCEDAF8A0A;PA;São Félix do Xingu;Curso d'água natural acima de 600 metros;Analisado, aguardando regularização ambiental (Lei nº 12.651/2012);PE;27,6110
PA-1507300-9E7ED201A8D14DC4BF3F60ADB7686EBB;PA;São Félix do Xingu;Curso d'água natural acima de 600 metros;Analisado, aguardando regularização ambiental (Lei nº 12.651/2012);PE;1513,2364
PA-1507300-05B66BFB0861472F8E9AC9B67F391C43;PA;São Félix do Xingu;Lago ou lagoa natural;Aguardando análise;AT;21,7628
PA-1507300-091FDAE3F6B8469F9D4BBA13E3729D65;PA;São Félix do Xingu;Lago ou lagoa natural;Aguardando análise;AT;1,2290
PA-1507300-0DF26E02F0974692B1148F4913EB7813;PA;São Félix do Xingu;Lago ou lagoa natural;Analisado, aguardando regularização ambiental (Lei nº 12.651/2012);AT;0,8051
PA-1507300-109F4AF5F1DF40F9823D6B28E4B4AA43;PA;São Félix do Xingu;Lago ou lagoa natural;Analisado, aguardando atendimento a notificação;PE;0,2063
PA-1507300-11E3CFD9DD244837BA8EA698B4929B18;PA;São Félix do Xingu;Lago ou lagoa natural;Analisado, aguardando regularização ambiental (Lei nº 12.651/2012);PE;71,1201
PA-1507300-1208391ADC00420E904615DEF0E05ED5;PA;São Félix do Xingu;Lago ou lagoa natural;Aguardando análise;PE;2,3515
PA-1507300-22AFE2E1384A4D91BD0EA529787665C9;PA;São Félix do Xingu;Lago ou lagoa natural;Aguardando análise;AT;0,4765
PA-1507300-327D18FD177B438480883A9F2559A207;PA;São Félix do Xingu;Lago ou lagoa natural;Analisado, aguardando regularização ambiental (Lei nº 12.651/2012);AT;14,0261
PA-1507300-327FAB95599748F5A766E5DAC81FA931;PA;São Félix do Xingu;Lago ou lagoa natural;Aguardando análise;AT;0,2095
PA-1507300-36467FBA1BDC4AAC81C89E8AC5507C0B;PA;São Félix do Xingu;Lago ou lagoa natural;Aguardando análise;AT;4,5921
PA-1507300-43ADF3427A234887935933C358F40753;PA;São Félix do Xingu;Lago ou lagoa natural;Analisado, aguardando atendimento a notificação;PE;9,2074
PA-1507300-4472C7CF898D45EAAE8235A930F91C07;PA;São Félix do Xingu;Lago ou lagoa natural;Aguardando análise;AT;2,1680
PA-1507300-492CDF367AD3482DBD320D7D35CDCB78;PA;São Félix do Xingu;Lago ou lagoa natural;Analisado, aguardando atendimento a notificação;PE;0,7410
PA-1507300-520A12A3B76F4392B9C2D2D7D4BCB805;PA;São Félix do Xingu;Lago ou lagoa natural;Aguardando análise;AT;17,0992
PA-1507300-537833F6E5574B409674C773F006C1CC;PA;São Félix do Xingu;Lago ou lagoa natural;Aguardando análise;AT;15,3842
PA-1507300-548BFC755B67464EA6E6B8DAD77B557E;PA;São Félix do Xingu;Lago ou lagoa natural;Aguardando análise;AT;2,7987
PA-1507300-57B8A55C30C6449390B3C91FDC6F758F;PA;São Félix do Xingu;Lago ou lagoa natural;Analisado, aguardando regularização ambiental (Lei nº 12.651/2012);AT;2,6259
PA-1507300-59981C89793144CD9527E90257282DE2;PA;São Félix do Xingu;Lago ou lagoa natural;Analisado, aguardando regularização ambiental (Lei nº 12.651/2012);AT;9,6607
PA-1507300-59C0E38BDDAD45CE8492A5336595F8AA;PA;São Félix do Xingu;Lago ou lagoa natural;Aguardando análise;AT;5,1927
PA-1507300-62F80866200E441D9F716A6F1FE023DF;PA;São Félix do Xingu;Lago ou lagoa natural;Analisado, aguardando regularização ambiental (Lei nº 12.651/2012);AT;30,1014
PA-1507300-6623BFDC4B884706BC151AB477E8DE01;PA;São Félix do Xingu;Lago ou lagoa natural;Aguardando análise;AT;9,7048
PA-1507300-75680559BF904D58B61D7E4E34EC2032;PA;São Félix do Xingu;Lago ou lagoa natural;Analisado, aguardando atendimento a notificação;AT;0,6519
PA-1507300-78A0C384A1D34ECABD8DF7E19DE7A283;PA;São Félix do Xingu;Lago ou lagoa natural;Analisado, aguardando atendimento a notificação;PE;9,0112
PA-1507300-9E3FBFA21F544D2EBCC319C795BCFDCD;PA;São Félix do Xingu;Lago ou lagoa natural;Analisado, aguardando atendimento a notificação;SU;0,5657
PA-1507300-A3B8CE7FA26F47E990075875177F2B4D;PA;São Félix do Xingu;Lago ou lagoa natural;Analisado, aguardando atendimento a notificação;PE;0,3478
PA-1507300-A6F00BE86BB44549BB0DDE8343EEA199;PA;São Félix do Xingu;Lago ou lagoa natural;Analisado, aguardando regularização ambiental (Lei nº 12.651/2012);PE;0,1245
PA-1507300-A71E18FAD3F54E028D44F1FBD47E3B6F;PA;São Félix do Xingu;Lago ou lagoa natural;Analisado, aguardando regularização ambiental (Lei nº 12.651/2012);AT;5,7656
PA-1507300-A9B971CCE77744C0BC8EB3776899027D;PA;São Félix do Xingu;Lago ou lagoa natural;Aguardando análise;PE;0,0561
PA-1507300-AAC74F4166164E2C8FF4F4457C0DC152;PA;São Félix do Xingu;Lago ou lagoa natural;Aguardando análise;PE;0,2963
PA-1507300-BCE09DD09E27450ABFC6384769E20D40;PA;São Félix do Xingu;Lago ou lagoa natural;Aguardando análise;PE;0,3236
PA-1507300-C2697B2F9CC34429952D52AA5C25C9B0;PA;São Félix do Xingu;Lago ou lagoa natural;Analisado, aguardando regularização ambiental (Lei nº 12.651/2012);AT;2,2079
PA-1507300-C4D27BDAC0294918A772BC0EE2F2DA65;PA;São Félix do Xingu;Lago ou lagoa natural;Analisado, aguardando atendimento a notificação;PE;0,0465
PA-1507300-CE2766F17260470C876B21A1C346FB00;PA;São Félix do Xingu;Lago ou lagoa natural;Analisado, aguardando atendimento a notificação;PE;0,0593
PA-1507300-D7C97F8074E546BAA87BDBE11D356E22;PA;São Félix do Xingu;Lago ou lagoa natural;Aguardando análise;PE;0,0895
PA-1507300-DFCF16FEEFB440588D739A3284935A63;PA;São Félix do Xingu;Lago ou lagoa natural;Aguardando análise;PE;6,7864
PA-1507300-E4C3B0A4A4274125BF58D76159B09D9D;PA;São Félix do Xingu;Lago ou lagoa natural;Aguardando análise;PE;1,7898
PA-1507300-ED12A416EA3C406B8E4617A67A1F3D47;PA;São Félix do Xingu;Lago ou lagoa natural;Analisado, aguardando atendimento a notificação;AT;2,4124
PA-1507300-F2F70B2A100C4D5787DDEAB91F0F87EB;PA;São Félix do Xingu;Lago ou lagoa natural;Aguardando análise;PE;16,3377
PA-1507300-F749B2BE67B942DF86D8DE953C683BF5;PA;São Félix do Xingu;Lago ou lagoa natural;Analisado, aguardando regularização ambiental (Lei nº 12.651/2012);SU;0,4493
PA-1507300-FBB06A1F734A45B0B6F83E756DA9B3ED;PA;São Félix do Xingu;Lago ou lagoa natural;Analisado, aguardando regularização ambiental (Lei nº 12.651/2012);AT;0,6151
PA-1507300-FD320886963844E08015DFD7E39B8D8B;PA;São Félix do Xingu;Lago ou lagoa natural;Aguardando análise;AT;0,1392
PA-1507300-0C56B6B07174472AB2017D699CD6185F;PA;São Félix do Xingu;Reservatório artificial decorrente de barramento ou represamento de cursos d'água naturais;Aguardando análise;PE;10,3889
PA-1507300-0D477B1C0FA24B11A9A0CFEBFE99F5FB;PA;São Félix do Xingu;Reservatório artificial decorrente de barramento ou represamento de cursos d'água naturais;Analisado, aguardando regularização ambiental (Lei nº 12.651/2012);AT;10,2534
PA-1507300-0DD3379E417E483EA6D8F98D87E4DB10;PA;São Félix do Xingu;Reservatório artificial decorrente de barramento ou represamento de cursos d'água naturais;Analisado, aguardando atendimento a notificação;PE;0,1016
PA-1507300-0FD55722414E40A38307CD03B91C6751;PA;São Félix do Xingu;Reservatório artificial decorrente de barramento ou represamento de cursos d'água naturais;Analisado, aguardando regularização ambiental (Lei nº 12.651/2012);AT;1,0770
PA-1507300-109F4AF5F1DF40F9823D6B28E4B4AA43;PA;São Félix do Xingu;Reservatório artificial decorrente de barramento ou represamento de cursos d'água naturais;Analisado, aguardando atendimento a notificação;PE;0,3814
PA-1507300-2B7A0A82E4E64E9CA78F489566A712F2;PA;São Félix do Xingu;Reservatório artificial decorrente de barramento ou represamento de cursos d'água naturais;Analisado, em conformidade com a Lei nº 12.651/2012;AT;0,1357
PA-1507300-2CF64E5B8BEB4621BE5E556B7B464B60;PA;São Félix do Xingu;Reservatório artificial decorrente de barramento ou represamento de cursos d'água naturais;Aguardando análise;PE;0,3246
PA-1507300-308D1FA1B23346E4803944C041E12EA8;PA;São Félix do Xingu;Reservatório artificial decorrente de barramento ou represamento de cursos d'água naturais;Analisado, aguardando regularização ambiental (Lei nº 12.651/2012);AT;0,0432
PA-1507300-3170D1CBD80E4711A91984698579228B;PA;São Félix do Xingu;Reservatório artificial decorrente de barramento ou represamento de cursos d'água naturais;Aguardando análise;AT;0,0384
PA-1507300-3A229C409B5C45A8B2E5650C738DE7C7;PA;São Félix do Xingu;Reservatório artificial decorrente de barramento ou represamento de cursos d'água naturais;Aguardando análise;AT;0,2385
PA-1507300-40E1E611640943888A267604EACAC499;PA;São Félix do Xingu;Reservatório artificial decorrente de barramento ou represamento de cursos d'água naturais;Analisado, aguardando atendimento a notificação;PE;0,0359
PA-1507300-42D3C08BE3DA4A5AB848613B2FC9D664;PA;São Félix do Xingu;Reservatório artificial decorrente de barramento ou represamento de cursos d'água naturais;Analisado, aguardando regularização ambiental (Lei nº 12.651/2012);AT;0,1294
PA-1507300-47BBFDA8336446B0844877DD2D531EA8;PA;São Félix do Xingu;Reservatório artificial decorrente de barramento ou represamento de cursos d'água naturais;Analisado, aguardando atendimento a notificação;PE;1,7436
PA-1507300-50331D2DBD3C43E2BCD644904089A807;PA;São Félix do Xingu;Reservatório artificial decorrente de barramento ou represamento de cursos d'água naturais;Aguardando análise;PE;0,0932
PA-1507300-52DB697A82374D9A830E79487C3F44E7;PA;São Félix do Xingu;Reservatório artificial decorrente de barramento ou represamento de cursos d'água naturais;Aguardando análise;PE;0,4791
PA-1507300-547A647259E243C3AC2D33A461A13CC5;PA;São Félix do Xingu;Reservatório artificial decorrente de barramento ou represamento de cursos d'água naturais;Aguardando análise;PE;3,7522
PA-1507300-548BFC755B67464EA6E6B8DAD77B557E;PA;São Félix do Xingu;Reservatório artificial decorrente de barramento ou represamento de cursos d'água naturais;Aguardando análise;AT;2,5172
PA-1507300-58C19A6136214A4AAB2D6E447BD35B21;PA;São Félix do Xingu;Reservatório artificial decorrente de barramento ou represamento de cursos d'água naturais;Analisado, aguardando regularização ambiental (Lei nº 12.651/2012);PE;0,6463
PA-1507300-5DDC8EF9258643909284154549FE12B0;PA;São Félix do Xingu;Reservatório artificial decorrente de barramento ou represamento de cursos d'água naturais;Aguardando análise;AT;0,5115
PA-1507300-5EE43740B82F4F7591F11A79DD647722;PA;São Félix do Xingu;Reservatório artificial decorrente de barramento ou represamento de cursos d'água naturais;Aguardando análise;PE;0,4954
PA-1507300-5FFE31D48AD64CE497865309BCB0EE26;PA;São Félix do Xingu;Reservatório artificial decorrente de barramento ou represamento de cursos d'água naturais;Aguardando análise;AT;1,2120
PA-1507300-635391F2061444E4B9852E37DBA89319;PA;São Félix do Xingu;Reservatório artificial decorrente de barramento ou represamento de cursos d'água naturais;Analisado, aguardando atendimento a notificação;PE;0,1509
PA-1507300-64077193870C4B269FC26E761FD4C5E5;PA;São Félix do Xingu;Reservatório artificial decorrente de barramento ou represamento de cursos d'água naturais;Analisado, aguardando atendimento a notificação;PE;0,0605
PA-1507300-6623BFDC4B884706BC151AB477E8DE01;PA;São Félix do Xingu;Reservatório artificial decorrente de barramento ou represamento de cursos d'água naturais;Aguardando análise;AT;11,5337
PA-1507300-6722BA5701734548B5E334B8E3B411DC;PA;São Félix do Xingu;Reservatório artificial decorrente de barramento ou represamento de cursos d'água naturais;Analisado, aguardando atendimento a notificação;PE;0,3102
PA-1507300-68D9479B19514929B1B2AF7773A5FB28;PA;São Félix do Xingu;Reservatório artificial decorrente de barramento ou represamento de cursos d'água naturais;Aguardando análise;AT;0,1817
PA-1507300-6A11037237934771AE616E19173CA440;PA;São Félix do Xingu;Reservatório artificial decorrente de barramento ou represamento de cursos d'água naturais;Aguardando análise;PE;60,1084
PA-1507300-6EAE1628B3A34585B370C9F323901EFE;PA;São Félix do Xingu;Reservatório artificial decorrente de barramento ou represamento de cursos d'água naturais;Analisado, aguardando atendimento a notificação;PE;0,1607
PA-1507300-715446F1B7C14111B321242AD9E7FD9B;PA;São Félix do Xingu;Reservatório artificial decorrente de barramento ou represamento de cursos d'água naturais;Analisado, aguardando atendimento a notificação;PE;0,2657
PA-1507300-787C8A7E24BE4E33B24A9DB18F62FDA0;PA;São Félix do Xingu;Reservatório artificial decorrente de barramento ou represamento de cursos d'água naturais;Aguardando análise;PE;0,7577
PA-1507300-79DC3F323055472B81C9B5DB1F3CF170;PA;São Félix do Xingu;Reservatório artificial decorrente de barramento ou represamento de cursos d'água naturais;Analisado, aguardando regularização ambiental (Lei nº 12.651/2012);AT;5,4248
PA-1507300-800DD2B8A48E4EFB9081E8BBAF4DA521;PA;São Félix do Xingu;Reservatório artificial decorrente de barramento ou represamento de cursos d'água naturais;Aguardando análise;AT;0,0445
PA-1507300-8301064E48614A9990A1BE3FE2EE7500;PA;São Félix do Xingu;Reservatório artificial decorrente de barramento ou represamento de cursos d'água naturais;Aguardando análise;PE;0,0853
PA-1507300-8324CC3DE03E4B4CA000AC5990808949;PA;São Félix do Xingu;Reservatório artificial decorrente de barramento ou represamento de cursos d'água naturais;Analisado, aguardando atendimento a notificação;PE;0,1985
PA-1507300-8A32717B176E447B807DC9F5BF6F7371;PA;São Félix do Xingu;Reservatório artificial decorrente de barramento ou represamento de cursos d'água naturais;Aguardando análise;AT;1,1640
PA-1507300-8EEF4886725E4325952047FD9D213E2E;PA;São Félix do Xingu;Reservatório artificial decorrente de barramento ou represamento de cursos d'água naturais;Analisado, aguardando regularização ambiental (Lei nº 12.651/2012);AT;2,3573
PA-1507300-93C8DDCF3A3F48628CA9AC296A31F45F;PA;São Félix do Xingu;Reservatório artificial decorrente de barramento ou represamento de cursos d'água naturais;Analisado, aguardando atendimento a notificação;AT;0,7309
PA-1507300-9470713088164A37936E1A81089D6833;PA;São Félix do Xingu;Reservatório artificial decorrente de barramento ou represamento de cursos d'água naturais;Analisado, aguardando atendimento a notificação;PE;1,4625
PA-1507300-954649355FB9446FA31C0D0CBF977195;PA;São Félix do Xingu;Reservatório artificial decorrente de barramento ou represamento de cursos d'água naturais;Analisado, aguardando atendimento a notificação;PE;0,0626
PA-1507300-955D60F1469849B6B8F9C73E4D447EC8;PA;São Félix do Xingu;Reservatório artificial decorrente de barramento ou represamento de cursos d'água naturais;Analisado, aguardando regularização ambiental (Lei nº 12.651/2012);AT;0,0759
PA-1507300-96E4FC2946E14563A4DF659B59087F94;PA;São Félix do Xingu;Reservatório artificial decorrente de barramento ou represamento de cursos d'água naturais;Analisado, aguardando regularização ambiental (Lei nº 12.651/2012);AT;3,7443
PA-1507300-9BCB6391AEF34C2F89D4DC49A787F444;PA;São Félix do Xingu;Reservatório artificial decorrente de barramento ou represamento de cursos d'água naturais;Analisado, aguardando regularização ambiental (Lei nº 12.651/2012);AT;1,1472
PA-1507300-9E3FBFA21F544D2EBCC319C795BCFDCD;PA;São Félix do Xingu;Reservatório artificial decorrente de barramento ou represamento de cursos d'água naturais;Analisado, aguardando atendimento a notificação;SU;0,8114
PA-1507300-A3B8CE7FA26F47E990075875177F2B4D;PA;São Félix do Xingu;Reservatório artificial decorrente de barramento ou represamento de cursos d'água naturais;Analisado, aguardando atendimento a notificação;PE;1,0379
PA-1507300-A9B971CCE77744C0BC8EB3776899027D;PA;São Félix do Xingu;Reservatório artificial decorrente de barramento ou represamento de cursos d'água naturais;Aguardando análise;PE;0,1038
PA-1507300-AA9E1DF9891D41EBB733A49C79980164;PA;São Félix do Xingu;Reservatório artificial decorrente de barramento ou represamento de cursos d'água naturais;Analisado, aguardando atendimento a notificação;PE;0,1232
PA-1507300-AAC74F4166164E2C8FF4F4457C0DC152;PA;São Félix do Xingu;Reservatório artificial decorrente de barramento ou represamento de cursos d'água naturais;Aguardando análise;PE;2,6408
PA-1507300-AED9D71771BE41C784D9A4A32EED69EA;PA;São Félix do Xingu;Reservatório artificial decorrente de barramento ou represamento de cursos d'água naturais;Analisado, aguardando atendimento a notificação;PE;2,5931
PA-1507300-B1C218C4567A482488EEF03B3C2FC285;PA;São Félix do Xingu;Reservatório artificial decorrente de barramento ou represamento de cursos d'água naturais;Analisado, em conformidade com a Lei nº 12.651/2012;AT;0,2120
PA-1507300-B2CB69BF76CD4C818F63A43F2678A9A3;PA;São Félix do Xingu;Reservatório artificial decorrente de barramento ou represamento de cursos d'água naturais;Analisado, aguardando atendimento a notificação;PE;0,0988
PA-1507300-B888A982243C4FD3A35228971D58A496;PA;São Félix do Xingu;Reservatório artificial decorrente de barramento ou represamento de cursos d'água naturais;Analisado, aguardando atendimento a notificação;PE;2,4761
PA-1507300-BC9019CE476D44DC9D6D328FCCC02354;PA;São Félix do Xingu;Reservatório artificial decorrente de barramento ou represamento de cursos d'água naturais;Analisado, aguardando atendimento a notificação;PE;0,0921
PA-1507300-C0EDC1A0D26940009B882E25E8EB4584;PA;São Félix do Xingu;Reservatório artificial decorrente de barramento ou represamento de cursos d'água naturais;Analisado, aguardando regularização ambiental (Lei nº 12.651/2012);AT;1,2190
PA-1507300-C2697B2F9CC34429952D52AA5C25C9B0;PA;São Félix do Xingu;Reservatório artificial decorrente de barramento ou represamento de cursos d'água naturais;Analisado, aguardando regularização ambiental (Lei nº 12.651/2012);AT;0,2521
PA-1507300-C36016531953447DA34990FD9FAA001A;PA;São Félix do Xingu;Reservatório artificial decorrente de barramento ou represamento de cursos d'água naturais;Aguardando análise;AT;1,9327
PA-1507300-C6F6F877B67E4BD9B4AC95FD968733BE;PA;São Félix do Xingu;Reservatório artificial decorrente de barramento ou represamento de cursos d'água naturais;Analisado, aguardando atendimento a notificação;PE;0,0382
PA-1507300-C8A22D7560FD4E7685C957C382DA5712;PA;São Félix do Xingu;Reservatório artificial decorrente de barramento ou represamento de cursos d'água naturais;Analisado, aguardando atendimento a notificação;PE;0,2066
PA-1507300-CBE12A5C33D14A04A332892A22A0F9B3;PA;São Félix do Xingu;Reservatório artificial decorrente de barramento ou represamento de cursos d'água naturais;Analisado, aguardando regularização ambiental (Lei nº 12.651/2012);AT;0,4648
PA-1507300-CDFEF26B4B144F59830DBE8952464AAF;PA;São Félix do Xingu;Reservatório artificial decorrente de barramento ou represamento de cursos d'água naturais;Analisado, aguardando atendimento a notificação;PE;0,0237
PA-1507300-CE2766F17260470C876B21A1C346FB00;PA;São Félix do Xingu;Reservatório artificial decorrente de barramento ou represamento de cursos d'água naturais;Analisado, aguardando atendimento a notificação;PE;0,0459
PA-1507300-D27055C2F7884551837E35C2665F9D51;PA;São Félix do Xingu;Reservatório artificial decorrente de barramento ou represamento de cursos d'água naturais;Analisado, aguardando atendimento a notificação;SU;4,0473
PA-1507300-D3A36BB804704C0FBB2F586552C0C696;PA;São Félix do Xingu;Reservatório artificial decorrente de barramento ou represamento de cursos d'água naturais;Analisado, aguardando atendimento a notificação;PE;0,0540
PA-1507300-DB9FB91032684B5A98E428D1AB159B28;PA;São Félix do Xingu;Reservatório artificial decorrente de barramento ou represamento de cursos d'água naturais;Analisado, aguardando regularização ambiental (Lei nº 12.651/2012);AT;0,2796
PA-1507300-DD2A964308514BC7914EC6447E1B3984;PA;São Félix do Xingu;Reservatório artificial decorrente de barramento ou represamento de cursos d'água naturais;Em análise;AT;1,8265
PA-1507300-E0DBABE023E94D9FB36E6F23E6DC8364;PA;São Félix do Xingu;Reservatório artificial decorrente de barramento ou represamento de cursos d'água naturais;Analisado, aguardando regularização ambiental (Lei nº 12.651/2012);AT;2,6324
PA-1507300-E277028433594E0BA6923759379FFEC1;PA;São Félix do Xingu;Reservatório artificial decorrente de barramento ou represamento de cursos d'água naturais;Analisado, aguardando atendimento a notificação;PE;0,2691
PA-1507300-EA5AB53014724BE7BACF03AE44A2123D;PA;São Félix do Xingu;Reservatório artificial decorrente de barramento ou represamento de cursos d'água naturais;Analisado, aguardando atendimento a notificação;PE;0,1623
PA-1507300-EA75B169A7CC4C24B1044871C24F863E;PA;São Félix do Xingu;Reservatório artificial decorrente de barramento ou represamento de cursos d'água naturais;Analisado, aguardando atendimento a notificação;PE;8,4214
PA-1507300-F275148FED164A85865CFFFD0C9C5BC6;PA;São Félix do Xingu;Reservatório artificial decorrente de barramento ou represamento de cursos d'água naturais;Aguardando análise;SU;0,1901
PA-1507300-F652B333F7BF4093A1E9BD8E968B9359;PA;São Félix do Xingu;Reservatório artificial decorrente de barramento ou represamento de cursos d'água naturais;Analisado, aguardando regularização ambiental (Lei nº 12.651/2012);AT;7,3013
PA-1507300-F747545A1AFD46E98AEF3682A7F69FA5;PA;São Félix do Xingu;Reservatório artificial decorrente de barramento ou represamento de cursos d'água naturais;Aguardando análise;AT;0,0476
PA-1507300-FA06FBA62B6A47EA8AACC6DD1C603F9E;PA;São Félix do Xingu;Reservatório artificial decorrente de barramento ou represamento de cursos d'água naturais;Analisado, aguardando atendimento a notificação;PE;0,0883
PA-1507300-FBB06A1F734A45B0B6F83E756DA9B3ED;PA;São Félix do Xingu;Reservatório artificial decorrente de barramento ou represamento de cursos d'água naturais;Analisado, aguardando regularização ambiental (Lei nº 12.651/2012);AT;0,6648
PA-1507300-FC87CCDBD613490C8A44064A6450A400;PA;São Félix do Xingu;Reservatório artificial decorrente de barramento ou represamento de cursos d'água naturais;Analisado, aguardando atendimento a notificação;PE;0,5091
PA-1507300-FE367A99E116415498982E1B9B0F46B7;PA;São Félix do Xingu;Reservatório artificial decorrente de barramento ou represamento de cursos d'água naturais;Aguardando análise;AT;0,0426
PA-1507300-FE43016D4043447383D5355CF641B46A;PA;São Félix do Xingu;Reservatório artificial decorrente de barramento ou represamento de cursos d'água naturais;Analisado, aguardando regularização ambiental (Lei nº 12.651/2012);AT;1,5029
