cod_imovel;cod_estado;municipio;nom_tema;des_condic;ind_status;num_area
SP-3541406-01770CD59F924DF380F6D30E8FD507E0;SP;Presidente Prudente;Área Consolidada;Analisado, em conformidade com a Lei nº 12.651/2012, com ativos ambientais;AT;18,5311
SP-3541406-01AFFD348113475C9DFB534904773518;SP;Presidente Prudente;Área Consolidada;Aguardando análise, após revisão ou atendimento da notificação;AT;0,0005
SP-3541406-01AFFD348113475C9DFB534904773518;SP;Presidente Prudente;Área Consolidada;Aguardando análise, após revisão ou atendimento da notificação;AT;0,0001
SP-3541406-01AFFD348113475C9DFB534904773518;SP;Presidente Prudente;Área Consolidada;Aguardando análise, após revisão ou atendimento da notificação;AT;0,0001
SP-3541406-01C2C984CAD84A53862DB7A2C4E79614;SP;Presidente Prudente;Área Consolidada;Aguardando análise, após revisão ou atendimento da notificação;AT;54,7678
SP-3541406-01EC78E37D334292B4C352087D6E5C71;SP;Presidente Prudente;Área Consolidada;Aguardando análise, após revisão ou atendimento da notificação;AT;283,4482
SP-3541406-037DA1561FD94611A91ED2A66C3C6A1E;SP;Presidente Prudente;Área Consolidada;Analisado, em conformidade com a Lei nº 12.651/2012, com ativos ambientais;AT;6,9558
SP-3541406-03938F6C06654C67BABEB12A7A7902B3;SP;Presidente Prudente;Área Consolidada;Analisado, em conformidade com a Lei nº 12.651/2012, com ativos ambientais;PE;8,2401
SP-3541406-03B7FAD5F39540EFA7BEED48A9282382;SP;Presidente Prudente;Área Consolidada;Aguardando análise, após revisão ou atendimento da notificação;AT;5,2770
SP-3541406-03BE486F238040DB8C7F31688B1B6538;SP;Presidente Prudente;Área Consolidada;Analisado, aguardando atendimento a notificação;AT;1,5031
SP-3541406-0419121DEDA241BE9A1D1567BF692D80;SP;Presidente Prudente;Área Consolidada;Aguardando análise;AT;2,1133
SP-3541406-04C78E2BB51D40CFB7130609C666F3C1;SP;Presidente Prudente;Área Consolidada;Analisado, em conformidade com a Lei nº 12.651/2012, com ativos ambientais;AT;2,0865
SP-3541406-051AEB712421418E8FF77798C87F95D4;SP;Presidente Prudente;Área Consolidada;Aguardando análise;AT;25,4327
SP-3541406-060836F6E18F435F8EB84C66A666355F;SP;Presidente Prudente;Área Consolidada;Analisado, aguardando regularização ambiental (Lei nº 12.651/2012);AT;31,5162
SP-3541406-060E7D9C8551496B900E4452202076C8;SP;Presidente Prudente;Área Consolidada;Aguardando análise;AT;126,1971
SP-3541406-0611E851D6354473BB7BAF20511C2487;SP;Presidente Prudente;Área Consolidada;Analisado, em conformidade com a Lei nº 12.651/2012, com ativos ambientais;AT;1,9480
SP-3541406-069CF247C6A24C6CAB42941D9D11C71F;SP;Presidente Prudente;Área Consolidada;Aguardando análise, após revisão ou atendimento da notificação;AT;0,5329
SP-3541406-069CF247C6A24C6CAB42941D9D11C71F;SP;Presidente Prudente;Área Consolidada;Aguardando análise, após revisão ou atendimento da notificação;AT;0,1971
SP-3541406-069CF247C6A24C6CAB42941D9D11C71F;SP;Presidente Prudente;Área Consolidada;Aguardando análise, após revisão ou atendimento da notificação;AT;0,0529
SP-3541406-06A3F70652534658A7B6B5B62148E9C1;SP;Presidente Prudente;Área Consolidada;Analisado, em conformidade com a Lei nº 12.651/2012, com ativos ambientais;AT;9,0893
SP-3541406-06CC628E82414F85BB1AE29B5CC76C1B;SP;Presidente Prudente;Área Consolidada;Aguardando análise;AT;0,3027
SP-3541406-06CC628E82414F85BB1AE29B5CC76C1B;SP;Presidente Prudente;Área Consolidada;Aguardando análise;AT;6,2540
SP-3541406-06CC628E82414F85BB1AE29B5CC76C1B;SP;Presidente Prudente;Área Consolidada;Aguardando análise;AT;0,0480
SP-3541406-06CC628E82414F85BB1AE29B5CC76C1B;SP;Presidente Prudente;Área Consolidada;Aguardando análise;AT;0,2261
SP-3541406-06DE44F1407746C386233EC23CA43339;SP;Presidente Prudente;Área Consolidada;Aguardando análise, após revisão ou atendimento da notificação;AT;0,0001
SP-3541406-06DE44F1407746C386233EC23CA43339;SP;Presidente Prudente;Área Consolidada;Aguardando análise, após revisão ou atendimento da notificação;AT;0,1612
SP-3541406-06DE44F1407746C386233EC23CA43339;SP;Presidente Prudente;Área Consolidada;Aguardando análise, após revisão ou atendimento da notificação;AT;0,0345
SP-3541406-06DE44F1407746C386233EC23CA43339;SP;Presidente Prudente;Área Consolidada;Aguardando análise, após revisão ou atendimento da notificação;AT;0,0010
SP-3541406-06DE44F1407746C386233EC23CA43339;SP;Presidente Prudente;Área Consolidada;Aguardando análise, após revisão ou atendimento da notificação;AT;0,0000
SP-3541406-06DE44F1407746C386233EC23CA43339;SP;Presidente Prudente;Área Consolidada;Aguardando análise, após revisão ou atendimento da notificação;AT;0,0006
SP-3541406-06DE44F1407746C386233EC23CA43339;SP;Presidente Prudente;Área Consolidada;Aguardando análise, após revisão ou atendimento da notificação;AT;0,0048
SP-3541406-06DE44F1407746C386233EC23CA43339;SP;Presidente Prudente;Área Consolidada;Aguardando análise, após revisão ou atendimento da notificação;AT;0,0039
SP-3541406-06DE44F1407746C386233EC23CA43339;SP;Presidente Prudente;Área Consolidada;Aguardando análise, após revisão ou atendimento da notificação;AT;0,6427
SP-3541406-06DE44F1407746C386233EC23CA43339;SP;Presidente Prudente;Área Consolidada;Aguardando análise, após revisão ou atendimento da notificação;AT;0,0021
SP-3541406-06DE44F1407746C386233EC23CA43339;SP;Presidente Prudente;Área Consolidada;Aguardando análise, após revisão ou atendimento da notificação;AT;0,0003
SP-3541406-06DE44F1407746C386233EC23CA43339;SP;Presidente Prudente;Área Consolidada;Aguardando análise, após revisão ou atendimento da notificação;AT;0,0252
SP-3541406-06DE44F1407746C386233EC23CA43339;SP;Presidente Prudente;Área Consolidada;Aguardando análise, após revisão ou atendimento da notificação;AT;0,0131
SP-3541406-06DE44F1407746C386233EC23CA43339;SP;Presidente Prudente;Área Consolidada;Aguardando análise, após revisão ou atendimento da notificação;AT;0,0006
SP-3541406-06DE44F1407746C386233EC23CA43339;SP;Presidente Prudente;Área Consolidada;Aguardando análise, após revisão ou atendimento da notificação;AT;0,0010
SP-3541406-06DE44F1407746C386233EC23CA43339;SP;Presidente Prudente;Área Consolidada;Aguardando análise, após revisão ou atendimento da notificação;AT;0,0010
SP-3541406-06DE44F1407746C386233EC23CA43339;SP;Presidente Prudente;Área Consolidada;Aguardando análise, após revisão ou atendimento da notificação;AT;0,0318
SP-3541406-06DE44F1407746C386233EC23CA43339;SP;Presidente Prudente;Área Consolidada;Aguardando análise, após revisão ou atendimento da notificação;AT;0,0006
SP-3541406-06DE44F1407746C386233EC23CA43339;SP;Presidente Prudente;Área Consolidada;Aguardando análise, após revisão ou atendimento da notificação;AT;0,0307
SP-3541406-06DE44F1407746C386233EC23CA43339;SP;Presidente Prudente;Área Consolidada;Aguardando análise, após revisão ou atendimento da notificação;AT;0,0002
SP-3541406-06DE44F1407746C386233EC23CA43339;SP;Presidente Prudente;Área Consolidada;Aguardando análise, após revisão ou atendimento da notificação;AT;0,0003
SP-3541406-06DE44F1407746C386233EC23CA43339;SP;Presidente Prudente;Área Consolidada;Aguardando análise, após revisão ou atendimento da notificação;AT;0,0005
SP-3541406-06DE44F1407746C386233EC23CA43339;SP;Presidente Prudente;Área Consolidada;Aguardando análise, após revisão ou atendimento da notificação;AT;0,0179
SP-3541406-06DE44F1407746C386233EC23CA43339;SP;Presidente Prudente;Área Consolidada;Aguardando análise, após revisão ou atendimento da notificação;AT;0,0012
SP-3541406-0718A8E5FE464F1CB1F1FAD11F88C222;SP;Presidente Prudente;Área Consolidada;Analisado, aguardando atendimento a notificação;AT;8,1641
SP-3541406-07820A7EBF6746A49A0145EE500617FF;SP;Presidente Prudente;Área Consolidada;Analisado, aguardando atendimento a notificação;AT;4,8249
SP-3541406-0791C1E2A3FB489DA235BA0CEB401B4E;SP;Presidente Prudente;Área Consolidada;Aguardando análise, após revisão ou atendimento da notificação;AT;3,7326
SP-3541406-08F343E1251A4BD48F18095CADB3D70B;SP;Presidente Prudente;Área Consolidada;Analisado, em conformidade com a Lei nº 12.651/2012, com ativos ambientais;AT;5,7693
SP-3541406-0905EE33783E43C3823AE67D61BF6CF9;SP;Presidente Prudente;Área Consolidada;Analisado, aguardando atendimento a notificação;AT;4,5636
SP-3541406-0989452124E2440E8D39697AA0BEDD0B;SP;Presidente Prudente;Área Consolidada;Analisado, aguardando atendimento a notificação;AT;0,3959
SP-3541406-0989452124E2440E8D39697AA0BEDD0B;SP;Presidente Prudente;Área Consolidada;Analisado, aguardando atendimento a notificação;AT;0,0265
SP-3541406-09CF5AAB6B94420885F52491A6782053;SP;Presidente Prudente;Área Consolidada;Aguardando análise;AT;30,3300
SP-3541406-09D6AF8667BE4EB191AF933C2AA8AC26;SP;Presidente Prudente;Área Consolidada;Analisado, aguardando regularização ambiental (Lei nº 12.651/2012);AT;26,3286
SP-3541406-0A140E81F20E4C1A9E01B70100F4F780;SP;Presidente Prudente;Área Consolidada;Aguardando análise;AT;0,0000
SP-3541406-0A140E81F20E4C1A9E01B70100F4F780;SP;Presidente Prudente;Área Consolidada;Aguardando análise;AT;0,7694
SP-3541406-0A6BFA297C4345289D2D8B357C96875A;SP;Presidente Prudente;Área Consolidada;Analisado, em conformidade com a Lei nº 12.651/2012, com ativos ambientais;AT;2,5207
SP-3541406-0B08A770537849C9AAFE22531D65CECF;SP;Presidente Prudente;Área Consolidada;Analisado, em conformidade com a Lei nº 12.651/2012, com ativos ambientais;AT;2,4723
SP-3541406-0B147A261B3A4ED784647D1774D9293D;SP;Presidente Prudente;Área Consolidada;Analisado, em conformidade com a Lei nº 12.651/2012;AT;9,6770
SP-3541406-0B6D67438F6047FBBDAA18FF5528E4F4;SP;Presidente Prudente;Área Consolidada;Analisado, aguardando regularização ambiental (Lei nº 12.651/2012);AT;8,7432
SP-3541406-0B8405F100754A3A8E50040C45076223;SP;Presidente Prudente;Área Consolidada;Aguardando análise;AT;13,3473
SP-3541406-0C083ED8393F484BB1DFB0EE02C0F187;SP;Presidente Prudente;Área Consolidada;Analisado, aguardando atendimento a notificação;AT;0,5178
SP-3541406-0C6A4CFAA95F49E6B8D1F510220623CF;SP;Presidente Prudente;Área Consolidada;Aguardando análise;AT;13,3295
SP-3541406-0C91F22F9B43488284F01602973B6317;SP;Presidente Prudente;Área Consolidada;Analisado, em conformidade com a Lei nº 12.651/2012, com ativos ambientais;AT;2,0438
SP-3541406-0CD723B4F15B4E0B8D8C6470023845B8;SP;Presidente Prudente;Área Consolidada;Analisado, em conformidade com a Lei nº 12.651/2012, com ativos ambientais;AT;4,8064
SP-3541406-0CDB5C38776D4DD48CA1222BE1A37905;SP;Presidente Prudente;Área Consolidada;Aguardando análise;AT;5,6557
SP-3541406-0D4F0836663F4EE0A8BF766BFF376CCF;SP;Presidente Prudente;Área Consolidada;Analisado, em conformidade com a Lei nº 12.651/2012, com ativos ambientais;AT;2,1804
SP-3541406-0D9D1B36E0A74AAD87F90AF3AB9B57B2;SP;Presidente Prudente;Área Consolidada;Aguardando análise, após revisão ou atendimento da notificação;AT;2,4520
SP-3541406-0E5AFE0E20EE4F6F85675F4ABFFD89EC;SP;Presidente Prudente;Área Consolidada;Aguardando análise;AT;23,7783
SP-3541406-0E7DC87F55A64B6689BA906471AFDBBA;SP;Presidente Prudente;Área Consolidada;Analisado, aguardando atendimento a notificação;AT;5,3627
SP-3541406-0EA770868C11420C9E9E391CD10A1BEC;SP;Presidente Prudente;Área Consolidada;Analisado, em conformidade com a Lei nº 12.651/2012, com ativos ambientais;AT;1,2195
SP-3541406-0EB1B3D60EFD475BA57BEE69B47ECF03;SP;Presidente Prudente;Área Consolidada;Analisado, aguardando regularização ambiental (Lei nº 12.651/2012);AT;11,5761
SP-3541406-0ECDD1BC26E64D3B9FA00AF17CDA64CF;SP;Presidente Prudente;Área Consolidada;Analisado, em conformidade com a Lei nº 12.651/2012, com ativos ambientais;AT;14,7823
SP-3541406-0F17501882C045FD9046373EAF89E4AC;SP;Presidente Prudente;Área Consolidada;Aguardando análise, após revisão ou atendimento da notificação;AT;12,1075
SP-3541406-0F322A88DF10477AA13C7417EC366BF6;SP;Presidente Prudente;Área Consolidada;Aguardando análise, após revisão ou atendimento da notificação;AT;0,3531
SP-3541406-0F33302622DE486C9807BF4FFB8595B2;SP;Presidente Prudente;Área Consolidada;Analisado, em conformidade com a Lei nº 12.651/2012;AT;12,1088
SP-3541406-0F57B89C9F7A4B159B6D5F7CC5C7A4BC;SP;Presidente Prudente;Área Consolidada;Aguardando análise;AT;24,1533
SP-3541406-0F5C2DF4F79548A39C603228057602A6;SP;Presidente Prudente;Área Consolidada;Aguardando análise;AT;18,5254
SP-3541406-0F6C5711F13F4B15A05D72A0EBDF4559;SP;Presidente Prudente;Área Consolidada;Analisado, aguardando atendimento a notificação;AT;4,6610
SP-3541406-0F6C5711F13F4B15A05D72A0EBDF4559;SP;Presidente Prudente;Área Consolidada;Analisado, aguardando atendimento a notificação;AT;5,9210
SP-3541406-0F6FD44D128A4AA68AEC584383E64EB9;SP;Presidente Prudente;Área Consolidada;Analisado, aguardando atendimento a notificação;AT;13,4597
SP-3541406-0F79EA08CD614D76B8F19896E7137EE2;SP;Presidente Prudente;Área Consolidada;Aguardando análise;AT;4,1484
SP-3541406-0F8B885901084AD79472A6BEFD9AB75C;SP;Presidente Prudente;Área Consolidada;Aguardando análise;AT;19,0511
SP-3541406-1040E97CE2EF4307B38313CD8C868670;SP;Presidente Prudente;Área Consolidada;Analisado, aguardando atendimento a notificação;AT;10,8488
SP-3541406-10AC2F61BC80467F9CF91AAFDBA34B71;SP;Presidente Prudente;Área Consolidada;Analisado, em conformidade com a Lei nº 12.651/2012;AT;21,6158
SP-3541406-10E3351289D04D679FD3EBA82B6DE6A8;SP;Presidente Prudente;Área Consolidada;Analisado, em conformidade com a Lei nº 12.651/2012;AT;3,9930
SP-3541406-10E60C568A6847FCA428BC21A0452399;SP;Presidente Prudente;Área Consolidada;Analisado, em conformidade com a Lei nº 12.651/2012, com ativos ambientais;AT;54,2289
SP-3541406-11007C79390247C59F694F31336636A1;SP;Presidente Prudente;Área Consolidada;Analisado, em conformidade com a Lei nº 12.651/2012;AT;7,2941
SP-3541406-1111498D46624A2EB88BE0D2057BD994;SP;Presidente Prudente;Área Consolidada;Analisado, aguardando atendimento a notificação;AT;4,0742
SP-3541406-1136DDC6AED3495391B32115A03FB17A;SP;Presidente Prudente;Área Consolidada;Aguardando análise;AT;6,4723
SP-3541406-116BC5C019974CBCA76DFE21CCD9925E;SP;Presidente Prudente;Área Consolidada;Aguardando análise;AT;0,0204
SP-3541406-116BC5C019974CBCA76DFE21CCD9925E;SP;Presidente Prudente;Área Consolidada;Aguardando análise;AT;0,3483
SP-3541406-116BC5C019974CBCA76DFE21CCD9925E;SP;Presidente Prudente;Área Consolidada;Aguardando análise;AT;0,0278
SP-3541406-116BC5C019974CBCA76DFE21CCD9925E;SP;Presidente Prudente;Área Consolidada;Aguardando análise;AT;0,6195
SP-3541406-11D0604CC9314667B7335B32A39B75AF;SP;Presidente Prudente;Área Consolidada;Aguardando análise;AT;12,3041
SP-3541406-11E89703ADAF4436BB37295544EFF1CF;SP;Presidente Prudente;Área Consolidada;Aguardando análise;AT;10,5996
SP-3541406-11EE45056B7542268C603833374ACC42;SP;Presidente Prudente;Área Consolidada;Aguardando análise, após revisão ou atendimento da notificação;AT;10,1488
SP-3541406-1205CF8670D8428CB7D9228F740A2703;SP;Presidente Prudente;Área Consolidada;Analisado, em conformidade com a Lei nº 12.651/2012, com ativos ambientais;AT;18,1568
SP-3541406-121C86505F424AAC9C220D29167545E8;SP;Presidente Prudente;Área Consolidada;Analisado, aguardando regularização ambiental (Lei nº 12.651/2012);AT;56,3166
SP-3541406-12402E217459456BB2BE294435606FB2;SP;Presidente Prudente;Área Consolidada;Analisado, em conformidade com a Lei nº 12.651/2012, com ativos ambientais;AT;10,3042
SP-3541406-12508205A84F49F1AFCE88CFFAF92343;SP;Presidente Prudente;Área Consolidada;Analisado, em conformidade com a Lei nº 12.651/2012;AT;1,9981
SP-3541406-128B9ABB9BB34C109C5167971EADD408;SP;Presidente Prudente;Área Consolidada;Analisado, em conformidade com a Lei nº 12.651/2012;AT;5,0220
SP-3541406-135827E707114E8D87872D723BA38546;SP;Presidente Prudente;Área Consolidada;Analisado, aguardando atendimento a notificação;AT;0,5101
SP-3541406-138FFFF3FE4F411EA8202F9F65B93366;SP;Presidente Prudente;Área Consolidada;Analisado, aguardando regularização ambiental (Lei nº 12.651/2012);AT;4,6334
SP-3541406-13A9679C17F14420B804BB20FE321CF7;SP;Presidente Prudente;Área Consolidada;Analisado, aguardando atendimento a notificação;AT;1,8227
SP-3541406-13D4B1A98F7B454A8C1ECD2B3F984F78;SP;Presidente Prudente;Área Consolidada;Aguardando análise;AT;12,1980
SP-3541406-13EDB8D406934C9FB8C7D7E9BA771709;SP;Presidente Prudente;Área Consolidada;Analisado, em conformidade com a Lei nº 12.651/2012, com ativos ambientais;AT;5,9279
SP-3541406-13F6BDEE526341D4BABAFD6E3CF26FD9;SP;Presidente Prudente;Área Consolidada;Analisado, em conformidade com a Lei nº 12.651/2012;AT;4,8338
SP-3541406-1450CEC4C6AA402B9AEF999CF086291E;SP;Presidente Prudente;Área Consolidada;Analisado, aguardando atendimento a notificação;AT;2,0955
SP-3541406-146E94DADB42451AB6EC573179DEDCE8;SP;Presidente Prudente;Área Consolidada;Aguardando análise;AT;49,7081
SP-3541406-1498829DB9154A45874EB46AEEC7F592;SP;Presidente Prudente;Área Consolidada;Aguardando análise;AT;0,2154
SP-3541406-1498829DB9154A45874EB46AEEC7F592;SP;Presidente Prudente;Área Consolidada;Aguardando análise;AT;5,0117
SP-3541406-1498829DB9154A45874EB46AEEC7F592;SP;Presidente Prudente;Área Consolidada;Aguardando análise;AT;0,6549
SP-3541406-1498829DB9154A45874EB46AEEC7F592;SP;Presidente Prudente;Área Consolidada;Aguardando análise;AT;17,9087
SP-3541406-14E1EFEF9E534D39A06DC69BC15C054E;SP;Presidente Prudente;Área Consolidada;Analisado, aguardando atendimento a notificação;AT;0,7818
SP-3541406-14EC3C83593341DCB7C501E601361010;SP;Presidente Prudente;Área Consolidada;Analisado, aguardando regularização ambiental (Lei nº 12.651/2012);AT;41,3184
SP-3541406-14FFF27B547F4DC2BD01BB9292580496;SP;Presidente Prudente;Área Consolidada;Analisado, aguardando regularização ambiental (Lei nº 12.651/2012);AT;10,8170
SP-3541406-1509E19C8D294677B4B601330F5B8CD2;SP;Presidente Prudente;Área Consolidada;Analisado, em conformidade com a Lei nº 12.651/2012, com ativos ambientais;AT;15,4599
SP-3541406-154F2BA1DCFC42EBADDD787E665B340A;SP;Presidente Prudente;Área Consolidada;Aguardando análise;AT;6,6230
SP-3541406-15602B8DFAC4488B8BE715DDD8BDEBF0;SP;Presidente Prudente;Área Consolidada;Aguardando análise;AT;17,5913
SP-3541406-15C8182F94894FDEB57A6EED0F359C05;SP;Presidente Prudente;Área Consolidada;Analisado, em conformidade com a Lei nº 12.651/2012, com ativos ambientais;AT;1,5238
SP-3541406-15DB9ACA95144E21943C5050B13FB1CF;SP;Presidente Prudente;Área Consolidada;Analisado, aguardando atendimento a notificação;AT;27,2133
SP-3541406-1691910999C44406AE09063FB326C3E4;SP;Presidente Prudente;Área Consolidada;Analisado, em conformidade com a Lei nº 12.651/2012;AT;2,4228
SP-3541406-16965EDB7A614B6B93E0A3FEF3DD2048;SP;Presidente Prudente;Área Consolidada;Analisado, em conformidade com a Lei nº 12.651/2012, com ativos ambientais;AT;7,5913
SP-3541406-16B17DCEA8234D5D81251F1290044D50;SP;Presidente Prudente;Área Consolidada;Aguardando análise, após revisão ou atendimento da notificação;AT;2,9041
SP-3541406-16B479799DD04D308B616B161ECFD511;SP;Presidente Prudente;Área Consolidada;Analisado, aguardando atendimento a notificação;AT;12,6492
SP-3541406-173EE5810AB84714A3E6E47B1D23FC99;SP;Presidente Prudente;Área Consolidada;Aguardando análise;AT;15,4723
SP-3541406-17606FF75B8447FFB19DE7D912F274AB;SP;Presidente Prudente;Área Consolidada;Analisado, aguardando regularização ambiental (Lei nº 12.651/2012);AT;12,4136
SP-3541406-186E215D240B4EFFAC2709CEE7E5E950;SP;Presidente Prudente;Área Consolidada;Aguardando análise, após revisão ou atendimento da notificação;AT;0,9604
SP-3541406-186E215D240B4EFFAC2709CEE7E5E950;SP;Presidente Prudente;Área Consolidada;Aguardando análise, após revisão ou atendimento da notificação;AT;0,6525
SP-3541406-186E215D240B4EFFAC2709CEE7E5E950;SP;Presidente Prudente;Área Consolidada;Aguardando análise, após revisão ou atendimento da notificação;AT;0,7841
SP-3541406-18D26F9FD840450587FC746E710AB931;SP;Presidente Prudente;Área Consolidada;Aguardando análise;AT;4,9013
SP-3541406-19712B0A95E146A1BAB1C8D825DF634A;SP;Presidente Prudente;Área Consolidada;Analisado, aguardando atendimento a notificação;AT;1,3249
SP-3541406-1981F17B64E8406BAD7B434E6524CD5C;SP;Presidente Prudente;Área Consolidada;Analisado, aguardando atendimento a notificação;AT;0,0011
SP-3541406-1981F17B64E8406BAD7B434E6524CD5C;SP;Presidente Prudente;Área Consolidada;Analisado, aguardando atendimento a notificação;AT;0,7841
SP-3541406-1981F17B64E8406BAD7B434E6524CD5C;SP;Presidente Prudente;Área Consolidada;Analisado, aguardando atendimento a notificação;AT;0,2940
SP-3541406-1981F17B64E8406BAD7B434E6524CD5C;SP;Presidente Prudente;Área Consolidada;Analisado, aguardando atendimento a notificação;AT;0,0056
SP-3541406-1981F17B64E8406BAD7B434E6524CD5C;SP;Presidente Prudente;Área Consolidada;Analisado, aguardando atendimento a notificação;AT;0,3636
SP-3541406-1981F17B64E8406BAD7B434E6524CD5C;SP;Presidente Prudente;Área Consolidada;Analisado, aguardando atendimento a notificação;AT;0,0054
SP-3541406-1981F17B64E8406BAD7B434E6524CD5C;SP;Presidente Prudente;Área Consolidada;Analisado, aguardando atendimento a notificação;AT;0,3905
SP-3541406-199C8546D3634E12A0FAC7745540289B;SP;Presidente Prudente;Área Consolidada;Aguardando análise;AT;3,4325
SP-3541406-1A4C7D164ED5422DB0B1F9805F28F121;SP;Presidente Prudente;Área Consolidada;Aguardando análise;AT;15,0961
SP-3541406-1A803CA4C31545ACB98096646D51E101;SP;Presidente Prudente;Área Consolidada;Analisado, em conformidade com a Lei nº 12.651/2012, com ativos ambientais;AT;11,0730
SP-3541406-1AB0939CAC4E4925BD55860E18AABD6E;SP;Presidente Prudente;Área Consolidada;Analisado, em conformidade com a Lei nº 12.651/2012, com ativos ambientais;AT;2,3186
SP-3541406-1B0515E48CCB4B4D962F8FC76A6E42F0;SP;Presidente Prudente;Área Consolidada;Aguardando análise;AT;11,0598
SP-3541406-1B1A4699CF954AC68E91C677656ADAE6;SP;Presidente Prudente;Área Consolidada;Analisado, em conformidade com a Lei nº 12.651/2012, com ativos ambientais;AT;21,6719
SP-3541406-1BAF113A1CC54E50A4C954D6C1EFD350;SP;Presidente Prudente;Área Consolidada;Analisado, em conformidade com a Lei nº 12.651/2012, com ativos ambientais;AT;27,4383
SP-3541406-1BC79154ADEE4EB79136BA3DDA4C46AA;SP;Presidente Prudente;Área Consolidada;Aguardando análise;AT;11,9273
SP-3541406-1C3C1608969548FDBAE11BEF1B0BD760;SP;Presidente Prudente;Área Consolidada;Aguardando análise;AT;7,7147
SP-3541406-1C55805894874587B7FE866A10713EE6;SP;Presidente Prudente;Área Consolidada;Aguardando análise;AT;17,1914
SP-3541406-1C857972BF08470AADAB3EBFAA84AD83;SP;Presidente Prudente;Área Consolidada;Aguardando análise;AT;9,3403
SP-3541406-1C9780C259404FDAB800B4918DA1B2AC;SP;Presidente Prudente;Área Consolidada;Analisado, aguardando regularização ambiental (Lei nº 12.651/2012);AT;5,0906
SP-3541406-1CD6EC1A556C4C1FA71C7CCB3F97C213;SP;Presidente Prudente;Área Consolidada;Analisado, aguardando atendimento a notificação;AT;5,9369
SP-3541406-1CE0B8EC90F94D75A25424E2F330D38C;SP;Presidente Prudente;Área Consolidada;Aguardando análise;PE;1,4770
SP-3541406-1D3BF154BA3D44AB9D26EF30515B1B80;SP;Presidente Prudente;Área Consolidada;Analisado, em conformidade com a Lei nº 12.651/2012;AT;12,2730
SP-3541406-1D6E25C718104414A9181401BD206D69;SP;Presidente Prudente;Área Consolidada;Analisado, em conformidade com a Lei nº 12.651/2012;AT;2,2129
SP-3541406-1D92232ECB194A1AA4CCA77F59C10567;SP;Presidente Prudente;Área Consolidada;Analisado, aguardando atendimento a notificação;AT;12,8575
SP-3541406-1D93105B3C2C4D858F6B41379E5CDC7F;SP;Presidente Prudente;Área Consolidada;Analisado, em conformidade com a Lei nº 12.651/2012;AT;6,6171
SP-3541406-1DC44750756146DDADCA20156CB54622;SP;Presidente Prudente;Área Consolidada;Analisado, em conformidade com a Lei nº 12.651/2012, com ativos ambientais;AT;37,6656
SP-3541406-1DD5C6B29E2040C4AB9F52138727F5CB;SP;Presidente Prudente;Área Consolidada;Aguardando análise;AT;0,9213
SP-3541406-1DE2C43E3D23444FA6D0015027D2ADEB;SP;Presidente Prudente;Área Consolidada;Analisado, aguardando regularização ambiental (Lei nº 12.651/2012);AT;19,8383
SP-3541406-1DEEFE9ABFBA4938B8AD629AFFB38D28;SP;Presidente Prudente;Área Consolidada;Aguardando análise;AT;5,0100
SP-3541406-1E162B94B47C40D4AB6CB98DD9325D26;SP;Presidente Prudente;Área Consolidada;Aguardando análise;AT;56,8451
SP-3541406-1E5E4EBA74E04F6280C7F6EE58C7BD2E;SP;Presidente Prudente;Área Consolidada;Aguardando análise;AT;21,1576
SP-3541406-1E80B162424B48C68133067632986A75;SP;Presidente Prudente;Área Consolidada;Aguardando análise;AT;143,8520
SP-3541406-1E9E9EA1655F44C0999A0A360D2C53EE;SP;Presidente Prudente;Área Consolidada;Analisado, em conformidade com a Lei nº 12.651/2012;AT;3,4724
SP-3541406-1F7438B1ECE94469A253B3EE430B9543;SP;Presidente Prudente;Área Consolidada;Analisado, em conformidade com a Lei nº 12.651/2012;AT;6,0486
SP-3541406-1F884D96C18C487EB5D40A667C5A6750;SP;Presidente Prudente;Área Consolidada;Aguardando análise;AT;6,6029
SP-3541406-1FA6263E0828478CA39886E9B27046A3;SP;Presidente Prudente;Área Consolidada;Aguardando análise;AT;6,5741
SP-3541406-201B4F218C6948F9A020A67B174077D9;SP;Presidente Prudente;Área Consolidada;Aguardando análise;AT;0,0000
SP-3541406-201B4F218C6948F9A020A67B174077D9;SP;Presidente Prudente;Área Consolidada;Aguardando análise;AT;0,0148
SP-3541406-201B4F218C6948F9A020A67B174077D9;SP;Presidente Prudente;Área Consolidada;Aguardando análise;AT;0,0000
SP-3541406-201B4F218C6948F9A020A67B174077D9;SP;Presidente Prudente;Área Consolidada;Aguardando análise;AT;0,0006
SP-3541406-201B4F218C6948F9A020A67B174077D9;SP;Presidente Prudente;Área Consolidada;Aguardando análise;AT;0,1871
SP-3541406-2054A950B3EE4039B943EFC45F9F6F8C;SP;Presidente Prudente;Área Consolidada;Analisado, aguardando regularização ambiental (Lei nº 12.651/2012);AT;45,6233
SP-3541406-20CA9485994E4DD0B473D578D873A3DB;SP;Presidente Prudente;Área Consolidada;Analisado, aguardando atendimento a notificação;AT;5,1292
SP-3541406-211B271030914963BD95DEAF0DCF3139;SP;Presidente Prudente;Área Consolidada;Aguardando análise, após revisão ou atendimento da notificação;AT;45,6950
SP-3541406-2146C8AD9098464384469EF0AA507C77;SP;Presidente Prudente;Área Consolidada;Analisado, aguardando regularização ambiental (Lei nº 12.651/2012);AT;38,1282
SP-3541406-21484C0A5B8949F5B81E8A8A9A6F91E6;SP;Presidente Prudente;Área Consolidada;Aguardando análise;AT;12,2633
SP-3541406-217E3091135E467DA0B4C836F81DE1AB;SP;Presidente Prudente;Área Consolidada;Analisado, em conformidade com a Lei nº 12.651/2012, com ativos ambientais;AT;4,3327
SP-3541406-2185D8CC1AD34852A1E39C432262B179;SP;Presidente Prudente;Área Consolidada;Aguardando análise;AT;10,5507
SP-3541406-2199922EF86B47DC90182A800740EDBC;SP;Presidente Prudente;Área Consolidada;Analisado, aguardando regularização ambiental (Lei nº 12.651/2012);AT;0,2488
SP-3541406-2199922EF86B47DC90182A800740EDBC;SP;Presidente Prudente;Área Consolidada;Analisado, aguardando regularização ambiental (Lei nº 12.651/2012);AT;0,0811
SP-3541406-219C2B3E77C14CCEB2D8B5CB2B8A73D7;SP;Presidente Prudente;Área Consolidada;Analisado, aguardando regularização ambiental (Lei nº 12.651/2012);AT;4,5793
SP-3541406-21E58618D83F4DDBBB06AA10663D402D;SP;Presidente Prudente;Área Consolidada;Aguardando análise;AT;0,1882
SP-3541406-21FF70BE5F134FFCB1B65BDD69249670;SP;Presidente Prudente;Área Consolidada;Analisado, aguardando regularização ambiental (Lei nº 12.651/2012);AT;29,1704
SP-3541406-22295DF3B0054DA1B22187B2A775D72D;SP;Presidente Prudente;Área Consolidada;Aguardando análise;AT;78,2836
SP-3541406-224A978C716248A4ACD7A82FEAFB203E;SP;Presidente Prudente;Área Consolidada;Analisado, aguardando regularização ambiental (Lei nº 12.651/2012);AT;23,0637
SP-3541406-22938F504643439BB04A2BE0C295371D;SP;Presidente Prudente;Área Consolidada;Aguardando análise;AT;2,8909
SP-3541406-22A6A1E1890C490BB9365792DA89C0E8;SP;Presidente Prudente;Área Consolidada;Analisado, em conformidade com a Lei nº 12.651/2012, com ativos ambientais;AT;19,4835
SP-3541406-22CAD8CD172040388F61366DACE69755;SP;Presidente Prudente;Área Consolidada;Analisado, aguardando atendimento a notificação;AT;4,5716
SP-3541406-230417D1F251479D94A4A5943C70899E;SP;Presidente Prudente;Área Consolidada;Aguardando análise;AT;7,2171
SP-3541406-238294E7732944928B7B9C078F86ED5B;SP;Presidente Prudente;Área Consolidada;Aguardando análise;AT;3,7127
SP-3541406-2388323935CA4C16AD1BEF15BD2749FE;SP;Presidente Prudente;Área Consolidada;Analisado, em conformidade com a Lei nº 12.651/2012;AT;14,3550
SP-3541406-2467F6912ADF4789AF75921504AE8617;SP;Presidente Prudente;Área Consolidada;Analisado, em conformidade com a Lei nº 12.651/2012, com ativos ambientais;AT;0,3567
SP-3541406-2476DE10938A4788AC29F94994044904;SP;Presidente Prudente;Área Consolidada;Aguardando análise;AT;0,7415
SP-3541406-24885EC5272D4D55B1EB7C4E42B8BA22;SP;Presidente Prudente;Área Consolidada;Analisado, em conformidade com a Lei nº 12.651/2012;AT;12,9866
SP-3541406-24A0849B55954DA8BD22562E42203223;SP;Presidente Prudente;Área Consolidada;Aguardando análise;AT;20,4772
SP-3541406-24A2A81327FC4996A76598B8D88CA1F2;SP;Presidente Prudente;Área Consolidada;Analisado, aguardando regularização ambiental (Lei nº 12.651/2012);AT;65,4927
SP-3541406-24B2AA96B9B14AD8B85377FDD4B695C7;SP;Presidente Prudente;Área Consolidada;Aguardando análise, após revisão ou atendimento da notificação;AT;1,3203
SP-3541406-24B5E6330E454B069A8633624DD0AC30;SP;Presidente Prudente;Área Consolidada;Aguardando análise, após revisão ou atendimento da notificação;AT;0,0000
SP-3541406-24B5E6330E454B069A8633624DD0AC30;SP;Presidente Prudente;Área Consolidada;Aguardando análise, após revisão ou atendimento da notificação;AT;0,0001
SP-3541406-24B5E6330E454B069A8633624DD0AC30;SP;Presidente Prudente;Área Consolidada;Aguardando análise, após revisão ou atendimento da notificação;AT;0,0001
SP-3541406-24B5E6330E454B069A8633624DD0AC30;SP;Presidente Prudente;Área Consolidada;Aguardando análise, após revisão ou atendimento da notificação;AT;0,0016
SP-3541406-24B5E6330E454B069A8633624DD0AC30;SP;Presidente Prudente;Área Consolidada;Aguardando análise, após revisão ou atendimento da notificação;AT;0,0004
SP-3541406-24B5E6330E454B069A8633624DD0AC30;SP;Presidente Prudente;Área Consolidada;Aguardando análise, após revisão ou atendimento da notificação;AT;0,0001
SP-3541406-24B5E6330E454B069A8633624DD0AC30;SP;Presidente Prudente;Área Consolidada;Aguardando análise, após revisão ou atendimento da notificação;AT;0,0001
SP-3541406-24B5E6330E454B069A8633624DD0AC30;SP;Presidente Prudente;Área Consolidada;Aguardando análise, após revisão ou atendimento da notificação;AT;2,6955
SP-3541406-24B5E6330E454B069A8633624DD0AC30;SP;Presidente Prudente;Área Consolidada;Aguardando análise, após revisão ou atendimento da notificação;AT;1,8017
SP-3541406-24B5E6330E454B069A8633624DD0AC30;SP;Presidente Prudente;Área Consolidada;Aguardando análise, após revisão ou atendimento da notificação;AT;0,0012
SP-3541406-24B5E6330E454B069A8633624DD0AC30;SP;Presidente Prudente;Área Consolidada;Aguardando análise, após revisão ou atendimento da notificação;AT;0,0172
SP-3541406-24B5E6330E454B069A8633624DD0AC30;SP;Presidente Prudente;Área Consolidada;Aguardando análise, após revisão ou atendimento da notificação;AT;0,0003
SP-3541406-24B5E6330E454B069A8633624DD0AC30;SP;Presidente Prudente;Área Consolidada;Aguardando análise, após revisão ou atendimento da notificação;AT;0,7306
SP-3541406-24B5E6330E454B069A8633624DD0AC30;SP;Presidente Prudente;Área Consolidada;Aguardando análise, após revisão ou atendimento da notificação;AT;0,0000
SP-3541406-24B5E6330E454B069A8633624DD0AC30;SP;Presidente Prudente;Área Consolidada;Aguardando análise, após revisão ou atendimento da notificação;AT;0,0186
SP-3541406-24B5E6330E454B069A8633624DD0AC30;SP;Presidente Prudente;Área Consolidada;Aguardando análise, após revisão ou atendimento da notificação;AT;0,2144
SP-3541406-24B5E6330E454B069A8633624DD0AC30;SP;Presidente Prudente;Área Consolidada;Aguardando análise, após revisão ou atendimento da notificação;AT;0,0706
SP-3541406-24B5E6330E454B069A8633624DD0AC30;SP;Presidente Prudente;Área Consolidada;Aguardando análise, após revisão ou atendimento da notificação;AT;0,0061
SP-3541406-24B5E6330E454B069A8633624DD0AC30;SP;Presidente Prudente;Área Consolidada;Aguardando análise, após revisão ou atendimento da notificação;AT;1,2832
SP-3541406-24B5E6330E454B069A8633624DD0AC30;SP;Presidente Prudente;Área Consolidada;Aguardando análise, após revisão ou atendimento da notificação;AT;0,0002
SP-3541406-24B5E6330E454B069A8633624DD0AC30;SP;Presidente Prudente;Área Consolidada;Aguardando análise, após revisão ou atendimento da notificação;AT;0,0000
SP-3541406-24B5E6330E454B069A8633624DD0AC30;SP;Presidente Prudente;Área Consolidada;Aguardando análise, após revisão ou atendimento da notificação;AT;0,0000
SP-3541406-24B5E6330E454B069A8633624DD0AC30;SP;Presidente Prudente;Área Consolidada;Aguardando análise, após revisão ou atendimento da notificação;AT;0,0002
SP-3541406-24B5E6330E454B069A8633624DD0AC30;SP;Presidente Prudente;Área Consolidada;Aguardando análise, após revisão ou atendimento da notificação;AT;0,0000
SP-3541406-24B5E6330E454B069A8633624DD0AC30;SP;Presidente Prudente;Área Consolidada;Aguardando análise, após revisão ou atendimento da notificação;AT;0,0114
SP-3541406-24B5E6330E454B069A8633624DD0AC30;SP;Presidente Prudente;Área Consolidada;Aguardando análise, após revisão ou atendimento da notificação;AT;0,0001
SP-3541406-24B5E6330E454B069A8633624DD0AC30;SP;Presidente Prudente;Área Consolidada;Aguardando análise, após revisão ou atendimento da notificação;AT;0,0828
SP-3541406-24BB6898643F4B1B8E452998BC5FF7AA;SP;Presidente Prudente;Área Consolidada;Aguardando análise, após revisão ou atendimento da notificação;AT;0,0301
SP-3541406-24BB6898643F4B1B8E452998BC5FF7AA;SP;Presidente Prudente;Área Consolidada;Aguardando análise, após revisão ou atendimento da notificação;AT;0,3765
SP-3541406-24CF74A1D7B946E3B2464DF11867290F;SP;Presidente Prudente;Área Consolidada;Analisado, em conformidade com a Lei nº 12.651/2012, com ativos ambientais;AT;3,1638
SP-3541406-24D845747CAD4BA4801B16DE1D5D4816;SP;Presidente Prudente;Área Consolidada;Aguardando análise, após revisão ou atendimento da notificação;AT;74,0384
SP-3541406-24F83167FDF44BBEA9854B8FFF9C0FE7;SP;Presidente Prudente;Área Consolidada;Aguardando análise;AT;34,9551
SP-3541406-24FCA19BCDA7455FADBE67EF59C6110E;SP;Presidente Prudente;Área Consolidada;Analisado, em conformidade com a Lei nº 12.651/2012, com ativos ambientais;AT;7,0428
SP-3541406-24FF4DDE19FB45089A54D9A73B6E3482;SP;Presidente Prudente;Área Consolidada;Analisado, aguardando atendimento a notificação;AT;0,0312
SP-3541406-251F35F9E73E4320B95DD714D4752D9B;SP;Presidente Prudente;Área Consolidada;Analisado, aguardando atendimento a notificação;AT;2,0578
SP-3541406-25363645C50B464E8D4A61647416D952;SP;Presidente Prudente;Área Consolidada;Analisado, aguardando atendimento a notificação;AT;6,7038
SP-3541406-2550E13CBE874D3DB19DF3C65EC1A327;SP;Presidente Prudente;Área Consolidada;Analisado, aguardando regularização ambiental (Lei nº 12.651/2012);AT;24,1864
SP-3541406-25523753D89040299129A63FC7D55C11;SP;Presidente Prudente;Área Consolidada;Aguardando análise;AT;0,0154
SP-3541406-25523753D89040299129A63FC7D55C11;SP;Presidente Prudente;Área Consolidada;Aguardando análise;AT;0,6859
SP-3541406-25523753D89040299129A63FC7D55C11;SP;Presidente Prudente;Área Consolidada;Aguardando análise;AT;0,0176
SP-3541406-25523753D89040299129A63FC7D55C11;SP;Presidente Prudente;Área Consolidada;Aguardando análise;AT;1,9920
SP-3541406-25523753D89040299129A63FC7D55C11;SP;Presidente Prudente;Área Consolidada;Aguardando análise;AT;0,0366
SP-3541406-25523753D89040299129A63FC7D55C11;SP;Presidente Prudente;Área Consolidada;Aguardando análise;AT;0,0200
SP-3541406-25523753D89040299129A63FC7D55C11;SP;Presidente Prudente;Área Consolidada;Aguardando análise;AT;0,0607
SP-3541406-25523753D89040299129A63FC7D55C11;SP;Presidente Prudente;Área Consolidada;Aguardando análise;AT;4,4361
SP-3541406-25523753D89040299129A63FC7D55C11;SP;Presidente Prudente;Área Consolidada;Aguardando análise;AT;0,0343
SP-3541406-25523753D89040299129A63FC7D55C11;SP;Presidente Prudente;Área Consolidada;Aguardando análise;AT;0,0222
SP-3541406-25523753D89040299129A63FC7D55C11;SP;Presidente Prudente;Área Consolidada;Aguardando análise;AT;5,4661
SP-3541406-25523753D89040299129A63FC7D55C11;SP;Presidente Prudente;Área Consolidada;Aguardando análise;AT;1,1443
SP-3541406-25523753D89040299129A63FC7D55C11;SP;Presidente Prudente;Área Consolidada;Aguardando análise;AT;0,7060
SP-3541406-25523753D89040299129A63FC7D55C11;SP;Presidente Prudente;Área Consolidada;Aguardando análise;AT;3,2333
SP-3541406-25523753D89040299129A63FC7D55C11;SP;Presidente Prudente;Área Consolidada;Aguardando análise;AT;2,0126
SP-3541406-25523753D89040299129A63FC7D55C11;SP;Presidente Prudente;Área Consolidada;Aguardando análise;AT;0,1476
SP-3541406-25523753D89040299129A63FC7D55C11;SP;Presidente Prudente;Área Consolidada;Aguardando análise;AT;0,0756
SP-3541406-25523753D89040299129A63FC7D55C11;SP;Presidente Prudente;Área Consolidada;Aguardando análise;AT;0,0079
SP-3541406-25523753D89040299129A63FC7D55C11;SP;Presidente Prudente;Área Consolidada;Aguardando análise;AT;0,6654
SP-3541406-25523753D89040299129A63FC7D55C11;SP;Presidente Prudente;Área Consolidada;Aguardando análise;AT;4,7809
SP-3541406-25523753D89040299129A63FC7D55C11;SP;Presidente Prudente;Área Consolidada;Aguardando análise;AT;0,0526
SP-3541406-2582FEE3E8CC4404BE795D7ED82F7576;SP;Presidente Prudente;Área Consolidada;Analisado, aguardando atendimento a notificação;AT;2,9512
SP-3541406-2582FEE3E8CC4404BE795D7ED82F7576;SP;Presidente Prudente;Área Consolidada;Analisado, aguardando atendimento a notificação;AT;0,0076
SP-3541406-2582FEE3E8CC4404BE795D7ED82F7576;SP;Presidente Prudente;Área Consolidada;Analisado, aguardando atendimento a notificação;AT;0,0021
SP-3541406-25DFD8EC7821458D842FDBEBC4F33FC0;SP;Presidente Prudente;Área Consolidada;Analisado, em conformidade com a Lei nº 12.651/2012, com ativos ambientais;AT;3,8465
SP-3541406-2605715640F44B60B4618467CEDF4035;SP;Presidente Prudente;Área Consolidada;Analisado, em conformidade com a Lei nº 12.651/2012, com ativos ambientais;AT;2,7270
SP-3541406-26AA3D1D829B4D7C940240C9BA2E4046;SP;Presidente Prudente;Área Consolidada;Aguardando análise;AT;12,2671
SP-3541406-26D62FF01B5B4DD9806569864872A868;SP;Presidente Prudente;Área Consolidada;Analisado, aguardando regularização ambiental (Lei nº 12.651/2012);AT;63,6726
SP-3541406-26D7048DD9E3408583586957581A7295;SP;Presidente Prudente;Área Consolidada;Aguardando análise;AT;2,0199
SP-3541406-26F991ED18434276B770A85C5093995F;SP;Presidente Prudente;Área Consolidada;Analisado, em conformidade com a Lei nº 12.651/2012, com ativos ambientais;AT;22,6438
SP-3541406-27426AFEEDD74893ACDD9E5CD05CB348;SP;Presidente Prudente;Área Consolidada;Analisado, em conformidade com a Lei nº 12.651/2012, com ativos ambientais;AT;2,5129
SP-3541406-27847D6B76C9479480B59623CAB66795;SP;Presidente Prudente;Área Consolidada;Analisado, aguardando regularização ambiental (Lei nº 12.651/2012);AT;16,0057
SP-3541406-27BFEF61CB744690A0A25018C66B3E4F;SP;Presidente Prudente;Área Consolidada;Aguardando análise;AT;0,0084
SP-3541406-27C174A9BFC44BD18584ECA05FA65701;SP;Presidente Prudente;Área Consolidada;Analisado, em conformidade com a Lei nº 12.651/2012, com ativos ambientais;AT;8,3769
SP-3541406-2858B623B5A94B71A0ACA20A647C8B63;SP;Presidente Prudente;Área Consolidada;Analisado, em conformidade com a Lei nº 12.651/2012, com ativos ambientais;AT;6,0865
SP-3541406-28972E939BF0447EAF9BE5E276A63B2E;SP;Presidente Prudente;Área Consolidada;Aguardando análise;AT;4,0294
SP-3541406-28A6E7F8986945C98612FE04293F2998;SP;Presidente Prudente;Área Consolidada;Analisado, em conformidade com a Lei nº 12.651/2012, com ativos ambientais;AT;7,3111
SP-3541406-28BE4BD5760E4C70B081F50311088606;SP;Presidente Prudente;Área Consolidada;Analisado, em conformidade com a Lei nº 12.651/2012, com ativos ambientais;AT;4,3001
SP-3541406-28E54F53F56841308A520BA974588D64;SP;Presidente Prudente;Área Consolidada;Aguardando análise;AT;0,0158
SP-3541406-28E54F53F56841308A520BA974588D64;SP;Presidente Prudente;Área Consolidada;Aguardando análise;AT;0,1510
SP-3541406-2940EEA5638B4C28A8CDAAC31820D44C;SP;Presidente Prudente;Área Consolidada;Analisado, em conformidade com a Lei nº 12.651/2012, com ativos ambientais;AT;12,0125
SP-3541406-294CD688DD9748209E3E1C1549FD0D82;SP;Presidente Prudente;Área Consolidada;Analisado, em conformidade com a Lei nº 12.651/2012, com ativos ambientais;AT;11,5885
SP-3541406-29850633914046A4978E32570A4655C1;SP;Presidente Prudente;Área Consolidada;Aguardando análise;AT;2,6237
SP-3541406-29FD03710D94415994B77699A306E708;SP;Presidente Prudente;Área Consolidada;Analisado, em conformidade com a Lei nº 12.651/2012, com ativos ambientais;AT;1,7968
SP-3541406-2A50EF2293EC4788B3A7112A4BC973F9;SP;Presidente Prudente;Área Consolidada;Analisado, em conformidade com a Lei nº 12.651/2012, com ativos ambientais;AT;3,1219
SP-3541406-2A666D6ABD8546A9B2E92BA85AB151DB;SP;Presidente Prudente;Área Consolidada;Analisado, em conformidade com a Lei nº 12.651/2012, com ativos ambientais;AT;5,1431
SP-3541406-2A94F45417DF412CB24511B0871CE4EB;SP;Presidente Prudente;Área Consolidada;Aguardando análise, após revisão ou atendimento da notificação;AT;0,5422
SP-3541406-2AE491E238DE4B94990282F06CC41360;SP;Presidente Prudente;Área Consolidada;Analisado, em conformidade com a Lei nº 12.651/2012, com ativos ambientais;AT;6,0346
SP-3541406-2B54F284FC584E39A627CDBB6BD5AD6D;SP;Presidente Prudente;Área Consolidada;Aguardando análise, após revisão ou atendimento da notificação;AT;0,0002
SP-3541406-2B54F284FC584E39A627CDBB6BD5AD6D;SP;Presidente Prudente;Área Consolidada;Aguardando análise, após revisão ou atendimento da notificação;AT;0,0013
SP-3541406-2B54F284FC584E39A627CDBB6BD5AD6D;SP;Presidente Prudente;Área Consolidada;Aguardando análise, após revisão ou atendimento da notificação;AT;0,0050
SP-3541406-2B54F284FC584E39A627CDBB6BD5AD6D;SP;Presidente Prudente;Área Consolidada;Aguardando análise, após revisão ou atendimento da notificação;AT;0,0008
SP-3541406-2B54F284FC584E39A627CDBB6BD5AD6D;SP;Presidente Prudente;Área Consolidada;Aguardando análise, após revisão ou atendimento da notificação;AT;0,0017
SP-3541406-2B54F284FC584E39A627CDBB6BD5AD6D;SP;Presidente Prudente;Área Consolidada;Aguardando análise, após revisão ou atendimento da notificação;AT;0,0001
SP-3541406-2B54F284FC584E39A627CDBB6BD5AD6D;SP;Presidente Prudente;Área Consolidada;Aguardando análise, após revisão ou atendimento da notificação;AT;0,0000
SP-3541406-2B54F284FC584E39A627CDBB6BD5AD6D;SP;Presidente Prudente;Área Consolidada;Aguardando análise, após revisão ou atendimento da notificação;AT;0,0001
SP-3541406-2B54F284FC584E39A627CDBB6BD5AD6D;SP;Presidente Prudente;Área Consolidada;Aguardando análise, após revisão ou atendimento da notificação;AT;0,0001
SP-3541406-2B54F284FC584E39A627CDBB6BD5AD6D;SP;Presidente Prudente;Área Consolidada;Aguardando análise, após revisão ou atendimento da notificação;AT;0,0001
SP-3541406-2B54F284FC584E39A627CDBB6BD5AD6D;SP;Presidente Prudente;Área Consolidada;Aguardando análise, após revisão ou atendimento da notificação;AT;0,0000
SP-3541406-2B54F284FC584E39A627CDBB6BD5AD6D;SP;Presidente Prudente;Área Consolidada;Aguardando análise, após revisão ou atendimento da notificação;AT;0,0764
SP-3541406-2B54F284FC584E39A627CDBB6BD5AD6D;SP;Presidente Prudente;Área Consolidada;Aguardando análise, após revisão ou atendimento da notificação;AT;1,0270
SP-3541406-2B54F284FC584E39A627CDBB6BD5AD6D;SP;Presidente Prudente;Área Consolidada;Aguardando análise, após revisão ou atendimento da notificação;AT;0,0083
SP-3541406-2B54F284FC584E39A627CDBB6BD5AD6D;SP;Presidente Prudente;Área Consolidada;Aguardando análise, após revisão ou atendimento da notificação;AT;0,0008
SP-3541406-2B54F284FC584E39A627CDBB6BD5AD6D;SP;Presidente Prudente;Área Consolidada;Aguardando análise, após revisão ou atendimento da notificação;AT;0,0004
SP-3541406-2B54F284FC584E39A627CDBB6BD5AD6D;SP;Presidente Prudente;Área Consolidada;Aguardando análise, após revisão ou atendimento da notificação;AT;0,0006
SP-3541406-2B54F284FC584E39A627CDBB6BD5AD6D;SP;Presidente Prudente;Área Consolidada;Aguardando análise, após revisão ou atendimento da notificação;AT;0,9720
SP-3541406-2B54F284FC584E39A627CDBB6BD5AD6D;SP;Presidente Prudente;Área Consolidada;Aguardando análise, após revisão ou atendimento da notificação;AT;0,0023
SP-3541406-2B54F284FC584E39A627CDBB6BD5AD6D;SP;Presidente Prudente;Área Consolidada;Aguardando análise, após revisão ou atendimento da notificação;AT;0,0034
SP-3541406-2B8B29ED0CE345558D48F433B01F58C2;SP;Presidente Prudente;Área Consolidada;Aguardando análise, após revisão ou atendimento da notificação;AT;0,2385
SP-3541406-2B8B29ED0CE345558D48F433B01F58C2;SP;Presidente Prudente;Área Consolidada;Aguardando análise, após revisão ou atendimento da notificação;AT;0,0018
SP-3541406-2B8DF684A34E46AAAC040BA2C09D15FE;SP;Presidente Prudente;Área Consolidada;Aguardando análise;AT;95,8540
SP-3541406-2B9F1DD0E3864712B0B9EA6B33071ECE;SP;Presidente Prudente;Área Consolidada;Analisado, em conformidade com a Lei nº 12.651/2012, com ativos ambientais;AT;4,9061
SP-3541406-2C095D35A2E646B5B3F2AA5334624C3B;SP;Presidente Prudente;Área Consolidada;Analisado, em conformidade com a Lei nº 12.651/2012, com ativos ambientais;AT;13,7557
SP-3541406-2CE76B715098429BB0CEB1235E36CCEC;SP;Presidente Prudente;Área Consolidada;Analisado, em conformidade com a Lei nº 12.651/2012, com ativos ambientais;AT;17,9839
SP-3541406-2CEC5A0404BD4FED935C385F31D3D619;SP;Presidente Prudente;Área Consolidada;Analisado, aguardando regularização ambiental (Lei nº 12.651/2012);AT;20,4274
SP-3541406-2D08D4D043BB464F9D969B385B8D02F8;SP;Presidente Prudente;Área Consolidada;Aguardando análise, após revisão ou atendimento da notificação;AT;2,7727
SP-3541406-2D43210D0668485281E7A5BD3FA9818F;SP;Presidente Prudente;Área Consolidada;Analisado, em conformidade com a Lei nº 12.651/2012, com ativos ambientais;AT;15,2367
SP-3541406-2D92EA8A44C84076A571C0ED83E96634;SP;Presidente Prudente;Área Consolidada;Analisado, em conformidade com a Lei nº 12.651/2012, com ativos ambientais;AT;9,1293
SP-3541406-2D9AFE6F87DD453B9303C58CA2F07D7B;SP;Presidente Prudente;Área Consolidada;Analisado, em conformidade com a Lei nº 12.651/2012, com ativos ambientais;AT;19,6765
SP-3541406-2DBE8515470B4FCBAE3B400A0B803195;SP;Presidente Prudente;Área Consolidada;Analisado, aguardando regularização ambiental (Lei nº 12.651/2012);AT;4,8127
SP-3541406-2E0C4A5822984C00937D3135B3946143;SP;Presidente Prudente;Área Consolidada;Analisado, em conformidade com a Lei nº 12.651/2012;AT;4,8143
SP-3541406-2E3A17040C0B4497B68F6F9339F2F821;SP;Presidente Prudente;Área Consolidada;Analisado, aguardando atendimento a notificação;AT;2,8898
SP-3541406-2E62154616FA448281D24D84F4F443F9;SP;Presidente Prudente;Área Consolidada;Analisado, em conformidade com a Lei nº 12.651/2012, com ativos ambientais;AT;8,7478
SP-3541406-2E8DF1A3F3844C79A601DFFA00C0E78B;SP;Presidente Prudente;Área Consolidada;Analisado, aguardando regularização ambiental (Lei nº 12.651/2012);AT;43,1398
SP-3541406-2EB1343A5558469CBB7CDD97A88099FA;SP;Presidente Prudente;Área Consolidada;Aguardando análise;AT;3,4674
SP-3541406-2EDC514D8FA54C868E8E26A7C3900886;SP;Presidente Prudente;Área Consolidada;Aguardando análise, após revisão ou atendimento da notificação;AT;3,0240
SP-3541406-2F053444E8C549C5991192B0A2A48D75;SP;Presidente Prudente;Área Consolidada;Analisado, em conformidade com a Lei nº 12.651/2012, com ativos ambientais;AT;1,7370
SP-3541406-2F0CE246181A46FC966C71F148324988;SP;Presidente Prudente;Área Consolidada;Aguardando análise, após revisão ou atendimento da notificação;AT;0,2786
SP-3541406-2F0CE246181A46FC966C71F148324988;SP;Presidente Prudente;Área Consolidada;Aguardando análise, após revisão ou atendimento da notificação;AT;0,8841
SP-3541406-2F62850450CE42D88829C8AA04A802B7;SP;Presidente Prudente;Área Consolidada;Analisado, aguardando atendimento a notificação;AT;0,3942
SP-3541406-2FCD0547C78545E0B09BEB315062E4C6;SP;Presidente Prudente;Área Consolidada;Analisado, em conformidade com a Lei nº 12.651/2012, com ativos ambientais;AT;3,7044
SP-3541406-3007ADAE583D47A186A9323B5496037B;SP;Presidente Prudente;Área Consolidada;Analisado, em conformidade com a Lei nº 12.651/2012;AT;5,0733
SP-3541406-3050551F04E7423DA52960FCDABFDF6C;SP;Presidente Prudente;Área Consolidada;Analisado, em conformidade com a Lei nº 12.651/2012, com ativos ambientais;AT;0,4505
SP-3541406-3074B182E0CB40EB8AFECAA773AFDD40;SP;Presidente Prudente;Área Consolidada;Analisado, em conformidade com a Lei nº 12.651/2012, com ativos ambientais;AT;1,3886
SP-3541406-30954496F5DE4ED7A73C21F2C3D0AD88;SP;Presidente Prudente;Área Consolidada;Analisado, aguardando atendimento a notificação;AT;3,2712
SP-3541406-309CD2DFF99E4AA2A7F82C3EFC62E7CF;SP;Presidente Prudente;Área Consolidada;Analisado, aguardando atendimento a notificação;AT;4,2967
SP-3541406-309E91049381432A88F04F183469CC27;SP;Presidente Prudente;Área Consolidada;Analisado, aguardando atendimento a notificação;AT;2,7509
SP-3541406-30B38FB7A5CB48388C9C6978FF478C01;SP;Presidente Prudente;Área Consolidada;Analisado, aguardando atendimento a notificação;AT;6,9760
SP-3541406-30BB5D8CEEAC46869B3CDAAA8B7AC9CC;SP;Presidente Prudente;Área Consolidada;Aguardando análise;AT;0,0069
SP-3541406-30F982494FB94BA0A9B160D14327EC36;SP;Presidente Prudente;Área Consolidada;Analisado, em conformidade com a Lei nº 12.651/2012, com ativos ambientais;AT;14,6825
SP-3541406-310A7B2612C54A568E27E4E10FF99D82;SP;Presidente Prudente;Área Consolidada;Analisado, em conformidade com a Lei nº 12.651/2012;AT;3,1921
SP-3541406-31701628F01043E992F42C1B58DD4076;SP;Presidente Prudente;Área Consolidada;Analisado, em conformidade com a Lei nº 12.651/2012;AT;2,0047
SP-3541406-3194A090A1624AA6B559AD60D925A0E1;SP;Presidente Prudente;Área Consolidada;Analisado, aguardando regularização ambiental (Lei nº 12.651/2012);AT;3,8775
SP-3541406-31B0B314C9EC493CB1363D84A25FE48E;SP;Presidente Prudente;Área Consolidada;Analisado, em conformidade com a Lei nº 12.651/2012, com ativos ambientais;AT;2,5297
SP-3541406-32AD3107AB4142E8B89D19FEB49BB20A;SP;Presidente Prudente;Área Consolidada;Aguardando análise, após revisão ou atendimento da notificação;AT;17,0556
SP-3541406-32B90104B112402E9CD47B3F15297C6D;SP;Presidente Prudente;Área Consolidada;Aguardando análise;AT;0,3843
SP-3541406-32B90104B112402E9CD47B3F15297C6D;SP;Presidente Prudente;Área Consolidada;Aguardando análise;AT;0,0090
SP-3541406-32B90104B112402E9CD47B3F15297C6D;SP;Presidente Prudente;Área Consolidada;Aguardando análise;AT;0,3027
SP-3541406-32F082775EFA4BFB880D3FFF589CB8AD;SP;Presidente Prudente;Área Consolidada;Aguardando análise;AT;0,0333
SP-3541406-32F082775EFA4BFB880D3FFF589CB8AD;SP;Presidente Prudente;Área Consolidada;Aguardando análise;AT;0,1499
SP-3541406-32F082775EFA4BFB880D3FFF589CB8AD;SP;Presidente Prudente;Área Consolidada;Aguardando análise;AT;0,2114
SP-3541406-32F082775EFA4BFB880D3FFF589CB8AD;SP;Presidente Prudente;Área Consolidada;Aguardando análise;AT;0,8695
SP-3541406-330CA6FCD90048A6B4CF73A25EA9CFDE;SP;Presidente Prudente;Área Consolidada;Analisado, em conformidade com a Lei nº 12.651/2012, com ativos ambientais;AT;11,0573
SP-3541406-330D05FD03444E049DD6FFD03CD60402;SP;Presidente Prudente;Área Consolidada;Aguardando análise;AT;2,4314
SP-3541406-3347498DBCDA46598BBCDE5D9F499493;SP;Presidente Prudente;Área Consolidada;Analisado, em conformidade com a Lei nº 12.651/2012;AT;2,5955
SP-3541406-3372C768CC14403DA812BF76B1E4F7C2;SP;Presidente Prudente;Área Consolidada;Aguardando análise;AT;1,7549
SP-3541406-338250F212D94476B8C6AD3F150C18F4;SP;Presidente Prudente;Área Consolidada;Analisado, em conformidade com a Lei nº 12.651/2012, com ativos ambientais;AT;21,4002
SP-3541406-33D3C9880C7542CEAEC72096BDB6C51E;SP;Presidente Prudente;Área Consolidada;Analisado, em conformidade com a Lei nº 12.651/2012, com ativos ambientais;AT;3,4076
SP-3541406-3402563EBC124F689F5B2833EA8ACA59;SP;Presidente Prudente;Área Consolidada;Analisado, em conformidade com a Lei nº 12.651/2012, com ativos ambientais;AT;8,9593
SP-3541406-341CB6A756E94944957B80A6BA911CB8;SP;Presidente Prudente;Área Consolidada;Aguardando análise;AT;5,0738
SP-3541406-34560EC93A6F415A807BB98658BE9697;SP;Presidente Prudente;Área Consolidada;Aguardando análise, após revisão ou atendimento da notificação;AT;5,5290
SP-3541406-34715740651F4B149624B2DF79D1023F;SP;Presidente Prudente;Área Consolidada;Aguardando análise;AT;73,0500
SP-3541406-347EA48EA58849BB8B96D861B013685F;SP;Presidente Prudente;Área Consolidada;Aguardando análise;AT;12,9043
SP-3541406-34DEB14F3EDB4037A1D2C068AC2C92E1;SP;Presidente Prudente;Área Consolidada;Analisado, aguardando atendimento a notificação;AT;1,6957
SP-3541406-34E1106526804B828E55066A5897DE77;SP;Presidente Prudente;Área Consolidada;Analisado, em conformidade com a Lei nº 12.651/2012;AT;25,0749
SP-3541406-3508BA1F778E44BE8071E07D886CCD85;SP;Presidente Prudente;Área Consolidada;Analisado, aguardando regularização ambiental (Lei nº 12.651/2012);AT;27,1608
SP-3541406-351A2607B0524FB88CA990560E01A865;SP;Presidente Prudente;Área Consolidada;Analisado, aguardando atendimento a notificação;AT;7,1419
SP-3541406-352BA589886F47E794F306AE0DBF90B7;SP;Presidente Prudente;Área Consolidada;Analisado, em conformidade com a Lei nº 12.651/2012, com ativos ambientais;AT;60,2894
SP-3541406-3582A0FAE7C24FFFA2A245F24085DE54;SP;Presidente Prudente;Área Consolidada;Aguardando análise, após revisão ou atendimento da notificação;AT;66,3516
SP-3541406-35A442CAB9F6494EAD148CBDEBEBF029;SP;Presidente Prudente;Área Consolidada;Analisado, aguardando regularização ambiental (Lei nº 12.651/2012);AT;61,2112
SP-3541406-35AF129E42EF4A25A2E295F5175B2D98;SP;Presidente Prudente;Área Consolidada;Analisado, em conformidade com a Lei nº 12.651/2012, com ativos ambientais;AT;21,9547
SP-3541406-35D6BEFE28B944D98B22222C9C28DF6D;SP;Presidente Prudente;Área Consolidada;Aguardando análise;AT;4,6134
SP-3541406-35EC968F470E4271A391073E120F207D;SP;Presidente Prudente;Área Consolidada;Aguardando análise;AT;1,7527
SP-3541406-36487617C2DC4FC09B6E2B5FF2B67B74;SP;Presidente Prudente;Área Consolidada;Aguardando análise, após revisão ou atendimento da notificação;AT;1,1622
SP-3541406-36487617C2DC4FC09B6E2B5FF2B67B74;SP;Presidente Prudente;Área Consolidada;Aguardando análise, após revisão ou atendimento da notificação;AT;2,3317
SP-3541406-36DCCA573D87487BB728982F94B141B5;SP;Presidente Prudente;Área Consolidada;Analisado, aguardando atendimento a notificação;AT;0,8687
SP-3541406-371DD570949942CFA9182FCEEBDED20C;SP;Presidente Prudente;Área Consolidada;Analisado, em conformidade com a Lei nº 12.651/2012, com ativos ambientais;AT;10,2082
SP-3541406-372E3CCC37C1494EAAE1D3AF237DA6B2;SP;Presidente Prudente;Área Consolidada;Analisado, em conformidade com a Lei nº 12.651/2012, com ativos ambientais;AT;8,6172
SP-3541406-37630EC41AA1406A981190216275107D;SP;Presidente Prudente;Área Consolidada;Aguardando análise, após revisão ou atendimento da notificação;AT;0,2124
SP-3541406-37630EC41AA1406A981190216275107D;SP;Presidente Prudente;Área Consolidada;Aguardando análise, após revisão ou atendimento da notificação;AT;0,8645
SP-3541406-37630EC41AA1406A981190216275107D;SP;Presidente Prudente;Área Consolidada;Aguardando análise, após revisão ou atendimento da notificação;AT;0,0013
SP-3541406-37A8EC27D36C40FB8F516DCFD049EE2C;SP;Presidente Prudente;Área Consolidada;Analisado, aguardando regularização ambiental (Lei nº 12.651/2012);AT;10,0093
SP-3541406-37CB9B68E89B4DF299CA2629CE7F96D3;SP;Presidente Prudente;Área Consolidada;Aguardando análise;AT;9,5822
SP-3541406-37D19B49F3F047B78C333A3C1BD488AA;SP;Presidente Prudente;Área Consolidada;Analisado, em conformidade com a Lei nº 12.651/2012;AT;2,3157
SP-3541406-37E3C728ABDF41A8B7DB964F35FE8CE9;SP;Presidente Prudente;Área Consolidada;Aguardando análise, após revisão ou atendimento da notificação;AT;2,3045
SP-3541406-37F1700B88DD48839BBB10C0D465C4F2;SP;Presidente Prudente;Área Consolidada;Aguardando análise, após revisão ou atendimento da notificação;AT;2,5032
SP-3541406-38D69ADB22B64189BA7EB3ECD1465296;SP;Presidente Prudente;Área Consolidada;Aguardando análise, após revisão ou atendimento da notificação;AT;0,0003
SP-3541406-38D69ADB22B64189BA7EB3ECD1465296;SP;Presidente Prudente;Área Consolidada;Aguardando análise, após revisão ou atendimento da notificação;AT;0,0709
SP-3541406-38D69ADB22B64189BA7EB3ECD1465296;SP;Presidente Prudente;Área Consolidada;Aguardando análise, após revisão ou atendimento da notificação;AT;0,3251
SP-3541406-391F64F112584D33B8CEA536F446DA23;SP;Presidente Prudente;Área Consolidada;Analisado, aguardando atendimento a notificação;AT;7,1014
SP-3541406-392203A1D0D146BE9D0CF35D8D2B9B48;SP;Presidente Prudente;Área Consolidada;Analisado, em conformidade com a Lei nº 12.651/2012;AT;2,8640
SP-3541406-392E33F4D2914291BAAB5E0651F242F1;SP;Presidente Prudente;Área Consolidada;Analisado, aguardando regularização ambiental (Lei nº 12.651/2012);AT;9,0608
SP-3541406-3943CEF34A174059A0785E7E36B20D7A;SP;Presidente Prudente;Área Consolidada;Aguardando análise, após revisão ou atendimento da notificação;AT;1,3499
SP-3541406-3943CEF34A174059A0785E7E36B20D7A;SP;Presidente Prudente;Área Consolidada;Aguardando análise, após revisão ou atendimento da notificação;AT;0,9708
SP-3541406-395E8F95996E4F6DAA937DB8FCFFEF7D;SP;Presidente Prudente;Área Consolidada;Analisado, aguardando atendimento a notificação;AT;39,5455
SP-3541406-399DDDB7B70048418629BD644F9693AB;SP;Presidente Prudente;Área Consolidada;Aguardando análise, após revisão ou atendimento da notificação;AT;4,0549
SP-3541406-39A19BB16E964C2BB7411C6362773D73;SP;Presidente Prudente;Área Consolidada;Aguardando análise;AT;1,5967
SP-3541406-39E090D948D64732A7012591781ADF0E;SP;Presidente Prudente;Área Consolidada;Analisado, em conformidade com a Lei nº 12.651/2012, com ativos ambientais;AT;29,2332
SP-3541406-3A3A228B5E90490DAE791AB7DCB71844;SP;Presidente Prudente;Área Consolidada;Aguardando análise, após revisão ou atendimento da notificação;AT;25,0202
SP-3541406-3A4BF62C92044FAFAE3721A6EAABA320;SP;Presidente Prudente;Área Consolidada;Analisado, em conformidade com a Lei nº 12.651/2012, com ativos ambientais;AT;10,0027
SP-3541406-3AA47F76931F481A84B2B258355CEA44;SP;Presidente Prudente;Área Consolidada;Analisado, aguardando atendimento a notificação;AT;1,6980
SP-3541406-3B01F41D3B4A49F4A8E0ABEF5CC9A68C;SP;Presidente Prudente;Área Consolidada;Analisado, em conformidade com a Lei nº 12.651/2012;AT;2,9467
SP-3541406-3B32048734EB41D6BA5F8C873DD03FAB;SP;Presidente Prudente;Área Consolidada;Analisado, em conformidade com a Lei nº 12.651/2012, com ativos ambientais;AT;1,4123
SP-3541406-3C2954D9071741AD9983717338332E6F;SP;Presidente Prudente;Área Consolidada;Analisado, aguardando regularização ambiental (Lei nº 12.651/2012);AT;11,9935
SP-3541406-3C4DC8E9BF304106BA8CE105449DC0A3;SP;Presidente Prudente;Área Consolidada;Aguardando análise;AT;0,8109
SP-3541406-3C4DC8E9BF304106BA8CE105449DC0A3;SP;Presidente Prudente;Área Consolidada;Aguardando análise;AT;0,0110
SP-3541406-3C4DC8E9BF304106BA8CE105449DC0A3;SP;Presidente Prudente;Área Consolidada;Aguardando análise;AT;1,2327
SP-3541406-3C4DC8E9BF304106BA8CE105449DC0A3;SP;Presidente Prudente;Área Consolidada;Aguardando análise;AT;0,0319
SP-3541406-3CB6B89E883442D691DB943A4CC38FD4;SP;Presidente Prudente;Área Consolidada;Analisado, aguardando regularização ambiental (Lei nº 12.651/2012);AT;10,8350
SP-3541406-3CC40C2D17C048449D1D09360DB5D14B;SP;Presidente Prudente;Área Consolidada;Aguardando análise;AT;1,0066
SP-3541406-3CC40C2D17C048449D1D09360DB5D14B;SP;Presidente Prudente;Área Consolidada;Aguardando análise;AT;0,6459
SP-3541406-3DA78E4AFC89428CA77EA195712F3FDB;SP;Presidente Prudente;Área Consolidada;Aguardando análise;AT;9,3287
SP-3541406-3DE88081E7DB4341B8B11B748F8699C1;SP;Presidente Prudente;Área Consolidada;Analisado, em conformidade com a Lei nº 12.651/2012, com ativos ambientais;AT;16,3787
SP-3541406-3E0A7E1D0DEF4E9E9C6EC52E0249BB2C;SP;Presidente Prudente;Área Consolidada;Aguardando análise;AT;28,3487
SP-3541406-3E0CB244C5814A26854FD5C8590510BE;SP;Presidente Prudente;Área Consolidada;Analisado, aguardando atendimento a notificação;AT;4,0337
SP-3541406-3E172D1FA35647DBA97CAA3E46D67153;SP;Presidente Prudente;Área Consolidada;Analisado, em conformidade com a Lei nº 12.651/2012, com ativos ambientais;AT;17,3702
SP-3541406-3E486177E10D41FDB2F5DC8495F208E6;SP;Presidente Prudente;Área Consolidada;Analisado, em conformidade com a Lei nº 12.651/2012, com ativos ambientais;AT;9,7202
SP-3541406-3E49C55D21B647B8ACAA9B4B536F29BF;SP;Presidente Prudente;Área Consolidada;Analisado, em conformidade com a Lei nº 12.651/2012, com ativos ambientais;AT;10,9837
SP-3541406-3E89568D2F3B4968BB8E56AEB1BA41DD;SP;Presidente Prudente;Área Consolidada;Analisado, em conformidade com a Lei nº 12.651/2012, com ativos ambientais;AT;16,4261
SP-3541406-3EAE56B3C917455DAE88F9C980F7A0D7;SP;Presidente Prudente;Área Consolidada;Analisado, aguardando regularização ambiental (Lei nº 12.651/2012);AT;36,4233
SP-3541406-3EBDA310D69249D59D03AE7E895A4A88;SP;Presidente Prudente;Área Consolidada;Analisado, em conformidade com a Lei nº 12.651/2012;AT;1,7290
SP-3541406-3EBEBA2015DE4D98BEA14F6EB7740A3D;SP;Presidente Prudente;Área Consolidada;Aguardando análise, após revisão ou atendimento da notificação;AT;46,0710
SP-3541406-3F0273584AE741708C2FE120666C0870;SP;Presidente Prudente;Área Consolidada;Analisado, aguardando regularização ambiental (Lei nº 12.651/2012);AT;57,2177
SP-3541406-3F97E382EA0F4FF8873C040B0B6CBD76;SP;Presidente Prudente;Área Consolidada;Analisado, em conformidade com a Lei nº 12.651/2012, com ativos ambientais;AT;7,1611
SP-3541406-3FA4AD8291844A3AAD8D932CFE98C6E1;SP;Presidente Prudente;Área Consolidada;Aguardando análise;AT;15,2034
SP-3541406-3FD679121E7D4CC0B25DACCA7965234B;SP;Presidente Prudente;Área Consolidada;Aguardando análise;AT;8,8589
SP-3541406-409B64815FD646FD923C985DE3E6910D;SP;Presidente Prudente;Área Consolidada;Aguardando análise;AT;1,6426
SP-3541406-40F6FA4128E64AD1852A2507576B0226;SP;Presidente Prudente;Área Consolidada;Aguardando análise, após revisão ou atendimento da notificação;AT;1,9440
SP-3541406-40FBE22728B24D16901FDE428DD2068A;SP;Presidente Prudente;Área Consolidada;Aguardando análise, após revisão ou atendimento da notificação;AT;18,5323
SP-3541406-413799FADF874DCF8D2AFD9DED5E58CC;SP;Presidente Prudente;Área Consolidada;Aguardando análise, após revisão ou atendimento da notificação;AT;1,2203
SP-3541406-417E2C1C1AD24FBCA6E942E17B85ECEF;SP;Presidente Prudente;Área Consolidada;Aguardando análise, após revisão ou atendimento da notificação;AT;523,5253
SP-3541406-41B0B4E2FE424D50A254786D746BCCE4;SP;Presidente Prudente;Área Consolidada;Analisado, em conformidade com a Lei nº 12.651/2012, com ativos ambientais;AT;0,6144
SP-3541406-41BC3E0F60684D70AFD6C9F45D5BBD7C;SP;Presidente Prudente;Área Consolidada;Analisado, aguardando regularização ambiental (Lei nº 12.651/2012);AT;28,4216
SP-3541406-41EF6D1347E245AE838BC5D364CA14F7;SP;Presidente Prudente;Área Consolidada;Analisado, aguardando regularização ambiental (Lei nº 12.651/2012);AT;14,7506
SP-3541406-4214D6F67A4C42E58D7175605B095E06;SP;Presidente Prudente;Área Consolidada;Analisado, em conformidade com a Lei nº 12.651/2012, com ativos ambientais;AT;11,3763
SP-3541406-4215072973704489B93BB9E3E1CC4EA9;SP;Presidente Prudente;Área Consolidada;Analisado, em conformidade com a Lei nº 12.651/2012, com ativos ambientais;AT;23,2876
SP-3541406-422F2416868E4F0EA37FF69AF45C8DDE;SP;Presidente Prudente;Área Consolidada;Analisado, em conformidade com a Lei nº 12.651/2012;AT;2,4193
SP-3541406-424002003D354F75AEBBD22714FB6D6E;SP;Presidente Prudente;Área Consolidada;Analisado, aguardando atendimento a notificação;AT;2,5049
SP-3541406-42B2812F8AAD4E9ABB48CAE5794A5908;SP;Presidente Prudente;Área Consolidada;Analisado, aguardando atendimento a notificação;AT;6,1737
SP-3541406-42C0A8F296814E78B83166D357B59CF5;SP;Presidente Prudente;Área Consolidada;Analisado, em conformidade com a Lei nº 12.651/2012, com ativos ambientais;AT;6,1105
SP-3541406-430CF95CA97F400C9A4088F9A97A1469;SP;Presidente Prudente;Área Consolidada;Analisado, em conformidade com a Lei nº 12.651/2012, com ativos ambientais;AT;26,6159
SP-3541406-431C54AE21D04F1C81DAE70CAAF8EDFA;SP;Presidente Prudente;Área Consolidada;Aguardando análise;AT;13,8385
SP-3541406-43923D28872C435181210A9933BBE747;SP;Presidente Prudente;Área Consolidada;Analisado, em conformidade com a Lei nº 12.651/2012;AT;5,2067
SP-3541406-43A107228A85426AA7A9FFD880C58D16;SP;Presidente Prudente;Área Consolidada;Aguardando análise;AT;13,9586
SP-3541406-440CE5CA688A46108377B13C98B81412;SP;Presidente Prudente;Área Consolidada;Analisado, em conformidade com a Lei nº 12.651/2012;AT;19,6815
SP-3541406-4424A3609D5B4DD5AA49AA03564D886F;SP;Presidente Prudente;Área Consolidada;Analisado, aguardando atendimento a notificação;AT;0,2297
SP-3541406-4424A3609D5B4DD5AA49AA03564D886F;SP;Presidente Prudente;Área Consolidada;Analisado, aguardando atendimento a notificação;AT;0,8467
SP-3541406-44F8DEFAFF6841D6AEFA5B9F4D2419AA;SP;Presidente Prudente;Área Consolidada;Analisado, em conformidade com a Lei nº 12.651/2012, com ativos ambientais;AT;5,9353
SP-3541406-46CF7A7F12FE4CDE8AC1432BB751B942;SP;Presidente Prudente;Área Consolidada;Aguardando análise;AT;2,7774
SP-3541406-46F52D9E2D5B4AD9AFF3D4A141BABFBB;SP;Presidente Prudente;Área Consolidada;Analisado, em conformidade com a Lei nº 12.651/2012, com ativos ambientais;AT;1,6804
SP-3541406-47036C5B34F04F2D9F601F5FB4BB58DC;SP;Presidente Prudente;Área Consolidada;Aguardando análise, após revisão ou atendimento da notificação;AT;41,5406
SP-3541406-4743EEFE251841E3BC65FA2ACAC5F8A7;SP;Presidente Prudente;Área Consolidada;Analisado, aguardando atendimento a notificação;AT;2,2384
SP-3541406-4775F164B3B741668E74CEEE9BB64E9E;SP;Presidente Prudente;Área Consolidada;Aguardando análise, após revisão ou atendimento da notificação;AT;0,0376
SP-3541406-4775F164B3B741668E74CEEE9BB64E9E;SP;Presidente Prudente;Área Consolidada;Aguardando análise, após revisão ou atendimento da notificação;AT;0,0827
SP-3541406-4785E1062C3F4D328BEF4CA5C3B247D4;SP;Presidente Prudente;Área Consolidada;Aguardando análise, após revisão ou atendimento da notificação;AT;2,9195
SP-3541406-4858F45C6FAD4D47A54BF406185246D3;SP;Presidente Prudente;Área Consolidada;Analisado, aguardando atendimento a notificação;AT;0,9248
SP-3541406-4879F7D0B71E45598948DB19DDD91FE3;SP;Presidente Prudente;Área Consolidada;Aguardando análise, após revisão ou atendimento da notificação;AT;0,0306
SP-3541406-488D0CEF046F4BCE8CFEB89CACE0BD18;SP;Presidente Prudente;Área Consolidada;Analisado, em conformidade com a Lei nº 12.651/2012;AT;13,0652
SP-3541406-488E451A9FF1483BB8BA5E030BB37D0E;SP;Presidente Prudente;Área Consolidada;Analisado, aguardando atendimento a notificação;AT;1,1330
SP-3541406-48C3509488914E908BD17D311DC698AA;SP;Presidente Prudente;Área Consolidada;Analisado, aguardando atendimento a notificação;AT;1,5911
SP-3541406-48FC19FDA2674FEE88A2054DABAED451;SP;Presidente Prudente;Área Consolidada;Analisado, em conformidade com a Lei nº 12.651/2012, com ativos ambientais;AT;3,9211
SP-3541406-493C0014961E458A89F4B02D0C7C5686;SP;Presidente Prudente;Área Consolidada;Aguardando análise;AT;28,5946
SP-3541406-49957E6661C24E9BB54095DC17677BE7;SP;Presidente Prudente;Área Consolidada;Analisado, aguardando atendimento a notificação;AT;7,3699
SP-3541406-4A0598787685483CA3794AFA576DC298;SP;Presidente Prudente;Área Consolidada;Analisado, em conformidade com a Lei nº 12.651/2012;AT;1,0422
SP-3541406-4A1B6886C5CF4D4C92EB6042E4640946;SP;Presidente Prudente;Área Consolidada;Aguardando análise, após revisão ou atendimento da notificação;AT;0,0556
SP-3541406-4A26083D16304A89995916A8660E4DBF;SP;Presidente Prudente;Área Consolidada;Analisado, em conformidade com a Lei nº 12.651/2012, com ativos ambientais;AT;5,5254
SP-3541406-4A96B7BED1494ACD871A7D27F8C2A346;SP;Presidente Prudente;Área Consolidada;Analisado, aguardando regularização ambiental (Lei nº 12.651/2012);AT;7,8026
SP-3541406-4ADF4460D0A94346A1D260DA5351A406;SP;Presidente Prudente;Área Consolidada;Analisado, em conformidade com a Lei nº 12.651/2012;AT;2,0023
SP-3541406-4B594481C46549C4AC32F0C30CD47DD2;SP;Presidente Prudente;Área Consolidada;Aguardando análise;AT;22,8247
SP-3541406-4B924B394F3D40D596FFCBF143BCA9CF;SP;Presidente Prudente;Área Consolidada;Aguardando análise;AT;28,1944
SP-3541406-4BC226ADBBF14B929DD5BD9B6DA2AED5;SP;Presidente Prudente;Área Consolidada;Analisado, em conformidade com a Lei nº 12.651/2012;AT;1,4608
SP-3541406-4BD2BFEA046647C9BA922C4046341FA7;SP;Presidente Prudente;Área Consolidada;Aguardando análise;AT;7,9471
SP-3541406-4C5EBFE6DA6E40C2AAEF5DDC872AEB5F;SP;Presidente Prudente;Área Consolidada;Analisado, em conformidade com a Lei nº 12.651/2012, com ativos ambientais;AT;4,1057
SP-3541406-4C9F6181E27044A893EB52E154CB6927;SP;Presidente Prudente;Área Consolidada;Aguardando análise;AT;1,9516
SP-3541406-4D07B511DE764BEFB6CE754E577EE9F6;SP;Presidente Prudente;Área Consolidada;Aguardando análise;AT;0,0489
SP-3541406-4D07B511DE764BEFB6CE754E577EE9F6;SP;Presidente Prudente;Área Consolidada;Aguardando análise;AT;0,2204
SP-3541406-4D07B511DE764BEFB6CE754E577EE9F6;SP;Presidente Prudente;Área Consolidada;Aguardando análise;AT;0,3464
SP-3541406-4D28C9D1E16D48509189703F97618FD8;SP;Presidente Prudente;Área Consolidada;Analisado, em conformidade com a Lei nº 12.651/2012;AT;14,1529
SP-3541406-4E4CF2321CA946628427089605A13C65;SP;Presidente Prudente;Área Consolidada;Analisado, aguardando atendimento a notificação;AT;1,0858
SP-3541406-4E4CF2321CA946628427089605A13C65;SP;Presidente Prudente;Área Consolidada;Analisado, aguardando atendimento a notificação;AT;0,3341
SP-3541406-4E4CF2321CA946628427089605A13C65;SP;Presidente Prudente;Área Consolidada;Analisado, aguardando atendimento a notificação;AT;0,5938
SP-3541406-4E4CF2321CA946628427089605A13C65;SP;Presidente Prudente;Área Consolidada;Analisado, aguardando atendimento a notificação;AT;0,6958
SP-3541406-4E4CF2321CA946628427089605A13C65;SP;Presidente Prudente;Área Consolidada;Analisado, aguardando atendimento a notificação;AT;1,0764
SP-3541406-4E4CF2321CA946628427089605A13C65;SP;Presidente Prudente;Área Consolidada;Analisado, aguardando atendimento a notificação;AT;1,0660
SP-3541406-4E51849F05D64BE690906D8771A1AD33;SP;Presidente Prudente;Área Consolidada;Analisado, aguardando atendimento a notificação;AT;0,1164
SP-3541406-4E51849F05D64BE690906D8771A1AD33;SP;Presidente Prudente;Área Consolidada;Analisado, aguardando atendimento a notificação;AT;0,3443
SP-3541406-4E51849F05D64BE690906D8771A1AD33;SP;Presidente Prudente;Área Consolidada;Analisado, aguardando atendimento a notificação;AT;0,0005
SP-3541406-4E51849F05D64BE690906D8771A1AD33;SP;Presidente Prudente;Área Consolidada;Analisado, aguardando atendimento a notificação;AT;0,0324
SP-3541406-4E51849F05D64BE690906D8771A1AD33;SP;Presidente Prudente;Área Consolidada;Analisado, aguardando atendimento a notificação;AT;0,0087
SP-3541406-4E51849F05D64BE690906D8771A1AD33;SP;Presidente Prudente;Área Consolidada;Analisado, aguardando atendimento a notificação;AT;0,0004
SP-3541406-4E51849F05D64BE690906D8771A1AD33;SP;Presidente Prudente;Área Consolidada;Analisado, aguardando atendimento a notificação;AT;0,0337
SP-3541406-4E51849F05D64BE690906D8771A1AD33;SP;Presidente Prudente;Área Consolidada;Analisado, aguardando atendimento a notificação;AT;0,0147
SP-3541406-4EBC277B8070459DB494657CB6784C86;SP;Presidente Prudente;Área Consolidada;Analisado, em conformidade com a Lei nº 12.651/2012;AT;4,3957
SP-3541406-4EE821D465A740088AF07457AED01FE0;SP;Presidente Prudente;Área Consolidada;Aguardando análise;AT;54,5780
SP-3541406-4F20A15AD17D4D0496C644C7BECA6C2D;SP;Presidente Prudente;Área Consolidada;Analisado, em conformidade com a Lei nº 12.651/2012, com ativos ambientais;AT;13,4590
SP-3541406-4F37499329E04137805B39B28AE192F3;SP;Presidente Prudente;Área Consolidada;Analisado, em conformidade com a Lei nº 12.651/2012, com ativos ambientais;AT;2,6621
SP-3541406-4F416AC089FF4D21A9632DD0B43E2BA1;SP;Presidente Prudente;Área Consolidada;Aguardando análise;AT;4,9172
SP-3541406-4F480FE1716247AF8B0A921C205F2039;SP;Presidente Prudente;Área Consolidada;Analisado, aguardando regularização ambiental (Lei nº 12.651/2012);AT;17,5894
SP-3541406-4F61A929B53F4E4B94809E8628A5061E;SP;Presidente Prudente;Área Consolidada;Aguardando análise;AT;44,5557
SP-3541406-4F6E96B339EB4FD48288FC356857EF02;SP;Presidente Prudente;Área Consolidada;Analisado, em conformidade com a Lei nº 12.651/2012, com ativos ambientais;AT;4,0699
SP-3541406-4F948679A2AA4AB695FBA2E42E675195;SP;Presidente Prudente;Área Consolidada;Analisado, aguardando atendimento a notificação;AT;106,6171
SP-3541406-4F9513833B74405AA04B878F1F6BC668;SP;Presidente Prudente;Área Consolidada;Analisado, em conformidade com a Lei nº 12.651/2012, com ativos ambientais;AT;0,2762
SP-3541406-4FB83D52220B490792656F05A44778CF;SP;Presidente Prudente;Área Consolidada;Aguardando análise;AT;36,7222
SP-3541406-4FB983FD913D4FB59219CEE607611C6E;SP;Presidente Prudente;Área Consolidada;Analisado, em conformidade com a Lei nº 12.651/2012, com ativos ambientais;AT;1,3787
SP-3541406-504BCEDF44D44D1980DB879B0DF3D58E;SP;Presidente Prudente;Área Consolidada;Analisado, aguardando regularização ambiental (Lei nº 12.651/2012);AT;19,7173
SP-3541406-5071F9C866C645E3970CA7B3A423E05E;SP;Presidente Prudente;Área Consolidada;Aguardando análise;AT;19,7407
SP-3541406-515CCE6326A6429EB9072B363D4A4C62;SP;Presidente Prudente;Área Consolidada;Aguardando análise, após revisão ou atendimento da notificação;AT;1,5037
SP-3541406-51616827F93746E49CDEAACC1856FF62;SP;Presidente Prudente;Área Consolidada;Analisado, aguardando atendimento a notificação;AT;14,9321
SP-3541406-51762966C10C48A79DD014A0EDF053F9;SP;Presidente Prudente;Área Consolidada;Analisado, aguardando regularização ambiental (Lei nº 12.651/2012);AT;10,9539
SP-3541406-51BEACEB6282464393CBDB5A103F12C3;SP;Presidente Prudente;Área Consolidada;Aguardando análise;AT;18,9613
SP-3541406-51E01594261E4B6CB72CB507942E036A;SP;Presidente Prudente;Área Consolidada;Analisado, em conformidade com a Lei nº 12.651/2012, com ativos ambientais;AT;1,6441
SP-3541406-51F07FEAC86D479CBED0A2CCFCCA13C9;SP;Presidente Prudente;Área Consolidada;Aguardando análise;AT;30,4420
SP-3541406-51FA158DC05E4042B3E39632A66763A8;SP;Presidente Prudente;Área Consolidada;Aguardando análise, após revisão ou atendimento da notificação;AT;14,7190
SP-3541406-520631DC671B4C8191798CFFFA8B59BB;SP;Presidente Prudente;Área Consolidada;Aguardando análise;AT;1,8234
SP-3541406-5219C763C756420A967BFA05859A2CC9;SP;Presidente Prudente;Área Consolidada;Analisado, em conformidade com a Lei nº 12.651/2012;AT;18,6371
SP-3541406-521F42AC8C2144238B89FCE924305061;SP;Presidente Prudente;Área Consolidada;Analisado, em conformidade com a Lei nº 12.651/2012, com ativos ambientais;AT;24,9948
SP-3541406-529208BEB51C49CC8E9E346027363B9F;SP;Presidente Prudente;Área Consolidada;Analisado, aguardando regularização ambiental (Lei nº 12.651/2012);AT;59,8497
SP-3541406-529C681C64254D02BDEC0673773E2F9E;SP;Presidente Prudente;Área Consolidada;Analisado, aguardando atendimento a notificação;AT;4,9666
SP-3541406-52A0128C281D447CB7A7844758AA19B5;SP;Presidente Prudente;Área Consolidada;Analisado, aguardando regularização ambiental (Lei nº 12.651/2012);AT;2,4177
SP-3541406-52DB6FE9DFF7459286A1C554FB656447;SP;Presidente Prudente;Área Consolidada;Aguardando análise;AT;0,6959
SP-3541406-536FFBF141164C4BBE9020B5032EB8AC;SP;Presidente Prudente;Área Consolidada;Analisado, aguardando atendimento a notificação;AT;24,1383
SP-3541406-53932F4177004430AB617109B453FE37;SP;Presidente Prudente;Área Consolidada;Aguardando análise;AT;8,6197
SP-3541406-53D52A12DCBB4060A17036DA8F9B1251;SP;Presidente Prudente;Área Consolidada;Aguardando análise, após revisão ou atendimento da notificação;AT;0,1754
SP-3541406-53D52A12DCBB4060A17036DA8F9B1251;SP;Presidente Prudente;Área Consolidada;Aguardando análise, após revisão ou atendimento da notificação;AT;0,0016
SP-3541406-541CBFD5DDA844969478E499E99839D1;SP;Presidente Prudente;Área Consolidada;Analisado, aguardando regularização ambiental (Lei nº 12.651/2012);AT;1,6760
SP-3541406-55098B3BD8084D1996344E03CD56D970;SP;Presidente Prudente;Área Consolidada;Analisado, em conformidade com a Lei nº 12.651/2012;AT;11,1724
SP-3541406-5531060FD80F47BDA8428CEEA1BEFD7F;SP;Presidente Prudente;Área Consolidada;Analisado, em conformidade com a Lei nº 12.651/2012, com ativos ambientais;AT;1,6959
SP-3541406-5572462996F04F50A3FFE62725193882;SP;Presidente Prudente;Área Consolidada;Aguardando análise;AT;58,9520
SP-3541406-55AF778C6D6B49E795CEEBD31EE7CFAE;SP;Presidente Prudente;Área Consolidada;Analisado, aguardando regularização ambiental (Lei nº 12.651/2012);AT;42,7669
SP-3541406-55B0D0BFEC5441AF95D33D45EFF88BAA;SP;Presidente Prudente;Área Consolidada;Analisado, aguardando regularização ambiental (Lei nº 12.651/2012);AT;77,7277
SP-3541406-55B0FF5169B44B7099076FC4048DCB7B;SP;Presidente Prudente;Área Consolidada;Aguardando análise, após revisão ou atendimento da notificação;AT;5,9542
SP-3541406-55CC5433169A4D38A7DFA01943D6A072;SP;Presidente Prudente;Área Consolidada;Aguardando análise;AT;7,7179
SP-3541406-55E1BDA9E88A4FE68715AFD59620CA93;SP;Presidente Prudente;Área Consolidada;Aguardando análise;AT;7,1640
SP-3541406-561484B54FD24C7E93953CC10208C9AA;SP;Presidente Prudente;Área Consolidada;Aguardando análise, após revisão ou atendimento da notificação;AT;0,0119
SP-3541406-561484B54FD24C7E93953CC10208C9AA;SP;Presidente Prudente;Área Consolidada;Aguardando análise, após revisão ou atendimento da notificação;AT;0,0000
SP-3541406-561484B54FD24C7E93953CC10208C9AA;SP;Presidente Prudente;Área Consolidada;Aguardando análise, após revisão ou atendimento da notificação;AT;0,0016
SP-3541406-561484B54FD24C7E93953CC10208C9AA;SP;Presidente Prudente;Área Consolidada;Aguardando análise, após revisão ou atendimento da notificação;AT;0,0000
SP-3541406-56178FDA0F17455E97819CFC020403F4;SP;Presidente Prudente;Área Consolidada;Analisado, em conformidade com a Lei nº 12.651/2012;AT;2,0639
SP-3541406-5620EB6836B34C1196FF4170E0404967;SP;Presidente Prudente;Área Consolidada;Analisado, em conformidade com a Lei nº 12.651/2012;AT;9,0951
SP-3541406-5637BB12AC094BDEBE8BCCAB4CFA887F;SP;Presidente Prudente;Área Consolidada;Aguardando análise, após revisão ou atendimento da notificação;AT;0,4141
SP-3541406-56690FDE26CC4A9B8DB8CDF351FFBB12;SP;Presidente Prudente;Área Consolidada;Aguardando análise, após revisão ou atendimento da notificação;AT;0,4489
SP-3541406-5684A848228B4667AA594FAB1FE349D7;SP;Presidente Prudente;Área Consolidada;Analisado, em conformidade com a Lei nº 12.651/2012;AT;21,3102
SP-3541406-56932D9A76B64B0D80CA1003AA391C39;SP;Presidente Prudente;Área Consolidada;Analisado, aguardando atendimento a notificação;AT;3,3365
SP-3541406-569DE895840947DBACF18D29D74A3DF7;SP;Presidente Prudente;Área Consolidada;Analisado, aguardando atendimento a notificação;AT;2,8155
SP-3541406-569DE895840947DBACF18D29D74A3DF7;SP;Presidente Prudente;Área Consolidada;Analisado, aguardando atendimento a notificação;AT;0,0631
SP-3541406-569DE895840947DBACF18D29D74A3DF7;SP;Presidente Prudente;Área Consolidada;Analisado, aguardando atendimento a notificação;AT;0,0072
SP-3541406-569DE895840947DBACF18D29D74A3DF7;SP;Presidente Prudente;Área Consolidada;Analisado, aguardando atendimento a notificação;AT;1,2733
SP-3541406-569DE895840947DBACF18D29D74A3DF7;SP;Presidente Prudente;Área Consolidada;Analisado, aguardando atendimento a notificação;AT;0,0046
SP-3541406-569DE895840947DBACF18D29D74A3DF7;SP;Presidente Prudente;Área Consolidada;Analisado, aguardando atendimento a notificação;AT;2,2037
SP-3541406-56C17A529A8447DBBC9E11AD71073796;SP;Presidente Prudente;Área Consolidada;Analisado, em conformidade com a Lei nº 12.651/2012, com ativos ambientais;AT;2,7800
SP-3541406-56D6245742924CE58F7CC0B7D2EE06BD;SP;Presidente Prudente;Área Consolidada;Analisado, aguardando regularização ambiental (Lei nº 12.651/2012);AT;62,2664
SP-3541406-56DC7056E262459BA69BA7884FB248A4;SP;Presidente Prudente;Área Consolidada;Aguardando análise;AT;36,0274
SP-3541406-57009A749AB64E87B41DA90DC049DA0B;SP;Presidente Prudente;Área Consolidada;Analisado, em conformidade com a Lei nº 12.651/2012;AT;8,6537
SP-3541406-570A9ACA525A48FB979BF59979CAC207;SP;Presidente Prudente;Área Consolidada;Analisado, em conformidade com a Lei nº 12.651/2012, com ativos ambientais;AT;5,9328
SP-3541406-57360BD3BDD646448FC39015D7E6F2F9;SP;Presidente Prudente;Área Consolidada;Analisado, em conformidade com a Lei nº 12.651/2012;AT;5,3345
SP-3541406-573F0DFA79FC4145AD77B2C0A17915B0;SP;Presidente Prudente;Área Consolidada;Analisado, aguardando regularização ambiental (Lei nº 12.651/2012);AT;36,8034
SP-3541406-5753ADEF66A147CD8349024A600B8394;SP;Presidente Prudente;Área Consolidada;Aguardando análise;AT;3,4435
SP-3541406-57C840BB893A40F8BEC6FA225C3A54F5;SP;Presidente Prudente;Área Consolidada;Analisado, aguardando atendimento a notificação;AT;2,4148
SP-3541406-581EDB1A5C8D4D90A4C3DF61797A52F0;SP;Presidente Prudente;Área Consolidada;Aguardando análise, após revisão ou atendimento da notificação;AT;8,3041
SP-3541406-582252DAF5B14234B934EC4BC710C590;SP;Presidente Prudente;Área Consolidada;Analisado, aguardando regularização ambiental (Lei nº 12.651/2012);AT;20,0205
SP-3541406-58CC8DA139C54326A26A4A837662045E;SP;Presidente Prudente;Área Consolidada;Analisado, em conformidade com a Lei nº 12.651/2012;AT;9,6440
SP-3541406-5935C1D11D074889BA7020489C26D972;SP;Presidente Prudente;Área Consolidada;Aguardando análise;AT;0,7046
SP-3541406-597021F552D84E8598056FA3324D5DD9;SP;Presidente Prudente;Área Consolidada;Analisado, em conformidade com a Lei nº 12.651/2012;AT;1,6787
SP-3541406-59CA674808D54BB49318E76494FCBF19;SP;Presidente Prudente;Área Consolidada;Analisado, aguardando atendimento a notificação;AT;3,8461
SP-3541406-5A0C423E3D044E989CFE6622897878D9;SP;Presidente Prudente;Área Consolidada;Analisado, em conformidade com a Lei nº 12.651/2012, com ativos ambientais;AT;6,8155
SP-3541406-5A57076811F04421A8956E9FB6DB0CD2;SP;Presidente Prudente;Área Consolidada;Analisado, em conformidade com a Lei nº 12.651/2012, com ativos ambientais;AT;13,7459
SP-3541406-5A65592B512C40C8AB9A59E2592BC80E;SP;Presidente Prudente;Área Consolidada;Analisado, em conformidade com a Lei nº 12.651/2012, com ativos ambientais;AT;18,8612
SP-3541406-5A897B4D88DF4ADAA44C6D2EE381F164;SP;Presidente Prudente;Área Consolidada;Aguardando análise;AT;0,8473
SP-3541406-5A897B4D88DF4ADAA44C6D2EE381F164;SP;Presidente Prudente;Área Consolidada;Aguardando análise;AT;0,6274
SP-3541406-5A897B4D88DF4ADAA44C6D2EE381F164;SP;Presidente Prudente;Área Consolidada;Aguardando análise;AT;0,0000
SP-3541406-5A897B4D88DF4ADAA44C6D2EE381F164;SP;Presidente Prudente;Área Consolidada;Aguardando análise;AT;0,0006
SP-3541406-5A897B4D88DF4ADAA44C6D2EE381F164;SP;Presidente Prudente;Área Consolidada;Aguardando análise;AT;0,0003
SP-3541406-5A897B4D88DF4ADAA44C6D2EE381F164;SP;Presidente Prudente;Área Consolidada;Aguardando análise;AT;0,0001
SP-3541406-5A897B4D88DF4ADAA44C6D2EE381F164;SP;Presidente Prudente;Área Consolidada;Aguardando análise;AT;0,5956
SP-3541406-5A897B4D88DF4ADAA44C6D2EE381F164;SP;Presidente Prudente;Área Consolidada;Aguardando análise;AT;0,0009
SP-3541406-5A897B4D88DF4ADAA44C6D2EE381F164;SP;Presidente Prudente;Área Consolidada;Aguardando análise;AT;0,0009
SP-3541406-5A897B4D88DF4ADAA44C6D2EE381F164;SP;Presidente Prudente;Área Consolidada;Aguardando análise;AT;0,0036
SP-3541406-5A897B4D88DF4ADAA44C6D2EE381F164;SP;Presidente Prudente;Área Consolidada;Aguardando análise;AT;0,0004
SP-3541406-5A897B4D88DF4ADAA44C6D2EE381F164;SP;Presidente Prudente;Área Consolidada;Aguardando análise;AT;0,0767
SP-3541406-5A897B4D88DF4ADAA44C6D2EE381F164;SP;Presidente Prudente;Área Consolidada;Aguardando análise;AT;0,0009
SP-3541406-5A897B4D88DF4ADAA44C6D2EE381F164;SP;Presidente Prudente;Área Consolidada;Aguardando análise;AT;0,4312
SP-3541406-5A897B4D88DF4ADAA44C6D2EE381F164;SP;Presidente Prudente;Área Consolidada;Aguardando análise;AT;0,0002
SP-3541406-5A897B4D88DF4ADAA44C6D2EE381F164;SP;Presidente Prudente;Área Consolidada;Aguardando análise;AT;0,0003
SP-3541406-5A897B4D88DF4ADAA44C6D2EE381F164;SP;Presidente Prudente;Área Consolidada;Aguardando análise;AT;0,5006
SP-3541406-5A897B4D88DF4ADAA44C6D2EE381F164;SP;Presidente Prudente;Área Consolidada;Aguardando análise;AT;0,0500
SP-3541406-5A897B4D88DF4ADAA44C6D2EE381F164;SP;Presidente Prudente;Área Consolidada;Aguardando análise;AT;0,0002
SP-3541406-5A897B4D88DF4ADAA44C6D2EE381F164;SP;Presidente Prudente;Área Consolidada;Aguardando análise;AT;0,0000
SP-3541406-5A897B4D88DF4ADAA44C6D2EE381F164;SP;Presidente Prudente;Área Consolidada;Aguardando análise;AT;0,0000
SP-3541406-5A897B4D88DF4ADAA44C6D2EE381F164;SP;Presidente Prudente;Área Consolidada;Aguardando análise;AT;0,0004
SP-3541406-5A897B4D88DF4ADAA44C6D2EE381F164;SP;Presidente Prudente;Área Consolidada;Aguardando análise;AT;0,0001
SP-3541406-5A897B4D88DF4ADAA44C6D2EE381F164;SP;Presidente Prudente;Área Consolidada;Aguardando análise;AT;0,0007
SP-3541406-5A897B4D88DF4ADAA44C6D2EE381F164;SP;Presidente Prudente;Área Consolidada;Aguardando análise;AT;0,6789
SP-3541406-5A897B4D88DF4ADAA44C6D2EE381F164;SP;Presidente Prudente;Área Consolidada;Aguardando análise;AT;0,0030
SP-3541406-5A897B4D88DF4ADAA44C6D2EE381F164;SP;Presidente Prudente;Área Consolidada;Aguardando análise;AT;0,0001
SP-3541406-5A897B4D88DF4ADAA44C6D2EE381F164;SP;Presidente Prudente;Área Consolidada;Aguardando análise;AT;0,0550
SP-3541406-5A897B4D88DF4ADAA44C6D2EE381F164;SP;Presidente Prudente;Área Consolidada;Aguardando análise;AT;0,0082
SP-3541406-5A897B4D88DF4ADAA44C6D2EE381F164;SP;Presidente Prudente;Área Consolidada;Aguardando análise;AT;0,0006
SP-3541406-5A897B4D88DF4ADAA44C6D2EE381F164;SP;Presidente Prudente;Área Consolidada;Aguardando análise;AT;0,0001
SP-3541406-5A897B4D88DF4ADAA44C6D2EE381F164;SP;Presidente Prudente;Área Consolidada;Aguardando análise;AT;0,4155
SP-3541406-5A897B4D88DF4ADAA44C6D2EE381F164;SP;Presidente Prudente;Área Consolidada;Aguardando análise;AT;0,3310
SP-3541406-5A897B4D88DF4ADAA44C6D2EE381F164;SP;Presidente Prudente;Área Consolidada;Aguardando análise;AT;0,5301
SP-3541406-5A897B4D88DF4ADAA44C6D2EE381F164;SP;Presidente Prudente;Área Consolidada;Aguardando análise;AT;0,0000
SP-3541406-5A897B4D88DF4ADAA44C6D2EE381F164;SP;Presidente Prudente;Área Consolidada;Aguardando análise;AT;0,0003
SP-3541406-5A897B4D88DF4ADAA44C6D2EE381F164;SP;Presidente Prudente;Área Consolidada;Aguardando análise;AT;0,0001
SP-3541406-5A897B4D88DF4ADAA44C6D2EE381F164;SP;Presidente Prudente;Área Consolidada;Aguardando análise;AT;0,0006
SP-3541406-5A897B4D88DF4ADAA44C6D2EE381F164;SP;Presidente Prudente;Área Consolidada;Aguardando análise;AT;0,0007
SP-3541406-5A897B4D88DF4ADAA44C6D2EE381F164;SP;Presidente Prudente;Área Consolidada;Aguardando análise;AT;0,5861
SP-3541406-5A897B4D88DF4ADAA44C6D2EE381F164;SP;Presidente Prudente;Área Consolidada;Aguardando análise;AT;0,3506
SP-3541406-5A897B4D88DF4ADAA44C6D2EE381F164;SP;Presidente Prudente;Área Consolidada;Aguardando análise;AT;0,0000
SP-3541406-5A897B4D88DF4ADAA44C6D2EE381F164;SP;Presidente Prudente;Área Consolidada;Aguardando análise;AT;0,0003
SP-3541406-5A897B4D88DF4ADAA44C6D2EE381F164;SP;Presidente Prudente;Área Consolidada;Aguardando análise;AT;0,0000
SP-3541406-5A897B4D88DF4ADAA44C6D2EE381F164;SP;Presidente Prudente;Área Consolidada;Aguardando análise;AT;0,0003
SP-3541406-5A897B4D88DF4ADAA44C6D2EE381F164;SP;Presidente Prudente;Área Consolidada;Aguardando análise;AT;0,3087
SP-3541406-5A897B4D88DF4ADAA44C6D2EE381F164;SP;Presidente Prudente;Área Consolidada;Aguardando análise;AT;0,0742
SP-3541406-5A897B4D88DF4ADAA44C6D2EE381F164;SP;Presidente Prudente;Área Consolidada;Aguardando análise;AT;0,0015
SP-3541406-5A897B4D88DF4ADAA44C6D2EE381F164;SP;Presidente Prudente;Área Consolidada;Aguardando análise;AT;0,0000
SP-3541406-5A897B4D88DF4ADAA44C6D2EE381F164;SP;Presidente Prudente;Área Consolidada;Aguardando análise;AT;0,0008
SP-3541406-5A897B4D88DF4ADAA44C6D2EE381F164;SP;Presidente Prudente;Área Consolidada;Aguardando análise;AT;0,0001
SP-3541406-5A897B4D88DF4ADAA44C6D2EE381F164;SP;Presidente Prudente;Área Consolidada;Aguardando análise;AT;0,0004
SP-3541406-5A897B4D88DF4ADAA44C6D2EE381F164;SP;Presidente Prudente;Área Consolidada;Aguardando análise;AT;0,0023
SP-3541406-5A897B4D88DF4ADAA44C6D2EE381F164;SP;Presidente Prudente;Área Consolidada;Aguardando análise;AT;0,5353
SP-3541406-5A897B4D88DF4ADAA44C6D2EE381F164;SP;Presidente Prudente;Área Consolidada;Aguardando análise;AT;0,0002
SP-3541406-5A897B4D88DF4ADAA44C6D2EE381F164;SP;Presidente Prudente;Área Consolidada;Aguardando análise;AT;0,0000
SP-3541406-5A897B4D88DF4ADAA44C6D2EE381F164;SP;Presidente Prudente;Área Consolidada;Aguardando análise;AT;0,0127
SP-3541406-5A897B4D88DF4ADAA44C6D2EE381F164;SP;Presidente Prudente;Área Consolidada;Aguardando análise;AT;0,3130
SP-3541406-5A897B4D88DF4ADAA44C6D2EE381F164;SP;Presidente Prudente;Área Consolidada;Aguardando análise;AT;0,0000
SP-3541406-5A897B4D88DF4ADAA44C6D2EE381F164;SP;Presidente Prudente;Área Consolidada;Aguardando análise;AT;0,0192
SP-3541406-5A897B4D88DF4ADAA44C6D2EE381F164;SP;Presidente Prudente;Área Consolidada;Aguardando análise;AT;0,0009
SP-3541406-5A897B4D88DF4ADAA44C6D2EE381F164;SP;Presidente Prudente;Área Consolidada;Aguardando análise;AT;0,0002
SP-3541406-5A897B4D88DF4ADAA44C6D2EE381F164;SP;Presidente Prudente;Área Consolidada;Aguardando análise;AT;0,2360
SP-3541406-5A897B4D88DF4ADAA44C6D2EE381F164;SP;Presidente Prudente;Área Consolidada;Aguardando análise;AT;0,0819
SP-3541406-5A897B4D88DF4ADAA44C6D2EE381F164;SP;Presidente Prudente;Área Consolidada;Aguardando análise;AT;0,0015
SP-3541406-5A897B4D88DF4ADAA44C6D2EE381F164;SP;Presidente Prudente;Área Consolidada;Aguardando análise;AT;0,0003
SP-3541406-5A897B4D88DF4ADAA44C6D2EE381F164;SP;Presidente Prudente;Área Consolidada;Aguardando análise;AT;0,0248
SP-3541406-5A897B4D88DF4ADAA44C6D2EE381F164;SP;Presidente Prudente;Área Consolidada;Aguardando análise;AT;0,0001
SP-3541406-5A897B4D88DF4ADAA44C6D2EE381F164;SP;Presidente Prudente;Área Consolidada;Aguardando análise;AT;0,0003
SP-3541406-5A897B4D88DF4ADAA44C6D2EE381F164;SP;Presidente Prudente;Área Consolidada;Aguardando análise;AT;0,0024
SP-3541406-5A897B4D88DF4ADAA44C6D2EE381F164;SP;Presidente Prudente;Área Consolidada;Aguardando análise;AT;0,7696
SP-3541406-5A897B4D88DF4ADAA44C6D2EE381F164;SP;Presidente Prudente;Área Consolidada;Aguardando análise;AT;2,3083
SP-3541406-5A897B4D88DF4ADAA44C6D2EE381F164;SP;Presidente Prudente;Área Consolidada;Aguardando análise;AT;0,7534
SP-3541406-5A897B4D88DF4ADAA44C6D2EE381F164;SP;Presidente Prudente;Área Consolidada;Aguardando análise;AT;0,0001
SP-3541406-5A897B4D88DF4ADAA44C6D2EE381F164;SP;Presidente Prudente;Área Consolidada;Aguardando análise;AT;0,0021
SP-3541406-5A897B4D88DF4ADAA44C6D2EE381F164;SP;Presidente Prudente;Área Consolidada;Aguardando análise;AT;0,0326
SP-3541406-5A897B4D88DF4ADAA44C6D2EE381F164;SP;Presidente Prudente;Área Consolidada;Aguardando análise;AT;0,0049
SP-3541406-5A897B4D88DF4ADAA44C6D2EE381F164;SP;Presidente Prudente;Área Consolidada;Aguardando análise;AT;0,0007
SP-3541406-5A897B4D88DF4ADAA44C6D2EE381F164;SP;Presidente Prudente;Área Consolidada;Aguardando análise;AT;0,0111
SP-3541406-5A897B4D88DF4ADAA44C6D2EE381F164;SP;Presidente Prudente;Área Consolidada;Aguardando análise;AT;0,0000
SP-3541406-5A897B4D88DF4ADAA44C6D2EE381F164;SP;Presidente Prudente;Área Consolidada;Aguardando análise;AT;0,0027
SP-3541406-5A897B4D88DF4ADAA44C6D2EE381F164;SP;Presidente Prudente;Área Consolidada;Aguardando análise;AT;0,0004
SP-3541406-5A897B4D88DF4ADAA44C6D2EE381F164;SP;Presidente Prudente;Área Consolidada;Aguardando análise;AT;0,0033
SP-3541406-5A897B4D88DF4ADAA44C6D2EE381F164;SP;Presidente Prudente;Área Consolidada;Aguardando análise;AT;0,0002
SP-3541406-5A897B4D88DF4ADAA44C6D2EE381F164;SP;Presidente Prudente;Área Consolidada;Aguardando análise;AT;0,0000
SP-3541406-5A897B4D88DF4ADAA44C6D2EE381F164;SP;Presidente Prudente;Área Consolidada;Aguardando análise;AT;0,0138
SP-3541406-5A897B4D88DF4ADAA44C6D2EE381F164;SP;Presidente Prudente;Área Consolidada;Aguardando análise;AT;0,0039
SP-3541406-5A897B4D88DF4ADAA44C6D2EE381F164;SP;Presidente Prudente;Área Consolidada;Aguardando análise;AT;0,0069
SP-3541406-5A897B4D88DF4ADAA44C6D2EE381F164;SP;Presidente Prudente;Área Consolidada;Aguardando análise;AT;0,0014
SP-3541406-5A897B4D88DF4ADAA44C6D2EE381F164;SP;Presidente Prudente;Área Consolidada;Aguardando análise;AT;0,0018
SP-3541406-5A897B4D88DF4ADAA44C6D2EE381F164;SP;Presidente Prudente;Área Consolidada;Aguardando análise;AT;0,0058
SP-3541406-5A897B4D88DF4ADAA44C6D2EE381F164;SP;Presidente Prudente;Área Consolidada;Aguardando análise;AT;0,0004
SP-3541406-5A897B4D88DF4ADAA44C6D2EE381F164;SP;Presidente Prudente;Área Consolidada;Aguardando análise;AT;0,0502
SP-3541406-5A897B4D88DF4ADAA44C6D2EE381F164;SP;Presidente Prudente;Área Consolidada;Aguardando análise;AT;0,0285
SP-3541406-5A897B4D88DF4ADAA44C6D2EE381F164;SP;Presidente Prudente;Área Consolidada;Aguardando análise;AT;0,0012
SP-3541406-5A897B4D88DF4ADAA44C6D2EE381F164;SP;Presidente Prudente;Área Consolidada;Aguardando análise;AT;2,0979
SP-3541406-5A897B4D88DF4ADAA44C6D2EE381F164;SP;Presidente Prudente;Área Consolidada;Aguardando análise;AT;0,0713
SP-3541406-5A897B4D88DF4ADAA44C6D2EE381F164;SP;Presidente Prudente;Área Consolidada;Aguardando análise;AT;0,0002
SP-3541406-5A897B4D88DF4ADAA44C6D2EE381F164;SP;Presidente Prudente;Área Consolidada;Aguardando análise;AT;0,0022
SP-3541406-5A897B4D88DF4ADAA44C6D2EE381F164;SP;Presidente Prudente;Área Consolidada;Aguardando análise;AT;0,0001
SP-3541406-5A897B4D88DF4ADAA44C6D2EE381F164;SP;Presidente Prudente;Área Consolidada;Aguardando análise;AT;0,0000
SP-3541406-5A897B4D88DF4ADAA44C6D2EE381F164;SP;Presidente Prudente;Área Consolidada;Aguardando análise;AT;0,0001
SP-3541406-5A897B4D88DF4ADAA44C6D2EE381F164;SP;Presidente Prudente;Área Consolidada;Aguardando análise;AT;0,0140
SP-3541406-5A897B4D88DF4ADAA44C6D2EE381F164;SP;Presidente Prudente;Área Consolidada;Aguardando análise;AT;0,0001
SP-3541406-5A897B4D88DF4ADAA44C6D2EE381F164;SP;Presidente Prudente;Área Consolidada;Aguardando análise;AT;0,0002
SP-3541406-5A897B4D88DF4ADAA44C6D2EE381F164;SP;Presidente Prudente;Área Consolidada;Aguardando análise;AT;0,0002
SP-3541406-5A897B4D88DF4ADAA44C6D2EE381F164;SP;Presidente Prudente;Área Consolidada;Aguardando análise;AT;0,0004
SP-3541406-5A897B4D88DF4ADAA44C6D2EE381F164;SP;Presidente Prudente;Área Consolidada;Aguardando análise;AT;0,0000
SP-3541406-5A897B4D88DF4ADAA44C6D2EE381F164;SP;Presidente Prudente;Área Consolidada;Aguardando análise;AT;0,0003
SP-3541406-5A897B4D88DF4ADAA44C6D2EE381F164;SP;Presidente Prudente;Área Consolidada;Aguardando análise;AT;0,0000
SP-3541406-5A897B4D88DF4ADAA44C6D2EE381F164;SP;Presidente Prudente;Área Consolidada;Aguardando análise;AT;0,0001
SP-3541406-5A897B4D88DF4ADAA44C6D2EE381F164;SP;Presidente Prudente;Área Consolidada;Aguardando análise;AT;0,0001
SP-3541406-5A897B4D88DF4ADAA44C6D2EE381F164;SP;Presidente Prudente;Área Consolidada;Aguardando análise;AT;0,0852
SP-3541406-5A897B4D88DF4ADAA44C6D2EE381F164;SP;Presidente Prudente;Área Consolidada;Aguardando análise;AT;0,0001
SP-3541406-5A897B4D88DF4ADAA44C6D2EE381F164;SP;Presidente Prudente;Área Consolidada;Aguardando análise;AT;0,0113
SP-3541406-5A897B4D88DF4ADAA44C6D2EE381F164;SP;Presidente Prudente;Área Consolidada;Aguardando análise;AT;0,2081
SP-3541406-5A897B4D88DF4ADAA44C6D2EE381F164;SP;Presidente Prudente;Área Consolidada;Aguardando análise;AT;0,0015
SP-3541406-5A897B4D88DF4ADAA44C6D2EE381F164;SP;Presidente Prudente;Área Consolidada;Aguardando análise;AT;0,0001
SP-3541406-5A897B4D88DF4ADAA44C6D2EE381F164;SP;Presidente Prudente;Área Consolidada;Aguardando análise;AT;0,0012
SP-3541406-5A897B4D88DF4ADAA44C6D2EE381F164;SP;Presidente Prudente;Área Consolidada;Aguardando análise;AT;0,2360
SP-3541406-5A897B4D88DF4ADAA44C6D2EE381F164;SP;Presidente Prudente;Área Consolidada;Aguardando análise;AT;0,0638
SP-3541406-5A897B4D88DF4ADAA44C6D2EE381F164;SP;Presidente Prudente;Área Consolidada;Aguardando análise;AT;0,6885
SP-3541406-5A897B4D88DF4ADAA44C6D2EE381F164;SP;Presidente Prudente;Área Consolidada;Aguardando análise;AT;0,0015
SP-3541406-5A897B4D88DF4ADAA44C6D2EE381F164;SP;Presidente Prudente;Área Consolidada;Aguardando análise;AT;0,5454
SP-3541406-5A897B4D88DF4ADAA44C6D2EE381F164;SP;Presidente Prudente;Área Consolidada;Aguardando análise;AT;1,0779
SP-3541406-5A897B4D88DF4ADAA44C6D2EE381F164;SP;Presidente Prudente;Área Consolidada;Aguardando análise;AT;0,7841
SP-3541406-5B003E36B49647749FCCAC006B98196B;SP;Presidente Prudente;Área Consolidada;Analisado, em conformidade com a Lei nº 12.651/2012, com ativos ambientais;AT;2,4347
SP-3541406-5B022CADE20A4C818432A29602CA4FC5;SP;Presidente Prudente;Área Consolidada;Aguardando análise;AT;0,0015
SP-3541406-5B022CADE20A4C818432A29602CA4FC5;SP;Presidente Prudente;Área Consolidada;Aguardando análise;AT;0,0645
SP-3541406-5B022CADE20A4C818432A29602CA4FC5;SP;Presidente Prudente;Área Consolidada;Aguardando análise;AT;0,0172
SP-3541406-5B022CADE20A4C818432A29602CA4FC5;SP;Presidente Prudente;Área Consolidada;Aguardando análise;AT;0,3414
SP-3541406-5B022CADE20A4C818432A29602CA4FC5;SP;Presidente Prudente;Área Consolidada;Aguardando análise;AT;0,1598
SP-3541406-5B022CADE20A4C818432A29602CA4FC5;SP;Presidente Prudente;Área Consolidada;Aguardando análise;AT;0,2478
SP-3541406-5B022CADE20A4C818432A29602CA4FC5;SP;Presidente Prudente;Área Consolidada;Aguardando análise;AT;0,0097
SP-3541406-5B022CADE20A4C818432A29602CA4FC5;SP;Presidente Prudente;Área Consolidada;Aguardando análise;AT;0,2549
SP-3541406-5B022CADE20A4C818432A29602CA4FC5;SP;Presidente Prudente;Área Consolidada;Aguardando análise;AT;0,0804
SP-3541406-5B022CADE20A4C818432A29602CA4FC5;SP;Presidente Prudente;Área Consolidada;Aguardando análise;AT;0,0799
SP-3541406-5B022CADE20A4C818432A29602CA4FC5;SP;Presidente Prudente;Área Consolidada;Aguardando análise;AT;0,0482
SP-3541406-5B022CADE20A4C818432A29602CA4FC5;SP;Presidente Prudente;Área Consolidada;Aguardando análise;AT;0,8438
SP-3541406-5B022CADE20A4C818432A29602CA4FC5;SP;Presidente Prudente;Área Consolidada;Aguardando análise;AT;1,6853
SP-3541406-5B022CADE20A4C818432A29602CA4FC5;SP;Presidente Prudente;Área Consolidada;Aguardando análise;AT;0,0149
SP-3541406-5B022CADE20A4C818432A29602CA4FC5;SP;Presidente Prudente;Área Consolidada;Aguardando análise;AT;0,3656
SP-3541406-5B14714143FB443090907AF27E3821AD;SP;Presidente Prudente;Área Consolidada;Analisado, em conformidade com a Lei nº 12.651/2012;AT;2,4525
SP-3541406-5B22AA71131C4B39A084ECFA17FF3CBA;SP;Presidente Prudente;Área Consolidada;Aguardando análise, após revisão ou atendimento da notificação;AT;76,5348
SP-3541406-5B4FA3F04254470093EE9CB6BBFEC75C;SP;Presidente Prudente;Área Consolidada;Analisado, em conformidade com a Lei nº 12.651/2012, com ativos ambientais;AT;6,6556
SP-3541406-5B96528FF99940CB8F6DFEB1DD9BDD4E;SP;Presidente Prudente;Área Consolidada;Aguardando análise, após revisão ou atendimento da notificação;AT;10,9863
SP-3541406-5BCA8EF7E71146A28994EB0D8C030AE9;SP;Presidente Prudente;Área Consolidada;Aguardando análise, após revisão ou atendimento da notificação;AT;15,0739
SP-3541406-5BDEDDB484A1477389DC192B0548E6EC;SP;Presidente Prudente;Área Consolidada;Aguardando análise, após revisão ou atendimento da notificação;AT;1,3230
SP-3541406-5BDEDDB484A1477389DC192B0548E6EC;SP;Presidente Prudente;Área Consolidada;Aguardando análise, após revisão ou atendimento da notificação;AT;0,0414
SP-3541406-5BDEDDB484A1477389DC192B0548E6EC;SP;Presidente Prudente;Área Consolidada;Aguardando análise, após revisão ou atendimento da notificação;AT;0,0023
SP-3541406-5BE1181A001244D4ACBC0D667BE542FB;SP;Presidente Prudente;Área Consolidada;Aguardando análise;AT;14,6262
SP-3541406-5C92EE626E6F4DDAB7D7FD5D0627BFFE;SP;Presidente Prudente;Área Consolidada;Analisado, aguardando regularização ambiental (Lei nº 12.651/2012);AT;4,3263
SP-3541406-5D0ABFB2045445FFAC0A697E85CDA9F4;SP;Presidente Prudente;Área Consolidada;Analisado, em conformidade com a Lei nº 12.651/2012, com ativos ambientais;AT;8,8442
SP-3541406-5D163322A6BA4724AAB50FDBC36B8AF4;SP;Presidente Prudente;Área Consolidada;Analisado, em conformidade com a Lei nº 12.651/2012, com ativos ambientais;AT;6,6478
SP-3541406-5D199CD2F8714462A22FBDA3F762721C;SP;Presidente Prudente;Área Consolidada;Analisado, em conformidade com a Lei nº 12.651/2012;AT;10,2019
SP-3541406-5D270C0E22B94A3D8A9EE982B8E02962;SP;Presidente Prudente;Área Consolidada;Aguardando análise, após revisão ou atendimento da notificação;AT;0,2945
SP-3541406-5D5F62450831456D9BCEBCFCE8712CE6;SP;Presidente Prudente;Área Consolidada;Analisado, aguardando regularização ambiental (Lei nº 12.651/2012);AT;8,9280
SP-3541406-5DA110ECB36941B38DE4FEA502E6EAA6;SP;Presidente Prudente;Área Consolidada;Analisado, em conformidade com a Lei nº 12.651/2012, com ativos ambientais;AT;3,6397
SP-3541406-5DEB89B7707249A8A40EC3A39B1C8D5B;SP;Presidente Prudente;Área Consolidada;Analisado, em conformidade com a Lei nº 12.651/2012, com ativos ambientais;AT;43,1302
SP-3541406-5E473C5623034FBCB1E68751E4EECE55;SP;Presidente Prudente;Área Consolidada;Analisado, em conformidade com a Lei nº 12.651/2012;AT;7,1433
SP-3541406-5E4BE135FF7F47B8B7D770B8C81F624B;SP;Presidente Prudente;Área Consolidada;Analisado, em conformidade com a Lei nº 12.651/2012, com ativos ambientais;AT;4,6194
SP-3541406-5E9F634492CF4FFFB8D5F2DAB1FB1D14;SP;Presidente Prudente;Área Consolidada;Analisado, em conformidade com a Lei nº 12.651/2012, com ativos ambientais;AT;6,0193
SP-3541406-5F315D4FF9CF42C79DB4C383DF035457;SP;Presidente Prudente;Área Consolidada;Analisado, aguardando atendimento a notificação;AT;9,6310
SP-3541406-5F34376FB5164FACA4071C742526FF35;SP;Presidente Prudente;Área Consolidada;Analisado, em conformidade com a Lei nº 12.651/2012, com ativos ambientais;AT;2,6934
SP-3541406-5F40D5611EB34ACD89BC3927CF095A20;SP;Presidente Prudente;Área Consolidada;Aguardando análise;AT;2,2800
SP-3541406-5F76E44E822B4F4ABFBB76A4AF0022C2;SP;Presidente Prudente;Área Consolidada;Analisado, em conformidade com a Lei nº 12.651/2012;AT;7,1976
SP-3541406-5F7DF96D911C4A7994E141E4170B1104;SP;Presidente Prudente;Área Consolidada;Analisado, em conformidade com a Lei nº 12.651/2012, com ativos ambientais;AT;8,3304
SP-3541406-5F8078CB68FA4C2FB972EA7EAF56E6A0;SP;Presidente Prudente;Área Consolidada;Aguardando análise, após revisão ou atendimento da notificação;AT;0,2614
SP-3541406-5F8078CB68FA4C2FB972EA7EAF56E6A0;SP;Presidente Prudente;Área Consolidada;Aguardando análise, após revisão ou atendimento da notificação;AT;0,1869
SP-3541406-5FA48B7BB42F49C7845179B5383386D6;SP;Presidente Prudente;Área Consolidada;Aguardando análise;AT;6,3496
SP-3541406-5FC8FE47D7B04330AA69277654FF49DF;SP;Presidente Prudente;Área Consolidada;Analisado, em conformidade com a Lei nº 12.651/2012, com ativos ambientais;AT;3,4701
SP-3541406-5FE62E997734447E9673D9BAEE481DF4;SP;Presidente Prudente;Área Consolidada;Analisado, aguardando regularização ambiental (Lei nº 12.651/2012);AT;3,2295
SP-3541406-6039426957D949FC88E840129668FEA9;SP;Presidente Prudente;Área Consolidada;Analisado, aguardando regularização ambiental (Lei nº 12.651/2012);AT;54,8793
SP-3541406-603B8C95DE3A44EFA9E33C0120AD6F9C;SP;Presidente Prudente;Área Consolidada;Analisado, em conformidade com a Lei nº 12.651/2012;AT;2,4672
SP-3541406-60C45E0C9DFB44008A9F1C7D289F14E2;SP;Presidente Prudente;Área Consolidada;Analisado, em conformidade com a Lei nº 12.651/2012, com ativos ambientais;AT;3,0156
SP-3541406-615202822CA24DD1B33D56687939B9A9;SP;Presidente Prudente;Área Consolidada;Analisado, aguardando regularização ambiental (Lei nº 12.651/2012);AT;35,1405
SP-3541406-61528835F2064A5196E1542352905E84;SP;Presidente Prudente;Área Consolidada;Aguardando análise, após revisão ou atendimento da notificação;AT;1,4995
SP-3541406-6158EF53E3784F73A17D4833D5C281A4;SP;Presidente Prudente;Área Consolidada;Analisado, em conformidade com a Lei nº 12.651/2012, com ativos ambientais;AT;2,1915
SP-3541406-61593648E1444C3E9E92036EFEA34E67;SP;Presidente Prudente;Área Consolidada;Analisado, em conformidade com a Lei nº 12.651/2012;AT;5,2885
SP-3541406-6188C25F1C6B42AE9078939853F70E9B;SP;Presidente Prudente;Área Consolidada;Aguardando análise;AT;2,4654
SP-3541406-619E864ABC15441ABBB86F4F307D8EB1;SP;Presidente Prudente;Área Consolidada;Analisado, em conformidade com a Lei nº 12.651/2012;AT;17,4703
SP-3541406-6261890287034E4C89380F4116B7D276;SP;Presidente Prudente;Área Consolidada;Analisado, em conformidade com a Lei nº 12.651/2012, com ativos ambientais;AT;36,0356
SP-3541406-6284D4CB7BEB4F5793D726AB15B3D3FA;SP;Presidente Prudente;Área Consolidada;Analisado, em conformidade com a Lei nº 12.651/2012;AT;14,9368
SP-3541406-62C7EA349ADE4747B8F0370620E01EBC;SP;Presidente Prudente;Área Consolidada;Analisado, aguardando regularização ambiental (Lei nº 12.651/2012);AT;3,1019
SP-3541406-62CEE456FFF1466F820FCAA8BE63841D;SP;Presidente Prudente;Área Consolidada;Analisado, aguardando atendimento a notificação;AT;0,0950
SP-3541406-62CEE456FFF1466F820FCAA8BE63841D;SP;Presidente Prudente;Área Consolidada;Analisado, aguardando atendimento a notificação;AT;0,0006
SP-3541406-62CEE456FFF1466F820FCAA8BE63841D;SP;Presidente Prudente;Área Consolidada;Analisado, aguardando atendimento a notificação;AT;1,3514
SP-3541406-62CEE456FFF1466F820FCAA8BE63841D;SP;Presidente Prudente;Área Consolidada;Analisado, aguardando atendimento a notificação;AT;0,0546
SP-3541406-62CEE456FFF1466F820FCAA8BE63841D;SP;Presidente Prudente;Área Consolidada;Analisado, aguardando atendimento a notificação;AT;0,8516
SP-3541406-62CEE456FFF1466F820FCAA8BE63841D;SP;Presidente Prudente;Área Consolidada;Analisado, aguardando atendimento a notificação;AT;0,0001
SP-3541406-62CEE456FFF1466F820FCAA8BE63841D;SP;Presidente Prudente;Área Consolidada;Analisado, aguardando atendimento a notificação;AT;0,0049
SP-3541406-62CEE456FFF1466F820FCAA8BE63841D;SP;Presidente Prudente;Área Consolidada;Analisado, aguardando atendimento a notificação;AT;0,0001
SP-3541406-62E13180E74E44D384F904B2F19F0B2B;SP;Presidente Prudente;Área Consolidada;Analisado, em conformidade com a Lei nº 12.651/2012;AT;4,6229
SP-3541406-631339EA7DC24E76A54CCD7E51853314;SP;Presidente Prudente;Área Consolidada;Analisado, aguardando atendimento a notificação;AT;2,1797
SP-3541406-639DC074F13A4C6585FC0B11E4CC5A22;SP;Presidente Prudente;Área Consolidada;Analisado, em conformidade com a Lei nº 12.651/2012, com ativos ambientais;AT;10,7421
SP-3541406-63CCF8D3481A41C3997DDB21B8FF7A42;SP;Presidente Prudente;Área Consolidada;Analisado, em conformidade com a Lei nº 12.651/2012;AT;17,7858
SP-3541406-63E43930F0064867A02BECC02A3B35F5;SP;Presidente Prudente;Área Consolidada;Analisado, aguardando regularização ambiental (Lei nº 12.651/2012);AT;33,2729
SP-3541406-6429B364CEF44E809D10BCE6822354BC;SP;Presidente Prudente;Área Consolidada;Aguardando análise, após revisão ou atendimento da notificação;AT;1,7647
SP-3541406-646AFBFED3774890BB62B219ECC44D6F;SP;Presidente Prudente;Área Consolidada;Aguardando análise;AT;8,7069
SP-3541406-6489B27C91A947B984927A7278AF0488;SP;Presidente Prudente;Área Consolidada;Analisado, em conformidade com a Lei nº 12.651/2012, com ativos ambientais;AT;8,1831
SP-3541406-64B4DA73D3544D2CB24179E28035667F;SP;Presidente Prudente;Área Consolidada;Analisado, em conformidade com a Lei nº 12.651/2012, com ativos ambientais;AT;1,3428
SP-3541406-64E273B02D9447B688D88C3028A1C093;SP;Presidente Prudente;Área Consolidada;Aguardando análise, após revisão ou atendimento da notificação;AT;7,3535
SP-3541406-65692682ED4B4927B87BE36AFD101CEA;SP;Presidente Prudente;Área Consolidada;Analisado, em conformidade com a Lei nº 12.651/2012, com ativos ambientais;AT;10,5534
SP-3541406-65A8BD2BB9D14690BA746F47A811518B;SP;Presidente Prudente;Área Consolidada;Analisado, aguardando atendimento a notificação;AT;0,0000
SP-3541406-65A8BD2BB9D14690BA746F47A811518B;SP;Presidente Prudente;Área Consolidada;Analisado, aguardando atendimento a notificação;AT;0,6240
SP-3541406-66130101BEC04961A84360D658BBEE0A;SP;Presidente Prudente;Área Consolidada;Aguardando análise;AT;30,3519
SP-3541406-661B8E18393B4F4E9805F937C148A043;SP;Presidente Prudente;Área Consolidada;Aguardando análise, após revisão ou atendimento da notificação;AT;0,0001
SP-3541406-661B8E18393B4F4E9805F937C148A043;SP;Presidente Prudente;Área Consolidada;Aguardando análise, após revisão ou atendimento da notificação;AT;0,1091
SP-3541406-661B8E18393B4F4E9805F937C148A043;SP;Presidente Prudente;Área Consolidada;Aguardando análise, após revisão ou atendimento da notificação;AT;0,0022
SP-3541406-661B8E18393B4F4E9805F937C148A043;SP;Presidente Prudente;Área Consolidada;Aguardando análise, após revisão ou atendimento da notificação;AT;0,0001
SP-3541406-661B8E18393B4F4E9805F937C148A043;SP;Presidente Prudente;Área Consolidada;Aguardando análise, após revisão ou atendimento da notificação;AT;0,0005
SP-3541406-661B8E18393B4F4E9805F937C148A043;SP;Presidente Prudente;Área Consolidada;Aguardando análise, após revisão ou atendimento da notificação;AT;0,0083
SP-3541406-661B8E18393B4F4E9805F937C148A043;SP;Presidente Prudente;Área Consolidada;Aguardando análise, após revisão ou atendimento da notificação;AT;0,0002
SP-3541406-661B8E18393B4F4E9805F937C148A043;SP;Presidente Prudente;Área Consolidada;Aguardando análise, após revisão ou atendimento da notificação;AT;0,0003
SP-3541406-661B8E18393B4F4E9805F937C148A043;SP;Presidente Prudente;Área Consolidada;Aguardando análise, após revisão ou atendimento da notificação;AT;0,0001
SP-3541406-661B8E18393B4F4E9805F937C148A043;SP;Presidente Prudente;Área Consolidada;Aguardando análise, após revisão ou atendimento da notificação;AT;0,0053
SP-3541406-661B8E18393B4F4E9805F937C148A043;SP;Presidente Prudente;Área Consolidada;Aguardando análise, após revisão ou atendimento da notificação;AT;0,0081
SP-3541406-661B8E18393B4F4E9805F937C148A043;SP;Presidente Prudente;Área Consolidada;Aguardando análise, após revisão ou atendimento da notificação;AT;0,0040
SP-3541406-661B8E18393B4F4E9805F937C148A043;SP;Presidente Prudente;Área Consolidada;Aguardando análise, após revisão ou atendimento da notificação;AT;0,0115
SP-3541406-661B8E18393B4F4E9805F937C148A043;SP;Presidente Prudente;Área Consolidada;Aguardando análise, após revisão ou atendimento da notificação;AT;0,0072
SP-3541406-661B8E18393B4F4E9805F937C148A043;SP;Presidente Prudente;Área Consolidada;Aguardando análise, após revisão ou atendimento da notificação;AT;0,0538
SP-3541406-661B8E18393B4F4E9805F937C148A043;SP;Presidente Prudente;Área Consolidada;Aguardando análise, após revisão ou atendimento da notificação;AT;0,0009
SP-3541406-661B8E18393B4F4E9805F937C148A043;SP;Presidente Prudente;Área Consolidada;Aguardando análise, após revisão ou atendimento da notificação;AT;0,4694
SP-3541406-664A4ACD6DA94C9B99487A98BC0F4210;SP;Presidente Prudente;Área Consolidada;Aguardando análise, após revisão ou atendimento da notificação;AT;0,0410
SP-3541406-664A4ACD6DA94C9B99487A98BC0F4210;SP;Presidente Prudente;Área Consolidada;Aguardando análise, após revisão ou atendimento da notificação;AT;0,0030
SP-3541406-664A4ACD6DA94C9B99487A98BC0F4210;SP;Presidente Prudente;Área Consolidada;Aguardando análise, após revisão ou atendimento da notificação;AT;0,2446
SP-3541406-664A4ACD6DA94C9B99487A98BC0F4210;SP;Presidente Prudente;Área Consolidada;Aguardando análise, após revisão ou atendimento da notificação;AT;0,0024
SP-3541406-664A4ACD6DA94C9B99487A98BC0F4210;SP;Presidente Prudente;Área Consolidada;Aguardando análise, após revisão ou atendimento da notificação;AT;0,0028
SP-3541406-664A4ACD6DA94C9B99487A98BC0F4210;SP;Presidente Prudente;Área Consolidada;Aguardando análise, após revisão ou atendimento da notificação;AT;0,0000
SP-3541406-664A4ACD6DA94C9B99487A98BC0F4210;SP;Presidente Prudente;Área Consolidada;Aguardando análise, após revisão ou atendimento da notificação;AT;0,0018
SP-3541406-664A4ACD6DA94C9B99487A98BC0F4210;SP;Presidente Prudente;Área Consolidada;Aguardando análise, após revisão ou atendimento da notificação;AT;0,0006
SP-3541406-664A4ACD6DA94C9B99487A98BC0F4210;SP;Presidente Prudente;Área Consolidada;Aguardando análise, após revisão ou atendimento da notificação;AT;0,0001
SP-3541406-664A4ACD6DA94C9B99487A98BC0F4210;SP;Presidente Prudente;Área Consolidada;Aguardando análise, após revisão ou atendimento da notificação;AT;0,0011
SP-3541406-664A4ACD6DA94C9B99487A98BC0F4210;SP;Presidente Prudente;Área Consolidada;Aguardando análise, após revisão ou atendimento da notificação;AT;0,0006
SP-3541406-664A4ACD6DA94C9B99487A98BC0F4210;SP;Presidente Prudente;Área Consolidada;Aguardando análise, após revisão ou atendimento da notificação;AT;0,0034
SP-3541406-664A4ACD6DA94C9B99487A98BC0F4210;SP;Presidente Prudente;Área Consolidada;Aguardando análise, após revisão ou atendimento da notificação;AT;0,0024
SP-3541406-669B2FDCB0C940CBADFD41173D9A7501;SP;Presidente Prudente;Área Consolidada;Aguardando análise;AT;6,8578
SP-3541406-6704B2E91440489A9410D01F5D1EC0B6;SP;Presidente Prudente;Área Consolidada;Aguardando análise;AT;1,3705
SP-3541406-670AA92F4AB349A8AAA4B94B813ED851;SP;Presidente Prudente;Área Consolidada;Analisado, aguardando atendimento a notificação;AT;2,2321
SP-3541406-6725134D277846ECA920DD65126C8BF1;SP;Presidente Prudente;Área Consolidada;Analisado, aguardando atendimento a notificação;AT;2,4010
SP-3541406-67A7DEE0CCD446E0B72567675447F195;SP;Presidente Prudente;Área Consolidada;Aguardando análise;AT;5,3893
SP-3541406-67D0B9A84EFB40C6AB5BAAFB1068859E;SP;Presidente Prudente;Área Consolidada;Aguardando análise, após revisão ou atendimento da notificação;AT;2,2058
SP-3541406-67DA33B928484422BC282167909893A0;SP;Presidente Prudente;Área Consolidada;Aguardando análise;AT;20,4112
SP-3541406-68E6E5CEB668460EA7EE4C5F8B0CBCF5;SP;Presidente Prudente;Área Consolidada;Analisado, aguardando regularização ambiental (Lei nº 12.651/2012);AT;41,7244
SP-3541406-6941EBF65844411CBB856E925F6D971E;SP;Presidente Prudente;Área Consolidada;Analisado, em conformidade com a Lei nº 12.651/2012;AT;36,3267
SP-3541406-6971DE9DD38A43BBAA7835658E5DAFAB;SP;Presidente Prudente;Área Consolidada;Aguardando análise;AT;23,0772
SP-3541406-69BD43E7A91242E694B1F98B0233705C;SP;Presidente Prudente;Área Consolidada;Analisado, em conformidade com a Lei nº 12.651/2012;AT;2,3685
SP-3541406-69CB47353BAA456A9BDB8110315DC56D;SP;Presidente Prudente;Área Consolidada;Analisado, em conformidade com a Lei nº 12.651/2012;AT;7,6601
SP-3541406-69D465FE9E9A4AC58EAD2E06B347381F;SP;Presidente Prudente;Área Consolidada;Aguardando análise;AT;2,1663
SP-3541406-69D465FE9E9A4AC58EAD2E06B347381F;SP;Presidente Prudente;Área Consolidada;Aguardando análise;AT;2,4591
SP-3541406-6A34520022CB490F88A03CDC32CBA079;SP;Presidente Prudente;Área Consolidada;Analisado, em conformidade com a Lei nº 12.651/2012, com ativos ambientais;AT;23,2567
SP-3541406-6A4AF2BA78BA49B9BF53353086BD363A;SP;Presidente Prudente;Área Consolidada;Aguardando análise, após revisão ou atendimento da notificação;AT;4,6159
SP-3541406-6A9B2D9316AB4E659A5418A83F50EE4F;SP;Presidente Prudente;Área Consolidada;Aguardando análise;AT;0,0329
SP-3541406-6A9B2D9316AB4E659A5418A83F50EE4F;SP;Presidente Prudente;Área Consolidada;Aguardando análise;AT;0,0029
SP-3541406-6A9B2D9316AB4E659A5418A83F50EE4F;SP;Presidente Prudente;Área Consolidada;Aguardando análise;AT;0,0002
SP-3541406-6A9B2D9316AB4E659A5418A83F50EE4F;SP;Presidente Prudente;Área Consolidada;Aguardando análise;AT;0,0773
SP-3541406-6A9B2D9316AB4E659A5418A83F50EE4F;SP;Presidente Prudente;Área Consolidada;Aguardando análise;AT;0,0030
SP-3541406-6AC6349BA0624DAD8D97DA874BE75FEC;SP;Presidente Prudente;Área Consolidada;Analisado, em conformidade com a Lei nº 12.651/2012;AT;7,7394
SP-3541406-6B3041F370134F8281CFFD1692039567;SP;Presidente Prudente;Área Consolidada;Aguardando análise;AT;26,9483
SP-3541406-6BA21518BCFD4C6094AAD3B02838563E;SP;Presidente Prudente;Área Consolidada;Analisado, em conformidade com a Lei nº 12.651/2012;AT;5,3796
SP-3541406-6BB83EF174934390B6604FAB167705EA;SP;Presidente Prudente;Área Consolidada;Analisado, em conformidade com a Lei nº 12.651/2012, com ativos ambientais;AT;2,5192
SP-3541406-6BCB028F79484F04B33F81F795B39474;SP;Presidente Prudente;Área Consolidada;Analisado, em conformidade com a Lei nº 12.651/2012, com ativos ambientais;AT;12,2004
SP-3541406-6BFC529ABEAB43CB926C7D802A422601;SP;Presidente Prudente;Área Consolidada;Analisado, em conformidade com a Lei nº 12.651/2012;AT;7,2630
SP-3541406-6C31E92B6A174AE5930A6CE45B952E9F;SP;Presidente Prudente;Área Consolidada;Analisado, em conformidade com a Lei nº 12.651/2012;AT;4,2390
SP-3541406-6C425A51CA214FC5A287E03AEB3A2193;SP;Presidente Prudente;Área Consolidada;Analisado, aguardando atendimento a notificação;AT;0,1972
SP-3541406-6C425A51CA214FC5A287E03AEB3A2193;SP;Presidente Prudente;Área Consolidada;Analisado, aguardando atendimento a notificação;AT;1,6786
SP-3541406-6C62037EC0FE49EFB4885F28B837F5D3;SP;Presidente Prudente;Área Consolidada;Analisado, em conformidade com a Lei nº 12.651/2012;AT;5,1243
SP-3541406-6C6643674DA34E0A81E2F1BDEBF49FB5;SP;Presidente Prudente;Área Consolidada;Analisado, em conformidade com a Lei nº 12.651/2012, com ativos ambientais;AT;7,2443
SP-3541406-6CD7CF3F8F114F6283AD0CAF55394F75;SP;Presidente Prudente;Área Consolidada;Aguardando análise;AT;14,9220
SP-3541406-6D085E9DFB5047AE8F9728F78D9684F4;SP;Presidente Prudente;Área Consolidada;Analisado, em conformidade com a Lei nº 12.651/2012;AT;4,6981
SP-3541406-6D61F53E3DA141DDA87BF40B0DD4F27C;SP;Presidente Prudente;Área Consolidada;Analisado, aguardando regularização ambiental (Lei nº 12.651/2012);AT;46,4865
SP-3541406-6D68B4FA146E4B839336E40C962377D8;SP;Presidente Prudente;Área Consolidada;Analisado, em conformidade com a Lei nº 12.651/2012;AT;11,9343
SP-3541406-6D8E7CC2EE0547BAAE30E49A6467E37F;SP;Presidente Prudente;Área Consolidada;Analisado, em conformidade com a Lei nº 12.651/2012;AT;7,4547
SP-3541406-6D91D82247D34DA5A98488267E210CCC;SP;Presidente Prudente;Área Consolidada;Aguardando análise;AT;0,3748
SP-3541406-6DA7C4734C4C4A57BE78A877A7CD9A7E;SP;Presidente Prudente;Área Consolidada;Analisado, aguardando atendimento a notificação;AT;0,0059
SP-3541406-6DA7C4734C4C4A57BE78A877A7CD9A7E;SP;Presidente Prudente;Área Consolidada;Analisado, aguardando atendimento a notificação;AT;0,0172
SP-3541406-6DA7C4734C4C4A57BE78A877A7CD9A7E;SP;Presidente Prudente;Área Consolidada;Analisado, aguardando atendimento a notificação;AT;0,0006
SP-3541406-6DA7C4734C4C4A57BE78A877A7CD9A7E;SP;Presidente Prudente;Área Consolidada;Analisado, aguardando atendimento a notificação;AT;0,0003
SP-3541406-6DA7C4734C4C4A57BE78A877A7CD9A7E;SP;Presidente Prudente;Área Consolidada;Analisado, aguardando atendimento a notificação;AT;0,0001
SP-3541406-6DA7C4734C4C4A57BE78A877A7CD9A7E;SP;Presidente Prudente;Área Consolidada;Analisado, aguardando atendimento a notificação;AT;1,0260
SP-3541406-6DA7C4734C4C4A57BE78A877A7CD9A7E;SP;Presidente Prudente;Área Consolidada;Analisado, aguardando atendimento a notificação;AT;0,0011
SP-3541406-6DA7C4734C4C4A57BE78A877A7CD9A7E;SP;Presidente Prudente;Área Consolidada;Analisado, aguardando atendimento a notificação;AT;0,0004
SP-3541406-6DA7C4734C4C4A57BE78A877A7CD9A7E;SP;Presidente Prudente;Área Consolidada;Analisado, aguardando atendimento a notificação;AT;0,0015
SP-3541406-6DA7C4734C4C4A57BE78A877A7CD9A7E;SP;Presidente Prudente;Área Consolidada;Analisado, aguardando atendimento a notificação;AT;0,0006
SP-3541406-6DA7C4734C4C4A57BE78A877A7CD9A7E;SP;Presidente Prudente;Área Consolidada;Analisado, aguardando atendimento a notificação;AT;0,0001
SP-3541406-6DA7C4734C4C4A57BE78A877A7CD9A7E;SP;Presidente Prudente;Área Consolidada;Analisado, aguardando atendimento a notificação;AT;0,0029
SP-3541406-6DA7C4734C4C4A57BE78A877A7CD9A7E;SP;Presidente Prudente;Área Consolidada;Analisado, aguardando atendimento a notificação;AT;0,0008
SP-3541406-6DA7C4734C4C4A57BE78A877A7CD9A7E;SP;Presidente Prudente;Área Consolidada;Analisado, aguardando atendimento a notificação;AT;0,0021
SP-3541406-6DA7C4734C4C4A57BE78A877A7CD9A7E;SP;Presidente Prudente;Área Consolidada;Analisado, aguardando atendimento a notificação;AT;0,0021
SP-3541406-6DA7C4734C4C4A57BE78A877A7CD9A7E;SP;Presidente Prudente;Área Consolidada;Analisado, aguardando atendimento a notificação;AT;0,0018
SP-3541406-6E122A8EBC2F439E955AEB60B1E64F21;SP;Presidente Prudente;Área Consolidada;Aguardando análise, após revisão ou atendimento da notificação;AT;0,7484
SP-3541406-6E444C4B691B4529BAF1DD4F3AE6E07E;SP;Presidente Prudente;Área Consolidada;Aguardando análise, após revisão ou atendimento da notificação;AT;3,7096
SP-3541406-6E53A8C7044441918E39D1EE880EF93A;SP;Presidente Prudente;Área Consolidada;Analisado, aguardando atendimento a notificação;AT;12,4639
SP-3541406-6E98EDC433654B05B3306412853E3198;SP;Presidente Prudente;Área Consolidada;Aguardando análise;AT;18,5624
SP-3541406-6EA2631BB3154291921B336CF079B1E1;SP;Presidente Prudente;Área Consolidada;Aguardando análise;AT;8,7015
SP-3541406-6EA620152CCD4A278AE0D01A30C3642F;SP;Presidente Prudente;Área Consolidada;Aguardando análise;AT;1,2899
SP-3541406-6EA620152CCD4A278AE0D01A30C3642F;SP;Presidente Prudente;Área Consolidada;Aguardando análise;AT;2,4856
SP-3541406-6EA620152CCD4A278AE0D01A30C3642F;SP;Presidente Prudente;Área Consolidada;Aguardando análise;AT;2,1220
SP-3541406-6EA620152CCD4A278AE0D01A30C3642F;SP;Presidente Prudente;Área Consolidada;Aguardando análise;AT;4,4270
SP-3541406-6ECC5396EA4F4D5C80D61628391A8E10;SP;Presidente Prudente;Área Consolidada;Analisado, aguardando atendimento a notificação;AT;8,0056
SP-3541406-6F2DAD95F339477DB1110CCCCB74565A;SP;Presidente Prudente;Área Consolidada;Analisado, em conformidade com a Lei nº 12.651/2012;AT;2,5523
SP-3541406-6F3AE06FB94E4C0A89814A6A3BE99F52;SP;Presidente Prudente;Área Consolidada;Analisado, em conformidade com a Lei nº 12.651/2012, com ativos ambientais;AT;10,2549
SP-3541406-6F906DC6F7D5468F9CAAD3273C6C273D;SP;Presidente Prudente;Área Consolidada;Analisado, em conformidade com a Lei nº 12.651/2012, com ativos ambientais;AT;35,9648
SP-3541406-6FFA374B2EB44859B536282EF07E41A8;SP;Presidente Prudente;Área Consolidada;Aguardando análise;AT;0,1250
SP-3541406-6FFA374B2EB44859B536282EF07E41A8;SP;Presidente Prudente;Área Consolidada;Aguardando análise;AT;0,7080
SP-3541406-6FFA374B2EB44859B536282EF07E41A8;SP;Presidente Prudente;Área Consolidada;Aguardando análise;AT;0,0009
SP-3541406-6FFA374B2EB44859B536282EF07E41A8;SP;Presidente Prudente;Área Consolidada;Aguardando análise;AT;0,0004
SP-3541406-70239F219CD34498AE55628B64295954;SP;Presidente Prudente;Área Consolidada;Aguardando análise;AT;51,2040
SP-3541406-706D3D22648F4B678A0CB05889098D17;SP;Presidente Prudente;Área Consolidada;Aguardando análise, após revisão ou atendimento da notificação;AT;0,9199
SP-3541406-70C8ED3F605642FA8B4BC8D51A0ED0BC;SP;Presidente Prudente;Área Consolidada;Analisado, aguardando regularização ambiental (Lei nº 12.651/2012);AT;10,2488
SP-3541406-70F26CEEF1364DF59B82CB83D1C9E7A1;SP;Presidente Prudente;Área Consolidada;Analisado, aguardando regularização ambiental (Lei nº 12.651/2012);AT;22,5465
SP-3541406-7127D71CB1D94161982D0AF7A95F49C4;SP;Presidente Prudente;Área Consolidada;Aguardando análise, após revisão ou atendimento da notificação;AT;3,5301
SP-3541406-7129971B5BFA41C696AF44CBD113C006;SP;Presidente Prudente;Área Consolidada;Aguardando análise;AT;0,1661
SP-3541406-715683BC0A214C95A724D722DAC974DC;SP;Presidente Prudente;Área Consolidada;Analisado, aguardando atendimento a notificação;AT;10,8253
SP-3541406-71E8F3EB54934A3F89FFDCECEF1C77B3;SP;Presidente Prudente;Área Consolidada;Analisado, em conformidade com a Lei nº 12.651/2012;AT;15,6809
SP-3541406-7220800D6567453FBB20641BEC60434D;SP;Presidente Prudente;Área Consolidada;Aguardando análise;AT;17,6052
SP-3541406-723373A25D2B4E11B452F9E2F690FA59;SP;Presidente Prudente;Área Consolidada;Analisado, aguardando atendimento a notificação;AT;35,2257
SP-3541406-72B3FF4899A847B992C882468C31CE1F;SP;Presidente Prudente;Área Consolidada;Analisado, em conformidade com a Lei nº 12.651/2012;AT;2,4856
SP-3541406-72CBB59926574E4DB0B4903DD9429EFC;SP;Presidente Prudente;Área Consolidada;Analisado, aguardando atendimento a notificação;AT;1,9974
SP-3541406-72CFDE7AC9854EBDB822F563E90C7E90;SP;Presidente Prudente;Área Consolidada;Analisado, aguardando atendimento a notificação;AT;0,2021
SP-3541406-72D1750479BC48D08DBADA205695D889;SP;Presidente Prudente;Área Consolidada;Analisado, aguardando atendimento a notificação;AT;2,2929
SP-3541406-7314E2D184C84ECE8D89D7F86AABF107;SP;Presidente Prudente;Área Consolidada;Aguardando análise, após revisão ou atendimento da notificação;AT;7,8091
SP-3541406-7345465AEFED43FB809532AB13C6507F;SP;Presidente Prudente;Área Consolidada;Analisado, em conformidade com a Lei nº 12.651/2012;AT;5,1192
SP-3541406-735C7B487485483DB8EBD8EC81FDF51A;SP;Presidente Prudente;Área Consolidada;Aguardando análise;AT;63,1388
SP-3541406-7390A60D767B41DEA7ADFEA13ED8552F;SP;Presidente Prudente;Área Consolidada;Analisado, em conformidade com a Lei nº 12.651/2012;AT;7,3601
SP-3541406-73936BBA61174EDEA4F20024A389B0C7;SP;Presidente Prudente;Área Consolidada;Aguardando análise, após revisão ou atendimento da notificação;AT;31,6367
SP-3541406-7396ED31AD5E4D7893F847664E3838B8;SP;Presidente Prudente;Área Consolidada;Analisado, em conformidade com a Lei nº 12.651/2012;AT;8,4318
SP-3541406-73ABAF1F3D254214B32B2FC7F795CF3B;SP;Presidente Prudente;Área Consolidada;Analisado, em conformidade com a Lei nº 12.651/2012, com ativos ambientais;AT;4,5393
SP-3541406-73D3C6EDA02642E5A69FAD9F76B7D8FC;SP;Presidente Prudente;Área Consolidada;Analisado, aguardando atendimento a notificação;AT;1,8120
SP-3541406-73E4F1EDA5BD4713A6AD4A49F80FA079;SP;Presidente Prudente;Área Consolidada;Aguardando análise;AT;0,5962
SP-3541406-747DEA08C9E646B88DF66352DC5D3BAA;SP;Presidente Prudente;Área Consolidada;Analisado, em conformidade com a Lei nº 12.651/2012, com ativos ambientais;AT;6,4865
SP-3541406-7520ACDE56AC411894341B3561DA8A93;SP;Presidente Prudente;Área Consolidada;Analisado, em conformidade com a Lei nº 12.651/2012, com ativos ambientais;AT;3,8831
SP-3541406-7528AEB5D56C450CABEB9F18EFEA8D55;SP;Presidente Prudente;Área Consolidada;Analisado, aguardando regularização ambiental (Lei nº 12.651/2012);AT;9,6847
SP-3541406-755DB09DF20349B8A7FC85FBA24B109D;SP;Presidente Prudente;Área Consolidada;Analisado, em conformidade com a Lei nº 12.651/2012, com ativos ambientais;AT;2,3845
SP-3541406-75669E5D205C41FCA04AC865B80CC0E1;SP;Presidente Prudente;Área Consolidada;Analisado, em conformidade com a Lei nº 12.651/2012;AT;3,0162
SP-3541406-757D878BBF3A48ECBBB8632E84759B08;SP;Presidente Prudente;Área Consolidada;Aguardando análise;AT;36,5280
SP-3541406-758EB6BA0EFC49A6A21689662A503F60;SP;Presidente Prudente;Área Consolidada;Analisado, em conformidade com a Lei nº 12.651/2012, com ativos ambientais;AT;24,0446
SP-3541406-75A1FE6DCC894F56A12A609ADE65DD4D;SP;Presidente Prudente;Área Consolidada;Analisado, em conformidade com a Lei nº 12.651/2012;AT;0,9699
SP-3541406-75AAB99270CB4A42B9E24A4784227BD6;SP;Presidente Prudente;Área Consolidada;Analisado, em conformidade com a Lei nº 12.651/2012, com ativos ambientais;AT;1,5949
SP-3541406-75E3A232DA5E4734854551C3E1277556;SP;Presidente Prudente;Área Consolidada;Aguardando análise;AT;76,6482
SP-3541406-76139839CFB04F1BBB91BBB19D1FA59F;SP;Presidente Prudente;Área Consolidada;Analisado, aguardando atendimento a notificação;AT;11,3368
SP-3541406-767B9EC346DB4B11A331EFA014BB0AC9;SP;Presidente Prudente;Área Consolidada;Aguardando análise;AT;0,0002
SP-3541406-767B9EC346DB4B11A331EFA014BB0AC9;SP;Presidente Prudente;Área Consolidada;Aguardando análise;AT;0,3154
SP-3541406-767B9EC346DB4B11A331EFA014BB0AC9;SP;Presidente Prudente;Área Consolidada;Aguardando análise;AT;0,0029
SP-3541406-76846EF517AE41C9911826F7C17B32B6;SP;Presidente Prudente;Área Consolidada;Aguardando análise, após revisão ou atendimento da notificação;AT;3,6724
SP-3541406-76B21A907577492BA22CFB239666FC51;SP;Presidente Prudente;Área Consolidada;Aguardando análise;AT;0,6968
SP-3541406-770980C238A34330A7F0386ADD949D74;SP;Presidente Prudente;Área Consolidada;Analisado, aguardando atendimento a notificação;AT;0,0003
SP-3541406-770980C238A34330A7F0386ADD949D74;SP;Presidente Prudente;Área Consolidada;Analisado, aguardando atendimento a notificação;AT;0,0000
SP-3541406-770980C238A34330A7F0386ADD949D74;SP;Presidente Prudente;Área Consolidada;Analisado, aguardando atendimento a notificação;AT;0,0006
SP-3541406-770987894F8449ADB78CA18C9D45C7B9;SP;Presidente Prudente;Área Consolidada;Aguardando análise, após revisão ou atendimento da notificação;AT;4,7190
SP-3541406-7759C3FF0CA3421ABC250613E0845389;SP;Presidente Prudente;Área Consolidada;Analisado, aguardando regularização ambiental (Lei nº 12.651/2012);AT;39,2947
SP-3541406-7797DE7F08D049D8B990CD4376BE1C6D;SP;Presidente Prudente;Área Consolidada;Analisado, em conformidade com a Lei nº 12.651/2012, com ativos ambientais;AT;13,5997
SP-3541406-77EED654F9424A43B25DF635F4F3E218;SP;Presidente Prudente;Área Consolidada;Analisado, em conformidade com a Lei nº 12.651/2012;AT;6,8141
SP-3541406-77EFDD4236954EBA9CBFBD7A333CE4D1;SP;Presidente Prudente;Área Consolidada;Aguardando análise, após revisão ou atendimento da notificação;AT;0,0001
SP-3541406-77EFDD4236954EBA9CBFBD7A333CE4D1;SP;Presidente Prudente;Área Consolidada;Aguardando análise, após revisão ou atendimento da notificação;AT;0,0008
SP-3541406-77EFDD4236954EBA9CBFBD7A333CE4D1;SP;Presidente Prudente;Área Consolidada;Aguardando análise, após revisão ou atendimento da notificação;AT;0,0000
SP-3541406-77EFDD4236954EBA9CBFBD7A333CE4D1;SP;Presidente Prudente;Área Consolidada;Aguardando análise, após revisão ou atendimento da notificação;AT;0,0066
SP-3541406-77EFDD4236954EBA9CBFBD7A333CE4D1;SP;Presidente Prudente;Área Consolidada;Aguardando análise, após revisão ou atendimento da notificação;AT;2,0578
SP-3541406-7861CACB920F4118A06136AEDFE1E2A6;SP;Presidente Prudente;Área Consolidada;Analisado, aguardando regularização ambiental (Lei nº 12.651/2012);AT;10,2969
SP-3541406-7879B2E517424DB8954E953672BCB977;SP;Presidente Prudente;Área Consolidada;Aguardando análise, após revisão ou atendimento da notificação;AT;0,9351
SP-3541406-787A4AAA840B45FA981FCCA4DB6CD9B6;SP;Presidente Prudente;Área Consolidada;Analisado, em conformidade com a Lei nº 12.651/2012;AT;4,7682
SP-3541406-78F09C6C406D4B91B99999B235F43F70;SP;Presidente Prudente;Área Consolidada;Aguardando análise;AT;1,7130
SP-3541406-7941449E883143BBBFA0093A845C6C0B;SP;Presidente Prudente;Área Consolidada;Analisado, aguardando atendimento a notificação;AT;0,4343
SP-3541406-79458F4B413347B88774BC240F71A78B;SP;Presidente Prudente;Área Consolidada;Analisado, aguardando atendimento a notificação;AT;3,6483
SP-3541406-79458F4B413347B88774BC240F71A78B;SP;Presidente Prudente;Área Consolidada;Analisado, aguardando atendimento a notificação;AT;0,7701
SP-3541406-796C768753D74FBA9822DD4EF489C5FA;SP;Presidente Prudente;Área Consolidada;Analisado, aguardando atendimento a notificação;AT;1,9012
SP-3541406-79A235359BAD46A0A22883E6CDBDA6E7;SP;Presidente Prudente;Área Consolidada;Analisado, em conformidade com a Lei nº 12.651/2012;AT;12,0753
SP-3541406-7A5CE274D68D4D2DB7DA8A144FF0BB9F;SP;Presidente Prudente;Área Consolidada;Em análise;AT;0,0113
SP-3541406-7A5CE274D68D4D2DB7DA8A144FF0BB9F;SP;Presidente Prudente;Área Consolidada;Em análise;AT;1,5342
SP-3541406-7A5CE274D68D4D2DB7DA8A144FF0BB9F;SP;Presidente Prudente;Área Consolidada;Em análise;AT;0,2607
SP-3541406-7A5CE274D68D4D2DB7DA8A144FF0BB9F;SP;Presidente Prudente;Área Consolidada;Em análise;AT;0,3401
SP-3541406-7A5CE274D68D4D2DB7DA8A144FF0BB9F;SP;Presidente Prudente;Área Consolidada;Em análise;AT;0,3939
SP-3541406-7ABA2A2061F14FC5AD2B81FCDD954CC5;SP;Presidente Prudente;Área Consolidada;Aguardando análise;AT;0,5222
SP-3541406-7ABA2A2061F14FC5AD2B81FCDD954CC5;SP;Presidente Prudente;Área Consolidada;Aguardando análise;AT;0,9384
SP-3541406-7ADAF652605444318A74210622F7DF58;SP;Presidente Prudente;Área Consolidada;Analisado, aguardando atendimento a notificação;AT;13,4035
SP-3541406-7B08709438C44F119E2EFDC35CE55F80;SP;Presidente Prudente;Área Consolidada;Aguardando análise, após revisão ou atendimento da notificação;AT;23,3936
SP-3541406-7B4C9136E432410DB863C8D81A746ED5;SP;Presidente Prudente;Área Consolidada;Aguardando análise, após revisão ou atendimento da notificação;AT;0,8488
SP-3541406-7B5C527FBA474FC68E373663100FE609;SP;Presidente Prudente;Área Consolidada;Aguardando análise, após revisão ou atendimento da notificação;AT;0,0001
SP-3541406-7B5C527FBA474FC68E373663100FE609;SP;Presidente Prudente;Área Consolidada;Aguardando análise, após revisão ou atendimento da notificação;AT;0,0090
SP-3541406-7B5C527FBA474FC68E373663100FE609;SP;Presidente Prudente;Área Consolidada;Aguardando análise, após revisão ou atendimento da notificação;AT;0,0230
SP-3541406-7C1B1FF3ECD84C48B6E61BA3565374FF;SP;Presidente Prudente;Área Consolidada;Analisado, aguardando atendimento a notificação;AT;1,9987
SP-3541406-7C43B71AAA814F3B9A0A2BCD081055B8;SP;Presidente Prudente;Área Consolidada;Analisado, em conformidade com a Lei nº 12.651/2012, com ativos ambientais;AT;2,0499
SP-3541406-7C86A1529AB14E6CAADE99072CD6422E;SP;Presidente Prudente;Área Consolidada;Aguardando análise, após revisão ou atendimento da notificação;AT;3,2971
SP-3541406-7C86A1529AB14E6CAADE99072CD6422E;SP;Presidente Prudente;Área Consolidada;Aguardando análise, após revisão ou atendimento da notificação;AT;0,0469
SP-3541406-7D06A3A8B1224AA8BB93B54487BE267C;SP;Presidente Prudente;Área Consolidada;Analisado, aguardando atendimento a notificação;AT;3,0499
SP-3541406-7D43B6C0219F466CA93949602519C508;SP;Presidente Prudente;Área Consolidada;Analisado, em conformidade com a Lei nº 12.651/2012;AT;1,9936
SP-3541406-7D4AB954FA8D441E801AB67BB8C14929;SP;Presidente Prudente;Área Consolidada;Analisado, aguardando regularização ambiental (Lei nº 12.651/2012);AT;82,5005
SP-3541406-7DCDFA17BFFF4CD19ED20112EC2852DA;SP;Presidente Prudente;Área Consolidada;Analisado, em conformidade com a Lei nº 12.651/2012, com ativos ambientais;AT;2,9995
SP-3541406-7E3D1355AEA34B46A9BA8C630E778774;SP;Presidente Prudente;Área Consolidada;Analisado, aguardando atendimento a notificação;AT;3,5659
SP-3541406-7E53F3053D344995B43D0E12F84C1E84;SP;Presidente Prudente;Área Consolidada;Aguardando análise;AT;0,5888
SP-3541406-7EC0FD4F63A74E2782C2754755B570D9;SP;Presidente Prudente;Área Consolidada;Analisado, aguardando regularização ambiental (Lei nº 12.651/2012);AT;21,0922
SP-3541406-7EC41330B4FF41848AF2532B94BEAE0D;SP;Presidente Prudente;Área Consolidada;Aguardando análise;AT;9,9230
SP-3541406-7F33ECC2F5BB4BDD84ABFB346DB9CAAB;SP;Presidente Prudente;Área Consolidada;Analisado, aguardando atendimento a notificação;AT;0,6720
SP-3541406-7F984B0B36BD4941A87B3CED27B96877;SP;Presidente Prudente;Área Consolidada;Analisado, em conformidade com a Lei nº 12.651/2012, com ativos ambientais;AT;11,1639
SP-3541406-7FB9B2E49F5C42BDB36C3C29BC363045;SP;Presidente Prudente;Área Consolidada;Analisado, aguardando atendimento a notificação;AT;0,0090
SP-3541406-7FB9B2E49F5C42BDB36C3C29BC363045;SP;Presidente Prudente;Área Consolidada;Analisado, aguardando atendimento a notificação;AT;1,6786
SP-3541406-7FB9B2E49F5C42BDB36C3C29BC363045;SP;Presidente Prudente;Área Consolidada;Analisado, aguardando atendimento a notificação;AT;0,2971
SP-3541406-7FB9B2E49F5C42BDB36C3C29BC363045;SP;Presidente Prudente;Área Consolidada;Analisado, aguardando atendimento a notificação;AT;0,0014
SP-3541406-7FB9B2E49F5C42BDB36C3C29BC363045;SP;Presidente Prudente;Área Consolidada;Analisado, aguardando atendimento a notificação;AT;0,2618
SP-3541406-7FC2D0B004EE4A61AB2A4A544C0722AB;SP;Presidente Prudente;Área Consolidada;Aguardando análise;AT;11,2162
SP-3541406-801890A3DB39461A90413DEF1BB33EFA;SP;Presidente Prudente;Área Consolidada;Aguardando análise, após revisão ou atendimento da notificação;AT;2,4989
SP-3541406-803D26D83727422684587A6B51926CFA;SP;Presidente Prudente;Área Consolidada;Aguardando análise;AT;71,4077
SP-3541406-8041131A164648618012A605AAF2B372;SP;Presidente Prudente;Área Consolidada;Analisado, aguardando atendimento a notificação;AT;14,2747
SP-3541406-804DF3831F4A402EB4627BC96B5F0E9F;SP;Presidente Prudente;Área Consolidada;Analisado, em conformidade com a Lei nº 12.651/2012, com ativos ambientais;AT;6,3608
SP-3541406-808D4C0CB2CE4821A5E0DDB0D5E30634;SP;Presidente Prudente;Área Consolidada;Analisado, em conformidade com a Lei nº 12.651/2012, com ativos ambientais;AT;16,6466
SP-3541406-80BAC9E270C24C76B7BF330A63B2416D;SP;Presidente Prudente;Área Consolidada;Aguardando análise, após revisão ou atendimento da notificação;AT;0,2099
SP-3541406-80BAC9E270C24C76B7BF330A63B2416D;SP;Presidente Prudente;Área Consolidada;Aguardando análise, após revisão ou atendimento da notificação;AT;0,1942
SP-3541406-80BAC9E270C24C76B7BF330A63B2416D;SP;Presidente Prudente;Área Consolidada;Aguardando análise, após revisão ou atendimento da notificação;AT;0,1453
SP-3541406-80F32132691348468F485BB5664E2D5E;SP;Presidente Prudente;Área Consolidada;Aguardando análise;AT;0,1390
SP-3541406-812FE8F6161B4AEE9BAB586257DF9144;SP;Presidente Prudente;Área Consolidada;Analisado, aguardando atendimento a notificação;AT;6,0425
SP-3541406-8150C2C8F4BA4EFBB0B5418E026D720C;SP;Presidente Prudente;Área Consolidada;Aguardando análise;AT;12,3104
SP-3541406-81613F18900844BC81F09C36FEC61D12;SP;Presidente Prudente;Área Consolidada;Analisado, aguardando atendimento a notificação;AT;0,4937
SP-3541406-818837B1B83D452FBD669CE14C833DD3;SP;Presidente Prudente;Área Consolidada;Aguardando análise;AT;20,6263
SP-3541406-818B6FFE0DD24C6981D78E7E4E2216B5;SP;Presidente Prudente;Área Consolidada;Analisado, aguardando atendimento a notificação;AT;0,0004
SP-3541406-818B6FFE0DD24C6981D78E7E4E2216B5;SP;Presidente Prudente;Área Consolidada;Analisado, aguardando atendimento a notificação;AT;0,0003
SP-3541406-81BE316DB45A48E18C2CB5E2445A3EFB;SP;Presidente Prudente;Área Consolidada;Analisado, em conformidade com a Lei nº 12.651/2012;AT;3,5782
SP-3541406-82209199F05F4861816A124E7D5FF57A;SP;Presidente Prudente;Área Consolidada;Analisado, em conformidade com a Lei nº 12.651/2012;AT;79,1287
SP-3541406-8292F99631A14FC19D56D3E059AD09BF;SP;Presidente Prudente;Área Consolidada;Analisado, aguardando atendimento a notificação;AT;0,0577
SP-3541406-82C98B6BE51E4560B790E19BC33F85FC;SP;Presidente Prudente;Área Consolidada;Analisado, aguardando atendimento a notificação;AT;0,7658
SP-3541406-82C98B6BE51E4560B790E19BC33F85FC;SP;Presidente Prudente;Área Consolidada;Analisado, aguardando atendimento a notificação;AT;1,4979
SP-3541406-82E8C27219364350B8FE4318EBD88B2C;SP;Presidente Prudente;Área Consolidada;Analisado, em conformidade com a Lei nº 12.651/2012, com ativos ambientais;AT;6,4097
SP-3541406-82ED4DD5DDE14EA29642FEE2B070B8A8;SP;Presidente Prudente;Área Consolidada;Analisado, aguardando regularização ambiental (Lei nº 12.651/2012);AT;9,1965
SP-3541406-8321DCDCF42F42218404A69DF03FCA07;SP;Presidente Prudente;Área Consolidada;Aguardando análise;AT;14,5649
SP-3541406-836ADEC6089B4C62BCAA31CF2F1C0ACE;SP;Presidente Prudente;Área Consolidada;Analisado, em conformidade com a Lei nº 12.651/2012, com ativos ambientais;AT;6,0874
SP-3541406-8392935D2C294E6DBDBF4A986410C582;SP;Presidente Prudente;Área Consolidada;Analisado, em conformidade com a Lei nº 12.651/2012;AT;2,6575
SP-3541406-83BB5013C8CD49F58EE3F3BBB1CB16E5;SP;Presidente Prudente;Área Consolidada;Analisado, em conformidade com a Lei nº 12.651/2012;AT;11,7877
SP-3541406-83D0B4BA9D1C4E79B7B3CBD96F22DD48;SP;Presidente Prudente;Área Consolidada;Analisado, em conformidade com a Lei nº 12.651/2012, com ativos ambientais;AT;7,3329
SP-3541406-840BBFAA79AA45F7A2CB8D89647E8AC2;SP;Presidente Prudente;Área Consolidada;Aguardando análise;AT;4,0961
SP-3541406-842CA84CBB68410B812AB4908064A86F;SP;Presidente Prudente;Área Consolidada;Aguardando análise;AT;0,1484
SP-3541406-842CA84CBB68410B812AB4908064A86F;SP;Presidente Prudente;Área Consolidada;Aguardando análise;AT;0,0104
SP-3541406-842CA84CBB68410B812AB4908064A86F;SP;Presidente Prudente;Área Consolidada;Aguardando análise;AT;2,4367
SP-3541406-84B523193B09490B9500F1D675EEFAE2;SP;Presidente Prudente;Área Consolidada;Analisado, em conformidade com a Lei nº 12.651/2012, com ativos ambientais;AT;8,3458
SP-3541406-84D994E1DE334A03908964B85FD819B0;SP;Presidente Prudente;Área Consolidada;Analisado, aguardando regularização ambiental (Lei nº 12.651/2012);AT;23,2947
SP-3541406-84E0906F6D9041A8A99A5297DDB54B78;SP;Presidente Prudente;Área Consolidada;Aguardando análise;AT;19,5040
SP-3541406-8512DA0A4DE74843BD824046365EAEC5;SP;Presidente Prudente;Área Consolidada;Analisado, em conformidade com a Lei nº 12.651/2012, com ativos ambientais;AT;70,6955
SP-3541406-859CC1F0C8574076869421EB15FF0E67;SP;Presidente Prudente;Área Consolidada;Analisado, em conformidade com a Lei nº 12.651/2012;AT;3,7281
SP-3541406-85AD169DB7DA49BEB9DF323C3E202B72;SP;Presidente Prudente;Área Consolidada;Analisado, em conformidade com a Lei nº 12.651/2012, com ativos ambientais;AT;3,4531
SP-3541406-85B3680C02A149C6B96D978BE869D9ED;SP;Presidente Prudente;Área Consolidada;Aguardando análise;AT;0,8583
SP-3541406-85D7A1EB7A42433DAFBA5A0D43944362;SP;Presidente Prudente;Área Consolidada;Aguardando análise;AT;0,6139
SP-3541406-85E8D068AF354C44AAA89610B893E3F1;SP;Presidente Prudente;Área Consolidada;Analisado, em conformidade com a Lei nº 12.651/2012;AT;1,0359
SP-3541406-8621C8D0079948A7ADA19CC4C7DC4BBB;SP;Presidente Prudente;Área Consolidada;Aguardando análise, após revisão ou atendimento da notificação;AT;0,5659
SP-3541406-8688FBFC69A14E9987182CD7350F4263;SP;Presidente Prudente;Área Consolidada;Aguardando análise, após revisão ou atendimento da notificação;AT;3,3207
SP-3541406-86A9D13130DA4B05ADC588FDBD2B638F;SP;Presidente Prudente;Área Consolidada;Analisado, em conformidade com a Lei nº 12.651/2012, com ativos ambientais;AT;9,6341
SP-3541406-86B2295DCF0644749B1BC4B2DC05E945;SP;Presidente Prudente;Área Consolidada;Aguardando análise;AT;11,1185
SP-3541406-86C4FBEC7DD44956880494370BFEBEEE;SP;Presidente Prudente;Área Consolidada;Analisado, em conformidade com a Lei nº 12.651/2012, com ativos ambientais;AT;13,4841
SP-3541406-86CFABFBEEAE4A6FA4E770248B720C6A;SP;Presidente Prudente;Área Consolidada;Analisado, aguardando regularização ambiental (Lei nº 12.651/2012);AT;83,6980
SP-3541406-86E65B65547E4CB8AF0F7F12035E4526;SP;Presidente Prudente;Área Consolidada;Analisado, aguardando regularização ambiental (Lei nº 12.651/2012);AT;20,3585
SP-3541406-86ECAC616BDE453797D2154DACB25064;SP;Presidente Prudente;Área Consolidada;Aguardando análise;AT;11,7754
SP-3541406-8712E3BC7DD54669B3A9ED9BAA2D844E;SP;Presidente Prudente;Área Consolidada;Analisado, em conformidade com a Lei nº 12.651/2012;AT;2,4858
SP-3541406-87144E51ABA64DF39CC2EB44966D46DB;SP;Presidente Prudente;Área Consolidada;Analisado, aguardando atendimento a notificação;AT;0,0015
SP-3541406-87144E51ABA64DF39CC2EB44966D46DB;SP;Presidente Prudente;Área Consolidada;Analisado, aguardando atendimento a notificação;AT;0,0996
SP-3541406-87144E51ABA64DF39CC2EB44966D46DB;SP;Presidente Prudente;Área Consolidada;Analisado, aguardando atendimento a notificação;AT;0,0008
SP-3541406-87144E51ABA64DF39CC2EB44966D46DB;SP;Presidente Prudente;Área Consolidada;Analisado, aguardando atendimento a notificação;AT;0,0009
SP-3541406-87144E51ABA64DF39CC2EB44966D46DB;SP;Presidente Prudente;Área Consolidada;Analisado, aguardando atendimento a notificação;AT;0,0010
SP-3541406-87144E51ABA64DF39CC2EB44966D46DB;SP;Presidente Prudente;Área Consolidada;Analisado, aguardando atendimento a notificação;AT;0,0026
SP-3541406-87144E51ABA64DF39CC2EB44966D46DB;SP;Presidente Prudente;Área Consolidada;Analisado, aguardando atendimento a notificação;AT;0,0009
SP-3541406-87144E51ABA64DF39CC2EB44966D46DB;SP;Presidente Prudente;Área Consolidada;Analisado, aguardando atendimento a notificação;AT;0,0032
SP-3541406-87144E51ABA64DF39CC2EB44966D46DB;SP;Presidente Prudente;Área Consolidada;Analisado, aguardando atendimento a notificação;AT;0,0003
SP-3541406-87144E51ABA64DF39CC2EB44966D46DB;SP;Presidente Prudente;Área Consolidada;Analisado, aguardando atendimento a notificação;AT;0,0545
SP-3541406-87144E51ABA64DF39CC2EB44966D46DB;SP;Presidente Prudente;Área Consolidada;Analisado, aguardando atendimento a notificação;AT;1,5509
SP-3541406-8735407F1C134227ADA83C6453786D51;SP;Presidente Prudente;Área Consolidada;Analisado, aguardando atendimento a notificação;AT;25,2206
SP-3541406-8767EFA45A734FFCA00670A1963C9807;SP;Presidente Prudente;Área Consolidada;Analisado, em conformidade com a Lei nº 12.651/2012, com ativos ambientais;AT;13,9103
SP-3541406-877464247BB8436CAEAB564A8032F78B;SP;Presidente Prudente;Área Consolidada;Analisado, aguardando regularização ambiental (Lei nº 12.651/2012);AT;17,3886
SP-3541406-8791933E8E0E4BE1913F2039513FE80A;SP;Presidente Prudente;Área Consolidada;Analisado, aguardando atendimento a notificação;AT;0,7059
SP-3541406-8791E83BCBED4B15B5B36FD9BD3DB34B;SP;Presidente Prudente;Área Consolidada;Aguardando análise;AT;127,3127
SP-3541406-87C70B8ED82E45349CE1226B8D327430;SP;Presidente Prudente;Área Consolidada;Aguardando análise, após revisão ou atendimento da notificação;AT;4,4145
SP-3541406-87FB348869B04A08981F4ADA2A3B404F;SP;Presidente Prudente;Área Consolidada;Analisado, aguardando regularização ambiental (Lei nº 12.651/2012);AT;5,3827
SP-3541406-88265438991F4F3D8A3F5FD362C1B069;SP;Presidente Prudente;Área Consolidada;Analisado, em conformidade com a Lei nº 12.651/2012;AT;7,1258
SP-3541406-885EF05B8F8A44F9A073A9FB1365223E;SP;Presidente Prudente;Área Consolidada;Aguardando análise, após revisão ou atendimento da notificação;AT;0,4112
SP-3541406-885EF05B8F8A44F9A073A9FB1365223E;SP;Presidente Prudente;Área Consolidada;Aguardando análise, após revisão ou atendimento da notificação;AT;0,0025
SP-3541406-885EF05B8F8A44F9A073A9FB1365223E;SP;Presidente Prudente;Área Consolidada;Aguardando análise, após revisão ou atendimento da notificação;AT;0,0208
SP-3541406-885EF05B8F8A44F9A073A9FB1365223E;SP;Presidente Prudente;Área Consolidada;Aguardando análise, após revisão ou atendimento da notificação;AT;0,0044
SP-3541406-885EF05B8F8A44F9A073A9FB1365223E;SP;Presidente Prudente;Área Consolidada;Aguardando análise, após revisão ou atendimento da notificação;AT;0,0140
SP-3541406-885EF05B8F8A44F9A073A9FB1365223E;SP;Presidente Prudente;Área Consolidada;Aguardando análise, após revisão ou atendimento da notificação;AT;1,3734
SP-3541406-885EF05B8F8A44F9A073A9FB1365223E;SP;Presidente Prudente;Área Consolidada;Aguardando análise, após revisão ou atendimento da notificação;AT;0,0173
SP-3541406-885EF05B8F8A44F9A073A9FB1365223E;SP;Presidente Prudente;Área Consolidada;Aguardando análise, após revisão ou atendimento da notificação;AT;0,1413
SP-3541406-887E99993641406B935D22160BCC6EEB;SP;Presidente Prudente;Área Consolidada;Aguardando análise;AT;0,1086
SP-3541406-88F4A3718F6E4F90A7E767302192A7C3;SP;Presidente Prudente;Área Consolidada;Aguardando análise, após revisão ou atendimento da notificação;AT;0,2884
SP-3541406-88F4A3718F6E4F90A7E767302192A7C3;SP;Presidente Prudente;Área Consolidada;Aguardando análise, após revisão ou atendimento da notificação;AT;1,0099
SP-3541406-891EDEE12E414FFFB21E9A72CC20A8BF;SP;Presidente Prudente;Área Consolidada;Analisado, aguardando regularização ambiental (Lei nº 12.651/2012);AT;35,5752
SP-3541406-8949D2714B864D168AA50E14C85370FD;SP;Presidente Prudente;Área Consolidada;Analisado, aguardando atendimento a notificação;AT;0,0070
SP-3541406-8949D2714B864D168AA50E14C85370FD;SP;Presidente Prudente;Área Consolidada;Analisado, aguardando atendimento a notificação;AT;0,2568
SP-3541406-896623FE94104867A5A5F82E0A483457;SP;Presidente Prudente;Área Consolidada;Analisado, em conformidade com a Lei nº 12.651/2012, com ativos ambientais;AT;2,4400
SP-3541406-896DE74774124253B9A50FC9582ACE6F;SP;Presidente Prudente;Área Consolidada;Analisado, em conformidade com a Lei nº 12.651/2012;AT;12,0245
SP-3541406-89A4218C84BE4FD8A792598AC6FEDD3A;SP;Presidente Prudente;Área Consolidada;Analisado, em conformidade com a Lei nº 12.651/2012, com ativos ambientais;AT;21,8231
SP-3541406-89A4E8141BFD40CB9838E9AF6B1C1A5A;SP;Presidente Prudente;Área Consolidada;Aguardando análise, após revisão ou atendimento da notificação;AT;0,1949
SP-3541406-89B0CDD6C3A94BECA291CA0A9604FAC7;SP;Presidente Prudente;Área Consolidada;Aguardando análise;AT;2,1439
SP-3541406-89CFC5D68C734E3D8BC75A576530C102;SP;Presidente Prudente;Área Consolidada;Analisado, em conformidade com a Lei nº 12.651/2012;AT;5,0842
SP-3541406-8A0BC67A57E14B11BAB004E755B1825E;SP;Presidente Prudente;Área Consolidada;Analisado, em conformidade com a Lei nº 12.651/2012;AT;2,6939
SP-3541406-8A546EE4A10A403EB9CD67507864C18D;SP;Presidente Prudente;Área Consolidada;Analisado, aguardando atendimento a notificação;AT;6,0362
SP-3541406-8A59B135BA9747DB81226198300C4B31;SP;Presidente Prudente;Área Consolidada;Analisado, em conformidade com a Lei nº 12.651/2012, com ativos ambientais;AT;0,4691
SP-3541406-8AB902EE3D3C4123B49590A9971BBB23;SP;Presidente Prudente;Área Consolidada;Analisado, em conformidade com a Lei nº 12.651/2012, com ativos ambientais;AT;2,9477
SP-3541406-8AD64A528660498890A992C947C73F5F;SP;Presidente Prudente;Área Consolidada;Analisado, em conformidade com a Lei nº 12.651/2012, com ativos ambientais;AT;19,8941
SP-3541406-8B0C3F81768349C1A373DC24EBE3E612;SP;Presidente Prudente;Área Consolidada;Aguardando análise;AT;18,9089
SP-3541406-8B15D7FA4D9C42A794D399D313DC78FD;SP;Presidente Prudente;Área Consolidada;Analisado, aguardando regularização ambiental (Lei nº 12.651/2012);AT;11,2149
SP-3541406-8B20A79B6986465E86EB40D8D3549151;SP;Presidente Prudente;Área Consolidada;Analisado, aguardando atendimento a notificação;AT;0,5161
SP-3541406-8BBFD9F882064D1FA4898877C6B6905A;SP;Presidente Prudente;Área Consolidada;Analisado, aguardando atendimento a notificação;AT;1,9617
SP-3541406-8BC7374FCE5A47EDB1AAFEF2314EC5AF;SP;Presidente Prudente;Área Consolidada;Aguardando análise;AT;7,5941
SP-3541406-8C1F21A0E1C1416AA42A0E9CA6CA73F7;SP;Presidente Prudente;Área Consolidada;Analisado, em conformidade com a Lei nº 12.651/2012, com ativos ambientais;AT;3,5658
SP-3541406-8C26A98DEDC1417CA72F34BBD03E1F8A;SP;Presidente Prudente;Área Consolidada;Analisado, em conformidade com a Lei nº 12.651/2012;AT;10,6881
SP-3541406-8C57D278E2F843289AC941F12D413127;SP;Presidente Prudente;Área Consolidada;Analisado, em conformidade com a Lei nº 12.651/2012;AT;2,0497
SP-3541406-8C743000C67341608BC672DF892572AC;SP;Presidente Prudente;Área Consolidada;Analisado, em conformidade com a Lei nº 12.651/2012, com ativos ambientais;AT;44,5432
SP-3541406-8C80D2497E7D48CBB99A7369F39F2892;SP;Presidente Prudente;Área Consolidada;Aguardando análise;AT;53,7447
SP-3541406-8CAF6D5825134DD7A0F7B372F9EED2BA;SP;Presidente Prudente;Área Consolidada;Aguardando análise;AT;0,7817
SP-3541406-8CAF6D5825134DD7A0F7B372F9EED2BA;SP;Presidente Prudente;Área Consolidada;Aguardando análise;AT;0,1210
SP-3541406-8CAF6D5825134DD7A0F7B372F9EED2BA;SP;Presidente Prudente;Área Consolidada;Aguardando análise;AT;0,6440
SP-3541406-8CAF6D5825134DD7A0F7B372F9EED2BA;SP;Presidente Prudente;Área Consolidada;Aguardando análise;AT;0,7321
SP-3541406-8D374D092D184CC4836A3BF2F782C0F0;SP;Presidente Prudente;Área Consolidada;Analisado, aguardando regularização ambiental (Lei nº 12.651/2012);AT;22,3604
SP-3541406-8D872B652E2646E9B3221D064F19E644;SP;Presidente Prudente;Área Consolidada;Aguardando análise;AT;2,3444
SP-3541406-8D9453C2DD3A4513A8DC76AEE440F896;SP;Presidente Prudente;Área Consolidada;Analisado, em conformidade com a Lei nº 12.651/2012, com ativos ambientais;AT;8,1677
SP-3541406-8DB2B0E880454B21AFDF4CD38459932B;SP;Presidente Prudente;Área Consolidada;Analisado, em conformidade com a Lei nº 12.651/2012, com ativos ambientais;AT;3,5463
SP-3541406-8E356C8948184BBFA5F61EE926D12504;SP;Presidente Prudente;Área Consolidada;Aguardando análise;AT;61,2679
SP-3541406-8E7B2DA4BD0E46D4A99DC1D16AD67D38;SP;Presidente Prudente;Área Consolidada;Aguardando análise;AT;0,0130
SP-3541406-8E7B2DA4BD0E46D4A99DC1D16AD67D38;SP;Presidente Prudente;Área Consolidada;Aguardando análise;AT;0,0295
SP-3541406-8E82286050524C3EA19AE81AC7455914;SP;Presidente Prudente;Área Consolidada;Analisado, em conformidade com a Lei nº 12.651/2012;AT;7,4397
SP-3541406-8EB98F6ED52346A28A6AF1F459B8EF42;SP;Presidente Prudente;Área Consolidada;Aguardando análise;AT;10,3442
SP-3541406-8ED53BCF1B934A5280187458E12D7D0D;SP;Presidente Prudente;Área Consolidada;Analisado, aguardando atendimento a notificação;AT;43,5282
SP-3541406-8EFDB33A7B7343DF94C5AD7DA27252FC;SP;Presidente Prudente;Área Consolidada;Aguardando análise;AT;15,3468
SP-3541406-8F279C8CE7E34D11B8BA6AB62214B7D7;SP;Presidente Prudente;Área Consolidada;Analisado, aguardando atendimento a notificação;AT;0,0007
SP-3541406-8F279C8CE7E34D11B8BA6AB62214B7D7;SP;Presidente Prudente;Área Consolidada;Analisado, aguardando atendimento a notificação;AT;0,0007
SP-3541406-8F279C8CE7E34D11B8BA6AB62214B7D7;SP;Presidente Prudente;Área Consolidada;Analisado, aguardando atendimento a notificação;AT;0,0041
SP-3541406-8F279C8CE7E34D11B8BA6AB62214B7D7;SP;Presidente Prudente;Área Consolidada;Analisado, aguardando atendimento a notificação;AT;0,1927
SP-3541406-8F279C8CE7E34D11B8BA6AB62214B7D7;SP;Presidente Prudente;Área Consolidada;Analisado, aguardando atendimento a notificação;AT;2,7754
SP-3541406-8F2DF17E66A643508EC0634334AF68B3;SP;Presidente Prudente;Área Consolidada;Aguardando análise;AT;40,6134
SP-3541406-8F72FEE8ED5647368C107A3BBFFE4598;SP;Presidente Prudente;Área Consolidada;Analisado, em conformidade com a Lei nº 12.651/2012, com ativos ambientais;AT;15,3172
SP-3541406-8FCD7BF3F24449B88DB4EBF1946F16A4;SP;Presidente Prudente;Área Consolidada;Aguardando análise;AT;1,6807
SP-3541406-903DA2E80CBD467582F9565141C44767;SP;Presidente Prudente;Área Consolidada;Analisado, em conformidade com a Lei nº 12.651/2012;AT;3,2178
SP-3541406-90A3D41F01EC41919E9DCE1BC7BD145E;SP;Presidente Prudente;Área Consolidada;Aguardando análise;AT;0,2211
SP-3541406-90A3D41F01EC41919E9DCE1BC7BD145E;SP;Presidente Prudente;Área Consolidada;Aguardando análise;AT;0,0145
SP-3541406-90FA731F9F1A49D7877BE2372B5D07B2;SP;Presidente Prudente;Área Consolidada;Analisado, em conformidade com a Lei nº 12.651/2012, com ativos ambientais;AT;3,2887
SP-3541406-9183F02C957149EB8D15D61301E04A44;SP;Presidente Prudente;Área Consolidada;Analisado, aguardando regularização ambiental (Lei nº 12.651/2012);AT;29,7994
SP-3541406-91AC1FE4C1D748F7872ADD01DCF5CCF5;SP;Presidente Prudente;Área Consolidada;Aguardando análise, após revisão ou atendimento da notificação;AT;1,5188
SP-3541406-91CA893414F14DE099D55D3D1EE03ABE;SP;Presidente Prudente;Área Consolidada;Analisado, em conformidade com a Lei nº 12.651/2012;AT;2,0015
SP-3541406-91D6894259B649D59325238B3782B65D;SP;Presidente Prudente;Área Consolidada;Aguardando análise;AT;10,2288
SP-3541406-91E78DC26336418CA9625B812407E8BD;SP;Presidente Prudente;Área Consolidada;Analisado, aguardando atendimento a notificação;AT;3,8507
SP-3541406-91F398DCDB5B4EF9B72CE9CD44F929B8;SP;Presidente Prudente;Área Consolidada;Aguardando análise, após revisão ou atendimento da notificação;AT;113,9898
SP-3541406-921C881BCA204B3A92161718572132B3;SP;Presidente Prudente;Área Consolidada;Analisado, em conformidade com a Lei nº 12.651/2012;AT;4,8415
SP-3541406-9220D375DBB7494B96444258BC130A79;SP;Presidente Prudente;Área Consolidada;Analisado, aguardando atendimento a notificação;AT;14,5105
SP-3541406-922ABBE678EB4F759D1C5A239AF7C661;SP;Presidente Prudente;Área Consolidada;Aguardando análise, após revisão ou atendimento da notificação;AT;1,2792
SP-3541406-92415B28FB814FCCB2905023A0A45260;SP;Presidente Prudente;Área Consolidada;Analisado, em conformidade com a Lei nº 12.651/2012, com ativos ambientais;AT;2,2537
SP-3541406-927437C34A2E45A68EC5EC7EEA5DCBD0;SP;Presidente Prudente;Área Consolidada;Analisado, em conformidade com a Lei nº 12.651/2012, com ativos ambientais;AT;5,4041
SP-3541406-92CF0E9CBA0D4435AEB3013E97F2E1BC;SP;Presidente Prudente;Área Consolidada;Analisado, em conformidade com a Lei nº 12.651/2012;AT;24,2860
SP-3541406-93BA5DEEAD6D4684892E004F521DBDEF;SP;Presidente Prudente;Área Consolidada;Analisado, em conformidade com a Lei nº 12.651/2012, com ativos ambientais;AT;3,8005
SP-3541406-9426C4D4E07E4AF284EC0C136B0E95AC;SP;Presidente Prudente;Área Consolidada;Analisado, em conformidade com a Lei nº 12.651/2012, com ativos ambientais;AT;15,4899
SP-3541406-9426DFABEA7C464897344CE1679F07FC;SP;Presidente Prudente;Área Consolidada;Analisado, aguardando atendimento a notificação;AT;49,3870
SP-3541406-946E40F0BEC3466EB08A51434E9106AE;SP;Presidente Prudente;Área Consolidada;Analisado, aguardando atendimento a notificação;AT;2,0973
SP-3541406-9472434EEC854B8AB3031BE7A2952A19;SP;Presidente Prudente;Área Consolidada;Aguardando análise;AT;1,3525
SP-3541406-9472434EEC854B8AB3031BE7A2952A19;SP;Presidente Prudente;Área Consolidada;Aguardando análise;AT;0,8818
SP-3541406-9472434EEC854B8AB3031BE7A2952A19;SP;Presidente Prudente;Área Consolidada;Aguardando análise;AT;0,0552
SP-3541406-9479D4CD382645148D82283C52AFEBCE;SP;Presidente Prudente;Área Consolidada;Aguardando análise, após revisão ou atendimento da notificação;AT;31,1564
SP-3541406-94D89F4A271C46E687E72B8EAD031EB4;SP;Presidente Prudente;Área Consolidada;Analisado, em conformidade com a Lei nº 12.651/2012, com ativos ambientais;AT;4,4119
SP-3541406-951B792EADCF4345ACF4C9BA89471223;SP;Presidente Prudente;Área Consolidada;Aguardando análise, após revisão ou atendimento da notificação;AT;34,9989
SP-3541406-953C16B5806146839FD38BCEBA651962;SP;Presidente Prudente;Área Consolidada;Aguardando análise;AT;10,0413
SP-3541406-954A1D6AAAB747B7AF6CF2EF0BAC6C55;SP;Presidente Prudente;Área Consolidada;Aguardando análise;AT;16,1284
SP-3541406-954AE252A92545C0BD28EC3751AEB45A;SP;Presidente Prudente;Área Consolidada;Analisado, aguardando regularização ambiental (Lei nº 12.651/2012);AT;12,6115
SP-3541406-954F4041E8594C8B8E0C708DEB271194;SP;Presidente Prudente;Área Consolidada;Aguardando análise;AT;7,9864
SP-3541406-958E3DD5A2D4426E91C72ED4E1F9D96E;SP;Presidente Prudente;Área Consolidada;Analisado, em conformidade com a Lei nº 12.651/2012, com ativos ambientais;AT;5,6581
SP-3541406-9593C0F52BDC4884805A7FED1C67E6A7;SP;Presidente Prudente;Área Consolidada;Aguardando análise;AT;0,0899
SP-3541406-95A4823A95B048BF9C7AC6461A06BED3;SP;Presidente Prudente;Área Consolidada;Analisado, aguardando atendimento a notificação;AT;3,5097
SP-3541406-95B1F891ACD241DE82AE79971420B245;SP;Presidente Prudente;Área Consolidada;Analisado, em conformidade com a Lei nº 12.651/2012;AT;2,0023
SP-3541406-95F1B5AD5F5448FFA801A140E6922013;SP;Presidente Prudente;Área Consolidada;Analisado, em conformidade com a Lei nº 12.651/2012, com ativos ambientais;AT;4,8613
SP-3541406-96AF30A2513C46259C586451F8E82EC0;SP;Presidente Prudente;Área Consolidada;Analisado, aguardando regularização ambiental (Lei nº 12.651/2012);AT;6,7827
SP-3541406-96B001A6BB4C431B9401F943711789D2;SP;Presidente Prudente;Área Consolidada;Aguardando análise;AT;0,0321
SP-3541406-96B001A6BB4C431B9401F943711789D2;SP;Presidente Prudente;Área Consolidada;Aguardando análise;AT;0,5742
SP-3541406-97914A22BEF644228CC75F8689970D7A;SP;Presidente Prudente;Área Consolidada;Analisado, em conformidade com a Lei nº 12.651/2012, com ativos ambientais;AT;7,6371
SP-3541406-97B7705B8B2049878474E8E34081B8E2;SP;Presidente Prudente;Área Consolidada;Analisado, em conformidade com a Lei nº 12.651/2012, com ativos ambientais;AT;9,9370
SP-3541406-9817D22B7B454B5C9FF54D6F55B1591C;SP;Presidente Prudente;Área Consolidada;Analisado, aguardando regularização ambiental (Lei nº 12.651/2012);AT;86,8321
SP-3541406-982ED68675D148698DC43674DD770360;SP;Presidente Prudente;Área Consolidada;Analisado, em conformidade com a Lei nº 12.651/2012, com ativos ambientais;AT;0,9392
SP-3541406-984A58FD3B2244099A150F987D7D1F4C;SP;Presidente Prudente;Área Consolidada;Aguardando análise, após revisão ou atendimento da notificação;AT;0,0002
SP-3541406-984A58FD3B2244099A150F987D7D1F4C;SP;Presidente Prudente;Área Consolidada;Aguardando análise, após revisão ou atendimento da notificação;AT;0,0000
SP-3541406-98EFB89596A24833BDA96A8206525700;SP;Presidente Prudente;Área Consolidada;Analisado, aguardando regularização ambiental (Lei nº 12.651/2012);AT;25,3373
SP-3541406-990458DF76B94698A453AF1CD29242F9;SP;Presidente Prudente;Área Consolidada;Analisado, em conformidade com a Lei nº 12.651/2012, com ativos ambientais;AT;3,1126
SP-3541406-99741B28AD244F858425CB088790E787;SP;Presidente Prudente;Área Consolidada;Aguardando análise;AT;15,5267
SP-3541406-997C4B77D113430C8F914777C7B078C2;SP;Presidente Prudente;Área Consolidada;Analisado, em conformidade com a Lei nº 12.651/2012, com ativos ambientais;AT;3,7054
SP-3541406-997D8C8D909A424F93C3975A0C27DDC4;SP;Presidente Prudente;Área Consolidada;Analisado, em conformidade com a Lei nº 12.651/2012;AT;2,4125
SP-3541406-9989C60EAC66419580A7D4EDF230AF03;SP;Presidente Prudente;Área Consolidada;Analisado, aguardando regularização ambiental (Lei nº 12.651/2012);AT;5,1433
SP-3541406-99B0AF66C7904A1A825E435CBED5164F;SP;Presidente Prudente;Área Consolidada;Aguardando análise;AT;0,5779
SP-3541406-99B0AF66C7904A1A825E435CBED5164F;SP;Presidente Prudente;Área Consolidada;Aguardando análise;AT;0,4340
SP-3541406-99C68C262FA04DC7A6221835FAE21D73;SP;Presidente Prudente;Área Consolidada;Aguardando análise;AT;13,3095
SP-3541406-99DCE3A4879D453EACB470FA0325822F;SP;Presidente Prudente;Área Consolidada;Aguardando análise;AT;26,5954
SP-3541406-9A04F1B534E94F3F8DE7BAE1298A4BBE;SP;Presidente Prudente;Área Consolidada;Aguardando análise, após revisão ou atendimento da notificação;AT;0,0000
SP-3541406-9A301C6C78AB4E39940316ADCE4D073A;SP;Presidente Prudente;Área Consolidada;Aguardando análise;AT;0,0002
SP-3541406-9A301C6C78AB4E39940316ADCE4D073A;SP;Presidente Prudente;Área Consolidada;Aguardando análise;AT;0,0064
SP-3541406-9A301C6C78AB4E39940316ADCE4D073A;SP;Presidente Prudente;Área Consolidada;Aguardando análise;AT;0,0025
SP-3541406-9A301C6C78AB4E39940316ADCE4D073A;SP;Presidente Prudente;Área Consolidada;Aguardando análise;AT;0,0027
SP-3541406-9A301C6C78AB4E39940316ADCE4D073A;SP;Presidente Prudente;Área Consolidada;Aguardando análise;AT;0,0167
SP-3541406-9A301C6C78AB4E39940316ADCE4D073A;SP;Presidente Prudente;Área Consolidada;Aguardando análise;AT;0,0070
SP-3541406-9A301C6C78AB4E39940316ADCE4D073A;SP;Presidente Prudente;Área Consolidada;Aguardando análise;AT;0,0002
SP-3541406-9A301C6C78AB4E39940316ADCE4D073A;SP;Presidente Prudente;Área Consolidada;Aguardando análise;AT;0,0051
SP-3541406-9A301C6C78AB4E39940316ADCE4D073A;SP;Presidente Prudente;Área Consolidada;Aguardando análise;AT;0,0003
SP-3541406-9A6A7D029F7F4BC1A7CE7D601F1DAB66;SP;Presidente Prudente;Área Consolidada;Analisado, aguardando atendimento a notificação;AT;2,4588
SP-3541406-9ADCC84CFADE451781C056328954CE8B;SP;Presidente Prudente;Área Consolidada;Analisado, em conformidade com a Lei nº 12.651/2012, com ativos ambientais;AT;12,7885
SP-3541406-9B322DB210E640D5A96644642654AEC0;SP;Presidente Prudente;Área Consolidada;Aguardando análise, após revisão ou atendimento da notificação;AT;0,4131
SP-3541406-9B4A78206C9E4CEF95DEC29C8DF32BDB;SP;Presidente Prudente;Área Consolidada;Aguardando análise;AT;2,3592
SP-3541406-9B61E3B4620B4EDBA73CC23C76A66102;SP;Presidente Prudente;Área Consolidada;Analisado, aguardando atendimento a notificação;AT;9,1406
SP-3541406-9B68C36F262C4C93A3D6449C0922E91B;SP;Presidente Prudente;Área Consolidada;Aguardando análise;AT;0,1229
SP-3541406-9B68C36F262C4C93A3D6449C0922E91B;SP;Presidente Prudente;Área Consolidada;Aguardando análise;AT;0,0003
SP-3541406-9B68C36F262C4C93A3D6449C0922E91B;SP;Presidente Prudente;Área Consolidada;Aguardando análise;AT;0,0002
SP-3541406-9B9BFD915BA74B33AE13D03BB4054125;SP;Presidente Prudente;Área Consolidada;Analisado, aguardando atendimento a notificação;AT;1,8254
SP-3541406-9BBDF6F5657D43FD99657E0A52C3138D;SP;Presidente Prudente;Área Consolidada;Analisado, em conformidade com a Lei nº 12.651/2012, com ativos ambientais;AT;11,5363
SP-3541406-9C1E11195CF94845BCE1A4C5C20AF629;SP;Presidente Prudente;Área Consolidada;Analisado, aguardando atendimento a notificação;AT;1,5189
SP-3541406-9C39B4F7273F4BE8B2009B0EBDE51494;SP;Presidente Prudente;Área Consolidada;Analisado, aguardando atendimento a notificação;AT;12,0168
SP-3541406-9C7A1DA116E6413887B0E834540FE727;SP;Presidente Prudente;Área Consolidada;Analisado, em regularização ambiental (Lei nº 12.651/2012);AT;19,6363
SP-3541406-9CD14698445A4B7C9049773A67885662;SP;Presidente Prudente;Área Consolidada;Analisado, aguardando atendimento a notificação;AT;0,7398
SP-3541406-9CF8B76BED4340F497C91F1A13D28D6F;SP;Presidente Prudente;Área Consolidada;Aguardando análise;AT;30,4580
SP-3541406-9D251CE3BB144600B6A8BEDC67564E48;SP;Presidente Prudente;Área Consolidada;Aguardando análise;AT;4,6184
SP-3541406-9D96D543B55A4A6B870829E8A1671870;SP;Presidente Prudente;Área Consolidada;Aguardando análise, após revisão ou atendimento da notificação;AT;1,5411
SP-3541406-9D99DB7900F04F2FBF13D164F67BAC87;SP;Presidente Prudente;Área Consolidada;Aguardando análise;AT;4,5245
SP-3541406-9E1B2D5AFEFD4718ADB3CC3EE1493D87;SP;Presidente Prudente;Área Consolidada;Aguardando análise;AT;11,5755
SP-3541406-9E226374C7BB4FCF8AE9A32962372655;SP;Presidente Prudente;Área Consolidada;Analisado, em conformidade com a Lei nº 12.651/2012, com ativos ambientais;AT;12,5138
SP-3541406-9E5666C0F4A04173A67A7B6E90B1A4D3;SP;Presidente Prudente;Área Consolidada;Analisado, aguardando regularização ambiental (Lei nº 12.651/2012);AT;12,4875
SP-3541406-9E5B4A6A65C4459AAD05574E8528710B;SP;Presidente Prudente;Área Consolidada;Aguardando análise;AT;22,3478
SP-3541406-9E7DA377E3EB4BC7AD41B8660D96ED42;SP;Presidente Prudente;Área Consolidada;Aguardando análise;AT;18,7611
SP-3541406-9EE211F424124910A8F2AF623D7C7352;SP;Presidente Prudente;Área Consolidada;Analisado, aguardando regularização ambiental (Lei nº 12.651/2012);AT;10,1964
SP-3541406-9EECF12A8D894DE1AEC43A0EDF0BEF55;SP;Presidente Prudente;Área Consolidada;Aguardando análise, após revisão ou atendimento da notificação;AT;21,4650
SP-3541406-9EF95AAD58CE4B6CA356B6E94A0B602B;SP;Presidente Prudente;Área Consolidada;Analisado, aguardando atendimento a notificação;AT;11,4690
SP-3541406-9F1AAC4F953049D0A3A0217B81EC663A;SP;Presidente Prudente;Área Consolidada;Aguardando análise, após revisão ou atendimento da notificação;AT;28,3774
SP-3541406-9F6FB28B476046C1A14F4B09BE56ED6E;SP;Presidente Prudente;Área Consolidada;Analisado, aguardando atendimento a notificação;AT;1,0399
SP-3541406-9F858001CF28475B8FFAD6FC31E51042;SP;Presidente Prudente;Área Consolidada;Aguardando análise;PE;6,9023
SP-3541406-9FA2DA330CA7470BA420EAD3CABDBD86;SP;Presidente Prudente;Área Consolidada;Aguardando análise;AT;0,6442
SP-3541406-9FA2DA330CA7470BA420EAD3CABDBD86;SP;Presidente Prudente;Área Consolidada;Aguardando análise;AT;0,1501
SP-3541406-9FA2DA330CA7470BA420EAD3CABDBD86;SP;Presidente Prudente;Área Consolidada;Aguardando análise;AT;1,4993
SP-3541406-9FEDE133D63F43EEAA4B0D0D9FE07619;SP;Presidente Prudente;Área Consolidada;Aguardando análise, após revisão ou atendimento da notificação;AT;0,2642
SP-3541406-9FEDE133D63F43EEAA4B0D0D9FE07619;SP;Presidente Prudente;Área Consolidada;Aguardando análise, após revisão ou atendimento da notificação;AT;0,1137
SP-3541406-9FEDE133D63F43EEAA4B0D0D9FE07619;SP;Presidente Prudente;Área Consolidada;Aguardando análise, após revisão ou atendimento da notificação;AT;0,3170
SP-3541406-9FEDE133D63F43EEAA4B0D0D9FE07619;SP;Presidente Prudente;Área Consolidada;Aguardando análise, após revisão ou atendimento da notificação;AT;0,0537
SP-3541406-9FEDE133D63F43EEAA4B0D0D9FE07619;SP;Presidente Prudente;Área Consolidada;Aguardando análise, após revisão ou atendimento da notificação;AT;0,2584
SP-3541406-9FEDE133D63F43EEAA4B0D0D9FE07619;SP;Presidente Prudente;Área Consolidada;Aguardando análise, após revisão ou atendimento da notificação;AT;0,2397
SP-3541406-9FEDE133D63F43EEAA4B0D0D9FE07619;SP;Presidente Prudente;Área Consolidada;Aguardando análise, após revisão ou atendimento da notificação;AT;0,2309
SP-3541406-9FEDE133D63F43EEAA4B0D0D9FE07619;SP;Presidente Prudente;Área Consolidada;Aguardando análise, após revisão ou atendimento da notificação;AT;0,1804
SP-3541406-9FEDE133D63F43EEAA4B0D0D9FE07619;SP;Presidente Prudente;Área Consolidada;Aguardando análise, após revisão ou atendimento da notificação;AT;0,1431
SP-3541406-9FEDE133D63F43EEAA4B0D0D9FE07619;SP;Presidente Prudente;Área Consolidada;Aguardando análise, após revisão ou atendimento da notificação;AT;0,1360
SP-3541406-9FEDE133D63F43EEAA4B0D0D9FE07619;SP;Presidente Prudente;Área Consolidada;Aguardando análise, após revisão ou atendimento da notificação;AT;0,0104
SP-3541406-9FEDE133D63F43EEAA4B0D0D9FE07619;SP;Presidente Prudente;Área Consolidada;Aguardando análise, após revisão ou atendimento da notificação;AT;0,1027
SP-3541406-9FEDE133D63F43EEAA4B0D0D9FE07619;SP;Presidente Prudente;Área Consolidada;Aguardando análise, após revisão ou atendimento da notificação;AT;0,1046
SP-3541406-9FEDE133D63F43EEAA4B0D0D9FE07619;SP;Presidente Prudente;Área Consolidada;Aguardando análise, após revisão ou atendimento da notificação;AT;0,1016
SP-3541406-9FEDE133D63F43EEAA4B0D0D9FE07619;SP;Presidente Prudente;Área Consolidada;Aguardando análise, após revisão ou atendimento da notificação;AT;0,0992
SP-3541406-9FEDE133D63F43EEAA4B0D0D9FE07619;SP;Presidente Prudente;Área Consolidada;Aguardando análise, após revisão ou atendimento da notificação;AT;0,0930
SP-3541406-9FEDE133D63F43EEAA4B0D0D9FE07619;SP;Presidente Prudente;Área Consolidada;Aguardando análise, após revisão ou atendimento da notificação;AT;0,0560
SP-3541406-9FEDE133D63F43EEAA4B0D0D9FE07619;SP;Presidente Prudente;Área Consolidada;Aguardando análise, após revisão ou atendimento da notificação;AT;0,0469
SP-3541406-9FEDE133D63F43EEAA4B0D0D9FE07619;SP;Presidente Prudente;Área Consolidada;Aguardando análise, após revisão ou atendimento da notificação;AT;0,0380
SP-3541406-9FEDE133D63F43EEAA4B0D0D9FE07619;SP;Presidente Prudente;Área Consolidada;Aguardando análise, após revisão ou atendimento da notificação;AT;0,0128
SP-3541406-A07216232AF54988A11FBB0BCE0A18E9;SP;Presidente Prudente;Área Consolidada;Aguardando análise, após revisão ou atendimento da notificação;AT;2,4702
SP-3541406-A08438DE6D2A489A94B5B0113F626E3B;SP;Presidente Prudente;Área Consolidada;Analisado, aguardando atendimento a notificação;AT;3,1746
SP-3541406-A08AE06B01E04A378B740202386394E4;SP;Presidente Prudente;Área Consolidada;Analisado, aguardando regularização ambiental (Lei nº 12.651/2012);AT;41,2581
SP-3541406-A0CFCA617FA746758A23A1478F24C662;SP;Presidente Prudente;Área Consolidada;Analisado, aguardando atendimento a notificação;AT;5,6758
SP-3541406-A0D4A05748AE4DFBAC1E44E2EBF43074;SP;Presidente Prudente;Área Consolidada;Analisado, aguardando atendimento a notificação;AT;3,8572
SP-3541406-A0E7E9A29A7B4D3D971D17676EF28C1B;SP;Presidente Prudente;Área Consolidada;Analisado, em conformidade com a Lei nº 12.651/2012, com ativos ambientais;AT;22,9294
SP-3541406-A0FF4ECA6D08486FA23F8D0C65F6788B;SP;Presidente Prudente;Área Consolidada;Analisado, aguardando regularização ambiental (Lei nº 12.651/2012);AT;86,9348
SP-3541406-A11E03B130744728835D117A2E1D485C;SP;Presidente Prudente;Área Consolidada;Aguardando análise;AT;0,5913
SP-3541406-A11E03B130744728835D117A2E1D485C;SP;Presidente Prudente;Área Consolidada;Aguardando análise;AT;0,6828
SP-3541406-A13F3BDE0E154548B1A30CBCAA59AB5B;SP;Presidente Prudente;Área Consolidada;Aguardando análise;AT;56,6701
SP-3541406-A1856E2EF3EB4AA9A35E3ECB47AF62A5;SP;Presidente Prudente;Área Consolidada;Analisado, em conformidade com a Lei nº 12.651/2012, com ativos ambientais;AT;9,3753
SP-3541406-A1C0D20974CA465A9E0063252BF74172;SP;Presidente Prudente;Área Consolidada;Aguardando análise;AT;2,2285
SP-3541406-A1EA08389F634FADBB6B85A048FE9D47;SP;Presidente Prudente;Área Consolidada;Aguardando análise;AT;58,0163
SP-3541406-A2924AD3E500496389A5A914EF8985C3;SP;Presidente Prudente;Área Consolidada;Analisado, aguardando regularização ambiental (Lei nº 12.651/2012);AT;4,7768
SP-3541406-A2A09122D925400D96098E0E21391621;SP;Presidente Prudente;Área Consolidada;Aguardando análise;AT;31,3602
SP-3541406-A2AEBACE278949A3A6C784161975FF37;SP;Presidente Prudente;Área Consolidada;Analisado, aguardando atendimento a notificação;AT;2,4697
SP-3541406-A2B1F4ACBAD74BB39C9E9AC105A8950D;SP;Presidente Prudente;Área Consolidada;Analisado, em conformidade com a Lei nº 12.651/2012, com ativos ambientais;AT;7,5154
SP-3541406-A2C29F9198994E40B5CA96DBEF715F1A;SP;Presidente Prudente;Área Consolidada;Aguardando análise;AT;3,6044
SP-3541406-A2CB34EFB85D450AA418E10A3D2E5D0A;SP;Presidente Prudente;Área Consolidada;Analisado, aguardando atendimento a notificação;AT;2,2156
SP-3541406-A2FFA951BB7E4C589BE405EA9E398C4C;SP;Presidente Prudente;Área Consolidada;Aguardando análise, após revisão ou atendimento da notificação;AT;0,0395
SP-3541406-A2FFA951BB7E4C589BE405EA9E398C4C;SP;Presidente Prudente;Área Consolidada;Aguardando análise, após revisão ou atendimento da notificação;AT;0,2917
SP-3541406-A2FFA951BB7E4C589BE405EA9E398C4C;SP;Presidente Prudente;Área Consolidada;Aguardando análise, após revisão ou atendimento da notificação;AT;0,2197
SP-3541406-A2FFA951BB7E4C589BE405EA9E398C4C;SP;Presidente Prudente;Área Consolidada;Aguardando análise, após revisão ou atendimento da notificação;AT;0,5212
SP-3541406-A3063B24E08D47A5A2AFEBF78753F4AC;SP;Presidente Prudente;Área Consolidada;Analisado, aguardando atendimento a notificação;AT;8,3309
SP-3541406-A318E46F974247CAA9E7EF75D346CDBC;SP;Presidente Prudente;Área Consolidada;Analisado, em conformidade com a Lei nº 12.651/2012, com ativos ambientais;AT;1,8239
SP-3541406-A33C81E567CB46849AC15706D72E2F8C;SP;Presidente Prudente;Área Consolidada;Analisado, em conformidade com a Lei nº 12.651/2012;AT;8,5753
SP-3541406-A34CADA856A64367ABA47A21F981608A;SP;Presidente Prudente;Área Consolidada;Analisado, aguardando atendimento a notificação;AT;1,5732
SP-3541406-A35B5F5DBDE048E5BD2067898F2CDA14;SP;Presidente Prudente;Área Consolidada;Analisado, aguardando atendimento a notificação;AT;25,6683
SP-3541406-A3890510790E4E6F9F3F94C3535E0C84;SP;Presidente Prudente;Área Consolidada;Aguardando análise, após revisão ou atendimento da notificação;AT;20,2529
SP-3541406-A40FB41301894720A1B818449A7E134E;SP;Presidente Prudente;Área Consolidada;Analisado, aguardando atendimento a notificação;AT;27,3929
SP-3541406-A489B0209CFC44C094872BA87E21EBB1;SP;Presidente Prudente;Área Consolidada;Analisado, em conformidade com a Lei nº 12.651/2012;AT;7,3188
SP-3541406-A4BCC59422254D0ABE54126E05A3F6DB;SP;Presidente Prudente;Área Consolidada;Analisado, em conformidade com a Lei nº 12.651/2012;AT;2,4553
SP-3541406-A4F1B9009C604A30B0E8F7BD50D1668B;SP;Presidente Prudente;Área Consolidada;Analisado, em conformidade com a Lei nº 12.651/2012, com ativos ambientais;AT;3,0608
SP-3541406-A5939A6FA4CA482F84B3E363553937A3;SP;Presidente Prudente;Área Consolidada;Aguardando análise;AT;6,2342
SP-3541406-A69E58DB1FE84512868FFFD5B4500A5F;SP;Presidente Prudente;Área Consolidada;Analisado, aguardando atendimento a notificação;AT;0,0458
SP-3541406-A69E58DB1FE84512868FFFD5B4500A5F;SP;Presidente Prudente;Área Consolidada;Analisado, aguardando atendimento a notificação;AT;0,3062
SP-3541406-A70107C12829432F8FDB778F54B08490;SP;Presidente Prudente;Área Consolidada;Analisado, em conformidade com a Lei nº 12.651/2012;AT;1,1088
SP-3541406-A706249A1CEA433993E66DE97D27B2FF;SP;Presidente Prudente;Área Consolidada;Analisado, aguardando regularização ambiental (Lei nº 12.651/2012);AT;12,5034
SP-3541406-A70A36FA4E7646B98B55CF4C7ED508AF;SP;Presidente Prudente;Área Consolidada;Analisado, em conformidade com a Lei nº 12.651/2012, com ativos ambientais;AT;3,5099
SP-3541406-A7239C70857647D1B2428A3017F23F1C;SP;Presidente Prudente;Área Consolidada;Analisado, aguardando atendimento a notificação;AT;0,3525
SP-3541406-A77EC7F9689C45F9BEF69B09CADB5555;SP;Presidente Prudente;Área Consolidada;Aguardando análise;AT;2,0957
SP-3541406-A82A38DB1AA249459B78B2F79D1D3D7A;SP;Presidente Prudente;Área Consolidada;Analisado, em conformidade com a Lei nº 12.651/2012, com ativos ambientais;AT;6,6890
SP-3541406-A84E9A16CDF14A948918ED35C1E7FFB0;SP;Presidente Prudente;Área Consolidada;Analisado, em conformidade com a Lei nº 12.651/2012, com ativos ambientais;AT;19,0558
SP-3541406-A86ECA7F0B784A22BC2743EABD0C8936;SP;Presidente Prudente;Área Consolidada;Analisado, aguardando atendimento a notificação;AT;0,7841
SP-3541406-A86ECA7F0B784A22BC2743EABD0C8936;SP;Presidente Prudente;Área Consolidada;Analisado, aguardando atendimento a notificação;AT;2,4709
SP-3541406-A86F6E604F584B998436AE7FE2286455;SP;Presidente Prudente;Área Consolidada;Analisado, em conformidade com a Lei nº 12.651/2012, com ativos ambientais;AT;1,2022
SP-3541406-A879E81FE5AA48329442701C189A87CB;SP;Presidente Prudente;Área Consolidada;Analisado, em conformidade com a Lei nº 12.651/2012;AT;4,1370
SP-3541406-A8A30137B08F4A3EB43214435DF15728;SP;Presidente Prudente;Área Consolidada;Analisado, aguardando atendimento a notificação;AT;0,0010
SP-3541406-A8B1166FA0D24AE7961D7B43C60EDCAA;SP;Presidente Prudente;Área Consolidada;Analisado, aguardando regularização ambiental (Lei nº 12.651/2012);AT;37,8932
SP-3541406-A8C1EAD4E3314CE4BEA1C5D60BE78F49;SP;Presidente Prudente;Área Consolidada;Analisado, em conformidade com a Lei nº 12.651/2012, com ativos ambientais;AT;697,7737
SP-3541406-A8C2A1972C504DBC911F2AA4D0904D9D;SP;Presidente Prudente;Área Consolidada;Aguardando análise;AT;3,8582
SP-3541406-A8C51F009A884D3989F227786462E3AD;SP;Presidente Prudente;Área Consolidada;Analisado, em conformidade com a Lei nº 12.651/2012, com ativos ambientais;AT;20,2547
SP-3541406-A8CA39E038EC44F89276109EAC401199;SP;Presidente Prudente;Área Consolidada;Analisado, aguardando atendimento a notificação;AT;0,5959
SP-3541406-A8E1B8837BBF408783BA11F5AD0090F8;SP;Presidente Prudente;Área Consolidada;Aguardando análise, após revisão ou atendimento da notificação;AT;7,1910
SP-3541406-A945ED2FCD054AC99F8B8B82FB074048;SP;Presidente Prudente;Área Consolidada;Aguardando análise, após revisão ou atendimento da notificação;AT;0,9241
SP-3541406-A9768B38F4BD452684FEE4F762735F5A;SP;Presidente Prudente;Área Consolidada;Aguardando análise;AT;0,1940
SP-3541406-A9768B38F4BD452684FEE4F762735F5A;SP;Presidente Prudente;Área Consolidada;Aguardando análise;AT;0,6770
SP-3541406-A9768B38F4BD452684FEE4F762735F5A;SP;Presidente Prudente;Área Consolidada;Aguardando análise;AT;0,0087
SP-3541406-A9768B38F4BD452684FEE4F762735F5A;SP;Presidente Prudente;Área Consolidada;Aguardando análise;AT;0,7133
SP-3541406-A9768B38F4BD452684FEE4F762735F5A;SP;Presidente Prudente;Área Consolidada;Aguardando análise;AT;0,2933
SP-3541406-A9768B38F4BD452684FEE4F762735F5A;SP;Presidente Prudente;Área Consolidada;Aguardando análise;AT;0,0187
SP-3541406-A976C8E5B3D245339906D8FC126B5683;SP;Presidente Prudente;Área Consolidada;Analisado, aguardando atendimento a notificação;AT;0,9532
SP-3541406-A9B397AB4CA24F2D801F0C1A00B95C9F;SP;Presidente Prudente;Área Consolidada;Analisado, aguardando atendimento a notificação;AT;0,0710
SP-3541406-A9E7CCACA50442E79FB222DB103D735E;SP;Presidente Prudente;Área Consolidada;Analisado, em conformidade com a Lei nº 12.651/2012;AT;22,6043
SP-3541406-A9F14DD9BC174C7784F389EC4982C11F;SP;Presidente Prudente;Área Consolidada;Analisado, aguardando atendimento a notificação;AT;0,0863
SP-3541406-A9F14DD9BC174C7784F389EC4982C11F;SP;Presidente Prudente;Área Consolidada;Analisado, aguardando atendimento a notificação;AT;0,1308
SP-3541406-A9F14DD9BC174C7784F389EC4982C11F;SP;Presidente Prudente;Área Consolidada;Analisado, aguardando atendimento a notificação;AT;0,7841
SP-3541406-A9F3DA3FBF5248E88B31FC2FE0DD1B1E;SP;Presidente Prudente;Área Consolidada;Analisado, aguardando regularização ambiental (Lei nº 12.651/2012);AT;12,2626
SP-3541406-AA0504F6CB3A48D98E68E975ED1681AC;SP;Presidente Prudente;Área Consolidada;Analisado, em conformidade com a Lei nº 12.651/2012, com ativos ambientais;AT;3,4407
SP-3541406-AA093B9158C344D6AB0ED741B7DEF51E;SP;Presidente Prudente;Área Consolidada;Analisado, em conformidade com a Lei nº 12.651/2012;AT;7,2611
SP-3541406-AA22B096D91149B196D60A7DC0954938;SP;Presidente Prudente;Área Consolidada;Analisado, em conformidade com a Lei nº 12.651/2012;AT;2,4152
SP-3541406-AA70505184EC4BF58B5B49B6B3456340;SP;Presidente Prudente;Área Consolidada;Aguardando análise;AT;1,2177
SP-3541406-AA70505184EC4BF58B5B49B6B3456340;SP;Presidente Prudente;Área Consolidada;Aguardando análise;AT;2,1712
SP-3541406-AA70505184EC4BF58B5B49B6B3456340;SP;Presidente Prudente;Área Consolidada;Aguardando análise;AT;0,0764
SP-3541406-AA70505184EC4BF58B5B49B6B3456340;SP;Presidente Prudente;Área Consolidada;Aguardando análise;AT;0,0443
SP-3541406-AA70505184EC4BF58B5B49B6B3456340;SP;Presidente Prudente;Área Consolidada;Aguardando análise;AT;0,0352
SP-3541406-AA70505184EC4BF58B5B49B6B3456340;SP;Presidente Prudente;Área Consolidada;Aguardando análise;AT;5,1417
SP-3541406-AA70505184EC4BF58B5B49B6B3456340;SP;Presidente Prudente;Área Consolidada;Aguardando análise;AT;0,0309
SP-3541406-AA70505184EC4BF58B5B49B6B3456340;SP;Presidente Prudente;Área Consolidada;Aguardando análise;AT;1,0217
SP-3541406-AA70505184EC4BF58B5B49B6B3456340;SP;Presidente Prudente;Área Consolidada;Aguardando análise;AT;0,0144
SP-3541406-AA70505184EC4BF58B5B49B6B3456340;SP;Presidente Prudente;Área Consolidada;Aguardando análise;AT;0,0462
SP-3541406-AA70505184EC4BF58B5B49B6B3456340;SP;Presidente Prudente;Área Consolidada;Aguardando análise;AT;0,0653
SP-3541406-AA721AC51EB14992AA65BC43EE0C7C24;SP;Presidente Prudente;Área Consolidada;Analisado, aguardando regularização ambiental (Lei nº 12.651/2012);AT;82,1507
SP-3541406-AA82E2709BBA4F8EABD1BE188F1C0919;SP;Presidente Prudente;Área Consolidada;Analisado, aguardando atendimento a notificação;AT;2,0022
SP-3541406-AA83CD64A9CD4D07A659F0221E91E898;SP;Presidente Prudente;Área Consolidada;Analisado, em conformidade com a Lei nº 12.651/2012, com ativos ambientais;AT;3,4780
SP-3541406-AA9B17753175459BA648FD46AE2BC2A0;SP;Presidente Prudente;Área Consolidada;Aguardando análise;AT;10,8715
SP-3541406-AAB7221A49DF43019710802DA697CF71;SP;Presidente Prudente;Área Consolidada;Analisado, aguardando atendimento a notificação;AT;1,1009
SP-3541406-AAC4161A0A39480B9A63A345E50073D7;SP;Presidente Prudente;Área Consolidada;Aguardando análise;AT;0,8899
SP-3541406-AB3C5DDBC10B4585850DD69DAD6B0852;SP;Presidente Prudente;Área Consolidada;Analisado, aguardando regularização ambiental (Lei nº 12.651/2012);AT;11,8138
SP-3541406-AB424F2AAF4344C08BF185BAAC1BB82D;SP;Presidente Prudente;Área Consolidada;Analisado, em conformidade com a Lei nº 12.651/2012, com ativos ambientais;AT;0,9672
SP-3541406-AB4C3483197F49E6863DE13AE218BD26;SP;Presidente Prudente;Área Consolidada;Analisado, em conformidade com a Lei nº 12.651/2012;AT;2,2059
SP-3541406-AB79289BE4AF4D9B9FE504388890E6DA;SP;Presidente Prudente;Área Consolidada;Aguardando análise;AT;10,6712
SP-3541406-AB79555968AA4E8685ABFC6F86ED1F03;SP;Presidente Prudente;Área Consolidada;Analisado, aguardando regularização ambiental (Lei nº 12.651/2012);AT;113,2703
SP-3541406-ABFCDDDDE22A4E82B1359C3F6499924F;SP;Presidente Prudente;Área Consolidada;Analisado, aguardando atendimento a notificação;AT;1,9250
SP-3541406-AC974FB54B0F48CABE85DCF7A0527B3D;SP;Presidente Prudente;Área Consolidada;Analisado, aguardando atendimento a notificação;AT;1,7843
SP-3541406-ACDDA83C40C24C269233944732B7CAC6;SP;Presidente Prudente;Área Consolidada;Analisado, em conformidade com a Lei nº 12.651/2012;AT;14,3309
SP-3541406-AD04A56666894A7AAD77FF98EA37BD9E;SP;Presidente Prudente;Área Consolidada;Analisado, aguardando regularização ambiental (Lei nº 12.651/2012);AT;8,2870
SP-3541406-AD5E9AB13A7F4FD8852E99A870A14DEB;SP;Presidente Prudente;Área Consolidada;Analisado, aguardando regularização ambiental (Lei nº 12.651/2012);AT;38,8904
SP-3541406-AD62DDB6E00D442A8BCC7B11CA002DB3;SP;Presidente Prudente;Área Consolidada;Aguardando análise, após revisão ou atendimento da notificação;AT;2,5148
SP-3541406-ADC0D2B429C542EFA1F555457996ACC9;SP;Presidente Prudente;Área Consolidada;Aguardando análise;AT;0,0774
SP-3541406-ADC0D2B429C542EFA1F555457996ACC9;SP;Presidente Prudente;Área Consolidada;Aguardando análise;AT;0,2453
SP-3541406-ADEE69CD8FEF46BF806D32DA4C951893;SP;Presidente Prudente;Área Consolidada;Analisado, em conformidade com a Lei nº 12.651/2012, com ativos ambientais;AT;10,6953
SP-3541406-AE06F9BE82394109927442893812BEA1;SP;Presidente Prudente;Área Consolidada;Analisado, em conformidade com a Lei nº 12.651/2012;AT;2,4169
SP-3541406-AE3C9E30A2B54159A6D37E460A8452C9;SP;Presidente Prudente;Área Consolidada;Aguardando análise, após revisão ou atendimento da notificação;AT;5,7820
SP-3541406-AE59F43E2AA24477BB2BA22EF3F46F6D;SP;Presidente Prudente;Área Consolidada;Analisado, aguardando atendimento a notificação;AT;15,2481
SP-3541406-AE5CE1F92BE54BE58AD078311719EEE5;SP;Presidente Prudente;Área Consolidada;Analisado, aguardando atendimento a notificação;AT;5,2723
SP-3541406-AE8F26F5E5D04ABD999D783957FB4D38;SP;Presidente Prudente;Área Consolidada;Aguardando análise, após revisão ou atendimento da notificação;AT;0,7861
SP-3541406-AE8F26F5E5D04ABD999D783957FB4D38;SP;Presidente Prudente;Área Consolidada;Aguardando análise, após revisão ou atendimento da notificação;AT;0,5543
SP-3541406-AE8F26F5E5D04ABD999D783957FB4D38;SP;Presidente Prudente;Área Consolidada;Aguardando análise, após revisão ou atendimento da notificação;AT;0,4866
SP-3541406-AE8F26F5E5D04ABD999D783957FB4D38;SP;Presidente Prudente;Área Consolidada;Aguardando análise, após revisão ou atendimento da notificação;AT;1,5867
SP-3541406-AE8F26F5E5D04ABD999D783957FB4D38;SP;Presidente Prudente;Área Consolidada;Aguardando análise, após revisão ou atendimento da notificação;AT;0,9450
SP-3541406-AEA8789053F24E7790AA1D5F6945BD53;SP;Presidente Prudente;Área Consolidada;Aguardando análise;AT;4,7268
SP-3541406-AEC3772F64304289AA304B80FC19C0DE;SP;Presidente Prudente;Área Consolidada;Analisado, em conformidade com a Lei nº 12.651/2012;AT;18,9984
SP-3541406-AEE5CFB2EEED4C6B8AACEBD28537057F;SP;Presidente Prudente;Área Consolidada;Analisado, aguardando atendimento a notificação;AT;1,7700
SP-3541406-AF53A5B48CCC4891A5D438E9691F56D4;SP;Presidente Prudente;Área Consolidada;Analisado, em conformidade com a Lei nº 12.651/2012, com ativos ambientais;AT;9,9389
SP-3541406-AF7BD6040521481D83C126F5F7E193D1;SP;Presidente Prudente;Área Consolidada;Analisado, em conformidade com a Lei nº 12.651/2012;AT;4,8360
SP-3541406-AF8F4E7DCC16421E867E5AE1D22A0E8C;SP;Presidente Prudente;Área Consolidada;Analisado, aguardando regularização ambiental (Lei nº 12.651/2012);AT;17,6617
SP-3541406-AFE160397E1243D9A08748C9046B0A39;SP;Presidente Prudente;Área Consolidada;Analisado, aguardando regularização ambiental (Lei nº 12.651/2012);AT;13,1757
SP-3541406-AFEE4FD3F0054C14B05D5E72B490C816;SP;Presidente Prudente;Área Consolidada;Analisado, aguardando atendimento a notificação;AT;0,8184
SP-3541406-AFEE4FD3F0054C14B05D5E72B490C816;SP;Presidente Prudente;Área Consolidada;Analisado, aguardando atendimento a notificação;AT;0,4746
SP-3541406-AFF30399ADFB48168A65563959E1D3D3;SP;Presidente Prudente;Área Consolidada;Analisado, aguardando atendimento a notificação;AT;4,6041
SP-3541406-B04C4E67496A480D9ED07EFE87DEB81D;SP;Presidente Prudente;Área Consolidada;Aguardando análise;AT;7,0486
SP-3541406-B0B11763910C4B179CC39EF5BA8C3983;SP;Presidente Prudente;Área Consolidada;Analisado, aguardando regularização ambiental (Lei nº 12.651/2012);AT;14,9682
SP-3541406-B0E3CA21CD2448A9BE3896F090E98FAF;SP;Presidente Prudente;Área Consolidada;Analisado, aguardando atendimento a notificação;AT;1,2771
SP-3541406-B11F399992CF4BBFB37F92447C98D857;SP;Presidente Prudente;Área Consolidada;Analisado, em conformidade com a Lei nº 12.651/2012, com ativos ambientais;AT;5,8645
SP-3541406-B1E88D3BC9A14360BE27E0BA112F5666;SP;Presidente Prudente;Área Consolidada;Analisado, aguardando atendimento a notificação;AT;11,8094
SP-3541406-B1FD5DB54E8B4E4BA4AA8240E8BFF916;SP;Presidente Prudente;Área Consolidada;Analisado, aguardando regularização ambiental (Lei nº 12.651/2012);AT;2,6389
SP-3541406-B2233DB1AD534D1EB92769961BBB31A0;SP;Presidente Prudente;Área Consolidada;Analisado, em conformidade com a Lei nº 12.651/2012, com ativos ambientais;AT;3,7541
SP-3541406-B248E085369E47609316BBAB43C813EA;SP;Presidente Prudente;Área Consolidada;Analisado, aguardando regularização ambiental (Lei nº 12.651/2012);AT;6,7336
SP-3541406-B250560536704090A361CEC86FF5479F;SP;Presidente Prudente;Área Consolidada;Analisado, aguardando regularização ambiental (Lei nº 12.651/2012);AT;2,9009
SP-3541406-B277AA9334A14440B651115835361F3C;SP;Presidente Prudente;Área Consolidada;Aguardando análise;AT;1,1756
SP-3541406-B2887E792585453E83CA83EE9620F3DF;SP;Presidente Prudente;Área Consolidada;Analisado, em conformidade com a Lei nº 12.651/2012;AT;2,5423
SP-3541406-B2F3066FA1974B408CD306A9EC621521;SP;Presidente Prudente;Área Consolidada;Analisado, em conformidade com a Lei nº 12.651/2012, com ativos ambientais;AT;6,6202
SP-3541406-B310E84D10E34B5C9367CFC887C5F39F;SP;Presidente Prudente;Área Consolidada;Analisado, em conformidade com a Lei nº 12.651/2012;AT;2,4875
SP-3541406-B35850E2B96A418C9D5FD2F276CB93D6;SP;Presidente Prudente;Área Consolidada;Analisado, em conformidade com a Lei nº 12.651/2012;AT;7,5229
SP-3541406-B3E35A2491CF4D009CE9A22B64A7E33E;SP;Presidente Prudente;Área Consolidada;Analisado, em conformidade com a Lei nº 12.651/2012;AT;4,4389
SP-3541406-B43FD0C3E832469DB1CA8D4A64B7EA9E;SP;Presidente Prudente;Área Consolidada;Aguardando análise;AT;4,2253
SP-3541406-B49DE80E5FA7474F9C9E3FA5FD4C493B;SP;Presidente Prudente;Área Consolidada;Aguardando análise;AT;31,6908
SP-3541406-B4AD8500228A4EDF93ACA00552EB49D5;SP;Presidente Prudente;Área Consolidada;Analisado, em conformidade com a Lei nº 12.651/2012, com ativos ambientais;AT;11,3851
SP-3541406-B513505D28C44B2D9B022F6D377B6343;SP;Presidente Prudente;Área Consolidada;Analisado, aguardando atendimento a notificação;AT;12,0309
SP-3541406-B51B387637B540E19F35021DF6826703;SP;Presidente Prudente;Área Consolidada;Analisado, aguardando regularização ambiental (Lei nº 12.651/2012);AT;9,6106
SP-3541406-B52FFAFA6AD14CF9AFCE7F45373F2FAD;SP;Presidente Prudente;Área Consolidada;Analisado, em conformidade com a Lei nº 12.651/2012, com ativos ambientais;AT;3,7395
SP-3541406-B55BAE8877524D44891C89143795AC14;SP;Presidente Prudente;Área Consolidada;Aguardando análise;AT;3,6713
SP-3541406-B608B806A4B5494BA2EC3461DA212180;SP;Presidente Prudente;Área Consolidada;Analisado, em conformidade com a Lei nº 12.651/2012, com ativos ambientais;AT;12,2724
SP-3541406-B612A61D9E3244CBAE0AE5E67A3403CC;SP;Presidente Prudente;Área Consolidada;Analisado, aguardando atendimento a notificação;AT;2,1924
SP-3541406-B636CEC348E8499F85849925B64F6546;SP;Presidente Prudente;Área Consolidada;Analisado, em conformidade com a Lei nº 12.651/2012;AT;1,9947
SP-3541406-B674D25355E841E69B0F10777FD992A0;SP;Presidente Prudente;Área Consolidada;Analisado, em conformidade com a Lei nº 12.651/2012, com ativos ambientais;AT;1,5318
SP-3541406-B6D6C1978F5D43FAB05B71B29BED74F0;SP;Presidente Prudente;Área Consolidada;Analisado, em conformidade com a Lei nº 12.651/2012, com ativos ambientais;AT;2,4091
SP-3541406-B6FEF32D8B1849EF81618A9D33182AEC;SP;Presidente Prudente;Área Consolidada;Analisado, aguardando atendimento a notificação;AT;5,8169
SP-3541406-B73027C46CDE4091AAD99FECC46AA9ED;SP;Presidente Prudente;Área Consolidada;Analisado, em conformidade com a Lei nº 12.651/2012, com ativos ambientais;AT;34,4880
SP-3541406-B74EBFB22F12408B9CAD1109CDECB24C;SP;Presidente Prudente;Área Consolidada;Analisado, em conformidade com a Lei nº 12.651/2012, com ativos ambientais;AT;2,2420
SP-3541406-B76CA86BC452404FA8DE7387F4A54A62;SP;Presidente Prudente;Área Consolidada;Analisado, aguardando atendimento a notificação;AT;0,6595
SP-3541406-B7BB232F9BB64CE4ABB0A4927FC20F15;SP;Presidente Prudente;Área Consolidada;Analisado, em conformidade com a Lei nº 12.651/2012, com ativos ambientais;AT;2,3224
SP-3541406-B7D828D2DADA44B3AB9EDC8FE354F4B7;SP;Presidente Prudente;Área Consolidada;Analisado, em conformidade com a Lei nº 12.651/2012;AT;3,4779
SP-3541406-B814EC3AA6B341C9AC23565C9CDB84DC;SP;Presidente Prudente;Área Consolidada;Aguardando análise;AT;31,1809
SP-3541406-B8379D1FB38045FEB801C0F2DACA6C1C;SP;Presidente Prudente;Área Consolidada;Analisado, em conformidade com a Lei nº 12.651/2012;AT;9,1979
SP-3541406-B83C1DCF773C428BA586F7670BDA9242;SP;Presidente Prudente;Área Consolidada;Analisado, aguardando regularização ambiental (Lei nº 12.651/2012);AT;7,8693
SP-3541406-B858993C3B844344B8C4908CA47D7CEB;SP;Presidente Prudente;Área Consolidada;Aguardando análise, após revisão ou atendimento da notificação;AT;0,3335
SP-3541406-B858993C3B844344B8C4908CA47D7CEB;SP;Presidente Prudente;Área Consolidada;Aguardando análise, após revisão ou atendimento da notificação;AT;0,2353
SP-3541406-B858993C3B844344B8C4908CA47D7CEB;SP;Presidente Prudente;Área Consolidada;Aguardando análise, após revisão ou atendimento da notificação;AT;0,1052
SP-3541406-B85A3E0723A04E5BB4B84D688CB8704E;SP;Presidente Prudente;Área Consolidada;Analisado, aguardando atendimento a notificação;AT;42,6155
SP-3541406-B86E468FD9164A728D793842BE9919F9;SP;Presidente Prudente;Área Consolidada;Aguardando análise, após revisão ou atendimento da notificação;AT;4,9977
SP-3541406-B87F0FB715F5402EB597F7BC369FE6E6;SP;Presidente Prudente;Área Consolidada;Aguardando análise, após revisão ou atendimento da notificação;AT;0,1372
SP-3541406-B87F0FB715F5402EB597F7BC369FE6E6;SP;Presidente Prudente;Área Consolidada;Aguardando análise, após revisão ou atendimento da notificação;AT;0,0008
SP-3541406-B87F0FB715F5402EB597F7BC369FE6E6;SP;Presidente Prudente;Área Consolidada;Aguardando análise, após revisão ou atendimento da notificação;AT;0,2223
SP-3541406-B87F0FB715F5402EB597F7BC369FE6E6;SP;Presidente Prudente;Área Consolidada;Aguardando análise, após revisão ou atendimento da notificação;AT;0,2523
SP-3541406-B87F0FB715F5402EB597F7BC369FE6E6;SP;Presidente Prudente;Área Consolidada;Aguardando análise, após revisão ou atendimento da notificação;AT;0,0003
SP-3541406-B87F0FB715F5402EB597F7BC369FE6E6;SP;Presidente Prudente;Área Consolidada;Aguardando análise, após revisão ou atendimento da notificação;AT;0,0091
SP-3541406-B87F0FB715F5402EB597F7BC369FE6E6;SP;Presidente Prudente;Área Consolidada;Aguardando análise, após revisão ou atendimento da notificação;AT;0,0011
SP-3541406-B87F0FB715F5402EB597F7BC369FE6E6;SP;Presidente Prudente;Área Consolidada;Aguardando análise, após revisão ou atendimento da notificação;AT;0,0130
SP-3541406-B87F0FB715F5402EB597F7BC369FE6E6;SP;Presidente Prudente;Área Consolidada;Aguardando análise, após revisão ou atendimento da notificação;AT;0,0009
SP-3541406-B87F0FB715F5402EB597F7BC369FE6E6;SP;Presidente Prudente;Área Consolidada;Aguardando análise, após revisão ou atendimento da notificação;AT;0,0006
SP-3541406-B882D4C886B44CD5AB7FAEB35F95D4D8;SP;Presidente Prudente;Área Consolidada;Analisado, aguardando regularização ambiental (Lei nº 12.651/2012);AT;36,7436
SP-3541406-B8B4DFDBBCA947D3A94B23B2C42FDF7A;SP;Presidente Prudente;Área Consolidada;Analisado, em conformidade com a Lei nº 12.651/2012, com ativos ambientais;AT;11,0860
SP-3541406-B8CDE0BE95C544DC90156BE9A16382D8;SP;Presidente Prudente;Área Consolidada;Aguardando análise, após revisão ou atendimento da notificação;AT;9,8472
SP-3541406-B8E0A51BA9274F3C8D83C67870DC0CED;SP;Presidente Prudente;Área Consolidada;Analisado, aguardando regularização ambiental (Lei nº 12.651/2012);AT;45,6310
SP-3541406-B8E43268883D4A0781D956A4827147EB;SP;Presidente Prudente;Área Consolidada;Aguardando análise;AT;11,2215
SP-3541406-B8ED71718F834BC188BFEFE5369774E2;SP;Presidente Prudente;Área Consolidada;Analisado, aguardando atendimento a notificação;AT;9,1775
SP-3541406-B91A2FF78C7C4C7B9FCCB950BCCADC28;SP;Presidente Prudente;Área Consolidada;Analisado, aguardando regularização ambiental (Lei nº 12.651/2012);AT;4,0345
SP-3541406-B9321C0D48334F3CB450619A10BDC1E0;SP;Presidente Prudente;Área Consolidada;Analisado, aguardando atendimento a notificação;AT;13,0003
SP-3541406-B936FA1D36DE4A7EB836428598B875E8;SP;Presidente Prudente;Área Consolidada;Analisado, aguardando regularização ambiental (Lei nº 12.651/2012);AT;9,4217
SP-3541406-B958CF82829A41FFA266906E5077DDF8;SP;Presidente Prudente;Área Consolidada;Analisado, aguardando atendimento a notificação;AT;23,6691
SP-3541406-B95C74B9C055494AA220D821603FF711;SP;Presidente Prudente;Área Consolidada;Aguardando análise, após revisão ou atendimento da notificação;AT;215,5295
SP-3541406-B9946E260E564013ACAB1A826086F96B;SP;Presidente Prudente;Área Consolidada;Aguardando análise, após revisão ou atendimento da notificação;AT;0,4176
SP-3541406-B9B169EF265A488C91A38D2CD6FBC214;SP;Presidente Prudente;Área Consolidada;Analisado, aguardando atendimento a notificação;AT;0,6738
SP-3541406-B9B169EF265A488C91A38D2CD6FBC214;SP;Presidente Prudente;Área Consolidada;Analisado, aguardando atendimento a notificação;AT;0,1572
SP-3541406-B9B169EF265A488C91A38D2CD6FBC214;SP;Presidente Prudente;Área Consolidada;Analisado, aguardando atendimento a notificação;AT;3,6043
SP-3541406-B9B169EF265A488C91A38D2CD6FBC214;SP;Presidente Prudente;Área Consolidada;Analisado, aguardando atendimento a notificação;AT;0,0021
SP-3541406-B9C08B433DAD4206AE3800F401CB047E;SP;Presidente Prudente;Área Consolidada;Analisado, em conformidade com a Lei nº 12.651/2012;AT;4,8207
SP-3541406-B9CF8EFBB2204EB3B02CEC7A221BEBA7;SP;Presidente Prudente;Área Consolidada;Analisado, aguardando atendimento a notificação;AT;1,0109
SP-3541406-B9EB1E5A702B40D6B648A16AB4C1B88F;SP;Presidente Prudente;Área Consolidada;Aguardando análise;AT;99,5715
SP-3541406-BA247F3D6AEB49D68546C3F286B2880C;SP;Presidente Prudente;Área Consolidada;Analisado, aguardando atendimento a notificação;AT;2,0445
SP-3541406-BA4ACC6CF2BD4139B2748D5A2B3A75AA;SP;Presidente Prudente;Área Consolidada;Analisado, em conformidade com a Lei nº 12.651/2012;AT;1,7008
SP-3541406-BA70089699C14582A5DBA53EA2BF9CB7;SP;Presidente Prudente;Área Consolidada;Aguardando análise, após revisão ou atendimento da notificação;AT;9,6421
SP-3541406-BA8057E0471449FB8785809D5C67B3D5;SP;Presidente Prudente;Área Consolidada;Analisado, aguardando regularização ambiental (Lei nº 12.651/2012);AT;62,0099
SP-3541406-BAAC925B6BBA4A858D28136A9D30C575;SP;Presidente Prudente;Área Consolidada;Analisado, aguardando atendimento a notificação;AT;11,9930
SP-3541406-BACEE5703D594E5486B6678A92038D91;SP;Presidente Prudente;Área Consolidada;Analisado, aguardando atendimento a notificação;AT;0,0566
SP-3541406-BACEE5703D594E5486B6678A92038D91;SP;Presidente Prudente;Área Consolidada;Analisado, aguardando atendimento a notificação;AT;0,0584
SP-3541406-BACEE5703D594E5486B6678A92038D91;SP;Presidente Prudente;Área Consolidada;Analisado, aguardando atendimento a notificação;AT;0,5559
SP-3541406-BACEE5703D594E5486B6678A92038D91;SP;Presidente Prudente;Área Consolidada;Analisado, aguardando atendimento a notificação;AT;1,5027
SP-3541406-BB2AA55EC4014FC683F59C0E7BB7AEB0;SP;Presidente Prudente;Área Consolidada;Analisado, em conformidade com a Lei nº 12.651/2012, com ativos ambientais;AT;9,6995
SP-3541406-BB36D92A30824579951B26FF118F85A1;SP;Presidente Prudente;Área Consolidada;Analisado, em conformidade com a Lei nº 12.651/2012, com ativos ambientais;AT;51,6968
SP-3541406-BB4851A36B8F4B2E9AD7B9FDE9AD2E82;SP;Presidente Prudente;Área Consolidada;Analisado, em conformidade com a Lei nº 12.651/2012, com ativos ambientais;AT;1,6555
SP-3541406-BB763D6A581A45AF8C993D923AD6756F;SP;Presidente Prudente;Área Consolidada;Analisado, aguardando regularização ambiental (Lei nº 12.651/2012);AT;35,1477
SP-3541406-BBA70379FEC045D88007CF39DFADCFB5;SP;Presidente Prudente;Área Consolidada;Aguardando análise;AT;4,9770
SP-3541406-BCC42B41156842CDA27B71E2B48EE1E9;SP;Presidente Prudente;Área Consolidada;Analisado, em conformidade com a Lei nº 12.651/2012;AT;3,1243
SP-3541406-BD25310C0D9F40ACA91F20A996E8AE31;SP;Presidente Prudente;Área Consolidada;Analisado, em conformidade com a Lei nº 12.651/2012, com ativos ambientais;AT;12,2024
SP-3541406-BD2557FAE8C14BB996CD73FC351BE0BC;SP;Presidente Prudente;Área Consolidada;Analisado, aguardando regularização ambiental (Lei nº 12.651/2012);AT;23,0652
SP-3541406-BD3C5935C1964DF496FBE492AE9E1835;SP;Presidente Prudente;Área Consolidada;Analisado, em conformidade com a Lei nº 12.651/2012, com ativos ambientais;AT;9,1401
SP-3541406-BD9F03F01943427D80723C56ABCAD41E;SP;Presidente Prudente;Área Consolidada;Aguardando análise;AT;3,5638
SP-3541406-BDB063BFD073449C940F50E828601BC5;SP;Presidente Prudente;Área Consolidada;Analisado, em conformidade com a Lei nº 12.651/2012, com ativos ambientais;AT;7,6642
SP-3541406-BDC1902AEAAD4F5884AC981B837FCF71;SP;Presidente Prudente;Área Consolidada;Analisado, em conformidade com a Lei nº 12.651/2012;AT;2,3584
SP-3541406-BDF44A96D8CD452F8A37BA284030E404;SP;Presidente Prudente;Área Consolidada;Aguardando análise, após revisão ou atendimento da notificação;AT;0,5236
SP-3541406-BE022D34EA8C4921B4770B8B47453214;SP;Presidente Prudente;Área Consolidada;Analisado, em conformidade com a Lei nº 12.651/2012;AT;4,7003
SP-3541406-BE33A16142694DE7A8A142C2E6345B64;SP;Presidente Prudente;Área Consolidada;Aguardando análise;AT;81,3435
SP-3541406-BE3406E93BFA4851B0A52B26C5BAFF8B;SP;Presidente Prudente;Área Consolidada;Analisado, em conformidade com a Lei nº 12.651/2012, com ativos ambientais;AT;3,2227
SP-3541406-BE39ABEB5E07472B87C3C99925125605;SP;Presidente Prudente;Área Consolidada;Analisado, em conformidade com a Lei nº 12.651/2012, com ativos ambientais;AT;6,7602
SP-3541406-BE6FCF94512641889E8A580C0BC67172;SP;Presidente Prudente;Área Consolidada;Analisado, aguardando regularização ambiental (Lei nº 12.651/2012);AT;16,1261
SP-3541406-BF1914EA3B314A74B16BC871977A3EF9;SP;Presidente Prudente;Área Consolidada;Aguardando análise, após revisão ou atendimento da notificação;AT;4,3636
SP-3541406-BF1D4C9E43224EECB15465FCCC276B55;SP;Presidente Prudente;Área Consolidada;Aguardando análise;AT;13,1288
SP-3541406-BF52DA2DFA764F5C9EE530977320A1AA;SP;Presidente Prudente;Área Consolidada;Analisado, em conformidade com a Lei nº 12.651/2012, com ativos ambientais;AT;26,2367
SP-3541406-BFECDACE19AD4F5EA1D15401EBE64CDF;SP;Presidente Prudente;Área Consolidada;Aguardando análise;AT;5,4349
SP-3541406-C0165EA9CAC346238123E49669C15041;SP;Presidente Prudente;Área Consolidada;Analisado, em conformidade com a Lei nº 12.651/2012;AT;2,0202
SP-3541406-C027EBBD489049E18D2A23ECC102EDC9;SP;Presidente Prudente;Área Consolidada;Aguardando análise;AT;18,3068
SP-3541406-C032753591F14FE4818E56F58DE47DD3;SP;Presidente Prudente;Área Consolidada;Aguardando análise, após revisão ou atendimento da notificação;AT;0,0114
SP-3541406-C032753591F14FE4818E56F58DE47DD3;SP;Presidente Prudente;Área Consolidada;Aguardando análise, após revisão ou atendimento da notificação;AT;3,6214
SP-3541406-C032753591F14FE4818E56F58DE47DD3;SP;Presidente Prudente;Área Consolidada;Aguardando análise, após revisão ou atendimento da notificação;AT;0,0796
SP-3541406-C032753591F14FE4818E56F58DE47DD3;SP;Presidente Prudente;Área Consolidada;Aguardando análise, após revisão ou atendimento da notificação;AT;0,2699
SP-3541406-C032753591F14FE4818E56F58DE47DD3;SP;Presidente Prudente;Área Consolidada;Aguardando análise, após revisão ou atendimento da notificação;AT;0,0006
SP-3541406-C032753591F14FE4818E56F58DE47DD3;SP;Presidente Prudente;Área Consolidada;Aguardando análise, após revisão ou atendimento da notificação;AT;0,0019
SP-3541406-C032753591F14FE4818E56F58DE47DD3;SP;Presidente Prudente;Área Consolidada;Aguardando análise, após revisão ou atendimento da notificação;AT;0,7709
SP-3541406-C0383F0CBC504B48B3B2C55D748B1658;SP;Presidente Prudente;Área Consolidada;Analisado, aguardando atendimento a notificação;AT;0,1459
SP-3541406-C0828FD31A6E49C3B7D8422283282587;SP;Presidente Prudente;Área Consolidada;Analisado, aguardando atendimento a notificação;AT;1,4645
SP-3541406-C0828FD31A6E49C3B7D8422283282587;SP;Presidente Prudente;Área Consolidada;Analisado, aguardando atendimento a notificação;AT;0,6193
SP-3541406-C0828FD31A6E49C3B7D8422283282587;SP;Presidente Prudente;Área Consolidada;Analisado, aguardando atendimento a notificação;AT;2,2409
SP-3541406-C0828FD31A6E49C3B7D8422283282587;SP;Presidente Prudente;Área Consolidada;Analisado, aguardando atendimento a notificação;AT;0,9827
SP-3541406-C0828FD31A6E49C3B7D8422283282587;SP;Presidente Prudente;Área Consolidada;Analisado, aguardando atendimento a notificação;AT;3,2270
SP-3541406-C13C21E4BC944415AD80F95DD0FDBA9C;SP;Presidente Prudente;Área Consolidada;Aguardando análise;AT;2,1077
SP-3541406-C17D5EF84D1B4B63AEB3ADDC83B2D85E;SP;Presidente Prudente;Área Consolidada;Analisado, em conformidade com a Lei nº 12.651/2012;AT;3,3551
SP-3541406-C1A2F0D0A3044051917770E1DA623EAD;SP;Presidente Prudente;Área Consolidada;Aguardando análise, após revisão ou atendimento da notificação;AT;3,9498
SP-3541406-C1C0CB2F98EC4DB384DDBDE57209505D;SP;Presidente Prudente;Área Consolidada;Analisado, aguardando atendimento a notificação;AT;19,1990
SP-3541406-C1E6D03765DE4CAFAF696252240395DA;SP;Presidente Prudente;Área Consolidada;Analisado, em conformidade com a Lei nº 12.651/2012, com ativos ambientais;AT;3,8605
SP-3541406-C22C7AF59E5347229A2D3E0B2BCB2E1F;SP;Presidente Prudente;Área Consolidada;Analisado, em conformidade com a Lei nº 12.651/2012;AT;3,1374
SP-3541406-C34DA2A4D74F43E7B9EA6AE7532CF4E7;SP;Presidente Prudente;Área Consolidada;Analisado, em conformidade com a Lei nº 12.651/2012;AT;15,2485
SP-3541406-C3738278015342E0B06853B7F6BFD4EA;SP;Presidente Prudente;Área Consolidada;Analisado, em conformidade com a Lei nº 12.651/2012;AT;28,9292
SP-3541406-C3C904DCEAED4B479715170CBB8C595F;SP;Presidente Prudente;Área Consolidada;Aguardando análise;AT;38,3092
SP-3541406-C3E04A69A59E4450ABEFCD22D4A5B8A8;SP;Presidente Prudente;Área Consolidada;Analisado, em conformidade com a Lei nº 12.651/2012, com ativos ambientais;AT;8,8052
SP-3541406-C3E600412F6C48B492F72CB88DB81BCD;SP;Presidente Prudente;Área Consolidada;Analisado, em conformidade com a Lei nº 12.651/2012, com ativos ambientais;AT;15,0018
SP-3541406-C3EFBABAB1EB416893CE81C81B1B4C36;SP;Presidente Prudente;Área Consolidada;Aguardando análise;AT;75,2559
SP-3541406-C3F0A39608C84B12B72EBED3CB4C87F9;SP;Presidente Prudente;Área Consolidada;Aguardando análise;AT;0,5794
SP-3541406-C40823AD226148C6A97F9722E3307E50;SP;Presidente Prudente;Área Consolidada;Aguardando análise;AT;991,3328
SP-3541406-C42A5E5B5C8B44CFBBDF2C45AB9251CA;SP;Presidente Prudente;Área Consolidada;Analisado, aguardando regularização ambiental (Lei nº 12.651/2012);AT;39,7067
SP-3541406-C44AE4A9190942D28E693AC9C04370A8;SP;Presidente Prudente;Área Consolidada;Aguardando análise, após revisão ou atendimento da notificação;AT;13,2050
SP-3541406-C44D9D410EAC40E7ADD72AD0FF6914C0;SP;Presidente Prudente;Área Consolidada;Aguardando análise, após revisão ou atendimento da notificação;AT;0,3209
SP-3541406-C44D9D410EAC40E7ADD72AD0FF6914C0;SP;Presidente Prudente;Área Consolidada;Aguardando análise, após revisão ou atendimento da notificação;AT;1,4554
SP-3541406-C44D9D410EAC40E7ADD72AD0FF6914C0;SP;Presidente Prudente;Área Consolidada;Aguardando análise, após revisão ou atendimento da notificação;AT;0,4910
SP-3541406-C44D9D410EAC40E7ADD72AD0FF6914C0;SP;Presidente Prudente;Área Consolidada;Aguardando análise, após revisão ou atendimento da notificação;AT;0,0033
SP-3541406-C44D9D410EAC40E7ADD72AD0FF6914C0;SP;Presidente Prudente;Área Consolidada;Aguardando análise, após revisão ou atendimento da notificação;AT;0,1360
SP-3541406-C4CA6FB3B6BD4A8C9E700EDF52A6C78B;SP;Presidente Prudente;Área Consolidada;Analisado, aguardando regularização ambiental (Lei nº 12.651/2012);AT;3,1674
SP-3541406-C4DF5CE6B9E0497B9A38FC4C399BC235;SP;Presidente Prudente;Área Consolidada;Analisado, em conformidade com a Lei nº 12.651/2012, com ativos ambientais;AT;10,1006
SP-3541406-C4ED1BE600684CBB9750198E13FE4193;SP;Presidente Prudente;Área Consolidada;Aguardando análise, após revisão ou atendimento da notificação;AT;1,0928
SP-3541406-C4ED1BE600684CBB9750198E13FE4193;SP;Presidente Prudente;Área Consolidada;Aguardando análise, após revisão ou atendimento da notificação;AT;1,5435
SP-3541406-C4ED1BE600684CBB9750198E13FE4193;SP;Presidente Prudente;Área Consolidada;Aguardando análise, após revisão ou atendimento da notificação;AT;0,0030
SP-3541406-C4F9F1B7E94B4EE2B5C61D1067C41E04;SP;Presidente Prudente;Área Consolidada;Aguardando análise, após revisão ou atendimento da notificação;AT;0,4086
SP-3541406-C538B2BCD1E94326866A046D297BD802;SP;Presidente Prudente;Área Consolidada;Analisado, aguardando regularização ambiental (Lei nº 12.651/2012);AT;2,7016
SP-3541406-C5749C4387F44A06BF0395513F350A73;SP;Presidente Prudente;Área Consolidada;Analisado, aguardando atendimento a notificação;AT;1,9460
SP-3541406-C5811853C42842DCAE279DE6AED272B1;SP;Presidente Prudente;Área Consolidada;Analisado, em conformidade com a Lei nº 12.651/2012, com ativos ambientais;AT;2,6109
SP-3541406-C5A6AC39744D48B88D52921BEFBA981D;SP;Presidente Prudente;Área Consolidada;Aguardando análise;AT;2,3643
SP-3541406-C5E84EC77DFA47C483EC0559CAECABDC;SP;Presidente Prudente;Área Consolidada;Analisado, aguardando regularização ambiental (Lei nº 12.651/2012);AT;16,7891
SP-3541406-C61CE95684B743EFB5142810419BDE1C;SP;Presidente Prudente;Área Consolidada;Aguardando análise, após revisão ou atendimento da notificação;AT;0,0058
SP-3541406-C61CE95684B743EFB5142810419BDE1C;SP;Presidente Prudente;Área Consolidada;Aguardando análise, após revisão ou atendimento da notificação;AT;0,0076
SP-3541406-C61CE95684B743EFB5142810419BDE1C;SP;Presidente Prudente;Área Consolidada;Aguardando análise, após revisão ou atendimento da notificação;AT;0,0125
SP-3541406-C656A498027E4EFEBBADB9978F4014C7;SP;Presidente Prudente;Área Consolidada;Analisado, em conformidade com a Lei nº 12.651/2012;AT;0,4303
SP-3541406-C65CBE65DADB48F482FE4EA742503615;SP;Presidente Prudente;Área Consolidada;Analisado, aguardando regularização ambiental (Lei nº 12.651/2012);AT;8,9445
SP-3541406-C66714A4CA57481792DCC639B25653D5;SP;Presidente Prudente;Área Consolidada;Aguardando análise, após revisão ou atendimento da notificação;AT;4,4986
SP-3541406-C69B150751184B83AD08F8D290786716;SP;Presidente Prudente;Área Consolidada;Analisado, em conformidade com a Lei nº 12.651/2012, com ativos ambientais;AT;1,1013
SP-3541406-C6BC475E7917488786CE1BEF626FB1C8;SP;Presidente Prudente;Área Consolidada;Aguardando análise, após revisão ou atendimento da notificação;AT;43,0885
SP-3541406-C6E73F98A3044700BA62BABDAC1E25B6;SP;Presidente Prudente;Área Consolidada;Aguardando análise, após revisão ou atendimento da notificação;AT;0,1971
SP-3541406-C6E73F98A3044700BA62BABDAC1E25B6;SP;Presidente Prudente;Área Consolidada;Aguardando análise, após revisão ou atendimento da notificação;AT;0,3588
SP-3541406-C6E73F98A3044700BA62BABDAC1E25B6;SP;Presidente Prudente;Área Consolidada;Aguardando análise, após revisão ou atendimento da notificação;AT;0,3761
SP-3541406-C6E79C3201BB4902BBE36CC015BDA6EF;SP;Presidente Prudente;Área Consolidada;Analisado, aguardando regularização ambiental (Lei nº 12.651/2012);AT;10,1114
SP-3541406-C70AEC0C9D3E44BEAF6DFE230BFFC29C;SP;Presidente Prudente;Área Consolidada;Analisado, em conformidade com a Lei nº 12.651/2012, com ativos ambientais;AT;8,6714
SP-3541406-C732E0AE58D3434C9C6AB22A7CAE15D9;SP;Presidente Prudente;Área Consolidada;Aguardando análise;AT;20,7363
SP-3541406-C774F46FEAAD4F11948E955908DA1B26;SP;Presidente Prudente;Área Consolidada;Analisado, aguardando regularização ambiental (Lei nº 12.651/2012);AT;13,6224
SP-3541406-C7ADC762668B431CB375BD0DBFC95F11;SP;Presidente Prudente;Área Consolidada;Aguardando análise;AT;0,1933
SP-3541406-C7ADC762668B431CB375BD0DBFC95F11;SP;Presidente Prudente;Área Consolidada;Aguardando análise;AT;0,0788
SP-3541406-C80F81D0533A493AB6CA63D8ECD7B619;SP;Presidente Prudente;Área Consolidada;Analisado, em conformidade com a Lei nº 12.651/2012, com ativos ambientais;AT;2,1529
SP-3541406-C8233286EC0245748590794E663B28B6;SP;Presidente Prudente;Área Consolidada;Analisado, aguardando atendimento a notificação;AT;1,3871
SP-3541406-C848D33A1BE641EA9AA6F3EA239BF362;SP;Presidente Prudente;Área Consolidada;Aguardando análise, após revisão ou atendimento da notificação;AT;0,7749
SP-3541406-C848D33A1BE641EA9AA6F3EA239BF362;SP;Presidente Prudente;Área Consolidada;Aguardando análise, após revisão ou atendimento da notificação;AT;9,4860
SP-3541406-C85AD81D24F0443F8425AF2ECE2104D4;SP;Presidente Prudente;Área Consolidada;Aguardando análise;AT;9,7289
SP-3541406-C8B6578B5EF546B38461357A4C461B58;SP;Presidente Prudente;Área Consolidada;Analisado, aguardando atendimento a notificação;AT;9,6823
SP-3541406-C8E57F87DDD4452FA870F79BD2686DAC;SP;Presidente Prudente;Área Consolidada;Analisado, aguardando regularização ambiental (Lei nº 12.651/2012);AT;24,9079
SP-3541406-C91E8E6275954AE1922200682B5F1B8F;SP;Presidente Prudente;Área Consolidada;Aguardando análise;AT;4,5646
SP-3541406-C9418296A20C4920B61F7446CBEF0E8F;SP;Presidente Prudente;Área Consolidada;Aguardando análise;AT;3,8071
SP-3541406-C9418296A20C4920B61F7446CBEF0E8F;SP;Presidente Prudente;Área Consolidada;Aguardando análise;AT;1,3747
SP-3541406-C947599BF206427FAC4087E7E967F412;SP;Presidente Prudente;Área Consolidada;Aguardando análise, após revisão ou atendimento da notificação;AT;0,6099
SP-3541406-C947599BF206427FAC4087E7E967F412;SP;Presidente Prudente;Área Consolidada;Aguardando análise, após revisão ou atendimento da notificação;AT;0,0046
SP-3541406-C947599BF206427FAC4087E7E967F412;SP;Presidente Prudente;Área Consolidada;Aguardando análise, após revisão ou atendimento da notificação;AT;0,0802
SP-3541406-C947599BF206427FAC4087E7E967F412;SP;Presidente Prudente;Área Consolidada;Aguardando análise, após revisão ou atendimento da notificação;AT;0,3386
SP-3541406-C947599BF206427FAC4087E7E967F412;SP;Presidente Prudente;Área Consolidada;Aguardando análise, após revisão ou atendimento da notificação;AT;0,4652
SP-3541406-C947599BF206427FAC4087E7E967F412;SP;Presidente Prudente;Área Consolidada;Aguardando análise, após revisão ou atendimento da notificação;AT;0,0107
SP-3541406-C9CA7CA6180D407AB8FA7BA25C9C8F69;SP;Presidente Prudente;Área Consolidada;Analisado, aguardando atendimento a notificação;AT;1,9571
SP-3541406-C9CB74C0A58D4287B200B7BFD1C14BAE;SP;Presidente Prudente;Área Consolidada;Analisado, aguardando atendimento a notificação;AT;0,7119
SP-3541406-C9CB74C0A58D4287B200B7BFD1C14BAE;SP;Presidente Prudente;Área Consolidada;Analisado, aguardando atendimento a notificação;AT;0,4874
SP-3541406-C9D70A5346BF46239A8DA643945CE5F5;SP;Presidente Prudente;Área Consolidada;Aguardando análise, após revisão ou atendimento da notificação;AT;33,7993
SP-3541406-C9DE08D5DED14D1686D4CF799A004293;SP;Presidente Prudente;Área Consolidada;Analisado, em conformidade com a Lei nº 12.651/2012, com ativos ambientais;AT;4,0778
SP-3541406-C9E4D5C8D8C744AB9F7A5E487E73FD65;SP;Presidente Prudente;Área Consolidada;Analisado, em conformidade com a Lei nº 12.651/2012;AT;2,3041
SP-3541406-CA11BAD16FFC44D0ABA7B0C76382AA17;SP;Presidente Prudente;Área Consolidada;Aguardando análise;AT;11,6173
SP-3541406-CA6221ACB9A349FFA5DBA7F06C0D1898;SP;Presidente Prudente;Área Consolidada;Analisado, em conformidade com a Lei nº 12.651/2012, com ativos ambientais;AT;9,6556
SP-3541406-CB7B99F2BB7B45D085A8D2E249C71F5E;SP;Presidente Prudente;Área Consolidada;Analisado, aguardando atendimento a notificação;AT;1,1687
SP-3541406-CB8B36DAD7DA4C64A3089AAC5528778E;SP;Presidente Prudente;Área Consolidada;Analisado, em conformidade com a Lei nº 12.651/2012;AT;3,2517
SP-3541406-CB8B7C00FCEC4F248B6A37D819F984D1;SP;Presidente Prudente;Área Consolidada;Aguardando análise;AT;27,3244
SP-3541406-CB94C89F64004EF2B71301BD7097DAA8;SP;Presidente Prudente;Área Consolidada;Analisado, em conformidade com a Lei nº 12.651/2012;AT;0,7058
SP-3541406-CBA724BC07A14F8499C229E9C70B323A;SP;Presidente Prudente;Área Consolidada;Analisado, em conformidade com a Lei nº 12.651/2012, com ativos ambientais;AT;2,8623
SP-3541406-CBCC1DBF6D7E4B59806B71B1DC8F28BC;SP;Presidente Prudente;Área Consolidada;Analisado, em conformidade com a Lei nº 12.651/2012, com ativos ambientais;AT;20,7243
SP-3541406-CBD00D76D7FA4F5C9892DC2EEECC2112;SP;Presidente Prudente;Área Consolidada;Analisado, aguardando regularização ambiental (Lei nº 12.651/2012);AT;20,1335
SP-3541406-CC09A913B2AB4B9285DAE70418AC79A5;SP;Presidente Prudente;Área Consolidada;Analisado, aguardando atendimento a notificação;AT;0,3681
SP-3541406-CC618416AA4644B895FC05C9CCE08EA6;SP;Presidente Prudente;Área Consolidada;Analisado, em conformidade com a Lei nº 12.651/2012;AT;5,8826
SP-3541406-CCD0440C8F6B4F59AA1E0FE1F559042E;SP;Presidente Prudente;Área Consolidada;Analisado, aguardando atendimento a notificação;AT;11,7815
SP-3541406-CD0535ADDE934F2D89BD3FE073E9EC3A;SP;Presidente Prudente;Área Consolidada;Aguardando análise;AT;9,1810
SP-3541406-CD0DEFFC910745AE8BF443B4BF54B224;SP;Presidente Prudente;Área Consolidada;Aguardando análise;AT;0,4173
SP-3541406-CD127EBAAE6C45A8AC89D1B3F9DB2B0F;SP;Presidente Prudente;Área Consolidada;Analisado, em conformidade com a Lei nº 12.651/2012, com ativos ambientais;AT;1,2472
SP-3541406-CD18F0A71D01481AB6EC59335F955B7D;SP;Presidente Prudente;Área Consolidada;Em análise;AT;0,1358
SP-3541406-CD18F0A71D01481AB6EC59335F955B7D;SP;Presidente Prudente;Área Consolidada;Em análise;AT;0,1432
SP-3541406-CD18F0A71D01481AB6EC59335F955B7D;SP;Presidente Prudente;Área Consolidada;Em análise;AT;0,4375
SP-3541406-CD18F0A71D01481AB6EC59335F955B7D;SP;Presidente Prudente;Área Consolidada;Em análise;AT;0,6235
SP-3541406-CD18F0A71D01481AB6EC59335F955B7D;SP;Presidente Prudente;Área Consolidada;Em análise;AT;0,0017
SP-3541406-CD18F0A71D01481AB6EC59335F955B7D;SP;Presidente Prudente;Área Consolidada;Em análise;AT;0,0207
SP-3541406-CD18F0A71D01481AB6EC59335F955B7D;SP;Presidente Prudente;Área Consolidada;Em análise;AT;0,6441
SP-3541406-CD18F0A71D01481AB6EC59335F955B7D;SP;Presidente Prudente;Área Consolidada;Em análise;AT;0,0935
SP-3541406-CD38AFE98D524816A862C0764B68891F;SP;Presidente Prudente;Área Consolidada;Analisado, em conformidade com a Lei nº 12.651/2012, com ativos ambientais;AT;14,4243
SP-3541406-CD4C1DBB75DD43489C15CB42001AB478;SP;Presidente Prudente;Área Consolidada;Analisado, em conformidade com a Lei nº 12.651/2012;AT;3,1284
SP-3541406-CD620F1AF2484ED18F80D19E00BFAB90;SP;Presidente Prudente;Área Consolidada;Analisado, em conformidade com a Lei nº 12.651/2012;AT;3,4314
SP-3541406-CD8606B791F44CACA74B0A2D956D86CF;SP;Presidente Prudente;Área Consolidada;Aguardando análise, após revisão ou atendimento da notificação;AT;2,7480
SP-3541406-CDF9FB0B2D314680ACDCFDF424291F93;SP;Presidente Prudente;Área Consolidada;Aguardando análise;AT;140,1997
SP-3541406-CE5FC8FD95914CAE900826FC08AB1D04;SP;Presidente Prudente;Área Consolidada;Aguardando análise, após revisão ou atendimento da notificação;AT;1,0761
SP-3541406-CE68EBBC10684A029A7DC6CE7F9336E2;SP;Presidente Prudente;Área Consolidada;Analisado, aguardando regularização ambiental (Lei nº 12.651/2012);AT;1,7454
SP-3541406-CE7BBC3C71EB4442AE40B3574DA1B1C9;SP;Presidente Prudente;Área Consolidada;Analisado, aguardando atendimento a notificação;AT;22,6278
SP-3541406-CE7C574B93994B68A92BFD255478D87A;SP;Presidente Prudente;Área Consolidada;Analisado, aguardando atendimento a notificação;AT;3,1322
SP-3541406-CE7C574B93994B68A92BFD255478D87A;SP;Presidente Prudente;Área Consolidada;Analisado, aguardando atendimento a notificação;AT;0,0019
SP-3541406-CE7C574B93994B68A92BFD255478D87A;SP;Presidente Prudente;Área Consolidada;Analisado, aguardando atendimento a notificação;AT;0,0070
SP-3541406-CE7C574B93994B68A92BFD255478D87A;SP;Presidente Prudente;Área Consolidada;Analisado, aguardando atendimento a notificação;AT;0,7040
SP-3541406-CE7C574B93994B68A92BFD255478D87A;SP;Presidente Prudente;Área Consolidada;Analisado, aguardando atendimento a notificação;AT;0,0523
SP-3541406-CE7C574B93994B68A92BFD255478D87A;SP;Presidente Prudente;Área Consolidada;Analisado, aguardando atendimento a notificação;AT;0,0130
SP-3541406-CE7C574B93994B68A92BFD255478D87A;SP;Presidente Prudente;Área Consolidada;Analisado, aguardando atendimento a notificação;AT;0,0579
SP-3541406-CE7C574B93994B68A92BFD255478D87A;SP;Presidente Prudente;Área Consolidada;Analisado, aguardando atendimento a notificação;AT;0,0027
SP-3541406-CE7C574B93994B68A92BFD255478D87A;SP;Presidente Prudente;Área Consolidada;Analisado, aguardando atendimento a notificação;AT;0,0002
SP-3541406-CE859E67D2E74B83B927EA4387CCB1F7;SP;Presidente Prudente;Área Consolidada;Analisado, em conformidade com a Lei nº 12.651/2012, com ativos ambientais;AT;13,2576
SP-3541406-CE9AF054016147D5B8CAD7C7A40FC16A;SP;Presidente Prudente;Área Consolidada;Aguardando análise;AT;26,7912
SP-3541406-CEE148BF4454421A9F856986A072BC8B;SP;Presidente Prudente;Área Consolidada;Analisado, em conformidade com a Lei nº 12.651/2012;AT;5,8445
SP-3541406-CF428AC08A3645B0B5C159961DCD9F93;SP;Presidente Prudente;Área Consolidada;Aguardando análise;AT;0,5771
SP-3541406-CF6B25006FD64DC8AC626EE72CA0BFB2;SP;Presidente Prudente;Área Consolidada;Aguardando análise;AT;26,5428
SP-3541406-CF6BBCE7071A4AA48A4B766EA644244D;SP;Presidente Prudente;Área Consolidada;Analisado, em conformidade com a Lei nº 12.651/2012, com ativos ambientais;AT;2,2339
SP-3541406-CFA7755E59D141C1AA26DCD58DCF8EBD;SP;Presidente Prudente;Área Consolidada;Analisado, em conformidade com a Lei nº 12.651/2012;AT;6,2278
SP-3541406-CFA9F402383140E88C91430F52ABAD82;SP;Presidente Prudente;Área Consolidada;Analisado, aguardando regularização ambiental (Lei nº 12.651/2012);AT;39,8070
SP-3541406-D0083E95DA914A1F8E32B517E641D040;SP;Presidente Prudente;Área Consolidada;Analisado, em conformidade com a Lei nº 12.651/2012, com ativos ambientais;AT;0,8765
SP-3541406-D00A2B2C9BCB4957855D22C8376E7780;SP;Presidente Prudente;Área Consolidada;Aguardando análise, após revisão ou atendimento da notificação;AT;0,0574
SP-3541406-D00A2B2C9BCB4957855D22C8376E7780;SP;Presidente Prudente;Área Consolidada;Aguardando análise, após revisão ou atendimento da notificação;AT;0,1225
SP-3541406-D00A2B2C9BCB4957855D22C8376E7780;SP;Presidente Prudente;Área Consolidada;Aguardando análise, após revisão ou atendimento da notificação;AT;1,2527
SP-3541406-D00A2B2C9BCB4957855D22C8376E7780;SP;Presidente Prudente;Área Consolidada;Aguardando análise, após revisão ou atendimento da notificação;AT;0,1882
SP-3541406-D00A2B2C9BCB4957855D22C8376E7780;SP;Presidente Prudente;Área Consolidada;Aguardando análise, após revisão ou atendimento da notificação;AT;0,0168
SP-3541406-D00A2B2C9BCB4957855D22C8376E7780;SP;Presidente Prudente;Área Consolidada;Aguardando análise, após revisão ou atendimento da notificação;AT;0,2523
SP-3541406-D00A2B2C9BCB4957855D22C8376E7780;SP;Presidente Prudente;Área Consolidada;Aguardando análise, após revisão ou atendimento da notificação;AT;0,8527
SP-3541406-D00A2B2C9BCB4957855D22C8376E7780;SP;Presidente Prudente;Área Consolidada;Aguardando análise, após revisão ou atendimento da notificação;AT;0,0131
SP-3541406-D00A2B2C9BCB4957855D22C8376E7780;SP;Presidente Prudente;Área Consolidada;Aguardando análise, após revisão ou atendimento da notificação;AT;0,1113
SP-3541406-D00A2B2C9BCB4957855D22C8376E7780;SP;Presidente Prudente;Área Consolidada;Aguardando análise, após revisão ou atendimento da notificação;AT;0,2020
SP-3541406-D00A2B2C9BCB4957855D22C8376E7780;SP;Presidente Prudente;Área Consolidada;Aguardando análise, após revisão ou atendimento da notificação;AT;0,0320
SP-3541406-D00A2B2C9BCB4957855D22C8376E7780;SP;Presidente Prudente;Área Consolidada;Aguardando análise, após revisão ou atendimento da notificação;AT;3,4663
SP-3541406-D01955ADE6B448628EE1687A42BD6EBA;SP;Presidente Prudente;Área Consolidada;Aguardando análise;AT;6,7569
SP-3541406-D02375B8907E4A87A429F42A792FB96F;SP;Presidente Prudente;Área Consolidada;Analisado, em conformidade com a Lei nº 12.651/2012, com ativos ambientais;AT;4,9753
SP-3541406-D02739FB9C2A4B51B1ADB7D03B705CC4;SP;Presidente Prudente;Área Consolidada;Analisado, em conformidade com a Lei nº 12.651/2012, com ativos ambientais;AT;9,7775
SP-3541406-D03FF3FD80394E37B39588F6F636CBA3;SP;Presidente Prudente;Área Consolidada;Analisado, aguardando atendimento a notificação;AT;28,5449
SP-3541406-D0414187E2C6488FA5DE043F4FAAFB41;SP;Presidente Prudente;Área Consolidada;Analisado, em conformidade com a Lei nº 12.651/2012, com ativos ambientais;AT;8,0841
SP-3541406-D05F4183B14D4F2195AA44A9C1F2998C;SP;Presidente Prudente;Área Consolidada;Analisado, aguardando atendimento a notificação;AT;2,3692
SP-3541406-D06D480B64D24C009F116C45B9BDCEEA;SP;Presidente Prudente;Área Consolidada;Aguardando análise;AT;11,1961
SP-3541406-D0B1C6B6758447E48543279C4E528BD3;SP;Presidente Prudente;Área Consolidada;Analisado, em conformidade com a Lei nº 12.651/2012, com ativos ambientais;AT;6,7098
SP-3541406-D152565112B14F62B5EDA221FE703C13;SP;Presidente Prudente;Área Consolidada;Analisado, em conformidade com a Lei nº 12.651/2012;AT;17,2890
SP-3541406-D183144DF74343E1AEF012DA45DC48E7;SP;Presidente Prudente;Área Consolidada;Analisado, aguardando atendimento a notificação;AT;166,9324
SP-3541406-D1903AA77AAC4969B61F89457869E098;SP;Presidente Prudente;Área Consolidada;Analisado, em conformidade com a Lei nº 12.651/2012;AT;2,8287
SP-3541406-D1CE41268698428996FD11D65041126B;SP;Presidente Prudente;Área Consolidada;Analisado, em conformidade com a Lei nº 12.651/2012, com ativos ambientais;AT;6,0754
SP-3541406-D1E6FAF34C034A1EA1DD0756FAD7B36C;SP;Presidente Prudente;Área Consolidada;Analisado, aguardando regularização ambiental (Lei nº 12.651/2012);AT;25,9345
SP-3541406-D27481E3DF884F6FB2171E698AA40DEA;SP;Presidente Prudente;Área Consolidada;Analisado, em conformidade com a Lei nº 12.651/2012, com ativos ambientais;AT;2,0297
SP-3541406-D27CAA0B940840B186580A8EECB0FE7D;SP;Presidente Prudente;Área Consolidada;Aguardando análise, após revisão ou atendimento da notificação;AT;10,5832
SP-3541406-D2DB02EF2AEF4A17BA01F57FD214DB05;SP;Presidente Prudente;Área Consolidada;Analisado, em conformidade com a Lei nº 12.651/2012;AT;0,1342
SP-3541406-D33461E8AB0E4C51A1AA5014CD02A883;SP;Presidente Prudente;Área Consolidada;Analisado, em conformidade com a Lei nº 12.651/2012, com ativos ambientais;AT;5,3814
SP-3541406-D3601F534A564FADBD24268053EFD87A;SP;Presidente Prudente;Área Consolidada;Aguardando análise;AT;4,7396
SP-3541406-D39B7F96156440E2A636792BC39B1EEE;SP;Presidente Prudente;Área Consolidada;Analisado, em conformidade com a Lei nº 12.651/2012, com ativos ambientais;AT;50,4316
SP-3541406-D3ADA3A0B9AD445A8124C61501A85CC8;SP;Presidente Prudente;Área Consolidada;Aguardando análise, após revisão ou atendimento da notificação;AT;0,3441
SP-3541406-D3C8B04A9437485391F7DEC7A7C1A87E;SP;Presidente Prudente;Área Consolidada;Aguardando análise;AT;0,0509
SP-3541406-D3C8B04A9437485391F7DEC7A7C1A87E;SP;Presidente Prudente;Área Consolidada;Aguardando análise;AT;1,5139
SP-3541406-D3C8B04A9437485391F7DEC7A7C1A87E;SP;Presidente Prudente;Área Consolidada;Aguardando análise;AT;1,2329
SP-3541406-D3ECE08193B74FC391BAFCDCF132722E;SP;Presidente Prudente;Área Consolidada;Analisado, aguardando atendimento a notificação;AT;0,3097
SP-3541406-D3F82E143EF0449AB399ECB71B47BF5B;SP;Presidente Prudente;Área Consolidada;Analisado, em conformidade com a Lei nº 12.651/2012, com ativos ambientais;AT;6,1770
SP-3541406-D43027C4CC11477F9D0E53C4BFFBAE8A;SP;Presidente Prudente;Área Consolidada;Analisado, em conformidade com a Lei nº 12.651/2012;AT;13,3506
SP-3541406-D442C1B77FD44A389D73B65CDF8BA27A;SP;Presidente Prudente;Área Consolidada;Analisado, aguardando atendimento a notificação;AT;45,7683
SP-3541406-D47522FD0CAA4D36A175C55268DABD39;SP;Presidente Prudente;Área Consolidada;Aguardando análise, após revisão ou atendimento da notificação;AT;0,7337
SP-3541406-D47522FD0CAA4D36A175C55268DABD39;SP;Presidente Prudente;Área Consolidada;Aguardando análise, após revisão ou atendimento da notificação;AT;0,3853
SP-3541406-D47522FD0CAA4D36A175C55268DABD39;SP;Presidente Prudente;Área Consolidada;Aguardando análise, após revisão ou atendimento da notificação;AT;0,1285
SP-3541406-D47522FD0CAA4D36A175C55268DABD39;SP;Presidente Prudente;Área Consolidada;Aguardando análise, após revisão ou atendimento da notificação;AT;0,0013
SP-3541406-D48A5952D2294F48B39A19CBCC48E01E;SP;Presidente Prudente;Área Consolidada;Analisado, aguardando regularização ambiental (Lei nº 12.651/2012);AT;8,3303
SP-3541406-D49CB3B735AB4B1B8EBB0FD7A65DD683;SP;Presidente Prudente;Área Consolidada;Analisado, em conformidade com a Lei nº 12.651/2012, com ativos ambientais;AT;9,6331
SP-3541406-D4BBD6197B3B415F96B2EECBE81562BE;SP;Presidente Prudente;Área Consolidada;Analisado, aguardando regularização ambiental (Lei nº 12.651/2012);AT;24,1483
SP-3541406-D50FE52E309C4651A1D192B523C2BE71;SP;Presidente Prudente;Área Consolidada;Analisado, em conformidade com a Lei nº 12.651/2012, com ativos ambientais;AT;11,2288
SP-3541406-D511478CD40F441FB9C6AE159C44E43F;SP;Presidente Prudente;Área Consolidada;Analisado, em conformidade com a Lei nº 12.651/2012;AT;4,4806
SP-3541406-D514D8B1899D4F6DBC283E1B121C0F90;SP;Presidente Prudente;Área Consolidada;Analisado, aguardando regularização ambiental (Lei nº 12.651/2012);AT;2,0368
SP-3541406-D536825278994655BA68A12F7C57ABED;SP;Presidente Prudente;Área Consolidada;Analisado, em conformidade com a Lei nº 12.651/2012;AT;2,0002
SP-3541406-D552A0D91FDB4383A0B454C524DD2CA4;SP;Presidente Prudente;Área Consolidada;Analisado, aguardando regularização ambiental (Lei nº 12.651/2012);AT;49,6961
SP-3541406-D5534471861B47E088106B58420D8D9B;SP;Presidente Prudente;Área Consolidada;Aguardando análise;AT;57,6004
SP-3541406-D55BEBCC10984969A8B0C9A4D609ADF0;SP;Presidente Prudente;Área Consolidada;Analisado, aguardando atendimento a notificação;AT;0,8599
SP-3541406-D55BEBCC10984969A8B0C9A4D609ADF0;SP;Presidente Prudente;Área Consolidada;Analisado, aguardando atendimento a notificação;AT;0,4887
SP-3541406-D587E63FDA2E4C6AB7F035EA8CCD99D0;SP;Presidente Prudente;Área Consolidada;Aguardando análise;AT;7,8113
SP-3541406-D5ACAEB172ED4F2A916E2311CC06A5AA;SP;Presidente Prudente;Área Consolidada;Analisado, aguardando atendimento a notificação;AT;11,0231
SP-3541406-D5B48FAC5E5B4DD799CEA55A4916D9F5;SP;Presidente Prudente;Área Consolidada;Aguardando análise;AT;5,4779
SP-3541406-D600575D70F74DBCA776C80B822A4DC7;SP;Presidente Prudente;Área Consolidada;Aguardando análise;AT;81,3655
SP-3541406-D61115CC28DF4A0099BF13F7D5349DCB;SP;Presidente Prudente;Área Consolidada;Analisado, em conformidade com a Lei nº 12.651/2012;AT;5,8393
SP-3541406-D68627E0228B4A1F8111FEBE966E21A7;SP;Presidente Prudente;Área Consolidada;Analisado, aguardando atendimento a notificação;AT;46,8222
SP-3541406-D6A15A0465194FBA86387201D25CCCF0;SP;Presidente Prudente;Área Consolidada;Analisado, em conformidade com a Lei nº 12.651/2012;AT;14,0745
SP-3541406-D70B635550614B15B6B5B7D9ADEFC04D;SP;Presidente Prudente;Área Consolidada;Analisado, em conformidade com a Lei nº 12.651/2012, com ativos ambientais;AT;10,5805
SP-3541406-D73E7A70CA484EFF9C03B74E6BF10F9F;SP;Presidente Prudente;Área Consolidada;Aguardando análise, após revisão ou atendimento da notificação;AT;26,7195
SP-3541406-D761D80750B348CD95EB2D1BB6DF96E0;SP;Presidente Prudente;Área Consolidada;Aguardando análise;AT;2,9930
SP-3541406-D7A9E78C5640471FB30DBEBC8F8F0B5E;SP;Presidente Prudente;Área Consolidada;Aguardando análise;AT;8,7433
SP-3541406-D7C2B78B8E2C47A78906297F042C727E;SP;Presidente Prudente;Área Consolidada;Analisado, aguardando atendimento a notificação;AT;2,2286
SP-3541406-D7E284F6CD234DD68715B6C701D98C64;SP;Presidente Prudente;Área Consolidada;Aguardando análise;AT;9,9739
SP-3541406-D84920DA7D5D4BE4A792BBB0A4FB8734;SP;Presidente Prudente;Área Consolidada;Aguardando análise, após revisão ou atendimento da notificação;AT;13,4048
SP-3541406-D84921A08ACA4C9A883C6922C8B26F5C;SP;Presidente Prudente;Área Consolidada;Aguardando análise;AT;0,5305
SP-3541406-D84921A08ACA4C9A883C6922C8B26F5C;SP;Presidente Prudente;Área Consolidada;Aguardando análise;AT;0,0313
SP-3541406-D84921A08ACA4C9A883C6922C8B26F5C;SP;Presidente Prudente;Área Consolidada;Aguardando análise;AT;0,0257
SP-3541406-D84921A08ACA4C9A883C6922C8B26F5C;SP;Presidente Prudente;Área Consolidada;Aguardando análise;AT;0,5230
SP-3541406-D84921A08ACA4C9A883C6922C8B26F5C;SP;Presidente Prudente;Área Consolidada;Aguardando análise;AT;0,0043
SP-3541406-D84921A08ACA4C9A883C6922C8B26F5C;SP;Presidente Prudente;Área Consolidada;Aguardando análise;AT;0,3143
SP-3541406-D84921A08ACA4C9A883C6922C8B26F5C;SP;Presidente Prudente;Área Consolidada;Aguardando análise;AT;0,6445
SP-3541406-D889D73502904216BC3C5D3274B7F6A4;SP;Presidente Prudente;Área Consolidada;Analisado, em conformidade com a Lei nº 12.651/2012, com ativos ambientais;AT;16,2894
SP-3541406-D89392BF85BD41B6A57876C06DF2EE6C;SP;Presidente Prudente;Área Consolidada;Aguardando análise;AT;2,2894
SP-3541406-D8B2308895E7480DB1A52E3F185B18D1;SP;Presidente Prudente;Área Consolidada;Aguardando análise, após revisão ou atendimento da notificação;AT;1,5742
SP-3541406-D9134005B1B24782A40F751D789BA05F;SP;Presidente Prudente;Área Consolidada;Analisado, em conformidade com a Lei nº 12.651/2012, com ativos ambientais;AT;2,1659
SP-3541406-D956DF076027411EAAB43A496D8D948E;SP;Presidente Prudente;Área Consolidada;Analisado, em conformidade com a Lei nº 12.651/2012;AT;3,6427
SP-3541406-D95C784993274C2BB222D144046D2260;SP;Presidente Prudente;Área Consolidada;Analisado, aguardando regularização ambiental (Lei nº 12.651/2012);AT;19,3234
SP-3541406-D9A03ABAFE0A4268B96AFFE61FF0ECD8;SP;Presidente Prudente;Área Consolidada;Analisado, em conformidade com a Lei nº 12.651/2012;AT;5,8153
SP-3541406-D9AA3C99C73B404786C5CACFB25D1D5A;SP;Presidente Prudente;Área Consolidada;Analisado, aguardando atendimento a notificação;AT;1,9957
SP-3541406-D9C23338E727430EBDEFF577E6AFA589;SP;Presidente Prudente;Área Consolidada;Analisado, aguardando atendimento a notificação;AT;0,0008
SP-3541406-D9C23338E727430EBDEFF577E6AFA589;SP;Presidente Prudente;Área Consolidada;Analisado, aguardando atendimento a notificação;AT;0,0058
SP-3541406-D9F43861791D4A4C8423C313BA88D3F4;SP;Presidente Prudente;Área Consolidada;Aguardando análise;AT;3,7098
SP-3541406-DA6E3C7DC8534061BB45897D175FB7DB;SP;Presidente Prudente;Área Consolidada;Analisado, aguardando atendimento a notificação;AT;2,9899
SP-3541406-DA8BA33AFAD84D579E9A06FA1E2CA7DE;SP;Presidente Prudente;Área Consolidada;Aguardando análise;AT;7,7844
SP-3541406-DB271237BE614A1DA34B9CC73A0F90A8;SP;Presidente Prudente;Área Consolidada;Aguardando análise, após revisão ou atendimento da notificação;AT;0,5256
SP-3541406-DB7DC7326BE04476BEAFAB1140B10EB6;SP;Presidente Prudente;Área Consolidada;Analisado, aguardando atendimento a notificação;AT;5,0446
SP-3541406-DB7DC7326BE04476BEAFAB1140B10EB6;SP;Presidente Prudente;Área Consolidada;Analisado, aguardando atendimento a notificação;AT;4,1779
SP-3541406-DB7DC7326BE04476BEAFAB1140B10EB6;SP;Presidente Prudente;Área Consolidada;Analisado, aguardando atendimento a notificação;AT;2,9976
SP-3541406-DB7DC7326BE04476BEAFAB1140B10EB6;SP;Presidente Prudente;Área Consolidada;Analisado, aguardando atendimento a notificação;AT;0,9746
SP-3541406-DB7DC7326BE04476BEAFAB1140B10EB6;SP;Presidente Prudente;Área Consolidada;Analisado, aguardando atendimento a notificação;AT;0,3563
SP-3541406-DB7DC7326BE04476BEAFAB1140B10EB6;SP;Presidente Prudente;Área Consolidada;Analisado, aguardando atendimento a notificação;AT;0,0582
SP-3541406-DB7DC7326BE04476BEAFAB1140B10EB6;SP;Presidente Prudente;Área Consolidada;Analisado, aguardando atendimento a notificação;AT;0,0072
SP-3541406-DBFA894214CB47C4A61232C6CED7F379;SP;Presidente Prudente;Área Consolidada;Analisado, em conformidade com a Lei nº 12.651/2012;AT;3,5625
SP-3541406-DBFBD0C649D340F88BE1E21EA17FCCEA;SP;Presidente Prudente;Área Consolidada;Analisado, em conformidade com a Lei nº 12.651/2012, com ativos ambientais;AT;15,4015
SP-3541406-DC5237902F834A45BDB53AF3B4B77110;SP;Presidente Prudente;Área Consolidada;Aguardando análise;AT;7,9644
SP-3541406-DC9CC7FAF41948849EA8BF3A9809E59C;SP;Presidente Prudente;Área Consolidada;Aguardando análise, após revisão ou atendimento da notificação;AT;2,2332
SP-3541406-DC9CC7FAF41948849EA8BF3A9809E59C;SP;Presidente Prudente;Área Consolidada;Aguardando análise, após revisão ou atendimento da notificação;AT;0,0047
SP-3541406-DC9CC7FAF41948849EA8BF3A9809E59C;SP;Presidente Prudente;Área Consolidada;Aguardando análise, após revisão ou atendimento da notificação;AT;0,6523
SP-3541406-DC9CC7FAF41948849EA8BF3A9809E59C;SP;Presidente Prudente;Área Consolidada;Aguardando análise, após revisão ou atendimento da notificação;AT;2,7791
SP-3541406-DD3C42C800514E508DF60482AB924FA7;SP;Presidente Prudente;Área Consolidada;Analisado, em conformidade com a Lei nº 12.651/2012, com ativos ambientais;AT;12,0576
SP-3541406-DD3EF352427743E1AE26ED74E3CF1F3C;SP;Presidente Prudente;Área Consolidada;Aguardando análise, após revisão ou atendimento da notificação;AT;0,0022
SP-3541406-DD3EF352427743E1AE26ED74E3CF1F3C;SP;Presidente Prudente;Área Consolidada;Aguardando análise, após revisão ou atendimento da notificação;AT;2,4608
SP-3541406-DD44ABB10B2F463ABB1F9E77E5E47AA3;SP;Presidente Prudente;Área Consolidada;Analisado, aguardando regularização ambiental (Lei nº 12.651/2012);AT;2,7636
SP-3541406-DD678BE3F8EE47EA8223C3E9886E90ED;SP;Presidente Prudente;Área Consolidada;Aguardando análise;AT;83,5222
SP-3541406-DD6E6C081B4A43F38D0DE11A16DF833E;SP;Presidente Prudente;Área Consolidada;Analisado, aguardando atendimento a notificação;AT;11,5612
SP-3541406-DDF4C6DD1EB14F7AB070049DDF38A03F;SP;Presidente Prudente;Área Consolidada;Analisado, em conformidade com a Lei nº 12.651/2012, com ativos ambientais;AT;2,5939
SP-3541406-DE350A7F339C48E78FA4AC0E851B0643;SP;Presidente Prudente;Área Consolidada;Analisado, em conformidade com a Lei nº 12.651/2012, com ativos ambientais;AT;26,9734
SP-3541406-DE671503FFDB45D78CE398E5BD74C679;SP;Presidente Prudente;Área Consolidada;Analisado, em conformidade com a Lei nº 12.651/2012, com ativos ambientais;AT;2,2548
SP-3541406-DE6C4B96C8C54CD783C4DBBBDBDC0AFB;SP;Presidente Prudente;Área Consolidada;Analisado, aguardando regularização ambiental (Lei nº 12.651/2012);AT;5,3986
SP-3541406-DE78239A609F4B45ACB2DEFCA912631D;SP;Presidente Prudente;Área Consolidada;Analisado, em conformidade com a Lei nº 12.651/2012;AT;3,0610
SP-3541406-DE9D5A763BDE4E72831EE4B59B79B6DE;SP;Presidente Prudente;Área Consolidada;Aguardando análise;AT;8,7597
SP-3541406-DEB6A20604B74A448D4F3B47B014768F;SP;Presidente Prudente;Área Consolidada;Analisado, aguardando atendimento a notificação;AT;9,1061
SP-3541406-DEB7952D9B774A229CB7C1D51EAC37D1;SP;Presidente Prudente;Área Consolidada;Aguardando análise;AT;17,5300
SP-3541406-DED0AFCED6BB42EA8339401DE52E852A;SP;Presidente Prudente;Área Consolidada;Analisado, em conformidade com a Lei nº 12.651/2012, com ativos ambientais;AT;0,7009
SP-3541406-DF0C4872EB6742979814DF37ECE86AD9;SP;Presidente Prudente;Área Consolidada;Analisado, aguardando regularização ambiental (Lei nº 12.651/2012);AT;6,3383
SP-3541406-DF3278766DC647DFAC347FD6D19A06BA;SP;Presidente Prudente;Área Consolidada;Analisado, em conformidade com a Lei nº 12.651/2012;AT;3,4335
SP-3541406-DF3819D0B70A43C0870DF3AF18BD7EB4;SP;Presidente Prudente;Área Consolidada;Aguardando análise;AT;12,4042
SP-3541406-DF43BA4F4DBE4AC0B3EDE8893258F6FE;SP;Presidente Prudente;Área Consolidada;Analisado, aguardando atendimento a notificação;AT;41,2951
SP-3541406-DF47D79E21C04CD5B80FBFC5BE78426E;SP;Presidente Prudente;Área Consolidada;Analisado, aguardando regularização ambiental (Lei nº 12.651/2012);AT;9,6824
SP-3541406-DF979902152A4480962A23FA6F690E49;SP;Presidente Prudente;Área Consolidada;Analisado, em conformidade com a Lei nº 12.651/2012;AT;2,5015
SP-3541406-DFCD6DF62DD74A948ACCE6BE4FDFA21A;SP;Presidente Prudente;Área Consolidada;Aguardando análise;AT;0,2126
SP-3541406-DFD44613EFEB4C9BB4DDEF836B464420;SP;Presidente Prudente;Área Consolidada;Analisado, aguardando atendimento a notificação;AT;176,4258
SP-3541406-E0CEDE30E4E24E3CAEBB466B4944C4E1;SP;Presidente Prudente;Área Consolidada;Analisado, aguardando atendimento a notificação;AT;8,4685
SP-3541406-E0D2754DDC7349C2993C08ADF3B443FD;SP;Presidente Prudente;Área Consolidada;Analisado, aguardando atendimento a notificação;AT;0,2490
SP-3541406-E0D2754DDC7349C2993C08ADF3B443FD;SP;Presidente Prudente;Área Consolidada;Analisado, aguardando atendimento a notificação;AT;0,0287
SP-3541406-E0D2754DDC7349C2993C08ADF3B443FD;SP;Presidente Prudente;Área Consolidada;Analisado, aguardando atendimento a notificação;AT;0,0012
SP-3541406-E0D2754DDC7349C2993C08ADF3B443FD;SP;Presidente Prudente;Área Consolidada;Analisado, aguardando atendimento a notificação;AT;0,8171
SP-3541406-E0E8A90D0D0B42FEBF279EC765671A86;SP;Presidente Prudente;Área Consolidada;Aguardando análise;AT;0,2150
SP-3541406-E0EE88117DC94D83B798670EFE4965F1;SP;Presidente Prudente;Área Consolidada;Analisado, aguardando atendimento a notificação;AT;0,2482
SP-3541406-E13324DD6E9A456886BD99D128131B98;SP;Presidente Prudente;Área Consolidada;Aguardando análise;AT;0,0119
SP-3541406-E13324DD6E9A456886BD99D128131B98;SP;Presidente Prudente;Área Consolidada;Aguardando análise;AT;0,0008
SP-3541406-E13324DD6E9A456886BD99D128131B98;SP;Presidente Prudente;Área Consolidada;Aguardando análise;AT;0,0501
SP-3541406-E13324DD6E9A456886BD99D128131B98;SP;Presidente Prudente;Área Consolidada;Aguardando análise;AT;0,4224
SP-3541406-E13324DD6E9A456886BD99D128131B98;SP;Presidente Prudente;Área Consolidada;Aguardando análise;AT;0,0003
SP-3541406-E13324DD6E9A456886BD99D128131B98;SP;Presidente Prudente;Área Consolidada;Aguardando análise;AT;0,0001
SP-3541406-E13324DD6E9A456886BD99D128131B98;SP;Presidente Prudente;Área Consolidada;Aguardando análise;AT;0,0001
SP-3541406-E13324DD6E9A456886BD99D128131B98;SP;Presidente Prudente;Área Consolidada;Aguardando análise;AT;0,0003
SP-3541406-E13324DD6E9A456886BD99D128131B98;SP;Presidente Prudente;Área Consolidada;Aguardando análise;AT;0,0001
SP-3541406-E13324DD6E9A456886BD99D128131B98;SP;Presidente Prudente;Área Consolidada;Aguardando análise;AT;0,0002
SP-3541406-E13324DD6E9A456886BD99D128131B98;SP;Presidente Prudente;Área Consolidada;Aguardando análise;AT;0,0001
SP-3541406-E13324DD6E9A456886BD99D128131B98;SP;Presidente Prudente;Área Consolidada;Aguardando análise;AT;0,0005
SP-3541406-E13324DD6E9A456886BD99D128131B98;SP;Presidente Prudente;Área Consolidada;Aguardando análise;AT;0,0001
SP-3541406-E13324DD6E9A456886BD99D128131B98;SP;Presidente Prudente;Área Consolidada;Aguardando análise;AT;0,1747
SP-3541406-E13324DD6E9A456886BD99D128131B98;SP;Presidente Prudente;Área Consolidada;Aguardando análise;AT;0,0045
SP-3541406-E13324DD6E9A456886BD99D128131B98;SP;Presidente Prudente;Área Consolidada;Aguardando análise;AT;1,5858
SP-3541406-E13324DD6E9A456886BD99D128131B98;SP;Presidente Prudente;Área Consolidada;Aguardando análise;AT;0,0428
SP-3541406-E13324DD6E9A456886BD99D128131B98;SP;Presidente Prudente;Área Consolidada;Aguardando análise;AT;0,0000
SP-3541406-E13324DD6E9A456886BD99D128131B98;SP;Presidente Prudente;Área Consolidada;Aguardando análise;AT;0,0004
SP-3541406-E136A26EF03F4F418F2A969635055597;SP;Presidente Prudente;Área Consolidada;Analisado, aguardando atendimento a notificação;AT;4,0350
SP-3541406-E18074AF8894436EB571BD6B5B57A0D9;SP;Presidente Prudente;Área Consolidada;Aguardando análise;AT;3,1047
SP-3541406-E1BC748C35D84ABF93373D3446F199C4;SP;Presidente Prudente;Área Consolidada;Analisado, em conformidade com a Lei nº 12.651/2012;AT;7,3072
SP-3541406-E1F6C7B040AF4308B9D293A1F81B22D5;SP;Presidente Prudente;Área Consolidada;Analisado, em regularização ambiental (Lei nº 12.651/2012);AT;23,0441
SP-3541406-E22200B713954833B917DAD08FBEC307;SP;Presidente Prudente;Área Consolidada;Analisado, em conformidade com a Lei nº 12.651/2012, com ativos ambientais;AT;5,5839
SP-3541406-E23CB98139514FEFA05A8FD607140943;SP;Presidente Prudente;Área Consolidada;Aguardando análise, após revisão ou atendimento da notificação;AT;6,6550
SP-3541406-E24F15F7F18742098E59F4198C582F4D;SP;Presidente Prudente;Área Consolidada;Aguardando análise;AT;30,9624
SP-3541406-E255662F26D64DBC902179D6E7DA63C5;SP;Presidente Prudente;Área Consolidada;Aguardando análise, após revisão ou atendimento da notificação;AT;0,0559
SP-3541406-E255662F26D64DBC902179D6E7DA63C5;SP;Presidente Prudente;Área Consolidada;Aguardando análise, após revisão ou atendimento da notificação;AT;0,6168
SP-3541406-E255662F26D64DBC902179D6E7DA63C5;SP;Presidente Prudente;Área Consolidada;Aguardando análise, após revisão ou atendimento da notificação;AT;0,0303
SP-3541406-E255662F26D64DBC902179D6E7DA63C5;SP;Presidente Prudente;Área Consolidada;Aguardando análise, após revisão ou atendimento da notificação;AT;0,2281
SP-3541406-E255662F26D64DBC902179D6E7DA63C5;SP;Presidente Prudente;Área Consolidada;Aguardando análise, após revisão ou atendimento da notificação;AT;0,0002
SP-3541406-E2D44A915C664576A3C5B7832D4E27E3;SP;Presidente Prudente;Área Consolidada;Analisado, em conformidade com a Lei nº 12.651/2012, com ativos ambientais;AT;4,9556
SP-3541406-E2FF49CE09344C4182B3094614A96688;SP;Presidente Prudente;Área Consolidada;Analisado, aguardando regularização ambiental (Lei nº 12.651/2012);AT;20,4739
SP-3541406-E33A994D5D7D43B6B3F7704F028987AD;SP;Presidente Prudente;Área Consolidada;Analisado, aguardando atendimento a notificação;AT;3,3563
SP-3541406-E352AC4B33B844289C6FFDFC91D39CFB;SP;Presidente Prudente;Área Consolidada;Analisado, aguardando regularização ambiental (Lei nº 12.651/2012);AT;31,9371
SP-3541406-E35B808928D949778F28D1D32242B185;SP;Presidente Prudente;Área Consolidada;Analisado, em conformidade com a Lei nº 12.651/2012;AT;3,4996
SP-3541406-E3664D8B7EE0474A8D6023F880D85685;SP;Presidente Prudente;Área Consolidada;Analisado, em conformidade com a Lei nº 12.651/2012;AT;3,3349
SP-3541406-E395EA34DE284BA1AD02CFBF2EBA8964;SP;Presidente Prudente;Área Consolidada;Analisado, em conformidade com a Lei nº 12.651/2012, com ativos ambientais;AT;3,4183
SP-3541406-E3E083FF8B33466491DCF6B0F1036E9F;SP;Presidente Prudente;Área Consolidada;Analisado, aguardando atendimento a notificação;AT;0,0340
SP-3541406-E3E083FF8B33466491DCF6B0F1036E9F;SP;Presidente Prudente;Área Consolidada;Analisado, aguardando atendimento a notificação;AT;0,2419
SP-3541406-E3E083FF8B33466491DCF6B0F1036E9F;SP;Presidente Prudente;Área Consolidada;Analisado, aguardando atendimento a notificação;AT;0,0012
SP-3541406-E3E083FF8B33466491DCF6B0F1036E9F;SP;Presidente Prudente;Área Consolidada;Analisado, aguardando atendimento a notificação;AT;0,0147
SP-3541406-E3E083FF8B33466491DCF6B0F1036E9F;SP;Presidente Prudente;Área Consolidada;Analisado, aguardando atendimento a notificação;AT;0,2786
SP-3541406-E3E083FF8B33466491DCF6B0F1036E9F;SP;Presidente Prudente;Área Consolidada;Analisado, aguardando atendimento a notificação;AT;8,5329
SP-3541406-E3E083FF8B33466491DCF6B0F1036E9F;SP;Presidente Prudente;Área Consolidada;Analisado, aguardando atendimento a notificação;AT;0,0031
SP-3541406-E3E083FF8B33466491DCF6B0F1036E9F;SP;Presidente Prudente;Área Consolidada;Analisado, aguardando atendimento a notificação;AT;0,0005
SP-3541406-E3E083FF8B33466491DCF6B0F1036E9F;SP;Presidente Prudente;Área Consolidada;Analisado, aguardando atendimento a notificação;AT;0,0002
SP-3541406-E42131004F1F435FA94795B72AA865CB;SP;Presidente Prudente;Área Consolidada;Aguardando análise;AT;13,4044
SP-3541406-E432652E55B14BD19717211CB7F6BC03;SP;Presidente Prudente;Área Consolidada;Analisado, em conformidade com a Lei nº 12.651/2012;AT;5,1447
SP-3541406-E5265523BAB94A079DEC9F4D057DC830;SP;Presidente Prudente;Área Consolidada;Analisado, em conformidade com a Lei nº 12.651/2012, com ativos ambientais;AT;11,3788
SP-3541406-E533A4F1100D412A95D6AD89D3F12688;SP;Presidente Prudente;Área Consolidada;Aguardando análise;AT;1,7576
SP-3541406-E53618964E624E348645DEE455F3CBB0;SP;Presidente Prudente;Área Consolidada;Analisado, em conformidade com a Lei nº 12.651/2012, com ativos ambientais;AT;10,6126
SP-3541406-E54B077F7AD849A99EB5B1DCB3C5222E;SP;Presidente Prudente;Área Consolidada;Analisado, em conformidade com a Lei nº 12.651/2012, com ativos ambientais;AT;8,4405
SP-3541406-E5C27919A06744D69D6514A2803CA05F;SP;Presidente Prudente;Área Consolidada;Analisado, aguardando atendimento a notificação;AT;0,9069
SP-3541406-E6325F7B6C184775945D58A7573999B5;SP;Presidente Prudente;Área Consolidada;Aguardando análise;AT;4,1811
SP-3541406-E693B0BE1A3346698D9DE4A24F341530;SP;Presidente Prudente;Área Consolidada;Analisado, em conformidade com a Lei nº 12.651/2012, com ativos ambientais;AT;41,9530
SP-3541406-E6B15B7ED3804EAD9996D6230D84AE34;SP;Presidente Prudente;Área Consolidada;Analisado, aguardando atendimento a notificação;AT;134,0149
SP-3541406-E6D3FAA205EE4EF8BC3981FA7975F8D4;SP;Presidente Prudente;Área Consolidada;Analisado, em conformidade com a Lei nº 12.651/2012;AT;16,9807
SP-3541406-E6E8CB8248B247ADBAB921F6C1F071E9;SP;Presidente Prudente;Área Consolidada;Aguardando análise, após revisão ou atendimento da notificação;AT;11,5019
SP-3541406-E716FE6E9C6C4165AC91E79E448D59F2;SP;Presidente Prudente;Área Consolidada;Analisado, aguardando regularização ambiental (Lei nº 12.651/2012);AT;24,6941
SP-3541406-E7174187301E456BA02737B5235D731C;SP;Presidente Prudente;Área Consolidada;Aguardando análise;AT;2,8822
SP-3541406-E74751540CA3462CAB3D0FC4B006C165;SP;Presidente Prudente;Área Consolidada;Analisado, em conformidade com a Lei nº 12.651/2012, com ativos ambientais;AT;4,5985
SP-3541406-E7971F3DC86B41E28DA18EC9045DE885;SP;Presidente Prudente;Área Consolidada;Aguardando análise;AT;41,0933
SP-3541406-E8381A83C21842FC8555B25D0E0F3AC0;SP;Presidente Prudente;Área Consolidada;Analisado, em conformidade com a Lei nº 12.651/2012, com ativos ambientais;AT;1,9252
SP-3541406-E845316CD11E4806BE3A07DF90BBE609;SP;Presidente Prudente;Área Consolidada;Analisado, em conformidade com a Lei nº 12.651/2012;AT;14,3945
SP-3541406-E87B63D6C6224ADE9C2DE5B83A2E3C6E;SP;Presidente Prudente;Área Consolidada;Analisado, em conformidade com a Lei nº 12.651/2012;AT;6,1464
SP-3541406-E8A1AE5D66594AF1BC3B3351D7C8082F;SP;Presidente Prudente;Área Consolidada;Analisado, aguardando regularização ambiental (Lei nº 12.651/2012);AT;39,8212
SP-3541406-E8D021F5300C4C5692DE8E98ADC95C14;SP;Presidente Prudente;Área Consolidada;Aguardando análise;AT;2,3448
SP-3541406-E8FEF5C6D6F14B5C8E877F7820639068;SP;Presidente Prudente;Área Consolidada;Analisado, aguardando regularização ambiental (Lei nº 12.651/2012);AT;4,4230
SP-3541406-E93E09252825443CA8EF9622DB509446;SP;Presidente Prudente;Área Consolidada;Aguardando análise, após revisão ou atendimento da notificação;AT;1,9378
SP-3541406-E93E09252825443CA8EF9622DB509446;SP;Presidente Prudente;Área Consolidada;Aguardando análise, após revisão ou atendimento da notificação;AT;0,0373
SP-3541406-E952A20A1C084764A18AFA632AA1AAF0;SP;Presidente Prudente;Área Consolidada;Analisado, em conformidade com a Lei nº 12.651/2012, com ativos ambientais;AT;5,7234
SP-3541406-E96F39CB34244E2B932F359044F3322F;SP;Presidente Prudente;Área Consolidada;Aguardando análise;AT;30,7753
SP-3541406-E97BB0F6A2BB401783A5B221DFABEBF1;SP;Presidente Prudente;Área Consolidada;Analisado, aguardando regularização ambiental (Lei nº 12.651/2012);AT;2,4107
SP-3541406-E9C103FFCA9D45E48EB440B8E65C6C58;SP;Presidente Prudente;Área Consolidada;Analisado, em conformidade com a Lei nº 12.651/2012;AT;12,4918
SP-3541406-E9E3B1C39BE144D5B174F2381CF9BD9A;SP;Presidente Prudente;Área Consolidada;Analisado, em conformidade com a Lei nº 12.651/2012;AT;3,4094
SP-3541406-E9F35587A6D44842A04130D4D3A9D269;SP;Presidente Prudente;Área Consolidada;Analisado, em conformidade com a Lei nº 12.651/2012, com ativos ambientais;AT;0,8699
SP-3541406-E9FCC59E65C94DDCBAD164D02DBF07B8;SP;Presidente Prudente;Área Consolidada;Aguardando análise, após revisão ou atendimento da notificação;AT;6,2174
SP-3541406-EA0CDE3AC46B4E7FA4A4FF258D1B5A04;SP;Presidente Prudente;Área Consolidada;Analisado, aguardando regularização ambiental (Lei nº 12.651/2012);AT;8,7089
SP-3541406-EA715ECAAA9546CABC3691B9DE678193;SP;Presidente Prudente;Área Consolidada;Analisado, em conformidade com a Lei nº 12.651/2012;AT;1,9978
SP-3541406-EA7220F77D394C9F9DBA31C75C509B04;SP;Presidente Prudente;Área Consolidada;Analisado, em conformidade com a Lei nº 12.651/2012;AT;0,6844
SP-3541406-EA9D934C754045A79522D41E07A7D85F;SP;Presidente Prudente;Área Consolidada;Analisado, em conformidade com a Lei nº 12.651/2012, com ativos ambientais;AT;7,5836
SP-3541406-EABEBDA3549C43ECAF101BB4F58107C5;SP;Presidente Prudente;Área Consolidada;Analisado, em conformidade com a Lei nº 12.651/2012, com ativos ambientais;AT;10,9021
SP-3541406-EAE13B9FA0464EBAA3D51CE79B02170C;SP;Presidente Prudente;Área Consolidada;Aguardando análise, após revisão ou atendimento da notificação;AT;1,2860
SP-3541406-EB49999CF31844D0BCF7C5DFF3964BD0;SP;Presidente Prudente;Área Consolidada;Analisado, aguardando regularização ambiental (Lei nº 12.651/2012);AT;23,1658
SP-3541406-EC423F00A67046C0B8D3577EC6448393;SP;Presidente Prudente;Área Consolidada;Aguardando análise;AT;31,4219
SP-3541406-EC556E8310634F1FB3A69A3A3C159115;SP;Presidente Prudente;Área Consolidada;Analisado, em conformidade com a Lei nº 12.651/2012, com ativos ambientais;AT;6,1006
SP-3541406-ECF92731D9EB472CB4585AB6BFD9B025;SP;Presidente Prudente;Área Consolidada;Analisado, aguardando atendimento a notificação;AT;33,9517
SP-3541406-ED16C139D41A42E4AFAF5C69E5EC3DFE;SP;Presidente Prudente;Área Consolidada;Analisado, em conformidade com a Lei nº 12.651/2012;AT;2,3494
SP-3541406-ED4182C5686E44E4B7DDB5C0531352D3;SP;Presidente Prudente;Área Consolidada;Analisado, em conformidade com a Lei nº 12.651/2012, com ativos ambientais;AT;4,4041
SP-3541406-ED44EED92D3E4822AE05E2A58D8CA20D;SP;Presidente Prudente;Área Consolidada;Analisado, aguardando atendimento a notificação;AT;14,1238
SP-3541406-EDB701AFCC094C51ADF43CDBB67E46C8;SP;Presidente Prudente;Área Consolidada;Analisado, em conformidade com a Lei nº 12.651/2012;AT;2,4558
SP-3541406-EDB9DDD3D2A44DDEBE162542B69669E8;SP;Presidente Prudente;Área Consolidada;Analisado, aguardando regularização ambiental (Lei nº 12.651/2012);AT;11,2361
SP-3541406-EE1419689D8E4C2A899448561DB6DDEF;SP;Presidente Prudente;Área Consolidada;Analisado, em conformidade com a Lei nº 12.651/2012, com ativos ambientais;AT;17,0774
SP-3541406-EE1736763B384428B103589F2A7C677B;SP;Presidente Prudente;Área Consolidada;Analisado, aguardando regularização ambiental (Lei nº 12.651/2012);AT;38,6013
SP-3541406-EE2D7EE1B01E4420B6C92E6AAA596777;SP;Presidente Prudente;Área Consolidada;Analisado, em conformidade com a Lei nº 12.651/2012;AT;2,8819
SP-3541406-EE7ADC233EC1491DB1FEA91FE792529B;SP;Presidente Prudente;Área Consolidada;Analisado, em conformidade com a Lei nº 12.651/2012;AT;2,0724
SP-3541406-EEBA4CC0828C43A594B5F55A0C633D51;SP;Presidente Prudente;Área Consolidada;Aguardando análise;AT;0,2739
SP-3541406-EEBA4CC0828C43A594B5F55A0C633D51;SP;Presidente Prudente;Área Consolidada;Aguardando análise;AT;0,6440
SP-3541406-EEBA4CC0828C43A594B5F55A0C633D51;SP;Presidente Prudente;Área Consolidada;Aguardando análise;AT;6,5267
SP-3541406-EEBA4CC0828C43A594B5F55A0C633D51;SP;Presidente Prudente;Área Consolidada;Aguardando análise;AT;1,3398
SP-3541406-EEBA4CC0828C43A594B5F55A0C633D51;SP;Presidente Prudente;Área Consolidada;Aguardando análise;AT;0,0824
SP-3541406-EEBA4CC0828C43A594B5F55A0C633D51;SP;Presidente Prudente;Área Consolidada;Aguardando análise;AT;0,0001
SP-3541406-EEBA4CC0828C43A594B5F55A0C633D51;SP;Presidente Prudente;Área Consolidada;Aguardando análise;AT;0,0003
SP-3541406-EEBA4CC0828C43A594B5F55A0C633D51;SP;Presidente Prudente;Área Consolidada;Aguardando análise;AT;1,4553
SP-3541406-EEBA4CC0828C43A594B5F55A0C633D51;SP;Presidente Prudente;Área Consolidada;Aguardando análise;AT;0,7936
SP-3541406-EEBA4CC0828C43A594B5F55A0C633D51;SP;Presidente Prudente;Área Consolidada;Aguardando análise;AT;0,6252
SP-3541406-EEBB390F64204A569681BC98B9EC462F;SP;Presidente Prudente;Área Consolidada;Analisado, em conformidade com a Lei nº 12.651/2012;AT;4,0550
SP-3541406-EEDA10C1DD5C40C3A2FD52264DE49745;SP;Presidente Prudente;Área Consolidada;Aguardando análise, após revisão ou atendimento da notificação;AT;33,7548
SP-3541406-EEE0C8468D7B416BB003E625403CD676;SP;Presidente Prudente;Área Consolidada;Aguardando análise, após revisão ou atendimento da notificação;AT;3,6757
SP-3541406-EF4B597213E145F7B88B08DA5904F30D;SP;Presidente Prudente;Área Consolidada;Analisado, em conformidade com a Lei nº 12.651/2012, com ativos ambientais;AT;4,6175
SP-3541406-EF4C218B026040FCADB5A25A26D0D553;SP;Presidente Prudente;Área Consolidada;Analisado, em conformidade com a Lei nº 12.651/2012, com ativos ambientais;AT;4,3352
SP-3541406-EF5701D442A34F7E8BBB8046D36C0BA2;SP;Presidente Prudente;Área Consolidada;Aguardando análise;AT;14,6460
SP-3541406-EF7DC5BC16564FB687DC1DE3AE2168D7;SP;Presidente Prudente;Área Consolidada;Analisado, aguardando atendimento a notificação;AT;0,3079
SP-3541406-EF7DC5BC16564FB687DC1DE3AE2168D7;SP;Presidente Prudente;Área Consolidada;Analisado, aguardando atendimento a notificação;AT;0,8351
SP-3541406-EF7DC5BC16564FB687DC1DE3AE2168D7;SP;Presidente Prudente;Área Consolidada;Analisado, aguardando atendimento a notificação;AT;1,3315
SP-3541406-EF9C1ADCB1D047F5BFB61BEF42F75F55;SP;Presidente Prudente;Área Consolidada;Analisado, em conformidade com a Lei nº 12.651/2012, com ativos ambientais;AT;7,2788
SP-3541406-EFC82E5DAE5647E8A828CB7D05E72105;SP;Presidente Prudente;Área Consolidada;Analisado, aguardando regularização ambiental (Lei nº 12.651/2012);AT;22,3926
SP-3541406-EFF8B0B9A19F4CFA8D2DE4E5105E0DC9;SP;Presidente Prudente;Área Consolidada;Aguardando análise;AT;5,1877
SP-3541406-F03A6A7954264653BE2A90B57A795204;SP;Presidente Prudente;Área Consolidada;Analisado, aguardando regularização ambiental (Lei nº 12.651/2012);AT;164,3580
SP-3541406-F0550A1BD9BA48899E1013B2E0BBE82B;SP;Presidente Prudente;Área Consolidada;Analisado, em conformidade com a Lei nº 12.651/2012, com ativos ambientais;AT;1,5428
SP-3541406-F0719C5B7E2641B787AC1FE07E1DE514;SP;Presidente Prudente;Área Consolidada;Analisado, em conformidade com a Lei nº 12.651/2012;AT;2,0490
SP-3541406-F08E069A520A4471B7AF8AE71562D709;SP;Presidente Prudente;Área Consolidada;Analisado, aguardando atendimento a notificação;AT;3,1816
SP-3541406-F0D04DC29E2A433B97A3F4479D4184BD;SP;Presidente Prudente;Área Consolidada;Analisado, em conformidade com a Lei nº 12.651/2012, com ativos ambientais;AT;0,2384
SP-3541406-F0E4214DDD4A495094646B412BF8B3D1;SP;Presidente Prudente;Área Consolidada;Analisado, em conformidade com a Lei nº 12.651/2012, com ativos ambientais;AT;30,7671
SP-3541406-F118C02ECF4F40198722A4C7E1ACACD2;SP;Presidente Prudente;Área Consolidada;Aguardando análise;AT;10,9173
SP-3541406-F1496B194583479F92738C00EA41BC4E;SP;Presidente Prudente;Área Consolidada;Aguardando análise;AT;2,2120
SP-3541406-F16FCFAB60E546EDB44C6D13EC34B8D6;SP;Presidente Prudente;Área Consolidada;Aguardando análise, após revisão ou atendimento da notificação;AT;0,2098
SP-3541406-F16FCFAB60E546EDB44C6D13EC34B8D6;SP;Presidente Prudente;Área Consolidada;Aguardando análise, após revisão ou atendimento da notificação;AT;0,0730
SP-3541406-F16FCFAB60E546EDB44C6D13EC34B8D6;SP;Presidente Prudente;Área Consolidada;Aguardando análise, após revisão ou atendimento da notificação;AT;0,2075
SP-3541406-F16FCFAB60E546EDB44C6D13EC34B8D6;SP;Presidente Prudente;Área Consolidada;Aguardando análise, após revisão ou atendimento da notificação;AT;1,0246
SP-3541406-F16FCFAB60E546EDB44C6D13EC34B8D6;SP;Presidente Prudente;Área Consolidada;Aguardando análise, após revisão ou atendimento da notificação;AT;0,0001
SP-3541406-F16FCFAB60E546EDB44C6D13EC34B8D6;SP;Presidente Prudente;Área Consolidada;Aguardando análise, após revisão ou atendimento da notificação;AT;0,0003
SP-3541406-F184514087C44398ABC2FB6C0CDF8388;SP;Presidente Prudente;Área Consolidada;Aguardando análise;AT;20,9645
SP-3541406-F1AF08CD14934889B9743C1EBB22B89B;SP;Presidente Prudente;Área Consolidada;Aguardando análise;AT;24,5984
SP-3541406-F1DCF56BA4AC460988CCA07B77952630;SP;Presidente Prudente;Área Consolidada;Analisado, aguardando regularização ambiental (Lei nº 12.651/2012);AT;8,4581
SP-3541406-F202122D0736406C887F0B9CDA8A4D5C;SP;Presidente Prudente;Área Consolidada;Aguardando análise;AT;18,7828
SP-3541406-F2299CC1052345E9A6DC0524E4F838F4;SP;Presidente Prudente;Área Consolidada;Aguardando análise, após revisão ou atendimento da notificação;AT;0,7159
SP-3541406-F2299CC1052345E9A6DC0524E4F838F4;SP;Presidente Prudente;Área Consolidada;Aguardando análise, após revisão ou atendimento da notificação;AT;0,0017
SP-3541406-F26C3F9FEBCE483081C14EC9C52BFEFB;SP;Presidente Prudente;Área Consolidada;Aguardando análise;PE;25,1816
SP-3541406-F2FF2A7597F840E6A3C316E3B301CFDE;SP;Presidente Prudente;Área Consolidada;Analisado, em conformidade com a Lei nº 12.651/2012;AT;7,3797
SP-3541406-F30CDA6680064B8A9AEB7F7E270C0B92;SP;Presidente Prudente;Área Consolidada;Aguardando análise, após revisão ou atendimento da notificação;AT;0,5092
SP-3541406-F30CDA6680064B8A9AEB7F7E270C0B92;SP;Presidente Prudente;Área Consolidada;Aguardando análise, após revisão ou atendimento da notificação;AT;2,0692
SP-3541406-F30CDA6680064B8A9AEB7F7E270C0B92;SP;Presidente Prudente;Área Consolidada;Aguardando análise, após revisão ou atendimento da notificação;AT;0,1779
SP-3541406-F30CDA6680064B8A9AEB7F7E270C0B92;SP;Presidente Prudente;Área Consolidada;Aguardando análise, após revisão ou atendimento da notificação;AT;0,4633
SP-3541406-F30CDA6680064B8A9AEB7F7E270C0B92;SP;Presidente Prudente;Área Consolidada;Aguardando análise, após revisão ou atendimento da notificação;AT;0,1808
SP-3541406-F30CDA6680064B8A9AEB7F7E270C0B92;SP;Presidente Prudente;Área Consolidada;Aguardando análise, após revisão ou atendimento da notificação;AT;0,1816
SP-3541406-F3A4AEE65C8D4752B26CCE0E9707F6A4;SP;Presidente Prudente;Área Consolidada;Aguardando análise, após revisão ou atendimento da notificação;AT;0,3481
SP-3541406-F3B466CFA0A84D08B91216F2AF492BA6;SP;Presidente Prudente;Área Consolidada;Analisado, em conformidade com a Lei nº 12.651/2012;AT;2,9070
SP-3541406-F3BBCF44F04E4899A60AFB55FB0E4440;SP;Presidente Prudente;Área Consolidada;Analisado, em conformidade com a Lei nº 12.651/2012, com ativos ambientais;AT;10,6005
SP-3541406-F3DE599745624F0CB9677410D1B2E939;SP;Presidente Prudente;Área Consolidada;Aguardando análise;AT;0,0276
SP-3541406-F40384D1E1AA48BCB513B5A754A75070;SP;Presidente Prudente;Área Consolidada;Aguardando análise;AT;15,1095
SP-3541406-F408C2ECB25540C2AD8AF6C6A2B0018E;SP;Presidente Prudente;Área Consolidada;Aguardando análise, após revisão ou atendimento da notificação;AT;8,8776
SP-3541406-F41145578BE74E4BB1A4F612761CA231;SP;Presidente Prudente;Área Consolidada;Analisado, em conformidade com a Lei nº 12.651/2012;AT;2,4806
SP-3541406-F43C01B21AF64102B1DD1F8C0848C17C;SP;Presidente Prudente;Área Consolidada;Aguardando análise;AT;19,4566
SP-3541406-F43F8368754B49079BF41149C31CCDAC;SP;Presidente Prudente;Área Consolidada;Analisado, em conformidade com a Lei nº 12.651/2012, com ativos ambientais;AT;7,0152
SP-3541406-F44B133D703742A3A4B7A6D6E73E7044;SP;Presidente Prudente;Área Consolidada;Aguardando análise;AT;8,1709
SP-3541406-F467FD8D5951494E9C059BEEAF921771;SP;Presidente Prudente;Área Consolidada;Aguardando análise;AT;0,1017
SP-3541406-F497CB9A40E3459E875375ECDAEAFC6A;SP;Presidente Prudente;Área Consolidada;Aguardando análise;AT;3,4841
SP-3541406-F4AACC54ADF24CEF8AA6D21872508521;SP;Presidente Prudente;Área Consolidada;Analisado, aguardando atendimento a notificação;AT;0,0027
SP-3541406-F4AACC54ADF24CEF8AA6D21872508521;SP;Presidente Prudente;Área Consolidada;Analisado, aguardando atendimento a notificação;AT;0,1781
SP-3541406-F4CAA1670D2C472AAEC3A1D2C81EC6FE;SP;Presidente Prudente;Área Consolidada;Analisado, em conformidade com a Lei nº 12.651/2012;AT;16,5174
SP-3541406-F4D8922135FF4190B5D7712D653F241A;SP;Presidente Prudente;Área Consolidada;Analisado, em conformidade com a Lei nº 12.651/2012;AT;2,9894
SP-3541406-F502ECC630BA4336AAEA097300A748D4;SP;Presidente Prudente;Área Consolidada;Analisado, aguardando atendimento a notificação;AT;18,9805
SP-3541406-F508241558124A4A9C40D5CCF2EE2520;SP;Presidente Prudente;Área Consolidada;Analisado, em conformidade com a Lei nº 12.651/2012, com ativos ambientais;AT;28,0226
SP-3541406-F54B3418FF894199940180117C6DF73A;SP;Presidente Prudente;Área Consolidada;Aguardando análise;AT;23,7042
SP-3541406-F55B3F27F4B04EEE88230C1FCF2A1074;SP;Presidente Prudente;Área Consolidada;Analisado, em conformidade com a Lei nº 12.651/2012, com ativos ambientais;AT;8,1347
SP-3541406-F57B58516CE94C43810D0FA879EE0D23;SP;Presidente Prudente;Área Consolidada;Analisado, aguardando regularização ambiental (Lei nº 12.651/2012);AT;13,6908
SP-3541406-F58E5721AEDF42DF8FA53E1986712201;SP;Presidente Prudente;Área Consolidada;Analisado, em conformidade com a Lei nº 12.651/2012;AT;2,8401
SP-3541406-F5F6C7B78A374D4BB20111AE151189DC;SP;Presidente Prudente;Área Consolidada;Aguardando análise, após revisão ou atendimento da notificação;AT;0,3331
SP-3541406-F5F6C7B78A374D4BB20111AE151189DC;SP;Presidente Prudente;Área Consolidada;Aguardando análise, após revisão ou atendimento da notificação;AT;0,0014
SP-3541406-F5F6C7B78A374D4BB20111AE151189DC;SP;Presidente Prudente;Área Consolidada;Aguardando análise, após revisão ou atendimento da notificação;AT;0,2235
SP-3541406-F5F6C7B78A374D4BB20111AE151189DC;SP;Presidente Prudente;Área Consolidada;Aguardando análise, após revisão ou atendimento da notificação;AT;0,1315
SP-3541406-F5F91A840E0B4F4884A57903F4FB9B55;SP;Presidente Prudente;Área Consolidada;Analisado, aguardando atendimento a notificação;AT;19,3490
SP-3541406-F663ED43C9674946949F5B1FD645C98F;SP;Presidente Prudente;Área Consolidada;Analisado, em conformidade com a Lei nº 12.651/2012;AT;5,0382
SP-3541406-F6813D71D4334FA58FD81028E671F3A9;SP;Presidente Prudente;Área Consolidada;Analisado, aguardando regularização ambiental (Lei nº 12.651/2012);AT;28,1242
SP-3541406-F688844631EC418F89F087304D69D2E0;SP;Presidente Prudente;Área Consolidada;Aguardando análise;AT;5,4194
SP-3541406-F68FB8A36BB649A084369F747211E87C;SP;Presidente Prudente;Área Consolidada;Analisado, em conformidade com a Lei nº 12.651/2012, com ativos ambientais;AT;0,6488
SP-3541406-F6A4628400304035B650D5BD0E13A615;SP;Presidente Prudente;Área Consolidada;Analisado, em conformidade com a Lei nº 12.651/2012, com ativos ambientais;AT;3,8042
SP-3541406-F6F15A5202134FB0B8FCED884DB2C247;SP;Presidente Prudente;Área Consolidada;Analisado, aguardando atendimento a notificação;AT;0,0080
SP-3541406-F6F15A5202134FB0B8FCED884DB2C247;SP;Presidente Prudente;Área Consolidada;Analisado, aguardando atendimento a notificação;AT;0,0080
SP-3541406-F6F15A5202134FB0B8FCED884DB2C247;SP;Presidente Prudente;Área Consolidada;Analisado, aguardando atendimento a notificação;AT;2,1338
SP-3541406-F6F15A5202134FB0B8FCED884DB2C247;SP;Presidente Prudente;Área Consolidada;Analisado, aguardando atendimento a notificação;AT;0,0321
SP-3541406-F6F15A5202134FB0B8FCED884DB2C247;SP;Presidente Prudente;Área Consolidada;Analisado, aguardando atendimento a notificação;AT;3,5476
SP-3541406-F6F15A5202134FB0B8FCED884DB2C247;SP;Presidente Prudente;Área Consolidada;Analisado, aguardando atendimento a notificação;AT;0,0021
SP-3541406-F6F15A5202134FB0B8FCED884DB2C247;SP;Presidente Prudente;Área Consolidada;Analisado, aguardando atendimento a notificação;AT;3,5476
SP-3541406-F73D58CAAB4C4BFE98BC5150BCE3CFC1;SP;Presidente Prudente;Área Consolidada;Analisado, aguardando atendimento a notificação;AT;0,0954
SP-3541406-F73D58CAAB4C4BFE98BC5150BCE3CFC1;SP;Presidente Prudente;Área Consolidada;Analisado, aguardando atendimento a notificação;AT;0,0074
SP-3541406-F73D58CAAB4C4BFE98BC5150BCE3CFC1;SP;Presidente Prudente;Área Consolidada;Analisado, aguardando atendimento a notificação;AT;0,0927
SP-3541406-F781B58056A64E4B9D01EB569898CE27;SP;Presidente Prudente;Área Consolidada;Analisado, aguardando regularização ambiental (Lei nº 12.651/2012);AT;29,7206
SP-3541406-F78DA18B13BF4317A3E40705AAC8A45A;SP;Presidente Prudente;Área Consolidada;Aguardando análise, após revisão ou atendimento da notificação;AT;0,0021
SP-3541406-F78DA18B13BF4317A3E40705AAC8A45A;SP;Presidente Prudente;Área Consolidada;Aguardando análise, após revisão ou atendimento da notificação;AT;0,0259
SP-3541406-F78DA18B13BF4317A3E40705AAC8A45A;SP;Presidente Prudente;Área Consolidada;Aguardando análise, após revisão ou atendimento da notificação;AT;0,0047
SP-3541406-F78DA18B13BF4317A3E40705AAC8A45A;SP;Presidente Prudente;Área Consolidada;Aguardando análise, após revisão ou atendimento da notificação;AT;0,0015
SP-3541406-F78DA18B13BF4317A3E40705AAC8A45A;SP;Presidente Prudente;Área Consolidada;Aguardando análise, após revisão ou atendimento da notificação;AT;0,0237
SP-3541406-F78DA18B13BF4317A3E40705AAC8A45A;SP;Presidente Prudente;Área Consolidada;Aguardando análise, após revisão ou atendimento da notificação;AT;0,0403
SP-3541406-F78DA18B13BF4317A3E40705AAC8A45A;SP;Presidente Prudente;Área Consolidada;Aguardando análise, após revisão ou atendimento da notificação;AT;0,0036
SP-3541406-F78DA18B13BF4317A3E40705AAC8A45A;SP;Presidente Prudente;Área Consolidada;Aguardando análise, após revisão ou atendimento da notificação;AT;0,0001
SP-3541406-F7F9549ECAFF4CE7B40DABB0D6A83191;SP;Presidente Prudente;Área Consolidada;Analisado, em conformidade com a Lei nº 12.651/2012, com ativos ambientais;AT;21,8867
SP-3541406-F82056B54BEB49C0851E214C25C858ED;SP;Presidente Prudente;Área Consolidada;Analisado, em conformidade com a Lei nº 12.651/2012, com ativos ambientais;AT;11,7910
SP-3541406-F842614BB2214BD5B258FB4E23EB6E3F;SP;Presidente Prudente;Área Consolidada;Analisado, em conformidade com a Lei nº 12.651/2012;AT;3,5260
SP-3541406-F86A411FA1D04AF898893199E4EA1450;SP;Presidente Prudente;Área Consolidada;Analisado, em conformidade com a Lei nº 12.651/2012;AT;1,9990
SP-3541406-F876D9BB0887496F83FDC75BB1227318;SP;Presidente Prudente;Área Consolidada;Analisado, em conformidade com a Lei nº 12.651/2012, com ativos ambientais;AT;0,2133
SP-3541406-F87EF0F57BD242D7A232066ED95754C0;SP;Presidente Prudente;Área Consolidada;Analisado, aguardando atendimento a notificação;AT;0,3199
SP-3541406-F87EF0F57BD242D7A232066ED95754C0;SP;Presidente Prudente;Área Consolidada;Analisado, aguardando atendimento a notificação;AT;0,1882
SP-3541406-F87EF0F57BD242D7A232066ED95754C0;SP;Presidente Prudente;Área Consolidada;Analisado, aguardando atendimento a notificação;AT;0,1312
SP-3541406-F87EF0F57BD242D7A232066ED95754C0;SP;Presidente Prudente;Área Consolidada;Analisado, aguardando atendimento a notificação;AT;0,0726
SP-3541406-F87EF0F57BD242D7A232066ED95754C0;SP;Presidente Prudente;Área Consolidada;Analisado, aguardando atendimento a notificação;AT;0,0447
SP-3541406-F87EF0F57BD242D7A232066ED95754C0;SP;Presidente Prudente;Área Consolidada;Analisado, aguardando atendimento a notificação;AT;0,0265
SP-3541406-F880E8F81A664FDB91310E35AE7AE6B2;SP;Presidente Prudente;Área Consolidada;Analisado, em conformidade com a Lei nº 12.651/2012;AT;2,9134
SP-3541406-F8A64888CC2C427CAFD0070D421C6530;SP;Presidente Prudente;Área Consolidada;Analisado, em conformidade com a Lei nº 12.651/2012, com ativos ambientais;AT;8,8510
SP-3541406-F8B0160A282041E3BE6033A75513E857;SP;Presidente Prudente;Área Consolidada;Analisado, em conformidade com a Lei nº 12.651/2012;AT;5,8258
SP-3541406-F8B162E8736D4DC9932B6C9402CA5138;SP;Presidente Prudente;Área Consolidada;Aguardando análise, após revisão ou atendimento da notificação;AT;0,7621
SP-3541406-F8B162E8736D4DC9932B6C9402CA5138;SP;Presidente Prudente;Área Consolidada;Aguardando análise, após revisão ou atendimento da notificação;AT;0,8462
SP-3541406-F8CA466AD9BE4D728FA07838E5A6EB0A;SP;Presidente Prudente;Área Consolidada;Aguardando análise;AT;3,0077
SP-3541406-F8D83E3DDF8446E0ADD68E1876198CEA;SP;Presidente Prudente;Área Consolidada;Aguardando análise;AT;11,3252
SP-3541406-F90E911DBFA84DC58FE3F68002D49ED3;SP;Presidente Prudente;Área Consolidada;Aguardando análise;AT;3,0337
SP-3541406-F90FF0C844C648DAAAE7F101BA498540;SP;Presidente Prudente;Área Consolidada;Analisado, em conformidade com a Lei nº 12.651/2012;AT;1,9195
SP-3541406-F94F304524714C9BBC4487704FE0017F;SP;Presidente Prudente;Área Consolidada;Analisado, em conformidade com a Lei nº 12.651/2012;AT;2,1137
SP-3541406-F99D907EC8AC4A6C9E8DD8F37EC76DD8;SP;Presidente Prudente;Área Consolidada;Aguardando análise;AT;2,7789
SP-3541406-F9D2653621FF4C91AA90B6CE65B2F086;SP;Presidente Prudente;Área Consolidada;Aguardando análise, após revisão ou atendimento da notificação;AT;0,5279
SP-3541406-FA33140C85A84B9F8E3E76701CC4E98E;SP;Presidente Prudente;Área Consolidada;Analisado, aguardando atendimento a notificação;AT;22,6455
SP-3541406-FA48CF2B1A2B495A82847961E4CC46B4;SP;Presidente Prudente;Área Consolidada;Aguardando análise, após revisão ou atendimento da notificação;AT;4,4358
SP-3541406-FA646B5427A0488BBD14C2DB73794F14;SP;Presidente Prudente;Área Consolidada;Analisado, aguardando regularização ambiental (Lei nº 12.651/2012);AT;21,5871
SP-3541406-FAB05EFE8B4B41A1A1A2D9FED9B88748;SP;Presidente Prudente;Área Consolidada;Analisado, em conformidade com a Lei nº 12.651/2012, com ativos ambientais;AT;5,3645
SP-3541406-FACB09326C0A44A28DEC01CB8D440EEC;SP;Presidente Prudente;Área Consolidada;Aguardando análise, após revisão ou atendimento da notificação;AT;1,2414
SP-3541406-FACF73025C554507AAB4E1D7586B2489;SP;Presidente Prudente;Área Consolidada;Aguardando análise;AT;2,9307
SP-3541406-FB09F090AA45425183836B6C571136FA;SP;Presidente Prudente;Área Consolidada;Analisado, aguardando regularização ambiental (Lei nº 12.651/2012);AT;4,8324
SP-3541406-FB19A59A50F14171A354E472B9F33B88;SP;Presidente Prudente;Área Consolidada;Analisado, aguardando regularização ambiental (Lei nº 12.651/2012);AT;17,8972
SP-3541406-FB1CA611C8424EFDB0F5AA82455080EA;SP;Presidente Prudente;Área Consolidada;Analisado, aguardando atendimento a notificação;AT;0,0119
SP-3541406-FB1CA611C8424EFDB0F5AA82455080EA;SP;Presidente Prudente;Área Consolidada;Analisado, aguardando atendimento a notificação;AT;0,0084
SP-3541406-FB1CA611C8424EFDB0F5AA82455080EA;SP;Presidente Prudente;Área Consolidada;Analisado, aguardando atendimento a notificação;AT;0,0000
SP-3541406-FB1CA611C8424EFDB0F5AA82455080EA;SP;Presidente Prudente;Área Consolidada;Analisado, aguardando atendimento a notificação;AT;0,0164
SP-3541406-FB43782FBCB64392865A9290953FB025;SP;Presidente Prudente;Área Consolidada;Aguardando análise;AT;0,1197
SP-3541406-FB43782FBCB64392865A9290953FB025;SP;Presidente Prudente;Área Consolidada;Aguardando análise;AT;0,1463
SP-3541406-FB43782FBCB64392865A9290953FB025;SP;Presidente Prudente;Área Consolidada;Aguardando análise;AT;0,1283
SP-3541406-FBA9221953884CC9A3B2EE835CB06ABE;SP;Presidente Prudente;Área Consolidada;Analisado, em conformidade com a Lei nº 12.651/2012, com ativos ambientais;AT;1,0971
SP-3541406-FBC2BA76D5494738ABDA3EDA24EA458E;SP;Presidente Prudente;Área Consolidada;Analisado, em conformidade com a Lei nº 12.651/2012, com ativos ambientais;AT;3,7113
SP-3541406-FBD8352B8B2646F8B8E6F94CBB2D8DC1;SP;Presidente Prudente;Área Consolidada;Analisado, aguardando regularização ambiental (Lei nº 12.651/2012);AT;38,7972
SP-3541406-FBE629E73FB74543AB90FF3E50629537;SP;Presidente Prudente;Área Consolidada;Analisado, aguardando regularização ambiental (Lei nº 12.651/2012);AT;60,1872
SP-3541406-FBFF1DAF3C7E48BA8EDE5896DDCD89E8;SP;Presidente Prudente;Área Consolidada;Analisado, em conformidade com a Lei nº 12.651/2012;AT;4,8433
SP-3541406-FC097450BEC94BA2BC950B3D291DE49F;SP;Presidente Prudente;Área Consolidada;Aguardando análise, após revisão ou atendimento da notificação;AT;2,9128
SP-3541406-FC0C717191DD4CDDAAAF265644ED0748;SP;Presidente Prudente;Área Consolidada;Analisado, em conformidade com a Lei nº 12.651/2012, com ativos ambientais;AT;6,9325
SP-3541406-FC249C89C6BD4037B79B1FDAC8B16514;SP;Presidente Prudente;Área Consolidada;Aguardando análise, após revisão ou atendimento da notificação;AT;4,8305
SP-3541406-FC953A6C60614A2FA10A82BAF30EA069;SP;Presidente Prudente;Área Consolidada;Aguardando análise;AT;40,9616
SP-3541406-FD07A870B4284A59A0B011DA42B0395B;SP;Presidente Prudente;Área Consolidada;Analisado, em conformidade com a Lei nº 12.651/2012;AT;12,4051
SP-3541406-FD0E0085B5F8400DAD526F82750279DC;SP;Presidente Prudente;Área Consolidada;Analisado, em conformidade com a Lei nº 12.651/2012;AT;3,5298
SP-3541406-FD847D09BF4B40FB8D45755CE4C67DBD;SP;Presidente Prudente;Área Consolidada;Aguardando análise;AT;18,3582
SP-3541406-FD94D05BCDBD466E8C60260010532C56;SP;Presidente Prudente;Área Consolidada;Analisado, em conformidade com a Lei nº 12.651/2012, com ativos ambientais;AT;2,0228
SP-3541406-FDB949B58A9E44EA86991AF85E74ECCC;SP;Presidente Prudente;Área Consolidada;Analisado, aguardando atendimento a notificação;AT;0,6080
SP-3541406-FE900B3115704F0F917801785C45FE99;SP;Presidente Prudente;Área Consolidada;Analisado, em conformidade com a Lei nº 12.651/2012, com ativos ambientais;AT;3,3018
SP-3541406-FE97FFE83072405D9733021480081563;SP;Presidente Prudente;Área Consolidada;Aguardando análise;AT;23,1022
SP-3541406-FEDF873107A44641895ADF737552C47F;SP;Presidente Prudente;Área Consolidada;Aguardando análise;AT;2,8296
SP-3541406-FF25B513747C49D9B34C9DE0E226CDE4;SP;Presidente Prudente;Área Consolidada;Analisado, em conformidade com a Lei nº 12.651/2012, com ativos ambientais;AT;4,5293
SP-3541406-FF4379254DBC4FCEBC329545124B4599;SP;Presidente Prudente;Área Consolidada;Analisado, em conformidade com a Lei nº 12.651/2012;AT;7,2283
SP-3541406-FF72A62A4010457398F0961DBCED07C6;SP;Presidente Prudente;Área Consolidada;Analisado, aguardando regularização ambiental (Lei nº 12.651/2012);AT;9,8910
SP-3541406-FF9308A2CF5E4E3880E728F860F3618D;SP;Presidente Prudente;Área Consolidada;Aguardando análise;AT;4,7547
SP-3501301-ABF7A48AD9FE4B42955329E4207C8274;SP;Presidente Prudente;Área Consolidada;Analisado, em conformidade com a Lei nº 12.651/2012;AT;2,2992
SP-3541406-01153D6BC2E249E88E4CC963728D2A3F;SP;Presidente Prudente;Área Consolidada;Aguardando análise;AT;5,2073
SP-3541406-01995986E3794E1EB609D3A5A07145DD;SP;Presidente Prudente;Área Consolidada;Analisado, aguardando atendimento a notificação;AT;84,8784
SP-3541406-073856EF4B9443CCBF67874B46FC9423;SP;Presidente Prudente;Área Consolidada;Analisado, aguardando atendimento a notificação;AT;4,9796
SP-3541406-08749A89DB594728824A3C28CBBD998D;SP;Presidente Prudente;Área Consolidada;Aguardando análise;AT;18,2842
SP-3541406-08D99DBBB74D4105AF328C676EF0E704;SP;Presidente Prudente;Área Consolidada;Aguardando análise;AT;3,1492
SP-3541406-09BA85B94E0E4F44B4BB49AC1D3DF2B7;SP;Presidente Prudente;Área Consolidada;Analisado, em conformidade com a Lei nº 12.651/2012, com ativos ambientais;AT;6,5484
SP-3541406-0D38C88769174EC6BA04F5724E4FB6F3;SP;Presidente Prudente;Área Consolidada;Analisado, aguardando atendimento a notificação;AT;6,1839
SP-3541406-0FF7EBE19449477BAEBFF109E8D588F0;SP;Presidente Prudente;Área Consolidada;Analisado, em conformidade com a Lei nº 12.651/2012, com ativos ambientais;AT;6,3034
SP-3541406-109793F754584298BC678CC06EF0BEE8;SP;Presidente Prudente;Área Consolidada;Analisado, aguardando atendimento a notificação;AT;6,8819
SP-3541406-116528849C2F42DC98B1ED4A075A8DBF;SP;Presidente Prudente;Área Consolidada;Aguardando análise;AT;106,2706
SP-3541406-11C45D600A61431C9E2B88718D49A086;SP;Presidente Prudente;Área Consolidada;Analisado, em conformidade com a Lei nº 12.651/2012;AT;0,5191
SP-3541406-11E9DA6B4A364A3A8E0383D7EDECBB79;SP;Presidente Prudente;Área Consolidada;Aguardando análise;AT;11,0176
SP-3541406-1207C53DEDD44D6088C8301E86CD5639;SP;Presidente Prudente;Área Consolidada;Aguardando análise;AT;9,1199
SP-3541406-1309B64555DF49D3A4317B0894295E74;SP;Presidente Prudente;Área Consolidada;Aguardando análise;AT;23,7444
SP-3541406-1376619CC914419E9752DD11C59F41C0;SP;Presidente Prudente;Área Consolidada;Aguardando análise, após revisão ou atendimento da notificação;AT;4,7577
SP-3541406-1447DBBFC8934A2CA7DEA36EBA8A9A34;SP;Presidente Prudente;Área Consolidada;Analisado, aguardando regularização ambiental (Lei nº 12.651/2012);AT;30,0062
SP-3541406-1559F1BECC1340C58978CC47D203636E;SP;Presidente Prudente;Área Consolidada;Analisado, aguardando atendimento a notificação;AT;35,1818
SP-3541406-1691DC5FBBDC446C84CD63B29913AC09;SP;Presidente Prudente;Área Consolidada;Em análise;AT;533,6467
SP-3541406-176C4A40DEEE43DFAAD8EBE9E3319E12;SP;Presidente Prudente;Área Consolidada;Analisado, em conformidade com a Lei nº 12.651/2012;AT;2,4232
SP-3541406-17DD7D8FD1DA48E5BEC8009EB0DF80A2;SP;Presidente Prudente;Área Consolidada;Analisado, em conformidade com a Lei nº 12.651/2012;AT;12,8952
SP-3541406-182D1B1A63F5472B8C8B77CEFF024F35;SP;Presidente Prudente;Área Consolidada;Aguardando análise;AT;17,1701
SP-3541406-1877B6844B3C4EE594B783156DC3B0C2;SP;Presidente Prudente;Área Consolidada;Analisado, em conformidade com a Lei nº 12.651/2012;AT;3,4870
SP-3541406-194871CE1E58488C8D3AF7804DC81B70;SP;Presidente Prudente;Área Consolidada;Analisado, em conformidade com a Lei nº 12.651/2012, com ativos ambientais;AT;28,4834
SP-3541406-1AA19E140AB84DDDA25B116774D6E561;SP;Presidente Prudente;Área Consolidada;Analisado, em conformidade com a Lei nº 12.651/2012, com ativos ambientais;AT;8,0372
SP-3541406-1AF9BBE30C0A4D238405B3ACA40D67CA;SP;Presidente Prudente;Área Consolidada;Analisado, aguardando regularização ambiental (Lei nº 12.651/2012);AT;28,8672
SP-3541406-1F7F30F1CA69435BA3750FA4259F74B0;SP;Presidente Prudente;Área Consolidada;Analisado, aguardando atendimento a notificação;AT;12,7111
SP-3541406-2456B8E4E3634F7CBE94C7043D4F2AAD;SP;Presidente Prudente;Área Consolidada;Analisado, aguardando regularização ambiental (Lei nº 12.651/2012);AT;37,8461
SP-3541406-26B1C076C7FC4437AE9F43E5F0571CE5;SP;Presidente Prudente;Área Consolidada;Aguardando análise, após revisão ou atendimento da notificação;AT;18,7636
SP-3541406-28371536E33B4801AD5AB99C76D1EE1E;SP;Presidente Prudente;Área Consolidada;Analisado, aguardando atendimento a notificação;AT;10,4020
SP-3541406-294E60107DF94FEA83F7D17AF29A8540;SP;Presidente Prudente;Área Consolidada;Analisado, aguardando regularização ambiental (Lei nº 12.651/2012);AT;41,1840
SP-3541406-2984A2CC51CD4A328F0E5DA48CA1200D;SP;Presidente Prudente;Área Consolidada;Analisado, aguardando atendimento a notificação;AT;26,1540
SP-3541406-2D88BDD28E4F461481287B48022D5546;SP;Presidente Prudente;Área Consolidada;Analisado, aguardando atendimento a notificação;AT;15,8770
SP-3541406-2F9D96994F8146C59DB8D2C634294D6A;SP;Presidente Prudente;Área Consolidada;Analisado, em conformidade com a Lei nº 12.651/2012;AT;4,9514
SP-3541406-2FBB0CDC7E2F4A57BBF30A731EA46766;SP;Presidente Prudente;Área Consolidada;Aguardando análise, após revisão ou atendimento da notificação;AT;11,9969
SP-3541406-319F8091D86E4773A865EE503567AF90;SP;Presidente Prudente;Área Consolidada;Aguardando análise;AT;58,3537
SP-3541406-32C50C15F897400199E52DB38AC107EA;SP;Presidente Prudente;Área Consolidada;Em análise;AT;4,8193
SP-3541406-3447DBC63F984DD3B1F4F01676BE8669;SP;Presidente Prudente;Área Consolidada;Aguardando análise, após revisão ou atendimento da notificação;AT;3,8915
SP-3541406-372698C7BEF64ED381B0811E39B11478;SP;Presidente Prudente;Área Consolidada;Aguardando análise;AT;20,8748
SP-3541406-386375E378CB40C18E8ADB742FDA0ABB;SP;Presidente Prudente;Área Consolidada;Analisado, aguardando atendimento a notificação;AT;24,6005
SP-3541406-389D02A07315489885BF06C888626F86;SP;Presidente Prudente;Área Consolidada;Aguardando análise;AT;22,0761
SP-3541406-3B4CF72C39034AC58933AA1544A7260E;SP;Presidente Prudente;Área Consolidada;Aguardando análise;AT;21,7978
SP-3541406-3BF8477D6ABC4B3B82DD887D4C2DC18E;SP;Presidente Prudente;Área Consolidada;Analisado, aguardando regularização ambiental (Lei nº 12.651/2012);AT;24,9986
SP-3541406-3D23756BC1E24419B73AB1F45B7E3785;SP;Presidente Prudente;Área Consolidada;Analisado, aguardando atendimento a notificação;AT;16,9475
SP-3541406-3F94700FA9484D35BF2FCA285BC1B322;SP;Presidente Prudente;Área Consolidada;Aguardando análise;AT;15,5509
SP-3541406-40D8C68D93ED44CA9071773A36CB9980;SP;Presidente Prudente;Área Consolidada;Aguardando análise;AT;8,6497
SP-3541406-42CF1A627F004C38845417214A30CD30;SP;Presidente Prudente;Área Consolidada;Aguardando análise;AT;50,1505
SP-3541406-4403869F24434ACCA651AB9E3AE0B566;SP;Presidente Prudente;Área Consolidada;Analisado, em conformidade com a Lei nº 12.651/2012, com ativos ambientais;AT;19,3230
SP-3541406-44788888325F4D1EBBF4D681C2DB1944;SP;Presidente Prudente;Área Consolidada;Aguardando análise;AT;14,8895
SP-3541406-4926EC334F674C9693B1A5325EE948B5;SP;Presidente Prudente;Área Consolidada;Analisado, em conformidade com a Lei nº 12.651/2012;AT;1,9872
SP-3541406-4930F413FC8648BC927373669F2B88D9;SP;Presidente Prudente;Área Consolidada;Analisado, em conformidade com a Lei nº 12.651/2012;AT;4,7390
SP-3541406-4B014121EB2347B9A6D482C4C405A6FE;SP;Presidente Prudente;Área Consolidada;Aguardando análise;AT;3,8416
SP-3541406-4B53D004BAF94EDFA54BFA8CF0F6367B;SP;Presidente Prudente;Área Consolidada;Aguardando análise, após revisão ou atendimento da notificação;AT;3,6872
SP-3541406-4B6B6A4BBF74454A8367F39758B81930;SP;Presidente Prudente;Área Consolidada;Aguardando análise;AT;1,0636
SP-3541406-4B7D3CD4945146DF940966DA19D48992;SP;Presidente Prudente;Área Consolidada;Analisado, em conformidade com a Lei nº 12.651/2012, com ativos ambientais;AT;5,2236
SP-3541406-4C120ED1A1FF49548BF463E47D0572C5;SP;Presidente Prudente;Área Consolidada;Aguardando análise, após revisão ou atendimento da notificação;AT;835,9223
SP-3541406-4D78D45D374245279263113FF2BF9730;SP;Presidente Prudente;Área Consolidada;Analisado, aguardando atendimento a notificação;AT;2,6060
SP-3541406-4E2B8315DDFA465EB9F77E61C60DDBD1;SP;Presidente Prudente;Área Consolidada;Aguardando análise;AT;31,5937
SP-3541406-4FA4AB2661D64DB894ECF0DF9C718D32;SP;Presidente Prudente;Área Consolidada;Analisado, em conformidade com a Lei nº 12.651/2012, com ativos ambientais;AT;4,4885
SP-3541406-5089A365A5FC44BEA59BFC4A69604110;SP;Presidente Prudente;Área Consolidada;Analisado, em conformidade com a Lei nº 12.651/2012, com ativos ambientais;AT;23,0214
SP-3541406-50CE230EBAC74E8EAC83FE976E78D2C3;SP;Presidente Prudente;Área Consolidada;Analisado, aguardando atendimento a notificação;AT;7,1400
SP-3541406-516703FC128C489D820C4A58AFE88DC9;SP;Presidente Prudente;Área Consolidada;Aguardando análise;AT;2,0126
SP-3541406-51C97C224118448E912D74691D30CBFA;SP;Presidente Prudente;Área Consolidada;Aguardando análise, após revisão ou atendimento da notificação;AT;2,7217
SP-3541406-52F752BA2E5A4D9D8A8DA576CBC0DD02;SP;Presidente Prudente;Área Consolidada;Analisado, aguardando regularização ambiental (Lei nº 12.651/2012);AT;20,7577
SP-3541406-541E1575869646FBA161804E9E40EAC4;SP;Presidente Prudente;Área Consolidada;Analisado, aguardando atendimento a notificação;AT;2,3420
SP-3541406-5894B8B49AB2428C8F1EB81CB25813D1;SP;Presidente Prudente;Área Consolidada;Analisado, em conformidade com a Lei nº 12.651/2012;AT;11,2878
SP-3541406-5CC75E32D7094874B6A1C1259671C7C3;SP;Presidente Prudente;Área Consolidada;Aguardando análise;AT;4,1490
SP-3541406-609DE3BC01DE46E09675DD01D77C396D;SP;Presidente Prudente;Área Consolidada;Aguardando análise, após revisão ou atendimento da notificação;AT;10,8061
SP-3541406-6205ADC7374C4795910E41ACC2889318;SP;Presidente Prudente;Área Consolidada;Aguardando análise;AT;48,6236
SP-3541406-62BCC8E215184D10BB595D471894E377;SP;Presidente Prudente;Área Consolidada;Aguardando análise;AT;7,2048
SP-3541406-642005124DE84EEAA6B5A078BA04B169;SP;Presidente Prudente;Área Consolidada;Analisado, aguardando atendimento a notificação;AT;142,1627
SP-3541406-645DD37D145D49D59561F9E8ED75EF21;SP;Presidente Prudente;Área Consolidada;Analisado, aguardando atendimento a notificação;AT;1,7438
SP-3541406-65A54E5F37C4407A8D95679F349BCFAA;SP;Presidente Prudente;Área Consolidada;Aguardando análise;AT;4,0203
SP-3541406-6712F82AF51F4BAA9F6BA87891346A72;SP;Presidente Prudente;Área Consolidada;Aguardando análise;AT;17,7095
SP-3541406-6811EBF3648145C1955BB646DFC38E0E;SP;Presidente Prudente;Área Consolidada;Aguardando análise;AT;1,3388
SP-3541406-6C4AD1AD0DA845DAABE2890A009E9B17;SP;Presidente Prudente;Área Consolidada;Aguardando análise, após revisão ou atendimento da notificação;AT;2,7217
SP-3541406-6DF1691156FA4C759CDFA3877A74A28A;SP;Presidente Prudente;Área Consolidada;Analisado, aguardando atendimento a notificação;AT;13,9615
SP-3541406-6F0448C5A2234BFBA7B4E61F95C4B445;SP;Presidente Prudente;Área Consolidada;Aguardando análise, após revisão ou atendimento da notificação;AT;5,4020
SP-3541406-6FDDAB4B943B474AB6B07F5946986606;SP;Presidente Prudente;Área Consolidada;Analisado, em conformidade com a Lei nº 12.651/2012;AT;5,0750
SP-3541406-710A6180582A4572894368F8394BF9F8;SP;Presidente Prudente;Área Consolidada;Analisado, aguardando atendimento a notificação;AT;15,2873
SP-3541406-72DA0ECEB9724A84ADDF9FF5F2E31661;SP;Presidente Prudente;Área Consolidada;Analisado, em conformidade com a Lei nº 12.651/2012, com ativos ambientais;AT;17,5242
SP-3541406-734112BB3F154305BC5546EEEABD8E90;SP;Presidente Prudente;Área Consolidada;Aguardando análise;PE;13,1607
SP-3541406-73588A9E8D7848109BB532A3C07F0E40;SP;Presidente Prudente;Área Consolidada;Analisado, em conformidade com a Lei nº 12.651/2012, com ativos ambientais;AT;13,1027
SP-3541406-7402C5F13C8B4B28863C9C61271D746D;SP;Presidente Prudente;Área Consolidada;Analisado, aguardando atendimento a notificação;AT;37,7213
SP-3541406-74907A9EA2FF476D80B9C10B96AC3D04;SP;Presidente Prudente;Área Consolidada;Analisado, aguardando atendimento a notificação;AT;18,1883
SP-3541406-767463A4C9C64F00878979C46758CFCA;SP;Presidente Prudente;Área Consolidada;Analisado, aguardando atendimento a notificação;AT;2,8112
SP-3541406-788E7EC6F19F4044B88FB607AD2A1F73;SP;Presidente Prudente;Área Consolidada;Analisado, aguardando regularização ambiental (Lei nº 12.651/2012);AT;82,3966
SP-3541406-7B8B3C6CBE894D5096ED1E15A71C6045;SP;Presidente Prudente;Área Consolidada;Analisado, aguardando regularização ambiental (Lei nº 12.651/2012);AT;45,4005
SP-3541406-7E8112EAE7194C53B6BA43A45015D838;SP;Presidente Prudente;Área Consolidada;Aguardando análise, após revisão ou atendimento da notificação;AT;445,1031
SP-3541406-7EEA5F5D2FD642EEBE6CBBC93059B2A1;SP;Presidente Prudente;Área Consolidada;Analisado, em conformidade com a Lei nº 12.651/2012;AT;2,7046
SP-3541406-80A141BB862C484FA5242A6A69B667F6;SP;Presidente Prudente;Área Consolidada;Analisado, em conformidade com a Lei nº 12.651/2012, com ativos ambientais;AT;22,8411
SP-3541406-81371C2CE5F94E4AB81F9483970B3F2E;SP;Presidente Prudente;Área Consolidada;Analisado, em conformidade com a Lei nº 12.651/2012, com ativos ambientais;AT;16,1098
SP-3541406-8486DF4EDB77495FB9B2463543DF97D7;SP;Presidente Prudente;Área Consolidada;Aguardando análise, após revisão ou atendimento da notificação;AT;90,1654
SP-3541406-84DA62387C1E4049BF3B59D02F88C905;SP;Presidente Prudente;Área Consolidada;Analisado, em conformidade com a Lei nº 12.651/2012, com ativos ambientais;AT;9,0970
SP-3541406-86CADBF821F241BAAE12114CD91DDB5B;SP;Presidente Prudente;Área Consolidada;Aguardando análise;AT;3,6001
SP-3541406-88965ABA535D483F90389B2B1BC5EF00;SP;Presidente Prudente;Área Consolidada;Aguardando análise;AT;58,1792
SP-3541406-895B74CE1DFC43C8BE5816D6090D1FA1;SP;Presidente Prudente;Área Consolidada;Analisado, aguardando atendimento a notificação;AT;3,2107
SP-3541406-89F96C1155B2471A9A1EF8AD591E9B8A;SP;Presidente Prudente;Área Consolidada;Aguardando análise;AT;2104,7125
SP-3541406-8A18D28E11664A7393B28D7E978177D3;SP;Presidente Prudente;Área Consolidada;Aguardando análise;AT;72,8133
SP-3541406-8BFE4F76CC714FE5A2A61D625FCCD880;SP;Presidente Prudente;Área Consolidada;Aguardando análise;AT;31,7301
SP-3541406-8E828F1538414BF0AD7AE32BE9D4C770;SP;Presidente Prudente;Área Consolidada;Analisado, em conformidade com a Lei nº 12.651/2012;AT;3,7811
SP-3541406-9225FD0E21F4498D8C5126AC1D5E9D20;SP;Presidente Prudente;Área Consolidada;Aguardando análise;AT;6,2452
SP-3541406-93523F738CBB4CFC894211E23E63FC2C;SP;Presidente Prudente;Área Consolidada;Aguardando análise;AT;11,8232
SP-3541406-95A2D5BDA50E4606A6C58A9EC9405235;SP;Presidente Prudente;Área Consolidada;Aguardando análise, após revisão ou atendimento da notificação;AT;2,3263
SP-3541406-96B62E42C9E849E5ADCEF816A5D9C862;SP;Presidente Prudente;Área Consolidada;Analisado, em conformidade com a Lei nº 12.651/2012, com ativos ambientais;AT;8,3504
SP-3541406-98D94C7596E34BC1A29AE7CEA7056DFA;SP;Presidente Prudente;Área Consolidada;Aguardando análise;AT;2,4219
SP-3541406-9952A8C242C243F4A9D0805401EC7F93;SP;Presidente Prudente;Área Consolidada;Analisado, aguardando atendimento a notificação;AT;3,5835
SP-3541406-9D851895C0F4431A9EF245C4A8566C7C;SP;Presidente Prudente;Área Consolidada;Analisado, aguardando atendimento a notificação;AT;14,7832
SP-3541406-9EDD7ED6BA014E7487B8504B45157313;SP;Presidente Prudente;Área Consolidada;Aguardando análise;AT;3,7987
SP-3541406-A0236C1357054E768B24A30435A8CE8C;SP;Presidente Prudente;Área Consolidada;Aguardando análise;AT;33,2404
SP-3541406-A54FF74D989C4E04B2A7B0A1D9977425;SP;Presidente Prudente;Área Consolidada;Analisado, aguardando atendimento a notificação;AT;28,4279
SP-3541406-A5A84BB44C9D464EBF37FD475E089177;SP;Presidente Prudente;Área Consolidada;Analisado, aguardando atendimento a notificação;AT;1,8116
SP-3541406-A88943A7A46C441AA0FF92A8A762E468;SP;Presidente Prudente;Área Consolidada;Aguardando análise, após revisão ou atendimento da notificação;AT;7,8602
SP-3541406-ABF8DB324A7640E79FD2F0CFAB3FC3CC;SP;Presidente Prudente;Área Consolidada;Analisado, em conformidade com a Lei nº 12.651/2012, com ativos ambientais;AT;26,8725
SP-3541406-AFB744F2C2554077AD056F139782D3FE;SP;Presidente Prudente;Área Consolidada;Analisado, aguardando regularização ambiental (Lei nº 12.651/2012);AT;22,1853
SP-3541406-B4B165DEB771479181CD63C2A08C9F28;SP;Presidente Prudente;Área Consolidada;Aguardando análise;AT;96,1718
SP-3541406-B58BCA00E60548D0B0F93431FB852E38;SP;Presidente Prudente;Área Consolidada;Analisado, aguardando atendimento a notificação;AT;18,9142
SP-3541406-B60C1EBCE5014F2289A65C86A5C736D0;SP;Presidente Prudente;Área Consolidada;Aguardando análise;AT;4,1424
SP-3541406-B73BA5BACFE740A998B9D5A8A9C0CBD4;SP;Presidente Prudente;Área Consolidada;Aguardando análise;AT;39,1550
SP-3541406-B7CF040816674E7B83792B9C2E7BC2AB;SP;Presidente Prudente;Área Consolidada;Analisado, aguardando atendimento a notificação;AT;24,9222
SP-3541406-B8B30A502C20434087C357B12627D2C9;SP;Presidente Prudente;Área Consolidada;Analisado, aguardando atendimento a notificação;AT;2,7264
SP-3541406-B93F0EAFF45940A4889B48C739B19173;SP;Presidente Prudente;Área Consolidada;Aguardando análise;AT;54,3490
SP-3541406-BAB51EBB1E954722BF39C7CFB43C6188;SP;Presidente Prudente;Área Consolidada;Aguardando análise, após revisão ou atendimento da notificação;AT;4,1196
SP-3541406-BEDF9247AB3B465F8A96EA68C5DF5F84;SP;Presidente Prudente;Área Consolidada;Aguardando análise, após revisão ou atendimento da notificação;AT;11,0587
SP-3541406-C0934584A57D411292D0915B085DC584;SP;Presidente Prudente;Área Consolidada;Aguardando análise, após revisão ou atendimento da notificação;AT;17,7399
SP-3541406-C4B40419EBC24CFD9399982D13F8299F;SP;Presidente Prudente;Área Consolidada;Analisado, aguardando atendimento a notificação;AT;3,3580
SP-3541406-C57D729CDCD245358E22640BF8FCDECC;SP;Presidente Prudente;Área Consolidada;Aguardando análise, após revisão ou atendimento da notificação;AT;3,0117
SP-3541406-C61E147DA851462C84B2A2FBF6F45765;SP;Presidente Prudente;Área Consolidada;Aguardando análise, após revisão ou atendimento da notificação;AT;2,8733
SP-3541406-C6BAE4DEFB134FF98E9F94DE3C5C6F44;SP;Presidente Prudente;Área Consolidada;Analisado, aguardando regularização ambiental (Lei nº 12.651/2012);AT;12,0611
SP-3541406-C7FB27422C89445CB7B4123F6BDDFB77;SP;Presidente Prudente;Área Consolidada;Aguardando análise;AT;11,2420
SP-3541406-CA3E9174D05741D0951049059AFF1C57;SP;Presidente Prudente;Área Consolidada;Aguardando análise;AT;8,4189
SP-3541406-CE4B640CF8D04CB18BC99E28C97777A3;SP;Presidente Prudente;Área Consolidada;Aguardando análise;AT;59,5407
SP-3541406-CFDDD0B47C554FFE9CC987BF54CD452D;SP;Presidente Prudente;Área Consolidada;Aguardando análise;AT;1,8069
SP-3541406-D43F2320565F43C0AE7A7BA018532762;SP;Presidente Prudente;Área Consolidada;Aguardando análise;AT;4,5269
SP-3541406-D7CDCD35ADB1470DA6F002355AD37F44;SP;Presidente Prudente;Área Consolidada;Aguardando análise;AT;20,8088
SP-3541406-D940A835F8D94743B8F02E099CED062A;SP;Presidente Prudente;Área Consolidada;Analisado, aguardando atendimento a notificação;AT;2,1259
SP-3541406-DA26A1D7D17E4A968F1528AE2F6FD042;SP;Presidente Prudente;Área Consolidada;Aguardando análise;AT;28,7511
SP-3541406-DC0CFD33CC9845C5AB69591AF713D602;SP;Presidente Prudente;Área Consolidada;Analisado, aguardando atendimento a notificação;AT;7,6857
SP-3541406-DCC7E862C4EA41D38C21E340298B7FDE;SP;Presidente Prudente;Área Consolidada;Aguardando análise;AT;1,9785
SP-3541406-DCEA71D74D6D45F79AAE8C2806A4BC1E;SP;Presidente Prudente;Área Consolidada;Aguardando análise;AT;6,4624
SP-3541406-DEBE2078759A4D0C94C7B777074368E6;SP;Presidente Prudente;Área Consolidada;Aguardando análise;AT;8,9680
SP-3541406-DFB14216DFF6401781731DB79CD73EA9;SP;Presidente Prudente;Área Consolidada;Aguardando análise;AT;127,8909
SP-3541406-E0A8C6C8E5084376BDAEF0E0E8066FE3;SP;Presidente Prudente;Área Consolidada;Analisado, aguardando atendimento a notificação;AT;219,1141
SP-3541406-E6A42CB21DF7473FBB6C93AD5D16BB3B;SP;Presidente Prudente;Área Consolidada;Analisado, em conformidade com a Lei nº 12.651/2012;AT;1,8586
SP-3541406-E817BEED651D4E1E9CC0E5001077AE91;SP;Presidente Prudente;Área Consolidada;Analisado, aguardando regularização ambiental (Lei nº 12.651/2012);AT;4,9192
SP-3541406-E825C65C8E9648A3BE7E3EF853C7E933;SP;Presidente Prudente;Área Consolidada;Analisado, aguardando atendimento a notificação;AT;44,1323
SP-3541406-EADDD650336A425C98A20EEC72B145B6;SP;Presidente Prudente;Área Consolidada;Analisado, aguardando regularização ambiental (Lei nº 12.651/2012);AT;54,1384
SP-3541406-F0C3C66AEBFA453E8E2C6F54060BC7E3;SP;Presidente Prudente;Área Consolidada;Aguardando análise;AT;5,1751
SP-3541406-F237282668CC4A298845900759F474BA;SP;Presidente Prudente;Área Consolidada;Aguardando análise, após revisão ou atendimento da notificação;AT;1,8613
SP-3541406-F237282668CC4A298845900759F474BA;SP;Presidente Prudente;Área Consolidada;Aguardando análise, após revisão ou atendimento da notificação;AT;0,0856
SP-3541406-F237282668CC4A298845900759F474BA;SP;Presidente Prudente;Área Consolidada;Aguardando análise, após revisão ou atendimento da notificação;AT;5,1014
SP-3541406-F237282668CC4A298845900759F474BA;SP;Presidente Prudente;Área Consolidada;Aguardando análise, após revisão ou atendimento da notificação;AT;2,3135
SP-3541406-F237282668CC4A298845900759F474BA;SP;Presidente Prudente;Área Consolidada;Aguardando análise, após revisão ou atendimento da notificação;AT;2,3614
SP-3541406-F237282668CC4A298845900759F474BA;SP;Presidente Prudente;Área Consolidada;Aguardando análise, após revisão ou atendimento da notificação;AT;0,1407
SP-3541406-F237282668CC4A298845900759F474BA;SP;Presidente Prudente;Área Consolidada;Aguardando análise, após revisão ou atendimento da notificação;AT;0,0818
SP-3541406-F237282668CC4A298845900759F474BA;SP;Presidente Prudente;Área Consolidada;Aguardando análise, após revisão ou atendimento da notificação;AT;0,0265
SP-3541406-F26F3AF8C7E145B19F13F110BB43EFB3;SP;Presidente Prudente;Área Consolidada;Analisado, aguardando atendimento a notificação;AT;3,4886
SP-3541406-F3C0EA8271D349E1BD10FED4C32C102D;SP;Presidente Prudente;Área Consolidada;Aguardando análise;AT;3,7992
SP-3541406-F97CA4BD2F84497CBF6E722CDC7B00BB;SP;Presidente Prudente;Área Consolidada;Analisado, aguardando regularização ambiental (Lei nº 12.651/2012);AT;23,0647
SP-3541406-FF99AE2D383E45709A7ECD647E3A83C9;SP;Presidente Prudente;Área Consolidada;Analisado, em conformidade com a Lei nº 12.651/2012, com ativos ambientais;AT;9,2220
