cod_imovel;cod_estado;municipio;nom_tema;des_condic;ind_status;num_area
SP-3541406-005DC5E1BAC6417DB0A49EA22E0DB90F;SP;Presidente Prudente;Remanescente de Vegetação Nativa;Aguardando análise, após revisão ou atendimento da notificação;AT;1,1152
SP-3541406-005DC5E1BAC6417DB0A49EA22E0DB90F;SP;Presidente Prudente;Remanescente de Vegetação Nativa;Aguardando análise, após revisão ou atendimento da notificação;AT;0,9348
SP-3541406-005DC5E1BAC6417DB0A49EA22E0DB90F;SP;Presidente Prudente;Remanescente de Vegetação Nativa;Aguardando análise, após revisão ou atendimento da notificação;AT;5,8092
SP-3541406-00CD5A2B86BC4CFE84999285E270B6B3;SP;Presidente Prudente;Remanescente de Vegetação Nativa;Aguardando análise, após revisão ou atendimento da notificação;AT;0,3215
SP-3541406-00CD5A2B86BC4CFE84999285E270B6B3;SP;Presidente Prudente;Remanescente de Vegetação Nativa;Aguardando análise, após revisão ou atendimento da notificação;AT;0,1572
SP-3541406-00CD5A2B86BC4CFE84999285E270B6B3;SP;Presidente Prudente;Remanescente de Vegetação Nativa;Aguardando análise, após revisão ou atendimento da notificação;AT;0,0739
SP-3541406-01770CD59F924DF380F6D30E8FD507E0;SP;Presidente Prudente;Remanescente de Vegetação Nativa;Analisado, em conformidade com a Lei nº 12.651/2012, com ativos ambientais;AT;4,8905
SP-3541406-01AFFD348113475C9DFB534904773518;SP;Presidente Prudente;Remanescente de Vegetação Nativa;Aguardando análise, após revisão ou atendimento da notificação;AT;1,2586
SP-3541406-01AFFD348113475C9DFB534904773518;SP;Presidente Prudente;Remanescente de Vegetação Nativa;Aguardando análise, após revisão ou atendimento da notificação;AT;1,3409
SP-3541406-01AFFD348113475C9DFB534904773518;SP;Presidente Prudente;Remanescente de Vegetação Nativa;Aguardando análise, após revisão ou atendimento da notificação;AT;1,4801
SP-3541406-01C2C984CAD84A53862DB7A2C4E79614;SP;Presidente Prudente;Remanescente de Vegetação Nativa;Aguardando análise, após revisão ou atendimento da notificação;AT;0,5014
SP-3541406-01EC78E37D334292B4C352087D6E5C71;SP;Presidente Prudente;Remanescente de Vegetação Nativa;Aguardando análise, após revisão ou atendimento da notificação;AT;50,2777
SP-3541406-02B7763CA31949F68FB97DDD14D72826;SP;Presidente Prudente;Remanescente de Vegetação Nativa;Analisado, aguardando atendimento a notificação;AT;1,6482
SP-3541406-037DA1561FD94611A91ED2A66C3C6A1E;SP;Presidente Prudente;Remanescente de Vegetação Nativa;Analisado, em conformidade com a Lei nº 12.651/2012, com ativos ambientais;AT;0,8689
SP-3541406-03938F6C06654C67BABEB12A7A7902B3;SP;Presidente Prudente;Remanescente de Vegetação Nativa;Analisado, em conformidade com a Lei nº 12.651/2012, com ativos ambientais;PE;0,7204
SP-3541406-03BE486F238040DB8C7F31688B1B6538;SP;Presidente Prudente;Remanescente de Vegetação Nativa;Analisado, aguardando atendimento a notificação;AT;0,4936
SP-3541406-0419121DEDA241BE9A1D1567BF692D80;SP;Presidente Prudente;Remanescente de Vegetação Nativa;Aguardando análise;AT;0,8853
SP-3541406-045AAE2D67BF491A8D15F4345ED99349;SP;Presidente Prudente;Remanescente de Vegetação Nativa;Aguardando análise;AT;1,0376
SP-3541406-045AAE2D67BF491A8D15F4345ED99349;SP;Presidente Prudente;Remanescente de Vegetação Nativa;Aguardando análise;AT;0,1890
SP-3541406-045AAE2D67BF491A8D15F4345ED99349;SP;Presidente Prudente;Remanescente de Vegetação Nativa;Aguardando análise;AT;1,3496
SP-3541406-045AAE2D67BF491A8D15F4345ED99349;SP;Presidente Prudente;Remanescente de Vegetação Nativa;Aguardando análise;AT;11,0387
SP-3541406-045AAE2D67BF491A8D15F4345ED99349;SP;Presidente Prudente;Remanescente de Vegetação Nativa;Aguardando análise;AT;0,9617
SP-3541406-045AAE2D67BF491A8D15F4345ED99349;SP;Presidente Prudente;Remanescente de Vegetação Nativa;Aguardando análise;AT;0,6797
SP-3541406-045AAE2D67BF491A8D15F4345ED99349;SP;Presidente Prudente;Remanescente de Vegetação Nativa;Aguardando análise;AT;0,8221
SP-3541406-045AAE2D67BF491A8D15F4345ED99349;SP;Presidente Prudente;Remanescente de Vegetação Nativa;Aguardando análise;AT;1,2233
SP-3541406-045AAE2D67BF491A8D15F4345ED99349;SP;Presidente Prudente;Remanescente de Vegetação Nativa;Aguardando análise;AT;1,7383
SP-3541406-045AAE2D67BF491A8D15F4345ED99349;SP;Presidente Prudente;Remanescente de Vegetação Nativa;Aguardando análise;AT;0,6953
SP-3541406-04C78E2BB51D40CFB7130609C666F3C1;SP;Presidente Prudente;Remanescente de Vegetação Nativa;Analisado, em conformidade com a Lei nº 12.651/2012, com ativos ambientais;AT;1,7685
SP-3541406-051AEB712421418E8FF77798C87F95D4;SP;Presidente Prudente;Remanescente de Vegetação Nativa;Aguardando análise;AT;1,6904
SP-3541406-060836F6E18F435F8EB84C66A666355F;SP;Presidente Prudente;Remanescente de Vegetação Nativa;Analisado, aguardando regularização ambiental (Lei nº 12.651/2012);AT;1,0411
SP-3541406-060E7D9C8551496B900E4452202076C8;SP;Presidente Prudente;Remanescente de Vegetação Nativa;Aguardando análise;AT;12,2138
SP-3541406-0611E851D6354473BB7BAF20511C2487;SP;Presidente Prudente;Remanescente de Vegetação Nativa;Analisado, em conformidade com a Lei nº 12.651/2012, com ativos ambientais;AT;0,5359
SP-3541406-068FB33D9EA0494396B818C8AF1F8BD2;SP;Presidente Prudente;Remanescente de Vegetação Nativa;Aguardando análise;AT;1,0002
SP-3541406-069CF247C6A24C6CAB42941D9D11C71F;SP;Presidente Prudente;Remanescente de Vegetação Nativa;Aguardando análise, após revisão ou atendimento da notificação;AT;1,9069
SP-3541406-06A3F70652534658A7B6B5B62148E9C1;SP;Presidente Prudente;Remanescente de Vegetação Nativa;Analisado, em conformidade com a Lei nº 12.651/2012, com ativos ambientais;AT;0,2259
SP-3541406-06CC628E82414F85BB1AE29B5CC76C1B;SP;Presidente Prudente;Remanescente de Vegetação Nativa;Aguardando análise;AT;0,8386
SP-3541406-06CC628E82414F85BB1AE29B5CC76C1B;SP;Presidente Prudente;Remanescente de Vegetação Nativa;Aguardando análise;AT;0,3139
SP-3541406-06CC628E82414F85BB1AE29B5CC76C1B;SP;Presidente Prudente;Remanescente de Vegetação Nativa;Aguardando análise;AT;0,0011
SP-3541406-06CC628E82414F85BB1AE29B5CC76C1B;SP;Presidente Prudente;Remanescente de Vegetação Nativa;Aguardando análise;AT;2,6959
SP-3541406-06CC628E82414F85BB1AE29B5CC76C1B;SP;Presidente Prudente;Remanescente de Vegetação Nativa;Aguardando análise;AT;2,4322
SP-3541406-06CC628E82414F85BB1AE29B5CC76C1B;SP;Presidente Prudente;Remanescente de Vegetação Nativa;Aguardando análise;AT;0,0009
SP-3541406-06CC628E82414F85BB1AE29B5CC76C1B;SP;Presidente Prudente;Remanescente de Vegetação Nativa;Aguardando análise;AT;1,8999
SP-3541406-06CC628E82414F85BB1AE29B5CC76C1B;SP;Presidente Prudente;Remanescente de Vegetação Nativa;Aguardando análise;AT;0,5345
SP-3541406-06CC628E82414F85BB1AE29B5CC76C1B;SP;Presidente Prudente;Remanescente de Vegetação Nativa;Aguardando análise;AT;0,4566
SP-3541406-06DE44F1407746C386233EC23CA43339;SP;Presidente Prudente;Remanescente de Vegetação Nativa;Aguardando análise, após revisão ou atendimento da notificação;AT;3,6358
SP-3541406-06DE44F1407746C386233EC23CA43339;SP;Presidente Prudente;Remanescente de Vegetação Nativa;Aguardando análise, após revisão ou atendimento da notificação;AT;2,0495
SP-3541406-06DE44F1407746C386233EC23CA43339;SP;Presidente Prudente;Remanescente de Vegetação Nativa;Aguardando análise, após revisão ou atendimento da notificação;AT;0,0423
SP-3541406-06DE44F1407746C386233EC23CA43339;SP;Presidente Prudente;Remanescente de Vegetação Nativa;Aguardando análise, após revisão ou atendimento da notificação;AT;0,1927
SP-3541406-06DE44F1407746C386233EC23CA43339;SP;Presidente Prudente;Remanescente de Vegetação Nativa;Aguardando análise, após revisão ou atendimento da notificação;AT;0,0450
SP-3541406-06DE44F1407746C386233EC23CA43339;SP;Presidente Prudente;Remanescente de Vegetação Nativa;Aguardando análise, após revisão ou atendimento da notificação;AT;3,5930
SP-3541406-0841DC8CCF3A429EA97225DC8A8EA3FE;SP;Presidente Prudente;Remanescente de Vegetação Nativa;Aguardando análise;AT;0,6879
SP-3541406-0841DC8CCF3A429EA97225DC8A8EA3FE;SP;Presidente Prudente;Remanescente de Vegetação Nativa;Aguardando análise;AT;0,2411
SP-3541406-0841DC8CCF3A429EA97225DC8A8EA3FE;SP;Presidente Prudente;Remanescente de Vegetação Nativa;Aguardando análise;AT;0,4605
SP-3541406-08F343E1251A4BD48F18095CADB3D70B;SP;Presidente Prudente;Remanescente de Vegetação Nativa;Analisado, em conformidade com a Lei nº 12.651/2012, com ativos ambientais;AT;7,6085
SP-3541406-0905EE33783E43C3823AE67D61BF6CF9;SP;Presidente Prudente;Remanescente de Vegetação Nativa;Analisado, aguardando atendimento a notificação;AT;0,2627
SP-3541406-09C0329969DE447B938AB0264AF6FF18;SP;Presidente Prudente;Remanescente de Vegetação Nativa;Analisado, aguardando atendimento a notificação;AT;0,1165
SP-3541406-09C0329969DE447B938AB0264AF6FF18;SP;Presidente Prudente;Remanescente de Vegetação Nativa;Analisado, aguardando atendimento a notificação;AT;0,0636
SP-3541406-09C0329969DE447B938AB0264AF6FF18;SP;Presidente Prudente;Remanescente de Vegetação Nativa;Analisado, aguardando atendimento a notificação;AT;0,0408
SP-3541406-09CF5AAB6B94420885F52491A6782053;SP;Presidente Prudente;Remanescente de Vegetação Nativa;Aguardando análise;AT;5,5280
SP-3541406-09D6AF8667BE4EB191AF933C2AA8AC26;SP;Presidente Prudente;Remanescente de Vegetação Nativa;Analisado, aguardando regularização ambiental (Lei nº 12.651/2012);AT;7,8887
SP-3541406-0A140E81F20E4C1A9E01B70100F4F780;SP;Presidente Prudente;Remanescente de Vegetação Nativa;Aguardando análise;AT;0,0482
SP-3541406-0A140E81F20E4C1A9E01B70100F4F780;SP;Presidente Prudente;Remanescente de Vegetação Nativa;Aguardando análise;AT;0,1230
SP-3541406-0A140E81F20E4C1A9E01B70100F4F780;SP;Presidente Prudente;Remanescente de Vegetação Nativa;Aguardando análise;AT;0,2993
SP-3541406-0A140E81F20E4C1A9E01B70100F4F780;SP;Presidente Prudente;Remanescente de Vegetação Nativa;Aguardando análise;AT;0,0702
SP-3541406-0A140E81F20E4C1A9E01B70100F4F780;SP;Presidente Prudente;Remanescente de Vegetação Nativa;Aguardando análise;AT;0,5926
SP-3541406-0A6BFA297C4345289D2D8B357C96875A;SP;Presidente Prudente;Remanescente de Vegetação Nativa;Analisado, em conformidade com a Lei nº 12.651/2012, com ativos ambientais;AT;0,1596
SP-3541406-0AE923DFBD004D35ABE1B72160692D7A;SP;Presidente Prudente;Remanescente de Vegetação Nativa;Aguardando análise;AT;0,2407
SP-3541406-0AE923DFBD004D35ABE1B72160692D7A;SP;Presidente Prudente;Remanescente de Vegetação Nativa;Aguardando análise;AT;0,0532
SP-3541406-0B08A770537849C9AAFE22531D65CECF;SP;Presidente Prudente;Remanescente de Vegetação Nativa;Analisado, em conformidade com a Lei nº 12.651/2012, com ativos ambientais;AT;1,1645
SP-3541406-0B6D67438F6047FBBDAA18FF5528E4F4;SP;Presidente Prudente;Remanescente de Vegetação Nativa;Analisado, aguardando regularização ambiental (Lei nº 12.651/2012);AT;0,1471
SP-3541406-0B8405F100754A3A8E50040C45076223;SP;Presidente Prudente;Remanescente de Vegetação Nativa;Aguardando análise;AT;4,2961
SP-3541406-0C083ED8393F484BB1DFB0EE02C0F187;SP;Presidente Prudente;Remanescente de Vegetação Nativa;Analisado, aguardando atendimento a notificação;AT;0,0114
SP-3541406-0C083ED8393F484BB1DFB0EE02C0F187;SP;Presidente Prudente;Remanescente de Vegetação Nativa;Analisado, aguardando atendimento a notificação;AT;0,0420
SP-3541406-0C083ED8393F484BB1DFB0EE02C0F187;SP;Presidente Prudente;Remanescente de Vegetação Nativa;Analisado, aguardando atendimento a notificação;AT;0,0346
SP-3541406-0C083ED8393F484BB1DFB0EE02C0F187;SP;Presidente Prudente;Remanescente de Vegetação Nativa;Analisado, aguardando atendimento a notificação;AT;0,0350
SP-3541406-0C91F22F9B43488284F01602973B6317;SP;Presidente Prudente;Remanescente de Vegetação Nativa;Analisado, em conformidade com a Lei nº 12.651/2012, com ativos ambientais;AT;1,0664
SP-3541406-0CD723B4F15B4E0B8D8C6470023845B8;SP;Presidente Prudente;Remanescente de Vegetação Nativa;Analisado, em conformidade com a Lei nº 12.651/2012, com ativos ambientais;AT;0,7918
SP-3541406-0CDB5C38776D4DD48CA1222BE1A37905;SP;Presidente Prudente;Remanescente de Vegetação Nativa;Aguardando análise;AT;0,0449
SP-3541406-0CDB5C38776D4DD48CA1222BE1A37905;SP;Presidente Prudente;Remanescente de Vegetação Nativa;Aguardando análise;AT;0,2124
SP-3541406-0D4F0836663F4EE0A8BF766BFF376CCF;SP;Presidente Prudente;Remanescente de Vegetação Nativa;Analisado, em conformidade com a Lei nº 12.651/2012, com ativos ambientais;AT;0,9464
SP-3541406-0D8225365B0A45919C49841F5905A13A;SP;Presidente Prudente;Remanescente de Vegetação Nativa;Analisado, aguardando atendimento a notificação;AT;1,2414
SP-3541406-0E5AFE0E20EE4F6F85675F4ABFFD89EC;SP;Presidente Prudente;Remanescente de Vegetação Nativa;Aguardando análise;AT;0,3131
SP-3541406-0E7DC87F55A64B6689BA906471AFDBBA;SP;Presidente Prudente;Remanescente de Vegetação Nativa;Analisado, aguardando atendimento a notificação;AT;0,3739
SP-3541406-0EA770868C11420C9E9E391CD10A1BEC;SP;Presidente Prudente;Remanescente de Vegetação Nativa;Analisado, em conformidade com a Lei nº 12.651/2012, com ativos ambientais;AT;1,3834
SP-3541406-0EB1B3D60EFD475BA57BEE69B47ECF03;SP;Presidente Prudente;Remanescente de Vegetação Nativa;Analisado, aguardando regularização ambiental (Lei nº 12.651/2012);AT;0,1069
SP-3541406-0ECDD1BC26E64D3B9FA00AF17CDA64CF;SP;Presidente Prudente;Remanescente de Vegetação Nativa;Analisado, em conformidade com a Lei nº 12.651/2012, com ativos ambientais;AT;2,3241
SP-3541406-0EF422F8631945559672FBCA6AD7F7BD;SP;Presidente Prudente;Remanescente de Vegetação Nativa;Analisado, aguardando atendimento a notificação;AT;6,0182
SP-3541406-0F17501882C045FD9046373EAF89E4AC;SP;Presidente Prudente;Remanescente de Vegetação Nativa;Aguardando análise, após revisão ou atendimento da notificação;AT;0,0283
SP-3541406-0F322A88DF10477AA13C7417EC366BF6;SP;Presidente Prudente;Remanescente de Vegetação Nativa;Aguardando análise, após revisão ou atendimento da notificação;AT;0,1241
SP-3541406-0F322A88DF10477AA13C7417EC366BF6;SP;Presidente Prudente;Remanescente de Vegetação Nativa;Aguardando análise, após revisão ou atendimento da notificação;AT;0,3989
SP-3541406-0F57B89C9F7A4B159B6D5F7CC5C7A4BC;SP;Presidente Prudente;Remanescente de Vegetação Nativa;Aguardando análise;AT;0,0059
SP-3541406-0F5C2DF4F79548A39C603228057602A6;SP;Presidente Prudente;Remanescente de Vegetação Nativa;Aguardando análise;AT;1,7339
SP-3541406-0F6C5711F13F4B15A05D72A0EBDF4559;SP;Presidente Prudente;Remanescente de Vegetação Nativa;Analisado, aguardando atendimento a notificação;AT;1,0164
SP-3541406-0F6C5711F13F4B15A05D72A0EBDF4559;SP;Presidente Prudente;Remanescente de Vegetação Nativa;Analisado, aguardando atendimento a notificação;AT;15,3617
SP-3541406-0F6C5711F13F4B15A05D72A0EBDF4559;SP;Presidente Prudente;Remanescente de Vegetação Nativa;Analisado, aguardando atendimento a notificação;AT;1,3763
SP-3541406-0F6C5711F13F4B15A05D72A0EBDF4559;SP;Presidente Prudente;Remanescente de Vegetação Nativa;Analisado, aguardando atendimento a notificação;AT;11,8400
SP-3541406-0F6C5711F13F4B15A05D72A0EBDF4559;SP;Presidente Prudente;Remanescente de Vegetação Nativa;Analisado, aguardando atendimento a notificação;AT;8,0118
SP-3541406-0F6FD44D128A4AA68AEC584383E64EB9;SP;Presidente Prudente;Remanescente de Vegetação Nativa;Analisado, aguardando atendimento a notificação;AT;3,9528
SP-3541406-0F79EA08CD614D76B8F19896E7137EE2;SP;Presidente Prudente;Remanescente de Vegetação Nativa;Aguardando análise;AT;0,0180
SP-3541406-0F8B885901084AD79472A6BEFD9AB75C;SP;Presidente Prudente;Remanescente de Vegetação Nativa;Aguardando análise;AT;1,1634
SP-3541406-1040E97CE2EF4307B38313CD8C868670;SP;Presidente Prudente;Remanescente de Vegetação Nativa;Analisado, aguardando atendimento a notificação;AT;1,9885
SP-3541406-1076455B1AD043309652CC16C8938A5B;SP;Presidente Prudente;Remanescente de Vegetação Nativa;Aguardando análise;AT;0,1976
SP-3541406-10E3351289D04D679FD3EBA82B6DE6A8;SP;Presidente Prudente;Remanescente de Vegetação Nativa;Analisado, em conformidade com a Lei nº 12.651/2012;AT;0,1142
SP-3541406-10E60C568A6847FCA428BC21A0452399;SP;Presidente Prudente;Remanescente de Vegetação Nativa;Analisado, em conformidade com a Lei nº 12.651/2012, com ativos ambientais;AT;31,6519
SP-3541406-1111498D46624A2EB88BE0D2057BD994;SP;Presidente Prudente;Remanescente de Vegetação Nativa;Analisado, aguardando atendimento a notificação;AT;11,4423
SP-3541406-1121E610A37C41D29834E4F1EF6E9121;SP;Presidente Prudente;Remanescente de Vegetação Nativa;Analisado, aguardando atendimento a notificação;AT;4,0882
SP-3541406-1136DDC6AED3495391B32115A03FB17A;SP;Presidente Prudente;Remanescente de Vegetação Nativa;Aguardando análise;AT;2,5365
SP-3541406-116BC5C019974CBCA76DFE21CCD9925E;SP;Presidente Prudente;Remanescente de Vegetação Nativa;Aguardando análise;AT;0,0462
SP-3541406-116BC5C019974CBCA76DFE21CCD9925E;SP;Presidente Prudente;Remanescente de Vegetação Nativa;Aguardando análise;AT;0,0922
SP-3541406-116BC5C019974CBCA76DFE21CCD9925E;SP;Presidente Prudente;Remanescente de Vegetação Nativa;Aguardando análise;AT;0,0483
SP-3541406-116BC5C019974CBCA76DFE21CCD9925E;SP;Presidente Prudente;Remanescente de Vegetação Nativa;Aguardando análise;AT;0,4300
SP-3541406-116BC5C019974CBCA76DFE21CCD9925E;SP;Presidente Prudente;Remanescente de Vegetação Nativa;Aguardando análise;AT;1,6850
SP-3541406-116BC5C019974CBCA76DFE21CCD9925E;SP;Presidente Prudente;Remanescente de Vegetação Nativa;Aguardando análise;AT;0,1794
SP-3541406-11E89703ADAF4436BB37295544EFF1CF;SP;Presidente Prudente;Remanescente de Vegetação Nativa;Aguardando análise;AT;1,2132
SP-3541406-11EE45056B7542268C603833374ACC42;SP;Presidente Prudente;Remanescente de Vegetação Nativa;Aguardando análise, após revisão ou atendimento da notificação;AT;0,0311
SP-3541406-1205CF8670D8428CB7D9228F740A2703;SP;Presidente Prudente;Remanescente de Vegetação Nativa;Analisado, em conformidade com a Lei nº 12.651/2012, com ativos ambientais;AT;0,6276
SP-3541406-121C86505F424AAC9C220D29167545E8;SP;Presidente Prudente;Remanescente de Vegetação Nativa;Analisado, aguardando regularização ambiental (Lei nº 12.651/2012);AT;10,1446
SP-3541406-12402E217459456BB2BE294435606FB2;SP;Presidente Prudente;Remanescente de Vegetação Nativa;Analisado, em conformidade com a Lei nº 12.651/2012, com ativos ambientais;AT;1,8044
SP-3541406-135827E707114E8D87872D723BA38546;SP;Presidente Prudente;Remanescente de Vegetação Nativa;Analisado, aguardando atendimento a notificação;AT;0,3217
SP-3541406-135827E707114E8D87872D723BA38546;SP;Presidente Prudente;Remanescente de Vegetação Nativa;Analisado, aguardando atendimento a notificação;AT;0,1376
SP-3541406-138FFFF3FE4F411EA8202F9F65B93366;SP;Presidente Prudente;Remanescente de Vegetação Nativa;Analisado, aguardando regularização ambiental (Lei nº 12.651/2012);AT;0,4861
SP-3541406-13D42A46371F4896B7911DA17C6024C3;SP;Presidente Prudente;Remanescente de Vegetação Nativa;Aguardando análise;AT;3,1706
SP-3541406-13D4B1A98F7B454A8C1ECD2B3F984F78;SP;Presidente Prudente;Remanescente de Vegetação Nativa;Aguardando análise;AT;3,7597
SP-3541406-13EDB8D406934C9FB8C7D7E9BA771709;SP;Presidente Prudente;Remanescente de Vegetação Nativa;Analisado, em conformidade com a Lei nº 12.651/2012, com ativos ambientais;AT;1,2550
SP-3541406-1450CEC4C6AA402B9AEF999CF086291E;SP;Presidente Prudente;Remanescente de Vegetação Nativa;Analisado, aguardando atendimento a notificação;AT;2,1116
SP-3541406-1450CEC4C6AA402B9AEF999CF086291E;SP;Presidente Prudente;Remanescente de Vegetação Nativa;Analisado, aguardando atendimento a notificação;AT;0,5068
SP-3541406-1450CEC4C6AA402B9AEF999CF086291E;SP;Presidente Prudente;Remanescente de Vegetação Nativa;Analisado, aguardando atendimento a notificação;AT;3,6662
SP-3541406-146E94DADB42451AB6EC573179DEDCE8;SP;Presidente Prudente;Remanescente de Vegetação Nativa;Aguardando análise;AT;6,3270
SP-3541406-1498829DB9154A45874EB46AEEC7F592;SP;Presidente Prudente;Remanescente de Vegetação Nativa;Aguardando análise;AT;1,1028
SP-3541406-14E1EFEF9E534D39A06DC69BC15C054E;SP;Presidente Prudente;Remanescente de Vegetação Nativa;Analisado, aguardando atendimento a notificação;AT;1,2012
SP-3541406-14EC3C83593341DCB7C501E601361010;SP;Presidente Prudente;Remanescente de Vegetação Nativa;Analisado, aguardando regularização ambiental (Lei nº 12.651/2012);AT;8,0212
SP-3541406-14FFF27B547F4DC2BD01BB9292580496;SP;Presidente Prudente;Remanescente de Vegetação Nativa;Analisado, aguardando regularização ambiental (Lei nº 12.651/2012);AT;1,5847
SP-3541406-1509E19C8D294677B4B601330F5B8CD2;SP;Presidente Prudente;Remanescente de Vegetação Nativa;Analisado, em conformidade com a Lei nº 12.651/2012, com ativos ambientais;AT;4,5998
SP-3541406-154F2BA1DCFC42EBADDD787E665B340A;SP;Presidente Prudente;Remanescente de Vegetação Nativa;Aguardando análise;AT;6,9179
SP-3541406-15602B8DFAC4488B8BE715DDD8BDEBF0;SP;Presidente Prudente;Remanescente de Vegetação Nativa;Aguardando análise;AT;2,1600
SP-3541406-15C8182F94894FDEB57A6EED0F359C05;SP;Presidente Prudente;Remanescente de Vegetação Nativa;Analisado, em conformidade com a Lei nº 12.651/2012, com ativos ambientais;AT;0,4812
SP-3541406-15DB9ACA95144E21943C5050B13FB1CF;SP;Presidente Prudente;Remanescente de Vegetação Nativa;Analisado, aguardando atendimento a notificação;AT;12,0412
SP-3541406-16965EDB7A614B6B93E0A3FEF3DD2048;SP;Presidente Prudente;Remanescente de Vegetação Nativa;Analisado, em conformidade com a Lei nº 12.651/2012, com ativos ambientais;AT;3,3453
SP-3541406-16B479799DD04D308B616B161ECFD511;SP;Presidente Prudente;Remanescente de Vegetação Nativa;Analisado, aguardando atendimento a notificação;AT;1,6622
SP-3541406-173EE5810AB84714A3E6E47B1D23FC99;SP;Presidente Prudente;Remanescente de Vegetação Nativa;Aguardando análise;AT;4,1861
SP-3541406-17606FF75B8447FFB19DE7D912F274AB;SP;Presidente Prudente;Remanescente de Vegetação Nativa;Analisado, aguardando regularização ambiental (Lei nº 12.651/2012);AT;1,7723
SP-3541406-186E215D240B4EFFAC2709CEE7E5E950;SP;Presidente Prudente;Remanescente de Vegetação Nativa;Aguardando análise, após revisão ou atendimento da notificação;AT;0,1662
SP-3541406-186E215D240B4EFFAC2709CEE7E5E950;SP;Presidente Prudente;Remanescente de Vegetação Nativa;Aguardando análise, após revisão ou atendimento da notificação;AT;0,2564
SP-3541406-18854773F246424BBDD62DB4CAAAED4A;SP;Presidente Prudente;Remanescente de Vegetação Nativa;Aguardando análise;AT;0,6944
SP-3541406-18D2AE33D32845F297F1A36E57DB2B80;SP;Presidente Prudente;Remanescente de Vegetação Nativa;Analisado, aguardando atendimento a notificação;AT;0,1679
SP-3541406-1981F17B64E8406BAD7B434E6524CD5C;SP;Presidente Prudente;Remanescente de Vegetação Nativa;Analisado, aguardando atendimento a notificação;AT;2,9000
SP-3541406-19947FE1FC7844C2BF70C72B3849DF87;SP;Presidente Prudente;Remanescente de Vegetação Nativa;Aguardando análise;AT;0,6874
SP-3541406-19947FE1FC7844C2BF70C72B3849DF87;SP;Presidente Prudente;Remanescente de Vegetação Nativa;Aguardando análise;AT;0,0020
SP-3541406-19947FE1FC7844C2BF70C72B3849DF87;SP;Presidente Prudente;Remanescente de Vegetação Nativa;Aguardando análise;AT;0,1989
SP-3541406-19947FE1FC7844C2BF70C72B3849DF87;SP;Presidente Prudente;Remanescente de Vegetação Nativa;Aguardando análise;AT;0,2756
SP-3541406-19947FE1FC7844C2BF70C72B3849DF87;SP;Presidente Prudente;Remanescente de Vegetação Nativa;Aguardando análise;AT;0,3428
SP-3541406-19947FE1FC7844C2BF70C72B3849DF87;SP;Presidente Prudente;Remanescente de Vegetação Nativa;Aguardando análise;AT;0,4558
SP-3541406-19947FE1FC7844C2BF70C72B3849DF87;SP;Presidente Prudente;Remanescente de Vegetação Nativa;Aguardando análise;AT;0,5971
SP-3541406-19947FE1FC7844C2BF70C72B3849DF87;SP;Presidente Prudente;Remanescente de Vegetação Nativa;Aguardando análise;AT;0,9397
SP-3541406-19947FE1FC7844C2BF70C72B3849DF87;SP;Presidente Prudente;Remanescente de Vegetação Nativa;Aguardando análise;AT;1,7771
SP-3541406-19947FE1FC7844C2BF70C72B3849DF87;SP;Presidente Prudente;Remanescente de Vegetação Nativa;Aguardando análise;AT;2,6926
SP-3541406-19947FE1FC7844C2BF70C72B3849DF87;SP;Presidente Prudente;Remanescente de Vegetação Nativa;Aguardando análise;AT;3,0125
SP-3541406-199C8546D3634E12A0FAC7745540289B;SP;Presidente Prudente;Remanescente de Vegetação Nativa;Aguardando análise;AT;1,0375
SP-3541406-1A2ABB8EFC32435D8BEDBEC47C370309;SP;Presidente Prudente;Remanescente de Vegetação Nativa;Analisado, aguardando atendimento a notificação;AT;0,7190
SP-3541406-1A2ABB8EFC32435D8BEDBEC47C370309;SP;Presidente Prudente;Remanescente de Vegetação Nativa;Analisado, aguardando atendimento a notificação;AT;1,5234
SP-3541406-1A2ABB8EFC32435D8BEDBEC47C370309;SP;Presidente Prudente;Remanescente de Vegetação Nativa;Analisado, aguardando atendimento a notificação;AT;0,3606
SP-3541406-1A2ABB8EFC32435D8BEDBEC47C370309;SP;Presidente Prudente;Remanescente de Vegetação Nativa;Analisado, aguardando atendimento a notificação;AT;0,5490
SP-3541406-1A2ABB8EFC32435D8BEDBEC47C370309;SP;Presidente Prudente;Remanescente de Vegetação Nativa;Analisado, aguardando atendimento a notificação;AT;2,9746
SP-3541406-1A4C7D164ED5422DB0B1F9805F28F121;SP;Presidente Prudente;Remanescente de Vegetação Nativa;Aguardando análise;AT;14,1733
SP-3541406-1A803CA4C31545ACB98096646D51E101;SP;Presidente Prudente;Remanescente de Vegetação Nativa;Analisado, em conformidade com a Lei nº 12.651/2012, com ativos ambientais;AT;0,0646
SP-3541406-1AB0939CAC4E4925BD55860E18AABD6E;SP;Presidente Prudente;Remanescente de Vegetação Nativa;Analisado, em conformidade com a Lei nº 12.651/2012, com ativos ambientais;AT;0,6591
SP-3541406-1B0515E48CCB4B4D962F8FC76A6E42F0;SP;Presidente Prudente;Remanescente de Vegetação Nativa;Aguardando análise;AT;1,4389
SP-3541406-1B1A4699CF954AC68E91C677656ADAE6;SP;Presidente Prudente;Remanescente de Vegetação Nativa;Analisado, em conformidade com a Lei nº 12.651/2012, com ativos ambientais;AT;2,5336
SP-3541406-1BAF113A1CC54E50A4C954D6C1EFD350;SP;Presidente Prudente;Remanescente de Vegetação Nativa;Analisado, em conformidade com a Lei nº 12.651/2012, com ativos ambientais;AT;3,5577
SP-3541406-1BC79154ADEE4EB79136BA3DDA4C46AA;SP;Presidente Prudente;Remanescente de Vegetação Nativa;Aguardando análise;AT;7,3415
SP-3541406-1C3C1608969548FDBAE11BEF1B0BD760;SP;Presidente Prudente;Remanescente de Vegetação Nativa;Aguardando análise;AT;7,1249
SP-3541406-1C55805894874587B7FE866A10713EE6;SP;Presidente Prudente;Remanescente de Vegetação Nativa;Aguardando análise;AT;1,2290
SP-3541406-1C857972BF08470AADAB3EBFAA84AD83;SP;Presidente Prudente;Remanescente de Vegetação Nativa;Aguardando análise;AT;2,8664
SP-3541406-1C9780C259404FDAB800B4918DA1B2AC;SP;Presidente Prudente;Remanescente de Vegetação Nativa;Analisado, aguardando regularização ambiental (Lei nº 12.651/2012);AT;0,0024
SP-3541406-1CD6EC1A556C4C1FA71C7CCB3F97C213;SP;Presidente Prudente;Remanescente de Vegetação Nativa;Analisado, aguardando atendimento a notificação;AT;0,9396
SP-3541406-1D42078D39B34ED2816CB26FB6780FAE;SP;Presidente Prudente;Remanescente de Vegetação Nativa;Aguardando análise;AT;0,9880
SP-3541406-1D7DEB29D55C4E92B6E8996C30C25C78;SP;Presidente Prudente;Remanescente de Vegetação Nativa;Analisado, aguardando atendimento a notificação;AT;1,0622
SP-3541406-1D7DEB29D55C4E92B6E8996C30C25C78;SP;Presidente Prudente;Remanescente de Vegetação Nativa;Analisado, aguardando atendimento a notificação;AT;0,0004
SP-3541406-1D7DEB29D55C4E92B6E8996C30C25C78;SP;Presidente Prudente;Remanescente de Vegetação Nativa;Analisado, aguardando atendimento a notificação;AT;7,5187
SP-3541406-1D7DEB29D55C4E92B6E8996C30C25C78;SP;Presidente Prudente;Remanescente de Vegetação Nativa;Analisado, aguardando atendimento a notificação;AT;29,3817
SP-3541406-1D7DEB29D55C4E92B6E8996C30C25C78;SP;Presidente Prudente;Remanescente de Vegetação Nativa;Analisado, aguardando atendimento a notificação;AT;0,3201
SP-3541406-1D7DEB29D55C4E92B6E8996C30C25C78;SP;Presidente Prudente;Remanescente de Vegetação Nativa;Analisado, aguardando atendimento a notificação;AT;0,0145
SP-3541406-1D7DEB29D55C4E92B6E8996C30C25C78;SP;Presidente Prudente;Remanescente de Vegetação Nativa;Analisado, aguardando atendimento a notificação;AT;0,1287
SP-3541406-1D7DEB29D55C4E92B6E8996C30C25C78;SP;Presidente Prudente;Remanescente de Vegetação Nativa;Analisado, aguardando atendimento a notificação;AT;1,7530
SP-3541406-1D7DEB29D55C4E92B6E8996C30C25C78;SP;Presidente Prudente;Remanescente de Vegetação Nativa;Analisado, aguardando atendimento a notificação;AT;0,0249
SP-3541406-1D7DEB29D55C4E92B6E8996C30C25C78;SP;Presidente Prudente;Remanescente de Vegetação Nativa;Analisado, aguardando atendimento a notificação;AT;0,0734
SP-3541406-1D92232ECB194A1AA4CCA77F59C10567;SP;Presidente Prudente;Remanescente de Vegetação Nativa;Analisado, aguardando atendimento a notificação;AT;0,2511
SP-3541406-1DC44750756146DDADCA20156CB54622;SP;Presidente Prudente;Remanescente de Vegetação Nativa;Analisado, em conformidade com a Lei nº 12.651/2012, com ativos ambientais;AT;7,4565
SP-3541406-1DE2C43E3D23444FA6D0015027D2ADEB;SP;Presidente Prudente;Remanescente de Vegetação Nativa;Analisado, aguardando regularização ambiental (Lei nº 12.651/2012);AT;3,9552
SP-3541406-1DEEFE9ABFBA4938B8AD629AFFB38D28;SP;Presidente Prudente;Remanescente de Vegetação Nativa;Aguardando análise;AT;1,2469
SP-3541406-1E162B94B47C40D4AB6CB98DD9325D26;SP;Presidente Prudente;Remanescente de Vegetação Nativa;Aguardando análise;AT;4,0360
SP-3541406-1E5E4EBA74E04F6280C7F6EE58C7BD2E;SP;Presidente Prudente;Remanescente de Vegetação Nativa;Aguardando análise;AT;4,6252
SP-3541406-1EC9AFDC34D8497F8D76144FADAC9712;SP;Presidente Prudente;Remanescente de Vegetação Nativa;Aguardando análise;AT;3,8579
SP-3541406-1F884D96C18C487EB5D40A667C5A6750;SP;Presidente Prudente;Remanescente de Vegetação Nativa;Aguardando análise;AT;0,0634
SP-3541406-1FA6263E0828478CA39886E9B27046A3;SP;Presidente Prudente;Remanescente de Vegetação Nativa;Aguardando análise;AT;0,7048
SP-3541406-201B4F218C6948F9A020A67B174077D9;SP;Presidente Prudente;Remanescente de Vegetação Nativa;Aguardando análise;AT;0,5166
SP-3541406-2054A950B3EE4039B943EFC45F9F6F8C;SP;Presidente Prudente;Remanescente de Vegetação Nativa;Analisado, aguardando regularização ambiental (Lei nº 12.651/2012);AT;1,1809
SP-3541406-20CA9485994E4DD0B473D578D873A3DB;SP;Presidente Prudente;Remanescente de Vegetação Nativa;Analisado, aguardando atendimento a notificação;AT;0,4267
SP-3541406-211B271030914963BD95DEAF0DCF3139;SP;Presidente Prudente;Remanescente de Vegetação Nativa;Aguardando análise, após revisão ou atendimento da notificação;AT;1,8748
SP-3541406-2146C8AD9098464384469EF0AA507C77;SP;Presidente Prudente;Remanescente de Vegetação Nativa;Analisado, aguardando regularização ambiental (Lei nº 12.651/2012);AT;7,5183
SP-3541406-21484C0A5B8949F5B81E8A8A9A6F91E6;SP;Presidente Prudente;Remanescente de Vegetação Nativa;Aguardando análise;AT;1,3694
SP-3541406-217E3091135E467DA0B4C836F81DE1AB;SP;Presidente Prudente;Remanescente de Vegetação Nativa;Analisado, em conformidade com a Lei nº 12.651/2012, com ativos ambientais;AT;0,7225
SP-3541406-2185D8CC1AD34852A1E39C432262B179;SP;Presidente Prudente;Remanescente de Vegetação Nativa;Aguardando análise;AT;1,5074
SP-3541406-21E58618D83F4DDBBB06AA10663D402D;SP;Presidente Prudente;Remanescente de Vegetação Nativa;Aguardando análise;AT;0,0901
SP-3541406-21E58618D83F4DDBBB06AA10663D402D;SP;Presidente Prudente;Remanescente de Vegetação Nativa;Aguardando análise;AT;0,6590
SP-3541406-21FF70BE5F134FFCB1B65BDD69249670;SP;Presidente Prudente;Remanescente de Vegetação Nativa;Analisado, aguardando regularização ambiental (Lei nº 12.651/2012);AT;10,0552
SP-3541406-22295DF3B0054DA1B22187B2A775D72D;SP;Presidente Prudente;Remanescente de Vegetação Nativa;Aguardando análise;AT;10,1823
SP-3541406-224A978C716248A4ACD7A82FEAFB203E;SP;Presidente Prudente;Remanescente de Vegetação Nativa;Analisado, aguardando regularização ambiental (Lei nº 12.651/2012);AT;2,3476
SP-3541406-22938F504643439BB04A2BE0C295371D;SP;Presidente Prudente;Remanescente de Vegetação Nativa;Aguardando análise;AT;0,1751
SP-3541406-22A6A1E1890C490BB9365792DA89C0E8;SP;Presidente Prudente;Remanescente de Vegetação Nativa;Analisado, em conformidade com a Lei nº 12.651/2012, com ativos ambientais;AT;5,7831
SP-3541406-22BF645442994028BFC792E8B021FB2C;SP;Presidente Prudente;Remanescente de Vegetação Nativa;Analisado, aguardando atendimento a notificação;AT;0,8869
SP-3541406-238294E7732944928B7B9C078F86ED5B;SP;Presidente Prudente;Remanescente de Vegetação Nativa;Aguardando análise;AT;0,2061
SP-3541406-2467F6912ADF4789AF75921504AE8617;SP;Presidente Prudente;Remanescente de Vegetação Nativa;Analisado, em conformidade com a Lei nº 12.651/2012, com ativos ambientais;AT;2,1102
SP-3541406-247F833B216D4F4F8FE3E16120436B04;SP;Presidente Prudente;Remanescente de Vegetação Nativa;Aguardando análise, após revisão ou atendimento da notificação;AT;0,1154
SP-3541406-24A0849B55954DA8BD22562E42203223;SP;Presidente Prudente;Remanescente de Vegetação Nativa;Aguardando análise;AT;5,3193
SP-3541406-24A2A81327FC4996A76598B8D88CA1F2;SP;Presidente Prudente;Remanescente de Vegetação Nativa;Analisado, aguardando regularização ambiental (Lei nº 12.651/2012);AT;3,4482
SP-3541406-24B2AA96B9B14AD8B85377FDD4B695C7;SP;Presidente Prudente;Remanescente de Vegetação Nativa;Aguardando análise, após revisão ou atendimento da notificação;AT;0,0117
SP-3541406-24B2AA96B9B14AD8B85377FDD4B695C7;SP;Presidente Prudente;Remanescente de Vegetação Nativa;Aguardando análise, após revisão ou atendimento da notificação;AT;0,0111
SP-3541406-24B2AA96B9B14AD8B85377FDD4B695C7;SP;Presidente Prudente;Remanescente de Vegetação Nativa;Aguardando análise, após revisão ou atendimento da notificação;AT;0,2328
SP-3541406-24B2AA96B9B14AD8B85377FDD4B695C7;SP;Presidente Prudente;Remanescente de Vegetação Nativa;Aguardando análise, após revisão ou atendimento da notificação;AT;0,2993
SP-3541406-24B5E6330E454B069A8633624DD0AC30;SP;Presidente Prudente;Remanescente de Vegetação Nativa;Aguardando análise, após revisão ou atendimento da notificação;AT;0,2766
SP-3541406-24B5E6330E454B069A8633624DD0AC30;SP;Presidente Prudente;Remanescente de Vegetação Nativa;Aguardando análise, após revisão ou atendimento da notificação;AT;0,0324
SP-3541406-24B5E6330E454B069A8633624DD0AC30;SP;Presidente Prudente;Remanescente de Vegetação Nativa;Aguardando análise, após revisão ou atendimento da notificação;AT;0,1074
SP-3541406-24B5E6330E454B069A8633624DD0AC30;SP;Presidente Prudente;Remanescente de Vegetação Nativa;Aguardando análise, após revisão ou atendimento da notificação;AT;0,1830
SP-3541406-24B5E6330E454B069A8633624DD0AC30;SP;Presidente Prudente;Remanescente de Vegetação Nativa;Aguardando análise, após revisão ou atendimento da notificação;AT;0,0178
SP-3541406-24B5E6330E454B069A8633624DD0AC30;SP;Presidente Prudente;Remanescente de Vegetação Nativa;Aguardando análise, após revisão ou atendimento da notificação;AT;0,1682
SP-3541406-24B5E6330E454B069A8633624DD0AC30;SP;Presidente Prudente;Remanescente de Vegetação Nativa;Aguardando análise, após revisão ou atendimento da notificação;AT;1,4323
SP-3541406-24B5E6330E454B069A8633624DD0AC30;SP;Presidente Prudente;Remanescente de Vegetação Nativa;Aguardando análise, após revisão ou atendimento da notificação;AT;0,1412
SP-3541406-24B5E6330E454B069A8633624DD0AC30;SP;Presidente Prudente;Remanescente de Vegetação Nativa;Aguardando análise, após revisão ou atendimento da notificação;AT;0,2236
SP-3541406-24B5E6330E454B069A8633624DD0AC30;SP;Presidente Prudente;Remanescente de Vegetação Nativa;Aguardando análise, após revisão ou atendimento da notificação;AT;1,6053
SP-3541406-24B5E6330E454B069A8633624DD0AC30;SP;Presidente Prudente;Remanescente de Vegetação Nativa;Aguardando análise, após revisão ou atendimento da notificação;AT;1,0270
SP-3541406-24B5E6330E454B069A8633624DD0AC30;SP;Presidente Prudente;Remanescente de Vegetação Nativa;Aguardando análise, após revisão ou atendimento da notificação;AT;0,0824
SP-3541406-24B5E6330E454B069A8633624DD0AC30;SP;Presidente Prudente;Remanescente de Vegetação Nativa;Aguardando análise, após revisão ou atendimento da notificação;AT;0,3043
SP-3541406-24B5E6330E454B069A8633624DD0AC30;SP;Presidente Prudente;Remanescente de Vegetação Nativa;Aguardando análise, após revisão ou atendimento da notificação;AT;0,0061
SP-3541406-24B5E6330E454B069A8633624DD0AC30;SP;Presidente Prudente;Remanescente de Vegetação Nativa;Aguardando análise, após revisão ou atendimento da notificação;AT;0,0436
SP-3541406-24B5E6330E454B069A8633624DD0AC30;SP;Presidente Prudente;Remanescente de Vegetação Nativa;Aguardando análise, após revisão ou atendimento da notificação;AT;0,0055
SP-3541406-24B5E6330E454B069A8633624DD0AC30;SP;Presidente Prudente;Remanescente de Vegetação Nativa;Aguardando análise, após revisão ou atendimento da notificação;AT;0,0377
SP-3541406-24B5E6330E454B069A8633624DD0AC30;SP;Presidente Prudente;Remanescente de Vegetação Nativa;Aguardando análise, após revisão ou atendimento da notificação;AT;0,1178
SP-3541406-24B5E6330E454B069A8633624DD0AC30;SP;Presidente Prudente;Remanescente de Vegetação Nativa;Aguardando análise, após revisão ou atendimento da notificação;AT;0,0423
SP-3541406-24B5E6330E454B069A8633624DD0AC30;SP;Presidente Prudente;Remanescente de Vegetação Nativa;Aguardando análise, após revisão ou atendimento da notificação;AT;0,8963
SP-3541406-24BB6898643F4B1B8E452998BC5FF7AA;SP;Presidente Prudente;Remanescente de Vegetação Nativa;Aguardando análise, após revisão ou atendimento da notificação;AT;0,3945
SP-3541406-24BB6898643F4B1B8E452998BC5FF7AA;SP;Presidente Prudente;Remanescente de Vegetação Nativa;Aguardando análise, após revisão ou atendimento da notificação;AT;0,2412
SP-3541406-24CF74A1D7B946E3B2464DF11867290F;SP;Presidente Prudente;Remanescente de Vegetação Nativa;Analisado, em conformidade com a Lei nº 12.651/2012, com ativos ambientais;AT;0,4512
SP-3541406-24D845747CAD4BA4801B16DE1D5D4816;SP;Presidente Prudente;Remanescente de Vegetação Nativa;Aguardando análise, após revisão ou atendimento da notificação;AT;2,3255
SP-3541406-24F83167FDF44BBEA9854B8FFF9C0FE7;SP;Presidente Prudente;Remanescente de Vegetação Nativa;Aguardando análise;AT;6,9223
SP-3541406-24FCA19BCDA7455FADBE67EF59C6110E;SP;Presidente Prudente;Remanescente de Vegetação Nativa;Analisado, em conformidade com a Lei nº 12.651/2012, com ativos ambientais;AT;0,0291
SP-3541406-24FF4DDE19FB45089A54D9A73B6E3482;SP;Presidente Prudente;Remanescente de Vegetação Nativa;Analisado, aguardando atendimento a notificação;AT;1,5081
SP-3541406-2550E13CBE874D3DB19DF3C65EC1A327;SP;Presidente Prudente;Remanescente de Vegetação Nativa;Analisado, aguardando regularização ambiental (Lei nº 12.651/2012);AT;0,3393
SP-3541406-25523753D89040299129A63FC7D55C11;SP;Presidente Prudente;Remanescente de Vegetação Nativa;Aguardando análise;AT;0,1027
SP-3541406-25523753D89040299129A63FC7D55C11;SP;Presidente Prudente;Remanescente de Vegetação Nativa;Aguardando análise;AT;0,1242
SP-3541406-25523753D89040299129A63FC7D55C11;SP;Presidente Prudente;Remanescente de Vegetação Nativa;Aguardando análise;AT;1,1223
SP-3541406-25523753D89040299129A63FC7D55C11;SP;Presidente Prudente;Remanescente de Vegetação Nativa;Aguardando análise;AT;15,8373
SP-3541406-25523753D89040299129A63FC7D55C11;SP;Presidente Prudente;Remanescente de Vegetação Nativa;Aguardando análise;AT;0,0315
SP-3541406-25523753D89040299129A63FC7D55C11;SP;Presidente Prudente;Remanescente de Vegetação Nativa;Aguardando análise;AT;0,1405
SP-3541406-25523753D89040299129A63FC7D55C11;SP;Presidente Prudente;Remanescente de Vegetação Nativa;Aguardando análise;AT;0,2446
SP-3541406-25523753D89040299129A63FC7D55C11;SP;Presidente Prudente;Remanescente de Vegetação Nativa;Aguardando análise;AT;0,1516
SP-3541406-25523753D89040299129A63FC7D55C11;SP;Presidente Prudente;Remanescente de Vegetação Nativa;Aguardando análise;AT;0,0345
SP-3541406-25523753D89040299129A63FC7D55C11;SP;Presidente Prudente;Remanescente de Vegetação Nativa;Aguardando análise;AT;0,2745
SP-3541406-25523753D89040299129A63FC7D55C11;SP;Presidente Prudente;Remanescente de Vegetação Nativa;Aguardando análise;AT;0,2033
SP-3541406-25523753D89040299129A63FC7D55C11;SP;Presidente Prudente;Remanescente de Vegetação Nativa;Aguardando análise;AT;0,0346
SP-3541406-25523753D89040299129A63FC7D55C11;SP;Presidente Prudente;Remanescente de Vegetação Nativa;Aguardando análise;AT;0,2798
SP-3541406-25523753D89040299129A63FC7D55C11;SP;Presidente Prudente;Remanescente de Vegetação Nativa;Aguardando análise;AT;0,4572
SP-3541406-25523753D89040299129A63FC7D55C11;SP;Presidente Prudente;Remanescente de Vegetação Nativa;Aguardando análise;AT;2,5270
SP-3541406-25523753D89040299129A63FC7D55C11;SP;Presidente Prudente;Remanescente de Vegetação Nativa;Aguardando análise;AT;1,8945
SP-3541406-25523753D89040299129A63FC7D55C11;SP;Presidente Prudente;Remanescente de Vegetação Nativa;Aguardando análise;AT;0,3461
SP-3541406-25523753D89040299129A63FC7D55C11;SP;Presidente Prudente;Remanescente de Vegetação Nativa;Aguardando análise;AT;3,5574
SP-3541406-25523753D89040299129A63FC7D55C11;SP;Presidente Prudente;Remanescente de Vegetação Nativa;Aguardando análise;AT;0,4099
SP-3541406-25523753D89040299129A63FC7D55C11;SP;Presidente Prudente;Remanescente de Vegetação Nativa;Aguardando análise;AT;0,1585
SP-3541406-25523753D89040299129A63FC7D55C11;SP;Presidente Prudente;Remanescente de Vegetação Nativa;Aguardando análise;AT;6,2516
SP-3541406-2582FEE3E8CC4404BE795D7ED82F7576;SP;Presidente Prudente;Remanescente de Vegetação Nativa;Analisado, aguardando atendimento a notificação;AT;0,2191
SP-3541406-2582FEE3E8CC4404BE795D7ED82F7576;SP;Presidente Prudente;Remanescente de Vegetação Nativa;Analisado, aguardando atendimento a notificação;AT;0,0575
SP-3541406-2582FEE3E8CC4404BE795D7ED82F7576;SP;Presidente Prudente;Remanescente de Vegetação Nativa;Analisado, aguardando atendimento a notificação;AT;0,1764
SP-3541406-2582FEE3E8CC4404BE795D7ED82F7576;SP;Presidente Prudente;Remanescente de Vegetação Nativa;Analisado, aguardando atendimento a notificação;AT;0,0354
SP-3541406-2582FEE3E8CC4404BE795D7ED82F7576;SP;Presidente Prudente;Remanescente de Vegetação Nativa;Analisado, aguardando atendimento a notificação;AT;0,8836
SP-3541406-2582FEE3E8CC4404BE795D7ED82F7576;SP;Presidente Prudente;Remanescente de Vegetação Nativa;Analisado, aguardando atendimento a notificação;AT;0,0909
SP-3541406-2582FEE3E8CC4404BE795D7ED82F7576;SP;Presidente Prudente;Remanescente de Vegetação Nativa;Analisado, aguardando atendimento a notificação;AT;0,0189
SP-3541406-2582FEE3E8CC4404BE795D7ED82F7576;SP;Presidente Prudente;Remanescente de Vegetação Nativa;Analisado, aguardando atendimento a notificação;AT;0,0560
SP-3541406-2582FEE3E8CC4404BE795D7ED82F7576;SP;Presidente Prudente;Remanescente de Vegetação Nativa;Analisado, aguardando atendimento a notificação;AT;0,0242
SP-3541406-25DFD8EC7821458D842FDBEBC4F33FC0;SP;Presidente Prudente;Remanescente de Vegetação Nativa;Analisado, em conformidade com a Lei nº 12.651/2012, com ativos ambientais;AT;0,5719
SP-3541406-2605715640F44B60B4618467CEDF4035;SP;Presidente Prudente;Remanescente de Vegetação Nativa;Analisado, em conformidade com a Lei nº 12.651/2012, com ativos ambientais;AT;0,4344
SP-3541406-26AA3D1D829B4D7C940240C9BA2E4046;SP;Presidente Prudente;Remanescente de Vegetação Nativa;Aguardando análise;AT;7,3704
SP-3541406-26D62FF01B5B4DD9806569864872A868;SP;Presidente Prudente;Remanescente de Vegetação Nativa;Analisado, aguardando regularização ambiental (Lei nº 12.651/2012);AT;2,1111
SP-3541406-26D7048DD9E3408583586957581A7295;SP;Presidente Prudente;Remanescente de Vegetação Nativa;Aguardando análise;AT;2,7709
SP-3541406-26F991ED18434276B770A85C5093995F;SP;Presidente Prudente;Remanescente de Vegetação Nativa;Analisado, em conformidade com a Lei nº 12.651/2012, com ativos ambientais;AT;2,4778
SP-3541406-272507A9F957470DA0DD066883BFF0DA;SP;Presidente Prudente;Remanescente de Vegetação Nativa;Analisado, aguardando atendimento a notificação;AT;3,0712
SP-3541406-272507A9F957470DA0DD066883BFF0DA;SP;Presidente Prudente;Remanescente de Vegetação Nativa;Analisado, aguardando atendimento a notificação;AT;9,1238
SP-3541406-272507A9F957470DA0DD066883BFF0DA;SP;Presidente Prudente;Remanescente de Vegetação Nativa;Analisado, aguardando atendimento a notificação;AT;0,7011
SP-3541406-27426AFEEDD74893ACDD9E5CD05CB348;SP;Presidente Prudente;Remanescente de Vegetação Nativa;Analisado, em conformidade com a Lei nº 12.651/2012, com ativos ambientais;AT;0,2718
SP-3541406-277A0E397E984DD4949D1517331A5702;SP;Presidente Prudente;Remanescente de Vegetação Nativa;Analisado, aguardando atendimento a notificação;AT;1,8829
SP-3541406-277A0E397E984DD4949D1517331A5702;SP;Presidente Prudente;Remanescente de Vegetação Nativa;Analisado, aguardando atendimento a notificação;AT;6,7653
SP-3541406-277A0E397E984DD4949D1517331A5702;SP;Presidente Prudente;Remanescente de Vegetação Nativa;Analisado, aguardando atendimento a notificação;AT;0,2507
SP-3541406-277A0E397E984DD4949D1517331A5702;SP;Presidente Prudente;Remanescente de Vegetação Nativa;Analisado, aguardando atendimento a notificação;AT;1,4349
SP-3541406-277A0E397E984DD4949D1517331A5702;SP;Presidente Prudente;Remanescente de Vegetação Nativa;Analisado, aguardando atendimento a notificação;AT;0,6016
SP-3541406-277A0E397E984DD4949D1517331A5702;SP;Presidente Prudente;Remanescente de Vegetação Nativa;Analisado, aguardando atendimento a notificação;AT;0,3628
SP-3541406-277A0E397E984DD4949D1517331A5702;SP;Presidente Prudente;Remanescente de Vegetação Nativa;Analisado, aguardando atendimento a notificação;AT;0,9048
SP-3541406-277A0E397E984DD4949D1517331A5702;SP;Presidente Prudente;Remanescente de Vegetação Nativa;Analisado, aguardando atendimento a notificação;AT;0,3303
SP-3541406-27847D6B76C9479480B59623CAB66795;SP;Presidente Prudente;Remanescente de Vegetação Nativa;Analisado, aguardando regularização ambiental (Lei nº 12.651/2012);AT;5,4382
SP-3541406-27BFEF61CB744690A0A25018C66B3E4F;SP;Presidente Prudente;Remanescente de Vegetação Nativa;Aguardando análise;AT;0,3838
SP-3541406-27C174A9BFC44BD18584ECA05FA65701;SP;Presidente Prudente;Remanescente de Vegetação Nativa;Analisado, em conformidade com a Lei nº 12.651/2012, com ativos ambientais;AT;1,2910
SP-3541406-2858B623B5A94B71A0ACA20A647C8B63;SP;Presidente Prudente;Remanescente de Vegetação Nativa;Analisado, em conformidade com a Lei nº 12.651/2012, com ativos ambientais;AT;0,8094
SP-3541406-28972E939BF0447EAF9BE5E276A63B2E;SP;Presidente Prudente;Remanescente de Vegetação Nativa;Aguardando análise;AT;0,7031
SP-3541406-28A6E7F8986945C98612FE04293F2998;SP;Presidente Prudente;Remanescente de Vegetação Nativa;Analisado, em conformidade com a Lei nº 12.651/2012, com ativos ambientais;AT;3,3343
SP-3541406-28BE4BD5760E4C70B081F50311088606;SP;Presidente Prudente;Remanescente de Vegetação Nativa;Analisado, em conformidade com a Lei nº 12.651/2012, com ativos ambientais;AT;0,4068
SP-3541406-28E54F53F56841308A520BA974588D64;SP;Presidente Prudente;Remanescente de Vegetação Nativa;Aguardando análise;AT;0,2113
SP-3541406-28E54F53F56841308A520BA974588D64;SP;Presidente Prudente;Remanescente de Vegetação Nativa;Aguardando análise;AT;0,4942
SP-3541406-28E54F53F56841308A520BA974588D64;SP;Presidente Prudente;Remanescente de Vegetação Nativa;Aguardando análise;AT;0,0512
SP-3541406-2940EEA5638B4C28A8CDAAC31820D44C;SP;Presidente Prudente;Remanescente de Vegetação Nativa;Analisado, em conformidade com a Lei nº 12.651/2012, com ativos ambientais;AT;1,7960
SP-3541406-294CD688DD9748209E3E1C1549FD0D82;SP;Presidente Prudente;Remanescente de Vegetação Nativa;Analisado, em conformidade com a Lei nº 12.651/2012, com ativos ambientais;AT;0,7142
SP-3541406-29850633914046A4978E32570A4655C1;SP;Presidente Prudente;Remanescente de Vegetação Nativa;Aguardando análise;AT;1,6482
SP-3541406-29FD03710D94415994B77699A306E708;SP;Presidente Prudente;Remanescente de Vegetação Nativa;Analisado, em conformidade com a Lei nº 12.651/2012, com ativos ambientais;AT;1,3510
SP-3541406-2A50EF2293EC4788B3A7112A4BC973F9;SP;Presidente Prudente;Remanescente de Vegetação Nativa;Analisado, em conformidade com a Lei nº 12.651/2012, com ativos ambientais;AT;0,4428
SP-3541406-2A666D6ABD8546A9B2E92BA85AB151DB;SP;Presidente Prudente;Remanescente de Vegetação Nativa;Analisado, em conformidade com a Lei nº 12.651/2012, com ativos ambientais;AT;0,4996
SP-3541406-2A94F45417DF412CB24511B0871CE4EB;SP;Presidente Prudente;Remanescente de Vegetação Nativa;Aguardando análise, após revisão ou atendimento da notificação;AT;2,7737
SP-3541406-2AE491E238DE4B94990282F06CC41360;SP;Presidente Prudente;Remanescente de Vegetação Nativa;Analisado, em conformidade com a Lei nº 12.651/2012, com ativos ambientais;AT;0,0016
SP-3541406-2B39DAC6108449F8A986177EA476A520;SP;Presidente Prudente;Remanescente de Vegetação Nativa;Aguardando análise;AT;0,1314
SP-3541406-2B39DAC6108449F8A986177EA476A520;SP;Presidente Prudente;Remanescente de Vegetação Nativa;Aguardando análise;AT;0,0330
SP-3541406-2B54F284FC584E39A627CDBB6BD5AD6D;SP;Presidente Prudente;Remanescente de Vegetação Nativa;Aguardando análise, após revisão ou atendimento da notificação;AT;0,7508
SP-3541406-2B54F284FC584E39A627CDBB6BD5AD6D;SP;Presidente Prudente;Remanescente de Vegetação Nativa;Aguardando análise, após revisão ou atendimento da notificação;AT;1,3955
SP-3541406-2B54F284FC584E39A627CDBB6BD5AD6D;SP;Presidente Prudente;Remanescente de Vegetação Nativa;Aguardando análise, após revisão ou atendimento da notificação;AT;0,2137
SP-3541406-2B54F284FC584E39A627CDBB6BD5AD6D;SP;Presidente Prudente;Remanescente de Vegetação Nativa;Aguardando análise, após revisão ou atendimento da notificação;AT;0,7061
SP-3541406-2B54F284FC584E39A627CDBB6BD5AD6D;SP;Presidente Prudente;Remanescente de Vegetação Nativa;Aguardando análise, após revisão ou atendimento da notificação;AT;1,1677
SP-3541406-2B54F284FC584E39A627CDBB6BD5AD6D;SP;Presidente Prudente;Remanescente de Vegetação Nativa;Aguardando análise, após revisão ou atendimento da notificação;AT;0,0974
SP-3541406-2B8B29ED0CE345558D48F433B01F58C2;SP;Presidente Prudente;Remanescente de Vegetação Nativa;Aguardando análise, após revisão ou atendimento da notificação;AT;2,0569
SP-3541406-2B8B29ED0CE345558D48F433B01F58C2;SP;Presidente Prudente;Remanescente de Vegetação Nativa;Aguardando análise, após revisão ou atendimento da notificação;AT;0,0951
SP-3541406-2B8B29ED0CE345558D48F433B01F58C2;SP;Presidente Prudente;Remanescente de Vegetação Nativa;Aguardando análise, após revisão ou atendimento da notificação;AT;1,0459
SP-3541406-2B8B29ED0CE345558D48F433B01F58C2;SP;Presidente Prudente;Remanescente de Vegetação Nativa;Aguardando análise, após revisão ou atendimento da notificação;AT;1,4837
SP-3541406-2B8B29ED0CE345558D48F433B01F58C2;SP;Presidente Prudente;Remanescente de Vegetação Nativa;Aguardando análise, após revisão ou atendimento da notificação;AT;0,1710
SP-3541406-2B8DF684A34E46AAAC040BA2C09D15FE;SP;Presidente Prudente;Remanescente de Vegetação Nativa;Aguardando análise;AT;11,2371
SP-3541406-2B9F1DD0E3864712B0B9EA6B33071ECE;SP;Presidente Prudente;Remanescente de Vegetação Nativa;Analisado, em conformidade com a Lei nº 12.651/2012, com ativos ambientais;AT;0,9462
SP-3541406-2BA5F146EB1A4447A3089ABC578CC24B;SP;Presidente Prudente;Remanescente de Vegetação Nativa;Aguardando análise, após revisão ou atendimento da notificação;AT;0,4943
SP-3541406-2C095D35A2E646B5B3F2AA5334624C3B;SP;Presidente Prudente;Remanescente de Vegetação Nativa;Analisado, em conformidade com a Lei nº 12.651/2012, com ativos ambientais;AT;2,7293
SP-3541406-2CE76B715098429BB0CEB1235E36CCEC;SP;Presidente Prudente;Remanescente de Vegetação Nativa;Analisado, em conformidade com a Lei nº 12.651/2012, com ativos ambientais;AT;8,4617
SP-3541406-2CEC5A0404BD4FED935C385F31D3D619;SP;Presidente Prudente;Remanescente de Vegetação Nativa;Analisado, aguardando regularização ambiental (Lei nº 12.651/2012);AT;3,7390
SP-3541406-2D43210D0668485281E7A5BD3FA9818F;SP;Presidente Prudente;Remanescente de Vegetação Nativa;Analisado, em conformidade com a Lei nº 12.651/2012, com ativos ambientais;AT;1,4720
SP-3541406-2D92EA8A44C84076A571C0ED83E96634;SP;Presidente Prudente;Remanescente de Vegetação Nativa;Analisado, em conformidade com a Lei nº 12.651/2012, com ativos ambientais;AT;0,4140
SP-3541406-2D9AFE6F87DD453B9303C58CA2F07D7B;SP;Presidente Prudente;Remanescente de Vegetação Nativa;Analisado, em conformidade com a Lei nº 12.651/2012, com ativos ambientais;AT;1,1525
SP-3541406-2E3A17040C0B4497B68F6F9339F2F821;SP;Presidente Prudente;Remanescente de Vegetação Nativa;Analisado, aguardando atendimento a notificação;AT;0,8830
SP-3541406-2E62154616FA448281D24D84F4F443F9;SP;Presidente Prudente;Remanescente de Vegetação Nativa;Analisado, em conformidade com a Lei nº 12.651/2012, com ativos ambientais;AT;0,6744
SP-3541406-2E8DF1A3F3844C79A601DFFA00C0E78B;SP;Presidente Prudente;Remanescente de Vegetação Nativa;Analisado, aguardando regularização ambiental (Lei nº 12.651/2012);AT;2,5941
SP-3541406-2F053444E8C549C5991192B0A2A48D75;SP;Presidente Prudente;Remanescente de Vegetação Nativa;Analisado, em conformidade com a Lei nº 12.651/2012, com ativos ambientais;AT;0,2594
SP-3541406-2F0CE246181A46FC966C71F148324988;SP;Presidente Prudente;Remanescente de Vegetação Nativa;Aguardando análise, após revisão ou atendimento da notificação;AT;0,1805
SP-3541406-2FCD0547C78545E0B09BEB315062E4C6;SP;Presidente Prudente;Remanescente de Vegetação Nativa;Analisado, em conformidade com a Lei nº 12.651/2012, com ativos ambientais;AT;2,3757
SP-3541406-302EF4A9BCAA48CC8702FE559418D3A7;SP;Presidente Prudente;Remanescente de Vegetação Nativa;Aguardando análise;AT;42,9134
SP-3541406-302EF4A9BCAA48CC8702FE559418D3A7;SP;Presidente Prudente;Remanescente de Vegetação Nativa;Aguardando análise;AT;8,0796
SP-3541406-302EF4A9BCAA48CC8702FE559418D3A7;SP;Presidente Prudente;Remanescente de Vegetação Nativa;Aguardando análise;AT;101,9824
SP-3541406-302EF4A9BCAA48CC8702FE559418D3A7;SP;Presidente Prudente;Remanescente de Vegetação Nativa;Aguardando análise;AT;9,6789
SP-3541406-302EF4A9BCAA48CC8702FE559418D3A7;SP;Presidente Prudente;Remanescente de Vegetação Nativa;Aguardando análise;AT;14,5838
SP-3541406-302EF4A9BCAA48CC8702FE559418D3A7;SP;Presidente Prudente;Remanescente de Vegetação Nativa;Aguardando análise;AT;14,6631
SP-3541406-302EF4A9BCAA48CC8702FE559418D3A7;SP;Presidente Prudente;Remanescente de Vegetação Nativa;Aguardando análise;AT;2,1574
SP-3541406-302EF4A9BCAA48CC8702FE559418D3A7;SP;Presidente Prudente;Remanescente de Vegetação Nativa;Aguardando análise;AT;15,7244
SP-3541406-3050551F04E7423DA52960FCDABFDF6C;SP;Presidente Prudente;Remanescente de Vegetação Nativa;Analisado, em conformidade com a Lei nº 12.651/2012, com ativos ambientais;AT;1,6728
SP-3541406-3074B182E0CB40EB8AFECAA773AFDD40;SP;Presidente Prudente;Remanescente de Vegetação Nativa;Analisado, em conformidade com a Lei nº 12.651/2012, com ativos ambientais;AT;1,0632
SP-3541406-30954496F5DE4ED7A73C21F2C3D0AD88;SP;Presidente Prudente;Remanescente de Vegetação Nativa;Analisado, aguardando atendimento a notificação;AT;6,8014
SP-3541406-309CD2DFF99E4AA2A7F82C3EFC62E7CF;SP;Presidente Prudente;Remanescente de Vegetação Nativa;Analisado, aguardando atendimento a notificação;AT;1,5094
SP-3541406-309E91049381432A88F04F183469CC27;SP;Presidente Prudente;Remanescente de Vegetação Nativa;Analisado, aguardando atendimento a notificação;AT;0,0256
SP-3541406-30B38FB7A5CB48388C9C6978FF478C01;SP;Presidente Prudente;Remanescente de Vegetação Nativa;Analisado, aguardando atendimento a notificação;AT;0,5380
SP-3541406-30BB5D8CEEAC46869B3CDAAA8B7AC9CC;SP;Presidente Prudente;Remanescente de Vegetação Nativa;Aguardando análise;AT;1,1628
SP-3541406-30F982494FB94BA0A9B160D14327EC36;SP;Presidente Prudente;Remanescente de Vegetação Nativa;Analisado, em conformidade com a Lei nº 12.651/2012, com ativos ambientais;AT;2,1699
SP-3541406-31B0B314C9EC493CB1363D84A25FE48E;SP;Presidente Prudente;Remanescente de Vegetação Nativa;Analisado, em conformidade com a Lei nº 12.651/2012, com ativos ambientais;AT;0,8535
SP-3541406-32AD3107AB4142E8B89D19FEB49BB20A;SP;Presidente Prudente;Remanescente de Vegetação Nativa;Aguardando análise, após revisão ou atendimento da notificação;AT;0,0273
SP-3541406-32B90104B112402E9CD47B3F15297C6D;SP;Presidente Prudente;Remanescente de Vegetação Nativa;Aguardando análise;AT;1,4904
SP-3541406-32F082775EFA4BFB880D3FFF589CB8AD;SP;Presidente Prudente;Remanescente de Vegetação Nativa;Aguardando análise;AT;0,6440
SP-3541406-32F082775EFA4BFB880D3FFF589CB8AD;SP;Presidente Prudente;Remanescente de Vegetação Nativa;Aguardando análise;AT;0,2669
SP-3541406-32F082775EFA4BFB880D3FFF589CB8AD;SP;Presidente Prudente;Remanescente de Vegetação Nativa;Aguardando análise;AT;0,8953
SP-3541406-330CA6FCD90048A6B4CF73A25EA9CFDE;SP;Presidente Prudente;Remanescente de Vegetação Nativa;Analisado, em conformidade com a Lei nº 12.651/2012, com ativos ambientais;AT;3,3472
SP-3541406-330D05FD03444E049DD6FFD03CD60402;SP;Presidente Prudente;Remanescente de Vegetação Nativa;Aguardando análise;AT;1,1386
SP-3541406-3372C768CC14403DA812BF76B1E4F7C2;SP;Presidente Prudente;Remanescente de Vegetação Nativa;Aguardando análise;AT;1,7493
SP-3541406-338250F212D94476B8C6AD3F150C18F4;SP;Presidente Prudente;Remanescente de Vegetação Nativa;Analisado, em conformidade com a Lei nº 12.651/2012, com ativos ambientais;AT;4,9800
SP-3541406-33D3C9880C7542CEAEC72096BDB6C51E;SP;Presidente Prudente;Remanescente de Vegetação Nativa;Analisado, em conformidade com a Lei nº 12.651/2012, com ativos ambientais;AT;1,3651
SP-3541406-3402563EBC124F689F5B2833EA8ACA59;SP;Presidente Prudente;Remanescente de Vegetação Nativa;Analisado, em conformidade com a Lei nº 12.651/2012, com ativos ambientais;AT;2,4408
SP-3541406-34560EC93A6F415A807BB98658BE9697;SP;Presidente Prudente;Remanescente de Vegetação Nativa;Aguardando análise, após revisão ou atendimento da notificação;AT;2,8697
SP-3541406-34715740651F4B149624B2DF79D1023F;SP;Presidente Prudente;Remanescente de Vegetação Nativa;Aguardando análise;AT;0,0079
SP-3541406-347EA48EA58849BB8B96D861B013685F;SP;Presidente Prudente;Remanescente de Vegetação Nativa;Aguardando análise;AT;0,8888
SP-3541406-348DCEB6247142A28C4645987C99F333;SP;Presidente Prudente;Remanescente de Vegetação Nativa;Analisado, aguardando atendimento a notificação;AT;0,0642
SP-3541406-34DEB14F3EDB4037A1D2C068AC2C92E1;SP;Presidente Prudente;Remanescente de Vegetação Nativa;Analisado, aguardando atendimento a notificação;AT;0,7177
SP-3541406-3508BA1F778E44BE8071E07D886CCD85;SP;Presidente Prudente;Remanescente de Vegetação Nativa;Analisado, aguardando regularização ambiental (Lei nº 12.651/2012);AT;1,2857
SP-3541406-351A2607B0524FB88CA990560E01A865;SP;Presidente Prudente;Remanescente de Vegetação Nativa;Analisado, aguardando atendimento a notificação;AT;0,8086
SP-3541406-352BA589886F47E794F306AE0DBF90B7;SP;Presidente Prudente;Remanescente de Vegetação Nativa;Analisado, em conformidade com a Lei nº 12.651/2012, com ativos ambientais;AT;2,9150
SP-3541406-3582A0FAE7C24FFFA2A245F24085DE54;SP;Presidente Prudente;Remanescente de Vegetação Nativa;Aguardando análise, após revisão ou atendimento da notificação;AT;0,7089
SP-3541406-35AF129E42EF4A25A2E295F5175B2D98;SP;Presidente Prudente;Remanescente de Vegetação Nativa;Analisado, em conformidade com a Lei nº 12.651/2012, com ativos ambientais;AT;4,6530
SP-3541406-35D6BEFE28B944D98B22222C9C28DF6D;SP;Presidente Prudente;Remanescente de Vegetação Nativa;Aguardando análise;AT;3,6874
SP-3541406-35EC968F470E4271A391073E120F207D;SP;Presidente Prudente;Remanescente de Vegetação Nativa;Aguardando análise;AT;4,1546
SP-3541406-371DD570949942CFA9182FCEEBDED20C;SP;Presidente Prudente;Remanescente de Vegetação Nativa;Analisado, em conformidade com a Lei nº 12.651/2012, com ativos ambientais;AT;0,8942
SP-3541406-372E3CCC37C1494EAAE1D3AF237DA6B2;SP;Presidente Prudente;Remanescente de Vegetação Nativa;Analisado, em conformidade com a Lei nº 12.651/2012, com ativos ambientais;AT;3,4831
SP-3541406-37630EC41AA1406A981190216275107D;SP;Presidente Prudente;Remanescente de Vegetação Nativa;Aguardando análise, após revisão ou atendimento da notificação;AT;0,6880
SP-3541406-37630EC41AA1406A981190216275107D;SP;Presidente Prudente;Remanescente de Vegetação Nativa;Aguardando análise, após revisão ou atendimento da notificação;AT;0,2715
SP-3541406-37630EC41AA1406A981190216275107D;SP;Presidente Prudente;Remanescente de Vegetação Nativa;Aguardando análise, após revisão ou atendimento da notificação;AT;0,1395
SP-3541406-37630EC41AA1406A981190216275107D;SP;Presidente Prudente;Remanescente de Vegetação Nativa;Aguardando análise, após revisão ou atendimento da notificação;AT;0,9569
SP-3541406-37A8EC27D36C40FB8F516DCFD049EE2C;SP;Presidente Prudente;Remanescente de Vegetação Nativa;Analisado, aguardando regularização ambiental (Lei nº 12.651/2012);AT;1,1542
SP-3541406-37CB9B68E89B4DF299CA2629CE7F96D3;SP;Presidente Prudente;Remanescente de Vegetação Nativa;Aguardando análise;AT;2,4874
SP-3541406-38D69ADB22B64189BA7EB3ECD1465296;SP;Presidente Prudente;Remanescente de Vegetação Nativa;Aguardando análise, após revisão ou atendimento da notificação;AT;0,8839
SP-3541406-38D69ADB22B64189BA7EB3ECD1465296;SP;Presidente Prudente;Remanescente de Vegetação Nativa;Aguardando análise, após revisão ou atendimento da notificação;AT;0,1295
SP-3541406-392E33F4D2914291BAAB5E0651F242F1;SP;Presidente Prudente;Remanescente de Vegetação Nativa;Analisado, aguardando regularização ambiental (Lei nº 12.651/2012);AT;2,3407
SP-3541406-3943CEF34A174059A0785E7E36B20D7A;SP;Presidente Prudente;Remanescente de Vegetação Nativa;Aguardando análise, após revisão ou atendimento da notificação;AT;0,0119
SP-3541406-3943CEF34A174059A0785E7E36B20D7A;SP;Presidente Prudente;Remanescente de Vegetação Nativa;Aguardando análise, após revisão ou atendimento da notificação;AT;0,1498
SP-3541406-39A19BB16E964C2BB7411C6362773D73;SP;Presidente Prudente;Remanescente de Vegetação Nativa;Aguardando análise;AT;0,0217
SP-3541406-39A19BB16E964C2BB7411C6362773D73;SP;Presidente Prudente;Remanescente de Vegetação Nativa;Aguardando análise;AT;0,0392
SP-3541406-39E090D948D64732A7012591781ADF0E;SP;Presidente Prudente;Remanescente de Vegetação Nativa;Analisado, em conformidade com a Lei nº 12.651/2012, com ativos ambientais;AT;0,6133
SP-3541406-3A3A228B5E90490DAE791AB7DCB71844;SP;Presidente Prudente;Remanescente de Vegetação Nativa;Aguardando análise, após revisão ou atendimento da notificação;AT;3,0636
SP-3541406-3A4BF62C92044FAFAE3721A6EAABA320;SP;Presidente Prudente;Remanescente de Vegetação Nativa;Analisado, em conformidade com a Lei nº 12.651/2012, com ativos ambientais;AT;2,1965
SP-3541406-3AA47F76931F481A84B2B258355CEA44;SP;Presidente Prudente;Remanescente de Vegetação Nativa;Analisado, aguardando atendimento a notificação;AT;0,2624
SP-3541406-3AD106B4CE764D9D8DB537CF8BC9685C;SP;Presidente Prudente;Remanescente de Vegetação Nativa;Aguardando análise;AT;1,1822
SP-3541406-3AD106B4CE764D9D8DB537CF8BC9685C;SP;Presidente Prudente;Remanescente de Vegetação Nativa;Aguardando análise;AT;0,6626
SP-3541406-3AD106B4CE764D9D8DB537CF8BC9685C;SP;Presidente Prudente;Remanescente de Vegetação Nativa;Aguardando análise;AT;0,3998
SP-3541406-3AD106B4CE764D9D8DB537CF8BC9685C;SP;Presidente Prudente;Remanescente de Vegetação Nativa;Aguardando análise;AT;0,3379
SP-3541406-3AD106B4CE764D9D8DB537CF8BC9685C;SP;Presidente Prudente;Remanescente de Vegetação Nativa;Aguardando análise;AT;0,3205
SP-3541406-3AD106B4CE764D9D8DB537CF8BC9685C;SP;Presidente Prudente;Remanescente de Vegetação Nativa;Aguardando análise;AT;0,1914
SP-3541406-3AD106B4CE764D9D8DB537CF8BC9685C;SP;Presidente Prudente;Remanescente de Vegetação Nativa;Aguardando análise;AT;0,1868
SP-3541406-3AD106B4CE764D9D8DB537CF8BC9685C;SP;Presidente Prudente;Remanescente de Vegetação Nativa;Aguardando análise;AT;0,1737
SP-3541406-3AD106B4CE764D9D8DB537CF8BC9685C;SP;Presidente Prudente;Remanescente de Vegetação Nativa;Aguardando análise;AT;3,3014
SP-3541406-3AD106B4CE764D9D8DB537CF8BC9685C;SP;Presidente Prudente;Remanescente de Vegetação Nativa;Aguardando análise;AT;2,9593
SP-3541406-3AD106B4CE764D9D8DB537CF8BC9685C;SP;Presidente Prudente;Remanescente de Vegetação Nativa;Aguardando análise;AT;2,8920
SP-3541406-3AD106B4CE764D9D8DB537CF8BC9685C;SP;Presidente Prudente;Remanescente de Vegetação Nativa;Aguardando análise;AT;1,7737
SP-3541406-3AD106B4CE764D9D8DB537CF8BC9685C;SP;Presidente Prudente;Remanescente de Vegetação Nativa;Aguardando análise;AT;1,7089
SP-3541406-3AD106B4CE764D9D8DB537CF8BC9685C;SP;Presidente Prudente;Remanescente de Vegetação Nativa;Aguardando análise;AT;1,3896
SP-3541406-3B32048734EB41D6BA5F8C873DD03FAB;SP;Presidente Prudente;Remanescente de Vegetação Nativa;Analisado, em conformidade com a Lei nº 12.651/2012, com ativos ambientais;AT;0,2183
SP-3541406-3C2954D9071741AD9983717338332E6F;SP;Presidente Prudente;Remanescente de Vegetação Nativa;Analisado, aguardando regularização ambiental (Lei nº 12.651/2012);AT;0,9059
SP-3541406-3C4DC8E9BF304106BA8CE105449DC0A3;SP;Presidente Prudente;Remanescente de Vegetação Nativa;Aguardando análise;AT;0,0147
SP-3541406-3C4DC8E9BF304106BA8CE105449DC0A3;SP;Presidente Prudente;Remanescente de Vegetação Nativa;Aguardando análise;AT;0,0109
SP-3541406-3C4DC8E9BF304106BA8CE105449DC0A3;SP;Presidente Prudente;Remanescente de Vegetação Nativa;Aguardando análise;AT;0,0559
SP-3541406-3C4DC8E9BF304106BA8CE105449DC0A3;SP;Presidente Prudente;Remanescente de Vegetação Nativa;Aguardando análise;AT;0,6539
SP-3541406-3CB6B89E883442D691DB943A4CC38FD4;SP;Presidente Prudente;Remanescente de Vegetação Nativa;Analisado, aguardando regularização ambiental (Lei nº 12.651/2012);AT;0,0177
SP-3541406-3CC40C2D17C048449D1D09360DB5D14B;SP;Presidente Prudente;Remanescente de Vegetação Nativa;Aguardando análise;AT;0,0758
SP-3541406-3CC40C2D17C048449D1D09360DB5D14B;SP;Presidente Prudente;Remanescente de Vegetação Nativa;Aguardando análise;AT;0,3034
SP-3541406-3CC40C2D17C048449D1D09360DB5D14B;SP;Presidente Prudente;Remanescente de Vegetação Nativa;Aguardando análise;AT;0,0686
SP-3541406-3CC40C2D17C048449D1D09360DB5D14B;SP;Presidente Prudente;Remanescente de Vegetação Nativa;Aguardando análise;AT;1,2462
SP-3541406-3DA78E4AFC89428CA77EA195712F3FDB;SP;Presidente Prudente;Remanescente de Vegetação Nativa;Aguardando análise;AT;0,2994
SP-3541406-3DE88081E7DB4341B8B11B748F8699C1;SP;Presidente Prudente;Remanescente de Vegetação Nativa;Analisado, em conformidade com a Lei nº 12.651/2012, com ativos ambientais;AT;14,6363
SP-3541406-3E0A7E1D0DEF4E9E9C6EC52E0249BB2C;SP;Presidente Prudente;Remanescente de Vegetação Nativa;Aguardando análise;AT;0,2493
SP-3541406-3E172D1FA35647DBA97CAA3E46D67153;SP;Presidente Prudente;Remanescente de Vegetação Nativa;Analisado, em conformidade com a Lei nº 12.651/2012, com ativos ambientais;AT;11,0774
SP-3541406-3E486177E10D41FDB2F5DC8495F208E6;SP;Presidente Prudente;Remanescente de Vegetação Nativa;Analisado, em conformidade com a Lei nº 12.651/2012, com ativos ambientais;AT;0,4496
SP-3541406-3E49C55D21B647B8ACAA9B4B536F29BF;SP;Presidente Prudente;Remanescente de Vegetação Nativa;Analisado, em conformidade com a Lei nº 12.651/2012, com ativos ambientais;AT;1,2227
SP-3541406-3E89568D2F3B4968BB8E56AEB1BA41DD;SP;Presidente Prudente;Remanescente de Vegetação Nativa;Analisado, em conformidade com a Lei nº 12.651/2012, com ativos ambientais;AT;0,1319
SP-3541406-3EB815CC95264450B212EA2DC9D10F88;SP;Presidente Prudente;Remanescente de Vegetação Nativa;Analisado, aguardando atendimento a notificação;AT;2,7633
SP-3541406-3EBEBA2015DE4D98BEA14F6EB7740A3D;SP;Presidente Prudente;Remanescente de Vegetação Nativa;Aguardando análise, após revisão ou atendimento da notificação;AT;1,7596
SP-3541406-3F0273584AE741708C2FE120666C0870;SP;Presidente Prudente;Remanescente de Vegetação Nativa;Analisado, aguardando regularização ambiental (Lei nº 12.651/2012);AT;5,3251
SP-3541406-3F97E382EA0F4FF8873C040B0B6CBD76;SP;Presidente Prudente;Remanescente de Vegetação Nativa;Analisado, em conformidade com a Lei nº 12.651/2012, com ativos ambientais;AT;0,2362
SP-3541406-3FA4AD8291844A3AAD8D932CFE98C6E1;SP;Presidente Prudente;Remanescente de Vegetação Nativa;Aguardando análise;AT;2,6482
SP-3541406-409B64815FD646FD923C985DE3E6910D;SP;Presidente Prudente;Remanescente de Vegetação Nativa;Aguardando análise;AT;1,1361
SP-3541406-40F6FA4128E64AD1852A2507576B0226;SP;Presidente Prudente;Remanescente de Vegetação Nativa;Aguardando análise, após revisão ou atendimento da notificação;AT;0,6297
SP-3541406-40F6FA4128E64AD1852A2507576B0226;SP;Presidente Prudente;Remanescente de Vegetação Nativa;Aguardando análise, após revisão ou atendimento da notificação;AT;0,9220
SP-3541406-41244ED88D724C1192AC135DDB218CD7;SP;Presidente Prudente;Remanescente de Vegetação Nativa;Aguardando análise;AT;0,9390
SP-3541406-417E2C1C1AD24FBCA6E942E17B85ECEF;SP;Presidente Prudente;Remanescente de Vegetação Nativa;Aguardando análise, após revisão ou atendimento da notificação;AT;20,0367
SP-3541406-41B0B4E2FE424D50A254786D746BCCE4;SP;Presidente Prudente;Remanescente de Vegetação Nativa;Analisado, em conformidade com a Lei nº 12.651/2012, com ativos ambientais;AT;5,7881
SP-3541406-41BC3E0F60684D70AFD6C9F45D5BBD7C;SP;Presidente Prudente;Remanescente de Vegetação Nativa;Analisado, aguardando regularização ambiental (Lei nº 12.651/2012);AT;0,5980
SP-3541406-41EF6D1347E245AE838BC5D364CA14F7;SP;Presidente Prudente;Remanescente de Vegetação Nativa;Analisado, aguardando regularização ambiental (Lei nº 12.651/2012);AT;0,2084
SP-3541406-4214D6F67A4C42E58D7175605B095E06;SP;Presidente Prudente;Remanescente de Vegetação Nativa;Analisado, em conformidade com a Lei nº 12.651/2012, com ativos ambientais;AT;0,5715
SP-3541406-4215072973704489B93BB9E3E1CC4EA9;SP;Presidente Prudente;Remanescente de Vegetação Nativa;Analisado, em conformidade com a Lei nº 12.651/2012, com ativos ambientais;AT;1,6934
SP-3541406-42B2812F8AAD4E9ABB48CAE5794A5908;SP;Presidente Prudente;Remanescente de Vegetação Nativa;Analisado, aguardando atendimento a notificação;AT;0,6830
SP-3541406-42C0A8F296814E78B83166D357B59CF5;SP;Presidente Prudente;Remanescente de Vegetação Nativa;Analisado, em conformidade com a Lei nº 12.651/2012, com ativos ambientais;AT;1,5259
SP-3541406-430CF95CA97F400C9A4088F9A97A1469;SP;Presidente Prudente;Remanescente de Vegetação Nativa;Analisado, em conformidade com a Lei nº 12.651/2012, com ativos ambientais;AT;14,7333
SP-3541406-431C54AE21D04F1C81DAE70CAAF8EDFA;SP;Presidente Prudente;Remanescente de Vegetação Nativa;Aguardando análise;AT;0,8618
SP-3541406-4331582A56884DC48E698ABAF7D87417;SP;Presidente Prudente;Remanescente de Vegetação Nativa;Analisado, aguardando atendimento a notificação;AT;3,1726
SP-3541406-43923D28872C435181210A9933BBE747;SP;Presidente Prudente;Remanescente de Vegetação Nativa;Analisado, em conformidade com a Lei nº 12.651/2012;AT;0,0775
SP-3541406-43A107228A85426AA7A9FFD880C58D16;SP;Presidente Prudente;Remanescente de Vegetação Nativa;Aguardando análise;AT;0,1515
SP-3541406-43E533E493BD46549B88A504331FC832;SP;Presidente Prudente;Remanescente de Vegetação Nativa;Aguardando análise, após revisão ou atendimento da notificação;AT;2,5514
SP-3541406-4424A3609D5B4DD5AA49AA03564D886F;SP;Presidente Prudente;Remanescente de Vegetação Nativa;Analisado, aguardando atendimento a notificação;AT;3,7401
SP-3541406-449488C1F2084F84B4D4E928A398174F;SP;Presidente Prudente;Remanescente de Vegetação Nativa;Analisado, aguardando atendimento a notificação;AT;0,0689
SP-3541406-449488C1F2084F84B4D4E928A398174F;SP;Presidente Prudente;Remanescente de Vegetação Nativa;Analisado, aguardando atendimento a notificação;AT;0,0702
SP-3541406-449488C1F2084F84B4D4E928A398174F;SP;Presidente Prudente;Remanescente de Vegetação Nativa;Analisado, aguardando atendimento a notificação;AT;0,0413
SP-3541406-449488C1F2084F84B4D4E928A398174F;SP;Presidente Prudente;Remanescente de Vegetação Nativa;Analisado, aguardando atendimento a notificação;AT;0,0386
SP-3541406-449488C1F2084F84B4D4E928A398174F;SP;Presidente Prudente;Remanescente de Vegetação Nativa;Analisado, aguardando atendimento a notificação;AT;0,0438
SP-3541406-449488C1F2084F84B4D4E928A398174F;SP;Presidente Prudente;Remanescente de Vegetação Nativa;Analisado, aguardando atendimento a notificação;AT;0,4748
SP-3541406-449488C1F2084F84B4D4E928A398174F;SP;Presidente Prudente;Remanescente de Vegetação Nativa;Analisado, aguardando atendimento a notificação;AT;0,0168
SP-3541406-449488C1F2084F84B4D4E928A398174F;SP;Presidente Prudente;Remanescente de Vegetação Nativa;Analisado, aguardando atendimento a notificação;AT;0,0567
SP-3541406-449488C1F2084F84B4D4E928A398174F;SP;Presidente Prudente;Remanescente de Vegetação Nativa;Analisado, aguardando atendimento a notificação;AT;0,6603
SP-3541406-449488C1F2084F84B4D4E928A398174F;SP;Presidente Prudente;Remanescente de Vegetação Nativa;Analisado, aguardando atendimento a notificação;AT;0,0141
SP-3541406-449488C1F2084F84B4D4E928A398174F;SP;Presidente Prudente;Remanescente de Vegetação Nativa;Analisado, aguardando atendimento a notificação;AT;0,0334
SP-3541406-449488C1F2084F84B4D4E928A398174F;SP;Presidente Prudente;Remanescente de Vegetação Nativa;Analisado, aguardando atendimento a notificação;AT;0,0605
SP-3541406-449488C1F2084F84B4D4E928A398174F;SP;Presidente Prudente;Remanescente de Vegetação Nativa;Analisado, aguardando atendimento a notificação;AT;0,0313
SP-3541406-44F8DEFAFF6841D6AEFA5B9F4D2419AA;SP;Presidente Prudente;Remanescente de Vegetação Nativa;Analisado, em conformidade com a Lei nº 12.651/2012, com ativos ambientais;AT;3,4042
SP-3541406-45BF6EB26723430B880164826F137420;SP;Presidente Prudente;Remanescente de Vegetação Nativa;Analisado, aguardando atendimento a notificação;AT;4,4759
SP-3541406-45BF6EB26723430B880164826F137420;SP;Presidente Prudente;Remanescente de Vegetação Nativa;Analisado, aguardando atendimento a notificação;AT;2,9031
SP-3541406-46CF7A7F12FE4CDE8AC1432BB751B942;SP;Presidente Prudente;Remanescente de Vegetação Nativa;Aguardando análise;AT;1,6122
SP-3541406-46F52D9E2D5B4AD9AFF3D4A141BABFBB;SP;Presidente Prudente;Remanescente de Vegetação Nativa;Analisado, em conformidade com a Lei nº 12.651/2012, com ativos ambientais;AT;0,5744
SP-3541406-47036C5B34F04F2D9F601F5FB4BB58DC;SP;Presidente Prudente;Remanescente de Vegetação Nativa;Aguardando análise, após revisão ou atendimento da notificação;AT;0,4634
SP-3541406-4743EEFE251841E3BC65FA2ACAC5F8A7;SP;Presidente Prudente;Remanescente de Vegetação Nativa;Analisado, aguardando atendimento a notificação;AT;0,1800
SP-3541406-4775F164B3B741668E74CEEE9BB64E9E;SP;Presidente Prudente;Remanescente de Vegetação Nativa;Aguardando análise, após revisão ou atendimento da notificação;AT;0,2815
SP-3541406-4879F7D0B71E45598948DB19DDD91FE3;SP;Presidente Prudente;Remanescente de Vegetação Nativa;Aguardando análise, após revisão ou atendimento da notificação;AT;1,0028
SP-3541406-48C3509488914E908BD17D311DC698AA;SP;Presidente Prudente;Remanescente de Vegetação Nativa;Analisado, aguardando atendimento a notificação;AT;0,6645
SP-3541406-48FC19FDA2674FEE88A2054DABAED451;SP;Presidente Prudente;Remanescente de Vegetação Nativa;Analisado, em conformidade com a Lei nº 12.651/2012, com ativos ambientais;AT;0,9260
SP-3541406-493C0014961E458A89F4B02D0C7C5686;SP;Presidente Prudente;Remanescente de Vegetação Nativa;Aguardando análise;AT;3,8601
SP-3541406-49957E6661C24E9BB54095DC17677BE7;SP;Presidente Prudente;Remanescente de Vegetação Nativa;Analisado, aguardando atendimento a notificação;AT;2,5878
SP-3541406-4A1B6886C5CF4D4C92EB6042E4640946;SP;Presidente Prudente;Remanescente de Vegetação Nativa;Aguardando análise, após revisão ou atendimento da notificação;AT;0,3652
SP-3541406-4A1B6886C5CF4D4C92EB6042E4640946;SP;Presidente Prudente;Remanescente de Vegetação Nativa;Aguardando análise, após revisão ou atendimento da notificação;AT;0,0500
SP-3541406-4A1B6886C5CF4D4C92EB6042E4640946;SP;Presidente Prudente;Remanescente de Vegetação Nativa;Aguardando análise, após revisão ou atendimento da notificação;AT;0,0438
SP-3541406-4A1B6886C5CF4D4C92EB6042E4640946;SP;Presidente Prudente;Remanescente de Vegetação Nativa;Aguardando análise, após revisão ou atendimento da notificação;AT;0,0240
SP-3541406-4A26083D16304A89995916A8660E4DBF;SP;Presidente Prudente;Remanescente de Vegetação Nativa;Analisado, em conformidade com a Lei nº 12.651/2012, com ativos ambientais;AT;0,3264
SP-3541406-4A677B695E5447B7B7007BB3FB04C493;SP;Presidente Prudente;Remanescente de Vegetação Nativa;Analisado, aguardando atendimento a notificação;AT;0,0317
SP-3541406-4A96B7BED1494ACD871A7D27F8C2A346;SP;Presidente Prudente;Remanescente de Vegetação Nativa;Analisado, aguardando regularização ambiental (Lei nº 12.651/2012);AT;0,1958
SP-3541406-4B466DEF29D14FDCA3F94B7A373C22AA;SP;Presidente Prudente;Remanescente de Vegetação Nativa;Aguardando análise;AT;1,6212
SP-3541406-4B594481C46549C4AC32F0C30CD47DD2;SP;Presidente Prudente;Remanescente de Vegetação Nativa;Aguardando análise;AT;6,2366
SP-3541406-4B8C173183B04291A44EEF9F8130A775;SP;Presidente Prudente;Remanescente de Vegetação Nativa;Analisado, aguardando atendimento a notificação;AT;1,8941
SP-3541406-4B924B394F3D40D596FFCBF143BCA9CF;SP;Presidente Prudente;Remanescente de Vegetação Nativa;Aguardando análise;AT;3,0002
SP-3541406-4BC226ADBBF14B929DD5BD9B6DA2AED5;SP;Presidente Prudente;Remanescente de Vegetação Nativa;Analisado, em conformidade com a Lei nº 12.651/2012;AT;0,6602
SP-3541406-4BD2BFEA046647C9BA922C4046341FA7;SP;Presidente Prudente;Remanescente de Vegetação Nativa;Aguardando análise;AT;0,6499
SP-3541406-4C5EBFE6DA6E40C2AAEF5DDC872AEB5F;SP;Presidente Prudente;Remanescente de Vegetação Nativa;Analisado, em conformidade com a Lei nº 12.651/2012, com ativos ambientais;AT;0,5936
SP-3541406-4C9F6181E27044A893EB52E154CB6927;SP;Presidente Prudente;Remanescente de Vegetação Nativa;Aguardando análise;AT;4,8373
SP-3541406-4D07B511DE764BEFB6CE754E577EE9F6;SP;Presidente Prudente;Remanescente de Vegetação Nativa;Aguardando análise;AT;1,1715
SP-3541406-4D07B511DE764BEFB6CE754E577EE9F6;SP;Presidente Prudente;Remanescente de Vegetação Nativa;Aguardando análise;AT;1,5001
SP-3541406-4DB3810C91C14BFC84444A65B8BB05D1;SP;Presidente Prudente;Remanescente de Vegetação Nativa;Analisado, aguardando atendimento a notificação;AT;1,7490
SP-3541406-4E4CF2321CA946628427089605A13C65;SP;Presidente Prudente;Remanescente de Vegetação Nativa;Analisado, aguardando atendimento a notificação;AT;0,7989
SP-3541406-4E4CF2321CA946628427089605A13C65;SP;Presidente Prudente;Remanescente de Vegetação Nativa;Analisado, aguardando atendimento a notificação;AT;0,8697
SP-3541406-4E4CF2321CA946628427089605A13C65;SP;Presidente Prudente;Remanescente de Vegetação Nativa;Analisado, aguardando atendimento a notificação;AT;0,5649
SP-3541406-4E4CF2321CA946628427089605A13C65;SP;Presidente Prudente;Remanescente de Vegetação Nativa;Analisado, aguardando atendimento a notificação;AT;0,4594
SP-3541406-4E4CF2321CA946628427089605A13C65;SP;Presidente Prudente;Remanescente de Vegetação Nativa;Analisado, aguardando atendimento a notificação;AT;0,3072
SP-3541406-4E4CF2321CA946628427089605A13C65;SP;Presidente Prudente;Remanescente de Vegetação Nativa;Analisado, aguardando atendimento a notificação;AT;0,2638
SP-3541406-4E4CF2321CA946628427089605A13C65;SP;Presidente Prudente;Remanescente de Vegetação Nativa;Analisado, aguardando atendimento a notificação;AT;0,1900
SP-3541406-4E4CF2321CA946628427089605A13C65;SP;Presidente Prudente;Remanescente de Vegetação Nativa;Analisado, aguardando atendimento a notificação;AT;0,0975
SP-3541406-4E4CF2321CA946628427089605A13C65;SP;Presidente Prudente;Remanescente de Vegetação Nativa;Analisado, aguardando atendimento a notificação;AT;0,0477
SP-3541406-4E4CF2321CA946628427089605A13C65;SP;Presidente Prudente;Remanescente de Vegetação Nativa;Analisado, aguardando atendimento a notificação;AT;0,0458
SP-3541406-4E4CF2321CA946628427089605A13C65;SP;Presidente Prudente;Remanescente de Vegetação Nativa;Analisado, aguardando atendimento a notificação;AT;0,0283
SP-3541406-4E51849F05D64BE690906D8771A1AD33;SP;Presidente Prudente;Remanescente de Vegetação Nativa;Analisado, aguardando atendimento a notificação;AT;1,2942
SP-3541406-4EE523EDC1A74F44A9FF950A4C40869F;SP;Presidente Prudente;Remanescente de Vegetação Nativa;Analisado, aguardando atendimento a notificação;AT;1,1833
SP-3541406-4EE821D465A740088AF07457AED01FE0;SP;Presidente Prudente;Remanescente de Vegetação Nativa;Aguardando análise;AT;7,4787
SP-3541406-4F20A15AD17D4D0496C644C7BECA6C2D;SP;Presidente Prudente;Remanescente de Vegetação Nativa;Analisado, em conformidade com a Lei nº 12.651/2012, com ativos ambientais;AT;2,6524
SP-3541406-4F37499329E04137805B39B28AE192F3;SP;Presidente Prudente;Remanescente de Vegetação Nativa;Analisado, em conformidade com a Lei nº 12.651/2012, com ativos ambientais;AT;5,0906
SP-3541406-4F416AC089FF4D21A9632DD0B43E2BA1;SP;Presidente Prudente;Remanescente de Vegetação Nativa;Aguardando análise;AT;0,2334
SP-3541406-4F480FE1716247AF8B0A921C205F2039;SP;Presidente Prudente;Remanescente de Vegetação Nativa;Analisado, aguardando regularização ambiental (Lei nº 12.651/2012);AT;4,0947
SP-3541406-4F61A929B53F4E4B94809E8628A5061E;SP;Presidente Prudente;Remanescente de Vegetação Nativa;Aguardando análise;AT;7,6723
SP-3541406-4F6E96B339EB4FD48288FC356857EF02;SP;Presidente Prudente;Remanescente de Vegetação Nativa;Analisado, em conformidade com a Lei nº 12.651/2012, com ativos ambientais;AT;0,7178
SP-3541406-4F860490E3574E35AD6314DF6655E408;SP;Presidente Prudente;Remanescente de Vegetação Nativa;Aguardando análise, após revisão ou atendimento da notificação;AT;0,3478
SP-3541406-4F948679A2AA4AB695FBA2E42E675195;SP;Presidente Prudente;Remanescente de Vegetação Nativa;Analisado, aguardando atendimento a notificação;AT;8,4930
SP-3541406-4F9513833B74405AA04B878F1F6BC668;SP;Presidente Prudente;Remanescente de Vegetação Nativa;Analisado, em conformidade com a Lei nº 12.651/2012, com ativos ambientais;AT;4,8402
SP-3541406-4FB83D52220B490792656F05A44778CF;SP;Presidente Prudente;Remanescente de Vegetação Nativa;Aguardando análise;AT;3,9627
SP-3541406-4FB983FD913D4FB59219CEE607611C6E;SP;Presidente Prudente;Remanescente de Vegetação Nativa;Analisado, em conformidade com a Lei nº 12.651/2012, com ativos ambientais;AT;0,7043
SP-3541406-504BCEDF44D44D1980DB879B0DF3D58E;SP;Presidente Prudente;Remanescente de Vegetação Nativa;Analisado, aguardando regularização ambiental (Lei nº 12.651/2012);AT;0,2834
SP-3541406-5071F9C866C645E3970CA7B3A423E05E;SP;Presidente Prudente;Remanescente de Vegetação Nativa;Aguardando análise;AT;5,4678
SP-3541406-50849EABC15E4120B3DA287F535C65E2;SP;Presidente Prudente;Remanescente de Vegetação Nativa;Analisado, aguardando atendimento a notificação;AT;0,2686
SP-3541406-50849EABC15E4120B3DA287F535C65E2;SP;Presidente Prudente;Remanescente de Vegetação Nativa;Analisado, aguardando atendimento a notificação;AT;5,0200
SP-3541406-50849EABC15E4120B3DA287F535C65E2;SP;Presidente Prudente;Remanescente de Vegetação Nativa;Analisado, aguardando atendimento a notificação;AT;0,6506
SP-3541406-50849EABC15E4120B3DA287F535C65E2;SP;Presidente Prudente;Remanescente de Vegetação Nativa;Analisado, aguardando atendimento a notificação;AT;1,2811
SP-3541406-50849EABC15E4120B3DA287F535C65E2;SP;Presidente Prudente;Remanescente de Vegetação Nativa;Analisado, aguardando atendimento a notificação;AT;0,4204
SP-3541406-50849EABC15E4120B3DA287F535C65E2;SP;Presidente Prudente;Remanescente de Vegetação Nativa;Analisado, aguardando atendimento a notificação;AT;1,2795
SP-3541406-50849EABC15E4120B3DA287F535C65E2;SP;Presidente Prudente;Remanescente de Vegetação Nativa;Analisado, aguardando atendimento a notificação;AT;2,0405
SP-3541406-50849EABC15E4120B3DA287F535C65E2;SP;Presidente Prudente;Remanescente de Vegetação Nativa;Analisado, aguardando atendimento a notificação;AT;0,9932
SP-3541406-5142845BE43741EDB5FA09BF0D70BF14;SP;Presidente Prudente;Remanescente de Vegetação Nativa;Aguardando análise, após revisão ou atendimento da notificação;AT;1,9984
SP-3541406-515CCE6326A6429EB9072B363D4A4C62;SP;Presidente Prudente;Remanescente de Vegetação Nativa;Aguardando análise, após revisão ou atendimento da notificação;AT;0,1531
SP-3541406-515CCE6326A6429EB9072B363D4A4C62;SP;Presidente Prudente;Remanescente de Vegetação Nativa;Aguardando análise, após revisão ou atendimento da notificação;AT;0,1353
SP-3541406-51616827F93746E49CDEAACC1856FF62;SP;Presidente Prudente;Remanescente de Vegetação Nativa;Analisado, aguardando atendimento a notificação;AT;3,5902
SP-3541406-51762966C10C48A79DD014A0EDF053F9;SP;Presidente Prudente;Remanescente de Vegetação Nativa;Analisado, aguardando regularização ambiental (Lei nº 12.651/2012);AT;1,6299
SP-3541406-51BEACEB6282464393CBDB5A103F12C3;SP;Presidente Prudente;Remanescente de Vegetação Nativa;Aguardando análise;AT;1,4850
SP-3541406-51E01594261E4B6CB72CB507942E036A;SP;Presidente Prudente;Remanescente de Vegetação Nativa;Analisado, em conformidade com a Lei nº 12.651/2012, com ativos ambientais;AT;0,5398
SP-3541406-51F07FEAC86D479CBED0A2CCFCCA13C9;SP;Presidente Prudente;Remanescente de Vegetação Nativa;Aguardando análise;AT;13,6886
SP-3541406-51FA158DC05E4042B3E39632A66763A8;SP;Presidente Prudente;Remanescente de Vegetação Nativa;Aguardando análise, após revisão ou atendimento da notificação;AT;12,2291
SP-3541406-520631DC671B4C8191798CFFFA8B59BB;SP;Presidente Prudente;Remanescente de Vegetação Nativa;Aguardando análise;AT;0,0218
SP-3541406-520631DC671B4C8191798CFFFA8B59BB;SP;Presidente Prudente;Remanescente de Vegetação Nativa;Aguardando análise;AT;0,0239
SP-3541406-520631DC671B4C8191798CFFFA8B59BB;SP;Presidente Prudente;Remanescente de Vegetação Nativa;Aguardando análise;AT;0,0175
SP-3541406-520631DC671B4C8191798CFFFA8B59BB;SP;Presidente Prudente;Remanescente de Vegetação Nativa;Aguardando análise;AT;0,6838
SP-3541406-521F42AC8C2144238B89FCE924305061;SP;Presidente Prudente;Remanescente de Vegetação Nativa;Analisado, em conformidade com a Lei nº 12.651/2012, com ativos ambientais;AT;5,7737
SP-3541406-529208BEB51C49CC8E9E346027363B9F;SP;Presidente Prudente;Remanescente de Vegetação Nativa;Analisado, aguardando regularização ambiental (Lei nº 12.651/2012);AT;4,1793
SP-3541406-529C681C64254D02BDEC0673773E2F9E;SP;Presidente Prudente;Remanescente de Vegetação Nativa;Analisado, aguardando atendimento a notificação;AT;2,2194
SP-3541406-52A0128C281D447CB7A7844758AA19B5;SP;Presidente Prudente;Remanescente de Vegetação Nativa;Analisado, aguardando regularização ambiental (Lei nº 12.651/2012);AT;0,0002
SP-3541406-536FFBF141164C4BBE9020B5032EB8AC;SP;Presidente Prudente;Remanescente de Vegetação Nativa;Analisado, aguardando atendimento a notificação;AT;6,1256
SP-3541406-53932F4177004430AB617109B453FE37;SP;Presidente Prudente;Remanescente de Vegetação Nativa;Aguardando análise;AT;7,1121
SP-3541406-53D52A12DCBB4060A17036DA8F9B1251;SP;Presidente Prudente;Remanescente de Vegetação Nativa;Aguardando análise, após revisão ou atendimento da notificação;AT;0,0297
SP-3541406-53D52A12DCBB4060A17036DA8F9B1251;SP;Presidente Prudente;Remanescente de Vegetação Nativa;Aguardando análise, após revisão ou atendimento da notificação;AT;0,0466
SP-3541406-53D52A12DCBB4060A17036DA8F9B1251;SP;Presidente Prudente;Remanescente de Vegetação Nativa;Aguardando análise, após revisão ou atendimento da notificação;AT;0,0544
SP-3541406-53D52A12DCBB4060A17036DA8F9B1251;SP;Presidente Prudente;Remanescente de Vegetação Nativa;Aguardando análise, após revisão ou atendimento da notificação;AT;0,1142
SP-3541406-541CBFD5DDA844969478E499E99839D1;SP;Presidente Prudente;Remanescente de Vegetação Nativa;Analisado, aguardando regularização ambiental (Lei nº 12.651/2012);AT;0,3249
SP-3541406-5531060FD80F47BDA8428CEEA1BEFD7F;SP;Presidente Prudente;Remanescente de Vegetação Nativa;Analisado, em conformidade com a Lei nº 12.651/2012, com ativos ambientais;AT;0,3073
SP-3541406-5572462996F04F50A3FFE62725193882;SP;Presidente Prudente;Remanescente de Vegetação Nativa;Aguardando análise;AT;9,6936
SP-3541406-55AF778C6D6B49E795CEEBD31EE7CFAE;SP;Presidente Prudente;Remanescente de Vegetação Nativa;Analisado, aguardando regularização ambiental (Lei nº 12.651/2012);AT;0,4871
SP-3541406-55B0D0BFEC5441AF95D33D45EFF88BAA;SP;Presidente Prudente;Remanescente de Vegetação Nativa;Analisado, aguardando regularização ambiental (Lei nº 12.651/2012);AT;0,0001
SP-3541406-55CC5433169A4D38A7DFA01943D6A072;SP;Presidente Prudente;Remanescente de Vegetação Nativa;Aguardando análise;AT;2,8914
SP-3541406-55E1BDA9E88A4FE68715AFD59620CA93;SP;Presidente Prudente;Remanescente de Vegetação Nativa;Aguardando análise;AT;1,5086
SP-3541406-561484B54FD24C7E93953CC10208C9AA;SP;Presidente Prudente;Remanescente de Vegetação Nativa;Aguardando análise, após revisão ou atendimento da notificação;AT;7,3946
SP-3541406-5637BB12AC094BDEBE8BCCAB4CFA887F;SP;Presidente Prudente;Remanescente de Vegetação Nativa;Aguardando análise, após revisão ou atendimento da notificação;AT;0,5363
SP-3541406-56932D9A76B64B0D80CA1003AA391C39;SP;Presidente Prudente;Remanescente de Vegetação Nativa;Analisado, aguardando atendimento a notificação;AT;0,5682
SP-3541406-569DE895840947DBACF18D29D74A3DF7;SP;Presidente Prudente;Remanescente de Vegetação Nativa;Analisado, aguardando atendimento a notificação;AT;0,2427
SP-3541406-569DE895840947DBACF18D29D74A3DF7;SP;Presidente Prudente;Remanescente de Vegetação Nativa;Analisado, aguardando atendimento a notificação;AT;0,1573
SP-3541406-569DE895840947DBACF18D29D74A3DF7;SP;Presidente Prudente;Remanescente de Vegetação Nativa;Analisado, aguardando atendimento a notificação;AT;0,3502
SP-3541406-569DE895840947DBACF18D29D74A3DF7;SP;Presidente Prudente;Remanescente de Vegetação Nativa;Analisado, aguardando atendimento a notificação;AT;1,8019
SP-3541406-569DE895840947DBACF18D29D74A3DF7;SP;Presidente Prudente;Remanescente de Vegetação Nativa;Analisado, aguardando atendimento a notificação;AT;0,6137
SP-3541406-569DE895840947DBACF18D29D74A3DF7;SP;Presidente Prudente;Remanescente de Vegetação Nativa;Analisado, aguardando atendimento a notificação;AT;0,2625
SP-3541406-569DE895840947DBACF18D29D74A3DF7;SP;Presidente Prudente;Remanescente de Vegetação Nativa;Analisado, aguardando atendimento a notificação;AT;0,2516
SP-3541406-569DE895840947DBACF18D29D74A3DF7;SP;Presidente Prudente;Remanescente de Vegetação Nativa;Analisado, aguardando atendimento a notificação;AT;0,2559
SP-3541406-569DE895840947DBACF18D29D74A3DF7;SP;Presidente Prudente;Remanescente de Vegetação Nativa;Analisado, aguardando atendimento a notificação;AT;0,1838
SP-3541406-569DE895840947DBACF18D29D74A3DF7;SP;Presidente Prudente;Remanescente de Vegetação Nativa;Analisado, aguardando atendimento a notificação;AT;0,2280
SP-3541406-569DE895840947DBACF18D29D74A3DF7;SP;Presidente Prudente;Remanescente de Vegetação Nativa;Analisado, aguardando atendimento a notificação;AT;0,2831
SP-3541406-569DE895840947DBACF18D29D74A3DF7;SP;Presidente Prudente;Remanescente de Vegetação Nativa;Analisado, aguardando atendimento a notificação;AT;0,4056
SP-3541406-569DE895840947DBACF18D29D74A3DF7;SP;Presidente Prudente;Remanescente de Vegetação Nativa;Analisado, aguardando atendimento a notificação;AT;1,5269
SP-3541406-569DE895840947DBACF18D29D74A3DF7;SP;Presidente Prudente;Remanescente de Vegetação Nativa;Analisado, aguardando atendimento a notificação;AT;1,2181
SP-3541406-569DE895840947DBACF18D29D74A3DF7;SP;Presidente Prudente;Remanescente de Vegetação Nativa;Analisado, aguardando atendimento a notificação;AT;0,2792
SP-3541406-569DE895840947DBACF18D29D74A3DF7;SP;Presidente Prudente;Remanescente de Vegetação Nativa;Analisado, aguardando atendimento a notificação;AT;1,3489
SP-3541406-569DE895840947DBACF18D29D74A3DF7;SP;Presidente Prudente;Remanescente de Vegetação Nativa;Analisado, aguardando atendimento a notificação;AT;10,1443
SP-3541406-569DE895840947DBACF18D29D74A3DF7;SP;Presidente Prudente;Remanescente de Vegetação Nativa;Analisado, aguardando atendimento a notificação;AT;27,1757
SP-3541406-56C17A529A8447DBBC9E11AD71073796;SP;Presidente Prudente;Remanescente de Vegetação Nativa;Analisado, em conformidade com a Lei nº 12.651/2012, com ativos ambientais;AT;0,0566
SP-3541406-56D50C8B3291401BB920983E1F551513;SP;Presidente Prudente;Remanescente de Vegetação Nativa;Aguardando análise, após revisão ou atendimento da notificação;AT;0,6681
SP-3541406-56D50C8B3291401BB920983E1F551513;SP;Presidente Prudente;Remanescente de Vegetação Nativa;Aguardando análise, após revisão ou atendimento da notificação;AT;0,0975
SP-3541406-56D50C8B3291401BB920983E1F551513;SP;Presidente Prudente;Remanescente de Vegetação Nativa;Aguardando análise, após revisão ou atendimento da notificação;AT;0,2408
SP-3541406-56DC7056E262459BA69BA7884FB248A4;SP;Presidente Prudente;Remanescente de Vegetação Nativa;Aguardando análise;AT;2,9397
SP-3541406-570A9ACA525A48FB979BF59979CAC207;SP;Presidente Prudente;Remanescente de Vegetação Nativa;Analisado, em conformidade com a Lei nº 12.651/2012, com ativos ambientais;AT;0,6279
SP-3541406-573F0DFA79FC4145AD77B2C0A17915B0;SP;Presidente Prudente;Remanescente de Vegetação Nativa;Analisado, aguardando regularização ambiental (Lei nº 12.651/2012);AT;2,4383
SP-3541406-581EDB1A5C8D4D90A4C3DF61797A52F0;SP;Presidente Prudente;Remanescente de Vegetação Nativa;Aguardando análise, após revisão ou atendimento da notificação;AT;0,4450
SP-3541406-582252DAF5B14234B934EC4BC710C590;SP;Presidente Prudente;Remanescente de Vegetação Nativa;Analisado, aguardando regularização ambiental (Lei nº 12.651/2012);AT;3,9572
SP-3541406-59CA674808D54BB49318E76494FCBF19;SP;Presidente Prudente;Remanescente de Vegetação Nativa;Analisado, aguardando atendimento a notificação;AT;0,2792
SP-3541406-5A0C423E3D044E989CFE6622897878D9;SP;Presidente Prudente;Remanescente de Vegetação Nativa;Analisado, em conformidade com a Lei nº 12.651/2012, com ativos ambientais;AT;2,6006
SP-3541406-5A57076811F04421A8956E9FB6DB0CD2;SP;Presidente Prudente;Remanescente de Vegetação Nativa;Analisado, em conformidade com a Lei nº 12.651/2012, com ativos ambientais;AT;4,0705
SP-3541406-5A65592B512C40C8AB9A59E2592BC80E;SP;Presidente Prudente;Remanescente de Vegetação Nativa;Analisado, em conformidade com a Lei nº 12.651/2012, com ativos ambientais;AT;0,3080
SP-3541406-5A897B4D88DF4ADAA44C6D2EE381F164;SP;Presidente Prudente;Remanescente de Vegetação Nativa;Aguardando análise;AT;0,0057
SP-3541406-5A897B4D88DF4ADAA44C6D2EE381F164;SP;Presidente Prudente;Remanescente de Vegetação Nativa;Aguardando análise;AT;0,0077
SP-3541406-5A897B4D88DF4ADAA44C6D2EE381F164;SP;Presidente Prudente;Remanescente de Vegetação Nativa;Aguardando análise;AT;0,0033
SP-3541406-5A897B4D88DF4ADAA44C6D2EE381F164;SP;Presidente Prudente;Remanescente de Vegetação Nativa;Aguardando análise;AT;0,0032
SP-3541406-5A897B4D88DF4ADAA44C6D2EE381F164;SP;Presidente Prudente;Remanescente de Vegetação Nativa;Aguardando análise;AT;0,0113
SP-3541406-5A897B4D88DF4ADAA44C6D2EE381F164;SP;Presidente Prudente;Remanescente de Vegetação Nativa;Aguardando análise;AT;0,0154
SP-3541406-5A897B4D88DF4ADAA44C6D2EE381F164;SP;Presidente Prudente;Remanescente de Vegetação Nativa;Aguardando análise;AT;0,0137
SP-3541406-5A897B4D88DF4ADAA44C6D2EE381F164;SP;Presidente Prudente;Remanescente de Vegetação Nativa;Aguardando análise;AT;0,0043
SP-3541406-5A897B4D88DF4ADAA44C6D2EE381F164;SP;Presidente Prudente;Remanescente de Vegetação Nativa;Aguardando análise;AT;0,0094
SP-3541406-5A897B4D88DF4ADAA44C6D2EE381F164;SP;Presidente Prudente;Remanescente de Vegetação Nativa;Aguardando análise;AT;0,0021
SP-3541406-5A897B4D88DF4ADAA44C6D2EE381F164;SP;Presidente Prudente;Remanescente de Vegetação Nativa;Aguardando análise;AT;0,0089
SP-3541406-5A897B4D88DF4ADAA44C6D2EE381F164;SP;Presidente Prudente;Remanescente de Vegetação Nativa;Aguardando análise;AT;0,0088
SP-3541406-5A897B4D88DF4ADAA44C6D2EE381F164;SP;Presidente Prudente;Remanescente de Vegetação Nativa;Aguardando análise;AT;0,0030
SP-3541406-5A897B4D88DF4ADAA44C6D2EE381F164;SP;Presidente Prudente;Remanescente de Vegetação Nativa;Aguardando análise;AT;0,0071
SP-3541406-5A897B4D88DF4ADAA44C6D2EE381F164;SP;Presidente Prudente;Remanescente de Vegetação Nativa;Aguardando análise;AT;0,0205
SP-3541406-5A897B4D88DF4ADAA44C6D2EE381F164;SP;Presidente Prudente;Remanescente de Vegetação Nativa;Aguardando análise;AT;0,0131
SP-3541406-5A897B4D88DF4ADAA44C6D2EE381F164;SP;Presidente Prudente;Remanescente de Vegetação Nativa;Aguardando análise;AT;0,0127
SP-3541406-5A897B4D88DF4ADAA44C6D2EE381F164;SP;Presidente Prudente;Remanescente de Vegetação Nativa;Aguardando análise;AT;0,0062
SP-3541406-5A897B4D88DF4ADAA44C6D2EE381F164;SP;Presidente Prudente;Remanescente de Vegetação Nativa;Aguardando análise;AT;0,0044
SP-3541406-5A897B4D88DF4ADAA44C6D2EE381F164;SP;Presidente Prudente;Remanescente de Vegetação Nativa;Aguardando análise;AT;0,0084
SP-3541406-5A897B4D88DF4ADAA44C6D2EE381F164;SP;Presidente Prudente;Remanescente de Vegetação Nativa;Aguardando análise;AT;0,0137
SP-3541406-5A897B4D88DF4ADAA44C6D2EE381F164;SP;Presidente Prudente;Remanescente de Vegetação Nativa;Aguardando análise;AT;0,0067
SP-3541406-5A897B4D88DF4ADAA44C6D2EE381F164;SP;Presidente Prudente;Remanescente de Vegetação Nativa;Aguardando análise;AT;0,0119
SP-3541406-5A897B4D88DF4ADAA44C6D2EE381F164;SP;Presidente Prudente;Remanescente de Vegetação Nativa;Aguardando análise;AT;0,0031
SP-3541406-5A897B4D88DF4ADAA44C6D2EE381F164;SP;Presidente Prudente;Remanescente de Vegetação Nativa;Aguardando análise;AT;0,0080
SP-3541406-5A897B4D88DF4ADAA44C6D2EE381F164;SP;Presidente Prudente;Remanescente de Vegetação Nativa;Aguardando análise;AT;0,0026
SP-3541406-5A897B4D88DF4ADAA44C6D2EE381F164;SP;Presidente Prudente;Remanescente de Vegetação Nativa;Aguardando análise;AT;0,0053
SP-3541406-5A897B4D88DF4ADAA44C6D2EE381F164;SP;Presidente Prudente;Remanescente de Vegetação Nativa;Aguardando análise;AT;0,0060
SP-3541406-5A897B4D88DF4ADAA44C6D2EE381F164;SP;Presidente Prudente;Remanescente de Vegetação Nativa;Aguardando análise;AT;0,0057
SP-3541406-5A897B4D88DF4ADAA44C6D2EE381F164;SP;Presidente Prudente;Remanescente de Vegetação Nativa;Aguardando análise;AT;0,0041
SP-3541406-5A897B4D88DF4ADAA44C6D2EE381F164;SP;Presidente Prudente;Remanescente de Vegetação Nativa;Aguardando análise;AT;0,0036
SP-3541406-5A897B4D88DF4ADAA44C6D2EE381F164;SP;Presidente Prudente;Remanescente de Vegetação Nativa;Aguardando análise;AT;0,0021
SP-3541406-5A897B4D88DF4ADAA44C6D2EE381F164;SP;Presidente Prudente;Remanescente de Vegetação Nativa;Aguardando análise;AT;0,0129
SP-3541406-5A897B4D88DF4ADAA44C6D2EE381F164;SP;Presidente Prudente;Remanescente de Vegetação Nativa;Aguardando análise;AT;0,0047
SP-3541406-5A897B4D88DF4ADAA44C6D2EE381F164;SP;Presidente Prudente;Remanescente de Vegetação Nativa;Aguardando análise;AT;0,0018
SP-3541406-5A897B4D88DF4ADAA44C6D2EE381F164;SP;Presidente Prudente;Remanescente de Vegetação Nativa;Aguardando análise;AT;0,0549
SP-3541406-5A897B4D88DF4ADAA44C6D2EE381F164;SP;Presidente Prudente;Remanescente de Vegetação Nativa;Aguardando análise;AT;0,0039
SP-3541406-5A897B4D88DF4ADAA44C6D2EE381F164;SP;Presidente Prudente;Remanescente de Vegetação Nativa;Aguardando análise;AT;0,0181
SP-3541406-5A897B4D88DF4ADAA44C6D2EE381F164;SP;Presidente Prudente;Remanescente de Vegetação Nativa;Aguardando análise;AT;0,0098
SP-3541406-5A897B4D88DF4ADAA44C6D2EE381F164;SP;Presidente Prudente;Remanescente de Vegetação Nativa;Aguardando análise;AT;0,0062
SP-3541406-5A897B4D88DF4ADAA44C6D2EE381F164;SP;Presidente Prudente;Remanescente de Vegetação Nativa;Aguardando análise;AT;0,0156
SP-3541406-5A897B4D88DF4ADAA44C6D2EE381F164;SP;Presidente Prudente;Remanescente de Vegetação Nativa;Aguardando análise;AT;0,0129
SP-3541406-5A897B4D88DF4ADAA44C6D2EE381F164;SP;Presidente Prudente;Remanescente de Vegetação Nativa;Aguardando análise;AT;0,0051
SP-3541406-5A897B4D88DF4ADAA44C6D2EE381F164;SP;Presidente Prudente;Remanescente de Vegetação Nativa;Aguardando análise;AT;0,0088
SP-3541406-5A897B4D88DF4ADAA44C6D2EE381F164;SP;Presidente Prudente;Remanescente de Vegetação Nativa;Aguardando análise;AT;0,0164
SP-3541406-5A897B4D88DF4ADAA44C6D2EE381F164;SP;Presidente Prudente;Remanescente de Vegetação Nativa;Aguardando análise;AT;0,0155
SP-3541406-5A897B4D88DF4ADAA44C6D2EE381F164;SP;Presidente Prudente;Remanescente de Vegetação Nativa;Aguardando análise;AT;0,0059
SP-3541406-5A897B4D88DF4ADAA44C6D2EE381F164;SP;Presidente Prudente;Remanescente de Vegetação Nativa;Aguardando análise;AT;0,0104
SP-3541406-5A897B4D88DF4ADAA44C6D2EE381F164;SP;Presidente Prudente;Remanescente de Vegetação Nativa;Aguardando análise;AT;0,0029
SP-3541406-5A897B4D88DF4ADAA44C6D2EE381F164;SP;Presidente Prudente;Remanescente de Vegetação Nativa;Aguardando análise;AT;0,0029
SP-3541406-5A897B4D88DF4ADAA44C6D2EE381F164;SP;Presidente Prudente;Remanescente de Vegetação Nativa;Aguardando análise;AT;0,0118
SP-3541406-5B003E36B49647749FCCAC006B98196B;SP;Presidente Prudente;Remanescente de Vegetação Nativa;Analisado, em conformidade com a Lei nº 12.651/2012, com ativos ambientais;AT;0,6649
SP-3541406-5B022CADE20A4C818432A29602CA4FC5;SP;Presidente Prudente;Remanescente de Vegetação Nativa;Aguardando análise;AT;0,9185
SP-3541406-5B022CADE20A4C818432A29602CA4FC5;SP;Presidente Prudente;Remanescente de Vegetação Nativa;Aguardando análise;AT;0,0619
SP-3541406-5B022CADE20A4C818432A29602CA4FC5;SP;Presidente Prudente;Remanescente de Vegetação Nativa;Aguardando análise;AT;0,3199
SP-3541406-5B022CADE20A4C818432A29602CA4FC5;SP;Presidente Prudente;Remanescente de Vegetação Nativa;Aguardando análise;AT;1,3039
SP-3541406-5B022CADE20A4C818432A29602CA4FC5;SP;Presidente Prudente;Remanescente de Vegetação Nativa;Aguardando análise;AT;0,0987
SP-3541406-5B022CADE20A4C818432A29602CA4FC5;SP;Presidente Prudente;Remanescente de Vegetação Nativa;Aguardando análise;AT;0,0862
SP-3541406-5B022CADE20A4C818432A29602CA4FC5;SP;Presidente Prudente;Remanescente de Vegetação Nativa;Aguardando análise;AT;0,3159
SP-3541406-5B022CADE20A4C818432A29602CA4FC5;SP;Presidente Prudente;Remanescente de Vegetação Nativa;Aguardando análise;AT;3,9517
SP-3541406-5B022CADE20A4C818432A29602CA4FC5;SP;Presidente Prudente;Remanescente de Vegetação Nativa;Aguardando análise;AT;0,2463
SP-3541406-5B022CADE20A4C818432A29602CA4FC5;SP;Presidente Prudente;Remanescente de Vegetação Nativa;Aguardando análise;AT;0,7389
SP-3541406-5B022CADE20A4C818432A29602CA4FC5;SP;Presidente Prudente;Remanescente de Vegetação Nativa;Aguardando análise;AT;0,0190
SP-3541406-5B022CADE20A4C818432A29602CA4FC5;SP;Presidente Prudente;Remanescente de Vegetação Nativa;Aguardando análise;AT;0,1438
SP-3541406-5B022CADE20A4C818432A29602CA4FC5;SP;Presidente Prudente;Remanescente de Vegetação Nativa;Aguardando análise;AT;0,9827
SP-3541406-5B1C6BD18CDD47CC9B671491DAFE3660;SP;Presidente Prudente;Remanescente de Vegetação Nativa;Aguardando análise;AT;2,6495
SP-3541406-5B1C6BD18CDD47CC9B671491DAFE3660;SP;Presidente Prudente;Remanescente de Vegetação Nativa;Aguardando análise;AT;0,2311
SP-3541406-5B1C6BD18CDD47CC9B671491DAFE3660;SP;Presidente Prudente;Remanescente de Vegetação Nativa;Aguardando análise;AT;1,7738
SP-3541406-5B22AA71131C4B39A084ECFA17FF3CBA;SP;Presidente Prudente;Remanescente de Vegetação Nativa;Aguardando análise, após revisão ou atendimento da notificação;AT;7,0903
SP-3541406-5B4FA3F04254470093EE9CB6BBFEC75C;SP;Presidente Prudente;Remanescente de Vegetação Nativa;Analisado, em conformidade com a Lei nº 12.651/2012, com ativos ambientais;AT;0,2959
SP-3541406-5B96528FF99940CB8F6DFEB1DD9BDD4E;SP;Presidente Prudente;Remanescente de Vegetação Nativa;Aguardando análise, após revisão ou atendimento da notificação;AT;1,0829
SP-3541406-5BCA8EF7E71146A28994EB0D8C030AE9;SP;Presidente Prudente;Remanescente de Vegetação Nativa;Aguardando análise, após revisão ou atendimento da notificação;AT;4,0823
SP-3541406-5BDEDDB484A1477389DC192B0548E6EC;SP;Presidente Prudente;Remanescente de Vegetação Nativa;Aguardando análise, após revisão ou atendimento da notificação;AT;0,0918
SP-3541406-5BDEDDB484A1477389DC192B0548E6EC;SP;Presidente Prudente;Remanescente de Vegetação Nativa;Aguardando análise, após revisão ou atendimento da notificação;AT;0,2840
SP-3541406-5D0ABFB2045445FFAC0A697E85CDA9F4;SP;Presidente Prudente;Remanescente de Vegetação Nativa;Analisado, em conformidade com a Lei nº 12.651/2012, com ativos ambientais;AT;2,3497
SP-3541406-5D163322A6BA4724AAB50FDBC36B8AF4;SP;Presidente Prudente;Remanescente de Vegetação Nativa;Analisado, em conformidade com a Lei nº 12.651/2012, com ativos ambientais;AT;5,1555
SP-3541406-5D270C0E22B94A3D8A9EE982B8E02962;SP;Presidente Prudente;Remanescente de Vegetação Nativa;Aguardando análise, após revisão ou atendimento da notificação;AT;1,2355
SP-3541406-5D270C0E22B94A3D8A9EE982B8E02962;SP;Presidente Prudente;Remanescente de Vegetação Nativa;Aguardando análise, após revisão ou atendimento da notificação;AT;0,0745
SP-3541406-5D270C0E22B94A3D8A9EE982B8E02962;SP;Presidente Prudente;Remanescente de Vegetação Nativa;Aguardando análise, após revisão ou atendimento da notificação;AT;0,0463
SP-3541406-5D270C0E22B94A3D8A9EE982B8E02962;SP;Presidente Prudente;Remanescente de Vegetação Nativa;Aguardando análise, após revisão ou atendimento da notificação;AT;0,1365
SP-3541406-5D270C0E22B94A3D8A9EE982B8E02962;SP;Presidente Prudente;Remanescente de Vegetação Nativa;Aguardando análise, após revisão ou atendimento da notificação;AT;0,1707
SP-3541406-5D270C0E22B94A3D8A9EE982B8E02962;SP;Presidente Prudente;Remanescente de Vegetação Nativa;Aguardando análise, após revisão ou atendimento da notificação;AT;0,0920
SP-3541406-5D5F62450831456D9BCEBCFCE8712CE6;SP;Presidente Prudente;Remanescente de Vegetação Nativa;Analisado, aguardando regularização ambiental (Lei nº 12.651/2012);AT;0,0331
SP-3541406-5DA110ECB36941B38DE4FEA502E6EAA6;SP;Presidente Prudente;Remanescente de Vegetação Nativa;Analisado, em conformidade com a Lei nº 12.651/2012, com ativos ambientais;AT;1,2329
SP-3541406-5DEB89B7707249A8A40EC3A39B1C8D5B;SP;Presidente Prudente;Remanescente de Vegetação Nativa;Analisado, em conformidade com a Lei nº 12.651/2012, com ativos ambientais;AT;2,3824
SP-3541406-5E4BE135FF7F47B8B7D770B8C81F624B;SP;Presidente Prudente;Remanescente de Vegetação Nativa;Analisado, em conformidade com a Lei nº 12.651/2012, com ativos ambientais;AT;0,0759
SP-3541406-5E9F634492CF4FFFB8D5F2DAB1FB1D14;SP;Presidente Prudente;Remanescente de Vegetação Nativa;Analisado, em conformidade com a Lei nº 12.651/2012, com ativos ambientais;AT;1,3558
SP-3541406-5F315D4FF9CF42C79DB4C383DF035457;SP;Presidente Prudente;Remanescente de Vegetação Nativa;Analisado, aguardando atendimento a notificação;AT;2,7302
SP-3541406-5F34376FB5164FACA4071C742526FF35;SP;Presidente Prudente;Remanescente de Vegetação Nativa;Analisado, em conformidade com a Lei nº 12.651/2012, com ativos ambientais;AT;0,4211
SP-3541406-5F40D5611EB34ACD89BC3927CF095A20;SP;Presidente Prudente;Remanescente de Vegetação Nativa;Aguardando análise;AT;0,1380
SP-3541406-5F7DF96D911C4A7994E141E4170B1104;SP;Presidente Prudente;Remanescente de Vegetação Nativa;Analisado, em conformidade com a Lei nº 12.651/2012, com ativos ambientais;AT;0,6189
SP-3541406-5F8078CB68FA4C2FB972EA7EAF56E6A0;SP;Presidente Prudente;Remanescente de Vegetação Nativa;Aguardando análise, após revisão ou atendimento da notificação;AT;0,2180
SP-3541406-5FA48B7BB42F49C7845179B5383386D6;SP;Presidente Prudente;Remanescente de Vegetação Nativa;Aguardando análise;AT;1,3398
SP-3541406-5FC8FE47D7B04330AA69277654FF49DF;SP;Presidente Prudente;Remanescente de Vegetação Nativa;Analisado, em conformidade com a Lei nº 12.651/2012, com ativos ambientais;AT;0,7796
SP-3541406-6039426957D949FC88E840129668FEA9;SP;Presidente Prudente;Remanescente de Vegetação Nativa;Analisado, aguardando regularização ambiental (Lei nº 12.651/2012);AT;13,5846
SP-3541406-60C45E0C9DFB44008A9F1C7D289F14E2;SP;Presidente Prudente;Remanescente de Vegetação Nativa;Analisado, em conformidade com a Lei nº 12.651/2012, com ativos ambientais;AT;2,4813
SP-3541406-615202822CA24DD1B33D56687939B9A9;SP;Presidente Prudente;Remanescente de Vegetação Nativa;Analisado, aguardando regularização ambiental (Lei nº 12.651/2012);AT;11,7153
SP-3541406-61528835F2064A5196E1542352905E84;SP;Presidente Prudente;Remanescente de Vegetação Nativa;Aguardando análise, após revisão ou atendimento da notificação;AT;0,4319
SP-3541406-61528835F2064A5196E1542352905E84;SP;Presidente Prudente;Remanescente de Vegetação Nativa;Aguardando análise, após revisão ou atendimento da notificação;AT;0,8378
SP-3541406-61528835F2064A5196E1542352905E84;SP;Presidente Prudente;Remanescente de Vegetação Nativa;Aguardando análise, após revisão ou atendimento da notificação;AT;0,5175
SP-3541406-61528835F2064A5196E1542352905E84;SP;Presidente Prudente;Remanescente de Vegetação Nativa;Aguardando análise, após revisão ou atendimento da notificação;AT;0,0472
SP-3541406-6158EF53E3784F73A17D4833D5C281A4;SP;Presidente Prudente;Remanescente de Vegetação Nativa;Analisado, em conformidade com a Lei nº 12.651/2012, com ativos ambientais;AT;0,4453
SP-3541406-6261890287034E4C89380F4116B7D276;SP;Presidente Prudente;Remanescente de Vegetação Nativa;Analisado, em conformidade com a Lei nº 12.651/2012, com ativos ambientais;AT;3,8568
SP-3541406-6284D4CB7BEB4F5793D726AB15B3D3FA;SP;Presidente Prudente;Remanescente de Vegetação Nativa;Analisado, em conformidade com a Lei nº 12.651/2012;AT;0,6809
SP-3541406-62C7EA349ADE4747B8F0370620E01EBC;SP;Presidente Prudente;Remanescente de Vegetação Nativa;Analisado, aguardando regularização ambiental (Lei nº 12.651/2012);AT;0,0349
SP-3541406-62CEE456FFF1466F820FCAA8BE63841D;SP;Presidente Prudente;Remanescente de Vegetação Nativa;Analisado, aguardando atendimento a notificação;AT;4,5110
SP-3541406-62CEE456FFF1466F820FCAA8BE63841D;SP;Presidente Prudente;Remanescente de Vegetação Nativa;Analisado, aguardando atendimento a notificação;AT;1,2982
SP-3541406-639DC074F13A4C6585FC0B11E4CC5A22;SP;Presidente Prudente;Remanescente de Vegetação Nativa;Analisado, em conformidade com a Lei nº 12.651/2012, com ativos ambientais;AT;6,2094
SP-3541406-63E43930F0064867A02BECC02A3B35F5;SP;Presidente Prudente;Remanescente de Vegetação Nativa;Analisado, aguardando regularização ambiental (Lei nº 12.651/2012);AT;18,0361
SP-3541406-6429B364CEF44E809D10BCE6822354BC;SP;Presidente Prudente;Remanescente de Vegetação Nativa;Aguardando análise, após revisão ou atendimento da notificação;AT;0,8853
SP-3541406-643D91CD033543F1AB56BF163B3032B1;SP;Presidente Prudente;Remanescente de Vegetação Nativa;Aguardando análise, após revisão ou atendimento da notificação;AT;1,3333
SP-3541406-643D91CD033543F1AB56BF163B3032B1;SP;Presidente Prudente;Remanescente de Vegetação Nativa;Aguardando análise, após revisão ou atendimento da notificação;AT;1,4258
SP-3541406-643D91CD033543F1AB56BF163B3032B1;SP;Presidente Prudente;Remanescente de Vegetação Nativa;Aguardando análise, após revisão ou atendimento da notificação;AT;0,0991
SP-3541406-645D1ECBAC0B412497C6569CC24AA30C;SP;Presidente Prudente;Remanescente de Vegetação Nativa;Aguardando análise, após revisão ou atendimento da notificação;AT;0,9744
SP-3541406-6489B27C91A947B984927A7278AF0488;SP;Presidente Prudente;Remanescente de Vegetação Nativa;Analisado, em conformidade com a Lei nº 12.651/2012, com ativos ambientais;AT;1,5669
SP-3541406-64B4DA73D3544D2CB24179E28035667F;SP;Presidente Prudente;Remanescente de Vegetação Nativa;Analisado, em conformidade com a Lei nº 12.651/2012, com ativos ambientais;AT;0,6702
SP-3541406-64E273B02D9447B688D88C3028A1C093;SP;Presidente Prudente;Remanescente de Vegetação Nativa;Aguardando análise, após revisão ou atendimento da notificação;AT;0,0242
SP-3541406-65692682ED4B4927B87BE36AFD101CEA;SP;Presidente Prudente;Remanescente de Vegetação Nativa;Analisado, em conformidade com a Lei nº 12.651/2012, com ativos ambientais;AT;3,3839
SP-3541406-65A8BD2BB9D14690BA746F47A811518B;SP;Presidente Prudente;Remanescente de Vegetação Nativa;Analisado, aguardando atendimento a notificação;AT;0,0445
SP-3541406-66130101BEC04961A84360D658BBEE0A;SP;Presidente Prudente;Remanescente de Vegetação Nativa;Aguardando análise;AT;0,1376
SP-3541406-661B8E18393B4F4E9805F937C148A043;SP;Presidente Prudente;Remanescente de Vegetação Nativa;Aguardando análise, após revisão ou atendimento da notificação;AT;1,3379
SP-3541406-661B8E18393B4F4E9805F937C148A043;SP;Presidente Prudente;Remanescente de Vegetação Nativa;Aguardando análise, após revisão ou atendimento da notificação;AT;1,5549
SP-3541406-661B8E18393B4F4E9805F937C148A043;SP;Presidente Prudente;Remanescente de Vegetação Nativa;Aguardando análise, após revisão ou atendimento da notificação;AT;1,0104
SP-3541406-661B8E18393B4F4E9805F937C148A043;SP;Presidente Prudente;Remanescente de Vegetação Nativa;Aguardando análise, após revisão ou atendimento da notificação;AT;0,0000
SP-3541406-661B8E18393B4F4E9805F937C148A043;SP;Presidente Prudente;Remanescente de Vegetação Nativa;Aguardando análise, após revisão ou atendimento da notificação;AT;0,0001
SP-3541406-664A4ACD6DA94C9B99487A98BC0F4210;SP;Presidente Prudente;Remanescente de Vegetação Nativa;Aguardando análise, após revisão ou atendimento da notificação;AT;0,3338
SP-3541406-664A4ACD6DA94C9B99487A98BC0F4210;SP;Presidente Prudente;Remanescente de Vegetação Nativa;Aguardando análise, após revisão ou atendimento da notificação;AT;0,1840
SP-3541406-664A4ACD6DA94C9B99487A98BC0F4210;SP;Presidente Prudente;Remanescente de Vegetação Nativa;Aguardando análise, após revisão ou atendimento da notificação;AT;0,8187
SP-3541406-664A4ACD6DA94C9B99487A98BC0F4210;SP;Presidente Prudente;Remanescente de Vegetação Nativa;Aguardando análise, após revisão ou atendimento da notificação;AT;0,2477
SP-3541406-669B2FDCB0C940CBADFD41173D9A7501;SP;Presidente Prudente;Remanescente de Vegetação Nativa;Aguardando análise;AT;1,1326
SP-3541406-670AA92F4AB349A8AAA4B94B813ED851;SP;Presidente Prudente;Remanescente de Vegetação Nativa;Analisado, aguardando atendimento a notificação;AT;0,7998
SP-3541406-6725134D277846ECA920DD65126C8BF1;SP;Presidente Prudente;Remanescente de Vegetação Nativa;Analisado, aguardando atendimento a notificação;AT;0,2969
SP-3541406-67A7DEE0CCD446E0B72567675447F195;SP;Presidente Prudente;Remanescente de Vegetação Nativa;Aguardando análise;AT;1,5102
SP-3541406-67DA33B928484422BC282167909893A0;SP;Presidente Prudente;Remanescente de Vegetação Nativa;Aguardando análise;AT;7,2289
SP-3541406-680569BE1918432489D2186421473CAF;SP;Presidente Prudente;Remanescente de Vegetação Nativa;Aguardando análise, após revisão ou atendimento da notificação;AT;2,0669
SP-3541406-680569BE1918432489D2186421473CAF;SP;Presidente Prudente;Remanescente de Vegetação Nativa;Aguardando análise, após revisão ou atendimento da notificação;AT;5,3570
SP-3541406-68E6E5CEB668460EA7EE4C5F8B0CBCF5;SP;Presidente Prudente;Remanescente de Vegetação Nativa;Analisado, aguardando regularização ambiental (Lei nº 12.651/2012);AT;2,0932
SP-3541406-6971DE9DD38A43BBAA7835658E5DAFAB;SP;Presidente Prudente;Remanescente de Vegetação Nativa;Aguardando análise;AT;5,7845
SP-3541406-69D465FE9E9A4AC58EAD2E06B347381F;SP;Presidente Prudente;Remanescente de Vegetação Nativa;Aguardando análise;AT;0,3341
SP-3541406-69D465FE9E9A4AC58EAD2E06B347381F;SP;Presidente Prudente;Remanescente de Vegetação Nativa;Aguardando análise;AT;0,4498
SP-3541406-69D465FE9E9A4AC58EAD2E06B347381F;SP;Presidente Prudente;Remanescente de Vegetação Nativa;Aguardando análise;AT;1,2193
SP-3541406-69D465FE9E9A4AC58EAD2E06B347381F;SP;Presidente Prudente;Remanescente de Vegetação Nativa;Aguardando análise;AT;0,1884
SP-3541406-69D465FE9E9A4AC58EAD2E06B347381F;SP;Presidente Prudente;Remanescente de Vegetação Nativa;Aguardando análise;AT;0,6519
SP-3541406-69D465FE9E9A4AC58EAD2E06B347381F;SP;Presidente Prudente;Remanescente de Vegetação Nativa;Aguardando análise;AT;1,0025
SP-3541406-69D465FE9E9A4AC58EAD2E06B347381F;SP;Presidente Prudente;Remanescente de Vegetação Nativa;Aguardando análise;AT;2,0273
SP-3541406-69D465FE9E9A4AC58EAD2E06B347381F;SP;Presidente Prudente;Remanescente de Vegetação Nativa;Aguardando análise;AT;1,4395
SP-3541406-69D465FE9E9A4AC58EAD2E06B347381F;SP;Presidente Prudente;Remanescente de Vegetação Nativa;Aguardando análise;AT;0,3528
SP-3541406-6A34520022CB490F88A03CDC32CBA079;SP;Presidente Prudente;Remanescente de Vegetação Nativa;Analisado, em conformidade com a Lei nº 12.651/2012, com ativos ambientais;AT;0,8923
SP-3541406-6A4AF2BA78BA49B9BF53353086BD363A;SP;Presidente Prudente;Remanescente de Vegetação Nativa;Aguardando análise, após revisão ou atendimento da notificação;AT;7,9295
SP-3541406-6A9B2D9316AB4E659A5418A83F50EE4F;SP;Presidente Prudente;Remanescente de Vegetação Nativa;Aguardando análise;AT;1,1515
SP-3541406-6B3041F370134F8281CFFD1692039567;SP;Presidente Prudente;Remanescente de Vegetação Nativa;Aguardando análise;AT;5,6186
SP-3541406-6BB83EF174934390B6604FAB167705EA;SP;Presidente Prudente;Remanescente de Vegetação Nativa;Analisado, em conformidade com a Lei nº 12.651/2012, com ativos ambientais;AT;0,2138
SP-3541406-6BCB028F79484F04B33F81F795B39474;SP;Presidente Prudente;Remanescente de Vegetação Nativa;Analisado, em conformidade com a Lei nº 12.651/2012, com ativos ambientais;AT;0,6446
SP-3541406-6C6643674DA34E0A81E2F1BDEBF49FB5;SP;Presidente Prudente;Remanescente de Vegetação Nativa;Analisado, em conformidade com a Lei nº 12.651/2012, com ativos ambientais;AT;0,0173
SP-3541406-6CD7CF3F8F114F6283AD0CAF55394F75;SP;Presidente Prudente;Remanescente de Vegetação Nativa;Aguardando análise;AT;1,0762
SP-3541406-6D2C017211424010AF0DE5EEBF35715F;SP;Presidente Prudente;Remanescente de Vegetação Nativa;Aguardando análise;AT;1,2208
SP-3541406-6D61F53E3DA141DDA87BF40B0DD4F27C;SP;Presidente Prudente;Remanescente de Vegetação Nativa;Analisado, aguardando regularização ambiental (Lei nº 12.651/2012);AT;0,5562
SP-3541406-6D91D82247D34DA5A98488267E210CCC;SP;Presidente Prudente;Remanescente de Vegetação Nativa;Aguardando análise;AT;0,5591
SP-3541406-6D91D82247D34DA5A98488267E210CCC;SP;Presidente Prudente;Remanescente de Vegetação Nativa;Aguardando análise;AT;0,9386
SP-3541406-6DA7C4734C4C4A57BE78A877A7CD9A7E;SP;Presidente Prudente;Remanescente de Vegetação Nativa;Analisado, aguardando atendimento a notificação;AT;4,1027
SP-3541406-6DE6D6B543824386BD9CD6010A8EAF68;SP;Presidente Prudente;Remanescente de Vegetação Nativa;Analisado, aguardando atendimento a notificação;AT;0,2558
SP-3541406-6E122A8EBC2F439E955AEB60B1E64F21;SP;Presidente Prudente;Remanescente de Vegetação Nativa;Aguardando análise, após revisão ou atendimento da notificação;AT;2,4394
SP-3541406-6E122A8EBC2F439E955AEB60B1E64F21;SP;Presidente Prudente;Remanescente de Vegetação Nativa;Aguardando análise, após revisão ou atendimento da notificação;AT;0,3327
SP-3541406-6E444C4B691B4529BAF1DD4F3AE6E07E;SP;Presidente Prudente;Remanescente de Vegetação Nativa;Aguardando análise, após revisão ou atendimento da notificação;AT;0,3709
SP-3541406-6E53A8C7044441918E39D1EE880EF93A;SP;Presidente Prudente;Remanescente de Vegetação Nativa;Analisado, aguardando atendimento a notificação;AT;2,0745
SP-3541406-6E98EDC433654B05B3306412853E3198;SP;Presidente Prudente;Remanescente de Vegetação Nativa;Aguardando análise;AT;2,2137
SP-3541406-6EA2631BB3154291921B336CF079B1E1;SP;Presidente Prudente;Remanescente de Vegetação Nativa;Aguardando análise;AT;5,8366
SP-3541406-6ECC5396EA4F4D5C80D61628391A8E10;SP;Presidente Prudente;Remanescente de Vegetação Nativa;Analisado, aguardando atendimento a notificação;AT;0,4974
SP-3541406-6F3AE06FB94E4C0A89814A6A3BE99F52;SP;Presidente Prudente;Remanescente de Vegetação Nativa;Analisado, em conformidade com a Lei nº 12.651/2012, com ativos ambientais;AT;1,2239
SP-3541406-6F906DC6F7D5468F9CAAD3273C6C273D;SP;Presidente Prudente;Remanescente de Vegetação Nativa;Analisado, em conformidade com a Lei nº 12.651/2012, com ativos ambientais;AT;3,3380
SP-3541406-6FFA374B2EB44859B536282EF07E41A8;SP;Presidente Prudente;Remanescente de Vegetação Nativa;Aguardando análise;AT;0,1113
SP-3541406-6FFA374B2EB44859B536282EF07E41A8;SP;Presidente Prudente;Remanescente de Vegetação Nativa;Aguardando análise;AT;0,2964
SP-3541406-6FFA374B2EB44859B536282EF07E41A8;SP;Presidente Prudente;Remanescente de Vegetação Nativa;Aguardando análise;AT;0,2390
SP-3541406-6FFA374B2EB44859B536282EF07E41A8;SP;Presidente Prudente;Remanescente de Vegetação Nativa;Aguardando análise;AT;0,1255
SP-3541406-6FFA374B2EB44859B536282EF07E41A8;SP;Presidente Prudente;Remanescente de Vegetação Nativa;Aguardando análise;AT;0,1098
SP-3541406-6FFA374B2EB44859B536282EF07E41A8;SP;Presidente Prudente;Remanescente de Vegetação Nativa;Aguardando análise;AT;1,1084
SP-3541406-70239F219CD34498AE55628B64295954;SP;Presidente Prudente;Remanescente de Vegetação Nativa;Aguardando análise;AT;1,3419
SP-3541406-70C8ED3F605642FA8B4BC8D51A0ED0BC;SP;Presidente Prudente;Remanescente de Vegetação Nativa;Analisado, aguardando regularização ambiental (Lei nº 12.651/2012);AT;0,9726
SP-3541406-70F26CEEF1364DF59B82CB83D1C9E7A1;SP;Presidente Prudente;Remanescente de Vegetação Nativa;Analisado, aguardando regularização ambiental (Lei nº 12.651/2012);AT;1,8336
SP-3541406-715683BC0A214C95A724D722DAC974DC;SP;Presidente Prudente;Remanescente de Vegetação Nativa;Analisado, aguardando atendimento a notificação;AT;0,3836
SP-3541406-71F568656BD44D2E814357192B375DAC;SP;Presidente Prudente;Remanescente de Vegetação Nativa;Aguardando análise;AT;2,4676
SP-3541406-7220800D6567453FBB20641BEC60434D;SP;Presidente Prudente;Remanescente de Vegetação Nativa;Aguardando análise;AT;8,6538
SP-3541406-72D1750479BC48D08DBADA205695D889;SP;Presidente Prudente;Remanescente de Vegetação Nativa;Analisado, aguardando atendimento a notificação;AT;6,2160
SP-3541406-72E7AB33ACA3425E879845BFD99E3C39;SP;Presidente Prudente;Remanescente de Vegetação Nativa;Aguardando análise;AT;0,4279
SP-3541406-72E7AB33ACA3425E879845BFD99E3C39;SP;Presidente Prudente;Remanescente de Vegetação Nativa;Aguardando análise;AT;1,7581
SP-3541406-72E7AB33ACA3425E879845BFD99E3C39;SP;Presidente Prudente;Remanescente de Vegetação Nativa;Aguardando análise;AT;5,3706
SP-3541406-72E7AB33ACA3425E879845BFD99E3C39;SP;Presidente Prudente;Remanescente de Vegetação Nativa;Aguardando análise;AT;0,5894
SP-3541406-735C7B487485483DB8EBD8EC81FDF51A;SP;Presidente Prudente;Remanescente de Vegetação Nativa;Aguardando análise;AT;14,3293
SP-3541406-7390A60D767B41DEA7ADFEA13ED8552F;SP;Presidente Prudente;Remanescente de Vegetação Nativa;Analisado, em conformidade com a Lei nº 12.651/2012;AT;0,1800
SP-3541406-73936BBA61174EDEA4F20024A389B0C7;SP;Presidente Prudente;Remanescente de Vegetação Nativa;Aguardando análise, após revisão ou atendimento da notificação;AT;14,6138
SP-3541406-73ABAF1F3D254214B32B2FC7F795CF3B;SP;Presidente Prudente;Remanescente de Vegetação Nativa;Analisado, em conformidade com a Lei nº 12.651/2012, com ativos ambientais;AT;0,6742
SP-3541406-73D380E01FD34F11B257D0E28A3B6F3C;SP;Presidente Prudente;Remanescente de Vegetação Nativa;Analisado, aguardando atendimento a notificação;AT;5,2243
SP-3541406-73D3C6EDA02642E5A69FAD9F76B7D8FC;SP;Presidente Prudente;Remanescente de Vegetação Nativa;Analisado, aguardando atendimento a notificação;AT;0,5059
SP-3541406-73E4F1EDA5BD4713A6AD4A49F80FA079;SP;Presidente Prudente;Remanescente de Vegetação Nativa;Aguardando análise;AT;0,0850
SP-3541406-73E4F1EDA5BD4713A6AD4A49F80FA079;SP;Presidente Prudente;Remanescente de Vegetação Nativa;Aguardando análise;AT;0,0352
SP-3541406-747DEA08C9E646B88DF66352DC5D3BAA;SP;Presidente Prudente;Remanescente de Vegetação Nativa;Analisado, em conformidade com a Lei nº 12.651/2012, com ativos ambientais;AT;0,8196
SP-3541406-74FC79C67B094EE499835DB585AB51A6;SP;Presidente Prudente;Remanescente de Vegetação Nativa;Analisado, aguardando atendimento a notificação;AT;0,4054
SP-3541406-7520ACDE56AC411894341B3561DA8A93;SP;Presidente Prudente;Remanescente de Vegetação Nativa;Analisado, em conformidade com a Lei nº 12.651/2012, com ativos ambientais;AT;0,5667
SP-3541406-755DB09DF20349B8A7FC85FBA24B109D;SP;Presidente Prudente;Remanescente de Vegetação Nativa;Analisado, em conformidade com a Lei nº 12.651/2012, com ativos ambientais;AT;3,7952
SP-3541406-757D878BBF3A48ECBBB8632E84759B08;SP;Presidente Prudente;Remanescente de Vegetação Nativa;Aguardando análise;AT;0,1201
SP-3541406-758EB6BA0EFC49A6A21689662A503F60;SP;Presidente Prudente;Remanescente de Vegetação Nativa;Analisado, em conformidade com a Lei nº 12.651/2012, com ativos ambientais;AT;0,0095
SP-3541406-75AAB99270CB4A42B9E24A4784227BD6;SP;Presidente Prudente;Remanescente de Vegetação Nativa;Analisado, em conformidade com a Lei nº 12.651/2012, com ativos ambientais;AT;0,4334
SP-3541406-75C1DE955AED48B4B046C66C03608C5C;SP;Presidente Prudente;Remanescente de Vegetação Nativa;Aguardando análise, após revisão ou atendimento da notificação;AT;0,1789
SP-3541406-75C1DE955AED48B4B046C66C03608C5C;SP;Presidente Prudente;Remanescente de Vegetação Nativa;Aguardando análise, após revisão ou atendimento da notificação;AT;0,0077
SP-3541406-75C1DE955AED48B4B046C66C03608C5C;SP;Presidente Prudente;Remanescente de Vegetação Nativa;Aguardando análise, após revisão ou atendimento da notificação;AT;0,0138
SP-3541406-75C1DE955AED48B4B046C66C03608C5C;SP;Presidente Prudente;Remanescente de Vegetação Nativa;Aguardando análise, após revisão ou atendimento da notificação;AT;0,0164
SP-3541406-75C1DE955AED48B4B046C66C03608C5C;SP;Presidente Prudente;Remanescente de Vegetação Nativa;Aguardando análise, após revisão ou atendimento da notificação;AT;0,0215
SP-3541406-75C1DE955AED48B4B046C66C03608C5C;SP;Presidente Prudente;Remanescente de Vegetação Nativa;Aguardando análise, após revisão ou atendimento da notificação;AT;0,0050
SP-3541406-75C1DE955AED48B4B046C66C03608C5C;SP;Presidente Prudente;Remanescente de Vegetação Nativa;Aguardando análise, após revisão ou atendimento da notificação;AT;0,0202
SP-3541406-75C1DE955AED48B4B046C66C03608C5C;SP;Presidente Prudente;Remanescente de Vegetação Nativa;Aguardando análise, após revisão ou atendimento da notificação;AT;0,0164
SP-3541406-75C1DE955AED48B4B046C66C03608C5C;SP;Presidente Prudente;Remanescente de Vegetação Nativa;Aguardando análise, após revisão ou atendimento da notificação;AT;0,0034
SP-3541406-75C1DE955AED48B4B046C66C03608C5C;SP;Presidente Prudente;Remanescente de Vegetação Nativa;Aguardando análise, após revisão ou atendimento da notificação;AT;0,0862
SP-3541406-75C1DE955AED48B4B046C66C03608C5C;SP;Presidente Prudente;Remanescente de Vegetação Nativa;Aguardando análise, após revisão ou atendimento da notificação;AT;0,0862
SP-3541406-75C1DE955AED48B4B046C66C03608C5C;SP;Presidente Prudente;Remanescente de Vegetação Nativa;Aguardando análise, após revisão ou atendimento da notificação;AT;1,4548
SP-3541406-75E3A232DA5E4734854551C3E1277556;SP;Presidente Prudente;Remanescente de Vegetação Nativa;Aguardando análise;AT;190,4506
SP-3541406-76139839CFB04F1BBB91BBB19D1FA59F;SP;Presidente Prudente;Remanescente de Vegetação Nativa;Analisado, aguardando atendimento a notificação;AT;0,7064
SP-3541406-767B9EC346DB4B11A331EFA014BB0AC9;SP;Presidente Prudente;Remanescente de Vegetação Nativa;Aguardando análise;AT;0,0466
SP-3541406-767B9EC346DB4B11A331EFA014BB0AC9;SP;Presidente Prudente;Remanescente de Vegetação Nativa;Aguardando análise;AT;0,2312
SP-3541406-767B9EC346DB4B11A331EFA014BB0AC9;SP;Presidente Prudente;Remanescente de Vegetação Nativa;Aguardando análise;AT;0,3590
SP-3541406-76846EF517AE41C9911826F7C17B32B6;SP;Presidente Prudente;Remanescente de Vegetação Nativa;Aguardando análise, após revisão ou atendimento da notificação;AT;0,0272
SP-3541406-76846EF517AE41C9911826F7C17B32B6;SP;Presidente Prudente;Remanescente de Vegetação Nativa;Aguardando análise, após revisão ou atendimento da notificação;AT;0,0409
SP-3541406-76C2768C87904B198F0A8368CC5FE0EB;SP;Presidente Prudente;Remanescente de Vegetação Nativa;Analisado, aguardando atendimento a notificação;AT;31,4187
SP-3541406-770980C238A34330A7F0386ADD949D74;SP;Presidente Prudente;Remanescente de Vegetação Nativa;Analisado, aguardando atendimento a notificação;AT;0,0876
SP-3541406-770980C238A34330A7F0386ADD949D74;SP;Presidente Prudente;Remanescente de Vegetação Nativa;Analisado, aguardando atendimento a notificação;AT;0,1097
SP-3541406-770980C238A34330A7F0386ADD949D74;SP;Presidente Prudente;Remanescente de Vegetação Nativa;Analisado, aguardando atendimento a notificação;AT;0,0077
SP-3541406-770980C238A34330A7F0386ADD949D74;SP;Presidente Prudente;Remanescente de Vegetação Nativa;Analisado, aguardando atendimento a notificação;AT;0,0301
SP-3541406-7797DE7F08D049D8B990CD4376BE1C6D;SP;Presidente Prudente;Remanescente de Vegetação Nativa;Analisado, em conformidade com a Lei nº 12.651/2012, com ativos ambientais;AT;0,7726
SP-3541406-77EFDD4236954EBA9CBFBD7A333CE4D1;SP;Presidente Prudente;Remanescente de Vegetação Nativa;Aguardando análise, após revisão ou atendimento da notificação;AT;0,0680
SP-3541406-77EFDD4236954EBA9CBFBD7A333CE4D1;SP;Presidente Prudente;Remanescente de Vegetação Nativa;Aguardando análise, após revisão ou atendimento da notificação;AT;0,0655
SP-3541406-77EFDD4236954EBA9CBFBD7A333CE4D1;SP;Presidente Prudente;Remanescente de Vegetação Nativa;Aguardando análise, após revisão ou atendimento da notificação;AT;1,1588
SP-3541406-7861CACB920F4118A06136AEDFE1E2A6;SP;Presidente Prudente;Remanescente de Vegetação Nativa;Analisado, aguardando regularização ambiental (Lei nº 12.651/2012);AT;6,5619
SP-3541406-7879B2E517424DB8954E953672BCB977;SP;Presidente Prudente;Remanescente de Vegetação Nativa;Aguardando análise, após revisão ou atendimento da notificação;AT;0,0136
SP-3541406-7879B2E517424DB8954E953672BCB977;SP;Presidente Prudente;Remanescente de Vegetação Nativa;Aguardando análise, após revisão ou atendimento da notificação;AT;0,2992
SP-3541406-78F09C6C406D4B91B99999B235F43F70;SP;Presidente Prudente;Remanescente de Vegetação Nativa;Aguardando análise;AT;0,1181
SP-3541406-7941449E883143BBBFA0093A845C6C0B;SP;Presidente Prudente;Remanescente de Vegetação Nativa;Analisado, aguardando atendimento a notificação;AT;0,4269
SP-3541406-7941449E883143BBBFA0093A845C6C0B;SP;Presidente Prudente;Remanescente de Vegetação Nativa;Analisado, aguardando atendimento a notificação;AT;0,2141
SP-3541406-7941449E883143BBBFA0093A845C6C0B;SP;Presidente Prudente;Remanescente de Vegetação Nativa;Analisado, aguardando atendimento a notificação;AT;0,1429
SP-3541406-7941449E883143BBBFA0093A845C6C0B;SP;Presidente Prudente;Remanescente de Vegetação Nativa;Analisado, aguardando atendimento a notificação;AT;0,0199
SP-3541406-7941449E883143BBBFA0093A845C6C0B;SP;Presidente Prudente;Remanescente de Vegetação Nativa;Analisado, aguardando atendimento a notificação;AT;0,0140
SP-3541406-7941449E883143BBBFA0093A845C6C0B;SP;Presidente Prudente;Remanescente de Vegetação Nativa;Analisado, aguardando atendimento a notificação;AT;0,0148
SP-3541406-79458F4B413347B88774BC240F71A78B;SP;Presidente Prudente;Remanescente de Vegetação Nativa;Analisado, aguardando atendimento a notificação;AT;1,3258
SP-3541406-79458F4B413347B88774BC240F71A78B;SP;Presidente Prudente;Remanescente de Vegetação Nativa;Analisado, aguardando atendimento a notificação;AT;0,6270
SP-3541406-7A5CE274D68D4D2DB7DA8A144FF0BB9F;SP;Presidente Prudente;Remanescente de Vegetação Nativa;Em análise;AT;0,0656
SP-3541406-7A5CE274D68D4D2DB7DA8A144FF0BB9F;SP;Presidente Prudente;Remanescente de Vegetação Nativa;Em análise;AT;0,1637
SP-3541406-7A5CE274D68D4D2DB7DA8A144FF0BB9F;SP;Presidente Prudente;Remanescente de Vegetação Nativa;Em análise;AT;0,1698
SP-3541406-7A5CE274D68D4D2DB7DA8A144FF0BB9F;SP;Presidente Prudente;Remanescente de Vegetação Nativa;Em análise;AT;0,0469
SP-3541406-7A5CE274D68D4D2DB7DA8A144FF0BB9F;SP;Presidente Prudente;Remanescente de Vegetação Nativa;Em análise;AT;0,1854
SP-3541406-7A5CE274D68D4D2DB7DA8A144FF0BB9F;SP;Presidente Prudente;Remanescente de Vegetação Nativa;Em análise;AT;0,0336
SP-3541406-7ADAF652605444318A74210622F7DF58;SP;Presidente Prudente;Remanescente de Vegetação Nativa;Analisado, aguardando atendimento a notificação;AT;2,1058
SP-3541406-7B08709438C44F119E2EFDC35CE55F80;SP;Presidente Prudente;Remanescente de Vegetação Nativa;Aguardando análise, após revisão ou atendimento da notificação;AT;0,5588
SP-3541406-7B5C527FBA474FC68E373663100FE609;SP;Presidente Prudente;Remanescente de Vegetação Nativa;Aguardando análise, após revisão ou atendimento da notificação;AT;2,0538
SP-3541406-7C43B71AAA814F3B9A0A2BCD081055B8;SP;Presidente Prudente;Remanescente de Vegetação Nativa;Analisado, em conformidade com a Lei nº 12.651/2012, com ativos ambientais;AT;1,2404
SP-3541406-7C86A1529AB14E6CAADE99072CD6422E;SP;Presidente Prudente;Remanescente de Vegetação Nativa;Aguardando análise, após revisão ou atendimento da notificação;AT;0,0307
SP-3541406-7D4AB954FA8D441E801AB67BB8C14929;SP;Presidente Prudente;Remanescente de Vegetação Nativa;Analisado, aguardando regularização ambiental (Lei nº 12.651/2012);AT;1,6620
SP-3541406-7DCDFA17BFFF4CD19ED20112EC2852DA;SP;Presidente Prudente;Remanescente de Vegetação Nativa;Analisado, em conformidade com a Lei nº 12.651/2012, com ativos ambientais;AT;1,0302
SP-3541406-7E53F3053D344995B43D0E12F84C1E84;SP;Presidente Prudente;Remanescente de Vegetação Nativa;Aguardando análise;AT;0,1020
SP-3541406-7E53F3053D344995B43D0E12F84C1E84;SP;Presidente Prudente;Remanescente de Vegetação Nativa;Aguardando análise;AT;0,2499
SP-3541406-7EC0FD4F63A74E2782C2754755B570D9;SP;Presidente Prudente;Remanescente de Vegetação Nativa;Analisado, aguardando regularização ambiental (Lei nº 12.651/2012);AT;3,5495
SP-3541406-7EC41330B4FF41848AF2532B94BEAE0D;SP;Presidente Prudente;Remanescente de Vegetação Nativa;Aguardando análise;AT;0,9123
SP-3541406-7F984B0B36BD4941A87B3CED27B96877;SP;Presidente Prudente;Remanescente de Vegetação Nativa;Analisado, em conformidade com a Lei nº 12.651/2012, com ativos ambientais;AT;0,3677
SP-3541406-7FB9B2E49F5C42BDB36C3C29BC363045;SP;Presidente Prudente;Remanescente de Vegetação Nativa;Analisado, aguardando atendimento a notificação;AT;2,0865
SP-3541406-7FB9B2E49F5C42BDB36C3C29BC363045;SP;Presidente Prudente;Remanescente de Vegetação Nativa;Analisado, aguardando atendimento a notificação;AT;0,4729
SP-3541406-7FC2D0B004EE4A61AB2A4A544C0722AB;SP;Presidente Prudente;Remanescente de Vegetação Nativa;Aguardando análise;AT;0,9526
SP-3541406-801890A3DB39461A90413DEF1BB33EFA;SP;Presidente Prudente;Remanescente de Vegetação Nativa;Aguardando análise, após revisão ou atendimento da notificação;AT;0,1797
SP-3541406-803D26D83727422684587A6B51926CFA;SP;Presidente Prudente;Remanescente de Vegetação Nativa;Aguardando análise;AT;4,6970
SP-3541406-804DF3831F4A402EB4627BC96B5F0E9F;SP;Presidente Prudente;Remanescente de Vegetação Nativa;Analisado, em conformidade com a Lei nº 12.651/2012, com ativos ambientais;AT;1,3011
SP-3541406-808D4C0CB2CE4821A5E0DDB0D5E30634;SP;Presidente Prudente;Remanescente de Vegetação Nativa;Analisado, em conformidade com a Lei nº 12.651/2012, com ativos ambientais;AT;2,0169
SP-3541406-80BAC9E270C24C76B7BF330A63B2416D;SP;Presidente Prudente;Remanescente de Vegetação Nativa;Aguardando análise, após revisão ou atendimento da notificação;AT;0,1042
SP-3541406-80BAC9E270C24C76B7BF330A63B2416D;SP;Presidente Prudente;Remanescente de Vegetação Nativa;Aguardando análise, após revisão ou atendimento da notificação;AT;2,9496
SP-3541406-812FE8F6161B4AEE9BAB586257DF9144;SP;Presidente Prudente;Remanescente de Vegetação Nativa;Analisado, aguardando atendimento a notificação;AT;0,0477
SP-3541406-8150C2C8F4BA4EFBB0B5418E026D720C;SP;Presidente Prudente;Remanescente de Vegetação Nativa;Aguardando análise;AT;1,4761
SP-3541406-81613F18900844BC81F09C36FEC61D12;SP;Presidente Prudente;Remanescente de Vegetação Nativa;Analisado, aguardando atendimento a notificação;AT;0,3495
SP-3541406-818837B1B83D452FBD669CE14C833DD3;SP;Presidente Prudente;Remanescente de Vegetação Nativa;Aguardando análise;AT;4,2416
SP-3541406-818B6FFE0DD24C6981D78E7E4E2216B5;SP;Presidente Prudente;Remanescente de Vegetação Nativa;Analisado, aguardando atendimento a notificação;AT;0,8979
SP-3541406-8292F99631A14FC19D56D3E059AD09BF;SP;Presidente Prudente;Remanescente de Vegetação Nativa;Analisado, aguardando atendimento a notificação;AT;0,0458
SP-3541406-8292F99631A14FC19D56D3E059AD09BF;SP;Presidente Prudente;Remanescente de Vegetação Nativa;Analisado, aguardando atendimento a notificação;AT;0,1038
SP-3541406-82E8C27219364350B8FE4318EBD88B2C;SP;Presidente Prudente;Remanescente de Vegetação Nativa;Analisado, em conformidade com a Lei nº 12.651/2012, com ativos ambientais;AT;0,6303
SP-3541406-82ED4DD5DDE14EA29642FEE2B070B8A8;SP;Presidente Prudente;Remanescente de Vegetação Nativa;Analisado, aguardando regularização ambiental (Lei nº 12.651/2012);AT;0,5535
SP-3541406-8321DCDCF42F42218404A69DF03FCA07;SP;Presidente Prudente;Remanescente de Vegetação Nativa;Aguardando análise;AT;4,8040
SP-3541406-836ADEC6089B4C62BCAA31CF2F1C0ACE;SP;Presidente Prudente;Remanescente de Vegetação Nativa;Analisado, em conformidade com a Lei nº 12.651/2012, com ativos ambientais;AT;0,1283
SP-3541406-83D0B4BA9D1C4E79B7B3CBD96F22DD48;SP;Presidente Prudente;Remanescente de Vegetação Nativa;Analisado, em conformidade com a Lei nº 12.651/2012, com ativos ambientais;AT;1,1420
SP-3541406-840BBFAA79AA45F7A2CB8D89647E8AC2;SP;Presidente Prudente;Remanescente de Vegetação Nativa;Aguardando análise;AT;0,6635
SP-3541406-84B523193B09490B9500F1D675EEFAE2;SP;Presidente Prudente;Remanescente de Vegetação Nativa;Analisado, em conformidade com a Lei nº 12.651/2012, com ativos ambientais;AT;0,6071
SP-3541406-84D994E1DE334A03908964B85FD819B0;SP;Presidente Prudente;Remanescente de Vegetação Nativa;Analisado, aguardando regularização ambiental (Lei nº 12.651/2012);AT;5,3186
SP-3541406-84E0906F6D9041A8A99A5297DDB54B78;SP;Presidente Prudente;Remanescente de Vegetação Nativa;Aguardando análise;AT;4,6934
SP-3541406-8512DA0A4DE74843BD824046365EAEC5;SP;Presidente Prudente;Remanescente de Vegetação Nativa;Analisado, em conformidade com a Lei nº 12.651/2012, com ativos ambientais;AT;10,2182
SP-3541406-85AD169DB7DA49BEB9DF323C3E202B72;SP;Presidente Prudente;Remanescente de Vegetação Nativa;Analisado, em conformidade com a Lei nº 12.651/2012, com ativos ambientais;AT;0,0135
SP-3541406-85B3680C02A149C6B96D978BE869D9ED;SP;Presidente Prudente;Remanescente de Vegetação Nativa;Aguardando análise;AT;1,1310
SP-3541406-85D7A1EB7A42433DAFBA5A0D43944362;SP;Presidente Prudente;Remanescente de Vegetação Nativa;Aguardando análise;AT;0,4083
SP-3541406-85D7A1EB7A42433DAFBA5A0D43944362;SP;Presidente Prudente;Remanescente de Vegetação Nativa;Aguardando análise;AT;0,5173
SP-3541406-85D7A1EB7A42433DAFBA5A0D43944362;SP;Presidente Prudente;Remanescente de Vegetação Nativa;Aguardando análise;AT;0,1921
SP-3541406-86A9D13130DA4B05ADC588FDBD2B638F;SP;Presidente Prudente;Remanescente de Vegetação Nativa;Analisado, em conformidade com a Lei nº 12.651/2012, com ativos ambientais;AT;0,8779
SP-3541406-86B2295DCF0644749B1BC4B2DC05E945;SP;Presidente Prudente;Remanescente de Vegetação Nativa;Aguardando análise;AT;0,9692
SP-3541406-86C4FBEC7DD44956880494370BFEBEEE;SP;Presidente Prudente;Remanescente de Vegetação Nativa;Analisado, em conformidade com a Lei nº 12.651/2012, com ativos ambientais;AT;7,1823
SP-3541406-86CFABFBEEAE4A6FA4E770248B720C6A;SP;Presidente Prudente;Remanescente de Vegetação Nativa;Analisado, aguardando regularização ambiental (Lei nº 12.651/2012);AT;0,7266
SP-3541406-86E65B65547E4CB8AF0F7F12035E4526;SP;Presidente Prudente;Remanescente de Vegetação Nativa;Analisado, aguardando regularização ambiental (Lei nº 12.651/2012);AT;7,7336
SP-3541406-86ECAC616BDE453797D2154DACB25064;SP;Presidente Prudente;Remanescente de Vegetação Nativa;Aguardando análise;AT;0,3587
SP-3541406-87144E51ABA64DF39CC2EB44966D46DB;SP;Presidente Prudente;Remanescente de Vegetação Nativa;Analisado, aguardando atendimento a notificação;AT;3,6463
SP-3541406-8735407F1C134227ADA83C6453786D51;SP;Presidente Prudente;Remanescente de Vegetação Nativa;Analisado, aguardando atendimento a notificação;AT;3,0781
SP-3541406-8767EFA45A734FFCA00670A1963C9807;SP;Presidente Prudente;Remanescente de Vegetação Nativa;Analisado, em conformidade com a Lei nº 12.651/2012, com ativos ambientais;AT;2,4131
SP-3541406-877464247BB8436CAEAB564A8032F78B;SP;Presidente Prudente;Remanescente de Vegetação Nativa;Analisado, aguardando regularização ambiental (Lei nº 12.651/2012);AT;3,8568
SP-3541406-8791933E8E0E4BE1913F2039513FE80A;SP;Presidente Prudente;Remanescente de Vegetação Nativa;Analisado, aguardando atendimento a notificação;AT;0,0922
SP-3541406-8791933E8E0E4BE1913F2039513FE80A;SP;Presidente Prudente;Remanescente de Vegetação Nativa;Analisado, aguardando atendimento a notificação;AT;17,9922
SP-3541406-8791E83BCBED4B15B5B36FD9BD3DB34B;SP;Presidente Prudente;Remanescente de Vegetação Nativa;Aguardando análise;AT;40,1895
SP-3541406-87C70B8ED82E45349CE1226B8D327430;SP;Presidente Prudente;Remanescente de Vegetação Nativa;Aguardando análise, após revisão ou atendimento da notificação;AT;0,0060
SP-3541406-87C70B8ED82E45349CE1226B8D327430;SP;Presidente Prudente;Remanescente de Vegetação Nativa;Aguardando análise, após revisão ou atendimento da notificação;AT;0,0408
SP-3541406-87C70B8ED82E45349CE1226B8D327430;SP;Presidente Prudente;Remanescente de Vegetação Nativa;Aguardando análise, após revisão ou atendimento da notificação;AT;0,0423
SP-3541406-87C70B8ED82E45349CE1226B8D327430;SP;Presidente Prudente;Remanescente de Vegetação Nativa;Aguardando análise, após revisão ou atendimento da notificação;AT;0,0762
SP-3541406-87FB348869B04A08981F4ADA2A3B404F;SP;Presidente Prudente;Remanescente de Vegetação Nativa;Analisado, aguardando regularização ambiental (Lei nº 12.651/2012);AT;0,6006
SP-3541406-885EF05B8F8A44F9A073A9FB1365223E;SP;Presidente Prudente;Remanescente de Vegetação Nativa;Aguardando análise, após revisão ou atendimento da notificação;AT;0,4453
SP-3541406-885EF05B8F8A44F9A073A9FB1365223E;SP;Presidente Prudente;Remanescente de Vegetação Nativa;Aguardando análise, após revisão ou atendimento da notificação;AT;2,4754
SP-3541406-887E99993641406B935D22160BCC6EEB;SP;Presidente Prudente;Remanescente de Vegetação Nativa;Aguardando análise;AT;0,0068
SP-3541406-887E99993641406B935D22160BCC6EEB;SP;Presidente Prudente;Remanescente de Vegetação Nativa;Aguardando análise;AT;0,0016
SP-3541406-88F4A3718F6E4F90A7E767302192A7C3;SP;Presidente Prudente;Remanescente de Vegetação Nativa;Aguardando análise, após revisão ou atendimento da notificação;AT;0,8030
SP-3541406-891EDEE12E414FFFB21E9A72CC20A8BF;SP;Presidente Prudente;Remanescente de Vegetação Nativa;Analisado, aguardando regularização ambiental (Lei nº 12.651/2012);AT;0,9697
SP-3541406-8949D2714B864D168AA50E14C85370FD;SP;Presidente Prudente;Remanescente de Vegetação Nativa;Analisado, aguardando atendimento a notificação;AT;0,2216
SP-3541406-8949D2714B864D168AA50E14C85370FD;SP;Presidente Prudente;Remanescente de Vegetação Nativa;Analisado, aguardando atendimento a notificação;AT;0,0664
SP-3541406-896623FE94104867A5A5F82E0A483457;SP;Presidente Prudente;Remanescente de Vegetação Nativa;Analisado, em conformidade com a Lei nº 12.651/2012, com ativos ambientais;AT;0,6653
SP-3541406-89A4218C84BE4FD8A792598AC6FEDD3A;SP;Presidente Prudente;Remanescente de Vegetação Nativa;Analisado, em conformidade com a Lei nº 12.651/2012, com ativos ambientais;AT;0,8342
SP-3541406-89A4E8141BFD40CB9838E9AF6B1C1A5A;SP;Presidente Prudente;Remanescente de Vegetação Nativa;Aguardando análise, após revisão ou atendimento da notificação;AT;0,1769
SP-3541406-8A59B135BA9747DB81226198300C4B31;SP;Presidente Prudente;Remanescente de Vegetação Nativa;Analisado, em conformidade com a Lei nº 12.651/2012, com ativos ambientais;AT;8,1317
SP-3541406-8A6DE4942DEE4839978C094D047CACBD;SP;Presidente Prudente;Remanescente de Vegetação Nativa;Analisado, aguardando atendimento a notificação;AT;2,9886
SP-3541406-8A6DE4942DEE4839978C094D047CACBD;SP;Presidente Prudente;Remanescente de Vegetação Nativa;Analisado, aguardando atendimento a notificação;AT;1,0581
SP-3541406-8A6DE4942DEE4839978C094D047CACBD;SP;Presidente Prudente;Remanescente de Vegetação Nativa;Analisado, aguardando atendimento a notificação;AT;0,3167
SP-3541406-8A6DE4942DEE4839978C094D047CACBD;SP;Presidente Prudente;Remanescente de Vegetação Nativa;Analisado, aguardando atendimento a notificação;AT;0,0932
SP-3541406-8A6DE4942DEE4839978C094D047CACBD;SP;Presidente Prudente;Remanescente de Vegetação Nativa;Analisado, aguardando atendimento a notificação;AT;0,0117
SP-3541406-8AB902EE3D3C4123B49590A9971BBB23;SP;Presidente Prudente;Remanescente de Vegetação Nativa;Analisado, em conformidade com a Lei nº 12.651/2012, com ativos ambientais;AT;0,2171
SP-3541406-8AD64A528660498890A992C947C73F5F;SP;Presidente Prudente;Remanescente de Vegetação Nativa;Analisado, em conformidade com a Lei nº 12.651/2012, com ativos ambientais;AT;8,7790
SP-3541406-8B0C3F81768349C1A373DC24EBE3E612;SP;Presidente Prudente;Remanescente de Vegetação Nativa;Aguardando análise;AT;0,8064
SP-3541406-8B15D7FA4D9C42A794D399D313DC78FD;SP;Presidente Prudente;Remanescente de Vegetação Nativa;Analisado, aguardando regularização ambiental (Lei nº 12.651/2012);AT;3,2541
SP-3541406-8BA67872CDC84C06BFF3390D989AD773;SP;Presidente Prudente;Remanescente de Vegetação Nativa;Analisado, aguardando atendimento a notificação;AT;0,0196
SP-3541406-8BC7374FCE5A47EDB1AAFEF2314EC5AF;SP;Presidente Prudente;Remanescente de Vegetação Nativa;Aguardando análise;AT;3,2941
SP-3541406-8C1F21A0E1C1416AA42A0E9CA6CA73F7;SP;Presidente Prudente;Remanescente de Vegetação Nativa;Analisado, em conformidade com a Lei nº 12.651/2012, com ativos ambientais;AT;2,2479
SP-3541406-8C743000C67341608BC672DF892572AC;SP;Presidente Prudente;Remanescente de Vegetação Nativa;Analisado, em conformidade com a Lei nº 12.651/2012, com ativos ambientais;AT;2,3645
SP-3541406-8C80D2497E7D48CBB99A7369F39F2892;SP;Presidente Prudente;Remanescente de Vegetação Nativa;Aguardando análise;AT;9,1301
SP-3541406-8CAF6D5825134DD7A0F7B372F9EED2BA;SP;Presidente Prudente;Remanescente de Vegetação Nativa;Aguardando análise;AT;0,0895
SP-3541406-8CAF6D5825134DD7A0F7B372F9EED2BA;SP;Presidente Prudente;Remanescente de Vegetação Nativa;Aguardando análise;AT;0,2223
SP-3541406-8CAF6D5825134DD7A0F7B372F9EED2BA;SP;Presidente Prudente;Remanescente de Vegetação Nativa;Aguardando análise;AT;0,0706
SP-3541406-8CAF6D5825134DD7A0F7B372F9EED2BA;SP;Presidente Prudente;Remanescente de Vegetação Nativa;Aguardando análise;AT;0,6460
SP-3541406-8CAF6D5825134DD7A0F7B372F9EED2BA;SP;Presidente Prudente;Remanescente de Vegetação Nativa;Aguardando análise;AT;0,0877
SP-3541406-8CAF6D5825134DD7A0F7B372F9EED2BA;SP;Presidente Prudente;Remanescente de Vegetação Nativa;Aguardando análise;AT;5,2949
SP-3541406-8CF5178238C54DBB8E655671B8FF32D5;SP;Presidente Prudente;Remanescente de Vegetação Nativa;Analisado, aguardando atendimento a notificação;AT;0,2337
SP-3541406-8CF5178238C54DBB8E655671B8FF32D5;SP;Presidente Prudente;Remanescente de Vegetação Nativa;Analisado, aguardando atendimento a notificação;AT;0,0440
SP-3541406-8D872B652E2646E9B3221D064F19E644;SP;Presidente Prudente;Remanescente de Vegetação Nativa;Aguardando análise;AT;2,2254
SP-3541406-8D9453C2DD3A4513A8DC76AEE440F896;SP;Presidente Prudente;Remanescente de Vegetação Nativa;Analisado, em conformidade com a Lei nº 12.651/2012, com ativos ambientais;AT;0,2995
SP-3541406-8DB2B0E880454B21AFDF4CD38459932B;SP;Presidente Prudente;Remanescente de Vegetação Nativa;Analisado, em conformidade com a Lei nº 12.651/2012, com ativos ambientais;AT;0,0032
SP-3541406-8DCC364333C645D1B114E2A3A9311D5B;SP;Presidente Prudente;Remanescente de Vegetação Nativa;Aguardando análise, após revisão ou atendimento da notificação;AT;0,0535
SP-3541406-8E356C8948184BBFA5F61EE926D12504;SP;Presidente Prudente;Remanescente de Vegetação Nativa;Aguardando análise;AT;23,1872
SP-3541406-8E7B2DA4BD0E46D4A99DC1D16AD67D38;SP;Presidente Prudente;Remanescente de Vegetação Nativa;Aguardando análise;AT;0,2517
SP-3541406-8E7B2DA4BD0E46D4A99DC1D16AD67D38;SP;Presidente Prudente;Remanescente de Vegetação Nativa;Aguardando análise;AT;0,0184
SP-3541406-8E7B2DA4BD0E46D4A99DC1D16AD67D38;SP;Presidente Prudente;Remanescente de Vegetação Nativa;Aguardando análise;AT;0,0612
SP-3541406-8E7B2DA4BD0E46D4A99DC1D16AD67D38;SP;Presidente Prudente;Remanescente de Vegetação Nativa;Aguardando análise;AT;4,5214
SP-3541406-8EB98F6ED52346A28A6AF1F459B8EF42;SP;Presidente Prudente;Remanescente de Vegetação Nativa;Aguardando análise;AT;1,9178
SP-3541406-8ED53BCF1B934A5280187458E12D7D0D;SP;Presidente Prudente;Remanescente de Vegetação Nativa;Analisado, aguardando atendimento a notificação;AT;5,9042
SP-3541406-8EFDB33A7B7343DF94C5AD7DA27252FC;SP;Presidente Prudente;Remanescente de Vegetação Nativa;Aguardando análise;AT;4,0354
SP-3541406-8F279C8CE7E34D11B8BA6AB62214B7D7;SP;Presidente Prudente;Remanescente de Vegetação Nativa;Analisado, aguardando atendimento a notificação;AT;0,0400
SP-3541406-8F279C8CE7E34D11B8BA6AB62214B7D7;SP;Presidente Prudente;Remanescente de Vegetação Nativa;Analisado, aguardando atendimento a notificação;AT;0,1111
SP-3541406-8F279C8CE7E34D11B8BA6AB62214B7D7;SP;Presidente Prudente;Remanescente de Vegetação Nativa;Analisado, aguardando atendimento a notificação;AT;0,0803
SP-3541406-8F279C8CE7E34D11B8BA6AB62214B7D7;SP;Presidente Prudente;Remanescente de Vegetação Nativa;Analisado, aguardando atendimento a notificação;AT;0,0417
SP-3541406-8F279C8CE7E34D11B8BA6AB62214B7D7;SP;Presidente Prudente;Remanescente de Vegetação Nativa;Analisado, aguardando atendimento a notificação;AT;0,0200
SP-3541406-8F279C8CE7E34D11B8BA6AB62214B7D7;SP;Presidente Prudente;Remanescente de Vegetação Nativa;Analisado, aguardando atendimento a notificação;AT;0,4810
SP-3541406-8F279C8CE7E34D11B8BA6AB62214B7D7;SP;Presidente Prudente;Remanescente de Vegetação Nativa;Analisado, aguardando atendimento a notificação;AT;0,5470
SP-3541406-8F279C8CE7E34D11B8BA6AB62214B7D7;SP;Presidente Prudente;Remanescente de Vegetação Nativa;Analisado, aguardando atendimento a notificação;AT;0,1227
SP-3541406-8F279C8CE7E34D11B8BA6AB62214B7D7;SP;Presidente Prudente;Remanescente de Vegetação Nativa;Analisado, aguardando atendimento a notificação;AT;0,0371
SP-3541406-8F2DF17E66A643508EC0634334AF68B3;SP;Presidente Prudente;Remanescente de Vegetação Nativa;Aguardando análise;AT;3,1108
SP-3541406-8F72FEE8ED5647368C107A3BBFFE4598;SP;Presidente Prudente;Remanescente de Vegetação Nativa;Analisado, em conformidade com a Lei nº 12.651/2012, com ativos ambientais;AT;0,1281
SP-3541406-8FCD7BF3F24449B88DB4EBF1946F16A4;SP;Presidente Prudente;Remanescente de Vegetação Nativa;Aguardando análise;AT;0,9223
SP-3541406-9009D11DED904AA4867ED43C68CD58AC;SP;Presidente Prudente;Remanescente de Vegetação Nativa;Analisado, em conformidade com a Lei nº 12.651/2012, com ativos ambientais;AT;0,6071
SP-3541406-906442D5EE8F44E0B5DFAE36B804CEAE;SP;Presidente Prudente;Remanescente de Vegetação Nativa;Aguardando análise;AT;3,0921
SP-3541406-906442D5EE8F44E0B5DFAE36B804CEAE;SP;Presidente Prudente;Remanescente de Vegetação Nativa;Aguardando análise;AT;2,8271
SP-3541406-906442D5EE8F44E0B5DFAE36B804CEAE;SP;Presidente Prudente;Remanescente de Vegetação Nativa;Aguardando análise;AT;1,2778
SP-3541406-90A3D41F01EC41919E9DCE1BC7BD145E;SP;Presidente Prudente;Remanescente de Vegetação Nativa;Aguardando análise;AT;0,7069
SP-3541406-90A3D41F01EC41919E9DCE1BC7BD145E;SP;Presidente Prudente;Remanescente de Vegetação Nativa;Aguardando análise;AT;0,0998
SP-3541406-90A3D41F01EC41919E9DCE1BC7BD145E;SP;Presidente Prudente;Remanescente de Vegetação Nativa;Aguardando análise;AT;4,1248
SP-3541406-90FA731F9F1A49D7877BE2372B5D07B2;SP;Presidente Prudente;Remanescente de Vegetação Nativa;Analisado, em conformidade com a Lei nº 12.651/2012, com ativos ambientais;AT;0,1211
SP-3541406-9183F02C957149EB8D15D61301E04A44;SP;Presidente Prudente;Remanescente de Vegetação Nativa;Analisado, aguardando regularização ambiental (Lei nº 12.651/2012);AT;6,4279
SP-3541406-91D6894259B649D59325238B3782B65D;SP;Presidente Prudente;Remanescente de Vegetação Nativa;Aguardando análise;AT;1,9202
SP-3541406-91E78DC26336418CA9625B812407E8BD;SP;Presidente Prudente;Remanescente de Vegetação Nativa;Analisado, aguardando atendimento a notificação;AT;0,0134
SP-3541406-91F398DCDB5B4EF9B72CE9CD44F929B8;SP;Presidente Prudente;Remanescente de Vegetação Nativa;Aguardando análise, após revisão ou atendimento da notificação;AT;23,8407
SP-3541406-922ABBE678EB4F759D1C5A239AF7C661;SP;Presidente Prudente;Remanescente de Vegetação Nativa;Aguardando análise, após revisão ou atendimento da notificação;AT;1,7160
SP-3541406-92415B28FB814FCCB2905023A0A45260;SP;Presidente Prudente;Remanescente de Vegetação Nativa;Analisado, em conformidade com a Lei nº 12.651/2012, com ativos ambientais;AT;0,8406
SP-3541406-927437C34A2E45A68EC5EC7EEA5DCBD0;SP;Presidente Prudente;Remanescente de Vegetação Nativa;Analisado, em conformidade com a Lei nº 12.651/2012, com ativos ambientais;AT;0,9918
SP-3541406-92E69FC4C5F745CFB930495946EB4BB4;SP;Presidente Prudente;Remanescente de Vegetação Nativa;Analisado, aguardando atendimento a notificação;AT;0,4435
SP-3541406-92E69FC4C5F745CFB930495946EB4BB4;SP;Presidente Prudente;Remanescente de Vegetação Nativa;Analisado, aguardando atendimento a notificação;AT;0,1121
SP-3541406-93BA5DEEAD6D4684892E004F521DBDEF;SP;Presidente Prudente;Remanescente de Vegetação Nativa;Analisado, em conformidade com a Lei nº 12.651/2012, com ativos ambientais;AT;2,3510
SP-3541406-9426C4D4E07E4AF284EC0C136B0E95AC;SP;Presidente Prudente;Remanescente de Vegetação Nativa;Analisado, em conformidade com a Lei nº 12.651/2012, com ativos ambientais;AT;3,7987
SP-3541406-9426DFABEA7C464897344CE1679F07FC;SP;Presidente Prudente;Remanescente de Vegetação Nativa;Analisado, aguardando atendimento a notificação;AT;0,0013
SP-3541406-94700EE824A84A51B1B6ECD0C186076E;SP;Presidente Prudente;Remanescente de Vegetação Nativa;Analisado, aguardando atendimento a notificação;AT;0,0899
SP-3541406-94700EE824A84A51B1B6ECD0C186076E;SP;Presidente Prudente;Remanescente de Vegetação Nativa;Analisado, aguardando atendimento a notificação;AT;0,5318
SP-3541406-94700EE824A84A51B1B6ECD0C186076E;SP;Presidente Prudente;Remanescente de Vegetação Nativa;Analisado, aguardando atendimento a notificação;AT;1,1990
SP-3541406-94700EE824A84A51B1B6ECD0C186076E;SP;Presidente Prudente;Remanescente de Vegetação Nativa;Analisado, aguardando atendimento a notificação;AT;0,1914
SP-3541406-94700EE824A84A51B1B6ECD0C186076E;SP;Presidente Prudente;Remanescente de Vegetação Nativa;Analisado, aguardando atendimento a notificação;AT;9,9075
SP-3541406-9472434EEC854B8AB3031BE7A2952A19;SP;Presidente Prudente;Remanescente de Vegetação Nativa;Aguardando análise;AT;1,2358
SP-3541406-9479D4CD382645148D82283C52AFEBCE;SP;Presidente Prudente;Remanescente de Vegetação Nativa;Aguardando análise, após revisão ou atendimento da notificação;AT;2,6389
SP-3541406-94D89F4A271C46E687E72B8EAD031EB4;SP;Presidente Prudente;Remanescente de Vegetação Nativa;Analisado, em conformidade com a Lei nº 12.651/2012, com ativos ambientais;AT;1,9685
SP-3541406-951B792EADCF4345ACF4C9BA89471223;SP;Presidente Prudente;Remanescente de Vegetação Nativa;Aguardando análise, após revisão ou atendimento da notificação;AT;1,7345
SP-3541406-953C16B5806146839FD38BCEBA651962;SP;Presidente Prudente;Remanescente de Vegetação Nativa;Aguardando análise;AT;7,8202
SP-3541406-954AE252A92545C0BD28EC3751AEB45A;SP;Presidente Prudente;Remanescente de Vegetação Nativa;Analisado, aguardando regularização ambiental (Lei nº 12.651/2012);AT;0,2483
SP-3541406-954F4041E8594C8B8E0C708DEB271194;SP;Presidente Prudente;Remanescente de Vegetação Nativa;Aguardando análise;AT;0,4092
SP-3541406-958E3DD5A2D4426E91C72ED4E1F9D96E;SP;Presidente Prudente;Remanescente de Vegetação Nativa;Analisado, em conformidade com a Lei nº 12.651/2012, com ativos ambientais;AT;0,3168
SP-3541406-9593C0F52BDC4884805A7FED1C67E6A7;SP;Presidente Prudente;Remanescente de Vegetação Nativa;Aguardando análise;AT;1,9066
SP-3541406-95F1B5AD5F5448FFA801A140E6922013;SP;Presidente Prudente;Remanescente de Vegetação Nativa;Analisado, em conformidade com a Lei nº 12.651/2012, com ativos ambientais;AT;2,8957
SP-3541406-96AF30A2513C46259C586451F8E82EC0;SP;Presidente Prudente;Remanescente de Vegetação Nativa;Analisado, aguardando regularização ambiental (Lei nº 12.651/2012);AT;1,4571
SP-3541406-96B001A6BB4C431B9401F943711789D2;SP;Presidente Prudente;Remanescente de Vegetação Nativa;Aguardando análise;AT;3,4725
SP-3541406-97914A22BEF644228CC75F8689970D7A;SP;Presidente Prudente;Remanescente de Vegetação Nativa;Analisado, em conformidade com a Lei nº 12.651/2012, com ativos ambientais;AT;1,6511
SP-3541406-97B7705B8B2049878474E8E34081B8E2;SP;Presidente Prudente;Remanescente de Vegetação Nativa;Analisado, em conformidade com a Lei nº 12.651/2012, com ativos ambientais;AT;2,1653
SP-3541406-97F7FBB194344C79B142129EED6D42F5;SP;Presidente Prudente;Remanescente de Vegetação Nativa;Aguardando análise;AT;9,8777
SP-3541406-97F7FBB194344C79B142129EED6D42F5;SP;Presidente Prudente;Remanescente de Vegetação Nativa;Aguardando análise;AT;2,3169
SP-3541406-97F7FBB194344C79B142129EED6D42F5;SP;Presidente Prudente;Remanescente de Vegetação Nativa;Aguardando análise;AT;1,9963
SP-3541406-97F7FBB194344C79B142129EED6D42F5;SP;Presidente Prudente;Remanescente de Vegetação Nativa;Aguardando análise;AT;3,5629
SP-3541406-9817D22B7B454B5C9FF54D6F55B1591C;SP;Presidente Prudente;Remanescente de Vegetação Nativa;Analisado, aguardando regularização ambiental (Lei nº 12.651/2012);AT;1,9312
SP-3541406-982ED68675D148698DC43674DD770360;SP;Presidente Prudente;Remanescente de Vegetação Nativa;Analisado, em conformidade com a Lei nº 12.651/2012, com ativos ambientais;AT;2,3426
SP-3541406-984A58FD3B2244099A150F987D7D1F4C;SP;Presidente Prudente;Remanescente de Vegetação Nativa;Aguardando análise, após revisão ou atendimento da notificação;AT;0,2918
SP-3541406-98EFB89596A24833BDA96A8206525700;SP;Presidente Prudente;Remanescente de Vegetação Nativa;Analisado, aguardando regularização ambiental (Lei nº 12.651/2012);AT;0,0287
SP-3541406-990458DF76B94698A453AF1CD29242F9;SP;Presidente Prudente;Remanescente de Vegetação Nativa;Analisado, em conformidade com a Lei nº 12.651/2012, com ativos ambientais;AT;3,6075
SP-3541406-99741B28AD244F858425CB088790E787;SP;Presidente Prudente;Remanescente de Vegetação Nativa;Aguardando análise;AT;2,5413
SP-3541406-997C4B77D113430C8F914777C7B078C2;SP;Presidente Prudente;Remanescente de Vegetação Nativa;Analisado, em conformidade com a Lei nº 12.651/2012, com ativos ambientais;AT;0,9777
SP-3541406-9989C60EAC66419580A7D4EDF230AF03;SP;Presidente Prudente;Remanescente de Vegetação Nativa;Analisado, aguardando regularização ambiental (Lei nº 12.651/2012);AT;1,5194
SP-3541406-99B0AF66C7904A1A825E435CBED5164F;SP;Presidente Prudente;Remanescente de Vegetação Nativa;Aguardando análise;AT;0,4264
SP-3541406-99C68C262FA04DC7A6221835FAE21D73;SP;Presidente Prudente;Remanescente de Vegetação Nativa;Aguardando análise;AT;6,9536
SP-3541406-99DCE3A4879D453EACB470FA0325822F;SP;Presidente Prudente;Remanescente de Vegetação Nativa;Aguardando análise;AT;0,3568
SP-3541406-9A04F1B534E94F3F8DE7BAE1298A4BBE;SP;Presidente Prudente;Remanescente de Vegetação Nativa;Aguardando análise, após revisão ou atendimento da notificação;AT;0,0281
SP-3541406-9A04F1B534E94F3F8DE7BAE1298A4BBE;SP;Presidente Prudente;Remanescente de Vegetação Nativa;Aguardando análise, após revisão ou atendimento da notificação;AT;0,1339
SP-3541406-9A301C6C78AB4E39940316ADCE4D073A;SP;Presidente Prudente;Remanescente de Vegetação Nativa;Aguardando análise;AT;12,5797
SP-3541406-9A6A7D029F7F4BC1A7CE7D601F1DAB66;SP;Presidente Prudente;Remanescente de Vegetação Nativa;Analisado, aguardando atendimento a notificação;AT;1,1178
SP-3541406-9AA2FEAA3AE246969B4E81F781779CAC;SP;Presidente Prudente;Remanescente de Vegetação Nativa;Aguardando análise, após revisão ou atendimento da notificação;AT;0,8731
SP-3541406-9AA2FEAA3AE246969B4E81F781779CAC;SP;Presidente Prudente;Remanescente de Vegetação Nativa;Aguardando análise, após revisão ou atendimento da notificação;AT;0,3299
SP-3541406-9ADCC84CFADE451781C056328954CE8B;SP;Presidente Prudente;Remanescente de Vegetação Nativa;Analisado, em conformidade com a Lei nº 12.651/2012, com ativos ambientais;AT;1,7653
SP-3541406-9B322DB210E640D5A96644642654AEC0;SP;Presidente Prudente;Remanescente de Vegetação Nativa;Aguardando análise, após revisão ou atendimento da notificação;AT;1,3187
SP-3541406-9B322DB210E640D5A96644642654AEC0;SP;Presidente Prudente;Remanescente de Vegetação Nativa;Aguardando análise, após revisão ou atendimento da notificação;AT;0,6315
SP-3541406-9B61E3B4620B4EDBA73CC23C76A66102;SP;Presidente Prudente;Remanescente de Vegetação Nativa;Analisado, aguardando atendimento a notificação;AT;0,4893
SP-3541406-9B68C36F262C4C93A3D6449C0922E91B;SP;Presidente Prudente;Remanescente de Vegetação Nativa;Aguardando análise;AT;0,1318
SP-3541406-9B97ACF5E22D4B3BA2453E80FE133D5F;SP;Presidente Prudente;Remanescente de Vegetação Nativa;Aguardando análise;AT;1,5534
SP-3541406-9B9BFD915BA74B33AE13D03BB4054125;SP;Presidente Prudente;Remanescente de Vegetação Nativa;Analisado, aguardando atendimento a notificação;AT;0,5446
SP-3541406-9BBDF6F5657D43FD99657E0A52C3138D;SP;Presidente Prudente;Remanescente de Vegetação Nativa;Analisado, em conformidade com a Lei nº 12.651/2012, com ativos ambientais;AT;0,5541
SP-3541406-9C1E11195CF94845BCE1A4C5C20AF629;SP;Presidente Prudente;Remanescente de Vegetação Nativa;Analisado, aguardando atendimento a notificação;AT;1,1850
SP-3541406-9C39B4F7273F4BE8B2009B0EBDE51494;SP;Presidente Prudente;Remanescente de Vegetação Nativa;Analisado, aguardando atendimento a notificação;AT;4,6500
SP-3541406-9C7A1DA116E6413887B0E834540FE727;SP;Presidente Prudente;Remanescente de Vegetação Nativa;Analisado, em regularização ambiental (Lei nº 12.651/2012);AT;5,0816
SP-3541406-9CD14698445A4B7C9049773A67885662;SP;Presidente Prudente;Remanescente de Vegetação Nativa;Analisado, aguardando atendimento a notificação;AT;0,0511
SP-3541406-9CD14698445A4B7C9049773A67885662;SP;Presidente Prudente;Remanescente de Vegetação Nativa;Analisado, aguardando atendimento a notificação;AT;0,3954
SP-3541406-9CD14698445A4B7C9049773A67885662;SP;Presidente Prudente;Remanescente de Vegetação Nativa;Analisado, aguardando atendimento a notificação;AT;0,0362
SP-3541406-9CD14698445A4B7C9049773A67885662;SP;Presidente Prudente;Remanescente de Vegetação Nativa;Analisado, aguardando atendimento a notificação;AT;0,2194
SP-3541406-9CD14698445A4B7C9049773A67885662;SP;Presidente Prudente;Remanescente de Vegetação Nativa;Analisado, aguardando atendimento a notificação;AT;0,0071
SP-3541406-9CF8B76BED4340F497C91F1A13D28D6F;SP;Presidente Prudente;Remanescente de Vegetação Nativa;Aguardando análise;AT;3,2167
SP-3541406-9D96D543B55A4A6B870829E8A1671870;SP;Presidente Prudente;Remanescente de Vegetação Nativa;Aguardando análise, após revisão ou atendimento da notificação;AT;0,4978
SP-3541406-9D99DB7900F04F2FBF13D164F67BAC87;SP;Presidente Prudente;Remanescente de Vegetação Nativa;Aguardando análise;AT;1,2840
SP-3541406-9E1B2D5AFEFD4718ADB3CC3EE1493D87;SP;Presidente Prudente;Remanescente de Vegetação Nativa;Aguardando análise;AT;0,0474
SP-3541406-9E226374C7BB4FCF8AE9A32962372655;SP;Presidente Prudente;Remanescente de Vegetação Nativa;Analisado, em conformidade com a Lei nº 12.651/2012, com ativos ambientais;AT;0,7951
SP-3541406-9E5666C0F4A04173A67A7B6E90B1A4D3;SP;Presidente Prudente;Remanescente de Vegetação Nativa;Analisado, aguardando regularização ambiental (Lei nº 12.651/2012);AT;1,9708
SP-3541406-9E5B4A6A65C4459AAD05574E8528710B;SP;Presidente Prudente;Remanescente de Vegetação Nativa;Aguardando análise;AT;2,5654
SP-3541406-9E7DA377E3EB4BC7AD41B8660D96ED42;SP;Presidente Prudente;Remanescente de Vegetação Nativa;Aguardando análise;AT;5,1338
SP-3541406-9EE211F424124910A8F2AF623D7C7352;SP;Presidente Prudente;Remanescente de Vegetação Nativa;Analisado, aguardando regularização ambiental (Lei nº 12.651/2012);AT;0,4847
SP-3541406-9EECF12A8D894DE1AEC43A0EDF0BEF55;SP;Presidente Prudente;Remanescente de Vegetação Nativa;Aguardando análise, após revisão ou atendimento da notificação;AT;0,4902
SP-3541406-9EF95AAD58CE4B6CA356B6E94A0B602B;SP;Presidente Prudente;Remanescente de Vegetação Nativa;Analisado, aguardando atendimento a notificação;AT;1,5540
SP-3541406-9F1AAC4F953049D0A3A0217B81EC663A;SP;Presidente Prudente;Remanescente de Vegetação Nativa;Aguardando análise, após revisão ou atendimento da notificação;AT;0,6390
SP-3541406-9F1AAC4F953049D0A3A0217B81EC663A;SP;Presidente Prudente;Remanescente de Vegetação Nativa;Aguardando análise, após revisão ou atendimento da notificação;AT;0,8111
SP-3541406-9F6FB28B476046C1A14F4B09BE56ED6E;SP;Presidente Prudente;Remanescente de Vegetação Nativa;Analisado, aguardando atendimento a notificação;AT;0,1443
SP-3541406-9F6FB28B476046C1A14F4B09BE56ED6E;SP;Presidente Prudente;Remanescente de Vegetação Nativa;Analisado, aguardando atendimento a notificação;AT;0,1965
SP-3541406-9F6FB28B476046C1A14F4B09BE56ED6E;SP;Presidente Prudente;Remanescente de Vegetação Nativa;Analisado, aguardando atendimento a notificação;AT;0,2097
SP-3541406-9F83A5CF6B4C41679762767327D4BFF9;SP;Presidente Prudente;Remanescente de Vegetação Nativa;Aguardando análise;AT;0,0261
SP-3541406-9F83A5CF6B4C41679762767327D4BFF9;SP;Presidente Prudente;Remanescente de Vegetação Nativa;Aguardando análise;AT;0,0678
SP-3541406-9F858001CF28475B8FFAD6FC31E51042;SP;Presidente Prudente;Remanescente de Vegetação Nativa;Aguardando análise;PE;0,4041
SP-3541406-9FD4C01C684545A1B567E15B3717BFCB;SP;Presidente Prudente;Remanescente de Vegetação Nativa;Aguardando análise, após revisão ou atendimento da notificação;AT;0,6466
SP-3541406-9FEDE133D63F43EEAA4B0D0D9FE07619;SP;Presidente Prudente;Remanescente de Vegetação Nativa;Aguardando análise, após revisão ou atendimento da notificação;AT;3,1217
SP-3541406-9FEDE133D63F43EEAA4B0D0D9FE07619;SP;Presidente Prudente;Remanescente de Vegetação Nativa;Aguardando análise, após revisão ou atendimento da notificação;AT;2,6056
SP-3541406-9FEDE133D63F43EEAA4B0D0D9FE07619;SP;Presidente Prudente;Remanescente de Vegetação Nativa;Aguardando análise, após revisão ou atendimento da notificação;AT;16,3801
SP-3541406-9FEDE133D63F43EEAA4B0D0D9FE07619;SP;Presidente Prudente;Remanescente de Vegetação Nativa;Aguardando análise, após revisão ou atendimento da notificação;AT;20,9613
SP-3541406-9FEDE133D63F43EEAA4B0D0D9FE07619;SP;Presidente Prudente;Remanescente de Vegetação Nativa;Aguardando análise, após revisão ou atendimento da notificação;AT;5,2612
SP-3541406-9FEDE133D63F43EEAA4B0D0D9FE07619;SP;Presidente Prudente;Remanescente de Vegetação Nativa;Aguardando análise, após revisão ou atendimento da notificação;AT;2,6117
SP-3541406-9FEDE133D63F43EEAA4B0D0D9FE07619;SP;Presidente Prudente;Remanescente de Vegetação Nativa;Aguardando análise, após revisão ou atendimento da notificação;AT;2,6863
SP-3541406-9FEDE133D63F43EEAA4B0D0D9FE07619;SP;Presidente Prudente;Remanescente de Vegetação Nativa;Aguardando análise, após revisão ou atendimento da notificação;AT;15,3039
SP-3541406-9FEDE133D63F43EEAA4B0D0D9FE07619;SP;Presidente Prudente;Remanescente de Vegetação Nativa;Aguardando análise, após revisão ou atendimento da notificação;AT;14,4056
SP-3541406-9FEDE133D63F43EEAA4B0D0D9FE07619;SP;Presidente Prudente;Remanescente de Vegetação Nativa;Aguardando análise, após revisão ou atendimento da notificação;AT;40,2336
SP-3541406-9FEDE133D63F43EEAA4B0D0D9FE07619;SP;Presidente Prudente;Remanescente de Vegetação Nativa;Aguardando análise, após revisão ou atendimento da notificação;AT;3,4052
SP-3541406-9FEDE133D63F43EEAA4B0D0D9FE07619;SP;Presidente Prudente;Remanescente de Vegetação Nativa;Aguardando análise, após revisão ou atendimento da notificação;AT;0,3612
SP-3541406-9FEDE133D63F43EEAA4B0D0D9FE07619;SP;Presidente Prudente;Remanescente de Vegetação Nativa;Aguardando análise, após revisão ou atendimento da notificação;AT;0,5006
SP-3541406-9FEDE133D63F43EEAA4B0D0D9FE07619;SP;Presidente Prudente;Remanescente de Vegetação Nativa;Aguardando análise, após revisão ou atendimento da notificação;AT;7,6537
SP-3541406-9FEDE133D63F43EEAA4B0D0D9FE07619;SP;Presidente Prudente;Remanescente de Vegetação Nativa;Aguardando análise, após revisão ou atendimento da notificação;AT;1,4430
SP-3541406-9FEDE133D63F43EEAA4B0D0D9FE07619;SP;Presidente Prudente;Remanescente de Vegetação Nativa;Aguardando análise, após revisão ou atendimento da notificação;AT;0,2054
SP-3541406-9FEDE133D63F43EEAA4B0D0D9FE07619;SP;Presidente Prudente;Remanescente de Vegetação Nativa;Aguardando análise, após revisão ou atendimento da notificação;AT;2,0322
SP-3541406-9FEDE133D63F43EEAA4B0D0D9FE07619;SP;Presidente Prudente;Remanescente de Vegetação Nativa;Aguardando análise, após revisão ou atendimento da notificação;AT;0,6048
SP-3541406-9FEDE133D63F43EEAA4B0D0D9FE07619;SP;Presidente Prudente;Remanescente de Vegetação Nativa;Aguardando análise, após revisão ou atendimento da notificação;AT;1,4013
SP-3541406-9FEDE133D63F43EEAA4B0D0D9FE07619;SP;Presidente Prudente;Remanescente de Vegetação Nativa;Aguardando análise, após revisão ou atendimento da notificação;AT;1,3427
SP-3541406-9FEDE133D63F43EEAA4B0D0D9FE07619;SP;Presidente Prudente;Remanescente de Vegetação Nativa;Aguardando análise, após revisão ou atendimento da notificação;AT;1,3163
SP-3541406-9FEDE133D63F43EEAA4B0D0D9FE07619;SP;Presidente Prudente;Remanescente de Vegetação Nativa;Aguardando análise, após revisão ou atendimento da notificação;AT;1,0446
SP-3541406-9FEDE133D63F43EEAA4B0D0D9FE07619;SP;Presidente Prudente;Remanescente de Vegetação Nativa;Aguardando análise, após revisão ou atendimento da notificação;AT;0,8028
SP-3541406-9FEDE133D63F43EEAA4B0D0D9FE07619;SP;Presidente Prudente;Remanescente de Vegetação Nativa;Aguardando análise, após revisão ou atendimento da notificação;AT;0,7585
SP-3541406-9FEDE133D63F43EEAA4B0D0D9FE07619;SP;Presidente Prudente;Remanescente de Vegetação Nativa;Aguardando análise, após revisão ou atendimento da notificação;AT;0,5877
SP-3541406-9FEDE133D63F43EEAA4B0D0D9FE07619;SP;Presidente Prudente;Remanescente de Vegetação Nativa;Aguardando análise, após revisão ou atendimento da notificação;AT;0,6485
SP-3541406-A07216232AF54988A11FBB0BCE0A18E9;SP;Presidente Prudente;Remanescente de Vegetação Nativa;Aguardando análise, após revisão ou atendimento da notificação;AT;0,1578
SP-3541406-A07216232AF54988A11FBB0BCE0A18E9;SP;Presidente Prudente;Remanescente de Vegetação Nativa;Aguardando análise, após revisão ou atendimento da notificação;AT;0,3685
SP-3541406-A07216232AF54988A11FBB0BCE0A18E9;SP;Presidente Prudente;Remanescente de Vegetação Nativa;Aguardando análise, após revisão ou atendimento da notificação;AT;0,1098
SP-3541406-A08438DE6D2A489A94B5B0113F626E3B;SP;Presidente Prudente;Remanescente de Vegetação Nativa;Analisado, aguardando atendimento a notificação;AT;0,0429
SP-3541406-A08AE06B01E04A378B740202386394E4;SP;Presidente Prudente;Remanescente de Vegetação Nativa;Analisado, aguardando regularização ambiental (Lei nº 12.651/2012);AT;12,9607
SP-3541406-A0CFCA617FA746758A23A1478F24C662;SP;Presidente Prudente;Remanescente de Vegetação Nativa;Analisado, aguardando atendimento a notificação;AT;1,2886
SP-3541406-A0D4A05748AE4DFBAC1E44E2EBF43074;SP;Presidente Prudente;Remanescente de Vegetação Nativa;Analisado, aguardando atendimento a notificação;AT;0,1884
SP-3541406-A0E7E9A29A7B4D3D971D17676EF28C1B;SP;Presidente Prudente;Remanescente de Vegetação Nativa;Analisado, em conformidade com a Lei nº 12.651/2012, com ativos ambientais;AT;0,6056
SP-3541406-A13F3BDE0E154548B1A30CBCAA59AB5B;SP;Presidente Prudente;Remanescente de Vegetação Nativa;Aguardando análise;AT;6,2380
SP-3541406-A1856E2EF3EB4AA9A35E3ECB47AF62A5;SP;Presidente Prudente;Remanescente de Vegetação Nativa;Analisado, em conformidade com a Lei nº 12.651/2012, com ativos ambientais;AT;0,0210
SP-3541406-A1EA08389F634FADBB6B85A048FE9D47;SP;Presidente Prudente;Remanescente de Vegetação Nativa;Aguardando análise;AT;4,0679
SP-3541406-A2865AB3DA7B4088B4AF5E19971DC413;SP;Presidente Prudente;Remanescente de Vegetação Nativa;Aguardando análise, após revisão ou atendimento da notificação;AT;0,1517
SP-3541406-A2B1F4ACBAD74BB39C9E9AC105A8950D;SP;Presidente Prudente;Remanescente de Vegetação Nativa;Analisado, em conformidade com a Lei nº 12.651/2012, com ativos ambientais;AT;0,1915
SP-3541406-A2C29F9198994E40B5CA96DBEF715F1A;SP;Presidente Prudente;Remanescente de Vegetação Nativa;Aguardando análise;AT;2,6465
SP-3541406-A2CB34EFB85D450AA418E10A3D2E5D0A;SP;Presidente Prudente;Remanescente de Vegetação Nativa;Analisado, aguardando atendimento a notificação;AT;0,4729
SP-3541406-A2FFA951BB7E4C589BE405EA9E398C4C;SP;Presidente Prudente;Remanescente de Vegetação Nativa;Aguardando análise, após revisão ou atendimento da notificação;AT;4,7221
SP-3541406-A3063B24E08D47A5A2AFEBF78753F4AC;SP;Presidente Prudente;Remanescente de Vegetação Nativa;Analisado, aguardando atendimento a notificação;AT;1,7101
SP-3541406-A318E46F974247CAA9E7EF75D346CDBC;SP;Presidente Prudente;Remanescente de Vegetação Nativa;Analisado, em conformidade com a Lei nº 12.651/2012, com ativos ambientais;AT;0,4362
SP-3541406-A34CADA856A64367ABA47A21F981608A;SP;Presidente Prudente;Remanescente de Vegetação Nativa;Analisado, aguardando atendimento a notificação;AT;1,5335
SP-3541406-A35B5F5DBDE048E5BD2067898F2CDA14;SP;Presidente Prudente;Remanescente de Vegetação Nativa;Analisado, aguardando atendimento a notificação;AT;2,9074
SP-3541406-A3890510790E4E6F9F3F94C3535E0C84;SP;Presidente Prudente;Remanescente de Vegetação Nativa;Aguardando análise, após revisão ou atendimento da notificação;AT;4,2262
SP-3541406-A40FB41301894720A1B818449A7E134E;SP;Presidente Prudente;Remanescente de Vegetação Nativa;Analisado, aguardando atendimento a notificação;AT;8,9753
SP-3541406-A4F1B9009C604A30B0E8F7BD50D1668B;SP;Presidente Prudente;Remanescente de Vegetação Nativa;Analisado, em conformidade com a Lei nº 12.651/2012, com ativos ambientais;AT;0,2785
SP-3541406-A69E58DB1FE84512868FFFD5B4500A5F;SP;Presidente Prudente;Remanescente de Vegetação Nativa;Analisado, aguardando atendimento a notificação;AT;2,2169
SP-3541406-A706249A1CEA433993E66DE97D27B2FF;SP;Presidente Prudente;Remanescente de Vegetação Nativa;Analisado, aguardando regularização ambiental (Lei nº 12.651/2012);AT;0,0858
SP-3541406-A70A36FA4E7646B98B55CF4C7ED508AF;SP;Presidente Prudente;Remanescente de Vegetação Nativa;Analisado, em conformidade com a Lei nº 12.651/2012, com ativos ambientais;AT;0,1077
SP-3541406-A7239C70857647D1B2428A3017F23F1C;SP;Presidente Prudente;Remanescente de Vegetação Nativa;Analisado, aguardando atendimento a notificação;AT;1,1382
SP-3541406-A82A38DB1AA249459B78B2F79D1D3D7A;SP;Presidente Prudente;Remanescente de Vegetação Nativa;Analisado, em conformidade com a Lei nº 12.651/2012, com ativos ambientais;AT;0,0770
SP-3541406-A84E9A16CDF14A948918ED35C1E7FFB0;SP;Presidente Prudente;Remanescente de Vegetação Nativa;Analisado, em conformidade com a Lei nº 12.651/2012, com ativos ambientais;AT;0,2738
SP-3541406-A86F6E604F584B998436AE7FE2286455;SP;Presidente Prudente;Remanescente de Vegetação Nativa;Analisado, em conformidade com a Lei nº 12.651/2012, com ativos ambientais;AT;1,1440
SP-3541406-A8A30137B08F4A3EB43214435DF15728;SP;Presidente Prudente;Remanescente de Vegetação Nativa;Analisado, aguardando atendimento a notificação;AT;0,5208
SP-3541406-A8B1166FA0D24AE7961D7B43C60EDCAA;SP;Presidente Prudente;Remanescente de Vegetação Nativa;Analisado, aguardando regularização ambiental (Lei nº 12.651/2012);AT;7,1454
SP-3541406-A8C1EAD4E3314CE4BEA1C5D60BE78F49;SP;Presidente Prudente;Remanescente de Vegetação Nativa;Analisado, em conformidade com a Lei nº 12.651/2012, com ativos ambientais;AT;264,0771
SP-3541406-A8C2A1972C504DBC911F2AA4D0904D9D;SP;Presidente Prudente;Remanescente de Vegetação Nativa;Aguardando análise;AT;1,0532
SP-3541406-A8C51F009A884D3989F227786462E3AD;SP;Presidente Prudente;Remanescente de Vegetação Nativa;Analisado, em conformidade com a Lei nº 12.651/2012, com ativos ambientais;AT;3,8838
SP-3541406-A8CA39E038EC44F89276109EAC401199;SP;Presidente Prudente;Remanescente de Vegetação Nativa;Analisado, aguardando atendimento a notificação;AT;0,2898
SP-3541406-A945ED2FCD054AC99F8B8B82FB074048;SP;Presidente Prudente;Remanescente de Vegetação Nativa;Aguardando análise, após revisão ou atendimento da notificação;AT;0,1755
SP-3541406-A9768B38F4BD452684FEE4F762735F5A;SP;Presidente Prudente;Remanescente de Vegetação Nativa;Aguardando análise;AT;0,1307
SP-3541406-A9768B38F4BD452684FEE4F762735F5A;SP;Presidente Prudente;Remanescente de Vegetação Nativa;Aguardando análise;AT;0,0608
SP-3541406-A9768B38F4BD452684FEE4F762735F5A;SP;Presidente Prudente;Remanescente de Vegetação Nativa;Aguardando análise;AT;0,0570
SP-3541406-A9768B38F4BD452684FEE4F762735F5A;SP;Presidente Prudente;Remanescente de Vegetação Nativa;Aguardando análise;AT;18,0453
SP-3541406-A9768B38F4BD452684FEE4F762735F5A;SP;Presidente Prudente;Remanescente de Vegetação Nativa;Aguardando análise;AT;0,4668
SP-3541406-A9768B38F4BD452684FEE4F762735F5A;SP;Presidente Prudente;Remanescente de Vegetação Nativa;Aguardando análise;AT;2,4392
SP-3541406-A9768B38F4BD452684FEE4F762735F5A;SP;Presidente Prudente;Remanescente de Vegetação Nativa;Aguardando análise;AT;0,0316
SP-3541406-A9768B38F4BD452684FEE4F762735F5A;SP;Presidente Prudente;Remanescente de Vegetação Nativa;Aguardando análise;AT;0,0972
SP-3541406-A9768B38F4BD452684FEE4F762735F5A;SP;Presidente Prudente;Remanescente de Vegetação Nativa;Aguardando análise;AT;0,1888
SP-3541406-A9768B38F4BD452684FEE4F762735F5A;SP;Presidente Prudente;Remanescente de Vegetação Nativa;Aguardando análise;AT;16,1453
SP-3541406-A9768B38F4BD452684FEE4F762735F5A;SP;Presidente Prudente;Remanescente de Vegetação Nativa;Aguardando análise;AT;0,0559
SP-3541406-A976C8E5B3D245339906D8FC126B5683;SP;Presidente Prudente;Remanescente de Vegetação Nativa;Analisado, aguardando atendimento a notificação;AT;3,1863
SP-3541406-A9B397AB4CA24F2D801F0C1A00B95C9F;SP;Presidente Prudente;Remanescente de Vegetação Nativa;Analisado, aguardando atendimento a notificação;AT;2,7282
SP-3541406-A9B397AB4CA24F2D801F0C1A00B95C9F;SP;Presidente Prudente;Remanescente de Vegetação Nativa;Analisado, aguardando atendimento a notificação;AT;0,3735
SP-3541406-A9B397AB4CA24F2D801F0C1A00B95C9F;SP;Presidente Prudente;Remanescente de Vegetação Nativa;Analisado, aguardando atendimento a notificação;AT;0,0540
SP-3541406-A9F14DD9BC174C7784F389EC4982C11F;SP;Presidente Prudente;Remanescente de Vegetação Nativa;Analisado, aguardando atendimento a notificação;AT;0,3948
SP-3541406-A9F3DA3FBF5248E88B31FC2FE0DD1B1E;SP;Presidente Prudente;Remanescente de Vegetação Nativa;Analisado, aguardando regularização ambiental (Lei nº 12.651/2012);AT;0,1999
SP-3541406-AA0504F6CB3A48D98E68E975ED1681AC;SP;Presidente Prudente;Remanescente de Vegetação Nativa;Analisado, em conformidade com a Lei nº 12.651/2012, com ativos ambientais;AT;1,1990
SP-3541406-AA621C86A0A341F2AB1CCF45663C9BB4;SP;Presidente Prudente;Remanescente de Vegetação Nativa;Aguardando análise;AT;0,4696
SP-3541406-AA70505184EC4BF58B5B49B6B3456340;SP;Presidente Prudente;Remanescente de Vegetação Nativa;Aguardando análise;AT;4,9203
SP-3541406-AA70505184EC4BF58B5B49B6B3456340;SP;Presidente Prudente;Remanescente de Vegetação Nativa;Aguardando análise;AT;13,7547
SP-3541406-AA721AC51EB14992AA65BC43EE0C7C24;SP;Presidente Prudente;Remanescente de Vegetação Nativa;Analisado, aguardando regularização ambiental (Lei nº 12.651/2012);AT;3,4470
SP-3541406-AA83CD64A9CD4D07A659F0221E91E898;SP;Presidente Prudente;Remanescente de Vegetação Nativa;Analisado, em conformidade com a Lei nº 12.651/2012, com ativos ambientais;AT;8,1667
SP-3541406-AA9B17753175459BA648FD46AE2BC2A0;SP;Presidente Prudente;Remanescente de Vegetação Nativa;Aguardando análise;AT;1,2724
SP-3541406-AAB7221A49DF43019710802DA697CF71;SP;Presidente Prudente;Remanescente de Vegetação Nativa;Analisado, aguardando atendimento a notificação;AT;0,3037
SP-3541406-AAB7221A49DF43019710802DA697CF71;SP;Presidente Prudente;Remanescente de Vegetação Nativa;Analisado, aguardando atendimento a notificação;AT;1,3217
SP-3541406-AAC4161A0A39480B9A63A345E50073D7;SP;Presidente Prudente;Remanescente de Vegetação Nativa;Aguardando análise;AT;0,6074
SP-3541406-AB3C5DDBC10B4585850DD69DAD6B0852;SP;Presidente Prudente;Remanescente de Vegetação Nativa;Analisado, aguardando regularização ambiental (Lei nº 12.651/2012);AT;1,4496
SP-3541406-AB424F2AAF4344C08BF185BAAC1BB82D;SP;Presidente Prudente;Remanescente de Vegetação Nativa;Analisado, em conformidade com a Lei nº 12.651/2012, com ativos ambientais;AT;2,9944
SP-3541406-AB79289BE4AF4D9B9FE504388890E6DA;SP;Presidente Prudente;Remanescente de Vegetação Nativa;Aguardando análise;AT;0,9384
SP-3541406-AB79555968AA4E8685ABFC6F86ED1F03;SP;Presidente Prudente;Remanescente de Vegetação Nativa;Analisado, aguardando regularização ambiental (Lei nº 12.651/2012);AT;31,4365
SP-3541406-ABFCDDDDE22A4E82B1359C3F6499924F;SP;Presidente Prudente;Remanescente de Vegetação Nativa;Analisado, aguardando atendimento a notificação;AT;0,1935
SP-3541406-AC974FB54B0F48CABE85DCF7A0527B3D;SP;Presidente Prudente;Remanescente de Vegetação Nativa;Analisado, aguardando atendimento a notificação;AT;0,0464
SP-3541406-AD04A56666894A7AAD77FF98EA37BD9E;SP;Presidente Prudente;Remanescente de Vegetação Nativa;Analisado, aguardando regularização ambiental (Lei nº 12.651/2012);AT;1,6678
SP-3541406-AD45E3290F99456FB922D803EAC6AD53;SP;Presidente Prudente;Remanescente de Vegetação Nativa;Aguardando análise;AT;1,2516
SP-3541406-AD5E9AB13A7F4FD8852E99A870A14DEB;SP;Presidente Prudente;Remanescente de Vegetação Nativa;Analisado, aguardando regularização ambiental (Lei nº 12.651/2012);AT;6,5291
SP-3541406-ADC0D2B429C542EFA1F555457996ACC9;SP;Presidente Prudente;Remanescente de Vegetação Nativa;Aguardando análise;AT;0,9757
SP-3541406-ADC0D2B429C542EFA1F555457996ACC9;SP;Presidente Prudente;Remanescente de Vegetação Nativa;Aguardando análise;AT;7,4857
SP-3541406-ADEE69CD8FEF46BF806D32DA4C951893;SP;Presidente Prudente;Remanescente de Vegetação Nativa;Analisado, em conformidade com a Lei nº 12.651/2012, com ativos ambientais;AT;4,0315
SP-3541406-AE3C9E30A2B54159A6D37E460A8452C9;SP;Presidente Prudente;Remanescente de Vegetação Nativa;Aguardando análise, após revisão ou atendimento da notificação;AT;1,1765
SP-3541406-AE59F43E2AA24477BB2BA22EF3F46F6D;SP;Presidente Prudente;Remanescente de Vegetação Nativa;Analisado, aguardando atendimento a notificação;AT;0,3187
SP-3541406-AE5CE1F92BE54BE58AD078311719EEE5;SP;Presidente Prudente;Remanescente de Vegetação Nativa;Analisado, aguardando atendimento a notificação;AT;0,8054
SP-3541406-AE8F26F5E5D04ABD999D783957FB4D38;SP;Presidente Prudente;Remanescente de Vegetação Nativa;Aguardando análise, após revisão ou atendimento da notificação;AT;0,3594
SP-3541406-AEA8789053F24E7790AA1D5F6945BD53;SP;Presidente Prudente;Remanescente de Vegetação Nativa;Aguardando análise;AT;6,4003
SP-3541406-AEE5CFB2EEED4C6B8AACEBD28537057F;SP;Presidente Prudente;Remanescente de Vegetação Nativa;Analisado, aguardando atendimento a notificação;AT;0,1949
SP-3541406-AEE5CFB2EEED4C6B8AACEBD28537057F;SP;Presidente Prudente;Remanescente de Vegetação Nativa;Analisado, aguardando atendimento a notificação;AT;0,6905
SP-3541406-AF53A5B48CCC4891A5D438E9691F56D4;SP;Presidente Prudente;Remanescente de Vegetação Nativa;Analisado, em conformidade com a Lei nº 12.651/2012, com ativos ambientais;AT;1,9144
SP-3541406-AF79158E21FA4AE8B2B9EA841A7B22D8;SP;Presidente Prudente;Remanescente de Vegetação Nativa;Analisado, aguardando atendimento a notificação;AT;0,1740
SP-3541406-AF79158E21FA4AE8B2B9EA841A7B22D8;SP;Presidente Prudente;Remanescente de Vegetação Nativa;Analisado, aguardando atendimento a notificação;AT;0,2422
SP-3541406-AF8F4E7DCC16421E867E5AE1D22A0E8C;SP;Presidente Prudente;Remanescente de Vegetação Nativa;Analisado, aguardando regularização ambiental (Lei nº 12.651/2012);AT;17,4764
SP-3541406-AFE160397E1243D9A08748C9046B0A39;SP;Presidente Prudente;Remanescente de Vegetação Nativa;Analisado, aguardando regularização ambiental (Lei nº 12.651/2012);AT;4,4397
SP-3541406-AFEE4FD3F0054C14B05D5E72B490C816;SP;Presidente Prudente;Remanescente de Vegetação Nativa;Analisado, aguardando atendimento a notificação;AT;0,6130
SP-3541406-B0B11763910C4B179CC39EF5BA8C3983;SP;Presidente Prudente;Remanescente de Vegetação Nativa;Analisado, aguardando regularização ambiental (Lei nº 12.651/2012);AT;0,2354
SP-3541406-B0E3CA21CD2448A9BE3896F090E98FAF;SP;Presidente Prudente;Remanescente de Vegetação Nativa;Analisado, aguardando atendimento a notificação;AT;3,6088
SP-3541406-B11F399992CF4BBFB37F92447C98D857;SP;Presidente Prudente;Remanescente de Vegetação Nativa;Analisado, em conformidade com a Lei nº 12.651/2012, com ativos ambientais;AT;1,3137
SP-3541406-B1E88D3BC9A14360BE27E0BA112F5666;SP;Presidente Prudente;Remanescente de Vegetação Nativa;Analisado, aguardando atendimento a notificação;AT;1,5522
SP-3541406-B1FD5DB54E8B4E4BA4AA8240E8BFF916;SP;Presidente Prudente;Remanescente de Vegetação Nativa;Analisado, aguardando regularização ambiental (Lei nº 12.651/2012);AT;0,3534
SP-3541406-B2233DB1AD534D1EB92769961BBB31A0;SP;Presidente Prudente;Remanescente de Vegetação Nativa;Analisado, em conformidade com a Lei nº 12.651/2012, com ativos ambientais;AT;0,4560
SP-3541406-B248E085369E47609316BBAB43C813EA;SP;Presidente Prudente;Remanescente de Vegetação Nativa;Analisado, aguardando regularização ambiental (Lei nº 12.651/2012);AT;0,3132
SP-3541406-B250560536704090A361CEC86FF5479F;SP;Presidente Prudente;Remanescente de Vegetação Nativa;Analisado, aguardando regularização ambiental (Lei nº 12.651/2012);AT;0,0948
SP-3541406-B277AA9334A14440B651115835361F3C;SP;Presidente Prudente;Remanescente de Vegetação Nativa;Aguardando análise;AT;1,7716
SP-3541406-B2F3066FA1974B408CD306A9EC621521;SP;Presidente Prudente;Remanescente de Vegetação Nativa;Analisado, em conformidade com a Lei nº 12.651/2012, com ativos ambientais;AT;0,1843
SP-3541406-B35850E2B96A418C9D5FD2F276CB93D6;SP;Presidente Prudente;Remanescente de Vegetação Nativa;Analisado, em conformidade com a Lei nº 12.651/2012;AT;0,3008
SP-3541406-B43FD0C3E832469DB1CA8D4A64B7EA9E;SP;Presidente Prudente;Remanescente de Vegetação Nativa;Aguardando análise;AT;0,0166
SP-3541406-B49DE80E5FA7474F9C9E3FA5FD4C493B;SP;Presidente Prudente;Remanescente de Vegetação Nativa;Aguardando análise;AT;13,8356
SP-3541406-B4AD8500228A4EDF93ACA00552EB49D5;SP;Presidente Prudente;Remanescente de Vegetação Nativa;Analisado, em conformidade com a Lei nº 12.651/2012, com ativos ambientais;AT;0,3183
SP-3541406-B513505D28C44B2D9B022F6D377B6343;SP;Presidente Prudente;Remanescente de Vegetação Nativa;Analisado, aguardando atendimento a notificação;AT;0,4238
SP-3541406-B518C413A8B54FB38DF670311B497757;SP;Presidente Prudente;Remanescente de Vegetação Nativa;Aguardando análise;AT;5,2169
SP-3541406-B518C413A8B54FB38DF670311B497757;SP;Presidente Prudente;Remanescente de Vegetação Nativa;Aguardando análise;AT;10,4299
SP-3541406-B518C413A8B54FB38DF670311B497757;SP;Presidente Prudente;Remanescente de Vegetação Nativa;Aguardando análise;AT;4,7131
SP-3541406-B518C413A8B54FB38DF670311B497757;SP;Presidente Prudente;Remanescente de Vegetação Nativa;Aguardando análise;AT;1,5515
SP-3541406-B518C413A8B54FB38DF670311B497757;SP;Presidente Prudente;Remanescente de Vegetação Nativa;Aguardando análise;AT;0,1955
SP-3541406-B518C413A8B54FB38DF670311B497757;SP;Presidente Prudente;Remanescente de Vegetação Nativa;Aguardando análise;AT;0,4543
SP-3541406-B518C413A8B54FB38DF670311B497757;SP;Presidente Prudente;Remanescente de Vegetação Nativa;Aguardando análise;AT;10,7659
SP-3541406-B51B387637B540E19F35021DF6826703;SP;Presidente Prudente;Remanescente de Vegetação Nativa;Analisado, aguardando regularização ambiental (Lei nº 12.651/2012);AT;4,8350
SP-3541406-B52FFAFA6AD14CF9AFCE7F45373F2FAD;SP;Presidente Prudente;Remanescente de Vegetação Nativa;Analisado, em conformidade com a Lei nº 12.651/2012, com ativos ambientais;AT;4,5331
SP-3541406-B54B50B9695D4F3D8F39851C7577B400;SP;Presidente Prudente;Remanescente de Vegetação Nativa;Analisado, aguardando atendimento a notificação;AT;4,1188
SP-3541406-B55A8669987D42798B0593DD9C6E21D0;SP;Presidente Prudente;Remanescente de Vegetação Nativa;Analisado, aguardando atendimento a notificação;AT;4,0397
SP-3541406-B55A8669987D42798B0593DD9C6E21D0;SP;Presidente Prudente;Remanescente de Vegetação Nativa;Analisado, aguardando atendimento a notificação;AT;0,5141
SP-3541406-B55BAE8877524D44891C89143795AC14;SP;Presidente Prudente;Remanescente de Vegetação Nativa;Aguardando análise;AT;1,4221
SP-3541406-B608B806A4B5494BA2EC3461DA212180;SP;Presidente Prudente;Remanescente de Vegetação Nativa;Analisado, em conformidade com a Lei nº 12.651/2012, com ativos ambientais;AT;0,5019
SP-3541406-B674D25355E841E69B0F10777FD992A0;SP;Presidente Prudente;Remanescente de Vegetação Nativa;Analisado, em conformidade com a Lei nº 12.651/2012, com ativos ambientais;AT;0,8221
SP-3541406-B6D6C1978F5D43FAB05B71B29BED74F0;SP;Presidente Prudente;Remanescente de Vegetação Nativa;Analisado, em conformidade com a Lei nº 12.651/2012, com ativos ambientais;AT;0,1365
SP-3541406-B6FEF32D8B1849EF81618A9D33182AEC;SP;Presidente Prudente;Remanescente de Vegetação Nativa;Analisado, aguardando atendimento a notificação;AT;0,2294
SP-3541406-B73027C46CDE4091AAD99FECC46AA9ED;SP;Presidente Prudente;Remanescente de Vegetação Nativa;Analisado, em conformidade com a Lei nº 12.651/2012, com ativos ambientais;AT;2,9869
SP-3541406-B74EBFB22F12408B9CAD1109CDECB24C;SP;Presidente Prudente;Remanescente de Vegetação Nativa;Analisado, em conformidade com a Lei nº 12.651/2012, com ativos ambientais;AT;0,1582
SP-3541406-B76CA86BC452404FA8DE7387F4A54A62;SP;Presidente Prudente;Remanescente de Vegetação Nativa;Analisado, aguardando atendimento a notificação;AT;0,0175
SP-3541406-B7BB232F9BB64CE4ABB0A4927FC20F15;SP;Presidente Prudente;Remanescente de Vegetação Nativa;Analisado, em conformidade com a Lei nº 12.651/2012, com ativos ambientais;AT;4,2145
SP-3541406-B7D15FA9262B4B3A9A08DBA20ADD6204;SP;Presidente Prudente;Remanescente de Vegetação Nativa;Aguardando análise, após revisão ou atendimento da notificação;AT;1,7895
SP-3541406-B7D15FA9262B4B3A9A08DBA20ADD6204;SP;Presidente Prudente;Remanescente de Vegetação Nativa;Aguardando análise, após revisão ou atendimento da notificação;AT;0,4967
SP-3541406-B7D15FA9262B4B3A9A08DBA20ADD6204;SP;Presidente Prudente;Remanescente de Vegetação Nativa;Aguardando análise, após revisão ou atendimento da notificação;AT;0,4656
SP-3541406-B7D15FA9262B4B3A9A08DBA20ADD6204;SP;Presidente Prudente;Remanescente de Vegetação Nativa;Aguardando análise, após revisão ou atendimento da notificação;AT;1,9920
SP-3541406-B7D15FA9262B4B3A9A08DBA20ADD6204;SP;Presidente Prudente;Remanescente de Vegetação Nativa;Aguardando análise, após revisão ou atendimento da notificação;AT;0,4330
SP-3541406-B7D15FA9262B4B3A9A08DBA20ADD6204;SP;Presidente Prudente;Remanescente de Vegetação Nativa;Aguardando análise, após revisão ou atendimento da notificação;AT;0,2450
SP-3541406-B7D15FA9262B4B3A9A08DBA20ADD6204;SP;Presidente Prudente;Remanescente de Vegetação Nativa;Aguardando análise, após revisão ou atendimento da notificação;AT;0,5601
SP-3541406-B7D15FA9262B4B3A9A08DBA20ADD6204;SP;Presidente Prudente;Remanescente de Vegetação Nativa;Aguardando análise, após revisão ou atendimento da notificação;AT;0,7957
SP-3541406-B7D15FA9262B4B3A9A08DBA20ADD6204;SP;Presidente Prudente;Remanescente de Vegetação Nativa;Aguardando análise, após revisão ou atendimento da notificação;AT;0,2805
SP-3541406-B7D15FA9262B4B3A9A08DBA20ADD6204;SP;Presidente Prudente;Remanescente de Vegetação Nativa;Aguardando análise, após revisão ou atendimento da notificação;AT;0,1126
SP-3541406-B7D15FA9262B4B3A9A08DBA20ADD6204;SP;Presidente Prudente;Remanescente de Vegetação Nativa;Aguardando análise, após revisão ou atendimento da notificação;AT;0,6013
SP-3541406-B7D15FA9262B4B3A9A08DBA20ADD6204;SP;Presidente Prudente;Remanescente de Vegetação Nativa;Aguardando análise, após revisão ou atendimento da notificação;AT;3,3815
SP-3541406-B7D15FA9262B4B3A9A08DBA20ADD6204;SP;Presidente Prudente;Remanescente de Vegetação Nativa;Aguardando análise, após revisão ou atendimento da notificação;AT;0,5968
SP-3541406-B7D15FA9262B4B3A9A08DBA20ADD6204;SP;Presidente Prudente;Remanescente de Vegetação Nativa;Aguardando análise, após revisão ou atendimento da notificação;AT;1,7372
SP-3541406-B7D15FA9262B4B3A9A08DBA20ADD6204;SP;Presidente Prudente;Remanescente de Vegetação Nativa;Aguardando análise, após revisão ou atendimento da notificação;AT;0,2658
SP-3541406-B7D15FA9262B4B3A9A08DBA20ADD6204;SP;Presidente Prudente;Remanescente de Vegetação Nativa;Aguardando análise, após revisão ou atendimento da notificação;AT;1,5625
SP-3541406-B7D15FA9262B4B3A9A08DBA20ADD6204;SP;Presidente Prudente;Remanescente de Vegetação Nativa;Aguardando análise, após revisão ou atendimento da notificação;AT;1,5894
SP-3541406-B7D15FA9262B4B3A9A08DBA20ADD6204;SP;Presidente Prudente;Remanescente de Vegetação Nativa;Aguardando análise, após revisão ou atendimento da notificação;AT;5,9578
SP-3541406-B7D15FA9262B4B3A9A08DBA20ADD6204;SP;Presidente Prudente;Remanescente de Vegetação Nativa;Aguardando análise, após revisão ou atendimento da notificação;AT;1,8300
SP-3541406-B7D15FA9262B4B3A9A08DBA20ADD6204;SP;Presidente Prudente;Remanescente de Vegetação Nativa;Aguardando análise, após revisão ou atendimento da notificação;AT;0,4961
SP-3541406-B7D15FA9262B4B3A9A08DBA20ADD6204;SP;Presidente Prudente;Remanescente de Vegetação Nativa;Aguardando análise, após revisão ou atendimento da notificação;AT;1,3823
SP-3541406-B7D15FA9262B4B3A9A08DBA20ADD6204;SP;Presidente Prudente;Remanescente de Vegetação Nativa;Aguardando análise, após revisão ou atendimento da notificação;AT;1,0062
SP-3541406-B7D15FA9262B4B3A9A08DBA20ADD6204;SP;Presidente Prudente;Remanescente de Vegetação Nativa;Aguardando análise, após revisão ou atendimento da notificação;AT;6,9716
SP-3541406-B7D15FA9262B4B3A9A08DBA20ADD6204;SP;Presidente Prudente;Remanescente de Vegetação Nativa;Aguardando análise, após revisão ou atendimento da notificação;AT;5,3450
SP-3541406-B7D15FA9262B4B3A9A08DBA20ADD6204;SP;Presidente Prudente;Remanescente de Vegetação Nativa;Aguardando análise, após revisão ou atendimento da notificação;AT;0,3738
SP-3541406-B7D15FA9262B4B3A9A08DBA20ADD6204;SP;Presidente Prudente;Remanescente de Vegetação Nativa;Aguardando análise, após revisão ou atendimento da notificação;AT;1,7085
SP-3541406-B7D15FA9262B4B3A9A08DBA20ADD6204;SP;Presidente Prudente;Remanescente de Vegetação Nativa;Aguardando análise, após revisão ou atendimento da notificação;AT;0,4556
SP-3541406-B7D15FA9262B4B3A9A08DBA20ADD6204;SP;Presidente Prudente;Remanescente de Vegetação Nativa;Aguardando análise, após revisão ou atendimento da notificação;AT;1,4120
SP-3541406-B7D15FA9262B4B3A9A08DBA20ADD6204;SP;Presidente Prudente;Remanescente de Vegetação Nativa;Aguardando análise, após revisão ou atendimento da notificação;AT;0,1925
SP-3541406-B7D15FA9262B4B3A9A08DBA20ADD6204;SP;Presidente Prudente;Remanescente de Vegetação Nativa;Aguardando análise, após revisão ou atendimento da notificação;AT;7,8706
SP-3541406-B7D15FA9262B4B3A9A08DBA20ADD6204;SP;Presidente Prudente;Remanescente de Vegetação Nativa;Aguardando análise, após revisão ou atendimento da notificação;AT;2,5473
SP-3541406-B7D15FA9262B4B3A9A08DBA20ADD6204;SP;Presidente Prudente;Remanescente de Vegetação Nativa;Aguardando análise, após revisão ou atendimento da notificação;AT;1,2225
SP-3541406-B7D15FA9262B4B3A9A08DBA20ADD6204;SP;Presidente Prudente;Remanescente de Vegetação Nativa;Aguardando análise, após revisão ou atendimento da notificação;AT;20,8981
SP-3541406-B7D15FA9262B4B3A9A08DBA20ADD6204;SP;Presidente Prudente;Remanescente de Vegetação Nativa;Aguardando análise, após revisão ou atendimento da notificação;AT;8,4461
SP-3541406-B7D15FA9262B4B3A9A08DBA20ADD6204;SP;Presidente Prudente;Remanescente de Vegetação Nativa;Aguardando análise, após revisão ou atendimento da notificação;AT;0,4628
SP-3541406-B7D15FA9262B4B3A9A08DBA20ADD6204;SP;Presidente Prudente;Remanescente de Vegetação Nativa;Aguardando análise, após revisão ou atendimento da notificação;AT;0,6030
SP-3541406-B7D15FA9262B4B3A9A08DBA20ADD6204;SP;Presidente Prudente;Remanescente de Vegetação Nativa;Aguardando análise, após revisão ou atendimento da notificação;AT;0,2034
SP-3541406-B7D15FA9262B4B3A9A08DBA20ADD6204;SP;Presidente Prudente;Remanescente de Vegetação Nativa;Aguardando análise, após revisão ou atendimento da notificação;AT;0,1302
SP-3541406-B7D15FA9262B4B3A9A08DBA20ADD6204;SP;Presidente Prudente;Remanescente de Vegetação Nativa;Aguardando análise, após revisão ou atendimento da notificação;AT;9,7219
SP-3541406-B7D15FA9262B4B3A9A08DBA20ADD6204;SP;Presidente Prudente;Remanescente de Vegetação Nativa;Aguardando análise, após revisão ou atendimento da notificação;AT;3,9050
SP-3541406-B7D15FA9262B4B3A9A08DBA20ADD6204;SP;Presidente Prudente;Remanescente de Vegetação Nativa;Aguardando análise, após revisão ou atendimento da notificação;AT;2,7484
SP-3541406-B7D15FA9262B4B3A9A08DBA20ADD6204;SP;Presidente Prudente;Remanescente de Vegetação Nativa;Aguardando análise, após revisão ou atendimento da notificação;AT;0,5311
SP-3541406-B7D15FA9262B4B3A9A08DBA20ADD6204;SP;Presidente Prudente;Remanescente de Vegetação Nativa;Aguardando análise, após revisão ou atendimento da notificação;AT;0,2093
SP-3541406-B7D15FA9262B4B3A9A08DBA20ADD6204;SP;Presidente Prudente;Remanescente de Vegetação Nativa;Aguardando análise, após revisão ou atendimento da notificação;AT;1,0420
SP-3541406-B7D15FA9262B4B3A9A08DBA20ADD6204;SP;Presidente Prudente;Remanescente de Vegetação Nativa;Aguardando análise, após revisão ou atendimento da notificação;AT;0,7591
SP-3541406-B7D15FA9262B4B3A9A08DBA20ADD6204;SP;Presidente Prudente;Remanescente de Vegetação Nativa;Aguardando análise, após revisão ou atendimento da notificação;AT;0,0880
SP-3541406-B7D15FA9262B4B3A9A08DBA20ADD6204;SP;Presidente Prudente;Remanescente de Vegetação Nativa;Aguardando análise, após revisão ou atendimento da notificação;AT;0,5174
SP-3541406-B7D15FA9262B4B3A9A08DBA20ADD6204;SP;Presidente Prudente;Remanescente de Vegetação Nativa;Aguardando análise, após revisão ou atendimento da notificação;AT;0,2326
SP-3541406-B7D15FA9262B4B3A9A08DBA20ADD6204;SP;Presidente Prudente;Remanescente de Vegetação Nativa;Aguardando análise, após revisão ou atendimento da notificação;AT;0,2104
SP-3541406-B7D15FA9262B4B3A9A08DBA20ADD6204;SP;Presidente Prudente;Remanescente de Vegetação Nativa;Aguardando análise, após revisão ou atendimento da notificação;AT;0,1264
SP-3541406-B7D15FA9262B4B3A9A08DBA20ADD6204;SP;Presidente Prudente;Remanescente de Vegetação Nativa;Aguardando análise, após revisão ou atendimento da notificação;AT;0,1391
SP-3541406-B7D15FA9262B4B3A9A08DBA20ADD6204;SP;Presidente Prudente;Remanescente de Vegetação Nativa;Aguardando análise, após revisão ou atendimento da notificação;AT;0,1374
SP-3541406-B7D15FA9262B4B3A9A08DBA20ADD6204;SP;Presidente Prudente;Remanescente de Vegetação Nativa;Aguardando análise, após revisão ou atendimento da notificação;AT;0,2298
SP-3541406-B7D15FA9262B4B3A9A08DBA20ADD6204;SP;Presidente Prudente;Remanescente de Vegetação Nativa;Aguardando análise, após revisão ou atendimento da notificação;AT;1,7192
SP-3541406-B7D15FA9262B4B3A9A08DBA20ADD6204;SP;Presidente Prudente;Remanescente de Vegetação Nativa;Aguardando análise, após revisão ou atendimento da notificação;AT;0,0807
SP-3541406-B7D15FA9262B4B3A9A08DBA20ADD6204;SP;Presidente Prudente;Remanescente de Vegetação Nativa;Aguardando análise, após revisão ou atendimento da notificação;AT;1,0433
SP-3541406-B7D15FA9262B4B3A9A08DBA20ADD6204;SP;Presidente Prudente;Remanescente de Vegetação Nativa;Aguardando análise, após revisão ou atendimento da notificação;AT;0,3684
SP-3541406-B7D15FA9262B4B3A9A08DBA20ADD6204;SP;Presidente Prudente;Remanescente de Vegetação Nativa;Aguardando análise, após revisão ou atendimento da notificação;AT;0,5427
SP-3541406-B7D15FA9262B4B3A9A08DBA20ADD6204;SP;Presidente Prudente;Remanescente de Vegetação Nativa;Aguardando análise, após revisão ou atendimento da notificação;AT;0,2881
SP-3541406-B7D15FA9262B4B3A9A08DBA20ADD6204;SP;Presidente Prudente;Remanescente de Vegetação Nativa;Aguardando análise, após revisão ou atendimento da notificação;AT;0,9296
SP-3541406-B7D15FA9262B4B3A9A08DBA20ADD6204;SP;Presidente Prudente;Remanescente de Vegetação Nativa;Aguardando análise, após revisão ou atendimento da notificação;AT;0,4132
SP-3541406-B7D15FA9262B4B3A9A08DBA20ADD6204;SP;Presidente Prudente;Remanescente de Vegetação Nativa;Aguardando análise, após revisão ou atendimento da notificação;AT;16,3628
SP-3541406-B7D15FA9262B4B3A9A08DBA20ADD6204;SP;Presidente Prudente;Remanescente de Vegetação Nativa;Aguardando análise, após revisão ou atendimento da notificação;AT;9,4281
SP-3541406-B7D15FA9262B4B3A9A08DBA20ADD6204;SP;Presidente Prudente;Remanescente de Vegetação Nativa;Aguardando análise, após revisão ou atendimento da notificação;AT;0,5146
SP-3541406-B7F54BC3C349459D8EBE825698277BD9;SP;Presidente Prudente;Remanescente de Vegetação Nativa;Aguardando análise, após revisão ou atendimento da notificação;AT;0,0670
SP-3541406-B807D83D904C4349AA8F08E8ABECA6F7;SP;Presidente Prudente;Remanescente de Vegetação Nativa;Analisado, aguardando atendimento a notificação;AT;0,6348
SP-3541406-B814EC3AA6B341C9AC23565C9CDB84DC;SP;Presidente Prudente;Remanescente de Vegetação Nativa;Aguardando análise;AT;1,1173
SP-3541406-B83C1DCF773C428BA586F7670BDA9242;SP;Presidente Prudente;Remanescente de Vegetação Nativa;Analisado, aguardando regularização ambiental (Lei nº 12.651/2012);AT;1,7440
SP-3541406-B858993C3B844344B8C4908CA47D7CEB;SP;Presidente Prudente;Remanescente de Vegetação Nativa;Aguardando análise, após revisão ou atendimento da notificação;AT;4,0957
SP-3541406-B87F0FB715F5402EB597F7BC369FE6E6;SP;Presidente Prudente;Remanescente de Vegetação Nativa;Aguardando análise, após revisão ou atendimento da notificação;AT;4,0438
SP-3541406-B8B4DFDBBCA947D3A94B23B2C42FDF7A;SP;Presidente Prudente;Remanescente de Vegetação Nativa;Analisado, em conformidade com a Lei nº 12.651/2012, com ativos ambientais;AT;0,3132
SP-3541406-B8CDE0BE95C544DC90156BE9A16382D8;SP;Presidente Prudente;Remanescente de Vegetação Nativa;Aguardando análise, após revisão ou atendimento da notificação;AT;1,1904
SP-3541406-B8E0A51BA9274F3C8D83C67870DC0CED;SP;Presidente Prudente;Remanescente de Vegetação Nativa;Analisado, aguardando regularização ambiental (Lei nº 12.651/2012);AT;3,2241
SP-3541406-B8E43268883D4A0781D956A4827147EB;SP;Presidente Prudente;Remanescente de Vegetação Nativa;Aguardando análise;AT;4,3683
SP-3541406-B8ED71718F834BC188BFEFE5369774E2;SP;Presidente Prudente;Remanescente de Vegetação Nativa;Analisado, aguardando atendimento a notificação;AT;7,9302
SP-3541406-B91A2FF78C7C4C7B9FCCB950BCCADC28;SP;Presidente Prudente;Remanescente de Vegetação Nativa;Analisado, aguardando regularização ambiental (Lei nº 12.651/2012);AT;0,4875
SP-3541406-B9321C0D48334F3CB450619A10BDC1E0;SP;Presidente Prudente;Remanescente de Vegetação Nativa;Analisado, aguardando atendimento a notificação;AT;6,2054
SP-3541406-B936FA1D36DE4A7EB836428598B875E8;SP;Presidente Prudente;Remanescente de Vegetação Nativa;Analisado, aguardando regularização ambiental (Lei nº 12.651/2012);AT;2,6540
SP-3541406-B95C74B9C055494AA220D821603FF711;SP;Presidente Prudente;Remanescente de Vegetação Nativa;Aguardando análise, após revisão ou atendimento da notificação;AT;36,7080
SP-3541406-B96E97C7EF1D410ABE3A21E6626FAE7E;SP;Presidente Prudente;Remanescente de Vegetação Nativa;Aguardando análise, após revisão ou atendimento da notificação;AT;0,0395
SP-3541406-B96E97C7EF1D410ABE3A21E6626FAE7E;SP;Presidente Prudente;Remanescente de Vegetação Nativa;Aguardando análise, após revisão ou atendimento da notificação;AT;0,0992
SP-3541406-B9946E260E564013ACAB1A826086F96B;SP;Presidente Prudente;Remanescente de Vegetação Nativa;Aguardando análise, após revisão ou atendimento da notificação;AT;0,0583
SP-3541406-B9946E260E564013ACAB1A826086F96B;SP;Presidente Prudente;Remanescente de Vegetação Nativa;Aguardando análise, após revisão ou atendimento da notificação;AT;0,0768
SP-3541406-B9946E260E564013ACAB1A826086F96B;SP;Presidente Prudente;Remanescente de Vegetação Nativa;Aguardando análise, após revisão ou atendimento da notificação;AT;0,0935
SP-3541406-B9B169EF265A488C91A38D2CD6FBC214;SP;Presidente Prudente;Remanescente de Vegetação Nativa;Analisado, aguardando atendimento a notificação;AT;0,5809
SP-3541406-B9B169EF265A488C91A38D2CD6FBC214;SP;Presidente Prudente;Remanescente de Vegetação Nativa;Analisado, aguardando atendimento a notificação;AT;0,3443
SP-3541406-B9B169EF265A488C91A38D2CD6FBC214;SP;Presidente Prudente;Remanescente de Vegetação Nativa;Analisado, aguardando atendimento a notificação;AT;0,0732
SP-3541406-B9C08B433DAD4206AE3800F401CB047E;SP;Presidente Prudente;Remanescente de Vegetação Nativa;Analisado, em conformidade com a Lei nº 12.651/2012;AT;0,1155
SP-3541406-B9C1B694CED5411DB01DC8154DD08353;SP;Presidente Prudente;Remanescente de Vegetação Nativa;Aguardando análise;AT;2,3973
SP-3541406-B9C1B694CED5411DB01DC8154DD08353;SP;Presidente Prudente;Remanescente de Vegetação Nativa;Aguardando análise;AT;1,7261
SP-3541406-B9C1B694CED5411DB01DC8154DD08353;SP;Presidente Prudente;Remanescente de Vegetação Nativa;Aguardando análise;AT;1,1071
SP-3541406-B9C1B694CED5411DB01DC8154DD08353;SP;Presidente Prudente;Remanescente de Vegetação Nativa;Aguardando análise;AT;0,9887
SP-3541406-B9C1B694CED5411DB01DC8154DD08353;SP;Presidente Prudente;Remanescente de Vegetação Nativa;Aguardando análise;AT;0,4189
SP-3541406-B9C1B694CED5411DB01DC8154DD08353;SP;Presidente Prudente;Remanescente de Vegetação Nativa;Aguardando análise;AT;0,2254
SP-3541406-B9C1B694CED5411DB01DC8154DD08353;SP;Presidente Prudente;Remanescente de Vegetação Nativa;Aguardando análise;AT;0,2189
SP-3541406-B9C1B694CED5411DB01DC8154DD08353;SP;Presidente Prudente;Remanescente de Vegetação Nativa;Aguardando análise;AT;0,2004
SP-3541406-B9C1B694CED5411DB01DC8154DD08353;SP;Presidente Prudente;Remanescente de Vegetação Nativa;Aguardando análise;AT;0,1906
SP-3541406-B9C1B694CED5411DB01DC8154DD08353;SP;Presidente Prudente;Remanescente de Vegetação Nativa;Aguardando análise;AT;0,1802
SP-3541406-B9C1B694CED5411DB01DC8154DD08353;SP;Presidente Prudente;Remanescente de Vegetação Nativa;Aguardando análise;AT;0,1300
SP-3541406-B9C1B694CED5411DB01DC8154DD08353;SP;Presidente Prudente;Remanescente de Vegetação Nativa;Aguardando análise;AT;0,0989
SP-3541406-B9C1B694CED5411DB01DC8154DD08353;SP;Presidente Prudente;Remanescente de Vegetação Nativa;Aguardando análise;AT;0,0811
SP-3541406-B9C1B694CED5411DB01DC8154DD08353;SP;Presidente Prudente;Remanescente de Vegetação Nativa;Aguardando análise;AT;0,0668
SP-3541406-B9C1B694CED5411DB01DC8154DD08353;SP;Presidente Prudente;Remanescente de Vegetação Nativa;Aguardando análise;AT;0,0541
SP-3541406-B9C1B694CED5411DB01DC8154DD08353;SP;Presidente Prudente;Remanescente de Vegetação Nativa;Aguardando análise;AT;0,7850
SP-3541406-B9CF8EFBB2204EB3B02CEC7A221BEBA7;SP;Presidente Prudente;Remanescente de Vegetação Nativa;Analisado, aguardando atendimento a notificação;AT;0,9851
SP-3541406-B9EB1E5A702B40D6B648A16AB4C1B88F;SP;Presidente Prudente;Remanescente de Vegetação Nativa;Aguardando análise;AT;3,1477
SP-3541406-BA70089699C14582A5DBA53EA2BF9CB7;SP;Presidente Prudente;Remanescente de Vegetação Nativa;Aguardando análise, após revisão ou atendimento da notificação;AT;8,1781
SP-3541406-BA8057E0471449FB8785809D5C67B3D5;SP;Presidente Prudente;Remanescente de Vegetação Nativa;Analisado, aguardando regularização ambiental (Lei nº 12.651/2012);AT;6,4665
SP-3541406-BAAC925B6BBA4A858D28136A9D30C575;SP;Presidente Prudente;Remanescente de Vegetação Nativa;Analisado, aguardando atendimento a notificação;AT;0,3562
SP-3541406-BACEE5703D594E5486B6678A92038D91;SP;Presidente Prudente;Remanescente de Vegetação Nativa;Analisado, aguardando atendimento a notificação;AT;0,0693
SP-3541406-BACEE5703D594E5486B6678A92038D91;SP;Presidente Prudente;Remanescente de Vegetação Nativa;Analisado, aguardando atendimento a notificação;AT;0,3774
SP-3541406-BACEE5703D594E5486B6678A92038D91;SP;Presidente Prudente;Remanescente de Vegetação Nativa;Analisado, aguardando atendimento a notificação;AT;7,7184
SP-3541406-BB2AA55EC4014FC683F59C0E7BB7AEB0;SP;Presidente Prudente;Remanescente de Vegetação Nativa;Analisado, em conformidade com a Lei nº 12.651/2012, com ativos ambientais;AT;2,3629
SP-3541406-BB36D92A30824579951B26FF118F85A1;SP;Presidente Prudente;Remanescente de Vegetação Nativa;Analisado, em conformidade com a Lei nº 12.651/2012, com ativos ambientais;AT;0,6276
SP-3541406-BB4851A36B8F4B2E9AD7B9FDE9AD2E82;SP;Presidente Prudente;Remanescente de Vegetação Nativa;Analisado, em conformidade com a Lei nº 12.651/2012, com ativos ambientais;AT;0,4643
SP-3541406-BB763D6A581A45AF8C993D923AD6756F;SP;Presidente Prudente;Remanescente de Vegetação Nativa;Analisado, aguardando regularização ambiental (Lei nº 12.651/2012);AT;0,1963
SP-3541406-BBA70379FEC045D88007CF39DFADCFB5;SP;Presidente Prudente;Remanescente de Vegetação Nativa;Aguardando análise;AT;1,9320
SP-3541406-BBF718B51DC648D3A54B9613F7E4C9B3;SP;Presidente Prudente;Remanescente de Vegetação Nativa;Aguardando análise, após revisão ou atendimento da notificação;AT;2,3811
SP-3541406-BD25310C0D9F40ACA91F20A996E8AE31;SP;Presidente Prudente;Remanescente de Vegetação Nativa;Analisado, em conformidade com a Lei nº 12.651/2012, com ativos ambientais;AT;1,8508
SP-3541406-BD2557FAE8C14BB996CD73FC351BE0BC;SP;Presidente Prudente;Remanescente de Vegetação Nativa;Analisado, aguardando regularização ambiental (Lei nº 12.651/2012);AT;1,7246
SP-3541406-BD3C5935C1964DF496FBE492AE9E1835;SP;Presidente Prudente;Remanescente de Vegetação Nativa;Analisado, em conformidade com a Lei nº 12.651/2012, com ativos ambientais;AT;2,4840
SP-3541406-BD9F03F01943427D80723C56ABCAD41E;SP;Presidente Prudente;Remanescente de Vegetação Nativa;Aguardando análise;AT;0,3387
SP-3541406-BDB063BFD073449C940F50E828601BC5;SP;Presidente Prudente;Remanescente de Vegetação Nativa;Analisado, em conformidade com a Lei nº 12.651/2012, com ativos ambientais;AT;5,3481
SP-3541406-BE33A16142694DE7A8A142C2E6345B64;SP;Presidente Prudente;Remanescente de Vegetação Nativa;Aguardando análise;AT;3,1933
SP-3541406-BE3406E93BFA4851B0A52B26C5BAFF8B;SP;Presidente Prudente;Remanescente de Vegetação Nativa;Analisado, em conformidade com a Lei nº 12.651/2012, com ativos ambientais;AT;0,2158
SP-3541406-BE39ABEB5E07472B87C3C99925125605;SP;Presidente Prudente;Remanescente de Vegetação Nativa;Analisado, em conformidade com a Lei nº 12.651/2012, com ativos ambientais;AT;6,6751
SP-3541406-BE6FCF94512641889E8A580C0BC67172;SP;Presidente Prudente;Remanescente de Vegetação Nativa;Analisado, aguardando regularização ambiental (Lei nº 12.651/2012);AT;4,1295
SP-3541406-BF1D4C9E43224EECB15465FCCC276B55;SP;Presidente Prudente;Remanescente de Vegetação Nativa;Aguardando análise;AT;0,7027
SP-3541406-BF52DA2DFA764F5C9EE530977320A1AA;SP;Presidente Prudente;Remanescente de Vegetação Nativa;Analisado, em conformidade com a Lei nº 12.651/2012, com ativos ambientais;AT;4,9913
SP-3541406-BFECDACE19AD4F5EA1D15401EBE64CDF;SP;Presidente Prudente;Remanescente de Vegetação Nativa;Aguardando análise;AT;0,3054
SP-3541406-C027EBBD489049E18D2A23ECC102EDC9;SP;Presidente Prudente;Remanescente de Vegetação Nativa;Aguardando análise;AT;5,3152
SP-3541406-C032753591F14FE4818E56F58DE47DD3;SP;Presidente Prudente;Remanescente de Vegetação Nativa;Aguardando análise, após revisão ou atendimento da notificação;AT;0,4853
SP-3541406-C032753591F14FE4818E56F58DE47DD3;SP;Presidente Prudente;Remanescente de Vegetação Nativa;Aguardando análise, após revisão ou atendimento da notificação;AT;0,0443
SP-3541406-C032753591F14FE4818E56F58DE47DD3;SP;Presidente Prudente;Remanescente de Vegetação Nativa;Aguardando análise, após revisão ou atendimento da notificação;AT;1,2954
SP-3541406-C032753591F14FE4818E56F58DE47DD3;SP;Presidente Prudente;Remanescente de Vegetação Nativa;Aguardando análise, após revisão ou atendimento da notificação;AT;0,5977
SP-3541406-C032753591F14FE4818E56F58DE47DD3;SP;Presidente Prudente;Remanescente de Vegetação Nativa;Aguardando análise, após revisão ou atendimento da notificação;AT;0,0903
SP-3541406-C03B3323478B4BE59934658DA9941954;SP;Presidente Prudente;Remanescente de Vegetação Nativa;Aguardando análise;AT;0,2352
SP-3541406-C03B3323478B4BE59934658DA9941954;SP;Presidente Prudente;Remanescente de Vegetação Nativa;Aguardando análise;AT;0,0843
SP-3541406-C03B3323478B4BE59934658DA9941954;SP;Presidente Prudente;Remanescente de Vegetação Nativa;Aguardando análise;AT;0,8857
SP-3541406-C03B3323478B4BE59934658DA9941954;SP;Presidente Prudente;Remanescente de Vegetação Nativa;Aguardando análise;AT;0,3844
SP-3541406-C03B3323478B4BE59934658DA9941954;SP;Presidente Prudente;Remanescente de Vegetação Nativa;Aguardando análise;AT;0,1829
SP-3541406-C03B3323478B4BE59934658DA9941954;SP;Presidente Prudente;Remanescente de Vegetação Nativa;Aguardando análise;AT;1,0725
SP-3541406-C0828FD31A6E49C3B7D8422283282587;SP;Presidente Prudente;Remanescente de Vegetação Nativa;Analisado, aguardando atendimento a notificação;AT;0,9305
SP-3541406-C0828FD31A6E49C3B7D8422283282587;SP;Presidente Prudente;Remanescente de Vegetação Nativa;Analisado, aguardando atendimento a notificação;AT;7,1583
SP-3541406-C0828FD31A6E49C3B7D8422283282587;SP;Presidente Prudente;Remanescente de Vegetação Nativa;Analisado, aguardando atendimento a notificação;AT;2,4562
SP-3541406-C0828FD31A6E49C3B7D8422283282587;SP;Presidente Prudente;Remanescente de Vegetação Nativa;Analisado, aguardando atendimento a notificação;AT;6,8916
SP-3541406-C1A2F0D0A3044051917770E1DA623EAD;SP;Presidente Prudente;Remanescente de Vegetação Nativa;Aguardando análise, após revisão ou atendimento da notificação;AT;0,1476
SP-3541406-C1C0CB2F98EC4DB384DDBDE57209505D;SP;Presidente Prudente;Remanescente de Vegetação Nativa;Analisado, aguardando atendimento a notificação;AT;5,5111
SP-3541406-C1E6D03765DE4CAFAF696252240395DA;SP;Presidente Prudente;Remanescente de Vegetação Nativa;Analisado, em conformidade com a Lei nº 12.651/2012, com ativos ambientais;AT;0,1332
SP-3541406-C224E8FCC2F54E82B7295018913CCF12;SP;Presidente Prudente;Remanescente de Vegetação Nativa;Aguardando análise;AT;1,7827
SP-3541406-C224E8FCC2F54E82B7295018913CCF12;SP;Presidente Prudente;Remanescente de Vegetação Nativa;Aguardando análise;AT;0,3180
SP-3541406-C224E8FCC2F54E82B7295018913CCF12;SP;Presidente Prudente;Remanescente de Vegetação Nativa;Aguardando análise;AT;0,9233
SP-3541406-C224E8FCC2F54E82B7295018913CCF12;SP;Presidente Prudente;Remanescente de Vegetação Nativa;Aguardando análise;AT;0,1196
SP-3541406-C224E8FCC2F54E82B7295018913CCF12;SP;Presidente Prudente;Remanescente de Vegetação Nativa;Aguardando análise;AT;0,1822
SP-3541406-C224E8FCC2F54E82B7295018913CCF12;SP;Presidente Prudente;Remanescente de Vegetação Nativa;Aguardando análise;AT;0,1594
SP-3541406-C224E8FCC2F54E82B7295018913CCF12;SP;Presidente Prudente;Remanescente de Vegetação Nativa;Aguardando análise;AT;0,2123
SP-3541406-C224E8FCC2F54E82B7295018913CCF12;SP;Presidente Prudente;Remanescente de Vegetação Nativa;Aguardando análise;AT;0,7093
SP-3541406-C224E8FCC2F54E82B7295018913CCF12;SP;Presidente Prudente;Remanescente de Vegetação Nativa;Aguardando análise;AT;2,6629
SP-3541406-C224E8FCC2F54E82B7295018913CCF12;SP;Presidente Prudente;Remanescente de Vegetação Nativa;Aguardando análise;AT;3,1270
SP-3541406-C224E8FCC2F54E82B7295018913CCF12;SP;Presidente Prudente;Remanescente de Vegetação Nativa;Aguardando análise;AT;0,2980
SP-3541406-C224E8FCC2F54E82B7295018913CCF12;SP;Presidente Prudente;Remanescente de Vegetação Nativa;Aguardando análise;AT;0,9602
SP-3541406-C224E8FCC2F54E82B7295018913CCF12;SP;Presidente Prudente;Remanescente de Vegetação Nativa;Aguardando análise;AT;0,4529
SP-3541406-C224E8FCC2F54E82B7295018913CCF12;SP;Presidente Prudente;Remanescente de Vegetação Nativa;Aguardando análise;AT;2,1432
SP-3541406-C224E8FCC2F54E82B7295018913CCF12;SP;Presidente Prudente;Remanescente de Vegetação Nativa;Aguardando análise;AT;0,7691
SP-3541406-C224E8FCC2F54E82B7295018913CCF12;SP;Presidente Prudente;Remanescente de Vegetação Nativa;Aguardando análise;AT;2,6769
SP-3541406-C224E8FCC2F54E82B7295018913CCF12;SP;Presidente Prudente;Remanescente de Vegetação Nativa;Aguardando análise;AT;0,3025
SP-3541406-C3C904DCEAED4B479715170CBB8C595F;SP;Presidente Prudente;Remanescente de Vegetação Nativa;Aguardando análise;AT;3,7555
SP-3541406-C3D0BD93DDA24D88A6139F408C529975;SP;Presidente Prudente;Remanescente de Vegetação Nativa;Analisado, aguardando atendimento a notificação;AT;2,1510
SP-3541406-C3E04A69A59E4450ABEFCD22D4A5B8A8;SP;Presidente Prudente;Remanescente de Vegetação Nativa;Analisado, em conformidade com a Lei nº 12.651/2012, com ativos ambientais;AT;0,7919
SP-3541406-C3E600412F6C48B492F72CB88DB81BCD;SP;Presidente Prudente;Remanescente de Vegetação Nativa;Analisado, em conformidade com a Lei nº 12.651/2012, com ativos ambientais;AT;1,0253
SP-3541406-C3EFBABAB1EB416893CE81C81B1B4C36;SP;Presidente Prudente;Remanescente de Vegetação Nativa;Aguardando análise;AT;7,6011
SP-3541406-C40823AD226148C6A97F9722E3307E50;SP;Presidente Prudente;Remanescente de Vegetação Nativa;Aguardando análise;AT;212,4780
SP-3541406-C42A5E5B5C8B44CFBBDF2C45AB9251CA;SP;Presidente Prudente;Remanescente de Vegetação Nativa;Analisado, aguardando regularização ambiental (Lei nº 12.651/2012);AT;16,0966
SP-3541406-C44AE4A9190942D28E693AC9C04370A8;SP;Presidente Prudente;Remanescente de Vegetação Nativa;Aguardando análise, após revisão ou atendimento da notificação;AT;1,1966
SP-3541406-C44D9D410EAC40E7ADD72AD0FF6914C0;SP;Presidente Prudente;Remanescente de Vegetação Nativa;Aguardando análise, após revisão ou atendimento da notificação;AT;2,4623
SP-3541406-C4CA6FB3B6BD4A8C9E700EDF52A6C78B;SP;Presidente Prudente;Remanescente de Vegetação Nativa;Analisado, aguardando regularização ambiental (Lei nº 12.651/2012);AT;0,0335
SP-3541406-C4DF5CE6B9E0497B9A38FC4C399BC235;SP;Presidente Prudente;Remanescente de Vegetação Nativa;Analisado, em conformidade com a Lei nº 12.651/2012, com ativos ambientais;AT;0,0809
SP-3541406-C4ED1BE600684CBB9750198E13FE4193;SP;Presidente Prudente;Remanescente de Vegetação Nativa;Aguardando análise, após revisão ou atendimento da notificação;AT;2,1877
SP-3541406-C4ED1BE600684CBB9750198E13FE4193;SP;Presidente Prudente;Remanescente de Vegetação Nativa;Aguardando análise, após revisão ou atendimento da notificação;AT;0,8921
SP-3541406-C538B2BCD1E94326866A046D297BD802;SP;Presidente Prudente;Remanescente de Vegetação Nativa;Analisado, aguardando regularização ambiental (Lei nº 12.651/2012);AT;0,0960
SP-3541406-C5749C4387F44A06BF0395513F350A73;SP;Presidente Prudente;Remanescente de Vegetação Nativa;Analisado, aguardando atendimento a notificação;AT;0,0940
SP-3541406-C5811853C42842DCAE279DE6AED272B1;SP;Presidente Prudente;Remanescente de Vegetação Nativa;Analisado, em conformidade com a Lei nº 12.651/2012, com ativos ambientais;AT;1,8204
SP-3541406-C5A6AC39744D48B88D52921BEFBA981D;SP;Presidente Prudente;Remanescente de Vegetação Nativa;Aguardando análise;AT;2,0129
SP-3541406-C5E84EC77DFA47C483EC0559CAECABDC;SP;Presidente Prudente;Remanescente de Vegetação Nativa;Analisado, aguardando regularização ambiental (Lei nº 12.651/2012);AT;0,9420
SP-3541406-C61CE95684B743EFB5142810419BDE1C;SP;Presidente Prudente;Remanescente de Vegetação Nativa;Aguardando análise, após revisão ou atendimento da notificação;AT;0,3595
SP-3541406-C61CE95684B743EFB5142810419BDE1C;SP;Presidente Prudente;Remanescente de Vegetação Nativa;Aguardando análise, após revisão ou atendimento da notificação;AT;0,4516
SP-3541406-C656A498027E4EFEBBADB9978F4014C7;SP;Presidente Prudente;Remanescente de Vegetação Nativa;Analisado, em conformidade com a Lei nº 12.651/2012;AT;0,0023
SP-3541406-C656A498027E4EFEBBADB9978F4014C7;SP;Presidente Prudente;Remanescente de Vegetação Nativa;Analisado, em conformidade com a Lei nº 12.651/2012;AT;0,0643
SP-3541406-C656A498027E4EFEBBADB9978F4014C7;SP;Presidente Prudente;Remanescente de Vegetação Nativa;Analisado, em conformidade com a Lei nº 12.651/2012;AT;0,0025
SP-3541406-C656A498027E4EFEBBADB9978F4014C7;SP;Presidente Prudente;Remanescente de Vegetação Nativa;Analisado, em conformidade com a Lei nº 12.651/2012;AT;0,0075
SP-3541406-C66714A4CA57481792DCC639B25653D5;SP;Presidente Prudente;Remanescente de Vegetação Nativa;Aguardando análise, após revisão ou atendimento da notificação;AT;0,6610
SP-3541406-C69B150751184B83AD08F8D290786716;SP;Presidente Prudente;Remanescente de Vegetação Nativa;Analisado, em conformidade com a Lei nº 12.651/2012, com ativos ambientais;AT;0,9811
SP-3541406-C6BC475E7917488786CE1BEF626FB1C8;SP;Presidente Prudente;Remanescente de Vegetação Nativa;Aguardando análise, após revisão ou atendimento da notificação;AT;2,1287
SP-3541406-C6E73F98A3044700BA62BABDAC1E25B6;SP;Presidente Prudente;Remanescente de Vegetação Nativa;Aguardando análise, após revisão ou atendimento da notificação;AT;0,2261
SP-3541406-C6E79C3201BB4902BBE36CC015BDA6EF;SP;Presidente Prudente;Remanescente de Vegetação Nativa;Analisado, aguardando regularização ambiental (Lei nº 12.651/2012);AT;0,1184
SP-3541406-C70AEC0C9D3E44BEAF6DFE230BFFC29C;SP;Presidente Prudente;Remanescente de Vegetação Nativa;Analisado, em conformidade com a Lei nº 12.651/2012, com ativos ambientais;AT;3,4224
SP-3541406-C732E0AE58D3434C9C6AB22A7CAE15D9;SP;Presidente Prudente;Remanescente de Vegetação Nativa;Aguardando análise;AT;0,2349
SP-3541406-C774F46FEAAD4F11948E955908DA1B26;SP;Presidente Prudente;Remanescente de Vegetação Nativa;Analisado, aguardando regularização ambiental (Lei nº 12.651/2012);AT;0,6444
SP-3541406-C7ADC762668B431CB375BD0DBFC95F11;SP;Presidente Prudente;Remanescente de Vegetação Nativa;Aguardando análise;AT;0,8866
SP-3541406-C80F81D0533A493AB6CA63D8ECD7B619;SP;Presidente Prudente;Remanescente de Vegetação Nativa;Analisado, em conformidade com a Lei nº 12.651/2012, com ativos ambientais;AT;0,2693
SP-3541406-C8233286EC0245748590794E663B28B6;SP;Presidente Prudente;Remanescente de Vegetação Nativa;Analisado, aguardando atendimento a notificação;AT;4,2021
SP-3541406-C85AD81D24F0443F8425AF2ECE2104D4;SP;Presidente Prudente;Remanescente de Vegetação Nativa;Aguardando análise;AT;2,4897
SP-3541406-C8B6578B5EF546B38461357A4C461B58;SP;Presidente Prudente;Remanescente de Vegetação Nativa;Analisado, aguardando atendimento a notificação;AT;6,5296
SP-3541406-C8E57F87DDD4452FA870F79BD2686DAC;SP;Presidente Prudente;Remanescente de Vegetação Nativa;Analisado, aguardando regularização ambiental (Lei nº 12.651/2012);AT;13,3695
SP-3541406-C91E8E6275954AE1922200682B5F1B8F;SP;Presidente Prudente;Remanescente de Vegetação Nativa;Aguardando análise;AT;0,9474
SP-3541406-C91F8B41010B4E119194094974D65458;SP;Presidente Prudente;Remanescente de Vegetação Nativa;Aguardando análise, após revisão ou atendimento da notificação;AT;1,7387
SP-3541406-C9418296A20C4920B61F7446CBEF0E8F;SP;Presidente Prudente;Remanescente de Vegetação Nativa;Aguardando análise;AT;0,0703
SP-3541406-C9418296A20C4920B61F7446CBEF0E8F;SP;Presidente Prudente;Remanescente de Vegetação Nativa;Aguardando análise;AT;0,0378
SP-3541406-C9418296A20C4920B61F7446CBEF0E8F;SP;Presidente Prudente;Remanescente de Vegetação Nativa;Aguardando análise;AT;0,0729
SP-3541406-C9418296A20C4920B61F7446CBEF0E8F;SP;Presidente Prudente;Remanescente de Vegetação Nativa;Aguardando análise;AT;0,1544
SP-3541406-C9418296A20C4920B61F7446CBEF0E8F;SP;Presidente Prudente;Remanescente de Vegetação Nativa;Aguardando análise;AT;0,1418
SP-3541406-C947599BF206427FAC4087E7E967F412;SP;Presidente Prudente;Remanescente de Vegetação Nativa;Aguardando análise, após revisão ou atendimento da notificação;AT;1,8399
SP-3541406-C9CA7CA6180D407AB8FA7BA25C9C8F69;SP;Presidente Prudente;Remanescente de Vegetação Nativa;Analisado, aguardando atendimento a notificação;AT;0,0753
SP-3541406-C9CB74C0A58D4287B200B7BFD1C14BAE;SP;Presidente Prudente;Remanescente de Vegetação Nativa;Analisado, aguardando atendimento a notificação;AT;9,5959
SP-3541406-C9DE08D5DED14D1686D4CF799A004293;SP;Presidente Prudente;Remanescente de Vegetação Nativa;Analisado, em conformidade com a Lei nº 12.651/2012, com ativos ambientais;AT;21,9853
SP-3541406-CA11BAD16FFC44D0ABA7B0C76382AA17;SP;Presidente Prudente;Remanescente de Vegetação Nativa;Aguardando análise;AT;2,4539
SP-3541406-CA6221ACB9A349FFA5DBA7F06C0D1898;SP;Presidente Prudente;Remanescente de Vegetação Nativa;Analisado, em conformidade com a Lei nº 12.651/2012, com ativos ambientais;AT;1,8705
SP-3541406-CB94C89F64004EF2B71301BD7097DAA8;SP;Presidente Prudente;Remanescente de Vegetação Nativa;Analisado, em conformidade com a Lei nº 12.651/2012;AT;0,5080
SP-3541406-CBA724BC07A14F8499C229E9C70B323A;SP;Presidente Prudente;Remanescente de Vegetação Nativa;Analisado, em conformidade com a Lei nº 12.651/2012, com ativos ambientais;AT;0,7585
SP-3541406-CBCC1DBF6D7E4B59806B71B1DC8F28BC;SP;Presidente Prudente;Remanescente de Vegetação Nativa;Analisado, em conformidade com a Lei nº 12.651/2012, com ativos ambientais;AT;3,4871
SP-3541406-CBD00D76D7FA4F5C9892DC2EEECC2112;SP;Presidente Prudente;Remanescente de Vegetação Nativa;Analisado, aguardando regularização ambiental (Lei nº 12.651/2012);AT;0,0907
SP-3541406-CCD0440C8F6B4F59AA1E0FE1F559042E;SP;Presidente Prudente;Remanescente de Vegetação Nativa;Analisado, aguardando atendimento a notificação;AT;2,1118
SP-3541406-CD0535ADDE934F2D89BD3FE073E9EC3A;SP;Presidente Prudente;Remanescente de Vegetação Nativa;Aguardando análise;AT;0,9973
SP-3541406-CD0DEFFC910745AE8BF443B4BF54B224;SP;Presidente Prudente;Remanescente de Vegetação Nativa;Aguardando análise;AT;1,5639
SP-3541406-CD127EBAAE6C45A8AC89D1B3F9DB2B0F;SP;Presidente Prudente;Remanescente de Vegetação Nativa;Analisado, em conformidade com a Lei nº 12.651/2012, com ativos ambientais;AT;1,3944
SP-3541406-CD18F0A71D01481AB6EC59335F955B7D;SP;Presidente Prudente;Remanescente de Vegetação Nativa;Em análise;AT;1,4646
SP-3541406-CD18F0A71D01481AB6EC59335F955B7D;SP;Presidente Prudente;Remanescente de Vegetação Nativa;Em análise;AT;2,0436
SP-3541406-CD18F0A71D01481AB6EC59335F955B7D;SP;Presidente Prudente;Remanescente de Vegetação Nativa;Em análise;AT;1,8840
SP-3541406-CD38AFE98D524816A862C0764B68891F;SP;Presidente Prudente;Remanescente de Vegetação Nativa;Analisado, em conformidade com a Lei nº 12.651/2012, com ativos ambientais;AT;2,6511
SP-3541406-CD8606B791F44CACA74B0A2D956D86CF;SP;Presidente Prudente;Remanescente de Vegetação Nativa;Aguardando análise, após revisão ou atendimento da notificação;AT;0,3470
SP-3541406-CD8606B791F44CACA74B0A2D956D86CF;SP;Presidente Prudente;Remanescente de Vegetação Nativa;Aguardando análise, após revisão ou atendimento da notificação;AT;13,4277
SP-3541406-CDF9FB0B2D314680ACDCFDF424291F93;SP;Presidente Prudente;Remanescente de Vegetação Nativa;Aguardando análise;AT;7,9451
SP-3541406-CE68EBBC10684A029A7DC6CE7F9336E2;SP;Presidente Prudente;Remanescente de Vegetação Nativa;Analisado, aguardando regularização ambiental (Lei nº 12.651/2012);AT;0,4101
SP-3541406-CE71B936827B43E69DFC6CE0A950D6E4;SP;Presidente Prudente;Remanescente de Vegetação Nativa;Aguardando análise;AT;0,6828
SP-3541406-CE71B936827B43E69DFC6CE0A950D6E4;SP;Presidente Prudente;Remanescente de Vegetação Nativa;Aguardando análise;AT;0,8901
SP-3541406-CE71B936827B43E69DFC6CE0A950D6E4;SP;Presidente Prudente;Remanescente de Vegetação Nativa;Aguardando análise;AT;0,7688
SP-3541406-CE71B936827B43E69DFC6CE0A950D6E4;SP;Presidente Prudente;Remanescente de Vegetação Nativa;Aguardando análise;AT;1,7862
SP-3541406-CE71B936827B43E69DFC6CE0A950D6E4;SP;Presidente Prudente;Remanescente de Vegetação Nativa;Aguardando análise;AT;0,4937
SP-3541406-CE71B936827B43E69DFC6CE0A950D6E4;SP;Presidente Prudente;Remanescente de Vegetação Nativa;Aguardando análise;AT;0,3365
SP-3541406-CE71B936827B43E69DFC6CE0A950D6E4;SP;Presidente Prudente;Remanescente de Vegetação Nativa;Aguardando análise;AT;0,1501
SP-3541406-CE71B936827B43E69DFC6CE0A950D6E4;SP;Presidente Prudente;Remanescente de Vegetação Nativa;Aguardando análise;AT;1,3796
SP-3541406-CE7BBC3C71EB4442AE40B3574DA1B1C9;SP;Presidente Prudente;Remanescente de Vegetação Nativa;Analisado, aguardando atendimento a notificação;AT;0,2284
SP-3541406-CE7BBC3C71EB4442AE40B3574DA1B1C9;SP;Presidente Prudente;Remanescente de Vegetação Nativa;Analisado, aguardando atendimento a notificação;AT;0,1766
SP-3541406-CE7C574B93994B68A92BFD255478D87A;SP;Presidente Prudente;Remanescente de Vegetação Nativa;Analisado, aguardando atendimento a notificação;AT;7,3230
SP-3541406-CE7C574B93994B68A92BFD255478D87A;SP;Presidente Prudente;Remanescente de Vegetação Nativa;Analisado, aguardando atendimento a notificação;AT;3,8804
SP-3541406-CE7C574B93994B68A92BFD255478D87A;SP;Presidente Prudente;Remanescente de Vegetação Nativa;Analisado, aguardando atendimento a notificação;AT;0,3796
SP-3541406-CE7C574B93994B68A92BFD255478D87A;SP;Presidente Prudente;Remanescente de Vegetação Nativa;Analisado, aguardando atendimento a notificação;AT;0,9929
SP-3541406-CE859E67D2E74B83B927EA4387CCB1F7;SP;Presidente Prudente;Remanescente de Vegetação Nativa;Analisado, em conformidade com a Lei nº 12.651/2012, com ativos ambientais;AT;1,5919
SP-3541406-CE9AF054016147D5B8CAD7C7A40FC16A;SP;Presidente Prudente;Remanescente de Vegetação Nativa;Aguardando análise;AT;11,7689
SP-3541406-CF428AC08A3645B0B5C159961DCD9F93;SP;Presidente Prudente;Remanescente de Vegetação Nativa;Aguardando análise;AT;0,0930
SP-3541406-CF428AC08A3645B0B5C159961DCD9F93;SP;Presidente Prudente;Remanescente de Vegetação Nativa;Aguardando análise;AT;0,6449
SP-3541406-CF6B25006FD64DC8AC626EE72CA0BFB2;SP;Presidente Prudente;Remanescente de Vegetação Nativa;Aguardando análise;AT;8,0011
SP-3541406-CF6BBCE7071A4AA48A4B766EA644244D;SP;Presidente Prudente;Remanescente de Vegetação Nativa;Analisado, em conformidade com a Lei nº 12.651/2012, com ativos ambientais;AT;0,0900
SP-3541406-CFA9F402383140E88C91430F52ABAD82;SP;Presidente Prudente;Remanescente de Vegetação Nativa;Analisado, aguardando regularização ambiental (Lei nº 12.651/2012);AT;2,3555
SP-3541406-D0083E95DA914A1F8E32B517E641D040;SP;Presidente Prudente;Remanescente de Vegetação Nativa;Analisado, em conformidade com a Lei nº 12.651/2012, com ativos ambientais;AT;0,5103
SP-3541406-D00A2B2C9BCB4957855D22C8376E7780;SP;Presidente Prudente;Remanescente de Vegetação Nativa;Aguardando análise, após revisão ou atendimento da notificação;AT;0,9739
SP-3541406-D00A2B2C9BCB4957855D22C8376E7780;SP;Presidente Prudente;Remanescente de Vegetação Nativa;Aguardando análise, após revisão ou atendimento da notificação;AT;0,2229
SP-3541406-D00A2B2C9BCB4957855D22C8376E7780;SP;Presidente Prudente;Remanescente de Vegetação Nativa;Aguardando análise, após revisão ou atendimento da notificação;AT;0,0828
SP-3541406-D00A2B2C9BCB4957855D22C8376E7780;SP;Presidente Prudente;Remanescente de Vegetação Nativa;Aguardando análise, após revisão ou atendimento da notificação;AT;0,4816
SP-3541406-D00A2B2C9BCB4957855D22C8376E7780;SP;Presidente Prudente;Remanescente de Vegetação Nativa;Aguardando análise, após revisão ou atendimento da notificação;AT;2,2053
SP-3541406-D00A2B2C9BCB4957855D22C8376E7780;SP;Presidente Prudente;Remanescente de Vegetação Nativa;Aguardando análise, após revisão ou atendimento da notificação;AT;0,6671
SP-3541406-D00A2B2C9BCB4957855D22C8376E7780;SP;Presidente Prudente;Remanescente de Vegetação Nativa;Aguardando análise, após revisão ou atendimento da notificação;AT;0,0281
SP-3541406-D01955ADE6B448628EE1687A42BD6EBA;SP;Presidente Prudente;Remanescente de Vegetação Nativa;Aguardando análise;AT;0,5514
SP-3541406-D02375B8907E4A87A429F42A792FB96F;SP;Presidente Prudente;Remanescente de Vegetação Nativa;Analisado, em conformidade com a Lei nº 12.651/2012, com ativos ambientais;AT;3,4270
SP-3541406-D02739FB9C2A4B51B1ADB7D03B705CC4;SP;Presidente Prudente;Remanescente de Vegetação Nativa;Analisado, em conformidade com a Lei nº 12.651/2012, com ativos ambientais;AT;2,9205
SP-3541406-D03FF3FD80394E37B39588F6F636CBA3;SP;Presidente Prudente;Remanescente de Vegetação Nativa;Analisado, aguardando atendimento a notificação;AT;9,6007
SP-3541406-D0414187E2C6488FA5DE043F4FAAFB41;SP;Presidente Prudente;Remanescente de Vegetação Nativa;Analisado, em conformidade com a Lei nº 12.651/2012, com ativos ambientais;AT;2,9110
SP-3541406-D05F4183B14D4F2195AA44A9C1F2998C;SP;Presidente Prudente;Remanescente de Vegetação Nativa;Analisado, aguardando atendimento a notificação;AT;0,1132
SP-3541406-D05F4183B14D4F2195AA44A9C1F2998C;SP;Presidente Prudente;Remanescente de Vegetação Nativa;Analisado, aguardando atendimento a notificação;AT;0,1064
SP-3541406-D05F4183B14D4F2195AA44A9C1F2998C;SP;Presidente Prudente;Remanescente de Vegetação Nativa;Analisado, aguardando atendimento a notificação;AT;0,4968
SP-3541406-D05F4183B14D4F2195AA44A9C1F2998C;SP;Presidente Prudente;Remanescente de Vegetação Nativa;Analisado, aguardando atendimento a notificação;AT;0,0890
SP-3541406-D06D480B64D24C009F116C45B9BDCEEA;SP;Presidente Prudente;Remanescente de Vegetação Nativa;Aguardando análise;AT;3,1321
SP-3541406-D0B1C6B6758447E48543279C4E528BD3;SP;Presidente Prudente;Remanescente de Vegetação Nativa;Analisado, em conformidade com a Lei nº 12.651/2012, com ativos ambientais;AT;0,4569
SP-3541406-D12C756CC0F3422EA2C7BDB7C0531808;SP;Presidente Prudente;Remanescente de Vegetação Nativa;Analisado, aguardando atendimento a notificação;AT;1,0416
SP-3541406-D12F8AA2FEAE412CAD0871C5A6EF9C8A;SP;Presidente Prudente;Remanescente de Vegetação Nativa;Analisado, aguardando atendimento a notificação;AT;3,9016
SP-3541406-D13EDD9468674724BAC2471F24144FBD;SP;Presidente Prudente;Remanescente de Vegetação Nativa;Aguardando análise, após revisão ou atendimento da notificação;AT;0,5053
SP-3541406-D152565112B14F62B5EDA221FE703C13;SP;Presidente Prudente;Remanescente de Vegetação Nativa;Analisado, em conformidade com a Lei nº 12.651/2012;AT;0,5640
SP-3541406-D183144DF74343E1AEF012DA45DC48E7;SP;Presidente Prudente;Remanescente de Vegetação Nativa;Analisado, aguardando atendimento a notificação;AT;6,7878
SP-3541406-D1925E9D24F94A9982EB4FA17C483110;SP;Presidente Prudente;Remanescente de Vegetação Nativa;Aguardando análise, após revisão ou atendimento da notificação;AT;2,6433
SP-3541406-D1CE41268698428996FD11D65041126B;SP;Presidente Prudente;Remanescente de Vegetação Nativa;Analisado, em conformidade com a Lei nº 12.651/2012, com ativos ambientais;AT;5,8245
SP-3541406-D1E6FAF34C034A1EA1DD0756FAD7B36C;SP;Presidente Prudente;Remanescente de Vegetação Nativa;Analisado, aguardando regularização ambiental (Lei nº 12.651/2012);AT;10,7949
SP-3541406-D27481E3DF884F6FB2171E698AA40DEA;SP;Presidente Prudente;Remanescente de Vegetação Nativa;Analisado, em conformidade com a Lei nº 12.651/2012, com ativos ambientais;AT;0,0672
SP-3541406-D33461E8AB0E4C51A1AA5014CD02A883;SP;Presidente Prudente;Remanescente de Vegetação Nativa;Analisado, em conformidade com a Lei nº 12.651/2012, com ativos ambientais;AT;1,7824
SP-3541406-D3601F534A564FADBD24268053EFD87A;SP;Presidente Prudente;Remanescente de Vegetação Nativa;Aguardando análise;AT;0,9403
SP-3541406-D3601F534A564FADBD24268053EFD87A;SP;Presidente Prudente;Remanescente de Vegetação Nativa;Aguardando análise;AT;1,4173
SP-3541406-D39B7F96156440E2A636792BC39B1EEE;SP;Presidente Prudente;Remanescente de Vegetação Nativa;Analisado, em conformidade com a Lei nº 12.651/2012, com ativos ambientais;AT;12,4865
SP-3541406-D3ADA3A0B9AD445A8124C61501A85CC8;SP;Presidente Prudente;Remanescente de Vegetação Nativa;Aguardando análise, após revisão ou atendimento da notificação;AT;0,0067
SP-3541406-D3ADA3A0B9AD445A8124C61501A85CC8;SP;Presidente Prudente;Remanescente de Vegetação Nativa;Aguardando análise, após revisão ou atendimento da notificação;AT;0,0089
SP-3541406-D3ADA3A0B9AD445A8124C61501A85CC8;SP;Presidente Prudente;Remanescente de Vegetação Nativa;Aguardando análise, após revisão ou atendimento da notificação;AT;0,0060
SP-3541406-D3ADA3A0B9AD445A8124C61501A85CC8;SP;Presidente Prudente;Remanescente de Vegetação Nativa;Aguardando análise, após revisão ou atendimento da notificação;AT;0,0280
SP-3541406-D3ADA3A0B9AD445A8124C61501A85CC8;SP;Presidente Prudente;Remanescente de Vegetação Nativa;Aguardando análise, após revisão ou atendimento da notificação;AT;0,0093
SP-3541406-D3ADA3A0B9AD445A8124C61501A85CC8;SP;Presidente Prudente;Remanescente de Vegetação Nativa;Aguardando análise, após revisão ou atendimento da notificação;AT;0,7278
SP-3541406-D3ADA3A0B9AD445A8124C61501A85CC8;SP;Presidente Prudente;Remanescente de Vegetação Nativa;Aguardando análise, após revisão ou atendimento da notificação;AT;0,0137
SP-3541406-D3ADA3A0B9AD445A8124C61501A85CC8;SP;Presidente Prudente;Remanescente de Vegetação Nativa;Aguardando análise, após revisão ou atendimento da notificação;AT;0,0276
SP-3541406-D3ADA3A0B9AD445A8124C61501A85CC8;SP;Presidente Prudente;Remanescente de Vegetação Nativa;Aguardando análise, após revisão ou atendimento da notificação;AT;0,0766
SP-3541406-D3ADA3A0B9AD445A8124C61501A85CC8;SP;Presidente Prudente;Remanescente de Vegetação Nativa;Aguardando análise, após revisão ou atendimento da notificação;AT;0,2642
SP-3541406-D3ADA3A0B9AD445A8124C61501A85CC8;SP;Presidente Prudente;Remanescente de Vegetação Nativa;Aguardando análise, após revisão ou atendimento da notificação;AT;0,1149
SP-3541406-D3ADA3A0B9AD445A8124C61501A85CC8;SP;Presidente Prudente;Remanescente de Vegetação Nativa;Aguardando análise, após revisão ou atendimento da notificação;AT;0,0078
SP-3541406-D3ADA3A0B9AD445A8124C61501A85CC8;SP;Presidente Prudente;Remanescente de Vegetação Nativa;Aguardando análise, após revisão ou atendimento da notificação;AT;0,0058
SP-3541406-D3ADA3A0B9AD445A8124C61501A85CC8;SP;Presidente Prudente;Remanescente de Vegetação Nativa;Aguardando análise, após revisão ou atendimento da notificação;AT;0,0036
SP-3541406-D3C8B04A9437485391F7DEC7A7C1A87E;SP;Presidente Prudente;Remanescente de Vegetação Nativa;Aguardando análise;AT;6,3668
SP-3541406-D3ECE08193B74FC391BAFCDCF132722E;SP;Presidente Prudente;Remanescente de Vegetação Nativa;Analisado, aguardando atendimento a notificação;AT;0,4677
SP-3541406-D3F82E143EF0449AB399ECB71B47BF5B;SP;Presidente Prudente;Remanescente de Vegetação Nativa;Analisado, em conformidade com a Lei nº 12.651/2012, com ativos ambientais;AT;0,0145
SP-3541406-D47522FD0CAA4D36A175C55268DABD39;SP;Presidente Prudente;Remanescente de Vegetação Nativa;Aguardando análise, após revisão ou atendimento da notificação;AT;0,0485
SP-3541406-D47522FD0CAA4D36A175C55268DABD39;SP;Presidente Prudente;Remanescente de Vegetação Nativa;Aguardando análise, após revisão ou atendimento da notificação;AT;0,0674
SP-3541406-D47522FD0CAA4D36A175C55268DABD39;SP;Presidente Prudente;Remanescente de Vegetação Nativa;Aguardando análise, após revisão ou atendimento da notificação;AT;5,5225
SP-3541406-D48A5952D2294F48B39A19CBCC48E01E;SP;Presidente Prudente;Remanescente de Vegetação Nativa;Analisado, aguardando regularização ambiental (Lei nº 12.651/2012);AT;0,0323
SP-3541406-D49CB3B735AB4B1B8EBB0FD7A65DD683;SP;Presidente Prudente;Remanescente de Vegetação Nativa;Analisado, em conformidade com a Lei nº 12.651/2012, com ativos ambientais;AT;2,8543
SP-3541406-D4BBD6197B3B415F96B2EECBE81562BE;SP;Presidente Prudente;Remanescente de Vegetação Nativa;Analisado, aguardando regularização ambiental (Lei nº 12.651/2012);AT;1,9130
SP-3541406-D50FE52E309C4651A1D192B523C2BE71;SP;Presidente Prudente;Remanescente de Vegetação Nativa;Analisado, em conformidade com a Lei nº 12.651/2012, com ativos ambientais;AT;0,4050
SP-3541406-D514D8B1899D4F6DBC283E1B121C0F90;SP;Presidente Prudente;Remanescente de Vegetação Nativa;Analisado, aguardando regularização ambiental (Lei nº 12.651/2012);AT;0,1829
SP-3541406-D51B8E8AF60C43228C802F4C74C4D1AF;SP;Presidente Prudente;Remanescente de Vegetação Nativa;Aguardando análise;AT;2,8379
SP-3541406-D51B8E8AF60C43228C802F4C74C4D1AF;SP;Presidente Prudente;Remanescente de Vegetação Nativa;Aguardando análise;AT;3,5553
SP-3541406-D552A0D91FDB4383A0B454C524DD2CA4;SP;Presidente Prudente;Remanescente de Vegetação Nativa;Analisado, aguardando regularização ambiental (Lei nº 12.651/2012);AT;5,6701
SP-3541406-D5534471861B47E088106B58420D8D9B;SP;Presidente Prudente;Remanescente de Vegetação Nativa;Aguardando análise;AT;5,5282
SP-3541406-D587E63FDA2E4C6AB7F035EA8CCD99D0;SP;Presidente Prudente;Remanescente de Vegetação Nativa;Aguardando análise;AT;3,4257
SP-3541406-D5B48FAC5E5B4DD799CEA55A4916D9F5;SP;Presidente Prudente;Remanescente de Vegetação Nativa;Aguardando análise;AT;8,7293
SP-3541406-D600575D70F74DBCA776C80B822A4DC7;SP;Presidente Prudente;Remanescente de Vegetação Nativa;Aguardando análise;AT;2,8273
SP-3541406-D6A15A0465194FBA86387201D25CCCF0;SP;Presidente Prudente;Remanescente de Vegetação Nativa;Analisado, em conformidade com a Lei nº 12.651/2012;AT;1,8068
SP-3541406-D70B635550614B15B6B5B7D9ADEFC04D;SP;Presidente Prudente;Remanescente de Vegetação Nativa;Analisado, em conformidade com a Lei nº 12.651/2012, com ativos ambientais;AT;0,8232
SP-3541406-D761D80750B348CD95EB2D1BB6DF96E0;SP;Presidente Prudente;Remanescente de Vegetação Nativa;Aguardando análise;AT;1,2645
SP-3541406-D7A9E78C5640471FB30DBEBC8F8F0B5E;SP;Presidente Prudente;Remanescente de Vegetação Nativa;Aguardando análise;AT;1,7671
SP-3541406-D84920DA7D5D4BE4A792BBB0A4FB8734;SP;Presidente Prudente;Remanescente de Vegetação Nativa;Aguardando análise, após revisão ou atendimento da notificação;AT;2,3012
SP-3541406-D84921A08ACA4C9A883C6922C8B26F5C;SP;Presidente Prudente;Remanescente de Vegetação Nativa;Aguardando análise;AT;1,9980
SP-3541406-D84921A08ACA4C9A883C6922C8B26F5C;SP;Presidente Prudente;Remanescente de Vegetação Nativa;Aguardando análise;AT;0,6260
SP-3541406-D84921A08ACA4C9A883C6922C8B26F5C;SP;Presidente Prudente;Remanescente de Vegetação Nativa;Aguardando análise;AT;0,2880
SP-3541406-D84921A08ACA4C9A883C6922C8B26F5C;SP;Presidente Prudente;Remanescente de Vegetação Nativa;Aguardando análise;AT;0,0003
SP-3541406-D84921A08ACA4C9A883C6922C8B26F5C;SP;Presidente Prudente;Remanescente de Vegetação Nativa;Aguardando análise;AT;1,2602
SP-3541406-D84921A08ACA4C9A883C6922C8B26F5C;SP;Presidente Prudente;Remanescente de Vegetação Nativa;Aguardando análise;AT;0,5337
SP-3541406-D84921A08ACA4C9A883C6922C8B26F5C;SP;Presidente Prudente;Remanescente de Vegetação Nativa;Aguardando análise;AT;0,5481
SP-3541406-D84921A08ACA4C9A883C6922C8B26F5C;SP;Presidente Prudente;Remanescente de Vegetação Nativa;Aguardando análise;AT;0,1585
SP-3541406-D84921A08ACA4C9A883C6922C8B26F5C;SP;Presidente Prudente;Remanescente de Vegetação Nativa;Aguardando análise;AT;0,1742
SP-3541406-D84921A08ACA4C9A883C6922C8B26F5C;SP;Presidente Prudente;Remanescente de Vegetação Nativa;Aguardando análise;AT;0,3057
SP-3541406-D84921A08ACA4C9A883C6922C8B26F5C;SP;Presidente Prudente;Remanescente de Vegetação Nativa;Aguardando análise;AT;0,6033
SP-3541406-D84921A08ACA4C9A883C6922C8B26F5C;SP;Presidente Prudente;Remanescente de Vegetação Nativa;Aguardando análise;AT;2,5068
SP-3541406-D84921A08ACA4C9A883C6922C8B26F5C;SP;Presidente Prudente;Remanescente de Vegetação Nativa;Aguardando análise;AT;14,6355
SP-3541406-D84921A08ACA4C9A883C6922C8B26F5C;SP;Presidente Prudente;Remanescente de Vegetação Nativa;Aguardando análise;AT;14,5411
SP-3541406-D84921A08ACA4C9A883C6922C8B26F5C;SP;Presidente Prudente;Remanescente de Vegetação Nativa;Aguardando análise;AT;1,5719
SP-3541406-D84921A08ACA4C9A883C6922C8B26F5C;SP;Presidente Prudente;Remanescente de Vegetação Nativa;Aguardando análise;AT;0,4796
SP-3541406-D84921A08ACA4C9A883C6922C8B26F5C;SP;Presidente Prudente;Remanescente de Vegetação Nativa;Aguardando análise;AT;4,6194
SP-3541406-D84921A08ACA4C9A883C6922C8B26F5C;SP;Presidente Prudente;Remanescente de Vegetação Nativa;Aguardando análise;AT;0,1877
SP-3541406-D84921A08ACA4C9A883C6922C8B26F5C;SP;Presidente Prudente;Remanescente de Vegetação Nativa;Aguardando análise;AT;3,4786
SP-3541406-D889D73502904216BC3C5D3274B7F6A4;SP;Presidente Prudente;Remanescente de Vegetação Nativa;Analisado, em conformidade com a Lei nº 12.651/2012, com ativos ambientais;AT;0,4230
SP-3541406-D89392BF85BD41B6A57876C06DF2EE6C;SP;Presidente Prudente;Remanescente de Vegetação Nativa;Aguardando análise;AT;1,7385
SP-3541406-D8B2308895E7480DB1A52E3F185B18D1;SP;Presidente Prudente;Remanescente de Vegetação Nativa;Aguardando análise, após revisão ou atendimento da notificação;AT;0,4206
SP-3541406-D9134005B1B24782A40F751D789BA05F;SP;Presidente Prudente;Remanescente de Vegetação Nativa;Analisado, em conformidade com a Lei nº 12.651/2012, com ativos ambientais;AT;0,1604
SP-3541406-D95C784993274C2BB222D144046D2260;SP;Presidente Prudente;Remanescente de Vegetação Nativa;Analisado, aguardando regularização ambiental (Lei nº 12.651/2012);AT;0,7139
SP-3541406-D9C23338E727430EBDEFF577E6AFA589;SP;Presidente Prudente;Remanescente de Vegetação Nativa;Analisado, aguardando atendimento a notificação;AT;0,3014
SP-3541406-D9C23338E727430EBDEFF577E6AFA589;SP;Presidente Prudente;Remanescente de Vegetação Nativa;Analisado, aguardando atendimento a notificação;AT;0,0863
SP-3541406-D9F43861791D4A4C8423C313BA88D3F4;SP;Presidente Prudente;Remanescente de Vegetação Nativa;Aguardando análise;AT;0,9153
SP-3541406-DA8BA33AFAD84D579E9A06FA1E2CA7DE;SP;Presidente Prudente;Remanescente de Vegetação Nativa;Aguardando análise;AT;3,1364
SP-3541406-DA8FE52058C44E15AA92EADE5677B50A;SP;Presidente Prudente;Remanescente de Vegetação Nativa;Analisado, aguardando atendimento a notificação;AT;0,3433
SP-3541406-DB7DC7326BE04476BEAFAB1140B10EB6;SP;Presidente Prudente;Remanescente de Vegetação Nativa;Analisado, aguardando atendimento a notificação;AT;8,4856
SP-3541406-DB7DC7326BE04476BEAFAB1140B10EB6;SP;Presidente Prudente;Remanescente de Vegetação Nativa;Analisado, aguardando atendimento a notificação;AT;0,3717
SP-3541406-DB7DC7326BE04476BEAFAB1140B10EB6;SP;Presidente Prudente;Remanescente de Vegetação Nativa;Analisado, aguardando atendimento a notificação;AT;0,0999
SP-3541406-DBFBD0C649D340F88BE1E21EA17FCCEA;SP;Presidente Prudente;Remanescente de Vegetação Nativa;Analisado, em conformidade com a Lei nº 12.651/2012, com ativos ambientais;AT;2,4509
SP-3541406-DC5237902F834A45BDB53AF3B4B77110;SP;Presidente Prudente;Remanescente de Vegetação Nativa;Aguardando análise;AT;3,1364
SP-3541406-DC9CC7FAF41948849EA8BF3A9809E59C;SP;Presidente Prudente;Remanescente de Vegetação Nativa;Aguardando análise, após revisão ou atendimento da notificação;AT;0,7684
SP-3541406-DC9CC7FAF41948849EA8BF3A9809E59C;SP;Presidente Prudente;Remanescente de Vegetação Nativa;Aguardando análise, após revisão ou atendimento da notificação;AT;0,9285
SP-3541406-DCEC122D226C46579A28BE1A1950D94E;SP;Presidente Prudente;Remanescente de Vegetação Nativa;Aguardando análise, após revisão ou atendimento da notificação;AT;0,2895
SP-3541406-DCF3DB96DEA14D2FBC3CEAE9C1DFCFA5;SP;Presidente Prudente;Remanescente de Vegetação Nativa;Analisado, aguardando atendimento a notificação;AT;0,5826
SP-3541406-DD3C42C800514E508DF60482AB924FA7;SP;Presidente Prudente;Remanescente de Vegetação Nativa;Analisado, em conformidade com a Lei nº 12.651/2012, com ativos ambientais;AT;0,0061
SP-3541406-DD3EF352427743E1AE26ED74E3CF1F3C;SP;Presidente Prudente;Remanescente de Vegetação Nativa;Aguardando análise, após revisão ou atendimento da notificação;AT;1,2227
SP-3541406-DD44ABB10B2F463ABB1F9E77E5E47AA3;SP;Presidente Prudente;Remanescente de Vegetação Nativa;Analisado, aguardando regularização ambiental (Lei nº 12.651/2012);AT;0,5856
SP-3541406-DD678BE3F8EE47EA8223C3E9886E90ED;SP;Presidente Prudente;Remanescente de Vegetação Nativa;Aguardando análise;AT;21,9397
SP-3541406-DD6E6C081B4A43F38D0DE11A16DF833E;SP;Presidente Prudente;Remanescente de Vegetação Nativa;Analisado, aguardando atendimento a notificação;AT;1,5027
SP-3541406-DDF4C6DD1EB14F7AB070049DDF38A03F;SP;Presidente Prudente;Remanescente de Vegetação Nativa;Analisado, em conformidade com a Lei nº 12.651/2012, com ativos ambientais;AT;0,7142
SP-3541406-DE350A7F339C48E78FA4AC0E851B0643;SP;Presidente Prudente;Remanescente de Vegetação Nativa;Analisado, em conformidade com a Lei nº 12.651/2012, com ativos ambientais;AT;4,6833
SP-3541406-DE5D24E006D04EAE90651FB457E14E92;SP;Presidente Prudente;Remanescente de Vegetação Nativa;Analisado, aguardando atendimento a notificação;AT;0,6001
SP-3541406-DE5D24E006D04EAE90651FB457E14E92;SP;Presidente Prudente;Remanescente de Vegetação Nativa;Analisado, aguardando atendimento a notificação;AT;0,2077
SP-3541406-DE5D24E006D04EAE90651FB457E14E92;SP;Presidente Prudente;Remanescente de Vegetação Nativa;Analisado, aguardando atendimento a notificação;AT;0,9491
SP-3541406-DE671503FFDB45D78CE398E5BD74C679;SP;Presidente Prudente;Remanescente de Vegetação Nativa;Analisado, em conformidade com a Lei nº 12.651/2012, com ativos ambientais;AT;0,1310
SP-3541406-DE6C4B96C8C54CD783C4DBBBDBDC0AFB;SP;Presidente Prudente;Remanescente de Vegetação Nativa;Analisado, aguardando regularização ambiental (Lei nº 12.651/2012);AT;0,0895
SP-3541406-DE9D5A763BDE4E72831EE4B59B79B6DE;SP;Presidente Prudente;Remanescente de Vegetação Nativa;Aguardando análise;AT;0,9042
SP-3541406-DEB6A20604B74A448D4F3B47B014768F;SP;Presidente Prudente;Remanescente de Vegetação Nativa;Analisado, aguardando atendimento a notificação;AT;2,2931
SP-3541406-DEB7952D9B774A229CB7C1D51EAC37D1;SP;Presidente Prudente;Remanescente de Vegetação Nativa;Aguardando análise;AT;7,0112
SP-3541406-DED0AFCED6BB42EA8339401DE52E852A;SP;Presidente Prudente;Remanescente de Vegetação Nativa;Analisado, em conformidade com a Lei nº 12.651/2012, com ativos ambientais;AT;0,3440
SP-3541406-DF0C4872EB6742979814DF37ECE86AD9;SP;Presidente Prudente;Remanescente de Vegetação Nativa;Analisado, aguardando regularização ambiental (Lei nº 12.651/2012);AT;0,2976
SP-3541406-DF3819D0B70A43C0870DF3AF18BD7EB4;SP;Presidente Prudente;Remanescente de Vegetação Nativa;Aguardando análise;AT;6,8835
SP-3541406-DF43BA4F4DBE4AC0B3EDE8893258F6FE;SP;Presidente Prudente;Remanescente de Vegetação Nativa;Analisado, aguardando atendimento a notificação;AT;15,5694
SP-3541406-DF47D79E21C04CD5B80FBFC5BE78426E;SP;Presidente Prudente;Remanescente de Vegetação Nativa;Analisado, aguardando regularização ambiental (Lei nº 12.651/2012);AT;0,9613
SP-3541406-DFCD6DF62DD74A948ACCE6BE4FDFA21A;SP;Presidente Prudente;Remanescente de Vegetação Nativa;Aguardando análise;AT;2,3067
SP-3541406-DFD44613EFEB4C9BB4DDEF836B464420;SP;Presidente Prudente;Remanescente de Vegetação Nativa;Analisado, aguardando atendimento a notificação;AT;11,4109
SP-3541406-E0D2754DDC7349C2993C08ADF3B443FD;SP;Presidente Prudente;Remanescente de Vegetação Nativa;Analisado, aguardando atendimento a notificação;AT;0,2283
SP-3541406-E0D2754DDC7349C2993C08ADF3B443FD;SP;Presidente Prudente;Remanescente de Vegetação Nativa;Analisado, aguardando atendimento a notificação;AT;0,0290
SP-3541406-E0D2754DDC7349C2993C08ADF3B443FD;SP;Presidente Prudente;Remanescente de Vegetação Nativa;Analisado, aguardando atendimento a notificação;AT;0,0853
SP-3541406-E0D2754DDC7349C2993C08ADF3B443FD;SP;Presidente Prudente;Remanescente de Vegetação Nativa;Analisado, aguardando atendimento a notificação;AT;0,0244
SP-3541406-E13324DD6E9A456886BD99D128131B98;SP;Presidente Prudente;Remanescente de Vegetação Nativa;Aguardando análise;AT;0,0074
SP-3541406-E13324DD6E9A456886BD99D128131B98;SP;Presidente Prudente;Remanescente de Vegetação Nativa;Aguardando análise;AT;0,3630
SP-3541406-E13324DD6E9A456886BD99D128131B98;SP;Presidente Prudente;Remanescente de Vegetação Nativa;Aguardando análise;AT;1,0485
SP-3541406-E13324DD6E9A456886BD99D128131B98;SP;Presidente Prudente;Remanescente de Vegetação Nativa;Aguardando análise;AT;0,0010
SP-3541406-E13324DD6E9A456886BD99D128131B98;SP;Presidente Prudente;Remanescente de Vegetação Nativa;Aguardando análise;AT;0,0027
SP-3541406-E13324DD6E9A456886BD99D128131B98;SP;Presidente Prudente;Remanescente de Vegetação Nativa;Aguardando análise;AT;16,6617
SP-3541406-E13324DD6E9A456886BD99D128131B98;SP;Presidente Prudente;Remanescente de Vegetação Nativa;Aguardando análise;AT;0,0614
SP-3541406-E13324DD6E9A456886BD99D128131B98;SP;Presidente Prudente;Remanescente de Vegetação Nativa;Aguardando análise;AT;0,0117
SP-3541406-E13324DD6E9A456886BD99D128131B98;SP;Presidente Prudente;Remanescente de Vegetação Nativa;Aguardando análise;AT;5,3515
SP-3541406-E13324DD6E9A456886BD99D128131B98;SP;Presidente Prudente;Remanescente de Vegetação Nativa;Aguardando análise;AT;11,1514
SP-3541406-E13324DD6E9A456886BD99D128131B98;SP;Presidente Prudente;Remanescente de Vegetação Nativa;Aguardando análise;AT;0,5731
SP-3541406-E13324DD6E9A456886BD99D128131B98;SP;Presidente Prudente;Remanescente de Vegetação Nativa;Aguardando análise;AT;0,0632
SP-3541406-E18074AF8894436EB571BD6B5B57A0D9;SP;Presidente Prudente;Remanescente de Vegetação Nativa;Aguardando análise;AT;0,3302
SP-3541406-E1F6C7B040AF4308B9D293A1F81B22D5;SP;Presidente Prudente;Remanescente de Vegetação Nativa;Analisado, em regularização ambiental (Lei nº 12.651/2012);AT;5,0840
SP-3541406-E22200B713954833B917DAD08FBEC307;SP;Presidente Prudente;Remanescente de Vegetação Nativa;Analisado, em conformidade com a Lei nº 12.651/2012, com ativos ambientais;AT;0,4654
SP-3541406-E23CB98139514FEFA05A8FD607140943;SP;Presidente Prudente;Remanescente de Vegetação Nativa;Aguardando análise, após revisão ou atendimento da notificação;AT;1,1466
SP-3541406-E24F15F7F18742098E59F4198C582F4D;SP;Presidente Prudente;Remanescente de Vegetação Nativa;Aguardando análise;AT;0,3520
SP-3541406-E255662F26D64DBC902179D6E7DA63C5;SP;Presidente Prudente;Remanescente de Vegetação Nativa;Aguardando análise, após revisão ou atendimento da notificação;AT;1,0196
SP-3541406-E255662F26D64DBC902179D6E7DA63C5;SP;Presidente Prudente;Remanescente de Vegetação Nativa;Aguardando análise, após revisão ou atendimento da notificação;AT;0,1242
SP-3541406-E255662F26D64DBC902179D6E7DA63C5;SP;Presidente Prudente;Remanescente de Vegetação Nativa;Aguardando análise, após revisão ou atendimento da notificação;AT;0,3440
SP-3541406-E2D44A915C664576A3C5B7832D4E27E3;SP;Presidente Prudente;Remanescente de Vegetação Nativa;Analisado, em conformidade com a Lei nº 12.651/2012, com ativos ambientais;AT;2,2914
SP-3541406-E33A994D5D7D43B6B3F7704F028987AD;SP;Presidente Prudente;Remanescente de Vegetação Nativa;Analisado, aguardando atendimento a notificação;AT;0,2779
SP-3541406-E352AC4B33B844289C6FFDFC91D39CFB;SP;Presidente Prudente;Remanescente de Vegetação Nativa;Analisado, aguardando regularização ambiental (Lei nº 12.651/2012);AT;0,2897
SP-3541406-E395EA34DE284BA1AD02CFBF2EBA8964;SP;Presidente Prudente;Remanescente de Vegetação Nativa;Analisado, em conformidade com a Lei nº 12.651/2012, com ativos ambientais;AT;0,5336
SP-3541406-E3E083FF8B33466491DCF6B0F1036E9F;SP;Presidente Prudente;Remanescente de Vegetação Nativa;Analisado, aguardando atendimento a notificação;AT;0,2672
SP-3541406-E3E083FF8B33466491DCF6B0F1036E9F;SP;Presidente Prudente;Remanescente de Vegetação Nativa;Analisado, aguardando atendimento a notificação;AT;0,4113
SP-3541406-E3E083FF8B33466491DCF6B0F1036E9F;SP;Presidente Prudente;Remanescente de Vegetação Nativa;Analisado, aguardando atendimento a notificação;AT;2,4668
SP-3541406-E3E083FF8B33466491DCF6B0F1036E9F;SP;Presidente Prudente;Remanescente de Vegetação Nativa;Analisado, aguardando atendimento a notificação;AT;0,9740
SP-3541406-E3E083FF8B33466491DCF6B0F1036E9F;SP;Presidente Prudente;Remanescente de Vegetação Nativa;Analisado, aguardando atendimento a notificação;AT;16,0485
SP-3541406-E3E083FF8B33466491DCF6B0F1036E9F;SP;Presidente Prudente;Remanescente de Vegetação Nativa;Analisado, aguardando atendimento a notificação;AT;6,1555
SP-3541406-E3E083FF8B33466491DCF6B0F1036E9F;SP;Presidente Prudente;Remanescente de Vegetação Nativa;Analisado, aguardando atendimento a notificação;AT;0,1634
SP-3541406-E3E083FF8B33466491DCF6B0F1036E9F;SP;Presidente Prudente;Remanescente de Vegetação Nativa;Analisado, aguardando atendimento a notificação;AT;0,1714
SP-3541406-E42131004F1F435FA94795B72AA865CB;SP;Presidente Prudente;Remanescente de Vegetação Nativa;Aguardando análise;AT;0,6247
SP-3541406-E5265523BAB94A079DEC9F4D057DC830;SP;Presidente Prudente;Remanescente de Vegetação Nativa;Analisado, em conformidade com a Lei nº 12.651/2012, com ativos ambientais;AT;3,1520
SP-3541406-E533A4F1100D412A95D6AD89D3F12688;SP;Presidente Prudente;Remanescente de Vegetação Nativa;Aguardando análise;AT;0,2309
SP-3541406-E53618964E624E348645DEE455F3CBB0;SP;Presidente Prudente;Remanescente de Vegetação Nativa;Analisado, em conformidade com a Lei nº 12.651/2012, com ativos ambientais;AT;0,7109
SP-3541406-E54B077F7AD849A99EB5B1DCB3C5222E;SP;Presidente Prudente;Remanescente de Vegetação Nativa;Analisado, em conformidade com a Lei nº 12.651/2012, com ativos ambientais;AT;2,7269
SP-3541406-E6325F7B6C184775945D58A7573999B5;SP;Presidente Prudente;Remanescente de Vegetação Nativa;Aguardando análise;AT;1,0535
SP-3541406-E693B0BE1A3346698D9DE4A24F341530;SP;Presidente Prudente;Remanescente de Vegetação Nativa;Analisado, em conformidade com a Lei nº 12.651/2012, com ativos ambientais;AT;4,5134
SP-3541406-E6B15B7ED3804EAD9996D6230D84AE34;SP;Presidente Prudente;Remanescente de Vegetação Nativa;Analisado, aguardando atendimento a notificação;AT;5,5906
SP-3541406-E6E8CB8248B247ADBAB921F6C1F071E9;SP;Presidente Prudente;Remanescente de Vegetação Nativa;Aguardando análise, após revisão ou atendimento da notificação;AT;0,8309
SP-3541406-E7174187301E456BA02737B5235D731C;SP;Presidente Prudente;Remanescente de Vegetação Nativa;Aguardando análise;AT;0,4557
SP-3541406-E74751540CA3462CAB3D0FC4B006C165;SP;Presidente Prudente;Remanescente de Vegetação Nativa;Analisado, em conformidade com a Lei nº 12.651/2012, com ativos ambientais;AT;1,2305
SP-3541406-E8381A83C21842FC8555B25D0E0F3AC0;SP;Presidente Prudente;Remanescente de Vegetação Nativa;Analisado, em conformidade com a Lei nº 12.651/2012, com ativos ambientais;AT;0,1222
SP-3541406-E8A1AE5D66594AF1BC3B3351D7C8082F;SP;Presidente Prudente;Remanescente de Vegetação Nativa;Analisado, aguardando regularização ambiental (Lei nº 12.651/2012);AT;6,2652
SP-3541406-E8D021F5300C4C5692DE8E98ADC95C14;SP;Presidente Prudente;Remanescente de Vegetação Nativa;Aguardando análise;AT;0,5934
SP-3541406-E8FEF5C6D6F14B5C8E877F7820639068;SP;Presidente Prudente;Remanescente de Vegetação Nativa;Analisado, aguardando regularização ambiental (Lei nº 12.651/2012);AT;0,0036
SP-3541406-E93E09252825443CA8EF9622DB509446;SP;Presidente Prudente;Remanescente de Vegetação Nativa;Aguardando análise, após revisão ou atendimento da notificação;AT;0,3434
SP-3541406-E93E09252825443CA8EF9622DB509446;SP;Presidente Prudente;Remanescente de Vegetação Nativa;Aguardando análise, após revisão ou atendimento da notificação;AT;0,0703
SP-3541406-E93E09252825443CA8EF9622DB509446;SP;Presidente Prudente;Remanescente de Vegetação Nativa;Aguardando análise, após revisão ou atendimento da notificação;AT;0,0965
SP-3541406-E93E09252825443CA8EF9622DB509446;SP;Presidente Prudente;Remanescente de Vegetação Nativa;Aguardando análise, após revisão ou atendimento da notificação;AT;0,0818
SP-3541406-E952A20A1C084764A18AFA632AA1AAF0;SP;Presidente Prudente;Remanescente de Vegetação Nativa;Analisado, em conformidade com a Lei nº 12.651/2012, com ativos ambientais;AT;3,6767
SP-3541406-E97BB0F6A2BB401783A5B221DFABEBF1;SP;Presidente Prudente;Remanescente de Vegetação Nativa;Analisado, aguardando regularização ambiental (Lei nº 12.651/2012);AT;0,0997
SP-3541406-E9F35587A6D44842A04130D4D3A9D269;SP;Presidente Prudente;Remanescente de Vegetação Nativa;Analisado, em conformidade com a Lei nº 12.651/2012, com ativos ambientais;AT;1,3869
SP-3541406-E9FCC59E65C94DDCBAD164D02DBF07B8;SP;Presidente Prudente;Remanescente de Vegetação Nativa;Aguardando análise, após revisão ou atendimento da notificação;AT;1,1590
SP-3541406-EA0CDE3AC46B4E7FA4A4FF258D1B5A04;SP;Presidente Prudente;Remanescente de Vegetação Nativa;Analisado, aguardando regularização ambiental (Lei nº 12.651/2012);AT;3,0332
SP-3541406-EA9D934C754045A79522D41E07A7D85F;SP;Presidente Prudente;Remanescente de Vegetação Nativa;Analisado, em conformidade com a Lei nº 12.651/2012, com ativos ambientais;AT;5,7593
SP-3541406-EABEBDA3549C43ECAF101BB4F58107C5;SP;Presidente Prudente;Remanescente de Vegetação Nativa;Analisado, em conformidade com a Lei nº 12.651/2012, com ativos ambientais;AT;0,3283
SP-3541406-EAE13B9FA0464EBAA3D51CE79B02170C;SP;Presidente Prudente;Remanescente de Vegetação Nativa;Aguardando análise, após revisão ou atendimento da notificação;AT;0,3280
SP-3541406-EB49999CF31844D0BCF7C5DFF3964BD0;SP;Presidente Prudente;Remanescente de Vegetação Nativa;Analisado, aguardando regularização ambiental (Lei nº 12.651/2012);AT;1,0392
SP-3541406-EB9F8EB7B5EA4D0AAE1BD50486BF94D3;SP;Presidente Prudente;Remanescente de Vegetação Nativa;Analisado, aguardando atendimento a notificação;AT;0,2672
SP-3541406-EBE3F51D06144215A3E8EAB9F7D579D1;SP;Presidente Prudente;Remanescente de Vegetação Nativa;Analisado, aguardando atendimento a notificação;AT;0,9809
SP-3541406-EC423F00A67046C0B8D3577EC6448393;SP;Presidente Prudente;Remanescente de Vegetação Nativa;Aguardando análise;AT;1,1674
SP-3541406-EC556E8310634F1FB3A69A3A3C159115;SP;Presidente Prudente;Remanescente de Vegetação Nativa;Analisado, em conformidade com a Lei nº 12.651/2012, com ativos ambientais;AT;2,1446
SP-3541406-ECF92731D9EB472CB4585AB6BFD9B025;SP;Presidente Prudente;Remanescente de Vegetação Nativa;Analisado, aguardando atendimento a notificação;AT;2,1500
SP-3541406-ED4182C5686E44E4B7DDB5C0531352D3;SP;Presidente Prudente;Remanescente de Vegetação Nativa;Analisado, em conformidade com a Lei nº 12.651/2012, com ativos ambientais;AT;2,1975
SP-3541406-ED44EED92D3E4822AE05E2A58D8CA20D;SP;Presidente Prudente;Remanescente de Vegetação Nativa;Analisado, aguardando atendimento a notificação;AT;2,1257
SP-3541406-EE1419689D8E4C2A899448561DB6DDEF;SP;Presidente Prudente;Remanescente de Vegetação Nativa;Analisado, em conformidade com a Lei nº 12.651/2012, com ativos ambientais;AT;2,8610
SP-3541406-EE1736763B384428B103589F2A7C677B;SP;Presidente Prudente;Remanescente de Vegetação Nativa;Analisado, aguardando regularização ambiental (Lei nº 12.651/2012);AT;23,3064
SP-3541406-EEBA4CC0828C43A594B5F55A0C633D51;SP;Presidente Prudente;Remanescente de Vegetação Nativa;Aguardando análise;AT;5,8258
SP-3541406-EEDA10C1DD5C40C3A2FD52264DE49745;SP;Presidente Prudente;Remanescente de Vegetação Nativa;Aguardando análise, após revisão ou atendimento da notificação;AT;5,4752
SP-3541406-EEE0C8468D7B416BB003E625403CD676;SP;Presidente Prudente;Remanescente de Vegetação Nativa;Aguardando análise, após revisão ou atendimento da notificação;AT;0,4073
SP-3541406-EF2B37B4883F4299B6EC33B73F28A872;SP;Presidente Prudente;Remanescente de Vegetação Nativa;Analisado, aguardando atendimento a notificação;AT;3,2103
SP-3541406-EF2B37B4883F4299B6EC33B73F28A872;SP;Presidente Prudente;Remanescente de Vegetação Nativa;Analisado, aguardando atendimento a notificação;AT;0,1549
SP-3541406-EF4B597213E145F7B88B08DA5904F30D;SP;Presidente Prudente;Remanescente de Vegetação Nativa;Analisado, em conformidade com a Lei nº 12.651/2012, com ativos ambientais;AT;6,7655
SP-3541406-EF4C218B026040FCADB5A25A26D0D553;SP;Presidente Prudente;Remanescente de Vegetação Nativa;Analisado, em conformidade com a Lei nº 12.651/2012, com ativos ambientais;AT;1,1317
SP-3541406-EF5701D442A34F7E8BBB8046D36C0BA2;SP;Presidente Prudente;Remanescente de Vegetação Nativa;Aguardando análise;AT;2,2243
SP-3541406-EF7DC5BC16564FB687DC1DE3AE2168D7;SP;Presidente Prudente;Remanescente de Vegetação Nativa;Analisado, aguardando atendimento a notificação;AT;0,1660
SP-3541406-EF7DC5BC16564FB687DC1DE3AE2168D7;SP;Presidente Prudente;Remanescente de Vegetação Nativa;Analisado, aguardando atendimento a notificação;AT;0,2748
SP-3541406-EF7DC5BC16564FB687DC1DE3AE2168D7;SP;Presidente Prudente;Remanescente de Vegetação Nativa;Analisado, aguardando atendimento a notificação;AT;0,0161
SP-3541406-EF7DC5BC16564FB687DC1DE3AE2168D7;SP;Presidente Prudente;Remanescente de Vegetação Nativa;Analisado, aguardando atendimento a notificação;AT;0,1779
SP-3541406-EF9C1ADCB1D047F5BFB61BEF42F75F55;SP;Presidente Prudente;Remanescente de Vegetação Nativa;Analisado, em conformidade com a Lei nº 12.651/2012, com ativos ambientais;AT;0,2074
SP-3541406-EFF8B0B9A19F4CFA8D2DE4E5105E0DC9;SP;Presidente Prudente;Remanescente de Vegetação Nativa;Aguardando análise;AT;0,6870
SP-3541406-F03A6A7954264653BE2A90B57A795204;SP;Presidente Prudente;Remanescente de Vegetação Nativa;Analisado, aguardando regularização ambiental (Lei nº 12.651/2012);AT;2,2085
SP-3541406-F0550A1BD9BA48899E1013B2E0BBE82B;SP;Presidente Prudente;Remanescente de Vegetação Nativa;Analisado, em conformidade com a Lei nº 12.651/2012, com ativos ambientais;AT;2,9762
SP-3541406-F08E069A520A4471B7AF8AE71562D709;SP;Presidente Prudente;Remanescente de Vegetação Nativa;Analisado, aguardando atendimento a notificação;AT;0,9454
SP-3541406-F0D04DC29E2A433B97A3F4479D4184BD;SP;Presidente Prudente;Remanescente de Vegetação Nativa;Analisado, em conformidade com a Lei nº 12.651/2012, com ativos ambientais;AT;1,8886
SP-3541406-F0E4214DDD4A495094646B412BF8B3D1;SP;Presidente Prudente;Remanescente de Vegetação Nativa;Analisado, em conformidade com a Lei nº 12.651/2012, com ativos ambientais;AT;19,0267
SP-3541406-F0F7FF1AE9E34804925BF60D62A19F42;SP;Presidente Prudente;Remanescente de Vegetação Nativa;Aguardando análise, após revisão ou atendimento da notificação;AT;0,4204
SP-3541406-F0F7FF1AE9E34804925BF60D62A19F42;SP;Presidente Prudente;Remanescente de Vegetação Nativa;Aguardando análise, após revisão ou atendimento da notificação;AT;0,2907
SP-3541406-F118C02ECF4F40198722A4C7E1ACACD2;SP;Presidente Prudente;Remanescente de Vegetação Nativa;Aguardando análise;AT;3,2085
SP-3541406-F16FCFAB60E546EDB44C6D13EC34B8D6;SP;Presidente Prudente;Remanescente de Vegetação Nativa;Aguardando análise, após revisão ou atendimento da notificação;AT;1,2053
SP-3541406-F184514087C44398ABC2FB6C0CDF8388;SP;Presidente Prudente;Remanescente de Vegetação Nativa;Aguardando análise;AT;3,0155
SP-3541406-F1AF08CD14934889B9743C1EBB22B89B;SP;Presidente Prudente;Remanescente de Vegetação Nativa;Aguardando análise;AT;2,0435
SP-3541406-F1DCF56BA4AC460988CCA07B77952630;SP;Presidente Prudente;Remanescente de Vegetação Nativa;Analisado, aguardando regularização ambiental (Lei nº 12.651/2012);AT;1,7332
SP-3541406-F202122D0736406C887F0B9CDA8A4D5C;SP;Presidente Prudente;Remanescente de Vegetação Nativa;Aguardando análise;AT;2,3169
SP-3541406-F2299CC1052345E9A6DC0524E4F838F4;SP;Presidente Prudente;Remanescente de Vegetação Nativa;Aguardando análise, após revisão ou atendimento da notificação;AT;0,2595
SP-3541406-F2299CC1052345E9A6DC0524E4F838F4;SP;Presidente Prudente;Remanescente de Vegetação Nativa;Aguardando análise, após revisão ou atendimento da notificação;AT;0,4956
SP-3541406-F2299CC1052345E9A6DC0524E4F838F4;SP;Presidente Prudente;Remanescente de Vegetação Nativa;Aguardando análise, após revisão ou atendimento da notificação;AT;1,1932
SP-3541406-F2299CC1052345E9A6DC0524E4F838F4;SP;Presidente Prudente;Remanescente de Vegetação Nativa;Aguardando análise, após revisão ou atendimento da notificação;AT;0,5119
SP-3541406-F241FB49AFFC4A649A49893A9E6DA784;SP;Presidente Prudente;Remanescente de Vegetação Nativa;Analisado, aguardando atendimento a notificação;AT;1,5032
SP-3541406-F26C3F9FEBCE483081C14EC9C52BFEFB;SP;Presidente Prudente;Remanescente de Vegetação Nativa;Aguardando análise;PE;1,0668
SP-3541406-F30CDA6680064B8A9AEB7F7E270C0B92;SP;Presidente Prudente;Remanescente de Vegetação Nativa;Aguardando análise, após revisão ou atendimento da notificação;AT;0,1322
SP-3541406-F30CDA6680064B8A9AEB7F7E270C0B92;SP;Presidente Prudente;Remanescente de Vegetação Nativa;Aguardando análise, após revisão ou atendimento da notificação;AT;0,1696
SP-3541406-F30CDA6680064B8A9AEB7F7E270C0B92;SP;Presidente Prudente;Remanescente de Vegetação Nativa;Aguardando análise, após revisão ou atendimento da notificação;AT;0,0668
SP-3541406-F3A4AEE65C8D4752B26CCE0E9707F6A4;SP;Presidente Prudente;Remanescente de Vegetação Nativa;Aguardando análise, após revisão ou atendimento da notificação;AT;1,2384
SP-3541406-F3BBCF44F04E4899A60AFB55FB0E4440;SP;Presidente Prudente;Remanescente de Vegetação Nativa;Analisado, em conformidade com a Lei nº 12.651/2012, com ativos ambientais;AT;14,9742
SP-3541406-F3DE599745624F0CB9677410D1B2E939;SP;Presidente Prudente;Remanescente de Vegetação Nativa;Aguardando análise;AT;0,5024
SP-3541406-F3F07FD0AE454C5A9221793088AEFAD1;SP;Presidente Prudente;Remanescente de Vegetação Nativa;Aguardando análise;AT;0,9231
SP-3541406-F3F07FD0AE454C5A9221793088AEFAD1;SP;Presidente Prudente;Remanescente de Vegetação Nativa;Aguardando análise;AT;0,9231
SP-3541406-F3F07FD0AE454C5A9221793088AEFAD1;SP;Presidente Prudente;Remanescente de Vegetação Nativa;Aguardando análise;AT;0,1459
SP-3541406-F40384D1E1AA48BCB513B5A754A75070;SP;Presidente Prudente;Remanescente de Vegetação Nativa;Aguardando análise;AT;2,3954
SP-3541406-F408C2ECB25540C2AD8AF6C6A2B0018E;SP;Presidente Prudente;Remanescente de Vegetação Nativa;Aguardando análise, após revisão ou atendimento da notificação;AT;0,5307
SP-3541406-F427C2F53FE54863BAD4FD2EA8DF2F76;SP;Presidente Prudente;Remanescente de Vegetação Nativa;Analisado, aguardando atendimento a notificação;AT;3,6145
SP-3541406-F43C01B21AF64102B1DD1F8C0848C17C;SP;Presidente Prudente;Remanescente de Vegetação Nativa;Aguardando análise;AT;3,6520
SP-3541406-F43F8368754B49079BF41149C31CCDAC;SP;Presidente Prudente;Remanescente de Vegetação Nativa;Analisado, em conformidade com a Lei nº 12.651/2012, com ativos ambientais;AT;0,1903
SP-3541406-F44B133D703742A3A4B7A6D6E73E7044;SP;Presidente Prudente;Remanescente de Vegetação Nativa;Aguardando análise;AT;2,1460
SP-3541406-F497CB9A40E3459E875375ECDAEAFC6A;SP;Presidente Prudente;Remanescente de Vegetação Nativa;Aguardando análise;AT;1,3569
SP-3541406-F4AACC54ADF24CEF8AA6D21872508521;SP;Presidente Prudente;Remanescente de Vegetação Nativa;Analisado, aguardando atendimento a notificação;AT;0,1535
SP-3541406-F508241558124A4A9C40D5CCF2EE2520;SP;Presidente Prudente;Remanescente de Vegetação Nativa;Analisado, em conformidade com a Lei nº 12.651/2012, com ativos ambientais;AT;0,1169
SP-3541406-F54B3418FF894199940180117C6DF73A;SP;Presidente Prudente;Remanescente de Vegetação Nativa;Aguardando análise;AT;4,2412
SP-3541406-F55B3F27F4B04EEE88230C1FCF2A1074;SP;Presidente Prudente;Remanescente de Vegetação Nativa;Analisado, em conformidade com a Lei nº 12.651/2012, com ativos ambientais;AT;1,0544
SP-3541406-F57B58516CE94C43810D0FA879EE0D23;SP;Presidente Prudente;Remanescente de Vegetação Nativa;Analisado, aguardando regularização ambiental (Lei nº 12.651/2012);AT;5,1170
SP-3541406-F5BEB7C1563648F5A74DA91392069E6B;SP;Presidente Prudente;Remanescente de Vegetação Nativa;Aguardando análise, após revisão ou atendimento da notificação;AT;0,1815
SP-3541406-F5F6C7B78A374D4BB20111AE151189DC;SP;Presidente Prudente;Remanescente de Vegetação Nativa;Aguardando análise, após revisão ou atendimento da notificação;AT;0,1852
SP-3541406-F5F6C7B78A374D4BB20111AE151189DC;SP;Presidente Prudente;Remanescente de Vegetação Nativa;Aguardando análise, após revisão ou atendimento da notificação;AT;0,2028
SP-3541406-F5F6C7B78A374D4BB20111AE151189DC;SP;Presidente Prudente;Remanescente de Vegetação Nativa;Aguardando análise, após revisão ou atendimento da notificação;AT;0,7760
SP-3541406-F5F6C7B78A374D4BB20111AE151189DC;SP;Presidente Prudente;Remanescente de Vegetação Nativa;Aguardando análise, após revisão ou atendimento da notificação;AT;0,0606
SP-3541406-F5F91A840E0B4F4884A57903F4FB9B55;SP;Presidente Prudente;Remanescente de Vegetação Nativa;Analisado, aguardando atendimento a notificação;AT;6,7632
SP-3541406-F6813D71D4334FA58FD81028E671F3A9;SP;Presidente Prudente;Remanescente de Vegetação Nativa;Analisado, aguardando regularização ambiental (Lei nº 12.651/2012);AT;3,5483
SP-3541406-F688844631EC418F89F087304D69D2E0;SP;Presidente Prudente;Remanescente de Vegetação Nativa;Aguardando análise;AT;0,2577
SP-3541406-F68FB8A36BB649A084369F747211E87C;SP;Presidente Prudente;Remanescente de Vegetação Nativa;Analisado, em conformidade com a Lei nº 12.651/2012, com ativos ambientais;AT;4,5833
SP-3541406-F6A4628400304035B650D5BD0E13A615;SP;Presidente Prudente;Remanescente de Vegetação Nativa;Analisado, em conformidade com a Lei nº 12.651/2012, com ativos ambientais;AT;0,1759
SP-3541406-F6F15A5202134FB0B8FCED884DB2C247;SP;Presidente Prudente;Remanescente de Vegetação Nativa;Analisado, aguardando atendimento a notificação;AT;0,1465
SP-3541406-F6F15A5202134FB0B8FCED884DB2C247;SP;Presidente Prudente;Remanescente de Vegetação Nativa;Analisado, aguardando atendimento a notificação;AT;0,0129
SP-3541406-F6F15A5202134FB0B8FCED884DB2C247;SP;Presidente Prudente;Remanescente de Vegetação Nativa;Analisado, aguardando atendimento a notificação;AT;0,0129
SP-3541406-F6F15A5202134FB0B8FCED884DB2C247;SP;Presidente Prudente;Remanescente de Vegetação Nativa;Analisado, aguardando atendimento a notificação;AT;0,0277
SP-3541406-F6F15A5202134FB0B8FCED884DB2C247;SP;Presidente Prudente;Remanescente de Vegetação Nativa;Analisado, aguardando atendimento a notificação;AT;0,1112
SP-3541406-F6F15A5202134FB0B8FCED884DB2C247;SP;Presidente Prudente;Remanescente de Vegetação Nativa;Analisado, aguardando atendimento a notificação;AT;0,0056
SP-3541406-F6F15A5202134FB0B8FCED884DB2C247;SP;Presidente Prudente;Remanescente de Vegetação Nativa;Analisado, aguardando atendimento a notificação;AT;0,0899
SP-3541406-F6F15A5202134FB0B8FCED884DB2C247;SP;Presidente Prudente;Remanescente de Vegetação Nativa;Analisado, aguardando atendimento a notificação;AT;0,0975
SP-3541406-F6F15A5202134FB0B8FCED884DB2C247;SP;Presidente Prudente;Remanescente de Vegetação Nativa;Analisado, aguardando atendimento a notificação;AT;0,0682
SP-3541406-F6F15A5202134FB0B8FCED884DB2C247;SP;Presidente Prudente;Remanescente de Vegetação Nativa;Analisado, aguardando atendimento a notificação;AT;0,0035
SP-3541406-F6F15A5202134FB0B8FCED884DB2C247;SP;Presidente Prudente;Remanescente de Vegetação Nativa;Analisado, aguardando atendimento a notificação;AT;0,0542
SP-3541406-F6F15A5202134FB0B8FCED884DB2C247;SP;Presidente Prudente;Remanescente de Vegetação Nativa;Analisado, aguardando atendimento a notificação;AT;2,1289
SP-3541406-F6F15A5202134FB0B8FCED884DB2C247;SP;Presidente Prudente;Remanescente de Vegetação Nativa;Analisado, aguardando atendimento a notificação;AT;2,1289
SP-3541406-F6F15A5202134FB0B8FCED884DB2C247;SP;Presidente Prudente;Remanescente de Vegetação Nativa;Analisado, aguardando atendimento a notificação;AT;2,3079
SP-3541406-F6F15A5202134FB0B8FCED884DB2C247;SP;Presidente Prudente;Remanescente de Vegetação Nativa;Analisado, aguardando atendimento a notificação;AT;1,0792
SP-3541406-F6F15A5202134FB0B8FCED884DB2C247;SP;Presidente Prudente;Remanescente de Vegetação Nativa;Analisado, aguardando atendimento a notificação;AT;0,1141
SP-3541406-F6F15A5202134FB0B8FCED884DB2C247;SP;Presidente Prudente;Remanescente de Vegetação Nativa;Analisado, aguardando atendimento a notificação;AT;0,0035
SP-3541406-F6F15A5202134FB0B8FCED884DB2C247;SP;Presidente Prudente;Remanescente de Vegetação Nativa;Analisado, aguardando atendimento a notificação;AT;0,0542
SP-3541406-F6F15A5202134FB0B8FCED884DB2C247;SP;Presidente Prudente;Remanescente de Vegetação Nativa;Analisado, aguardando atendimento a notificação;AT;0,1970
SP-3541406-F6F15A5202134FB0B8FCED884DB2C247;SP;Presidente Prudente;Remanescente de Vegetação Nativa;Analisado, aguardando atendimento a notificação;AT;2,3079
SP-3541406-F71FF7258DE24AAA9EBB026E716AEAC7;SP;Presidente Prudente;Remanescente de Vegetação Nativa;Aguardando análise;AT;5,3480
SP-3541406-F73D58CAAB4C4BFE98BC5150BCE3CFC1;SP;Presidente Prudente;Remanescente de Vegetação Nativa;Analisado, aguardando atendimento a notificação;AT;0,1463
SP-3541406-F73D58CAAB4C4BFE98BC5150BCE3CFC1;SP;Presidente Prudente;Remanescente de Vegetação Nativa;Analisado, aguardando atendimento a notificação;AT;0,1773
SP-3541406-F781B58056A64E4B9D01EB569898CE27;SP;Presidente Prudente;Remanescente de Vegetação Nativa;Analisado, aguardando regularização ambiental (Lei nº 12.651/2012);AT;1,4432
SP-3541406-F78DA18B13BF4317A3E40705AAC8A45A;SP;Presidente Prudente;Remanescente de Vegetação Nativa;Aguardando análise, após revisão ou atendimento da notificação;AT;3,2539
SP-3541406-F7F9549ECAFF4CE7B40DABB0D6A83191;SP;Presidente Prudente;Remanescente de Vegetação Nativa;Analisado, em conformidade com a Lei nº 12.651/2012, com ativos ambientais;AT;0,0362
SP-3541406-F82056B54BEB49C0851E214C25C858ED;SP;Presidente Prudente;Remanescente de Vegetação Nativa;Analisado, em conformidade com a Lei nº 12.651/2012, com ativos ambientais;AT;0,9200
SP-3541406-F876D9BB0887496F83FDC75BB1227318;SP;Presidente Prudente;Remanescente de Vegetação Nativa;Analisado, em conformidade com a Lei nº 12.651/2012, com ativos ambientais;AT;1,8649
SP-3541406-F87EF0F57BD242D7A232066ED95754C0;SP;Presidente Prudente;Remanescente de Vegetação Nativa;Analisado, aguardando atendimento a notificação;AT;0,4585
SP-3541406-F87EF0F57BD242D7A232066ED95754C0;SP;Presidente Prudente;Remanescente de Vegetação Nativa;Analisado, aguardando atendimento a notificação;AT;0,2943
SP-3541406-F87EF0F57BD242D7A232066ED95754C0;SP;Presidente Prudente;Remanescente de Vegetação Nativa;Analisado, aguardando atendimento a notificação;AT;0,1950
SP-3541406-F87EF0F57BD242D7A232066ED95754C0;SP;Presidente Prudente;Remanescente de Vegetação Nativa;Analisado, aguardando atendimento a notificação;AT;22,4509
SP-3541406-F87EF0F57BD242D7A232066ED95754C0;SP;Presidente Prudente;Remanescente de Vegetação Nativa;Analisado, aguardando atendimento a notificação;AT;7,8012
SP-3541406-F87EF0F57BD242D7A232066ED95754C0;SP;Presidente Prudente;Remanescente de Vegetação Nativa;Analisado, aguardando atendimento a notificação;AT;2,1514
SP-3541406-F87EF0F57BD242D7A232066ED95754C0;SP;Presidente Prudente;Remanescente de Vegetação Nativa;Analisado, aguardando atendimento a notificação;AT;1,4423
SP-3541406-F87EF0F57BD242D7A232066ED95754C0;SP;Presidente Prudente;Remanescente de Vegetação Nativa;Analisado, aguardando atendimento a notificação;AT;1,2538
SP-3541406-F87EF0F57BD242D7A232066ED95754C0;SP;Presidente Prudente;Remanescente de Vegetação Nativa;Analisado, aguardando atendimento a notificação;AT;1,2253
SP-3541406-F87EF0F57BD242D7A232066ED95754C0;SP;Presidente Prudente;Remanescente de Vegetação Nativa;Analisado, aguardando atendimento a notificação;AT;1,1198
SP-3541406-F87EF0F57BD242D7A232066ED95754C0;SP;Presidente Prudente;Remanescente de Vegetação Nativa;Analisado, aguardando atendimento a notificação;AT;0,7384
SP-3541406-F8A64888CC2C427CAFD0070D421C6530;SP;Presidente Prudente;Remanescente de Vegetação Nativa;Analisado, em conformidade com a Lei nº 12.651/2012, com ativos ambientais;AT;0,6250
SP-3541406-F8B162E8736D4DC9932B6C9402CA5138;SP;Presidente Prudente;Remanescente de Vegetação Nativa;Aguardando análise, após revisão ou atendimento da notificação;AT;3,5738
SP-3541406-F8CA466AD9BE4D728FA07838E5A6EB0A;SP;Presidente Prudente;Remanescente de Vegetação Nativa;Aguardando análise;AT;1,0377
SP-3541406-F8D83E3DDF8446E0ADD68E1876198CEA;SP;Presidente Prudente;Remanescente de Vegetação Nativa;Aguardando análise;AT;4,1411
SP-3541406-F903385297D04F3299464EC509035B33;SP;Presidente Prudente;Remanescente de Vegetação Nativa;Analisado, aguardando atendimento a notificação;AT;11,4911
SP-3541406-F97EC1404F2D4480A9821FE0633A7442;SP;Presidente Prudente;Remanescente de Vegetação Nativa;Analisado, aguardando atendimento a notificação;AT;14,0597
SP-3541406-F9D2653621FF4C91AA90B6CE65B2F086;SP;Presidente Prudente;Remanescente de Vegetação Nativa;Aguardando análise, após revisão ou atendimento da notificação;AT;0,3857
SP-3541406-F9D2653621FF4C91AA90B6CE65B2F086;SP;Presidente Prudente;Remanescente de Vegetação Nativa;Aguardando análise, após revisão ou atendimento da notificação;AT;0,1466
SP-3541406-F9D2653621FF4C91AA90B6CE65B2F086;SP;Presidente Prudente;Remanescente de Vegetação Nativa;Aguardando análise, após revisão ou atendimento da notificação;AT;0,1058
SP-3541406-FA33140C85A84B9F8E3E76701CC4E98E;SP;Presidente Prudente;Remanescente de Vegetação Nativa;Analisado, aguardando atendimento a notificação;AT;2,4658
SP-3541406-FA646B5427A0488BBD14C2DB73794F14;SP;Presidente Prudente;Remanescente de Vegetação Nativa;Analisado, aguardando regularização ambiental (Lei nº 12.651/2012);AT;3,9274
SP-3541406-FA88BB0448EF46D987A4AD747AB470FA;SP;Presidente Prudente;Remanescente de Vegetação Nativa;Analisado, aguardando atendimento a notificação;AT;0,0103
SP-3541406-FAB05EFE8B4B41A1A1A2D9FED9B88748;SP;Presidente Prudente;Remanescente de Vegetação Nativa;Analisado, em conformidade com a Lei nº 12.651/2012, com ativos ambientais;AT;2,3578
SP-3541406-FACB09326C0A44A28DEC01CB8D440EEC;SP;Presidente Prudente;Remanescente de Vegetação Nativa;Aguardando análise, após revisão ou atendimento da notificação;AT;1,0275
SP-3541406-FACB09326C0A44A28DEC01CB8D440EEC;SP;Presidente Prudente;Remanescente de Vegetação Nativa;Aguardando análise, após revisão ou atendimento da notificação;AT;1,0674
SP-3541406-FB09F090AA45425183836B6C571136FA;SP;Presidente Prudente;Remanescente de Vegetação Nativa;Analisado, aguardando regularização ambiental (Lei nº 12.651/2012);AT;0,0015
SP-3541406-FB19A59A50F14171A354E472B9F33B88;SP;Presidente Prudente;Remanescente de Vegetação Nativa;Analisado, aguardando regularização ambiental (Lei nº 12.651/2012);AT;0,0014
SP-3541406-FB1CA611C8424EFDB0F5AA82455080EA;SP;Presidente Prudente;Remanescente de Vegetação Nativa;Analisado, aguardando atendimento a notificação;AT;0,9190
SP-3541406-FB1CA611C8424EFDB0F5AA82455080EA;SP;Presidente Prudente;Remanescente de Vegetação Nativa;Analisado, aguardando atendimento a notificação;AT;1,7197
SP-3541406-FB1CA611C8424EFDB0F5AA82455080EA;SP;Presidente Prudente;Remanescente de Vegetação Nativa;Analisado, aguardando atendimento a notificação;AT;0,5896
SP-3541406-FB1CA611C8424EFDB0F5AA82455080EA;SP;Presidente Prudente;Remanescente de Vegetação Nativa;Analisado, aguardando atendimento a notificação;AT;0,1250
SP-3541406-FBA8CA7343DE4F499F280FD828C73216;SP;Presidente Prudente;Remanescente de Vegetação Nativa;Analisado, aguardando atendimento a notificação;AT;0,1019
SP-3541406-FBA8CA7343DE4F499F280FD828C73216;SP;Presidente Prudente;Remanescente de Vegetação Nativa;Analisado, aguardando atendimento a notificação;AT;0,0107
SP-3541406-FBA8CA7343DE4F499F280FD828C73216;SP;Presidente Prudente;Remanescente de Vegetação Nativa;Analisado, aguardando atendimento a notificação;AT;0,0065
SP-3541406-FBA8CA7343DE4F499F280FD828C73216;SP;Presidente Prudente;Remanescente de Vegetação Nativa;Analisado, aguardando atendimento a notificação;AT;0,0450
SP-3541406-FBA8CA7343DE4F499F280FD828C73216;SP;Presidente Prudente;Remanescente de Vegetação Nativa;Analisado, aguardando atendimento a notificação;AT;0,1057
SP-3541406-FBA8CA7343DE4F499F280FD828C73216;SP;Presidente Prudente;Remanescente de Vegetação Nativa;Analisado, aguardando atendimento a notificação;AT;0,4993
SP-3541406-FBA8CA7343DE4F499F280FD828C73216;SP;Presidente Prudente;Remanescente de Vegetação Nativa;Analisado, aguardando atendimento a notificação;AT;0,0221
SP-3541406-FBA8CA7343DE4F499F280FD828C73216;SP;Presidente Prudente;Remanescente de Vegetação Nativa;Analisado, aguardando atendimento a notificação;AT;0,0059
SP-3541406-FBA8CA7343DE4F499F280FD828C73216;SP;Presidente Prudente;Remanescente de Vegetação Nativa;Analisado, aguardando atendimento a notificação;AT;0,0043
SP-3541406-FBA8CA7343DE4F499F280FD828C73216;SP;Presidente Prudente;Remanescente de Vegetação Nativa;Analisado, aguardando atendimento a notificação;AT;0,0490
SP-3541406-FBA8CA7343DE4F499F280FD828C73216;SP;Presidente Prudente;Remanescente de Vegetação Nativa;Analisado, aguardando atendimento a notificação;AT;0,0133
SP-3541406-FBA8CA7343DE4F499F280FD828C73216;SP;Presidente Prudente;Remanescente de Vegetação Nativa;Analisado, aguardando atendimento a notificação;AT;0,1020
SP-3541406-FBA8CA7343DE4F499F280FD828C73216;SP;Presidente Prudente;Remanescente de Vegetação Nativa;Analisado, aguardando atendimento a notificação;AT;0,0068
SP-3541406-FBA8CA7343DE4F499F280FD828C73216;SP;Presidente Prudente;Remanescente de Vegetação Nativa;Analisado, aguardando atendimento a notificação;AT;0,1292
SP-3541406-FBA9221953884CC9A3B2EE835CB06ABE;SP;Presidente Prudente;Remanescente de Vegetação Nativa;Analisado, em conformidade com a Lei nº 12.651/2012, com ativos ambientais;AT;1,8853
SP-3541406-FBC2BA76D5494738ABDA3EDA24EA458E;SP;Presidente Prudente;Remanescente de Vegetação Nativa;Analisado, em conformidade com a Lei nº 12.651/2012, com ativos ambientais;AT;0,3512
SP-3541406-FBD8352B8B2646F8B8E6F94CBB2D8DC1;SP;Presidente Prudente;Remanescente de Vegetação Nativa;Analisado, aguardando regularização ambiental (Lei nº 12.651/2012);AT;7,6438
SP-3541406-FBE629E73FB74543AB90FF3E50629537;SP;Presidente Prudente;Remanescente de Vegetação Nativa;Analisado, aguardando regularização ambiental (Lei nº 12.651/2012);AT;2,4255
SP-3541406-FC0C717191DD4CDDAAAF265644ED0748;SP;Presidente Prudente;Remanescente de Vegetação Nativa;Analisado, em conformidade com a Lei nº 12.651/2012, com ativos ambientais;AT;2,5362
SP-3541406-FC14381A4200481795CFDD2BB9923724;SP;Presidente Prudente;Remanescente de Vegetação Nativa;Analisado, aguardando atendimento a notificação;AT;2,3267
SP-3541406-FC8A13FD597444E6B7AFD4D0496271C6;SP;Presidente Prudente;Remanescente de Vegetação Nativa;Aguardando análise;AT;1,0930
SP-3541406-FC8A13FD597444E6B7AFD4D0496271C6;SP;Presidente Prudente;Remanescente de Vegetação Nativa;Aguardando análise;AT;0,0264
SP-3541406-FC953A6C60614A2FA10A82BAF30EA069;SP;Presidente Prudente;Remanescente de Vegetação Nativa;Aguardando análise;AT;9,4492
SP-3541406-FD94D05BCDBD466E8C60260010532C56;SP;Presidente Prudente;Remanescente de Vegetação Nativa;Analisado, em conformidade com a Lei nº 12.651/2012, com ativos ambientais;AT;0,8238
SP-3541406-FDB949B58A9E44EA86991AF85E74ECCC;SP;Presidente Prudente;Remanescente de Vegetação Nativa;Analisado, aguardando atendimento a notificação;AT;0,2817
SP-3541406-FDB949B58A9E44EA86991AF85E74ECCC;SP;Presidente Prudente;Remanescente de Vegetação Nativa;Analisado, aguardando atendimento a notificação;AT;1,8816
SP-3541406-FE37E041AD99408ABEA83F257D8D6182;SP;Presidente Prudente;Remanescente de Vegetação Nativa;Aguardando análise, após revisão ou atendimento da notificação;AT;0,2431
SP-3541406-FE37E041AD99408ABEA83F257D8D6182;SP;Presidente Prudente;Remanescente de Vegetação Nativa;Aguardando análise, após revisão ou atendimento da notificação;AT;3,5834
SP-3541406-FE37E041AD99408ABEA83F257D8D6182;SP;Presidente Prudente;Remanescente de Vegetação Nativa;Aguardando análise, após revisão ou atendimento da notificação;AT;7,7014
SP-3541406-FE37E041AD99408ABEA83F257D8D6182;SP;Presidente Prudente;Remanescente de Vegetação Nativa;Aguardando análise, após revisão ou atendimento da notificação;AT;0,4315
SP-3541406-FE900B3115704F0F917801785C45FE99;SP;Presidente Prudente;Remanescente de Vegetação Nativa;Analisado, em conformidade com a Lei nº 12.651/2012, com ativos ambientais;AT;11,1703
SP-3541406-FE97FFE83072405D9733021480081563;SP;Presidente Prudente;Remanescente de Vegetação Nativa;Aguardando análise;AT;1,6094
SP-3541406-FEDF873107A44641895ADF737552C47F;SP;Presidente Prudente;Remanescente de Vegetação Nativa;Aguardando análise;AT;1,1698
SP-3541406-FF25B513747C49D9B34C9DE0E226CDE4;SP;Presidente Prudente;Remanescente de Vegetação Nativa;Analisado, em conformidade com a Lei nº 12.651/2012, com ativos ambientais;AT;1,0107
SP-3541406-FF4379254DBC4FCEBC329545124B4599;SP;Presidente Prudente;Remanescente de Vegetação Nativa;Analisado, em conformidade com a Lei nº 12.651/2012;AT;0,0565
SP-3541406-FF4379254DBC4FCEBC329545124B4599;SP;Presidente Prudente;Remanescente de Vegetação Nativa;Analisado, em conformidade com a Lei nº 12.651/2012;AT;0,0523
SP-3541406-FF4379254DBC4FCEBC329545124B4599;SP;Presidente Prudente;Remanescente de Vegetação Nativa;Analisado, em conformidade com a Lei nº 12.651/2012;AT;0,0352
SP-3541406-FF72A62A4010457398F0961DBCED07C6;SP;Presidente Prudente;Remanescente de Vegetação Nativa;Analisado, aguardando regularização ambiental (Lei nº 12.651/2012);AT;1,1636
SP-3541406-FF9308A2CF5E4E3880E728F860F3618D;SP;Presidente Prudente;Remanescente de Vegetação Nativa;Aguardando análise;AT;2,0487
SP-3541406-01153D6BC2E249E88E4CC963728D2A3F;SP;Presidente Prudente;Remanescente de Vegetação Nativa;Aguardando análise;AT;1,4760
SP-3541406-01995986E3794E1EB609D3A5A07145DD;SP;Presidente Prudente;Remanescente de Vegetação Nativa;Analisado, aguardando atendimento a notificação;AT;9,5709
SP-3541406-073856EF4B9443CCBF67874B46FC9423;SP;Presidente Prudente;Remanescente de Vegetação Nativa;Analisado, aguardando atendimento a notificação;AT;2,0322
SP-3541406-08749A89DB594728824A3C28CBBD998D;SP;Presidente Prudente;Remanescente de Vegetação Nativa;Aguardando análise;AT;5,7443
SP-3541406-09BA85B94E0E4F44B4BB49AC1D3DF2B7;SP;Presidente Prudente;Remanescente de Vegetação Nativa;Analisado, em conformidade com a Lei nº 12.651/2012, com ativos ambientais;AT;4,9381
SP-3541406-0FF7EBE19449477BAEBFF109E8D588F0;SP;Presidente Prudente;Remanescente de Vegetação Nativa;Analisado, em conformidade com a Lei nº 12.651/2012, com ativos ambientais;AT;2,6458
SP-3541406-116528849C2F42DC98B1ED4A075A8DBF;SP;Presidente Prudente;Remanescente de Vegetação Nativa;Aguardando análise;AT;9,0806
SP-3541406-11E9DA6B4A364A3A8E0383D7EDECBB79;SP;Presidente Prudente;Remanescente de Vegetação Nativa;Aguardando análise;AT;2,2616
SP-3541406-1207C53DEDD44D6088C8301E86CD5639;SP;Presidente Prudente;Remanescente de Vegetação Nativa;Aguardando análise;AT;10,1095
SP-3541406-1309B64555DF49D3A4317B0894295E74;SP;Presidente Prudente;Remanescente de Vegetação Nativa;Aguardando análise;AT;0,4975
SP-3541406-1376619CC914419E9752DD11C59F41C0;SP;Presidente Prudente;Remanescente de Vegetação Nativa;Aguardando análise, após revisão ou atendimento da notificação;AT;0,4724
SP-3541406-1447DBBFC8934A2CA7DEA36EBA8A9A34;SP;Presidente Prudente;Remanescente de Vegetação Nativa;Analisado, aguardando regularização ambiental (Lei nº 12.651/2012);AT;2,0605
SP-3541406-1559F1BECC1340C58978CC47D203636E;SP;Presidente Prudente;Remanescente de Vegetação Nativa;Analisado, aguardando atendimento a notificação;AT;6,9686
SP-3541406-1691DC5FBBDC446C84CD63B29913AC09;SP;Presidente Prudente;Remanescente de Vegetação Nativa;Em análise;AT;54,4230
SP-3541406-176C4A40DEEE43DFAAD8EBE9E3319E12;SP;Presidente Prudente;Remanescente de Vegetação Nativa;Analisado, em conformidade com a Lei nº 12.651/2012;AT;0,0247
SP-3541406-182D1B1A63F5472B8C8B77CEFF024F35;SP;Presidente Prudente;Remanescente de Vegetação Nativa;Aguardando análise;AT;1,1109
SP-3541406-194871CE1E58488C8D3AF7804DC81B70;SP;Presidente Prudente;Remanescente de Vegetação Nativa;Analisado, em conformidade com a Lei nº 12.651/2012, com ativos ambientais;AT;2,4228
SP-3541406-1AA19E140AB84DDDA25B116774D6E561;SP;Presidente Prudente;Remanescente de Vegetação Nativa;Analisado, em conformidade com a Lei nº 12.651/2012, com ativos ambientais;AT;0,4300
SP-3541406-1AF9BBE30C0A4D238405B3ACA40D67CA;SP;Presidente Prudente;Remanescente de Vegetação Nativa;Analisado, aguardando regularização ambiental (Lei nº 12.651/2012);AT;2,6744
SP-3541406-1F7F30F1CA69435BA3750FA4259F74B0;SP;Presidente Prudente;Remanescente de Vegetação Nativa;Analisado, aguardando atendimento a notificação;AT;0,2914
SP-3541406-2456B8E4E3634F7CBE94C7043D4F2AAD;SP;Presidente Prudente;Remanescente de Vegetação Nativa;Analisado, aguardando regularização ambiental (Lei nº 12.651/2012);AT;4,8387
SP-3541406-26B1C076C7FC4437AE9F43E5F0571CE5;SP;Presidente Prudente;Remanescente de Vegetação Nativa;Aguardando análise, após revisão ou atendimento da notificação;AT;0,3949
SP-3541406-28371536E33B4801AD5AB99C76D1EE1E;SP;Presidente Prudente;Remanescente de Vegetação Nativa;Analisado, aguardando atendimento a notificação;AT;1,6748
SP-3541406-294E60107DF94FEA83F7D17AF29A8540;SP;Presidente Prudente;Remanescente de Vegetação Nativa;Analisado, aguardando regularização ambiental (Lei nº 12.651/2012);AT;4,3829
SP-3541406-2984A2CC51CD4A328F0E5DA48CA1200D;SP;Presidente Prudente;Remanescente de Vegetação Nativa;Analisado, aguardando atendimento a notificação;AT;7,9277
SP-3541406-2D88BDD28E4F461481287B48022D5546;SP;Presidente Prudente;Remanescente de Vegetação Nativa;Analisado, aguardando atendimento a notificação;AT;4,0666
SP-3541406-2FBB0CDC7E2F4A57BBF30A731EA46766;SP;Presidente Prudente;Remanescente de Vegetação Nativa;Aguardando análise, após revisão ou atendimento da notificação;AT;1,5606
SP-3541406-30A2F214ED084984AE1FC671AC9C1AEE;SP;Presidente Prudente;Remanescente de Vegetação Nativa;Aguardando análise;AT;1,0559
SP-3541406-319F8091D86E4773A865EE503567AF90;SP;Presidente Prudente;Remanescente de Vegetação Nativa;Aguardando análise;AT;16,1695
SP-3541406-3447DBC63F984DD3B1F4F01676BE8669;SP;Presidente Prudente;Remanescente de Vegetação Nativa;Aguardando análise, após revisão ou atendimento da notificação;AT;1,5934
SP-3541406-372698C7BEF64ED381B0811E39B11478;SP;Presidente Prudente;Remanescente de Vegetação Nativa;Aguardando análise;AT;9,6771
SP-3541406-386375E378CB40C18E8ADB742FDA0ABB;SP;Presidente Prudente;Remanescente de Vegetação Nativa;Analisado, aguardando atendimento a notificação;AT;6,9494
SP-3541406-389D02A07315489885BF06C888626F86;SP;Presidente Prudente;Remanescente de Vegetação Nativa;Aguardando análise;AT;2,7077
SP-3541406-3B4CF72C39034AC58933AA1544A7260E;SP;Presidente Prudente;Remanescente de Vegetação Nativa;Aguardando análise;AT;0,1580
SP-3541406-3D23756BC1E24419B73AB1F45B7E3785;SP;Presidente Prudente;Remanescente de Vegetação Nativa;Analisado, aguardando atendimento a notificação;AT;2,8347
SP-3541406-40D8C68D93ED44CA9071773A36CB9980;SP;Presidente Prudente;Remanescente de Vegetação Nativa;Aguardando análise;AT;0,8559
SP-3541406-42CF1A627F004C38845417214A30CD30;SP;Presidente Prudente;Remanescente de Vegetação Nativa;Aguardando análise;AT;0,1815
SP-3541406-4403869F24434ACCA651AB9E3AE0B566;SP;Presidente Prudente;Remanescente de Vegetação Nativa;Analisado, em conformidade com a Lei nº 12.651/2012, com ativos ambientais;AT;9,6738
SP-3541406-44788888325F4D1EBBF4D681C2DB1944;SP;Presidente Prudente;Remanescente de Vegetação Nativa;Aguardando análise;AT;2,0213
SP-3541406-4B014121EB2347B9A6D482C4C405A6FE;SP;Presidente Prudente;Remanescente de Vegetação Nativa;Aguardando análise;AT;0,0389
SP-3541406-4B53D004BAF94EDFA54BFA8CF0F6367B;SP;Presidente Prudente;Remanescente de Vegetação Nativa;Aguardando análise, após revisão ou atendimento da notificação;AT;0,4318
SP-3541406-4B6B6A4BBF74454A8367F39758B81930;SP;Presidente Prudente;Remanescente de Vegetação Nativa;Aguardando análise;AT;14,2890
SP-3541406-4B7D3CD4945146DF940966DA19D48992;SP;Presidente Prudente;Remanescente de Vegetação Nativa;Analisado, em conformidade com a Lei nº 12.651/2012, com ativos ambientais;AT;1,1532
SP-3541406-4C120ED1A1FF49548BF463E47D0572C5;SP;Presidente Prudente;Remanescente de Vegetação Nativa;Aguardando análise, após revisão ou atendimento da notificação;AT;97,7063
SP-3541406-4FA4AB2661D64DB894ECF0DF9C718D32;SP;Presidente Prudente;Remanescente de Vegetação Nativa;Analisado, em conformidade com a Lei nº 12.651/2012, com ativos ambientais;AT;7,6554
SP-3541406-5089A365A5FC44BEA59BFC4A69604110;SP;Presidente Prudente;Remanescente de Vegetação Nativa;Analisado, em conformidade com a Lei nº 12.651/2012, com ativos ambientais;AT;0,9089
SP-3541406-50CE230EBAC74E8EAC83FE976E78D2C3;SP;Presidente Prudente;Remanescente de Vegetação Nativa;Analisado, aguardando atendimento a notificação;AT;0,4894
SP-3541406-52F752BA2E5A4D9D8A8DA576CBC0DD02;SP;Presidente Prudente;Remanescente de Vegetação Nativa;Analisado, aguardando regularização ambiental (Lei nº 12.651/2012);AT;2,0502
SP-3541406-541E1575869646FBA161804E9E40EAC4;SP;Presidente Prudente;Remanescente de Vegetação Nativa;Analisado, aguardando atendimento a notificação;AT;0,1554
SP-3541406-5CC75E32D7094874B6A1C1259671C7C3;SP;Presidente Prudente;Remanescente de Vegetação Nativa;Aguardando análise;AT;2,6463
SP-3541406-609DE3BC01DE46E09675DD01D77C396D;SP;Presidente Prudente;Remanescente de Vegetação Nativa;Aguardando análise, após revisão ou atendimento da notificação;AT;0,9014
SP-3541406-6205ADC7374C4795910E41ACC2889318;SP;Presidente Prudente;Remanescente de Vegetação Nativa;Aguardando análise;AT;13,7504
SP-3541406-642005124DE84EEAA6B5A078BA04B169;SP;Presidente Prudente;Remanescente de Vegetação Nativa;Analisado, aguardando atendimento a notificação;AT;121,7539
SP-3541406-645DD37D145D49D59561F9E8ED75EF21;SP;Presidente Prudente;Remanescente de Vegetação Nativa;Analisado, aguardando atendimento a notificação;AT;5,5227
SP-3541406-65A54E5F37C4407A8D95679F349BCFAA;SP;Presidente Prudente;Remanescente de Vegetação Nativa;Aguardando análise;AT;1,4801
SP-3541406-6712F82AF51F4BAA9F6BA87891346A72;SP;Presidente Prudente;Remanescente de Vegetação Nativa;Aguardando análise;AT;2,7337
SP-3541406-6DF1691156FA4C759CDFA3877A74A28A;SP;Presidente Prudente;Remanescente de Vegetação Nativa;Analisado, aguardando atendimento a notificação;AT;1,1396
SP-3541406-72DA0ECEB9724A84ADDF9FF5F2E31661;SP;Presidente Prudente;Remanescente de Vegetação Nativa;Analisado, em conformidade com a Lei nº 12.651/2012, com ativos ambientais;AT;0,9037
SP-3541406-734112BB3F154305BC5546EEEABD8E90;SP;Presidente Prudente;Remanescente de Vegetação Nativa;Aguardando análise;PE;6,9856
SP-3541406-73588A9E8D7848109BB532A3C07F0E40;SP;Presidente Prudente;Remanescente de Vegetação Nativa;Analisado, em conformidade com a Lei nº 12.651/2012, com ativos ambientais;AT;6,0619
SP-3541406-74907A9EA2FF476D80B9C10B96AC3D04;SP;Presidente Prudente;Remanescente de Vegetação Nativa;Analisado, aguardando atendimento a notificação;AT;5,7357
SP-3541406-788E7EC6F19F4044B88FB607AD2A1F73;SP;Presidente Prudente;Remanescente de Vegetação Nativa;Analisado, aguardando regularização ambiental (Lei nº 12.651/2012);AT;1,6602
SP-3541406-7B8B3C6CBE894D5096ED1E15A71C6045;SP;Presidente Prudente;Remanescente de Vegetação Nativa;Analisado, aguardando regularização ambiental (Lei nº 12.651/2012);AT;10,5656
SP-3541406-7E8112EAE7194C53B6BA43A45015D838;SP;Presidente Prudente;Remanescente de Vegetação Nativa;Aguardando análise, após revisão ou atendimento da notificação;AT;63,1509
SP-3541406-80A141BB862C484FA5242A6A69B667F6;SP;Presidente Prudente;Remanescente de Vegetação Nativa;Analisado, em conformidade com a Lei nº 12.651/2012, com ativos ambientais;AT;1,2533
SP-3541406-81371C2CE5F94E4AB81F9483970B3F2E;SP;Presidente Prudente;Remanescente de Vegetação Nativa;Analisado, em conformidade com a Lei nº 12.651/2012, com ativos ambientais;AT;0,3802
SP-3541406-8486DF4EDB77495FB9B2463543DF97D7;SP;Presidente Prudente;Remanescente de Vegetação Nativa;Aguardando análise, após revisão ou atendimento da notificação;AT;12,6481
SP-3541406-84DA62387C1E4049BF3B59D02F88C905;SP;Presidente Prudente;Remanescente de Vegetação Nativa;Analisado, em conformidade com a Lei nº 12.651/2012, com ativos ambientais;AT;1,2005
SP-3541406-895B74CE1DFC43C8BE5816D6090D1FA1;SP;Presidente Prudente;Remanescente de Vegetação Nativa;Analisado, aguardando atendimento a notificação;AT;0,2728
SP-3541406-89F96C1155B2471A9A1EF8AD591E9B8A;SP;Presidente Prudente;Remanescente de Vegetação Nativa;Aguardando análise;AT;615,9471
SP-3541406-8A18D28E11664A7393B28D7E978177D3;SP;Presidente Prudente;Remanescente de Vegetação Nativa;Aguardando análise;AT;14,7893
SP-3541406-8BFE4F76CC714FE5A2A61D625FCCD880;SP;Presidente Prudente;Remanescente de Vegetação Nativa;Aguardando análise;AT;16,8198
SP-3541406-9225FD0E21F4498D8C5126AC1D5E9D20;SP;Presidente Prudente;Remanescente de Vegetação Nativa;Aguardando análise;AT;0,6044
SP-3541406-93523F738CBB4CFC894211E23E63FC2C;SP;Presidente Prudente;Remanescente de Vegetação Nativa;Aguardando análise;AT;3,8232
SP-3541406-95A2D5BDA50E4606A6C58A9EC9405235;SP;Presidente Prudente;Remanescente de Vegetação Nativa;Aguardando análise, após revisão ou atendimento da notificação;AT;0,3954
SP-3541406-96B62E42C9E849E5ADCEF816A5D9C862;SP;Presidente Prudente;Remanescente de Vegetação Nativa;Analisado, em conformidade com a Lei nº 12.651/2012, com ativos ambientais;AT;6,5576
SP-3541406-9952A8C242C243F4A9D0805401EC7F93;SP;Presidente Prudente;Remanescente de Vegetação Nativa;Analisado, aguardando atendimento a notificação;AT;1,0947
SP-3541406-9D851895C0F4431A9EF245C4A8566C7C;SP;Presidente Prudente;Remanescente de Vegetação Nativa;Analisado, aguardando atendimento a notificação;AT;4,6973
SP-3541406-9EDD7ED6BA014E7487B8504B45157313;SP;Presidente Prudente;Remanescente de Vegetação Nativa;Aguardando análise;AT;1,7041
SP-3541406-A0236C1357054E768B24A30435A8CE8C;SP;Presidente Prudente;Remanescente de Vegetação Nativa;Aguardando análise;AT;2,4510
SP-3541406-A54FF74D989C4E04B2A7B0A1D9977425;SP;Presidente Prudente;Remanescente de Vegetação Nativa;Analisado, aguardando atendimento a notificação;AT;1,1119
SP-3541406-A5A84BB44C9D464EBF37FD475E089177;SP;Presidente Prudente;Remanescente de Vegetação Nativa;Analisado, aguardando atendimento a notificação;AT;0,3319
SP-3541406-ABF8DB324A7640E79FD2F0CFAB3FC3CC;SP;Presidente Prudente;Remanescente de Vegetação Nativa;Analisado, em conformidade com a Lei nº 12.651/2012, com ativos ambientais;AT;5,6616
SP-3541406-AFB744F2C2554077AD056F139782D3FE;SP;Presidente Prudente;Remanescente de Vegetação Nativa;Analisado, aguardando regularização ambiental (Lei nº 12.651/2012);AT;0,5216
SP-3541406-B4B165DEB771479181CD63C2A08C9F28;SP;Presidente Prudente;Remanescente de Vegetação Nativa;Aguardando análise;AT;38,0552
SP-3541406-B58BCA00E60548D0B0F93431FB852E38;SP;Presidente Prudente;Remanescente de Vegetação Nativa;Analisado, aguardando atendimento a notificação;AT;7,7245
SP-3541406-B73BA5BACFE740A998B9D5A8A9C0CBD4;SP;Presidente Prudente;Remanescente de Vegetação Nativa;Aguardando análise;AT;6,9427
SP-3541406-B7CF040816674E7B83792B9C2E7BC2AB;SP;Presidente Prudente;Remanescente de Vegetação Nativa;Analisado, aguardando atendimento a notificação;AT;0,0308
SP-3541406-B93F0EAFF45940A4889B48C739B19173;SP;Presidente Prudente;Remanescente de Vegetação Nativa;Aguardando análise;AT;37,0728
SP-3541406-BEDF9247AB3B465F8A96EA68C5DF5F84;SP;Presidente Prudente;Remanescente de Vegetação Nativa;Aguardando análise, após revisão ou atendimento da notificação;AT;0,7792
SP-3541406-C0934584A57D411292D0915B085DC584;SP;Presidente Prudente;Remanescente de Vegetação Nativa;Aguardando análise, após revisão ou atendimento da notificação;AT;3,9764
SP-3541406-C4B40419EBC24CFD9399982D13F8299F;SP;Presidente Prudente;Remanescente de Vegetação Nativa;Analisado, aguardando atendimento a notificação;AT;3,9081
SP-3541406-C57D729CDCD245358E22640BF8FCDECC;SP;Presidente Prudente;Remanescente de Vegetação Nativa;Aguardando análise, após revisão ou atendimento da notificação;AT;0,0952
SP-3541406-C6BAE4DEFB134FF98E9F94DE3C5C6F44;SP;Presidente Prudente;Remanescente de Vegetação Nativa;Analisado, aguardando regularização ambiental (Lei nº 12.651/2012);AT;2,1754
SP-3541406-C7FB27422C89445CB7B4123F6BDDFB77;SP;Presidente Prudente;Remanescente de Vegetação Nativa;Aguardando análise;AT;0,8174
SP-3541406-CE4B640CF8D04CB18BC99E28C97777A3;SP;Presidente Prudente;Remanescente de Vegetação Nativa;Aguardando análise;AT;0,0390
SP-3541406-D43F2320565F43C0AE7A7BA018532762;SP;Presidente Prudente;Remanescente de Vegetação Nativa;Aguardando análise;AT;1,0070
SP-3541406-D7CDCD35ADB1470DA6F002355AD37F44;SP;Presidente Prudente;Remanescente de Vegetação Nativa;Aguardando análise;AT;2,4282
SP-3541406-D940A835F8D94743B8F02E099CED062A;SP;Presidente Prudente;Remanescente de Vegetação Nativa;Analisado, aguardando atendimento a notificação;AT;0,1381
SP-3541406-DCEA71D74D6D45F79AAE8C2806A4BC1E;SP;Presidente Prudente;Remanescente de Vegetação Nativa;Aguardando análise;AT;2,4245
SP-3541406-DEBE2078759A4D0C94C7B777074368E6;SP;Presidente Prudente;Remanescente de Vegetação Nativa;Aguardando análise;AT;0,8110
SP-3541406-DF6238EF0E4C486EBF1A704E838B5E69;SP;Presidente Prudente;Remanescente de Vegetação Nativa;Analisado, aguardando atendimento a notificação;AT;0,5309
SP-3541406-E0A8C6C8E5084376BDAEF0E0E8066FE3;SP;Presidente Prudente;Remanescente de Vegetação Nativa;Analisado, aguardando atendimento a notificação;AT;29,5421
SP-3541406-E6A42CB21DF7473FBB6C93AD5D16BB3B;SP;Presidente Prudente;Remanescente de Vegetação Nativa;Analisado, em conformidade com a Lei nº 12.651/2012;AT;0,0879
SP-3541406-E817BEED651D4E1E9CC0E5001077AE91;SP;Presidente Prudente;Remanescente de Vegetação Nativa;Analisado, aguardando regularização ambiental (Lei nº 12.651/2012);AT;0,0383
SP-3541406-E825C65C8E9648A3BE7E3EF853C7E933;SP;Presidente Prudente;Remanescente de Vegetação Nativa;Analisado, aguardando atendimento a notificação;AT;13,7947
SP-3541406-EADDD650336A425C98A20EEC72B145B6;SP;Presidente Prudente;Remanescente de Vegetação Nativa;Analisado, aguardando regularização ambiental (Lei nº 12.651/2012);AT;17,4153
SP-3541406-F237282668CC4A298845900759F474BA;SP;Presidente Prudente;Remanescente de Vegetação Nativa;Aguardando análise, após revisão ou atendimento da notificação;AT;0,5181
SP-3541406-F237282668CC4A298845900759F474BA;SP;Presidente Prudente;Remanescente de Vegetação Nativa;Aguardando análise, após revisão ou atendimento da notificação;AT;2,1276
SP-3541406-F237282668CC4A298845900759F474BA;SP;Presidente Prudente;Remanescente de Vegetação Nativa;Aguardando análise, após revisão ou atendimento da notificação;AT;0,0924
SP-3541406-F237282668CC4A298845900759F474BA;SP;Presidente Prudente;Remanescente de Vegetação Nativa;Aguardando análise, após revisão ou atendimento da notificação;AT;0,2433
SP-3541406-F237282668CC4A298845900759F474BA;SP;Presidente Prudente;Remanescente de Vegetação Nativa;Aguardando análise, após revisão ou atendimento da notificação;AT;2,1557
SP-3541406-F237282668CC4A298845900759F474BA;SP;Presidente Prudente;Remanescente de Vegetação Nativa;Aguardando análise, após revisão ou atendimento da notificação;AT;0,4878
SP-3541406-F237282668CC4A298845900759F474BA;SP;Presidente Prudente;Remanescente de Vegetação Nativa;Aguardando análise, após revisão ou atendimento da notificação;AT;0,4128
SP-3541406-F237282668CC4A298845900759F474BA;SP;Presidente Prudente;Remanescente de Vegetação Nativa;Aguardando análise, após revisão ou atendimento da notificação;AT;0,1283
SP-3541406-F237282668CC4A298845900759F474BA;SP;Presidente Prudente;Remanescente de Vegetação Nativa;Aguardando análise, após revisão ou atendimento da notificação;AT;0,3793
SP-3541406-F237282668CC4A298845900759F474BA;SP;Presidente Prudente;Remanescente de Vegetação Nativa;Aguardando análise, após revisão ou atendimento da notificação;AT;0,4566
SP-3541406-F237282668CC4A298845900759F474BA;SP;Presidente Prudente;Remanescente de Vegetação Nativa;Aguardando análise, após revisão ou atendimento da notificação;AT;0,9239
SP-3541406-F237282668CC4A298845900759F474BA;SP;Presidente Prudente;Remanescente de Vegetação Nativa;Aguardando análise, após revisão ou atendimento da notificação;AT;0,1643
SP-3541406-F237282668CC4A298845900759F474BA;SP;Presidente Prudente;Remanescente de Vegetação Nativa;Aguardando análise, após revisão ou atendimento da notificação;AT;0,3369
SP-3541406-F237282668CC4A298845900759F474BA;SP;Presidente Prudente;Remanescente de Vegetação Nativa;Aguardando análise, após revisão ou atendimento da notificação;AT;0,2564
SP-3541406-F237282668CC4A298845900759F474BA;SP;Presidente Prudente;Remanescente de Vegetação Nativa;Aguardando análise, após revisão ou atendimento da notificação;AT;1,4895
SP-3541406-F237282668CC4A298845900759F474BA;SP;Presidente Prudente;Remanescente de Vegetação Nativa;Aguardando análise, após revisão ou atendimento da notificação;AT;1,0547
SP-3541406-F237282668CC4A298845900759F474BA;SP;Presidente Prudente;Remanescente de Vegetação Nativa;Aguardando análise, após revisão ou atendimento da notificação;AT;0,8541
SP-3541406-F237282668CC4A298845900759F474BA;SP;Presidente Prudente;Remanescente de Vegetação Nativa;Aguardando análise, após revisão ou atendimento da notificação;AT;1,6778
SP-3541406-F237282668CC4A298845900759F474BA;SP;Presidente Prudente;Remanescente de Vegetação Nativa;Aguardando análise, após revisão ou atendimento da notificação;AT;0,1599
SP-3541406-F237282668CC4A298845900759F474BA;SP;Presidente Prudente;Remanescente de Vegetação Nativa;Aguardando análise, após revisão ou atendimento da notificação;AT;2,8385
SP-3541406-F237282668CC4A298845900759F474BA;SP;Presidente Prudente;Remanescente de Vegetação Nativa;Aguardando análise, após revisão ou atendimento da notificação;AT;1,0045
SP-3541406-F26F3AF8C7E145B19F13F110BB43EFB3;SP;Presidente Prudente;Remanescente de Vegetação Nativa;Analisado, aguardando atendimento a notificação;AT;0,1596
SP-3541406-F3C0EA8271D349E1BD10FED4C32C102D;SP;Presidente Prudente;Remanescente de Vegetação Nativa;Aguardando análise;AT;0,8277
SP-3541406-F97CA4BD2F84497CBF6E722CDC7B00BB;SP;Presidente Prudente;Remanescente de Vegetação Nativa;Analisado, aguardando regularização ambiental (Lei nº 12.651/2012);AT;1,1409
