cod_imovel;cod_estado;municipio;nom_tema;des_condic;ind_status;num_area
SP-3541406-005DC5E1BAC6417DB0A49EA22E0DB90F;SP;Presidente Prudente;Curso d'água natural de até 10 metros;Aguardando análise, após revisão ou atendimento da notificação;AT;0,0000
SP-3541406-00CD5A2B86BC4CFE84999285E270B6B3;SP;Presidente Prudente;Curso d'água natural de até 10 metros;Aguardando análise, após revisão ou atendimento da notificação;AT;0,0000
SP-3541406-01770CD59F924DF380F6D30E8FD507E0;SP;Presidente Prudente;Curso d'água natural de até 10 metros;Analisado, em conformidade com a Lei nº 12.651/2012, com ativos ambientais;AT;0,0187
SP-3541406-01AFFD348113475C9DFB534904773518;SP;Presidente Prudente;Curso d'água natural de até 10 metros;Aguardando análise, após revisão ou atendimento da notificação;AT;0,0000
SP-3541406-01EC78E37D334292B4C352087D6E5C71;SP;Presidente Prudente;Curso d'água natural de até 10 metros;Aguardando análise, após revisão ou atendimento da notificação;AT;0,3666
SP-3541406-02B7763CA31949F68FB97DDD14D72826;SP;Presidente Prudente;Curso d'água natural de até 10 metros;Analisado, aguardando atendimento a notificação;AT;0,0061
SP-3541406-03938F6C06654C67BABEB12A7A7902B3;SP;Presidente Prudente;Curso d'água natural de até 10 metros;Analisado, em conformidade com a Lei nº 12.651/2012, com ativos ambientais;PE;0,0009
SP-3541406-03BE486F238040DB8C7F31688B1B6538;SP;Presidente Prudente;Curso d'água natural de até 10 metros;Analisado, aguardando atendimento a notificação;AT;0,0072
SP-3541406-0419121DEDA241BE9A1D1567BF692D80;SP;Presidente Prudente;Curso d'água natural de até 10 metros;Aguardando análise;AT;0,0111
SP-3541406-045AAE2D67BF491A8D15F4345ED99349;SP;Presidente Prudente;Curso d'água natural de até 10 metros;Aguardando análise;AT;1,1232
SP-3541406-04C78E2BB51D40CFB7130609C666F3C1;SP;Presidente Prudente;Curso d'água natural de até 10 metros;Analisado, em conformidade com a Lei nº 12.651/2012, com ativos ambientais;AT;0,0174
SP-3541406-051AEB712421418E8FF77798C87F95D4;SP;Presidente Prudente;Curso d'água natural de até 10 metros;Aguardando análise;AT;0,0342
SP-3541406-060836F6E18F435F8EB84C66A666355F;SP;Presidente Prudente;Curso d'água natural de até 10 metros;Analisado, aguardando regularização ambiental (Lei nº 12.651/2012);AT;0,1438
SP-3541406-060E7D9C8551496B900E4452202076C8;SP;Presidente Prudente;Curso d'água natural de até 10 metros;Aguardando análise;AT;3,3765
SP-3541406-068FB33D9EA0494396B818C8AF1F8BD2;SP;Presidente Prudente;Curso d'água natural de até 10 metros;Aguardando análise;AT;0,0000
SP-3541406-069CF247C6A24C6CAB42941D9D11C71F;SP;Presidente Prudente;Curso d'água natural de até 10 metros;Aguardando análise, após revisão ou atendimento da notificação;AT;0,0000
SP-3541406-069CF247C6A24C6CAB42941D9D11C71F;SP;Presidente Prudente;Curso d'água natural de até 10 metros;Aguardando análise, após revisão ou atendimento da notificação;AT;0,0000
SP-3541406-069CF247C6A24C6CAB42941D9D11C71F;SP;Presidente Prudente;Curso d'água natural de até 10 metros;Aguardando análise, após revisão ou atendimento da notificação;AT;0,0000
SP-3541406-06CC628E82414F85BB1AE29B5CC76C1B;SP;Presidente Prudente;Curso d'água natural de até 10 metros;Aguardando análise;AT;0,0000
SP-3541406-06CC628E82414F85BB1AE29B5CC76C1B;SP;Presidente Prudente;Curso d'água natural de até 10 metros;Aguardando análise;AT;1,3600
SP-3541406-06DE44F1407746C386233EC23CA43339;SP;Presidente Prudente;Curso d'água natural de até 10 metros;Aguardando análise, após revisão ou atendimento da notificação;AT;0,0000
SP-3541406-06DE44F1407746C386233EC23CA43339;SP;Presidente Prudente;Curso d'água natural de até 10 metros;Aguardando análise, após revisão ou atendimento da notificação;AT;0,0000
SP-3541406-06DE44F1407746C386233EC23CA43339;SP;Presidente Prudente;Curso d'água natural de até 10 metros;Aguardando análise, após revisão ou atendimento da notificação;AT;0,0000
SP-3541406-06DE44F1407746C386233EC23CA43339;SP;Presidente Prudente;Curso d'água natural de até 10 metros;Aguardando análise, após revisão ou atendimento da notificação;AT;0,0000
SP-3541406-0841DC8CCF3A429EA97225DC8A8EA3FE;SP;Presidente Prudente;Curso d'água natural de até 10 metros;Aguardando análise;AT;0,0000
SP-3541406-08F343E1251A4BD48F18095CADB3D70B;SP;Presidente Prudente;Curso d'água natural de até 10 metros;Analisado, em conformidade com a Lei nº 12.651/2012, com ativos ambientais;AT;0,0169
SP-3541406-0905EE33783E43C3823AE67D61BF6CF9;SP;Presidente Prudente;Curso d'água natural de até 10 metros;Analisado, aguardando atendimento a notificação;AT;0,0380
SP-3541406-0989452124E2440E8D39697AA0BEDD0B;SP;Presidente Prudente;Curso d'água natural de até 10 metros;Analisado, aguardando atendimento a notificação;AT;0,0000
SP-3541406-09C0329969DE447B938AB0264AF6FF18;SP;Presidente Prudente;Curso d'água natural de até 10 metros;Analisado, aguardando atendimento a notificação;AT;0,0000
SP-3541406-09CF5AAB6B94420885F52491A6782053;SP;Presidente Prudente;Curso d'água natural de até 10 metros;Aguardando análise;AT;0,0954
SP-3541406-0A140E81F20E4C1A9E01B70100F4F780;SP;Presidente Prudente;Curso d'água natural de até 10 metros;Aguardando análise;AT;0,0000
SP-3541406-0A6BFA297C4345289D2D8B357C96875A;SP;Presidente Prudente;Curso d'água natural de até 10 metros;Analisado, em conformidade com a Lei nº 12.651/2012, com ativos ambientais;AT;0,0067
SP-3541406-0AE923DFBD004D35ABE1B72160692D7A;SP;Presidente Prudente;Curso d'água natural de até 10 metros;Aguardando análise;AT;2,6730
SP-3541406-0B8405F100754A3A8E50040C45076223;SP;Presidente Prudente;Curso d'água natural de até 10 metros;Aguardando análise;AT;0,0258
SP-3541406-0C6A4CFAA95F49E6B8D1F510220623CF;SP;Presidente Prudente;Curso d'água natural de até 10 metros;Aguardando análise;AT;0,0628
SP-3541406-0C91F22F9B43488284F01602973B6317;SP;Presidente Prudente;Curso d'água natural de até 10 metros;Analisado, em conformidade com a Lei nº 12.651/2012, com ativos ambientais;AT;0,0207
SP-3541406-0CD723B4F15B4E0B8D8C6470023845B8;SP;Presidente Prudente;Curso d'água natural de até 10 metros;Analisado, em conformidade com a Lei nº 12.651/2012, com ativos ambientais;AT;0,0374
SP-3541406-0CDB5C38776D4DD48CA1222BE1A37905;SP;Presidente Prudente;Curso d'água natural de até 10 metros;Aguardando análise;AT;0,0000
SP-3541406-0CDB5C38776D4DD48CA1222BE1A37905;SP;Presidente Prudente;Curso d'água natural de até 10 metros;Aguardando análise;AT;0,0000
SP-3541406-0D4F0836663F4EE0A8BF766BFF376CCF;SP;Presidente Prudente;Curso d'água natural de até 10 metros;Analisado, em conformidade com a Lei nº 12.651/2012, com ativos ambientais;AT;0,0085
SP-3541406-0D8225365B0A45919C49841F5905A13A;SP;Presidente Prudente;Curso d'água natural de até 10 metros;Analisado, aguardando atendimento a notificação;AT;0,0000
SP-3541406-0D8225365B0A45919C49841F5905A13A;SP;Presidente Prudente;Curso d'água natural de até 10 metros;Analisado, aguardando atendimento a notificação;AT;0,0000
SP-3541406-0E417B28F4EA4943B2EDB2D096B196F6;SP;Presidente Prudente;Curso d'água natural de até 10 metros;Aguardando análise;AT;0,0000
SP-3541406-0E417B28F4EA4943B2EDB2D096B196F6;SP;Presidente Prudente;Curso d'água natural de até 10 metros;Aguardando análise;AT;0,0000
SP-3541406-0E5AFE0E20EE4F6F85675F4ABFFD89EC;SP;Presidente Prudente;Curso d'água natural de até 10 metros;Aguardando análise;AT;0,4123
SP-3541406-0E7DC87F55A64B6689BA906471AFDBBA;SP;Presidente Prudente;Curso d'água natural de até 10 metros;Analisado, aguardando atendimento a notificação;AT;0,0818
SP-3541406-0EB1B3D60EFD475BA57BEE69B47ECF03;SP;Presidente Prudente;Curso d'água natural de até 10 metros;Analisado, aguardando regularização ambiental (Lei nº 12.651/2012);AT;0,0158
SP-3541406-0EF422F8631945559672FBCA6AD7F7BD;SP;Presidente Prudente;Curso d'água natural de até 10 metros;Analisado, aguardando atendimento a notificação;AT;1,1673
SP-3541406-0F17501882C045FD9046373EAF89E4AC;SP;Presidente Prudente;Curso d'água natural de até 10 metros;Aguardando análise, após revisão ou atendimento da notificação;AT;0,0000
SP-3541406-0F322A88DF10477AA13C7417EC366BF6;SP;Presidente Prudente;Curso d'água natural de até 10 metros;Aguardando análise, após revisão ou atendimento da notificação;AT;0,0000
SP-3541406-0F322A88DF10477AA13C7417EC366BF6;SP;Presidente Prudente;Curso d'água natural de até 10 metros;Aguardando análise, após revisão ou atendimento da notificação;AT;0,0000
SP-3541406-0F57B89C9F7A4B159B6D5F7CC5C7A4BC;SP;Presidente Prudente;Curso d'água natural de até 10 metros;Aguardando análise;AT;0,0237
SP-3541406-0F5C2DF4F79548A39C603228057602A6;SP;Presidente Prudente;Curso d'água natural de até 10 metros;Aguardando análise;AT;0,0242
SP-3541406-0F6C5711F13F4B15A05D72A0EBDF4559;SP;Presidente Prudente;Curso d'água natural de até 10 metros;Analisado, aguardando atendimento a notificação;AT;2,1439
SP-3541406-0F6C5711F13F4B15A05D72A0EBDF4559;SP;Presidente Prudente;Curso d'água natural de até 10 metros;Analisado, aguardando atendimento a notificação;AT;0,6275
SP-3541406-0F6FD44D128A4AA68AEC584383E64EB9;SP;Presidente Prudente;Curso d'água natural de até 10 metros;Analisado, aguardando atendimento a notificação;AT;1,6041
SP-3541406-0F79EA08CD614D76B8F19896E7137EE2;SP;Presidente Prudente;Curso d'água natural de até 10 metros;Aguardando análise;AT;0,0000
SP-3541406-0F8B885901084AD79472A6BEFD9AB75C;SP;Presidente Prudente;Curso d'água natural de até 10 metros;Aguardando análise;AT;0,0058
SP-3541406-1076455B1AD043309652CC16C8938A5B;SP;Presidente Prudente;Curso d'água natural de até 10 metros;Aguardando análise;AT;0,0000
SP-3541406-10AC2F61BC80467F9CF91AAFDBA34B71;SP;Presidente Prudente;Curso d'água natural de até 10 metros;Analisado, em conformidade com a Lei nº 12.651/2012;AT;0,0227
SP-3541406-10E3351289D04D679FD3EBA82B6DE6A8;SP;Presidente Prudente;Curso d'água natural de até 10 metros;Analisado, em conformidade com a Lei nº 12.651/2012;AT;0,0000
SP-3541406-10E60C568A6847FCA428BC21A0452399;SP;Presidente Prudente;Curso d'água natural de até 10 metros;Analisado, em conformidade com a Lei nº 12.651/2012, com ativos ambientais;AT;0,1529
SP-3541406-1111498D46624A2EB88BE0D2057BD994;SP;Presidente Prudente;Curso d'água natural de até 10 metros;Analisado, aguardando atendimento a notificação;AT;0,5399
SP-3541406-1121E610A37C41D29834E4F1EF6E9121;SP;Presidente Prudente;Curso d'água natural de até 10 metros;Analisado, aguardando atendimento a notificação;AT;0,0000
SP-3541406-1136DDC6AED3495391B32115A03FB17A;SP;Presidente Prudente;Curso d'água natural de até 10 metros;Aguardando análise;AT;0,0224
SP-3541406-116BC5C019974CBCA76DFE21CCD9925E;SP;Presidente Prudente;Curso d'água natural de até 10 metros;Aguardando análise;AT;0,0000
SP-3541406-116BC5C019974CBCA76DFE21CCD9925E;SP;Presidente Prudente;Curso d'água natural de até 10 metros;Aguardando análise;AT;0,0000
SP-3541406-116BC5C019974CBCA76DFE21CCD9925E;SP;Presidente Prudente;Curso d'água natural de até 10 metros;Aguardando análise;AT;0,0000
SP-3541406-11E89703ADAF4436BB37295544EFF1CF;SP;Presidente Prudente;Curso d'água natural de até 10 metros;Aguardando análise;AT;0,0162
SP-3541406-11EE45056B7542268C603833374ACC42;SP;Presidente Prudente;Curso d'água natural de até 10 metros;Aguardando análise, após revisão ou atendimento da notificação;AT;0,0000
SP-3541406-1205CF8670D8428CB7D9228F740A2703;SP;Presidente Prudente;Curso d'água natural de até 10 metros;Analisado, em conformidade com a Lei nº 12.651/2012, com ativos ambientais;AT;0,0245
SP-3541406-121C86505F424AAC9C220D29167545E8;SP;Presidente Prudente;Curso d'água natural de até 10 metros;Analisado, aguardando regularização ambiental (Lei nº 12.651/2012);AT;0,0009
SP-3541406-135827E707114E8D87872D723BA38546;SP;Presidente Prudente;Curso d'água natural de até 10 metros;Analisado, aguardando atendimento a notificação;AT;0,0022
SP-3541406-135827E707114E8D87872D723BA38546;SP;Presidente Prudente;Curso d'água natural de até 10 metros;Analisado, aguardando atendimento a notificação;AT;0,0000
SP-3541406-135827E707114E8D87872D723BA38546;SP;Presidente Prudente;Curso d'água natural de até 10 metros;Analisado, aguardando atendimento a notificação;AT;0,0041
SP-3541406-135827E707114E8D87872D723BA38546;SP;Presidente Prudente;Curso d'água natural de até 10 metros;Analisado, aguardando atendimento a notificação;AT;0,0137
SP-3541406-13A9679C17F14420B804BB20FE321CF7;SP;Presidente Prudente;Curso d'água natural de até 10 metros;Analisado, aguardando atendimento a notificação;AT;0,0000
SP-3541406-13D42A46371F4896B7911DA17C6024C3;SP;Presidente Prudente;Curso d'água natural de até 10 metros;Aguardando análise;AT;0,0000
SP-3541406-13D42A46371F4896B7911DA17C6024C3;SP;Presidente Prudente;Curso d'água natural de até 10 metros;Aguardando análise;AT;0,0000
SP-3541406-13D42A46371F4896B7911DA17C6024C3;SP;Presidente Prudente;Curso d'água natural de até 10 metros;Aguardando análise;AT;0,0000
SP-3541406-13D42A46371F4896B7911DA17C6024C3;SP;Presidente Prudente;Curso d'água natural de até 10 metros;Aguardando análise;AT;0,0000
SP-3541406-13EDB8D406934C9FB8C7D7E9BA771709;SP;Presidente Prudente;Curso d'água natural de até 10 metros;Analisado, em conformidade com a Lei nº 12.651/2012, com ativos ambientais;AT;0,0248
SP-3541406-142CDE4BE91D4E9EA6639A5353DF493B;SP;Presidente Prudente;Curso d'água natural de até 10 metros;Aguardando análise;AT;0,0000
SP-3541406-1450CEC4C6AA402B9AEF999CF086291E;SP;Presidente Prudente;Curso d'água natural de até 10 metros;Analisado, aguardando atendimento a notificação;AT;0,0000
SP-3541406-146E94DADB42451AB6EC573179DEDCE8;SP;Presidente Prudente;Curso d'água natural de até 10 metros;Aguardando análise;AT;0,1182
SP-3541406-1498829DB9154A45874EB46AEEC7F592;SP;Presidente Prudente;Curso d'água natural de até 10 metros;Aguardando análise;AT;0,0000
SP-3541406-1498829DB9154A45874EB46AEEC7F592;SP;Presidente Prudente;Curso d'água natural de até 10 metros;Aguardando análise;AT;0,0000
SP-3541406-1498829DB9154A45874EB46AEEC7F592;SP;Presidente Prudente;Curso d'água natural de até 10 metros;Aguardando análise;AT;0,0000
SP-3541406-1498829DB9154A45874EB46AEEC7F592;SP;Presidente Prudente;Curso d'água natural de até 10 metros;Aguardando análise;AT;0,0000
SP-3541406-1498829DB9154A45874EB46AEEC7F592;SP;Presidente Prudente;Curso d'água natural de até 10 metros;Aguardando análise;AT;0,0000
SP-3541406-1498829DB9154A45874EB46AEEC7F592;SP;Presidente Prudente;Curso d'água natural de até 10 metros;Aguardando análise;AT;0,0000
SP-3541406-1498829DB9154A45874EB46AEEC7F592;SP;Presidente Prudente;Curso d'água natural de até 10 metros;Aguardando análise;AT;0,0000
SP-3541406-14E1EFEF9E534D39A06DC69BC15C054E;SP;Presidente Prudente;Curso d'água natural de até 10 metros;Analisado, aguardando atendimento a notificação;AT;0,0228
SP-3541406-14EC3C83593341DCB7C501E601361010;SP;Presidente Prudente;Curso d'água natural de até 10 metros;Analisado, aguardando regularização ambiental (Lei nº 12.651/2012);AT;0,2547
SP-3541406-14FFF27B547F4DC2BD01BB9292580496;SP;Presidente Prudente;Curso d'água natural de até 10 metros;Analisado, aguardando regularização ambiental (Lei nº 12.651/2012);AT;0,0221
SP-3541406-1509E19C8D294677B4B601330F5B8CD2;SP;Presidente Prudente;Curso d'água natural de até 10 metros;Analisado, em conformidade com a Lei nº 12.651/2012, com ativos ambientais;AT;0,0260
SP-3541406-15602B8DFAC4488B8BE715DDD8BDEBF0;SP;Presidente Prudente;Curso d'água natural de até 10 metros;Aguardando análise;AT;0,0281
SP-3541406-15DB9ACA95144E21943C5050B13FB1CF;SP;Presidente Prudente;Curso d'água natural de até 10 metros;Analisado, aguardando atendimento a notificação;AT;0,0613
SP-3541406-16965EDB7A614B6B93E0A3FEF3DD2048;SP;Presidente Prudente;Curso d'água natural de até 10 metros;Analisado, em conformidade com a Lei nº 12.651/2012, com ativos ambientais;AT;0,0069
SP-3541406-16B17DCEA8234D5D81251F1290044D50;SP;Presidente Prudente;Curso d'água natural de até 10 metros;Aguardando análise, após revisão ou atendimento da notificação;AT;0,0170
SP-3541406-173EE5810AB84714A3E6E47B1D23FC99;SP;Presidente Prudente;Curso d'água natural de até 10 metros;Aguardando análise;AT;0,0489
SP-3541406-17606FF75B8447FFB19DE7D912F274AB;SP;Presidente Prudente;Curso d'água natural de até 10 metros;Analisado, aguardando regularização ambiental (Lei nº 12.651/2012);AT;0,0496
SP-3541406-1851B59EF9A744519FDD549038F12FF0;SP;Presidente Prudente;Curso d'água natural de até 10 metros;Analisado, aguardando atendimento a notificação;AT;0,0000
SP-3541406-186E215D240B4EFFAC2709CEE7E5E950;SP;Presidente Prudente;Curso d'água natural de até 10 metros;Aguardando análise, após revisão ou atendimento da notificação;AT;0,0000
SP-3541406-19712B0A95E146A1BAB1C8D825DF634A;SP;Presidente Prudente;Curso d'água natural de até 10 metros;Analisado, aguardando atendimento a notificação;AT;0,0000
SP-3541406-1981F17B64E8406BAD7B434E6524CD5C;SP;Presidente Prudente;Curso d'água natural de até 10 metros;Analisado, aguardando atendimento a notificação;AT;0,0000
SP-3541406-19947FE1FC7844C2BF70C72B3849DF87;SP;Presidente Prudente;Curso d'água natural de até 10 metros;Aguardando análise;AT;1,0738
SP-3541406-19947FE1FC7844C2BF70C72B3849DF87;SP;Presidente Prudente;Curso d'água natural de até 10 metros;Aguardando análise;AT;0,2482
SP-3541406-199C8546D3634E12A0FAC7745540289B;SP;Presidente Prudente;Curso d'água natural de até 10 metros;Aguardando análise;AT;0,0291
SP-3541406-1A4C7D164ED5422DB0B1F9805F28F121;SP;Presidente Prudente;Curso d'água natural de até 10 metros;Aguardando análise;AT;0,0953
SP-3541406-1B1A4699CF954AC68E91C677656ADAE6;SP;Presidente Prudente;Curso d'água natural de até 10 metros;Analisado, em conformidade com a Lei nº 12.651/2012, com ativos ambientais;AT;0,0331
SP-3541406-1BAF113A1CC54E50A4C954D6C1EFD350;SP;Presidente Prudente;Curso d'água natural de até 10 metros;Analisado, em conformidade com a Lei nº 12.651/2012, com ativos ambientais;AT;0,0322
SP-3541406-1BC79154ADEE4EB79136BA3DDA4C46AA;SP;Presidente Prudente;Curso d'água natural de até 10 metros;Aguardando análise;AT;0,1402
SP-3541406-1C3C1608969548FDBAE11BEF1B0BD760;SP;Presidente Prudente;Curso d'água natural de até 10 metros;Aguardando análise;AT;0,0184
SP-3541406-1C55805894874587B7FE866A10713EE6;SP;Presidente Prudente;Curso d'água natural de até 10 metros;Aguardando análise;AT;0,1540
SP-3541406-1C857972BF08470AADAB3EBFAA84AD83;SP;Presidente Prudente;Curso d'água natural de até 10 metros;Aguardando análise;AT;0,0285
SP-3541406-1CD6EC1A556C4C1FA71C7CCB3F97C213;SP;Presidente Prudente;Curso d'água natural de até 10 metros;Analisado, aguardando atendimento a notificação;AT;0,0097
SP-3541406-1D3BF154BA3D44AB9D26EF30515B1B80;SP;Presidente Prudente;Curso d'água natural de até 10 metros;Analisado, em conformidade com a Lei nº 12.651/2012;AT;0,0219
SP-3541406-1D42078D39B34ED2816CB26FB6780FAE;SP;Presidente Prudente;Curso d'água natural de até 10 metros;Aguardando análise;AT;0,0000
SP-3541406-1D7DEB29D55C4E92B6E8996C30C25C78;SP;Presidente Prudente;Curso d'água natural de até 10 metros;Analisado, aguardando atendimento a notificação;AT;2,8681
SP-3541406-1D92232ECB194A1AA4CCA77F59C10567;SP;Presidente Prudente;Curso d'água natural de até 10 metros;Analisado, aguardando atendimento a notificação;AT;0,0465
SP-3541406-1DC44750756146DDADCA20156CB54622;SP;Presidente Prudente;Curso d'água natural de até 10 metros;Analisado, em conformidade com a Lei nº 12.651/2012, com ativos ambientais;AT;0,0584
SP-3541406-1DC951D9C08849ADAD40B5BC4DDA5D66;SP;Presidente Prudente;Curso d'água natural de até 10 metros;Aguardando análise, após revisão ou atendimento da notificação;AT;0,0000
SP-3541406-1DC951D9C08849ADAD40B5BC4DDA5D66;SP;Presidente Prudente;Curso d'água natural de até 10 metros;Aguardando análise, após revisão ou atendimento da notificação;AT;0,0000
SP-3541406-1DD5C6B29E2040C4AB9F52138727F5CB;SP;Presidente Prudente;Curso d'água natural de até 10 metros;Aguardando análise;AT;0,0000
SP-3541406-1DE2C43E3D23444FA6D0015027D2ADEB;SP;Presidente Prudente;Curso d'água natural de até 10 metros;Analisado, aguardando regularização ambiental (Lei nº 12.651/2012);AT;0,0249
SP-3541406-1E5E4EBA74E04F6280C7F6EE58C7BD2E;SP;Presidente Prudente;Curso d'água natural de até 10 metros;Aguardando análise;AT;0,0169
SP-3541406-1E80B162424B48C68133067632986A75;SP;Presidente Prudente;Curso d'água natural de até 10 metros;Aguardando análise;AT;0,0083
SP-3541406-1EC9AFDC34D8497F8D76144FADAC9712;SP;Presidente Prudente;Curso d'água natural de até 10 metros;Aguardando análise;AT;0,0000
SP-3541406-1F7438B1ECE94469A253B3EE430B9543;SP;Presidente Prudente;Curso d'água natural de até 10 metros;Analisado, em conformidade com a Lei nº 12.651/2012;AT;0,0155
SP-3541406-1FA6263E0828478CA39886E9B27046A3;SP;Presidente Prudente;Curso d'água natural de até 10 metros;Aguardando análise;AT;0,0085
SP-3541406-201B4F218C6948F9A020A67B174077D9;SP;Presidente Prudente;Curso d'água natural de até 10 metros;Aguardando análise;AT;0,0000
SP-3541406-2054A950B3EE4039B943EFC45F9F6F8C;SP;Presidente Prudente;Curso d'água natural de até 10 metros;Analisado, aguardando regularização ambiental (Lei nº 12.651/2012);AT;0,1754
SP-3541406-20CA9485994E4DD0B473D578D873A3DB;SP;Presidente Prudente;Curso d'água natural de até 10 metros;Analisado, aguardando atendimento a notificação;AT;0,0000
SP-3541406-211B271030914963BD95DEAF0DCF3139;SP;Presidente Prudente;Curso d'água natural de até 10 metros;Aguardando análise, após revisão ou atendimento da notificação;AT;0,0025
SP-3541406-2146C8AD9098464384469EF0AA507C77;SP;Presidente Prudente;Curso d'água natural de até 10 metros;Analisado, aguardando regularização ambiental (Lei nº 12.651/2012);AT;0,0765
SP-3541406-21484C0A5B8949F5B81E8A8A9A6F91E6;SP;Presidente Prudente;Curso d'água natural de até 10 metros;Aguardando análise;AT;0,0358
SP-3541406-217E3091135E467DA0B4C836F81DE1AB;SP;Presidente Prudente;Curso d'água natural de até 10 metros;Analisado, em conformidade com a Lei nº 12.651/2012, com ativos ambientais;AT;0,0081
SP-3541406-2185D8CC1AD34852A1E39C432262B179;SP;Presidente Prudente;Curso d'água natural de até 10 metros;Aguardando análise;AT;0,0460
SP-3541406-2199922EF86B47DC90182A800740EDBC;SP;Presidente Prudente;Curso d'água natural de até 10 metros;Analisado, aguardando regularização ambiental (Lei nº 12.651/2012);AT;0,0000
SP-3541406-21E58618D83F4DDBBB06AA10663D402D;SP;Presidente Prudente;Curso d'água natural de até 10 metros;Aguardando análise;AT;0,0411
SP-3541406-21FF70BE5F134FFCB1B65BDD69249670;SP;Presidente Prudente;Curso d'água natural de até 10 metros;Analisado, aguardando regularização ambiental (Lei nº 12.651/2012);AT;0,1837
SP-3541406-22295DF3B0054DA1B22187B2A775D72D;SP;Presidente Prudente;Curso d'água natural de até 10 metros;Aguardando análise;AT;0,0218
SP-3541406-224A978C716248A4ACD7A82FEAFB203E;SP;Presidente Prudente;Curso d'água natural de até 10 metros;Analisado, aguardando regularização ambiental (Lei nº 12.651/2012);AT;0,0073
SP-3541406-22938F504643439BB04A2BE0C295371D;SP;Presidente Prudente;Curso d'água natural de até 10 metros;Aguardando análise;AT;0,0087
SP-3541406-22A6A1E1890C490BB9365792DA89C0E8;SP;Presidente Prudente;Curso d'água natural de até 10 metros;Analisado, em conformidade com a Lei nº 12.651/2012, com ativos ambientais;AT;0,0480
SP-3541406-22BF645442994028BFC792E8B021FB2C;SP;Presidente Prudente;Curso d'água natural de até 10 metros;Analisado, aguardando atendimento a notificação;AT;0,0250
SP-3541406-230417D1F251479D94A4A5943C70899E;SP;Presidente Prudente;Curso d'água natural de até 10 metros;Aguardando análise;AT;0,0196
SP-3541406-238294E7732944928B7B9C078F86ED5B;SP;Presidente Prudente;Curso d'água natural de até 10 metros;Aguardando análise;AT;0,0000
SP-3541406-2467F6912ADF4789AF75921504AE8617;SP;Presidente Prudente;Curso d'água natural de até 10 metros;Analisado, em conformidade com a Lei nº 12.651/2012, com ativos ambientais;AT;0,0013
SP-3541406-247F833B216D4F4F8FE3E16120436B04;SP;Presidente Prudente;Curso d'água natural de até 10 metros;Aguardando análise, após revisão ou atendimento da notificação;AT;0,0197
SP-3541406-24885EC5272D4D55B1EB7C4E42B8BA22;SP;Presidente Prudente;Curso d'água natural de até 10 metros;Analisado, em conformidade com a Lei nº 12.651/2012;AT;0,0023
SP-3541406-24A0849B55954DA8BD22562E42203223;SP;Presidente Prudente;Curso d'água natural de até 10 metros;Aguardando análise;AT;0,0681
SP-3541406-24A2A81327FC4996A76598B8D88CA1F2;SP;Presidente Prudente;Curso d'água natural de até 10 metros;Analisado, aguardando regularização ambiental (Lei nº 12.651/2012);AT;0,1769
SP-3541406-24B2AA96B9B14AD8B85377FDD4B695C7;SP;Presidente Prudente;Curso d'água natural de até 10 metros;Aguardando análise, após revisão ou atendimento da notificação;AT;0,0000
SP-3541406-24B2AA96B9B14AD8B85377FDD4B695C7;SP;Presidente Prudente;Curso d'água natural de até 10 metros;Aguardando análise, após revisão ou atendimento da notificação;AT;0,0000
SP-3541406-24B5E6330E454B069A8633624DD0AC30;SP;Presidente Prudente;Curso d'água natural de até 10 metros;Aguardando análise, após revisão ou atendimento da notificação;AT;0,0000
SP-3541406-24B5E6330E454B069A8633624DD0AC30;SP;Presidente Prudente;Curso d'água natural de até 10 metros;Aguardando análise, após revisão ou atendimento da notificação;AT;0,0000
SP-3541406-24B5E6330E454B069A8633624DD0AC30;SP;Presidente Prudente;Curso d'água natural de até 10 metros;Aguardando análise, após revisão ou atendimento da notificação;AT;0,0000
SP-3541406-24B5E6330E454B069A8633624DD0AC30;SP;Presidente Prudente;Curso d'água natural de até 10 metros;Aguardando análise, após revisão ou atendimento da notificação;AT;0,0000
SP-3541406-24BB6898643F4B1B8E452998BC5FF7AA;SP;Presidente Prudente;Curso d'água natural de até 10 metros;Aguardando análise, após revisão ou atendimento da notificação;AT;0,0000
SP-3541406-24CF74A1D7B946E3B2464DF11867290F;SP;Presidente Prudente;Curso d'água natural de até 10 metros;Analisado, em conformidade com a Lei nº 12.651/2012, com ativos ambientais;AT;0,0175
SP-3541406-24D845747CAD4BA4801B16DE1D5D4816;SP;Presidente Prudente;Curso d'água natural de até 10 metros;Aguardando análise, após revisão ou atendimento da notificação;AT;0,0000
SP-3541406-24D845747CAD4BA4801B16DE1D5D4816;SP;Presidente Prudente;Curso d'água natural de até 10 metros;Aguardando análise, após revisão ou atendimento da notificação;AT;0,0000
SP-3541406-24D845747CAD4BA4801B16DE1D5D4816;SP;Presidente Prudente;Curso d'água natural de até 10 metros;Aguardando análise, após revisão ou atendimento da notificação;AT;0,0000
SP-3541406-24D845747CAD4BA4801B16DE1D5D4816;SP;Presidente Prudente;Curso d'água natural de até 10 metros;Aguardando análise, após revisão ou atendimento da notificação;AT;0,0000
SP-3541406-24D845747CAD4BA4801B16DE1D5D4816;SP;Presidente Prudente;Curso d'água natural de até 10 metros;Aguardando análise, após revisão ou atendimento da notificação;AT;0,0000
SP-3541406-24D845747CAD4BA4801B16DE1D5D4816;SP;Presidente Prudente;Curso d'água natural de até 10 metros;Aguardando análise, após revisão ou atendimento da notificação;AT;0,0000
SP-3541406-24D845747CAD4BA4801B16DE1D5D4816;SP;Presidente Prudente;Curso d'água natural de até 10 metros;Aguardando análise, após revisão ou atendimento da notificação;AT;0,0000
SP-3541406-24F83167FDF44BBEA9854B8FFF9C0FE7;SP;Presidente Prudente;Curso d'água natural de até 10 metros;Aguardando análise;AT;0,0150
SP-3541406-24FF4DDE19FB45089A54D9A73B6E3482;SP;Presidente Prudente;Curso d'água natural de até 10 metros;Analisado, aguardando atendimento a notificação;AT;0,0000
SP-3541406-25363645C50B464E8D4A61647416D952;SP;Presidente Prudente;Curso d'água natural de até 10 metros;Analisado, aguardando atendimento a notificação;AT;0,0941
SP-3541406-2550E13CBE874D3DB19DF3C65EC1A327;SP;Presidente Prudente;Curso d'água natural de até 10 metros;Analisado, aguardando regularização ambiental (Lei nº 12.651/2012);AT;0,0000
SP-3541406-25523753D89040299129A63FC7D55C11;SP;Presidente Prudente;Curso d'água natural de até 10 metros;Aguardando análise;AT;0,0000
SP-3541406-25523753D89040299129A63FC7D55C11;SP;Presidente Prudente;Curso d'água natural de até 10 metros;Aguardando análise;AT;0,0000
SP-3541406-25523753D89040299129A63FC7D55C11;SP;Presidente Prudente;Curso d'água natural de até 10 metros;Aguardando análise;AT;0,0000
SP-3541406-25523753D89040299129A63FC7D55C11;SP;Presidente Prudente;Curso d'água natural de até 10 metros;Aguardando análise;AT;0,0000
SP-3541406-25523753D89040299129A63FC7D55C11;SP;Presidente Prudente;Curso d'água natural de até 10 metros;Aguardando análise;AT;0,0000
SP-3541406-25523753D89040299129A63FC7D55C11;SP;Presidente Prudente;Curso d'água natural de até 10 metros;Aguardando análise;AT;0,0000
SP-3541406-2582FEE3E8CC4404BE795D7ED82F7576;SP;Presidente Prudente;Curso d'água natural de até 10 metros;Analisado, aguardando atendimento a notificação;AT;0,0000
SP-3541406-2582FEE3E8CC4404BE795D7ED82F7576;SP;Presidente Prudente;Curso d'água natural de até 10 metros;Analisado, aguardando atendimento a notificação;AT;0,0000
SP-3541406-25DFD8EC7821458D842FDBEBC4F33FC0;SP;Presidente Prudente;Curso d'água natural de até 10 metros;Analisado, em conformidade com a Lei nº 12.651/2012, com ativos ambientais;AT;0,0055
SP-3541406-2605715640F44B60B4618467CEDF4035;SP;Presidente Prudente;Curso d'água natural de até 10 metros;Analisado, em conformidade com a Lei nº 12.651/2012, com ativos ambientais;AT;0,0080
SP-3541406-26AA3D1D829B4D7C940240C9BA2E4046;SP;Presidente Prudente;Curso d'água natural de até 10 metros;Aguardando análise;AT;0,1018
SP-3541406-26D62FF01B5B4DD9806569864872A868;SP;Presidente Prudente;Curso d'água natural de até 10 metros;Analisado, aguardando regularização ambiental (Lei nº 12.651/2012);AT;0,1503
SP-3541406-26D7048DD9E3408583586957581A7295;SP;Presidente Prudente;Curso d'água natural de até 10 metros;Aguardando análise;AT;0,0039
SP-3541406-26F991ED18434276B770A85C5093995F;SP;Presidente Prudente;Curso d'água natural de até 10 metros;Analisado, em conformidade com a Lei nº 12.651/2012, com ativos ambientais;AT;0,0164
SP-3541406-27426AFEEDD74893ACDD9E5CD05CB348;SP;Presidente Prudente;Curso d'água natural de até 10 metros;Analisado, em conformidade com a Lei nº 12.651/2012, com ativos ambientais;AT;0,0001
SP-3541406-277A0E397E984DD4949D1517331A5702;SP;Presidente Prudente;Curso d'água natural de até 10 metros;Analisado, aguardando atendimento a notificação;AT;0,0000
SP-3541406-27847D6B76C9479480B59623CAB66795;SP;Presidente Prudente;Curso d'água natural de até 10 metros;Analisado, aguardando regularização ambiental (Lei nº 12.651/2012);AT;0,0709
SP-3541406-27BFEF61CB744690A0A25018C66B3E4F;SP;Presidente Prudente;Curso d'água natural de até 10 metros;Aguardando análise;AT;0,0076
SP-3541406-2858B623B5A94B71A0ACA20A647C8B63;SP;Presidente Prudente;Curso d'água natural de até 10 metros;Analisado, em conformidade com a Lei nº 12.651/2012, com ativos ambientais;AT;0,0028
SP-3541406-28A6E7F8986945C98612FE04293F2998;SP;Presidente Prudente;Curso d'água natural de até 10 metros;Analisado, em conformidade com a Lei nº 12.651/2012, com ativos ambientais;AT;0,0086
SP-3541406-28BE4BD5760E4C70B081F50311088606;SP;Presidente Prudente;Curso d'água natural de até 10 metros;Analisado, em conformidade com a Lei nº 12.651/2012, com ativos ambientais;AT;0,0160
SP-3541406-28E54F53F56841308A520BA974588D64;SP;Presidente Prudente;Curso d'água natural de até 10 metros;Aguardando análise;AT;0,0000
SP-3541406-294CD688DD9748209E3E1C1549FD0D82;SP;Presidente Prudente;Curso d'água natural de até 10 metros;Analisado, em conformidade com a Lei nº 12.651/2012, com ativos ambientais;AT;0,0212
SP-3541406-29850633914046A4978E32570A4655C1;SP;Presidente Prudente;Curso d'água natural de até 10 metros;Aguardando análise;AT;0,0073
SP-3541406-29FD03710D94415994B77699A306E708;SP;Presidente Prudente;Curso d'água natural de até 10 metros;Analisado, em conformidade com a Lei nº 12.651/2012, com ativos ambientais;AT;0,0082
SP-3541406-2A94F45417DF412CB24511B0871CE4EB;SP;Presidente Prudente;Curso d'água natural de até 10 metros;Aguardando análise, após revisão ou atendimento da notificação;AT;0,0000
SP-3541406-2A94F45417DF412CB24511B0871CE4EB;SP;Presidente Prudente;Curso d'água natural de até 10 metros;Aguardando análise, após revisão ou atendimento da notificação;AT;0,0000
SP-3541406-2A94F45417DF412CB24511B0871CE4EB;SP;Presidente Prudente;Curso d'água natural de até 10 metros;Aguardando análise, após revisão ou atendimento da notificação;AT;0,0000
SP-3541406-2B54F284FC584E39A627CDBB6BD5AD6D;SP;Presidente Prudente;Curso d'água natural de até 10 metros;Aguardando análise, após revisão ou atendimento da notificação;AT;0,0000
SP-3541406-2B54F284FC584E39A627CDBB6BD5AD6D;SP;Presidente Prudente;Curso d'água natural de até 10 metros;Aguardando análise, após revisão ou atendimento da notificação;AT;0,0000
SP-3541406-2B8B29ED0CE345558D48F433B01F58C2;SP;Presidente Prudente;Curso d'água natural de até 10 metros;Aguardando análise, após revisão ou atendimento da notificação;AT;0,0000
SP-3541406-2B8DF684A34E46AAAC040BA2C09D15FE;SP;Presidente Prudente;Curso d'água natural de até 10 metros;Aguardando análise;AT;0,0332
SP-3541406-2B9F1DD0E3864712B0B9EA6B33071ECE;SP;Presidente Prudente;Curso d'água natural de até 10 metros;Analisado, em conformidade com a Lei nº 12.651/2012, com ativos ambientais;AT;0,0058
SP-3541406-2BA5F146EB1A4447A3089ABC578CC24B;SP;Presidente Prudente;Curso d'água natural de até 10 metros;Aguardando análise, após revisão ou atendimento da notificação;AT;0,0000
SP-3541406-2C095D35A2E646B5B3F2AA5334624C3B;SP;Presidente Prudente;Curso d'água natural de até 10 metros;Analisado, em conformidade com a Lei nº 12.651/2012, com ativos ambientais;AT;0,0105
SP-3541406-2CE76B715098429BB0CEB1235E36CCEC;SP;Presidente Prudente;Curso d'água natural de até 10 metros;Analisado, em conformidade com a Lei nº 12.651/2012, com ativos ambientais;AT;0,0611
SP-3541406-2CEC5A0404BD4FED935C385F31D3D619;SP;Presidente Prudente;Curso d'água natural de até 10 metros;Analisado, aguardando regularização ambiental (Lei nº 12.651/2012);AT;0,0638
SP-3541406-2D08D4D043BB464F9D969B385B8D02F8;SP;Presidente Prudente;Curso d'água natural de até 10 metros;Aguardando análise, após revisão ou atendimento da notificação;AT;0,0000
SP-3541406-2D08D4D043BB464F9D969B385B8D02F8;SP;Presidente Prudente;Curso d'água natural de até 10 metros;Aguardando análise, após revisão ou atendimento da notificação;AT;0,0000
SP-3541406-2D43210D0668485281E7A5BD3FA9818F;SP;Presidente Prudente;Curso d'água natural de até 10 metros;Analisado, em conformidade com a Lei nº 12.651/2012, com ativos ambientais;AT;0,0056
SP-3541406-2DBE8515470B4FCBAE3B400A0B803195;SP;Presidente Prudente;Curso d'água natural de até 10 metros;Analisado, aguardando regularização ambiental (Lei nº 12.651/2012);AT;0,0000
SP-3541406-2E8DF1A3F3844C79A601DFFA00C0E78B;SP;Presidente Prudente;Curso d'água natural de até 10 metros;Analisado, aguardando regularização ambiental (Lei nº 12.651/2012);AT;0,0865
SP-3541406-2EB1343A5558469CBB7CDD97A88099FA;SP;Presidente Prudente;Curso d'água natural de até 10 metros;Aguardando análise;AT;0,0267
SP-3541406-2F053444E8C549C5991192B0A2A48D75;SP;Presidente Prudente;Curso d'água natural de até 10 metros;Analisado, em conformidade com a Lei nº 12.651/2012, com ativos ambientais;AT;0,0013
SP-3541406-2F0CE246181A46FC966C71F148324988;SP;Presidente Prudente;Curso d'água natural de até 10 metros;Aguardando análise, após revisão ou atendimento da notificação;AT;0,0000
SP-3541406-2F0CE246181A46FC966C71F148324988;SP;Presidente Prudente;Curso d'água natural de até 10 metros;Aguardando análise, após revisão ou atendimento da notificação;AT;0,0000
SP-3541406-2F62850450CE42D88829C8AA04A802B7;SP;Presidente Prudente;Curso d'água natural de até 10 metros;Analisado, aguardando atendimento a notificação;AT;0,0000
SP-3541406-2FCD0547C78545E0B09BEB315062E4C6;SP;Presidente Prudente;Curso d'água natural de até 10 metros;Analisado, em conformidade com a Lei nº 12.651/2012, com ativos ambientais;AT;0,0187
SP-3541406-2FE80675392C42008751DB271EB31E63;SP;Presidente Prudente;Curso d'água natural de até 10 metros;Analisado, aguardando atendimento a notificação;AT;0,0056
SP-3541406-302EF4A9BCAA48CC8702FE559418D3A7;SP;Presidente Prudente;Curso d'água natural de até 10 metros;Aguardando análise;AT;0,0000
SP-3541406-302EF4A9BCAA48CC8702FE559418D3A7;SP;Presidente Prudente;Curso d'água natural de até 10 metros;Aguardando análise;AT;0,0000
SP-3541406-302EF4A9BCAA48CC8702FE559418D3A7;SP;Presidente Prudente;Curso d'água natural de até 10 metros;Aguardando análise;AT;0,0000
SP-3541406-302EF4A9BCAA48CC8702FE559418D3A7;SP;Presidente Prudente;Curso d'água natural de até 10 metros;Aguardando análise;AT;0,0000
SP-3541406-302EF4A9BCAA48CC8702FE559418D3A7;SP;Presidente Prudente;Curso d'água natural de até 10 metros;Aguardando análise;AT;0,0000
SP-3541406-302EF4A9BCAA48CC8702FE559418D3A7;SP;Presidente Prudente;Curso d'água natural de até 10 metros;Aguardando análise;AT;0,0000
SP-3541406-302EF4A9BCAA48CC8702FE559418D3A7;SP;Presidente Prudente;Curso d'água natural de até 10 metros;Aguardando análise;AT;0,0000
SP-3541406-302EF4A9BCAA48CC8702FE559418D3A7;SP;Presidente Prudente;Curso d'água natural de até 10 metros;Aguardando análise;AT;0,0000
SP-3541406-302EF4A9BCAA48CC8702FE559418D3A7;SP;Presidente Prudente;Curso d'água natural de até 10 metros;Aguardando análise;AT;0,0000
SP-3541406-302EF4A9BCAA48CC8702FE559418D3A7;SP;Presidente Prudente;Curso d'água natural de até 10 metros;Aguardando análise;AT;0,0000
SP-3541406-302EF4A9BCAA48CC8702FE559418D3A7;SP;Presidente Prudente;Curso d'água natural de até 10 metros;Aguardando análise;AT;0,0000
SP-3541406-302EF4A9BCAA48CC8702FE559418D3A7;SP;Presidente Prudente;Curso d'água natural de até 10 metros;Aguardando análise;AT;0,0000
SP-3541406-302EF4A9BCAA48CC8702FE559418D3A7;SP;Presidente Prudente;Curso d'água natural de até 10 metros;Aguardando análise;AT;0,0000
SP-3541406-302EF4A9BCAA48CC8702FE559418D3A7;SP;Presidente Prudente;Curso d'água natural de até 10 metros;Aguardando análise;AT;0,0000
SP-3541406-302EF4A9BCAA48CC8702FE559418D3A7;SP;Presidente Prudente;Curso d'água natural de até 10 metros;Aguardando análise;AT;0,0000
SP-3541406-302EF4A9BCAA48CC8702FE559418D3A7;SP;Presidente Prudente;Curso d'água natural de até 10 metros;Aguardando análise;AT;0,0000
SP-3541406-302EF4A9BCAA48CC8702FE559418D3A7;SP;Presidente Prudente;Curso d'água natural de até 10 metros;Aguardando análise;AT;0,0000
SP-3541406-3050551F04E7423DA52960FCDABFDF6C;SP;Presidente Prudente;Curso d'água natural de até 10 metros;Analisado, em conformidade com a Lei nº 12.651/2012, com ativos ambientais;AT;0,0001
SP-3541406-3074B182E0CB40EB8AFECAA773AFDD40;SP;Presidente Prudente;Curso d'água natural de até 10 metros;Analisado, em conformidade com a Lei nº 12.651/2012, com ativos ambientais;AT;0,0272
SP-3541406-30954496F5DE4ED7A73C21F2C3D0AD88;SP;Presidente Prudente;Curso d'água natural de até 10 metros;Analisado, aguardando atendimento a notificação;AT;0,0524
SP-3541406-309CD2DFF99E4AA2A7F82C3EFC62E7CF;SP;Presidente Prudente;Curso d'água natural de até 10 metros;Analisado, aguardando atendimento a notificação;AT;0,0248
SP-3541406-309E91049381432A88F04F183469CC27;SP;Presidente Prudente;Curso d'água natural de até 10 metros;Analisado, aguardando atendimento a notificação;AT;0,0017
SP-3541406-30BB5D8CEEAC46869B3CDAAA8B7AC9CC;SP;Presidente Prudente;Curso d'água natural de até 10 metros;Aguardando análise;AT;0,0000
SP-3541406-30BB5D8CEEAC46869B3CDAAA8B7AC9CC;SP;Presidente Prudente;Curso d'água natural de até 10 metros;Aguardando análise;AT;0,0000
SP-3541406-30F982494FB94BA0A9B160D14327EC36;SP;Presidente Prudente;Curso d'água natural de até 10 metros;Analisado, em conformidade com a Lei nº 12.651/2012, com ativos ambientais;AT;0,0295
SP-3541406-31B0B314C9EC493CB1363D84A25FE48E;SP;Presidente Prudente;Curso d'água natural de até 10 metros;Analisado, em conformidade com a Lei nº 12.651/2012, com ativos ambientais;AT;0,0090
SP-3541406-32AD3107AB4142E8B89D19FEB49BB20A;SP;Presidente Prudente;Curso d'água natural de até 10 metros;Aguardando análise, após revisão ou atendimento da notificação;AT;0,0000
SP-3541406-32B90104B112402E9CD47B3F15297C6D;SP;Presidente Prudente;Curso d'água natural de até 10 metros;Aguardando análise;AT;0,0000
SP-3541406-32F082775EFA4BFB880D3FFF589CB8AD;SP;Presidente Prudente;Curso d'água natural de até 10 metros;Aguardando análise;AT;0,0029
SP-3541406-330CA6FCD90048A6B4CF73A25EA9CFDE;SP;Presidente Prudente;Curso d'água natural de até 10 metros;Analisado, em conformidade com a Lei nº 12.651/2012, com ativos ambientais;AT;0,0381
SP-3541406-330D05FD03444E049DD6FFD03CD60402;SP;Presidente Prudente;Curso d'água natural de até 10 metros;Aguardando análise;AT;0,0239
SP-3541406-3372C768CC14403DA812BF76B1E4F7C2;SP;Presidente Prudente;Curso d'água natural de até 10 metros;Aguardando análise;AT;0,0019
SP-3541406-338250F212D94476B8C6AD3F150C18F4;SP;Presidente Prudente;Curso d'água natural de até 10 metros;Analisado, em conformidade com a Lei nº 12.651/2012, com ativos ambientais;AT;0,0593
SP-3541406-3402563EBC124F689F5B2833EA8ACA59;SP;Presidente Prudente;Curso d'água natural de até 10 metros;Analisado, em conformidade com a Lei nº 12.651/2012, com ativos ambientais;AT;0,0211
SP-3541406-341CB6A756E94944957B80A6BA911CB8;SP;Presidente Prudente;Curso d'água natural de até 10 metros;Aguardando análise;AT;0,0000
SP-3541406-34560EC93A6F415A807BB98658BE9697;SP;Presidente Prudente;Curso d'água natural de até 10 metros;Aguardando análise, após revisão ou atendimento da notificação;AT;0,0000
SP-3541406-34560EC93A6F415A807BB98658BE9697;SP;Presidente Prudente;Curso d'água natural de até 10 metros;Aguardando análise, após revisão ou atendimento da notificação;AT;0,0000
SP-3541406-34715740651F4B149624B2DF79D1023F;SP;Presidente Prudente;Curso d'água natural de até 10 metros;Aguardando análise;AT;0,1574
SP-3541406-347EA48EA58849BB8B96D861B013685F;SP;Presidente Prudente;Curso d'água natural de até 10 metros;Aguardando análise;AT;0,0367
SP-3541406-34DEB14F3EDB4037A1D2C068AC2C92E1;SP;Presidente Prudente;Curso d'água natural de até 10 metros;Analisado, aguardando atendimento a notificação;AT;0,0021
SP-3541406-3508BA1F778E44BE8071E07D886CCD85;SP;Presidente Prudente;Curso d'água natural de até 10 metros;Analisado, aguardando regularização ambiental (Lei nº 12.651/2012);AT;0,0889
SP-3541406-352BA589886F47E794F306AE0DBF90B7;SP;Presidente Prudente;Curso d'água natural de até 10 metros;Analisado, em conformidade com a Lei nº 12.651/2012, com ativos ambientais;AT;0,0176
SP-3541406-3582A0FAE7C24FFFA2A245F24085DE54;SP;Presidente Prudente;Curso d'água natural de até 10 metros;Aguardando análise, após revisão ou atendimento da notificação;AT;0,0000
SP-3541406-3582A0FAE7C24FFFA2A245F24085DE54;SP;Presidente Prudente;Curso d'água natural de até 10 metros;Aguardando análise, após revisão ou atendimento da notificação;AT;0,0000
SP-3541406-3582A0FAE7C24FFFA2A245F24085DE54;SP;Presidente Prudente;Curso d'água natural de até 10 metros;Aguardando análise, após revisão ou atendimento da notificação;AT;0,0000
SP-3541406-35A442CAB9F6494EAD148CBDEBEBF029;SP;Presidente Prudente;Curso d'água natural de até 10 metros;Analisado, aguardando regularização ambiental (Lei nº 12.651/2012);AT;0,0171
SP-3541406-35AF129E42EF4A25A2E295F5175B2D98;SP;Presidente Prudente;Curso d'água natural de até 10 metros;Analisado, em conformidade com a Lei nº 12.651/2012, com ativos ambientais;AT;0,0802
SP-3541406-35D6BEFE28B944D98B22222C9C28DF6D;SP;Presidente Prudente;Curso d'água natural de até 10 metros;Aguardando análise;AT;0,0418
SP-3541406-35EC968F470E4271A391073E120F207D;SP;Presidente Prudente;Curso d'água natural de até 10 metros;Aguardando análise;AT;0,0192
SP-3541406-36487617C2DC4FC09B6E2B5FF2B67B74;SP;Presidente Prudente;Curso d'água natural de até 10 metros;Aguardando análise, após revisão ou atendimento da notificação;AT;0,0000
SP-3541406-36487617C2DC4FC09B6E2B5FF2B67B74;SP;Presidente Prudente;Curso d'água natural de até 10 metros;Aguardando análise, após revisão ou atendimento da notificação;AT;0,0000
SP-3541406-36DCCA573D87487BB728982F94B141B5;SP;Presidente Prudente;Curso d'água natural de até 10 metros;Analisado, aguardando atendimento a notificação;AT;0,0000
SP-3541406-371DD570949942CFA9182FCEEBDED20C;SP;Presidente Prudente;Curso d'água natural de até 10 metros;Analisado, em conformidade com a Lei nº 12.651/2012, com ativos ambientais;AT;0,0173
SP-3541406-372E3CCC37C1494EAAE1D3AF237DA6B2;SP;Presidente Prudente;Curso d'água natural de até 10 metros;Analisado, em conformidade com a Lei nº 12.651/2012, com ativos ambientais;AT;0,0083
SP-3541406-37630EC41AA1406A981190216275107D;SP;Presidente Prudente;Curso d'água natural de até 10 metros;Aguardando análise, após revisão ou atendimento da notificação;AT;0,0000
SP-3541406-37630EC41AA1406A981190216275107D;SP;Presidente Prudente;Curso d'água natural de até 10 metros;Aguardando análise, após revisão ou atendimento da notificação;AT;0,0000
SP-3541406-37CB9B68E89B4DF299CA2629CE7F96D3;SP;Presidente Prudente;Curso d'água natural de até 10 metros;Aguardando análise;AT;0,0481
SP-3541406-37E3C728ABDF41A8B7DB964F35FE8CE9;SP;Presidente Prudente;Curso d'água natural de até 10 metros;Aguardando análise, após revisão ou atendimento da notificação;AT;0,0000
SP-3541406-38D69ADB22B64189BA7EB3ECD1465296;SP;Presidente Prudente;Curso d'água natural de até 10 metros;Aguardando análise, após revisão ou atendimento da notificação;AT;0,0000
SP-3541406-391F64F112584D33B8CEA536F446DA23;SP;Presidente Prudente;Curso d'água natural de até 10 metros;Analisado, aguardando atendimento a notificação;AT;0,0000
SP-3541406-391F64F112584D33B8CEA536F446DA23;SP;Presidente Prudente;Curso d'água natural de até 10 metros;Analisado, aguardando atendimento a notificação;AT;0,0000
SP-3541406-392E33F4D2914291BAAB5E0651F242F1;SP;Presidente Prudente;Curso d'água natural de até 10 metros;Analisado, aguardando regularização ambiental (Lei nº 12.651/2012);AT;0,0376
SP-3541406-3943CEF34A174059A0785E7E36B20D7A;SP;Presidente Prudente;Curso d'água natural de até 10 metros;Aguardando análise, após revisão ou atendimento da notificação;AT;0,0000
SP-3541406-3943CEF34A174059A0785E7E36B20D7A;SP;Presidente Prudente;Curso d'água natural de até 10 metros;Aguardando análise, após revisão ou atendimento da notificação;AT;0,0000
SP-3541406-39A19BB16E964C2BB7411C6362773D73;SP;Presidente Prudente;Curso d'água natural de até 10 metros;Aguardando análise;AT;0,0000
SP-3541406-3A3A228B5E90490DAE791AB7DCB71844;SP;Presidente Prudente;Curso d'água natural de até 10 metros;Aguardando análise, após revisão ou atendimento da notificação;AT;0,0325
SP-3541406-3A4BF62C92044FAFAE3721A6EAABA320;SP;Presidente Prudente;Curso d'água natural de até 10 metros;Analisado, em conformidade com a Lei nº 12.651/2012, com ativos ambientais;AT;0,0396
SP-3541406-3AA47F76931F481A84B2B258355CEA44;SP;Presidente Prudente;Curso d'água natural de até 10 metros;Analisado, aguardando atendimento a notificação;AT;0,0048
SP-3541406-3AD106B4CE764D9D8DB537CF8BC9685C;SP;Presidente Prudente;Curso d'água natural de até 10 metros;Aguardando análise;AT;1,5315
SP-3541406-3B01F41D3B4A49F4A8E0ABEF5CC9A68C;SP;Presidente Prudente;Curso d'água natural de até 10 metros;Analisado, em conformidade com a Lei nº 12.651/2012;AT;0,0000
SP-3541406-3C2954D9071741AD9983717338332E6F;SP;Presidente Prudente;Curso d'água natural de até 10 metros;Analisado, aguardando regularização ambiental (Lei nº 12.651/2012);AT;0,0325
SP-3541406-3C4DC8E9BF304106BA8CE105449DC0A3;SP;Presidente Prudente;Curso d'água natural de até 10 metros;Aguardando análise;AT;0,0000
SP-3541406-3C4DC8E9BF304106BA8CE105449DC0A3;SP;Presidente Prudente;Curso d'água natural de até 10 metros;Aguardando análise;AT;0,0000
SP-3541406-3CC40C2D17C048449D1D09360DB5D14B;SP;Presidente Prudente;Curso d'água natural de até 10 metros;Aguardando análise;AT;0,0000
SP-3541406-3DE88081E7DB4341B8B11B748F8699C1;SP;Presidente Prudente;Curso d'água natural de até 10 metros;Analisado, em conformidade com a Lei nº 12.651/2012, com ativos ambientais;AT;0,1266
SP-3541406-3E0A7E1D0DEF4E9E9C6EC52E0249BB2C;SP;Presidente Prudente;Curso d'água natural de até 10 metros;Aguardando análise;AT;0,0046
SP-3541406-3E0CB244C5814A26854FD5C8590510BE;SP;Presidente Prudente;Curso d'água natural de até 10 metros;Analisado, aguardando atendimento a notificação;AT;0,0155
SP-3541406-3E172D1FA35647DBA97CAA3E46D67153;SP;Presidente Prudente;Curso d'água natural de até 10 metros;Analisado, em conformidade com a Lei nº 12.651/2012, com ativos ambientais;AT;0,0653
SP-3541406-3E486177E10D41FDB2F5DC8495F208E6;SP;Presidente Prudente;Curso d'água natural de até 10 metros;Analisado, em conformidade com a Lei nº 12.651/2012, com ativos ambientais;AT;0,0353
SP-3541406-3E89568D2F3B4968BB8E56AEB1BA41DD;SP;Presidente Prudente;Curso d'água natural de até 10 metros;Analisado, em conformidade com a Lei nº 12.651/2012, com ativos ambientais;AT;0,0181
SP-3541406-3EAE56B3C917455DAE88F9C980F7A0D7;SP;Presidente Prudente;Curso d'água natural de até 10 metros;Analisado, aguardando regularização ambiental (Lei nº 12.651/2012);AT;0,0475
SP-3541406-3EB815CC95264450B212EA2DC9D10F88;SP;Presidente Prudente;Curso d'água natural de até 10 metros;Analisado, aguardando atendimento a notificação;AT;0,0444
SP-3541406-3EBEBA2015DE4D98BEA14F6EB7740A3D;SP;Presidente Prudente;Curso d'água natural de até 10 metros;Aguardando análise, após revisão ou atendimento da notificação;AT;0,0341
SP-3541406-3F0273584AE741708C2FE120666C0870;SP;Presidente Prudente;Curso d'água natural de até 10 metros;Analisado, aguardando regularização ambiental (Lei nº 12.651/2012);AT;0,0386
SP-3541406-3F97E382EA0F4FF8873C040B0B6CBD76;SP;Presidente Prudente;Curso d'água natural de até 10 metros;Analisado, em conformidade com a Lei nº 12.651/2012, com ativos ambientais;AT;0,0072
SP-3541406-3FA4AD8291844A3AAD8D932CFE98C6E1;SP;Presidente Prudente;Curso d'água natural de até 10 metros;Aguardando análise;AT;0,0000
SP-3541406-3FA4AD8291844A3AAD8D932CFE98C6E1;SP;Presidente Prudente;Curso d'água natural de até 10 metros;Aguardando análise;AT;0,0000
SP-3541406-3FA4AD8291844A3AAD8D932CFE98C6E1;SP;Presidente Prudente;Curso d'água natural de até 10 metros;Aguardando análise;AT;0,0000
SP-3541406-40F6FA4128E64AD1852A2507576B0226;SP;Presidente Prudente;Curso d'água natural de até 10 metros;Aguardando análise, após revisão ou atendimento da notificação;AT;0,0000
SP-3541406-40F6FA4128E64AD1852A2507576B0226;SP;Presidente Prudente;Curso d'água natural de até 10 metros;Aguardando análise, após revisão ou atendimento da notificação;AT;0,0000
SP-3541406-40FBE22728B24D16901FDE428DD2068A;SP;Presidente Prudente;Curso d'água natural de até 10 metros;Aguardando análise, após revisão ou atendimento da notificação;AT;0,0000
SP-3541406-413799FADF874DCF8D2AFD9DED5E58CC;SP;Presidente Prudente;Curso d'água natural de até 10 metros;Aguardando análise, após revisão ou atendimento da notificação;AT;0,0000
SP-3541406-417E2C1C1AD24FBCA6E942E17B85ECEF;SP;Presidente Prudente;Curso d'água natural de até 10 metros;Aguardando análise, após revisão ou atendimento da notificação;AT;0,3208
SP-3541406-41B0B4E2FE424D50A254786D746BCCE4;SP;Presidente Prudente;Curso d'água natural de até 10 metros;Analisado, em conformidade com a Lei nº 12.651/2012, com ativos ambientais;AT;0,0179
SP-3541406-41BC3E0F60684D70AFD6C9F45D5BBD7C;SP;Presidente Prudente;Curso d'água natural de até 10 metros;Analisado, aguardando regularização ambiental (Lei nº 12.651/2012);AT;0,0551
SP-3541406-4214D6F67A4C42E58D7175605B095E06;SP;Presidente Prudente;Curso d'água natural de até 10 metros;Analisado, em conformidade com a Lei nº 12.651/2012, com ativos ambientais;AT;0,0029
SP-3541406-4215072973704489B93BB9E3E1CC4EA9;SP;Presidente Prudente;Curso d'água natural de até 10 metros;Analisado, em conformidade com a Lei nº 12.651/2012, com ativos ambientais;AT;0,0201
SP-3541406-42B2812F8AAD4E9ABB48CAE5794A5908;SP;Presidente Prudente;Curso d'água natural de até 10 metros;Analisado, aguardando atendimento a notificação;AT;0,0084
SP-3541406-42C0A8F296814E78B83166D357B59CF5;SP;Presidente Prudente;Curso d'água natural de até 10 metros;Analisado, em conformidade com a Lei nº 12.651/2012, com ativos ambientais;AT;0,0180
SP-3541406-430CF95CA97F400C9A4088F9A97A1469;SP;Presidente Prudente;Curso d'água natural de até 10 metros;Analisado, em conformidade com a Lei nº 12.651/2012, com ativos ambientais;AT;0,0132
SP-3541406-431C54AE21D04F1C81DAE70CAAF8EDFA;SP;Presidente Prudente;Curso d'água natural de até 10 metros;Aguardando análise;AT;0,0009
SP-3541406-4331582A56884DC48E698ABAF7D87417;SP;Presidente Prudente;Curso d'água natural de até 10 metros;Analisado, aguardando atendimento a notificação;AT;0,3937
SP-3541406-43E533E493BD46549B88A504331FC832;SP;Presidente Prudente;Curso d'água natural de até 10 metros;Aguardando análise, após revisão ou atendimento da notificação;AT;0,0000
SP-3541406-4424A3609D5B4DD5AA49AA03564D886F;SP;Presidente Prudente;Curso d'água natural de até 10 metros;Analisado, aguardando atendimento a notificação;AT;0,0000
SP-3541406-4424A3609D5B4DD5AA49AA03564D886F;SP;Presidente Prudente;Curso d'água natural de até 10 metros;Analisado, aguardando atendimento a notificação;AT;0,0000
SP-3541406-4424A3609D5B4DD5AA49AA03564D886F;SP;Presidente Prudente;Curso d'água natural de até 10 metros;Analisado, aguardando atendimento a notificação;AT;0,0000
SP-3541406-4435CB8909094E4C923205B244B10535;SP;Presidente Prudente;Curso d'água natural de até 10 metros;Aguardando análise;AT;0,0000
SP-3541406-4456EB6A8A1647D684896DC143583E93;SP;Presidente Prudente;Curso d'água natural de até 10 metros;Analisado, aguardando atendimento a notificação;AT;0,0012
SP-3541406-449488C1F2084F84B4D4E928A398174F;SP;Presidente Prudente;Curso d'água natural de até 10 metros;Analisado, aguardando atendimento a notificação;AT;0,0000
SP-3541406-449488C1F2084F84B4D4E928A398174F;SP;Presidente Prudente;Curso d'água natural de até 10 metros;Analisado, aguardando atendimento a notificação;AT;0,0000
SP-3541406-449488C1F2084F84B4D4E928A398174F;SP;Presidente Prudente;Curso d'água natural de até 10 metros;Analisado, aguardando atendimento a notificação;AT;0,0000
SP-3541406-452CED52570D444ABBFA546D4DA5B305;SP;Presidente Prudente;Curso d'água natural de até 10 metros;Aguardando análise, após revisão ou atendimento da notificação;AT;0,0000
SP-3541406-45BF6EB26723430B880164826F137420;SP;Presidente Prudente;Curso d'água natural de até 10 metros;Analisado, aguardando atendimento a notificação;AT;0,0000
SP-3541406-45BF6EB26723430B880164826F137420;SP;Presidente Prudente;Curso d'água natural de até 10 metros;Analisado, aguardando atendimento a notificação;AT;0,0000
SP-3541406-46F52D9E2D5B4AD9AFF3D4A141BABFBB;SP;Presidente Prudente;Curso d'água natural de até 10 metros;Analisado, em conformidade com a Lei nº 12.651/2012, com ativos ambientais;AT;0,0096
SP-3541406-47036C5B34F04F2D9F601F5FB4BB58DC;SP;Presidente Prudente;Curso d'água natural de até 10 metros;Aguardando análise, após revisão ou atendimento da notificação;AT;0,0000
SP-3541406-4775F164B3B741668E74CEEE9BB64E9E;SP;Presidente Prudente;Curso d'água natural de até 10 metros;Aguardando análise, após revisão ou atendimento da notificação;AT;0,0000
SP-3541406-4858F45C6FAD4D47A54BF406185246D3;SP;Presidente Prudente;Curso d'água natural de até 10 metros;Analisado, aguardando atendimento a notificação;AT;0,0000
SP-3541406-4879F7D0B71E45598948DB19DDD91FE3;SP;Presidente Prudente;Curso d'água natural de até 10 metros;Aguardando análise, após revisão ou atendimento da notificação;AT;0,0000
SP-3541406-4879F7D0B71E45598948DB19DDD91FE3;SP;Presidente Prudente;Curso d'água natural de até 10 metros;Aguardando análise, após revisão ou atendimento da notificação;AT;0,0000
SP-3541406-488D0CEF046F4BCE8CFEB89CACE0BD18;SP;Presidente Prudente;Curso d'água natural de até 10 metros;Analisado, em conformidade com a Lei nº 12.651/2012;AT;0,0130
SP-3541406-488E451A9FF1483BB8BA5E030BB37D0E;SP;Presidente Prudente;Curso d'água natural de até 10 metros;Analisado, aguardando atendimento a notificação;AT;0,0000
SP-3541406-48C3509488914E908BD17D311DC698AA;SP;Presidente Prudente;Curso d'água natural de até 10 metros;Analisado, aguardando atendimento a notificação;AT;0,0484
SP-3541406-48C3509488914E908BD17D311DC698AA;SP;Presidente Prudente;Curso d'água natural de até 10 metros;Analisado, aguardando atendimento a notificação;AT;2,0210
SP-3541406-48FC19FDA2674FEE88A2054DABAED451;SP;Presidente Prudente;Curso d'água natural de até 10 metros;Analisado, em conformidade com a Lei nº 12.651/2012, com ativos ambientais;AT;0,0153
SP-3541406-493C0014961E458A89F4B02D0C7C5686;SP;Presidente Prudente;Curso d'água natural de até 10 metros;Aguardando análise;AT;0,0616
SP-3541406-49957E6661C24E9BB54095DC17677BE7;SP;Presidente Prudente;Curso d'água natural de até 10 metros;Analisado, aguardando atendimento a notificação;AT;0,2257
SP-3541406-4A1B6886C5CF4D4C92EB6042E4640946;SP;Presidente Prudente;Curso d'água natural de até 10 metros;Aguardando análise, após revisão ou atendimento da notificação;AT;0,0000
SP-3541406-4A26083D16304A89995916A8660E4DBF;SP;Presidente Prudente;Curso d'água natural de até 10 metros;Analisado, em conformidade com a Lei nº 12.651/2012, com ativos ambientais;AT;0,0100
SP-3541406-4B466DEF29D14FDCA3F94B7A373C22AA;SP;Presidente Prudente;Curso d'água natural de até 10 metros;Aguardando análise;AT;0,0000
SP-3541406-4B594481C46549C4AC32F0C30CD47DD2;SP;Presidente Prudente;Curso d'água natural de até 10 metros;Aguardando análise;AT;0,1124
SP-3541406-4B8C173183B04291A44EEF9F8130A775;SP;Presidente Prudente;Curso d'água natural de até 10 metros;Analisado, aguardando atendimento a notificação;AT;0,0212
SP-3541406-4B924B394F3D40D596FFCBF143BCA9CF;SP;Presidente Prudente;Curso d'água natural de até 10 metros;Aguardando análise;AT;0,0030
SP-3541406-4BC226ADBBF14B929DD5BD9B6DA2AED5;SP;Presidente Prudente;Curso d'água natural de até 10 metros;Analisado, em conformidade com a Lei nº 12.651/2012;AT;0,0125
SP-3541406-4BD2BFEA046647C9BA922C4046341FA7;SP;Presidente Prudente;Curso d'água natural de até 10 metros;Aguardando análise;AT;0,0602
SP-3541406-4C5EBFE6DA6E40C2AAEF5DDC872AEB5F;SP;Presidente Prudente;Curso d'água natural de até 10 metros;Analisado, em conformidade com a Lei nº 12.651/2012, com ativos ambientais;AT;0,0063
SP-3541406-4C9F6181E27044A893EB52E154CB6927;SP;Presidente Prudente;Curso d'água natural de até 10 metros;Aguardando análise;AT;0,0415
SP-3541406-4D07B511DE764BEFB6CE754E577EE9F6;SP;Presidente Prudente;Curso d'água natural de até 10 metros;Aguardando análise;AT;0,0000
SP-3541406-4E4CF2321CA946628427089605A13C65;SP;Presidente Prudente;Curso d'água natural de até 10 metros;Analisado, aguardando atendimento a notificação;AT;0,0000
SP-3541406-4E4CF2321CA946628427089605A13C65;SP;Presidente Prudente;Curso d'água natural de até 10 metros;Analisado, aguardando atendimento a notificação;AT;0,0000
SP-3541406-4E4CF2321CA946628427089605A13C65;SP;Presidente Prudente;Curso d'água natural de até 10 metros;Analisado, aguardando atendimento a notificação;AT;0,0000
SP-3541406-4E4CF2321CA946628427089605A13C65;SP;Presidente Prudente;Curso d'água natural de até 10 metros;Analisado, aguardando atendimento a notificação;AT;0,0000
SP-3541406-4E4CF2321CA946628427089605A13C65;SP;Presidente Prudente;Curso d'água natural de até 10 metros;Analisado, aguardando atendimento a notificação;AT;0,0000
SP-3541406-4E4CF2321CA946628427089605A13C65;SP;Presidente Prudente;Curso d'água natural de até 10 metros;Analisado, aguardando atendimento a notificação;AT;0,0000
SP-3541406-4E51849F05D64BE690906D8771A1AD33;SP;Presidente Prudente;Curso d'água natural de até 10 metros;Analisado, aguardando atendimento a notificação;AT;0,0000
SP-3541406-4EBC277B8070459DB494657CB6784C86;SP;Presidente Prudente;Curso d'água natural de até 10 metros;Analisado, em conformidade com a Lei nº 12.651/2012;AT;0,0209
SP-3541406-4EE821D465A740088AF07457AED01FE0;SP;Presidente Prudente;Curso d'água natural de até 10 metros;Aguardando análise;AT;0,1287
SP-3541406-4F20A15AD17D4D0496C644C7BECA6C2D;SP;Presidente Prudente;Curso d'água natural de até 10 metros;Analisado, em conformidade com a Lei nº 12.651/2012, com ativos ambientais;AT;0,0125
SP-3541406-4F37499329E04137805B39B28AE192F3;SP;Presidente Prudente;Curso d'água natural de até 10 metros;Analisado, em conformidade com a Lei nº 12.651/2012, com ativos ambientais;AT;0,0355
SP-3541406-4F416AC089FF4D21A9632DD0B43E2BA1;SP;Presidente Prudente;Curso d'água natural de até 10 metros;Aguardando análise;AT;0,0134
SP-3541406-4F480FE1716247AF8B0A921C205F2039;SP;Presidente Prudente;Curso d'água natural de até 10 metros;Analisado, aguardando regularização ambiental (Lei nº 12.651/2012);AT;0,0191
SP-3541406-4F61A929B53F4E4B94809E8628A5061E;SP;Presidente Prudente;Curso d'água natural de até 10 metros;Aguardando análise;AT;0,0745
SP-3541406-4F6E96B339EB4FD48288FC356857EF02;SP;Presidente Prudente;Curso d'água natural de até 10 metros;Analisado, em conformidade com a Lei nº 12.651/2012, com ativos ambientais;AT;0,0068
SP-3541406-4F860490E3574E35AD6314DF6655E408;SP;Presidente Prudente;Curso d'água natural de até 10 metros;Aguardando análise, após revisão ou atendimento da notificação;AT;0,0000
SP-3541406-4F948679A2AA4AB695FBA2E42E675195;SP;Presidente Prudente;Curso d'água natural de até 10 metros;Analisado, aguardando atendimento a notificação;AT;0,1385
SP-3541406-4F9513833B74405AA04B878F1F6BC668;SP;Presidente Prudente;Curso d'água natural de até 10 metros;Analisado, em conformidade com a Lei nº 12.651/2012, com ativos ambientais;AT;0,0422
SP-3541406-4FB83D52220B490792656F05A44778CF;SP;Presidente Prudente;Curso d'água natural de até 10 metros;Aguardando análise;AT;0,0173
SP-3541406-4FB983FD913D4FB59219CEE607611C6E;SP;Presidente Prudente;Curso d'água natural de até 10 metros;Analisado, em conformidade com a Lei nº 12.651/2012, com ativos ambientais;AT;0,0125
SP-3541406-504BCEDF44D44D1980DB879B0DF3D58E;SP;Presidente Prudente;Curso d'água natural de até 10 metros;Analisado, aguardando regularização ambiental (Lei nº 12.651/2012);AT;0,0276
SP-3541406-5071F9C866C645E3970CA7B3A423E05E;SP;Presidente Prudente;Curso d'água natural de até 10 metros;Aguardando análise;AT;0,0547
SP-3541406-50849EABC15E4120B3DA287F535C65E2;SP;Presidente Prudente;Curso d'água natural de até 10 metros;Analisado, aguardando atendimento a notificação;AT;0,0000
SP-3541406-50849EABC15E4120B3DA287F535C65E2;SP;Presidente Prudente;Curso d'água natural de até 10 metros;Analisado, aguardando atendimento a notificação;AT;2,2110
SP-3541406-50849EABC15E4120B3DA287F535C65E2;SP;Presidente Prudente;Curso d'água natural de até 10 metros;Analisado, aguardando atendimento a notificação;AT;0,0000
SP-3541406-515CCE6326A6429EB9072B363D4A4C62;SP;Presidente Prudente;Curso d'água natural de até 10 metros;Aguardando análise, após revisão ou atendimento da notificação;AT;0,0000
SP-3541406-51762966C10C48A79DD014A0EDF053F9;SP;Presidente Prudente;Curso d'água natural de até 10 metros;Analisado, aguardando regularização ambiental (Lei nº 12.651/2012);AT;0,0209
SP-3541406-51BEACEB6282464393CBDB5A103F12C3;SP;Presidente Prudente;Curso d'água natural de até 10 metros;Aguardando análise;AT;0,1963
SP-3541406-51D29A5C75FC48629B769CDA40E7818D;SP;Presidente Prudente;Curso d'água natural de até 10 metros;Aguardando análise;AT;0,0000
SP-3541406-51E01594261E4B6CB72CB507942E036A;SP;Presidente Prudente;Curso d'água natural de até 10 metros;Analisado, em conformidade com a Lei nº 12.651/2012, com ativos ambientais;AT;0,0212
SP-3541406-51F07FEAC86D479CBED0A2CCFCCA13C9;SP;Presidente Prudente;Curso d'água natural de até 10 metros;Aguardando análise;AT;0,4861
SP-3541406-51FA158DC05E4042B3E39632A66763A8;SP;Presidente Prudente;Curso d'água natural de até 10 metros;Aguardando análise, após revisão ou atendimento da notificação;AT;0,0000
SP-3541406-51FA158DC05E4042B3E39632A66763A8;SP;Presidente Prudente;Curso d'água natural de até 10 metros;Aguardando análise, após revisão ou atendimento da notificação;AT;0,0000
SP-3541406-520631DC671B4C8191798CFFFA8B59BB;SP;Presidente Prudente;Curso d'água natural de até 10 metros;Aguardando análise;AT;0,0000
SP-3541406-521F42AC8C2144238B89FCE924305061;SP;Presidente Prudente;Curso d'água natural de até 10 metros;Analisado, em conformidade com a Lei nº 12.651/2012, com ativos ambientais;AT;0,0701
SP-3541406-529208BEB51C49CC8E9E346027363B9F;SP;Presidente Prudente;Curso d'água natural de até 10 metros;Analisado, aguardando regularização ambiental (Lei nº 12.651/2012);AT;0,1100
SP-3541406-529C681C64254D02BDEC0673773E2F9E;SP;Presidente Prudente;Curso d'água natural de até 10 metros;Analisado, aguardando atendimento a notificação;AT;0,0139
SP-3541406-52A0128C281D447CB7A7844758AA19B5;SP;Presidente Prudente;Curso d'água natural de até 10 metros;Analisado, aguardando regularização ambiental (Lei nº 12.651/2012);AT;0,0057
SP-3541406-52DB6FE9DFF7459286A1C554FB656447;SP;Presidente Prudente;Curso d'água natural de até 10 metros;Aguardando análise;AT;0,0000
SP-3541406-53932F4177004430AB617109B453FE37;SP;Presidente Prudente;Curso d'água natural de até 10 metros;Aguardando análise;AT;0,0000
SP-3541406-53932F4177004430AB617109B453FE37;SP;Presidente Prudente;Curso d'água natural de até 10 metros;Aguardando análise;AT;0,0000
SP-3541406-53D52A12DCBB4060A17036DA8F9B1251;SP;Presidente Prudente;Curso d'água natural de até 10 metros;Aguardando análise, após revisão ou atendimento da notificação;AT;0,0000
SP-3541406-541CBFD5DDA844969478E499E99839D1;SP;Presidente Prudente;Curso d'água natural de até 10 metros;Analisado, aguardando regularização ambiental (Lei nº 12.651/2012);AT;0,0005
SP-3541406-5572462996F04F50A3FFE62725193882;SP;Presidente Prudente;Curso d'água natural de até 10 metros;Aguardando análise;AT;0,0937
SP-3541406-55AF778C6D6B49E795CEEBD31EE7CFAE;SP;Presidente Prudente;Curso d'água natural de até 10 metros;Analisado, aguardando regularização ambiental (Lei nº 12.651/2012);AT;0,1182
SP-3541406-55B0D0BFEC5441AF95D33D45EFF88BAA;SP;Presidente Prudente;Curso d'água natural de até 10 metros;Analisado, aguardando regularização ambiental (Lei nº 12.651/2012);AT;0,0399
SP-3541406-55CC5433169A4D38A7DFA01943D6A072;SP;Presidente Prudente;Curso d'água natural de até 10 metros;Aguardando análise;AT;0,0498
SP-3541406-55E1BDA9E88A4FE68715AFD59620CA93;SP;Presidente Prudente;Curso d'água natural de até 10 metros;Aguardando análise;AT;0,0258
SP-3541406-561484B54FD24C7E93953CC10208C9AA;SP;Presidente Prudente;Curso d'água natural de até 10 metros;Aguardando análise, após revisão ou atendimento da notificação;AT;0,0000
SP-3541406-561484B54FD24C7E93953CC10208C9AA;SP;Presidente Prudente;Curso d'água natural de até 10 metros;Aguardando análise, após revisão ou atendimento da notificação;AT;0,0000
SP-3541406-561484B54FD24C7E93953CC10208C9AA;SP;Presidente Prudente;Curso d'água natural de até 10 metros;Aguardando análise, após revisão ou atendimento da notificação;AT;0,0000
SP-3541406-5637BB12AC094BDEBE8BCCAB4CFA887F;SP;Presidente Prudente;Curso d'água natural de até 10 metros;Aguardando análise, após revisão ou atendimento da notificação;AT;0,0000
SP-3541406-56690FDE26CC4A9B8DB8CDF351FFBB12;SP;Presidente Prudente;Curso d'água natural de até 10 metros;Aguardando análise, após revisão ou atendimento da notificação;AT;0,0000
SP-3541406-56932D9A76B64B0D80CA1003AA391C39;SP;Presidente Prudente;Curso d'água natural de até 10 metros;Analisado, aguardando atendimento a notificação;AT;0,0000
SP-3541406-569DE895840947DBACF18D29D74A3DF7;SP;Presidente Prudente;Curso d'água natural de até 10 metros;Analisado, aguardando atendimento a notificação;AT;0,0000
SP-3541406-569DE895840947DBACF18D29D74A3DF7;SP;Presidente Prudente;Curso d'água natural de até 10 metros;Analisado, aguardando atendimento a notificação;AT;0,0000
SP-3541406-569DE895840947DBACF18D29D74A3DF7;SP;Presidente Prudente;Curso d'água natural de até 10 metros;Analisado, aguardando atendimento a notificação;AT;0,0000
SP-3541406-569DE895840947DBACF18D29D74A3DF7;SP;Presidente Prudente;Curso d'água natural de até 10 metros;Analisado, aguardando atendimento a notificação;AT;0,0000
SP-3541406-569DE895840947DBACF18D29D74A3DF7;SP;Presidente Prudente;Curso d'água natural de até 10 metros;Analisado, aguardando atendimento a notificação;AT;0,0000
SP-3541406-569DE895840947DBACF18D29D74A3DF7;SP;Presidente Prudente;Curso d'água natural de até 10 metros;Analisado, aguardando atendimento a notificação;AT;0,0000
SP-3541406-569DE895840947DBACF18D29D74A3DF7;SP;Presidente Prudente;Curso d'água natural de até 10 metros;Analisado, aguardando atendimento a notificação;AT;2,4465
SP-3541406-56D6245742924CE58F7CC0B7D2EE06BD;SP;Presidente Prudente;Curso d'água natural de até 10 metros;Analisado, aguardando regularização ambiental (Lei nº 12.651/2012);AT;0,1187
SP-3541406-56DC7056E262459BA69BA7884FB248A4;SP;Presidente Prudente;Curso d'água natural de até 10 metros;Aguardando análise;AT;0,0178
SP-3541406-573F0DFA79FC4145AD77B2C0A17915B0;SP;Presidente Prudente;Curso d'água natural de até 10 metros;Analisado, aguardando regularização ambiental (Lei nº 12.651/2012);AT;0,0806
SP-3541406-5753ADEF66A147CD8349024A600B8394;SP;Presidente Prudente;Curso d'água natural de até 10 metros;Aguardando análise;AT;0,0143
SP-3541406-5782C8DB40A54EDE953E90EC9B2DBF93;SP;Presidente Prudente;Curso d'água natural de até 10 metros;Analisado, aguardando atendimento a notificação;AT;0,0000
SP-3541406-5782C8DB40A54EDE953E90EC9B2DBF93;SP;Presidente Prudente;Curso d'água natural de até 10 metros;Analisado, aguardando atendimento a notificação;AT;0,0000
SP-3541406-57C840BB893A40F8BEC6FA225C3A54F5;SP;Presidente Prudente;Curso d'água natural de até 10 metros;Analisado, aguardando atendimento a notificação;AT;0,0000
SP-3541406-57C840BB893A40F8BEC6FA225C3A54F5;SP;Presidente Prudente;Curso d'água natural de até 10 metros;Analisado, aguardando atendimento a notificação;AT;0,0000
SP-3541406-581EDB1A5C8D4D90A4C3DF61797A52F0;SP;Presidente Prudente;Curso d'água natural de até 10 metros;Aguardando análise, após revisão ou atendimento da notificação;AT;0,0095
SP-3541406-582252DAF5B14234B934EC4BC710C590;SP;Presidente Prudente;Curso d'água natural de até 10 metros;Analisado, aguardando regularização ambiental (Lei nº 12.651/2012);AT;0,0213
SP-3541406-5935C1D11D074889BA7020489C26D972;SP;Presidente Prudente;Curso d'água natural de até 10 metros;Aguardando análise;AT;0,0000
SP-3541406-59CA674808D54BB49318E76494FCBF19;SP;Presidente Prudente;Curso d'água natural de até 10 metros;Analisado, aguardando atendimento a notificação;AT;0,1081
SP-3541406-5A0C423E3D044E989CFE6622897878D9;SP;Presidente Prudente;Curso d'água natural de até 10 metros;Analisado, em conformidade com a Lei nº 12.651/2012, com ativos ambientais;AT;0,0562
SP-3541406-5A57076811F04421A8956E9FB6DB0CD2;SP;Presidente Prudente;Curso d'água natural de até 10 metros;Analisado, em conformidade com a Lei nº 12.651/2012, com ativos ambientais;AT;0,0827
SP-3541406-5A65592B512C40C8AB9A59E2592BC80E;SP;Presidente Prudente;Curso d'água natural de até 10 metros;Analisado, em conformidade com a Lei nº 12.651/2012, com ativos ambientais;AT;0,0369
SP-3541406-5A897B4D88DF4ADAA44C6D2EE381F164;SP;Presidente Prudente;Curso d'água natural de até 10 metros;Aguardando análise;AT;0,0000
SP-3541406-5A897B4D88DF4ADAA44C6D2EE381F164;SP;Presidente Prudente;Curso d'água natural de até 10 metros;Aguardando análise;AT;0,0000
SP-3541406-5A897B4D88DF4ADAA44C6D2EE381F164;SP;Presidente Prudente;Curso d'água natural de até 10 metros;Aguardando análise;AT;0,0000
SP-3541406-5A897B4D88DF4ADAA44C6D2EE381F164;SP;Presidente Prudente;Curso d'água natural de até 10 metros;Aguardando análise;AT;0,0000
SP-3541406-5B003E36B49647749FCCAC006B98196B;SP;Presidente Prudente;Curso d'água natural de até 10 metros;Analisado, em conformidade com a Lei nº 12.651/2012, com ativos ambientais;AT;0,0052
SP-3541406-5B022CADE20A4C818432A29602CA4FC5;SP;Presidente Prudente;Curso d'água natural de até 10 metros;Aguardando análise;AT;0,0000
SP-3541406-5B022CADE20A4C818432A29602CA4FC5;SP;Presidente Prudente;Curso d'água natural de até 10 metros;Aguardando análise;AT;0,0000
SP-3541406-5B022CADE20A4C818432A29602CA4FC5;SP;Presidente Prudente;Curso d'água natural de até 10 metros;Aguardando análise;AT;0,0000
SP-3541406-5B1C6BD18CDD47CC9B671491DAFE3660;SP;Presidente Prudente;Curso d'água natural de até 10 metros;Aguardando análise;AT;0,0000
SP-3541406-5B1C6BD18CDD47CC9B671491DAFE3660;SP;Presidente Prudente;Curso d'água natural de até 10 metros;Aguardando análise;AT;0,0000
SP-3541406-5B1C6BD18CDD47CC9B671491DAFE3660;SP;Presidente Prudente;Curso d'água natural de até 10 metros;Aguardando análise;AT;0,0000
SP-3541406-5B1C6BD18CDD47CC9B671491DAFE3660;SP;Presidente Prudente;Curso d'água natural de até 10 metros;Aguardando análise;AT;0,0000
SP-3541406-5B22AA71131C4B39A084ECFA17FF3CBA;SP;Presidente Prudente;Curso d'água natural de até 10 metros;Aguardando análise, após revisão ou atendimento da notificação;AT;0,2688
SP-3541406-5B4FA3F04254470093EE9CB6BBFEC75C;SP;Presidente Prudente;Curso d'água natural de até 10 metros;Analisado, em conformidade com a Lei nº 12.651/2012, com ativos ambientais;AT;0,0028
SP-3541406-5B96528FF99940CB8F6DFEB1DD9BDD4E;SP;Presidente Prudente;Curso d'água natural de até 10 metros;Aguardando análise, após revisão ou atendimento da notificação;AT;0,0000
SP-3541406-5BCA8EF7E71146A28994EB0D8C030AE9;SP;Presidente Prudente;Curso d'água natural de até 10 metros;Aguardando análise, após revisão ou atendimento da notificação;AT;0,0000
SP-3541406-5BDEDDB484A1477389DC192B0548E6EC;SP;Presidente Prudente;Curso d'água natural de até 10 metros;Aguardando análise, após revisão ou atendimento da notificação;AT;0,0000
SP-3541406-5BDEDDB484A1477389DC192B0548E6EC;SP;Presidente Prudente;Curso d'água natural de até 10 metros;Aguardando análise, após revisão ou atendimento da notificação;AT;0,0000
SP-3541406-5BE1181A001244D4ACBC0D667BE542FB;SP;Presidente Prudente;Curso d'água natural de até 10 metros;Aguardando análise;AT;0,0119
SP-3541406-5D0ABFB2045445FFAC0A697E85CDA9F4;SP;Presidente Prudente;Curso d'água natural de até 10 metros;Analisado, em conformidade com a Lei nº 12.651/2012, com ativos ambientais;AT;0,0083
SP-3541406-5D163322A6BA4724AAB50FDBC36B8AF4;SP;Presidente Prudente;Curso d'água natural de até 10 metros;Analisado, em conformidade com a Lei nº 12.651/2012, com ativos ambientais;AT;0,0298
SP-3541406-5D199CD2F8714462A22FBDA3F762721C;SP;Presidente Prudente;Curso d'água natural de até 10 metros;Analisado, em conformidade com a Lei nº 12.651/2012;AT;0,0027
SP-3541406-5D270C0E22B94A3D8A9EE982B8E02962;SP;Presidente Prudente;Curso d'água natural de até 10 metros;Aguardando análise, após revisão ou atendimento da notificação;AT;0,0481
SP-3541406-5D5F62450831456D9BCEBCFCE8712CE6;SP;Presidente Prudente;Curso d'água natural de até 10 metros;Analisado, aguardando regularização ambiental (Lei nº 12.651/2012);AT;0,0000
SP-3541406-5DA110ECB36941B38DE4FEA502E6EAA6;SP;Presidente Prudente;Curso d'água natural de até 10 metros;Analisado, em conformidade com a Lei nº 12.651/2012, com ativos ambientais;AT;0,0047
SP-3541406-5E4BE135FF7F47B8B7D770B8C81F624B;SP;Presidente Prudente;Curso d'água natural de até 10 metros;Analisado, em conformidade com a Lei nº 12.651/2012, com ativos ambientais;AT;0,0037
SP-3541406-5F315D4FF9CF42C79DB4C383DF035457;SP;Presidente Prudente;Curso d'água natural de até 10 metros;Analisado, aguardando atendimento a notificação;AT;0,0122
SP-3541406-5F34376FB5164FACA4071C742526FF35;SP;Presidente Prudente;Curso d'água natural de até 10 metros;Analisado, em conformidade com a Lei nº 12.651/2012, com ativos ambientais;AT;0,0023
SP-3541406-5F40D5611EB34ACD89BC3927CF095A20;SP;Presidente Prudente;Curso d'água natural de até 10 metros;Aguardando análise;AT;0,0131
SP-3541406-5F8078CB68FA4C2FB972EA7EAF56E6A0;SP;Presidente Prudente;Curso d'água natural de até 10 metros;Aguardando análise, após revisão ou atendimento da notificação;AT;0,0000
SP-3541406-5FA48B7BB42F49C7845179B5383386D6;SP;Presidente Prudente;Curso d'água natural de até 10 metros;Aguardando análise;AT;0,0345
SP-3541406-6039426957D949FC88E840129668FEA9;SP;Presidente Prudente;Curso d'água natural de até 10 metros;Analisado, aguardando regularização ambiental (Lei nº 12.651/2012);AT;0,2144
SP-3541406-60C45E0C9DFB44008A9F1C7D289F14E2;SP;Presidente Prudente;Curso d'água natural de até 10 metros;Analisado, em conformidade com a Lei nº 12.651/2012, com ativos ambientais;AT;0,0143
SP-3541406-615202822CA24DD1B33D56687939B9A9;SP;Presidente Prudente;Curso d'água natural de até 10 metros;Analisado, aguardando regularização ambiental (Lei nº 12.651/2012);AT;0,0765
SP-3541406-61528835F2064A5196E1542352905E84;SP;Presidente Prudente;Curso d'água natural de até 10 metros;Aguardando análise, após revisão ou atendimento da notificação;AT;0,0000
SP-3541406-6158EF53E3784F73A17D4833D5C281A4;SP;Presidente Prudente;Curso d'água natural de até 10 metros;Analisado, em conformidade com a Lei nº 12.651/2012, com ativos ambientais;AT;0,0060
SP-3541406-6261890287034E4C89380F4116B7D276;SP;Presidente Prudente;Curso d'água natural de até 10 metros;Analisado, em conformidade com a Lei nº 12.651/2012, com ativos ambientais;AT;0,0477
SP-3541406-62C7EA349ADE4747B8F0370620E01EBC;SP;Presidente Prudente;Curso d'água natural de até 10 metros;Analisado, aguardando regularização ambiental (Lei nº 12.651/2012);AT;0,0053
SP-3541406-62CEE456FFF1466F820FCAA8BE63841D;SP;Presidente Prudente;Curso d'água natural de até 10 metros;Analisado, aguardando atendimento a notificação;AT;0,0000
SP-3541406-62CEE456FFF1466F820FCAA8BE63841D;SP;Presidente Prudente;Curso d'água natural de até 10 metros;Analisado, aguardando atendimento a notificação;AT;0,0000
SP-3541406-62CEE456FFF1466F820FCAA8BE63841D;SP;Presidente Prudente;Curso d'água natural de até 10 metros;Analisado, aguardando atendimento a notificação;AT;0,0000
SP-3541406-631339EA7DC24E76A54CCD7E51853314;SP;Presidente Prudente;Curso d'água natural de até 10 metros;Analisado, aguardando atendimento a notificação;AT;0,0000
SP-3541406-63E43930F0064867A02BECC02A3B35F5;SP;Presidente Prudente;Curso d'água natural de até 10 metros;Analisado, aguardando regularização ambiental (Lei nº 12.651/2012);AT;0,0579
SP-3541406-643D91CD033543F1AB56BF163B3032B1;SP;Presidente Prudente;Curso d'água natural de até 10 metros;Aguardando análise, após revisão ou atendimento da notificação;AT;0,0000
SP-3541406-643D91CD033543F1AB56BF163B3032B1;SP;Presidente Prudente;Curso d'água natural de até 10 metros;Aguardando análise, após revisão ou atendimento da notificação;AT;0,0000
SP-3541406-645D1ECBAC0B412497C6569CC24AA30C;SP;Presidente Prudente;Curso d'água natural de até 10 metros;Aguardando análise, após revisão ou atendimento da notificação;AT;0,0000
SP-3541406-646AFBFED3774890BB62B219ECC44D6F;SP;Presidente Prudente;Curso d'água natural de até 10 metros;Aguardando análise;AT;0,0178
SP-3541406-6489B27C91A947B984927A7278AF0488;SP;Presidente Prudente;Curso d'água natural de até 10 metros;Analisado, em conformidade com a Lei nº 12.651/2012, com ativos ambientais;AT;0,0137
SP-3541406-64E273B02D9447B688D88C3028A1C093;SP;Presidente Prudente;Curso d'água natural de até 10 metros;Aguardando análise, após revisão ou atendimento da notificação;AT;0,0001
SP-3541406-65692682ED4B4927B87BE36AFD101CEA;SP;Presidente Prudente;Curso d'água natural de até 10 metros;Analisado, em conformidade com a Lei nº 12.651/2012, com ativos ambientais;AT;0,0141
SP-3541406-6582BF2CB0064F7E86B9F2FE393ECFBF;SP;Presidente Prudente;Curso d'água natural de até 10 metros;Analisado, aguardando atendimento a notificação;AT;0,0320
SP-3541406-65A8BD2BB9D14690BA746F47A811518B;SP;Presidente Prudente;Curso d'água natural de até 10 metros;Analisado, aguardando atendimento a notificação;AT;0,0000
SP-3541406-66130101BEC04961A84360D658BBEE0A;SP;Presidente Prudente;Curso d'água natural de até 10 metros;Aguardando análise;AT;0,0272
SP-3541406-661B8E18393B4F4E9805F937C148A043;SP;Presidente Prudente;Curso d'água natural de até 10 metros;Aguardando análise, após revisão ou atendimento da notificação;AT;0,0000
SP-3541406-664A4ACD6DA94C9B99487A98BC0F4210;SP;Presidente Prudente;Curso d'água natural de até 10 metros;Aguardando análise, após revisão ou atendimento da notificação;AT;0,0000
SP-3541406-664A4ACD6DA94C9B99487A98BC0F4210;SP;Presidente Prudente;Curso d'água natural de até 10 metros;Aguardando análise, após revisão ou atendimento da notificação;AT;0,0000
SP-3541406-670AA92F4AB349A8AAA4B94B813ED851;SP;Presidente Prudente;Curso d'água natural de até 10 metros;Analisado, aguardando atendimento a notificação;AT;0,0048
SP-3541406-67428BF0CD11480EB2EEEE5D88F64E8D;SP;Presidente Prudente;Curso d'água natural de até 10 metros;Analisado, aguardando atendimento a notificação;AT;0,0000
SP-3541406-67A7DEE0CCD446E0B72567675447F195;SP;Presidente Prudente;Curso d'água natural de até 10 metros;Aguardando análise;AT;0,0284
SP-3541406-67DA33B928484422BC282167909893A0;SP;Presidente Prudente;Curso d'água natural de até 10 metros;Aguardando análise;AT;0,0478
SP-3541406-680569BE1918432489D2186421473CAF;SP;Presidente Prudente;Curso d'água natural de até 10 metros;Aguardando análise, após revisão ou atendimento da notificação;AT;0,0000
SP-3541406-680569BE1918432489D2186421473CAF;SP;Presidente Prudente;Curso d'água natural de até 10 metros;Aguardando análise, após revisão ou atendimento da notificação;AT;0,0000
SP-3541406-68ADB9BF25334978AD2071907771317D;SP;Presidente Prudente;Curso d'água natural de até 10 metros;Analisado, aguardando atendimento a notificação;AT;0,0000
SP-3541406-68ADB9BF25334978AD2071907771317D;SP;Presidente Prudente;Curso d'água natural de até 10 metros;Analisado, aguardando atendimento a notificação;AT;0,0000
SP-3541406-68E6E5CEB668460EA7EE4C5F8B0CBCF5;SP;Presidente Prudente;Curso d'água natural de até 10 metros;Analisado, aguardando regularização ambiental (Lei nº 12.651/2012);AT;0,0548
SP-3541406-6971DE9DD38A43BBAA7835658E5DAFAB;SP;Presidente Prudente;Curso d'água natural de até 10 metros;Aguardando análise;AT;0,0416
SP-3541406-69D465FE9E9A4AC58EAD2E06B347381F;SP;Presidente Prudente;Curso d'água natural de até 10 metros;Aguardando análise;AT;0,0000
SP-3541406-6A34520022CB490F88A03CDC32CBA079;SP;Presidente Prudente;Curso d'água natural de até 10 metros;Analisado, em conformidade com a Lei nº 12.651/2012, com ativos ambientais;AT;0,0116
SP-3541406-6A4AF2BA78BA49B9BF53353086BD363A;SP;Presidente Prudente;Curso d'água natural de até 10 metros;Aguardando análise, após revisão ou atendimento da notificação;AT;0,0000
SP-3541406-6A9B2D9316AB4E659A5418A83F50EE4F;SP;Presidente Prudente;Curso d'água natural de até 10 metros;Aguardando análise;AT;0,0000
SP-3541406-6AC6349BA0624DAD8D97DA874BE75FEC;SP;Presidente Prudente;Curso d'água natural de até 10 metros;Analisado, em conformidade com a Lei nº 12.651/2012;AT;0,0144
SP-3541406-6B3041F370134F8281CFFD1692039567;SP;Presidente Prudente;Curso d'água natural de até 10 metros;Aguardando análise;AT;0,0331
SP-3541406-6BB83EF174934390B6604FAB167705EA;SP;Presidente Prudente;Curso d'água natural de até 10 metros;Analisado, em conformidade com a Lei nº 12.651/2012, com ativos ambientais;AT;0,0085
SP-3541406-6BCB028F79484F04B33F81F795B39474;SP;Presidente Prudente;Curso d'água natural de até 10 metros;Analisado, em conformidade com a Lei nº 12.651/2012, com ativos ambientais;AT;0,0179
SP-3541406-6C425A51CA214FC5A287E03AEB3A2193;SP;Presidente Prudente;Curso d'água natural de até 10 metros;Analisado, aguardando atendimento a notificação;AT;0,0000
SP-3541406-6C425A51CA214FC5A287E03AEB3A2193;SP;Presidente Prudente;Curso d'água natural de até 10 metros;Analisado, aguardando atendimento a notificação;AT;0,0000
SP-3541406-6D085E9DFB5047AE8F9728F78D9684F4;SP;Presidente Prudente;Curso d'água natural de até 10 metros;Analisado, em conformidade com a Lei nº 12.651/2012;AT;0,0150
SP-3541406-6D2C017211424010AF0DE5EEBF35715F;SP;Presidente Prudente;Curso d'água natural de até 10 metros;Aguardando análise;AT;0,0000
SP-3541406-6D61F53E3DA141DDA87BF40B0DD4F27C;SP;Presidente Prudente;Curso d'água natural de até 10 metros;Analisado, aguardando regularização ambiental (Lei nº 12.651/2012);AT;0,0000
SP-3541406-6D68B4FA146E4B839336E40C962377D8;SP;Presidente Prudente;Curso d'água natural de até 10 metros;Analisado, em conformidade com a Lei nº 12.651/2012;AT;0,0339
SP-3541406-6D91D82247D34DA5A98488267E210CCC;SP;Presidente Prudente;Curso d'água natural de até 10 metros;Aguardando análise;AT;0,4383
SP-3541406-6DA7C4734C4C4A57BE78A877A7CD9A7E;SP;Presidente Prudente;Curso d'água natural de até 10 metros;Analisado, aguardando atendimento a notificação;AT;0,0000
SP-3541406-6DA7C4734C4C4A57BE78A877A7CD9A7E;SP;Presidente Prudente;Curso d'água natural de até 10 metros;Analisado, aguardando atendimento a notificação;AT;0,0000
SP-3541406-6DE6D6B543824386BD9CD6010A8EAF68;SP;Presidente Prudente;Curso d'água natural de até 10 metros;Analisado, aguardando atendimento a notificação;AT;0,0000
SP-3541406-6E122A8EBC2F439E955AEB60B1E64F21;SP;Presidente Prudente;Curso d'água natural de até 10 metros;Aguardando análise, após revisão ou atendimento da notificação;AT;0,0000
SP-3541406-6E98EDC433654B05B3306412853E3198;SP;Presidente Prudente;Curso d'água natural de até 10 metros;Aguardando análise;AT;0,2251
SP-3541406-6EA2631BB3154291921B336CF079B1E1;SP;Presidente Prudente;Curso d'água natural de até 10 metros;Aguardando análise;AT;0,0960
SP-3541406-6EA620152CCD4A278AE0D01A30C3642F;SP;Presidente Prudente;Curso d'água natural de até 10 metros;Aguardando análise;AT;0,0000
SP-3541406-6EA620152CCD4A278AE0D01A30C3642F;SP;Presidente Prudente;Curso d'água natural de até 10 metros;Aguardando análise;AT;0,0000
SP-3541406-6EA620152CCD4A278AE0D01A30C3642F;SP;Presidente Prudente;Curso d'água natural de até 10 metros;Aguardando análise;AT;0,0000
SP-3541406-6EA620152CCD4A278AE0D01A30C3642F;SP;Presidente Prudente;Curso d'água natural de até 10 metros;Aguardando análise;AT;0,0000
SP-3541406-6EA620152CCD4A278AE0D01A30C3642F;SP;Presidente Prudente;Curso d'água natural de até 10 metros;Aguardando análise;AT;0,0000
SP-3541406-6EA620152CCD4A278AE0D01A30C3642F;SP;Presidente Prudente;Curso d'água natural de até 10 metros;Aguardando análise;AT;0,0000
SP-3541406-6EA620152CCD4A278AE0D01A30C3642F;SP;Presidente Prudente;Curso d'água natural de até 10 metros;Aguardando análise;AT;0,0000
SP-3541406-6EA620152CCD4A278AE0D01A30C3642F;SP;Presidente Prudente;Curso d'água natural de até 10 metros;Aguardando análise;AT;0,0000
SP-3541406-6ECC5396EA4F4D5C80D61628391A8E10;SP;Presidente Prudente;Curso d'água natural de até 10 metros;Analisado, aguardando atendimento a notificação;AT;0,0095
SP-3541406-6F3AE06FB94E4C0A89814A6A3BE99F52;SP;Presidente Prudente;Curso d'água natural de até 10 metros;Analisado, em conformidade com a Lei nº 12.651/2012, com ativos ambientais;AT;0,0134
SP-3541406-6F906DC6F7D5468F9CAAD3273C6C273D;SP;Presidente Prudente;Curso d'água natural de até 10 metros;Analisado, em conformidade com a Lei nº 12.651/2012, com ativos ambientais;AT;0,0197
SP-3541406-6FFA374B2EB44859B536282EF07E41A8;SP;Presidente Prudente;Curso d'água natural de até 10 metros;Aguardando análise;AT;0,0000
SP-3541406-70239F219CD34498AE55628B64295954;SP;Presidente Prudente;Curso d'água natural de até 10 metros;Aguardando análise;AT;0,0527
SP-3541406-706D3D22648F4B678A0CB05889098D17;SP;Presidente Prudente;Curso d'água natural de até 10 metros;Aguardando análise, após revisão ou atendimento da notificação;AT;0,0000
SP-3541406-70C8ED3F605642FA8B4BC8D51A0ED0BC;SP;Presidente Prudente;Curso d'água natural de até 10 metros;Analisado, aguardando regularização ambiental (Lei nº 12.651/2012);AT;0,0162
SP-3541406-7127D71CB1D94161982D0AF7A95F49C4;SP;Presidente Prudente;Curso d'água natural de até 10 metros;Aguardando análise, após revisão ou atendimento da notificação;AT;0,0106
SP-3541406-715683BC0A214C95A724D722DAC974DC;SP;Presidente Prudente;Curso d'água natural de até 10 metros;Analisado, aguardando atendimento a notificação;AT;0,0083
SP-3541406-71F568656BD44D2E814357192B375DAC;SP;Presidente Prudente;Curso d'água natural de até 10 metros;Aguardando análise;AT;0,0000
SP-3541406-7220800D6567453FBB20641BEC60434D;SP;Presidente Prudente;Curso d'água natural de até 10 metros;Aguardando análise;AT;0,0317
SP-3541406-725F037A1F19497881D7ED279D68B953;SP;Presidente Prudente;Curso d'água natural de até 10 metros;Aguardando análise, após revisão ou atendimento da notificação;AT;0,0000
SP-3541406-725F037A1F19497881D7ED279D68B953;SP;Presidente Prudente;Curso d'água natural de até 10 metros;Aguardando análise, após revisão ou atendimento da notificação;AT;0,0000
SP-3541406-72CFDE7AC9854EBDB822F563E90C7E90;SP;Presidente Prudente;Curso d'água natural de até 10 metros;Analisado, aguardando atendimento a notificação;AT;0,0000
SP-3541406-72D1750479BC48D08DBADA205695D889;SP;Presidente Prudente;Curso d'água natural de até 10 metros;Analisado, aguardando atendimento a notificação;AT;0,1099
SP-3541406-72E7AB33ACA3425E879845BFD99E3C39;SP;Presidente Prudente;Curso d'água natural de até 10 metros;Aguardando análise;AT;0,0000
SP-3541406-7314E2D184C84ECE8D89D7F86AABF107;SP;Presidente Prudente;Curso d'água natural de até 10 metros;Aguardando análise, após revisão ou atendimento da notificação;AT;0,0000
SP-3541406-7314E2D184C84ECE8D89D7F86AABF107;SP;Presidente Prudente;Curso d'água natural de até 10 metros;Aguardando análise, após revisão ou atendimento da notificação;AT;0,0000
SP-3541406-7314E2D184C84ECE8D89D7F86AABF107;SP;Presidente Prudente;Curso d'água natural de até 10 metros;Aguardando análise, após revisão ou atendimento da notificação;AT;0,0000
SP-3541406-735C7B487485483DB8EBD8EC81FDF51A;SP;Presidente Prudente;Curso d'água natural de até 10 metros;Aguardando análise;AT;0,1566
SP-3541406-73936BBA61174EDEA4F20024A389B0C7;SP;Presidente Prudente;Curso d'água natural de até 10 metros;Aguardando análise, após revisão ou atendimento da notificação;AT;0,1390
SP-3541406-73ABAF1F3D254214B32B2FC7F795CF3B;SP;Presidente Prudente;Curso d'água natural de até 10 metros;Analisado, em conformidade com a Lei nº 12.651/2012, com ativos ambientais;AT;0,0122
SP-3541406-73D380E01FD34F11B257D0E28A3B6F3C;SP;Presidente Prudente;Curso d'água natural de até 10 metros;Analisado, aguardando atendimento a notificação;AT;0,0000
SP-3541406-73D380E01FD34F11B257D0E28A3B6F3C;SP;Presidente Prudente;Curso d'água natural de até 10 metros;Analisado, aguardando atendimento a notificação;AT;0,0000
SP-3541406-73D380E01FD34F11B257D0E28A3B6F3C;SP;Presidente Prudente;Curso d'água natural de até 10 metros;Analisado, aguardando atendimento a notificação;AT;0,0000
SP-3541406-73D380E01FD34F11B257D0E28A3B6F3C;SP;Presidente Prudente;Curso d'água natural de até 10 metros;Analisado, aguardando atendimento a notificação;AT;0,0000
SP-3541406-73D380E01FD34F11B257D0E28A3B6F3C;SP;Presidente Prudente;Curso d'água natural de até 10 metros;Analisado, aguardando atendimento a notificação;AT;0,0000
SP-3541406-73D380E01FD34F11B257D0E28A3B6F3C;SP;Presidente Prudente;Curso d'água natural de até 10 metros;Analisado, aguardando atendimento a notificação;AT;1,9106
SP-3541406-73E4F1EDA5BD4713A6AD4A49F80FA079;SP;Presidente Prudente;Curso d'água natural de até 10 metros;Aguardando análise;AT;0,0000
SP-3541406-7528AEB5D56C450CABEB9F18EFEA8D55;SP;Presidente Prudente;Curso d'água natural de até 10 metros;Analisado, aguardando regularização ambiental (Lei nº 12.651/2012);AT;0,0564
SP-3541406-755DB09DF20349B8A7FC85FBA24B109D;SP;Presidente Prudente;Curso d'água natural de até 10 metros;Analisado, em conformidade com a Lei nº 12.651/2012, com ativos ambientais;AT;0,0504
SP-3541406-757D878BBF3A48ECBBB8632E84759B08;SP;Presidente Prudente;Curso d'água natural de até 10 metros;Aguardando análise;AT;0,0063
SP-3541406-758EB6BA0EFC49A6A21689662A503F60;SP;Presidente Prudente;Curso d'água natural de até 10 metros;Analisado, em conformidade com a Lei nº 12.651/2012, com ativos ambientais;AT;0,0167
SP-3541406-75AAB99270CB4A42B9E24A4784227BD6;SP;Presidente Prudente;Curso d'água natural de até 10 metros;Analisado, em conformidade com a Lei nº 12.651/2012, com ativos ambientais;AT;0,0127
SP-3541406-75C1DE955AED48B4B046C66C03608C5C;SP;Presidente Prudente;Curso d'água natural de até 10 metros;Aguardando análise, após revisão ou atendimento da notificação;AT;0,0000
SP-3541406-75C1DE955AED48B4B046C66C03608C5C;SP;Presidente Prudente;Curso d'água natural de até 10 metros;Aguardando análise, após revisão ou atendimento da notificação;AT;0,0000
SP-3541406-76139839CFB04F1BBB91BBB19D1FA59F;SP;Presidente Prudente;Curso d'água natural de até 10 metros;Analisado, aguardando atendimento a notificação;AT;0,0158
SP-3541406-767B9EC346DB4B11A331EFA014BB0AC9;SP;Presidente Prudente;Curso d'água natural de até 10 metros;Aguardando análise;AT;0,0000
SP-3541406-76C2768C87904B198F0A8368CC5FE0EB;SP;Presidente Prudente;Curso d'água natural de até 10 metros;Analisado, aguardando atendimento a notificação;AT;0,0838
SP-3541406-7759C3FF0CA3421ABC250613E0845389;SP;Presidente Prudente;Curso d'água natural de até 10 metros;Analisado, aguardando regularização ambiental (Lei nº 12.651/2012);AT;0,0000
SP-3541406-7759C3FF0CA3421ABC250613E0845389;SP;Presidente Prudente;Curso d'água natural de até 10 metros;Analisado, aguardando regularização ambiental (Lei nº 12.651/2012);AT;0,0000
SP-3541406-7797DE7F08D049D8B990CD4376BE1C6D;SP;Presidente Prudente;Curso d'água natural de até 10 metros;Analisado, em conformidade com a Lei nº 12.651/2012, com ativos ambientais;AT;0,0270
SP-3541406-77EED654F9424A43B25DF635F4F3E218;SP;Presidente Prudente;Curso d'água natural de até 10 metros;Analisado, em conformidade com a Lei nº 12.651/2012;AT;0,0149
SP-3541406-77EFDD4236954EBA9CBFBD7A333CE4D1;SP;Presidente Prudente;Curso d'água natural de até 10 metros;Aguardando análise, após revisão ou atendimento da notificação;AT;0,0000
SP-3541406-77EFDD4236954EBA9CBFBD7A333CE4D1;SP;Presidente Prudente;Curso d'água natural de até 10 metros;Aguardando análise, após revisão ou atendimento da notificação;AT;0,0000
SP-3541406-77EFDD4236954EBA9CBFBD7A333CE4D1;SP;Presidente Prudente;Curso d'água natural de até 10 metros;Aguardando análise, após revisão ou atendimento da notificação;AT;0,0000
SP-3541406-7861CACB920F4118A06136AEDFE1E2A6;SP;Presidente Prudente;Curso d'água natural de até 10 metros;Analisado, aguardando regularização ambiental (Lei nº 12.651/2012);AT;0,0603
SP-3541406-7879B2E517424DB8954E953672BCB977;SP;Presidente Prudente;Curso d'água natural de até 10 metros;Aguardando análise, após revisão ou atendimento da notificação;AT;0,0000
SP-3541406-78F09C6C406D4B91B99999B235F43F70;SP;Presidente Prudente;Curso d'água natural de até 10 metros;Aguardando análise;AT;0,0000
SP-3541406-7941449E883143BBBFA0093A845C6C0B;SP;Presidente Prudente;Curso d'água natural de até 10 metros;Analisado, aguardando atendimento a notificação;AT;0,0000
SP-3541406-79458F4B413347B88774BC240F71A78B;SP;Presidente Prudente;Curso d'água natural de até 10 metros;Analisado, aguardando atendimento a notificação;AT;0,0000
SP-3541406-796C768753D74FBA9822DD4EF489C5FA;SP;Presidente Prudente;Curso d'água natural de até 10 metros;Analisado, aguardando atendimento a notificação;AT;0,0000
SP-3541406-79A235359BAD46A0A22883E6CDBDA6E7;SP;Presidente Prudente;Curso d'água natural de até 10 metros;Analisado, em conformidade com a Lei nº 12.651/2012;AT;0,0295
SP-3541406-7A5CE274D68D4D2DB7DA8A144FF0BB9F;SP;Presidente Prudente;Curso d'água natural de até 10 metros;Em análise;AT;0,1959
SP-3541406-7ABA2A2061F14FC5AD2B81FCDD954CC5;SP;Presidente Prudente;Curso d'água natural de até 10 metros;Aguardando análise;AT;0,0000
SP-3541406-7ABA2A2061F14FC5AD2B81FCDD954CC5;SP;Presidente Prudente;Curso d'água natural de até 10 metros;Aguardando análise;AT;0,0000
SP-3541406-7ADAF652605444318A74210622F7DF58;SP;Presidente Prudente;Curso d'água natural de até 10 metros;Analisado, aguardando atendimento a notificação;AT;0,0117
SP-3541406-7B08709438C44F119E2EFDC35CE55F80;SP;Presidente Prudente;Curso d'água natural de até 10 metros;Aguardando análise, após revisão ou atendimento da notificação;AT;0,0000
SP-3541406-7B4C9136E432410DB863C8D81A746ED5;SP;Presidente Prudente;Curso d'água natural de até 10 metros;Aguardando análise, após revisão ou atendimento da notificação;AT;0,0000
SP-3541406-7B5C527FBA474FC68E373663100FE609;SP;Presidente Prudente;Curso d'água natural de até 10 metros;Aguardando análise, após revisão ou atendimento da notificação;AT;0,0000
SP-3541406-7B5C527FBA474FC68E373663100FE609;SP;Presidente Prudente;Curso d'água natural de até 10 metros;Aguardando análise, após revisão ou atendimento da notificação;AT;0,0000
SP-3541406-7C43B71AAA814F3B9A0A2BCD081055B8;SP;Presidente Prudente;Curso d'água natural de até 10 metros;Analisado, em conformidade com a Lei nº 12.651/2012, com ativos ambientais;AT;0,0217
SP-3541406-7C86A1529AB14E6CAADE99072CD6422E;SP;Presidente Prudente;Curso d'água natural de até 10 metros;Aguardando análise, após revisão ou atendimento da notificação;AT;0,0000
SP-3541406-7C86A1529AB14E6CAADE99072CD6422E;SP;Presidente Prudente;Curso d'água natural de até 10 metros;Aguardando análise, após revisão ou atendimento da notificação;AT;0,0000
SP-3541406-7C86A1529AB14E6CAADE99072CD6422E;SP;Presidente Prudente;Curso d'água natural de até 10 metros;Aguardando análise, após revisão ou atendimento da notificação;AT;0,0000
SP-3541406-7D06A3A8B1224AA8BB93B54487BE267C;SP;Presidente Prudente;Curso d'água natural de até 10 metros;Analisado, aguardando atendimento a notificação;AT;0,0413
SP-3541406-7D4AB954FA8D441E801AB67BB8C14929;SP;Presidente Prudente;Curso d'água natural de até 10 metros;Analisado, aguardando regularização ambiental (Lei nº 12.651/2012);AT;0,1131
SP-3541406-7E3D1355AEA34B46A9BA8C630E778774;SP;Presidente Prudente;Curso d'água natural de até 10 metros;Analisado, aguardando atendimento a notificação;AT;0,0200
SP-3541406-7E53F3053D344995B43D0E12F84C1E84;SP;Presidente Prudente;Curso d'água natural de até 10 metros;Aguardando análise;AT;0,0000
SP-3541406-7EC0FD4F63A74E2782C2754755B570D9;SP;Presidente Prudente;Curso d'água natural de até 10 metros;Analisado, aguardando regularização ambiental (Lei nº 12.651/2012);AT;0,1071
SP-3541406-7EC41330B4FF41848AF2532B94BEAE0D;SP;Presidente Prudente;Curso d'água natural de até 10 metros;Aguardando análise;AT;0,0036
SP-3541406-7F33ECC2F5BB4BDD84ABFB346DB9CAAB;SP;Presidente Prudente;Curso d'água natural de até 10 metros;Analisado, aguardando atendimento a notificação;AT;0,0000
SP-3541406-7FB9B2E49F5C42BDB36C3C29BC363045;SP;Presidente Prudente;Curso d'água natural de até 10 metros;Analisado, aguardando atendimento a notificação;AT;0,0000
SP-3541406-7FB9B2E49F5C42BDB36C3C29BC363045;SP;Presidente Prudente;Curso d'água natural de até 10 metros;Analisado, aguardando atendimento a notificação;AT;0,0000
SP-3541406-7FC2D0B004EE4A61AB2A4A544C0722AB;SP;Presidente Prudente;Curso d'água natural de até 10 metros;Aguardando análise;AT;0,0165
SP-3541406-801890A3DB39461A90413DEF1BB33EFA;SP;Presidente Prudente;Curso d'água natural de até 10 metros;Aguardando análise, após revisão ou atendimento da notificação;AT;0,0000
SP-3541406-803D26D83727422684587A6B51926CFA;SP;Presidente Prudente;Curso d'água natural de até 10 metros;Aguardando análise;AT;0,1227
SP-3541406-804DF3831F4A402EB4627BC96B5F0E9F;SP;Presidente Prudente;Curso d'água natural de até 10 metros;Analisado, em conformidade com a Lei nº 12.651/2012, com ativos ambientais;AT;0,0265
SP-3541406-808D4C0CB2CE4821A5E0DDB0D5E30634;SP;Presidente Prudente;Curso d'água natural de até 10 metros;Analisado, em conformidade com a Lei nº 12.651/2012, com ativos ambientais;AT;0,0766
SP-3541406-80BAC9E270C24C76B7BF330A63B2416D;SP;Presidente Prudente;Curso d'água natural de até 10 metros;Aguardando análise, após revisão ou atendimento da notificação;AT;0,0000
SP-3541406-80F32132691348468F485BB5664E2D5E;SP;Presidente Prudente;Curso d'água natural de até 10 metros;Aguardando análise;AT;0,0000
SP-3541406-812FE8F6161B4AEE9BAB586257DF9144;SP;Presidente Prudente;Curso d'água natural de até 10 metros;Analisado, aguardando atendimento a notificação;AT;0,0080
SP-3541406-8150C2C8F4BA4EFBB0B5418E026D720C;SP;Presidente Prudente;Curso d'água natural de até 10 metros;Aguardando análise;AT;0,0582
SP-3541406-81613F18900844BC81F09C36FEC61D12;SP;Presidente Prudente;Curso d'água natural de até 10 metros;Analisado, aguardando atendimento a notificação;AT;0,0000
SP-3541406-818837B1B83D452FBD669CE14C833DD3;SP;Presidente Prudente;Curso d'água natural de até 10 metros;Aguardando análise;AT;0,0199
SP-3541406-818B6FFE0DD24C6981D78E7E4E2216B5;SP;Presidente Prudente;Curso d'água natural de até 10 metros;Analisado, aguardando atendimento a notificação;AT;0,0000
SP-3541406-8292F99631A14FC19D56D3E059AD09BF;SP;Presidente Prudente;Curso d'água natural de até 10 metros;Analisado, aguardando atendimento a notificação;AT;0,0000
SP-3541406-82C98B6BE51E4560B790E19BC33F85FC;SP;Presidente Prudente;Curso d'água natural de até 10 metros;Analisado, aguardando atendimento a notificação;AT;0,0000
SP-3541406-82C98B6BE51E4560B790E19BC33F85FC;SP;Presidente Prudente;Curso d'água natural de até 10 metros;Analisado, aguardando atendimento a notificação;AT;0,0000
SP-3541406-840BBFAA79AA45F7A2CB8D89647E8AC2;SP;Presidente Prudente;Curso d'água natural de até 10 metros;Aguardando análise;AT;0,0075
SP-3541406-842CA84CBB68410B812AB4908064A86F;SP;Presidente Prudente;Curso d'água natural de até 10 metros;Aguardando análise;AT;0,0000
SP-3541406-842CA84CBB68410B812AB4908064A86F;SP;Presidente Prudente;Curso d'água natural de até 10 metros;Aguardando análise;AT;0,0000
SP-3541406-842CA84CBB68410B812AB4908064A86F;SP;Presidente Prudente;Curso d'água natural de até 10 metros;Aguardando análise;AT;0,0000
SP-3541406-84B523193B09490B9500F1D675EEFAE2;SP;Presidente Prudente;Curso d'água natural de até 10 metros;Analisado, em conformidade com a Lei nº 12.651/2012, com ativos ambientais;AT;0,0087
SP-3541406-84D994E1DE334A03908964B85FD819B0;SP;Presidente Prudente;Curso d'água natural de até 10 metros;Analisado, aguardando regularização ambiental (Lei nº 12.651/2012);AT;0,0768
SP-3541406-84E0906F6D9041A8A99A5297DDB54B78;SP;Presidente Prudente;Curso d'água natural de até 10 metros;Aguardando análise;AT;0,0053
SP-3541406-8512DA0A4DE74843BD824046365EAEC5;SP;Presidente Prudente;Curso d'água natural de até 10 metros;Analisado, em conformidade com a Lei nº 12.651/2012, com ativos ambientais;AT;0,0696
SP-3541406-85B3680C02A149C6B96D978BE869D9ED;SP;Presidente Prudente;Curso d'água natural de até 10 metros;Aguardando análise;AT;0,0097
SP-3541406-85D7A1EB7A42433DAFBA5A0D43944362;SP;Presidente Prudente;Curso d'água natural de até 10 metros;Aguardando análise;AT;0,0000
SP-3541406-85D7A1EB7A42433DAFBA5A0D43944362;SP;Presidente Prudente;Curso d'água natural de até 10 metros;Aguardando análise;AT;0,0465
SP-3541406-8621C8D0079948A7ADA19CC4C7DC4BBB;SP;Presidente Prudente;Curso d'água natural de até 10 metros;Aguardando análise, após revisão ou atendimento da notificação;AT;0,0770
SP-3541406-8688FBFC69A14E9987182CD7350F4263;SP;Presidente Prudente;Curso d'água natural de até 10 metros;Aguardando análise, após revisão ou atendimento da notificação;AT;0,0083
SP-3541406-86B2295DCF0644749B1BC4B2DC05E945;SP;Presidente Prudente;Curso d'água natural de até 10 metros;Aguardando análise;AT;0,0000
SP-3541406-86C4FBEC7DD44956880494370BFEBEEE;SP;Presidente Prudente;Curso d'água natural de até 10 metros;Analisado, em conformidade com a Lei nº 12.651/2012, com ativos ambientais;AT;0,0595
SP-3541406-86CFABFBEEAE4A6FA4E770248B720C6A;SP;Presidente Prudente;Curso d'água natural de até 10 metros;Analisado, aguardando regularização ambiental (Lei nº 12.651/2012);AT;0,1428
SP-3541406-86E65B65547E4CB8AF0F7F12035E4526;SP;Presidente Prudente;Curso d'água natural de até 10 metros;Analisado, aguardando regularização ambiental (Lei nº 12.651/2012);AT;0,0352
SP-3541406-86ECAC616BDE453797D2154DACB25064;SP;Presidente Prudente;Curso d'água natural de até 10 metros;Aguardando análise;AT;0,0242
SP-3541406-87144E51ABA64DF39CC2EB44966D46DB;SP;Presidente Prudente;Curso d'água natural de até 10 metros;Analisado, aguardando atendimento a notificação;AT;0,0000
SP-3541406-8735407F1C134227ADA83C6453786D51;SP;Presidente Prudente;Curso d'água natural de até 10 metros;Analisado, aguardando atendimento a notificação;AT;0,0000
SP-3541406-8767EFA45A734FFCA00670A1963C9807;SP;Presidente Prudente;Curso d'água natural de até 10 metros;Analisado, em conformidade com a Lei nº 12.651/2012, com ativos ambientais;AT;0,0221
SP-3541406-8791933E8E0E4BE1913F2039513FE80A;SP;Presidente Prudente;Curso d'água natural de até 10 metros;Analisado, aguardando atendimento a notificação;AT;0,0000
SP-3541406-8791E83BCBED4B15B5B36FD9BD3DB34B;SP;Presidente Prudente;Curso d'água natural de até 10 metros;Aguardando análise;AT;0,2734
SP-3541406-87FB348869B04A08981F4ADA2A3B404F;SP;Presidente Prudente;Curso d'água natural de até 10 metros;Analisado, aguardando regularização ambiental (Lei nº 12.651/2012);AT;0,0174
SP-3541406-885EF05B8F8A44F9A073A9FB1365223E;SP;Presidente Prudente;Curso d'água natural de até 10 metros;Aguardando análise, após revisão ou atendimento da notificação;AT;0,0000
SP-3541406-885EF05B8F8A44F9A073A9FB1365223E;SP;Presidente Prudente;Curso d'água natural de até 10 metros;Aguardando análise, após revisão ou atendimento da notificação;AT;0,0000
SP-3541406-885EF05B8F8A44F9A073A9FB1365223E;SP;Presidente Prudente;Curso d'água natural de até 10 metros;Aguardando análise, após revisão ou atendimento da notificação;AT;0,0000
SP-3541406-885EF05B8F8A44F9A073A9FB1365223E;SP;Presidente Prudente;Curso d'água natural de até 10 metros;Aguardando análise, após revisão ou atendimento da notificação;AT;0,0000
SP-3541406-88F4A3718F6E4F90A7E767302192A7C3;SP;Presidente Prudente;Curso d'água natural de até 10 metros;Aguardando análise, após revisão ou atendimento da notificação;AT;0,0000
SP-3541406-891EDEE12E414FFFB21E9A72CC20A8BF;SP;Presidente Prudente;Curso d'água natural de até 10 metros;Analisado, aguardando regularização ambiental (Lei nº 12.651/2012);AT;0,0121
SP-3541406-8949D2714B864D168AA50E14C85370FD;SP;Presidente Prudente;Curso d'água natural de até 10 metros;Analisado, aguardando atendimento a notificação;AT;0,0000
SP-3541406-896623FE94104867A5A5F82E0A483457;SP;Presidente Prudente;Curso d'água natural de até 10 metros;Analisado, em conformidade com a Lei nº 12.651/2012, com ativos ambientais;AT;0,0058
SP-3541406-89A4218C84BE4FD8A792598AC6FEDD3A;SP;Presidente Prudente;Curso d'água natural de até 10 metros;Analisado, em conformidade com a Lei nº 12.651/2012, com ativos ambientais;AT;0,0436
SP-3541406-89A4E8141BFD40CB9838E9AF6B1C1A5A;SP;Presidente Prudente;Curso d'água natural de até 10 metros;Aguardando análise, após revisão ou atendimento da notificação;AT;0,0000
SP-3541406-8A59B135BA9747DB81226198300C4B31;SP;Presidente Prudente;Curso d'água natural de até 10 metros;Analisado, em conformidade com a Lei nº 12.651/2012, com ativos ambientais;AT;0,0747
SP-3541406-8A6DE4942DEE4839978C094D047CACBD;SP;Presidente Prudente;Curso d'água natural de até 10 metros;Analisado, aguardando atendimento a notificação;AT;0,0000
SP-3541406-8A6DE4942DEE4839978C094D047CACBD;SP;Presidente Prudente;Curso d'água natural de até 10 metros;Analisado, aguardando atendimento a notificação;AT;0,0000
SP-3541406-8A6DE4942DEE4839978C094D047CACBD;SP;Presidente Prudente;Curso d'água natural de até 10 metros;Analisado, aguardando atendimento a notificação;AT;0,0000
SP-3541406-8A6DE4942DEE4839978C094D047CACBD;SP;Presidente Prudente;Curso d'água natural de até 10 metros;Analisado, aguardando atendimento a notificação;AT;0,0000
SP-3541406-8A6DE4942DEE4839978C094D047CACBD;SP;Presidente Prudente;Curso d'água natural de até 10 metros;Analisado, aguardando atendimento a notificação;AT;0,0000
SP-3541406-8B0C3F81768349C1A373DC24EBE3E612;SP;Presidente Prudente;Curso d'água natural de até 10 metros;Aguardando análise;AT;0,0281
SP-3541406-8B15D7FA4D9C42A794D399D313DC78FD;SP;Presidente Prudente;Curso d'água natural de até 10 metros;Analisado, aguardando regularização ambiental (Lei nº 12.651/2012);AT;0,0557
SP-3541406-8BC7374FCE5A47EDB1AAFEF2314EC5AF;SP;Presidente Prudente;Curso d'água natural de até 10 metros;Aguardando análise;AT;0,0212
SP-3541406-8C1F21A0E1C1416AA42A0E9CA6CA73F7;SP;Presidente Prudente;Curso d'água natural de até 10 metros;Analisado, em conformidade com a Lei nº 12.651/2012, com ativos ambientais;AT;0,0234
SP-3541406-8C743000C67341608BC672DF892572AC;SP;Presidente Prudente;Curso d'água natural de até 10 metros;Analisado, em conformidade com a Lei nº 12.651/2012, com ativos ambientais;AT;0,0134
SP-3541406-8C80D2497E7D48CBB99A7369F39F2892;SP;Presidente Prudente;Curso d'água natural de até 10 metros;Aguardando análise;AT;0,0905
SP-3541406-8CAF6D5825134DD7A0F7B372F9EED2BA;SP;Presidente Prudente;Curso d'água natural de até 10 metros;Aguardando análise;AT;0,0000
SP-3541406-8D374D092D184CC4836A3BF2F782C0F0;SP;Presidente Prudente;Curso d'água natural de até 10 metros;Analisado, aguardando regularização ambiental (Lei nº 12.651/2012);AT;0,0218
SP-3541406-8E356C8948184BBFA5F61EE926D12504;SP;Presidente Prudente;Curso d'água natural de até 10 metros;Aguardando análise;AT;0,0000
SP-3541406-8E7B2DA4BD0E46D4A99DC1D16AD67D38;SP;Presidente Prudente;Curso d'água natural de até 10 metros;Aguardando análise;AT;0,0000
SP-3541406-8E7B2DA4BD0E46D4A99DC1D16AD67D38;SP;Presidente Prudente;Curso d'água natural de até 10 metros;Aguardando análise;AT;0,0000
SP-3541406-8E7B2DA4BD0E46D4A99DC1D16AD67D38;SP;Presidente Prudente;Curso d'água natural de até 10 metros;Aguardando análise;AT;0,0000
SP-3541406-8EB98F6ED52346A28A6AF1F459B8EF42;SP;Presidente Prudente;Curso d'água natural de até 10 metros;Aguardando análise;AT;0,0407
SP-3541406-8ED53BCF1B934A5280187458E12D7D0D;SP;Presidente Prudente;Curso d'água natural de até 10 metros;Analisado, aguardando atendimento a notificação;AT;0,1094
SP-3541406-8EFDB33A7B7343DF94C5AD7DA27252FC;SP;Presidente Prudente;Curso d'água natural de até 10 metros;Aguardando análise;AT;0,0765
SP-3541406-8F279C8CE7E34D11B8BA6AB62214B7D7;SP;Presidente Prudente;Curso d'água natural de até 10 metros;Analisado, aguardando atendimento a notificação;AT;0,0000
SP-3541406-8F279C8CE7E34D11B8BA6AB62214B7D7;SP;Presidente Prudente;Curso d'água natural de até 10 metros;Analisado, aguardando atendimento a notificação;AT;0,0000
SP-3541406-8F2DF17E66A643508EC0634334AF68B3;SP;Presidente Prudente;Curso d'água natural de até 10 metros;Aguardando análise;AT;0,3007
SP-3541406-8F72FEE8ED5647368C107A3BBFFE4598;SP;Presidente Prudente;Curso d'água natural de até 10 metros;Analisado, em conformidade com a Lei nº 12.651/2012, com ativos ambientais;AT;0,0173
SP-3541406-9009D11DED904AA4867ED43C68CD58AC;SP;Presidente Prudente;Curso d'água natural de até 10 metros;Analisado, em conformidade com a Lei nº 12.651/2012, com ativos ambientais;AT;0,0000
SP-3541406-903DA2E80CBD467582F9565141C44767;SP;Presidente Prudente;Curso d'água natural de até 10 metros;Analisado, em conformidade com a Lei nº 12.651/2012;AT;0,0000
SP-3541406-906442D5EE8F44E0B5DFAE36B804CEAE;SP;Presidente Prudente;Curso d'água natural de até 10 metros;Aguardando análise;AT;0,8276
SP-3541406-906442D5EE8F44E0B5DFAE36B804CEAE;SP;Presidente Prudente;Curso d'água natural de até 10 metros;Aguardando análise;AT;0,4323
SP-3541406-906442D5EE8F44E0B5DFAE36B804CEAE;SP;Presidente Prudente;Curso d'água natural de até 10 metros;Aguardando análise;AT;1,3349
SP-3541406-90A3D41F01EC41919E9DCE1BC7BD145E;SP;Presidente Prudente;Curso d'água natural de até 10 metros;Aguardando análise;AT;0,0000
SP-3541406-90FA731F9F1A49D7877BE2372B5D07B2;SP;Presidente Prudente;Curso d'água natural de até 10 metros;Analisado, em conformidade com a Lei nº 12.651/2012, com ativos ambientais;AT;0,0016
SP-3541406-9183F02C957149EB8D15D61301E04A44;SP;Presidente Prudente;Curso d'água natural de até 10 metros;Analisado, aguardando regularização ambiental (Lei nº 12.651/2012);AT;0,0920
SP-3541406-91AC1FE4C1D748F7872ADD01DCF5CCF5;SP;Presidente Prudente;Curso d'água natural de até 10 metros;Aguardando análise, após revisão ou atendimento da notificação;AT;0,0000
SP-3541406-91AC1FE4C1D748F7872ADD01DCF5CCF5;SP;Presidente Prudente;Curso d'água natural de até 10 metros;Aguardando análise, após revisão ou atendimento da notificação;AT;0,0000
SP-3541406-91D6894259B649D59325238B3782B65D;SP;Presidente Prudente;Curso d'água natural de até 10 metros;Aguardando análise;AT;0,0000
SP-3541406-91D6894259B649D59325238B3782B65D;SP;Presidente Prudente;Curso d'água natural de até 10 metros;Aguardando análise;AT;0,0000
SP-3541406-91F398DCDB5B4EF9B72CE9CD44F929B8;SP;Presidente Prudente;Curso d'água natural de até 10 metros;Aguardando análise, após revisão ou atendimento da notificação;AT;0,0000
SP-3541406-922ABBE678EB4F759D1C5A239AF7C661;SP;Presidente Prudente;Curso d'água natural de até 10 metros;Aguardando análise, após revisão ou atendimento da notificação;AT;0,0000
SP-3541406-93BA5DEEAD6D4684892E004F521DBDEF;SP;Presidente Prudente;Curso d'água natural de até 10 metros;Analisado, em conformidade com a Lei nº 12.651/2012, com ativos ambientais;AT;0,0146
SP-3541406-9426C4D4E07E4AF284EC0C136B0E95AC;SP;Presidente Prudente;Curso d'água natural de até 10 metros;Analisado, em conformidade com a Lei nº 12.651/2012, com ativos ambientais;AT;0,0085
SP-3541406-94700EE824A84A51B1B6ECD0C186076E;SP;Presidente Prudente;Curso d'água natural de até 10 metros;Analisado, aguardando atendimento a notificação;AT;0,4376
SP-3541406-94700EE824A84A51B1B6ECD0C186076E;SP;Presidente Prudente;Curso d'água natural de até 10 metros;Analisado, aguardando atendimento a notificação;AT;0,8434
SP-3541406-9472434EEC854B8AB3031BE7A2952A19;SP;Presidente Prudente;Curso d'água natural de até 10 metros;Aguardando análise;AT;0,0000
SP-3541406-9472434EEC854B8AB3031BE7A2952A19;SP;Presidente Prudente;Curso d'água natural de até 10 metros;Aguardando análise;AT;0,0000
SP-3541406-951B792EADCF4345ACF4C9BA89471223;SP;Presidente Prudente;Curso d'água natural de até 10 metros;Aguardando análise, após revisão ou atendimento da notificação;AT;0,0000
SP-3541406-951B792EADCF4345ACF4C9BA89471223;SP;Presidente Prudente;Curso d'água natural de até 10 metros;Aguardando análise, após revisão ou atendimento da notificação;AT;0,0000
SP-3541406-953C16B5806146839FD38BCEBA651962;SP;Presidente Prudente;Curso d'água natural de até 10 metros;Aguardando análise;AT;0,0281
SP-3541406-954AE252A92545C0BD28EC3751AEB45A;SP;Presidente Prudente;Curso d'água natural de até 10 metros;Analisado, aguardando regularização ambiental (Lei nº 12.651/2012);AT;0,0164
SP-3541406-954F4041E8594C8B8E0C708DEB271194;SP;Presidente Prudente;Curso d'água natural de até 10 metros;Aguardando análise;AT;0,0109
SP-3541406-958E3DD5A2D4426E91C72ED4E1F9D96E;SP;Presidente Prudente;Curso d'água natural de até 10 metros;Analisado, em conformidade com a Lei nº 12.651/2012, com ativos ambientais;AT;0,0100
SP-3541406-9593C0F52BDC4884805A7FED1C67E6A7;SP;Presidente Prudente;Curso d'água natural de até 10 metros;Aguardando análise;AT;0,0052
SP-3541406-95A4823A95B048BF9C7AC6461A06BED3;SP;Presidente Prudente;Curso d'água natural de até 10 metros;Analisado, aguardando atendimento a notificação;AT;0,0436
SP-3541406-95F1B5AD5F5448FFA801A140E6922013;SP;Presidente Prudente;Curso d'água natural de até 10 metros;Analisado, em conformidade com a Lei nº 12.651/2012, com ativos ambientais;AT;0,0273
SP-3541406-96AF30A2513C46259C586451F8E82EC0;SP;Presidente Prudente;Curso d'água natural de até 10 metros;Analisado, aguardando regularização ambiental (Lei nº 12.651/2012);AT;0,0339
SP-3541406-96B001A6BB4C431B9401F943711789D2;SP;Presidente Prudente;Curso d'água natural de até 10 metros;Aguardando análise;AT;0,0000
SP-3541406-96B001A6BB4C431B9401F943711789D2;SP;Presidente Prudente;Curso d'água natural de até 10 metros;Aguardando análise;AT;0,0000
SP-3541406-97914A22BEF644228CC75F8689970D7A;SP;Presidente Prudente;Curso d'água natural de até 10 metros;Analisado, em conformidade com a Lei nº 12.651/2012, com ativos ambientais;AT;0,0405
SP-3541406-97F7FBB194344C79B142129EED6D42F5;SP;Presidente Prudente;Curso d'água natural de até 10 metros;Aguardando análise;AT;0,0000
SP-3541406-97F7FBB194344C79B142129EED6D42F5;SP;Presidente Prudente;Curso d'água natural de até 10 metros;Aguardando análise;AT;0,0000
SP-3541406-9817D22B7B454B5C9FF54D6F55B1591C;SP;Presidente Prudente;Curso d'água natural de até 10 metros;Analisado, aguardando regularização ambiental (Lei nº 12.651/2012);AT;0,0073
SP-3541406-982ED68675D148698DC43674DD770360;SP;Presidente Prudente;Curso d'água natural de até 10 metros;Analisado, em conformidade com a Lei nº 12.651/2012, com ativos ambientais;AT;0,0105
SP-3541406-984A58FD3B2244099A150F987D7D1F4C;SP;Presidente Prudente;Curso d'água natural de até 10 metros;Aguardando análise, após revisão ou atendimento da notificação;AT;0,0000
SP-3541406-990458DF76B94698A453AF1CD29242F9;SP;Presidente Prudente;Curso d'água natural de até 10 metros;Analisado, em conformidade com a Lei nº 12.651/2012, com ativos ambientais;AT;0,0226
SP-3541406-997C4B77D113430C8F914777C7B078C2;SP;Presidente Prudente;Curso d'água natural de até 10 metros;Analisado, em conformidade com a Lei nº 12.651/2012, com ativos ambientais;AT;0,0034
SP-3541406-9989C60EAC66419580A7D4EDF230AF03;SP;Presidente Prudente;Curso d'água natural de até 10 metros;Analisado, aguardando regularização ambiental (Lei nº 12.651/2012);AT;0,0293
SP-3541406-99B0AF66C7904A1A825E435CBED5164F;SP;Presidente Prudente;Curso d'água natural de até 10 metros;Aguardando análise;AT;0,0000
SP-3541406-99B0AF66C7904A1A825E435CBED5164F;SP;Presidente Prudente;Curso d'água natural de até 10 metros;Aguardando análise;AT;0,0000
SP-3541406-99C68C262FA04DC7A6221835FAE21D73;SP;Presidente Prudente;Curso d'água natural de até 10 metros;Aguardando análise;AT;0,0087
SP-3541406-99DCE3A4879D453EACB470FA0325822F;SP;Presidente Prudente;Curso d'água natural de até 10 metros;Aguardando análise;AT;0,0484
SP-3541406-9A301C6C78AB4E39940316ADCE4D073A;SP;Presidente Prudente;Curso d'água natural de até 10 metros;Aguardando análise;AT;0,0000
SP-3541406-9A301C6C78AB4E39940316ADCE4D073A;SP;Presidente Prudente;Curso d'água natural de até 10 metros;Aguardando análise;AT;0,0000
SP-3541406-9A6A7D029F7F4BC1A7CE7D601F1DAB66;SP;Presidente Prudente;Curso d'água natural de até 10 metros;Analisado, aguardando atendimento a notificação;AT;0,0178
SP-3541406-9AA2FEAA3AE246969B4E81F781779CAC;SP;Presidente Prudente;Curso d'água natural de até 10 metros;Aguardando análise, após revisão ou atendimento da notificação;AT;0,0000
SP-3541406-9B322DB210E640D5A96644642654AEC0;SP;Presidente Prudente;Curso d'água natural de até 10 metros;Aguardando análise, após revisão ou atendimento da notificação;AT;0,0243
SP-3541406-9B61E3B4620B4EDBA73CC23C76A66102;SP;Presidente Prudente;Curso d'água natural de até 10 metros;Analisado, aguardando atendimento a notificação;AT;0,0162
SP-3541406-9B68C36F262C4C93A3D6449C0922E91B;SP;Presidente Prudente;Curso d'água natural de até 10 metros;Aguardando análise;AT;0,0000
SP-3541406-9B68C36F262C4C93A3D6449C0922E91B;SP;Presidente Prudente;Curso d'água natural de até 10 metros;Aguardando análise;AT;0,0000
SP-3541406-9B97ACF5E22D4B3BA2453E80FE133D5F;SP;Presidente Prudente;Curso d'água natural de até 10 metros;Aguardando análise;AT;0,0077
SP-3541406-9B9BFD915BA74B33AE13D03BB4054125;SP;Presidente Prudente;Curso d'água natural de até 10 metros;Analisado, aguardando atendimento a notificação;AT;0,0019
SP-3541406-9BBDF6F5657D43FD99657E0A52C3138D;SP;Presidente Prudente;Curso d'água natural de até 10 metros;Analisado, em conformidade com a Lei nº 12.651/2012, com ativos ambientais;AT;0,0234
SP-3541406-9C1E11195CF94845BCE1A4C5C20AF629;SP;Presidente Prudente;Curso d'água natural de até 10 metros;Analisado, aguardando atendimento a notificação;AT;0,0073
SP-3541406-9C39B4F7273F4BE8B2009B0EBDE51494;SP;Presidente Prudente;Curso d'água natural de até 10 metros;Analisado, aguardando atendimento a notificação;AT;0,1208
SP-3541406-9C7A1DA116E6413887B0E834540FE727;SP;Presidente Prudente;Curso d'água natural de até 10 metros;Analisado, em regularização ambiental (Lei nº 12.651/2012);AT;0,1085
SP-3541406-9CD14698445A4B7C9049773A67885662;SP;Presidente Prudente;Curso d'água natural de até 10 metros;Analisado, aguardando atendimento a notificação;AT;0,0000
SP-3541406-9CF8B76BED4340F497C91F1A13D28D6F;SP;Presidente Prudente;Curso d'água natural de até 10 metros;Aguardando análise;AT;0,5323
SP-3541406-9D99DB7900F04F2FBF13D164F67BAC87;SP;Presidente Prudente;Curso d'água natural de até 10 metros;Aguardando análise;AT;0,0076
SP-3541406-9E1B2D5AFEFD4718ADB3CC3EE1493D87;SP;Presidente Prudente;Curso d'água natural de até 10 metros;Aguardando análise;AT;0,0078
SP-3541406-9E226374C7BB4FCF8AE9A32962372655;SP;Presidente Prudente;Curso d'água natural de até 10 metros;Analisado, em conformidade com a Lei nº 12.651/2012, com ativos ambientais;AT;0,0133
SP-3541406-9E5666C0F4A04173A67A7B6E90B1A4D3;SP;Presidente Prudente;Curso d'água natural de até 10 metros;Analisado, aguardando regularização ambiental (Lei nº 12.651/2012);AT;0,0151
SP-3541406-9E5B4A6A65C4459AAD05574E8528710B;SP;Presidente Prudente;Curso d'água natural de até 10 metros;Aguardando análise;AT;0,0131
SP-3541406-9E7DA377E3EB4BC7AD41B8660D96ED42;SP;Presidente Prudente;Curso d'água natural de até 10 metros;Aguardando análise;AT;0,0653
SP-3541406-9EE211F424124910A8F2AF623D7C7352;SP;Presidente Prudente;Curso d'água natural de até 10 metros;Analisado, aguardando regularização ambiental (Lei nº 12.651/2012);AT;0,0113
SP-3541406-9EECF12A8D894DE1AEC43A0EDF0BEF55;SP;Presidente Prudente;Curso d'água natural de até 10 metros;Aguardando análise, após revisão ou atendimento da notificação;AT;0,0000
SP-3541406-9EF95AAD58CE4B6CA356B6E94A0B602B;SP;Presidente Prudente;Curso d'água natural de até 10 metros;Analisado, aguardando atendimento a notificação;AT;0,0090
SP-3541406-9F1AAC4F953049D0A3A0217B81EC663A;SP;Presidente Prudente;Curso d'água natural de até 10 metros;Aguardando análise, após revisão ou atendimento da notificação;AT;0,0000
SP-3541406-9F6FB28B476046C1A14F4B09BE56ED6E;SP;Presidente Prudente;Curso d'água natural de até 10 metros;Analisado, aguardando atendimento a notificação;AT;0,0000
SP-3541406-9F83A5CF6B4C41679762767327D4BFF9;SP;Presidente Prudente;Curso d'água natural de até 10 metros;Aguardando análise;AT;0,0000
SP-3541406-9F858001CF28475B8FFAD6FC31E51042;SP;Presidente Prudente;Curso d'água natural de até 10 metros;Aguardando análise;PE;0,0176
SP-3541406-9FA2DA330CA7470BA420EAD3CABDBD86;SP;Presidente Prudente;Curso d'água natural de até 10 metros;Aguardando análise;AT;0,1089
SP-3541406-9FA2DA330CA7470BA420EAD3CABDBD86;SP;Presidente Prudente;Curso d'água natural de até 10 metros;Aguardando análise;AT;0,0000
SP-3541406-9FEDE133D63F43EEAA4B0D0D9FE07619;SP;Presidente Prudente;Curso d'água natural de até 10 metros;Aguardando análise, após revisão ou atendimento da notificação;AT;0,0000
SP-3541406-9FEDE133D63F43EEAA4B0D0D9FE07619;SP;Presidente Prudente;Curso d'água natural de até 10 metros;Aguardando análise, após revisão ou atendimento da notificação;AT;0,0000
SP-3541406-9FEDE133D63F43EEAA4B0D0D9FE07619;SP;Presidente Prudente;Curso d'água natural de até 10 metros;Aguardando análise, após revisão ou atendimento da notificação;AT;0,0000
SP-3541406-9FEDE133D63F43EEAA4B0D0D9FE07619;SP;Presidente Prudente;Curso d'água natural de até 10 metros;Aguardando análise, após revisão ou atendimento da notificação;AT;0,0000
SP-3541406-9FEDE133D63F43EEAA4B0D0D9FE07619;SP;Presidente Prudente;Curso d'água natural de até 10 metros;Aguardando análise, após revisão ou atendimento da notificação;AT;0,0000
SP-3541406-9FEDE133D63F43EEAA4B0D0D9FE07619;SP;Presidente Prudente;Curso d'água natural de até 10 metros;Aguardando análise, após revisão ou atendimento da notificação;AT;0,0000
SP-3541406-9FEDE133D63F43EEAA4B0D0D9FE07619;SP;Presidente Prudente;Curso d'água natural de até 10 metros;Aguardando análise, após revisão ou atendimento da notificação;AT;0,0000
SP-3541406-9FEDE133D63F43EEAA4B0D0D9FE07619;SP;Presidente Prudente;Curso d'água natural de até 10 metros;Aguardando análise, após revisão ou atendimento da notificação;AT;0,0000
SP-3541406-9FEDE133D63F43EEAA4B0D0D9FE07619;SP;Presidente Prudente;Curso d'água natural de até 10 metros;Aguardando análise, após revisão ou atendimento da notificação;AT;0,0000
SP-3541406-9FEDE133D63F43EEAA4B0D0D9FE07619;SP;Presidente Prudente;Curso d'água natural de até 10 metros;Aguardando análise, após revisão ou atendimento da notificação;AT;0,0000
SP-3541406-9FEDE133D63F43EEAA4B0D0D9FE07619;SP;Presidente Prudente;Curso d'água natural de até 10 metros;Aguardando análise, após revisão ou atendimento da notificação;AT;0,0000
SP-3541406-9FEDE133D63F43EEAA4B0D0D9FE07619;SP;Presidente Prudente;Curso d'água natural de até 10 metros;Aguardando análise, após revisão ou atendimento da notificação;AT;0,0000
SP-3541406-9FEDE133D63F43EEAA4B0D0D9FE07619;SP;Presidente Prudente;Curso d'água natural de até 10 metros;Aguardando análise, após revisão ou atendimento da notificação;AT;0,0000
SP-3541406-9FEDE133D63F43EEAA4B0D0D9FE07619;SP;Presidente Prudente;Curso d'água natural de até 10 metros;Aguardando análise, após revisão ou atendimento da notificação;AT;0,0000
SP-3541406-9FEDE133D63F43EEAA4B0D0D9FE07619;SP;Presidente Prudente;Curso d'água natural de até 10 metros;Aguardando análise, após revisão ou atendimento da notificação;AT;0,5598
SP-3541406-9FEDE133D63F43EEAA4B0D0D9FE07619;SP;Presidente Prudente;Curso d'água natural de até 10 metros;Aguardando análise, após revisão ou atendimento da notificação;AT;0,0000
SP-3541406-9FEDE133D63F43EEAA4B0D0D9FE07619;SP;Presidente Prudente;Curso d'água natural de até 10 metros;Aguardando análise, após revisão ou atendimento da notificação;AT;0,0000
SP-3541406-9FEDE133D63F43EEAA4B0D0D9FE07619;SP;Presidente Prudente;Curso d'água natural de até 10 metros;Aguardando análise, após revisão ou atendimento da notificação;AT;0,0000
SP-3541406-9FEDE133D63F43EEAA4B0D0D9FE07619;SP;Presidente Prudente;Curso d'água natural de até 10 metros;Aguardando análise, após revisão ou atendimento da notificação;AT;0,0000
SP-3541406-9FEDE133D63F43EEAA4B0D0D9FE07619;SP;Presidente Prudente;Curso d'água natural de até 10 metros;Aguardando análise, após revisão ou atendimento da notificação;AT;0,0000
SP-3541406-9FEDE133D63F43EEAA4B0D0D9FE07619;SP;Presidente Prudente;Curso d'água natural de até 10 metros;Aguardando análise, após revisão ou atendimento da notificação;AT;0,0000
SP-3541406-A07216232AF54988A11FBB0BCE0A18E9;SP;Presidente Prudente;Curso d'água natural de até 10 metros;Aguardando análise, após revisão ou atendimento da notificação;AT;0,0000
SP-3541406-A07216232AF54988A11FBB0BCE0A18E9;SP;Presidente Prudente;Curso d'água natural de até 10 metros;Aguardando análise, após revisão ou atendimento da notificação;AT;0,0000
SP-3541406-A08AE06B01E04A378B740202386394E4;SP;Presidente Prudente;Curso d'água natural de até 10 metros;Analisado, aguardando regularização ambiental (Lei nº 12.651/2012);AT;0,0945
SP-3541406-A0E7E9A29A7B4D3D971D17676EF28C1B;SP;Presidente Prudente;Curso d'água natural de até 10 metros;Analisado, em conformidade com a Lei nº 12.651/2012, com ativos ambientais;AT;0,0369
SP-3541406-A0FF4ECA6D08486FA23F8D0C65F6788B;SP;Presidente Prudente;Curso d'água natural de até 10 metros;Analisado, aguardando regularização ambiental (Lei nº 12.651/2012);AT;0,0682
SP-3541406-A10E0E0D49DE483FA8244F09A7EB47AF;SP;Presidente Prudente;Curso d'água natural de até 10 metros;Analisado, aguardando atendimento a notificação;AT;0,0928
SP-3541406-A11E03B130744728835D117A2E1D485C;SP;Presidente Prudente;Curso d'água natural de até 10 metros;Aguardando análise;AT;0,0000
SP-3541406-A13F3BDE0E154548B1A30CBCAA59AB5B;SP;Presidente Prudente;Curso d'água natural de até 10 metros;Aguardando análise;AT;0,0748
SP-3541406-A1EA08389F634FADBB6B85A048FE9D47;SP;Presidente Prudente;Curso d'água natural de até 10 metros;Aguardando análise;AT;0,0907
SP-3541406-A2865AB3DA7B4088B4AF5E19971DC413;SP;Presidente Prudente;Curso d'água natural de até 10 metros;Aguardando análise, após revisão ou atendimento da notificação;AT;0,0000
SP-3541406-A2A09122D925400D96098E0E21391621;SP;Presidente Prudente;Curso d'água natural de até 10 metros;Aguardando análise;AT;0,0000
SP-3541406-A2C29F9198994E40B5CA96DBEF715F1A;SP;Presidente Prudente;Curso d'água natural de até 10 metros;Aguardando análise;AT;0,0156
SP-3541406-A2CB34EFB85D450AA418E10A3D2E5D0A;SP;Presidente Prudente;Curso d'água natural de até 10 metros;Analisado, aguardando atendimento a notificação;AT;0,0127
SP-3541406-A2FFA951BB7E4C589BE405EA9E398C4C;SP;Presidente Prudente;Curso d'água natural de até 10 metros;Aguardando análise, após revisão ou atendimento da notificação;AT;0,0000
SP-3541406-A2FFA951BB7E4C589BE405EA9E398C4C;SP;Presidente Prudente;Curso d'água natural de até 10 metros;Aguardando análise, após revisão ou atendimento da notificação;AT;0,0000
SP-3541406-A2FFA951BB7E4C589BE405EA9E398C4C;SP;Presidente Prudente;Curso d'água natural de até 10 metros;Aguardando análise, após revisão ou atendimento da notificação;AT;0,0000
SP-3541406-A2FFA951BB7E4C589BE405EA9E398C4C;SP;Presidente Prudente;Curso d'água natural de até 10 metros;Aguardando análise, após revisão ou atendimento da notificação;AT;0,0000
SP-3541406-A3063B24E08D47A5A2AFEBF78753F4AC;SP;Presidente Prudente;Curso d'água natural de até 10 metros;Analisado, aguardando atendimento a notificação;AT;0,0174
SP-3541406-A34CADA856A64367ABA47A21F981608A;SP;Presidente Prudente;Curso d'água natural de até 10 metros;Analisado, aguardando atendimento a notificação;AT;0,0057
SP-3541406-A35B5F5DBDE048E5BD2067898F2CDA14;SP;Presidente Prudente;Curso d'água natural de até 10 metros;Analisado, aguardando atendimento a notificação;AT;0,0373
SP-3541406-A3890510790E4E6F9F3F94C3535E0C84;SP;Presidente Prudente;Curso d'água natural de até 10 metros;Aguardando análise, após revisão ou atendimento da notificação;AT;0,0000
SP-3541406-A3890510790E4E6F9F3F94C3535E0C84;SP;Presidente Prudente;Curso d'água natural de até 10 metros;Aguardando análise, após revisão ou atendimento da notificação;AT;0,0000
SP-3541406-A3890510790E4E6F9F3F94C3535E0C84;SP;Presidente Prudente;Curso d'água natural de até 10 metros;Aguardando análise, após revisão ou atendimento da notificação;AT;0,0000
SP-3541406-A3890510790E4E6F9F3F94C3535E0C84;SP;Presidente Prudente;Curso d'água natural de até 10 metros;Aguardando análise, após revisão ou atendimento da notificação;AT;0,0000
SP-3541406-A40FB41301894720A1B818449A7E134E;SP;Presidente Prudente;Curso d'água natural de até 10 metros;Analisado, aguardando atendimento a notificação;AT;0,0134
SP-3541406-A69E58DB1FE84512868FFFD5B4500A5F;SP;Presidente Prudente;Curso d'água natural de até 10 metros;Analisado, aguardando atendimento a notificação;AT;0,0000
SP-3541406-A7239C70857647D1B2428A3017F23F1C;SP;Presidente Prudente;Curso d'água natural de até 10 metros;Analisado, aguardando atendimento a notificação;AT;0,1913
SP-3541406-A7943F0C86F748F293FB627519B6450B;SP;Presidente Prudente;Curso d'água natural de até 10 metros;Aguardando análise;AT;0,0000
SP-3541406-A84E9A16CDF14A948918ED35C1E7FFB0;SP;Presidente Prudente;Curso d'água natural de até 10 metros;Analisado, em conformidade com a Lei nº 12.651/2012, com ativos ambientais;AT;0,0179
SP-3541406-A86ECA7F0B784A22BC2743EABD0C8936;SP;Presidente Prudente;Curso d'água natural de até 10 metros;Analisado, aguardando atendimento a notificação;AT;0,0000
SP-3541406-A8A30137B08F4A3EB43214435DF15728;SP;Presidente Prudente;Curso d'água natural de até 10 metros;Analisado, aguardando atendimento a notificação;AT;0,0000
SP-3541406-A8B1166FA0D24AE7961D7B43C60EDCAA;SP;Presidente Prudente;Curso d'água natural de até 10 metros;Analisado, aguardando regularização ambiental (Lei nº 12.651/2012);AT;0,1208
SP-3541406-A8C1EAD4E3314CE4BEA1C5D60BE78F49;SP;Presidente Prudente;Curso d'água natural de até 10 metros;Analisado, em conformidade com a Lei nº 12.651/2012, com ativos ambientais;AT;0,1459
SP-3541406-A8C2A1972C504DBC911F2AA4D0904D9D;SP;Presidente Prudente;Curso d'água natural de até 10 metros;Aguardando análise;AT;0,0177
SP-3541406-A8C51F009A884D3989F227786462E3AD;SP;Presidente Prudente;Curso d'água natural de até 10 metros;Analisado, em conformidade com a Lei nº 12.651/2012, com ativos ambientais;AT;0,0623
SP-3541406-A945ED2FCD054AC99F8B8B82FB074048;SP;Presidente Prudente;Curso d'água natural de até 10 metros;Aguardando análise, após revisão ou atendimento da notificação;AT;0,0000
SP-3541406-A9768B38F4BD452684FEE4F762735F5A;SP;Presidente Prudente;Curso d'água natural de até 10 metros;Aguardando análise;AT;0,0000
SP-3541406-A976C8E5B3D245339906D8FC126B5683;SP;Presidente Prudente;Curso d'água natural de até 10 metros;Analisado, aguardando atendimento a notificação;AT;0,0988
SP-3541406-A9B397AB4CA24F2D801F0C1A00B95C9F;SP;Presidente Prudente;Curso d'água natural de até 10 metros;Analisado, aguardando atendimento a notificação;AT;0,0000
SP-3541406-A9E7CCACA50442E79FB222DB103D735E;SP;Presidente Prudente;Curso d'água natural de até 10 metros;Analisado, em conformidade com a Lei nº 12.651/2012;AT;0,0165
SP-3541406-A9F14DD9BC174C7784F389EC4982C11F;SP;Presidente Prudente;Curso d'água natural de até 10 metros;Analisado, aguardando atendimento a notificação;AT;0,0000
SP-3541406-A9F3DA3FBF5248E88B31FC2FE0DD1B1E;SP;Presidente Prudente;Curso d'água natural de até 10 metros;Analisado, aguardando regularização ambiental (Lei nº 12.651/2012);AT;0,0148
SP-3541406-AA0504F6CB3A48D98E68E975ED1681AC;SP;Presidente Prudente;Curso d'água natural de até 10 metros;Analisado, em conformidade com a Lei nº 12.651/2012, com ativos ambientais;AT;0,0051
SP-3541406-AA11B7CD92D94200A8D1C38B9E77155C;SP;Presidente Prudente;Curso d'água natural de até 10 metros;Analisado, aguardando atendimento a notificação;AT;0,0000
SP-3541406-AA11B7CD92D94200A8D1C38B9E77155C;SP;Presidente Prudente;Curso d'água natural de até 10 metros;Analisado, aguardando atendimento a notificação;AT;0,0000
SP-3541406-AA70505184EC4BF58B5B49B6B3456340;SP;Presidente Prudente;Curso d'água natural de até 10 metros;Aguardando análise;AT;0,0000
SP-3541406-AA70505184EC4BF58B5B49B6B3456340;SP;Presidente Prudente;Curso d'água natural de até 10 metros;Aguardando análise;AT;0,0000
SP-3541406-AA70505184EC4BF58B5B49B6B3456340;SP;Presidente Prudente;Curso d'água natural de até 10 metros;Aguardando análise;AT;0,0000
SP-3541406-AA70505184EC4BF58B5B49B6B3456340;SP;Presidente Prudente;Curso d'água natural de até 10 metros;Aguardando análise;AT;0,0000
SP-3541406-AA70505184EC4BF58B5B49B6B3456340;SP;Presidente Prudente;Curso d'água natural de até 10 metros;Aguardando análise;AT;0,0000
SP-3541406-AA70505184EC4BF58B5B49B6B3456340;SP;Presidente Prudente;Curso d'água natural de até 10 metros;Aguardando análise;AT;0,0000
SP-3541406-AA70505184EC4BF58B5B49B6B3456340;SP;Presidente Prudente;Curso d'água natural de até 10 metros;Aguardando análise;AT;0,0000
SP-3541406-AA70505184EC4BF58B5B49B6B3456340;SP;Presidente Prudente;Curso d'água natural de até 10 metros;Aguardando análise;AT;0,0000
SP-3541406-AA83CD64A9CD4D07A659F0221E91E898;SP;Presidente Prudente;Curso d'água natural de até 10 metros;Analisado, em conformidade com a Lei nº 12.651/2012, com ativos ambientais;AT;0,1139
SP-3541406-AA9B17753175459BA648FD46AE2BC2A0;SP;Presidente Prudente;Curso d'água natural de até 10 metros;Aguardando análise;AT;0,0000
SP-3541406-AA9B17753175459BA648FD46AE2BC2A0;SP;Presidente Prudente;Curso d'água natural de até 10 metros;Aguardando análise;AT;0,0000
SP-3541406-AAB7221A49DF43019710802DA697CF71;SP;Presidente Prudente;Curso d'água natural de até 10 metros;Analisado, aguardando atendimento a notificação;AT;0,0000
SP-3541406-AAB7221A49DF43019710802DA697CF71;SP;Presidente Prudente;Curso d'água natural de até 10 metros;Analisado, aguardando atendimento a notificação;AT;0,0000
SP-3541406-AB3C5DDBC10B4585850DD69DAD6B0852;SP;Presidente Prudente;Curso d'água natural de até 10 metros;Analisado, aguardando regularização ambiental (Lei nº 12.651/2012);AT;0,0301
SP-3541406-AB424F2AAF4344C08BF185BAAC1BB82D;SP;Presidente Prudente;Curso d'água natural de até 10 metros;Analisado, em conformidade com a Lei nº 12.651/2012, com ativos ambientais;AT;0,0394
SP-3541406-AB79289BE4AF4D9B9FE504388890E6DA;SP;Presidente Prudente;Curso d'água natural de até 10 metros;Aguardando análise;AT;0,0001
SP-3541406-AB79555968AA4E8685ABFC6F86ED1F03;SP;Presidente Prudente;Curso d'água natural de até 10 metros;Analisado, aguardando regularização ambiental (Lei nº 12.651/2012);AT;0,2370
SP-3541406-AD04A56666894A7AAD77FF98EA37BD9E;SP;Presidente Prudente;Curso d'água natural de até 10 metros;Analisado, aguardando regularização ambiental (Lei nº 12.651/2012);AT;0,0237
SP-3541406-AD5E9AB13A7F4FD8852E99A870A14DEB;SP;Presidente Prudente;Curso d'água natural de até 10 metros;Analisado, aguardando regularização ambiental (Lei nº 12.651/2012);AT;0,0878
SP-3541406-ADC0D2B429C542EFA1F555457996ACC9;SP;Presidente Prudente;Curso d'água natural de até 10 metros;Aguardando análise;AT;0,0000
SP-3541406-ADEE69CD8FEF46BF806D32DA4C951893;SP;Presidente Prudente;Curso d'água natural de até 10 metros;Analisado, em conformidade com a Lei nº 12.651/2012, com ativos ambientais;AT;0,0431
SP-3541406-AE3C9E30A2B54159A6D37E460A8452C9;SP;Presidente Prudente;Curso d'água natural de até 10 metros;Aguardando análise, após revisão ou atendimento da notificação;AT;0,0000
SP-3541406-AE3C9E30A2B54159A6D37E460A8452C9;SP;Presidente Prudente;Curso d'água natural de até 10 metros;Aguardando análise, após revisão ou atendimento da notificação;AT;0,0000
SP-3541406-AE59F43E2AA24477BB2BA22EF3F46F6D;SP;Presidente Prudente;Curso d'água natural de até 10 metros;Analisado, aguardando atendimento a notificação;AT;0,0310
SP-3541406-AE8F26F5E5D04ABD999D783957FB4D38;SP;Presidente Prudente;Curso d'água natural de até 10 metros;Aguardando análise, após revisão ou atendimento da notificação;AT;0,0000
SP-3541406-AE8F26F5E5D04ABD999D783957FB4D38;SP;Presidente Prudente;Curso d'água natural de até 10 metros;Aguardando análise, após revisão ou atendimento da notificação;AT;0,0000
SP-3541406-AEA8789053F24E7790AA1D5F6945BD53;SP;Presidente Prudente;Curso d'água natural de até 10 metros;Aguardando análise;AT;0,0721
SP-3541406-AEC3772F64304289AA304B80FC19C0DE;SP;Presidente Prudente;Curso d'água natural de até 10 metros;Analisado, em conformidade com a Lei nº 12.651/2012;AT;0,0157
SP-3541406-AEE5CFB2EEED4C6B8AACEBD28537057F;SP;Presidente Prudente;Curso d'água natural de até 10 metros;Analisado, aguardando atendimento a notificação;AT;0,0000
SP-3541406-AF53A5B48CCC4891A5D438E9691F56D4;SP;Presidente Prudente;Curso d'água natural de até 10 metros;Analisado, em conformidade com a Lei nº 12.651/2012, com ativos ambientais;AT;0,0055
SP-3541406-AF8F4E7DCC16421E867E5AE1D22A0E8C;SP;Presidente Prudente;Curso d'água natural de até 10 metros;Analisado, aguardando regularização ambiental (Lei nº 12.651/2012);AT;0,0484
SP-3541406-AFE160397E1243D9A08748C9046B0A39;SP;Presidente Prudente;Curso d'água natural de até 10 metros;Analisado, aguardando regularização ambiental (Lei nº 12.651/2012);AT;0,0078
SP-3541406-AFEE4FD3F0054C14B05D5E72B490C816;SP;Presidente Prudente;Curso d'água natural de até 10 metros;Analisado, aguardando atendimento a notificação;AT;0,0000
SP-3541406-AFF30399ADFB48168A65563959E1D3D3;SP;Presidente Prudente;Curso d'água natural de até 10 metros;Analisado, aguardando atendimento a notificação;AT;0,0225
SP-3541406-B0B11763910C4B179CC39EF5BA8C3983;SP;Presidente Prudente;Curso d'água natural de até 10 metros;Analisado, aguardando regularização ambiental (Lei nº 12.651/2012);AT;0,0187
SP-3541406-B0E3CA21CD2448A9BE3896F090E98FAF;SP;Presidente Prudente;Curso d'água natural de até 10 metros;Analisado, aguardando atendimento a notificação;AT;0,0000
SP-3541406-B11F399992CF4BBFB37F92447C98D857;SP;Presidente Prudente;Curso d'água natural de até 10 metros;Analisado, em conformidade com a Lei nº 12.651/2012, com ativos ambientais;AT;0,0158
SP-3541406-B1E88D3BC9A14360BE27E0BA112F5666;SP;Presidente Prudente;Curso d'água natural de até 10 metros;Analisado, aguardando atendimento a notificação;AT;0,0509
SP-3541406-B1FD5DB54E8B4E4BA4AA8240E8BFF916;SP;Presidente Prudente;Curso d'água natural de até 10 metros;Analisado, aguardando regularização ambiental (Lei nº 12.651/2012);AT;0,0061
SP-3541406-B248E085369E47609316BBAB43C813EA;SP;Presidente Prudente;Curso d'água natural de até 10 metros;Analisado, aguardando regularização ambiental (Lei nº 12.651/2012);AT;0,0280
SP-3541406-B250560536704090A361CEC86FF5479F;SP;Presidente Prudente;Curso d'água natural de até 10 metros;Analisado, aguardando regularização ambiental (Lei nº 12.651/2012);AT;0,0092
SP-3541406-B277AA9334A14440B651115835361F3C;SP;Presidente Prudente;Curso d'água natural de até 10 metros;Aguardando análise;AT;0,0009
SP-3541406-B35850E2B96A418C9D5FD2F276CB93D6;SP;Presidente Prudente;Curso d'água natural de até 10 metros;Analisado, em conformidade com a Lei nº 12.651/2012;AT;0,0041
SP-3541406-B43FD0C3E832469DB1CA8D4A64B7EA9E;SP;Presidente Prudente;Curso d'água natural de até 10 metros;Aguardando análise;AT;0,0000
SP-3541406-B49DE80E5FA7474F9C9E3FA5FD4C493B;SP;Presidente Prudente;Curso d'água natural de até 10 metros;Aguardando análise;AT;0,2318
SP-3541406-B4AD8500228A4EDF93ACA00552EB49D5;SP;Presidente Prudente;Curso d'água natural de até 10 metros;Analisado, em conformidade com a Lei nº 12.651/2012, com ativos ambientais;AT;0,0123
SP-3541406-B513505D28C44B2D9B022F6D377B6343;SP;Presidente Prudente;Curso d'água natural de até 10 metros;Analisado, aguardando atendimento a notificação;AT;0,0131
SP-3541406-B518C413A8B54FB38DF670311B497757;SP;Presidente Prudente;Curso d'água natural de até 10 metros;Aguardando análise;AT;0,0000
SP-3541406-B518C413A8B54FB38DF670311B497757;SP;Presidente Prudente;Curso d'água natural de até 10 metros;Aguardando análise;AT;0,0000
SP-3541406-B51B387637B540E19F35021DF6826703;SP;Presidente Prudente;Curso d'água natural de até 10 metros;Analisado, aguardando regularização ambiental (Lei nº 12.651/2012);AT;0,0548
SP-3541406-B52FFAFA6AD14CF9AFCE7F45373F2FAD;SP;Presidente Prudente;Curso d'água natural de até 10 metros;Analisado, em conformidade com a Lei nº 12.651/2012, com ativos ambientais;AT;0,0363
SP-3541406-B55A8669987D42798B0593DD9C6E21D0;SP;Presidente Prudente;Curso d'água natural de até 10 metros;Analisado, aguardando atendimento a notificação;AT;0,0000
SP-3541406-B55BAE8877524D44891C89143795AC14;SP;Presidente Prudente;Curso d'água natural de até 10 metros;Aguardando análise;AT;0,0099
SP-3541406-B608B806A4B5494BA2EC3461DA212180;SP;Presidente Prudente;Curso d'água natural de até 10 metros;Analisado, em conformidade com a Lei nº 12.651/2012, com ativos ambientais;AT;0,0103
SP-3541406-B674D25355E841E69B0F10777FD992A0;SP;Presidente Prudente;Curso d'água natural de até 10 metros;Analisado, em conformidade com a Lei nº 12.651/2012, com ativos ambientais;AT;0,0060
SP-3541406-B6D6C1978F5D43FAB05B71B29BED74F0;SP;Presidente Prudente;Curso d'água natural de até 10 metros;Analisado, em conformidade com a Lei nº 12.651/2012, com ativos ambientais;AT;0,0231
SP-3541406-B6FEF32D8B1849EF81618A9D33182AEC;SP;Presidente Prudente;Curso d'água natural de até 10 metros;Analisado, aguardando atendimento a notificação;AT;0,0225
SP-3541406-B76CA86BC452404FA8DE7387F4A54A62;SP;Presidente Prudente;Curso d'água natural de até 10 metros;Analisado, aguardando atendimento a notificação;AT;0,0000
SP-3541406-B7BB232F9BB64CE4ABB0A4927FC20F15;SP;Presidente Prudente;Curso d'água natural de até 10 metros;Analisado, em conformidade com a Lei nº 12.651/2012, com ativos ambientais;AT;0,0100
SP-3541406-B7D15FA9262B4B3A9A08DBA20ADD6204;SP;Presidente Prudente;Curso d'água natural de até 10 metros;Aguardando análise, após revisão ou atendimento da notificação;AT;0,0000
SP-3541406-B7D15FA9262B4B3A9A08DBA20ADD6204;SP;Presidente Prudente;Curso d'água natural de até 10 metros;Aguardando análise, após revisão ou atendimento da notificação;AT;0,0000
SP-3541406-B7D15FA9262B4B3A9A08DBA20ADD6204;SP;Presidente Prudente;Curso d'água natural de até 10 metros;Aguardando análise, após revisão ou atendimento da notificação;AT;0,0000
SP-3541406-B7D15FA9262B4B3A9A08DBA20ADD6204;SP;Presidente Prudente;Curso d'água natural de até 10 metros;Aguardando análise, após revisão ou atendimento da notificação;AT;0,0000
SP-3541406-B7D15FA9262B4B3A9A08DBA20ADD6204;SP;Presidente Prudente;Curso d'água natural de até 10 metros;Aguardando análise, após revisão ou atendimento da notificação;AT;0,0000
SP-3541406-B7D15FA9262B4B3A9A08DBA20ADD6204;SP;Presidente Prudente;Curso d'água natural de até 10 metros;Aguardando análise, após revisão ou atendimento da notificação;AT;0,0000
SP-3541406-B7D15FA9262B4B3A9A08DBA20ADD6204;SP;Presidente Prudente;Curso d'água natural de até 10 metros;Aguardando análise, após revisão ou atendimento da notificação;AT;0,0000
SP-3541406-B7D15FA9262B4B3A9A08DBA20ADD6204;SP;Presidente Prudente;Curso d'água natural de até 10 metros;Aguardando análise, após revisão ou atendimento da notificação;AT;0,0000
SP-3541406-B7D15FA9262B4B3A9A08DBA20ADD6204;SP;Presidente Prudente;Curso d'água natural de até 10 metros;Aguardando análise, após revisão ou atendimento da notificação;AT;0,0000
SP-3541406-B7D15FA9262B4B3A9A08DBA20ADD6204;SP;Presidente Prudente;Curso d'água natural de até 10 metros;Aguardando análise, após revisão ou atendimento da notificação;AT;0,0000
SP-3541406-B7D15FA9262B4B3A9A08DBA20ADD6204;SP;Presidente Prudente;Curso d'água natural de até 10 metros;Aguardando análise, após revisão ou atendimento da notificação;AT;0,0000
SP-3541406-B7D15FA9262B4B3A9A08DBA20ADD6204;SP;Presidente Prudente;Curso d'água natural de até 10 metros;Aguardando análise, após revisão ou atendimento da notificação;AT;0,0000
SP-3541406-B7D15FA9262B4B3A9A08DBA20ADD6204;SP;Presidente Prudente;Curso d'água natural de até 10 metros;Aguardando análise, após revisão ou atendimento da notificação;AT;0,0000
SP-3541406-B7D15FA9262B4B3A9A08DBA20ADD6204;SP;Presidente Prudente;Curso d'água natural de até 10 metros;Aguardando análise, após revisão ou atendimento da notificação;AT;0,0000
SP-3541406-B7D15FA9262B4B3A9A08DBA20ADD6204;SP;Presidente Prudente;Curso d'água natural de até 10 metros;Aguardando análise, após revisão ou atendimento da notificação;AT;0,0000
SP-3541406-B7D15FA9262B4B3A9A08DBA20ADD6204;SP;Presidente Prudente;Curso d'água natural de até 10 metros;Aguardando análise, após revisão ou atendimento da notificação;AT;0,0000
SP-3541406-B7D15FA9262B4B3A9A08DBA20ADD6204;SP;Presidente Prudente;Curso d'água natural de até 10 metros;Aguardando análise, após revisão ou atendimento da notificação;AT;0,0000
SP-3541406-B7D15FA9262B4B3A9A08DBA20ADD6204;SP;Presidente Prudente;Curso d'água natural de até 10 metros;Aguardando análise, após revisão ou atendimento da notificação;AT;0,0000
SP-3541406-B7D15FA9262B4B3A9A08DBA20ADD6204;SP;Presidente Prudente;Curso d'água natural de até 10 metros;Aguardando análise, após revisão ou atendimento da notificação;AT;0,0000
SP-3541406-B7D15FA9262B4B3A9A08DBA20ADD6204;SP;Presidente Prudente;Curso d'água natural de até 10 metros;Aguardando análise, após revisão ou atendimento da notificação;AT;0,0000
SP-3541406-B7D15FA9262B4B3A9A08DBA20ADD6204;SP;Presidente Prudente;Curso d'água natural de até 10 metros;Aguardando análise, após revisão ou atendimento da notificação;AT;0,0000
SP-3541406-B7D15FA9262B4B3A9A08DBA20ADD6204;SP;Presidente Prudente;Curso d'água natural de até 10 metros;Aguardando análise, após revisão ou atendimento da notificação;AT;0,0000
SP-3541406-B7D15FA9262B4B3A9A08DBA20ADD6204;SP;Presidente Prudente;Curso d'água natural de até 10 metros;Aguardando análise, após revisão ou atendimento da notificação;AT;0,0000
SP-3541406-B7D15FA9262B4B3A9A08DBA20ADD6204;SP;Presidente Prudente;Curso d'água natural de até 10 metros;Aguardando análise, após revisão ou atendimento da notificação;AT;0,0000
SP-3541406-B7D15FA9262B4B3A9A08DBA20ADD6204;SP;Presidente Prudente;Curso d'água natural de até 10 metros;Aguardando análise, após revisão ou atendimento da notificação;AT;0,0000
SP-3541406-B7D15FA9262B4B3A9A08DBA20ADD6204;SP;Presidente Prudente;Curso d'água natural de até 10 metros;Aguardando análise, após revisão ou atendimento da notificação;AT;0,0000
SP-3541406-B7D15FA9262B4B3A9A08DBA20ADD6204;SP;Presidente Prudente;Curso d'água natural de até 10 metros;Aguardando análise, após revisão ou atendimento da notificação;AT;0,0000
SP-3541406-B7D15FA9262B4B3A9A08DBA20ADD6204;SP;Presidente Prudente;Curso d'água natural de até 10 metros;Aguardando análise, após revisão ou atendimento da notificação;AT;0,0000
SP-3541406-B7D15FA9262B4B3A9A08DBA20ADD6204;SP;Presidente Prudente;Curso d'água natural de até 10 metros;Aguardando análise, após revisão ou atendimento da notificação;AT;0,0000
SP-3541406-B7D15FA9262B4B3A9A08DBA20ADD6204;SP;Presidente Prudente;Curso d'água natural de até 10 metros;Aguardando análise, após revisão ou atendimento da notificação;AT;0,0000
SP-3541406-B7D15FA9262B4B3A9A08DBA20ADD6204;SP;Presidente Prudente;Curso d'água natural de até 10 metros;Aguardando análise, após revisão ou atendimento da notificação;AT;0,0000
SP-3541406-B7D15FA9262B4B3A9A08DBA20ADD6204;SP;Presidente Prudente;Curso d'água natural de até 10 metros;Aguardando análise, após revisão ou atendimento da notificação;AT;0,0000
SP-3541406-B7D15FA9262B4B3A9A08DBA20ADD6204;SP;Presidente Prudente;Curso d'água natural de até 10 metros;Aguardando análise, após revisão ou atendimento da notificação;AT;0,0000
SP-3541406-B7D15FA9262B4B3A9A08DBA20ADD6204;SP;Presidente Prudente;Curso d'água natural de até 10 metros;Aguardando análise, após revisão ou atendimento da notificação;AT;0,0000
SP-3541406-B7D15FA9262B4B3A9A08DBA20ADD6204;SP;Presidente Prudente;Curso d'água natural de até 10 metros;Aguardando análise, após revisão ou atendimento da notificação;AT;0,0000
SP-3541406-B7D15FA9262B4B3A9A08DBA20ADD6204;SP;Presidente Prudente;Curso d'água natural de até 10 metros;Aguardando análise, após revisão ou atendimento da notificação;AT;0,0000
SP-3541406-B7D15FA9262B4B3A9A08DBA20ADD6204;SP;Presidente Prudente;Curso d'água natural de até 10 metros;Aguardando análise, após revisão ou atendimento da notificação;AT;0,0000
SP-3541406-B7D15FA9262B4B3A9A08DBA20ADD6204;SP;Presidente Prudente;Curso d'água natural de até 10 metros;Aguardando análise, após revisão ou atendimento da notificação;AT;0,0000
SP-3541406-B7D15FA9262B4B3A9A08DBA20ADD6204;SP;Presidente Prudente;Curso d'água natural de até 10 metros;Aguardando análise, após revisão ou atendimento da notificação;AT;0,0000
SP-3541406-B7D15FA9262B4B3A9A08DBA20ADD6204;SP;Presidente Prudente;Curso d'água natural de até 10 metros;Aguardando análise, após revisão ou atendimento da notificação;AT;0,0000
SP-3541406-B7D15FA9262B4B3A9A08DBA20ADD6204;SP;Presidente Prudente;Curso d'água natural de até 10 metros;Aguardando análise, após revisão ou atendimento da notificação;AT;0,0000
SP-3541406-B7D15FA9262B4B3A9A08DBA20ADD6204;SP;Presidente Prudente;Curso d'água natural de até 10 metros;Aguardando análise, após revisão ou atendimento da notificação;AT;0,0000
SP-3541406-B7D15FA9262B4B3A9A08DBA20ADD6204;SP;Presidente Prudente;Curso d'água natural de até 10 metros;Aguardando análise, após revisão ou atendimento da notificação;AT;0,0000
SP-3541406-B7D15FA9262B4B3A9A08DBA20ADD6204;SP;Presidente Prudente;Curso d'água natural de até 10 metros;Aguardando análise, após revisão ou atendimento da notificação;AT;0,0000
SP-3541406-B7F54BC3C349459D8EBE825698277BD9;SP;Presidente Prudente;Curso d'água natural de até 10 metros;Aguardando análise, após revisão ou atendimento da notificação;AT;0,0000
SP-3541406-B807D83D904C4349AA8F08E8ABECA6F7;SP;Presidente Prudente;Curso d'água natural de até 10 metros;Analisado, aguardando atendimento a notificação;AT;0,5758
SP-3541406-B814EC3AA6B341C9AC23565C9CDB84DC;SP;Presidente Prudente;Curso d'água natural de até 10 metros;Aguardando análise;AT;0,0463
SP-3541406-B83C1DCF773C428BA586F7670BDA9242;SP;Presidente Prudente;Curso d'água natural de até 10 metros;Analisado, aguardando regularização ambiental (Lei nº 12.651/2012);AT;0,0093
SP-3541406-B858993C3B844344B8C4908CA47D7CEB;SP;Presidente Prudente;Curso d'água natural de até 10 metros;Aguardando análise, após revisão ou atendimento da notificação;AT;0,0000
SP-3541406-B86E468FD9164A728D793842BE9919F9;SP;Presidente Prudente;Curso d'água natural de até 10 metros;Aguardando análise, após revisão ou atendimento da notificação;AT;0,0000
SP-3541406-B87F0FB715F5402EB597F7BC369FE6E6;SP;Presidente Prudente;Curso d'água natural de até 10 metros;Aguardando análise, após revisão ou atendimento da notificação;AT;0,0000
SP-3541406-B882D4C886B44CD5AB7FAEB35F95D4D8;SP;Presidente Prudente;Curso d'água natural de até 10 metros;Analisado, aguardando regularização ambiental (Lei nº 12.651/2012);AT;0,0306
SP-3541406-B8CDE0BE95C544DC90156BE9A16382D8;SP;Presidente Prudente;Curso d'água natural de até 10 metros;Aguardando análise, após revisão ou atendimento da notificação;AT;0,0000
SP-3541406-B8E0A51BA9274F3C8D83C67870DC0CED;SP;Presidente Prudente;Curso d'água natural de até 10 metros;Analisado, aguardando regularização ambiental (Lei nº 12.651/2012);AT;0,0703
SP-3541406-B8E43268883D4A0781D956A4827147EB;SP;Presidente Prudente;Curso d'água natural de até 10 metros;Aguardando análise;AT;0,0502
SP-3541406-B8ED71718F834BC188BFEFE5369774E2;SP;Presidente Prudente;Curso d'água natural de até 10 metros;Analisado, aguardando atendimento a notificação;AT;0,0640
SP-3541406-B9321C0D48334F3CB450619A10BDC1E0;SP;Presidente Prudente;Curso d'água natural de até 10 metros;Analisado, aguardando atendimento a notificação;AT;0,0242
SP-3541406-B936FA1D36DE4A7EB836428598B875E8;SP;Presidente Prudente;Curso d'água natural de até 10 metros;Analisado, aguardando regularização ambiental (Lei nº 12.651/2012);AT;0,0227
SP-3541406-B958CF82829A41FFA266906E5077DDF8;SP;Presidente Prudente;Curso d'água natural de até 10 metros;Analisado, aguardando atendimento a notificação;AT;0,2205
SP-3541406-B95C74B9C055494AA220D821603FF711;SP;Presidente Prudente;Curso d'água natural de até 10 metros;Aguardando análise, após revisão ou atendimento da notificação;AT;4,6435
SP-3541406-B9946E260E564013ACAB1A826086F96B;SP;Presidente Prudente;Curso d'água natural de até 10 metros;Aguardando análise, após revisão ou atendimento da notificação;AT;0,0000
SP-3541406-B9B169EF265A488C91A38D2CD6FBC214;SP;Presidente Prudente;Curso d'água natural de até 10 metros;Analisado, aguardando atendimento a notificação;AT;0,0000
SP-3541406-B9B169EF265A488C91A38D2CD6FBC214;SP;Presidente Prudente;Curso d'água natural de até 10 metros;Analisado, aguardando atendimento a notificação;AT;0,0000
SP-3541406-B9B169EF265A488C91A38D2CD6FBC214;SP;Presidente Prudente;Curso d'água natural de até 10 metros;Analisado, aguardando atendimento a notificação;AT;0,0000
SP-3541406-B9B169EF265A488C91A38D2CD6FBC214;SP;Presidente Prudente;Curso d'água natural de até 10 metros;Analisado, aguardando atendimento a notificação;AT;0,0000
SP-3541406-B9B169EF265A488C91A38D2CD6FBC214;SP;Presidente Prudente;Curso d'água natural de até 10 metros;Analisado, aguardando atendimento a notificação;AT;0,0000
SP-3541406-B9C1B694CED5411DB01DC8154DD08353;SP;Presidente Prudente;Curso d'água natural de até 10 metros;Aguardando análise;AT;0,0000
SP-3541406-B9C1B694CED5411DB01DC8154DD08353;SP;Presidente Prudente;Curso d'água natural de até 10 metros;Aguardando análise;AT;2,0168
SP-3541406-B9C1B694CED5411DB01DC8154DD08353;SP;Presidente Prudente;Curso d'água natural de até 10 metros;Aguardando análise;AT;0,0000
SP-3541406-B9C1B694CED5411DB01DC8154DD08353;SP;Presidente Prudente;Curso d'água natural de até 10 metros;Aguardando análise;AT;0,0000
SP-3541406-B9CF8EFBB2204EB3B02CEC7A221BEBA7;SP;Presidente Prudente;Curso d'água natural de até 10 metros;Analisado, aguardando atendimento a notificação;AT;0,0041
SP-3541406-B9EB1E5A702B40D6B648A16AB4C1B88F;SP;Presidente Prudente;Curso d'água natural de até 10 metros;Aguardando análise;AT;0,0889
SP-3541406-BA70089699C14582A5DBA53EA2BF9CB7;SP;Presidente Prudente;Curso d'água natural de até 10 metros;Aguardando análise, após revisão ou atendimento da notificação;AT;0,1194
SP-3541406-BA8057E0471449FB8785809D5C67B3D5;SP;Presidente Prudente;Curso d'água natural de até 10 metros;Analisado, aguardando regularização ambiental (Lei nº 12.651/2012);AT;0,0667
SP-3541406-BAAC925B6BBA4A858D28136A9D30C575;SP;Presidente Prudente;Curso d'água natural de até 10 metros;Analisado, aguardando atendimento a notificação;AT;0,0813
SP-3541406-BACEE5703D594E5486B6678A92038D91;SP;Presidente Prudente;Curso d'água natural de até 10 metros;Analisado, aguardando atendimento a notificação;AT;0,0000
SP-3541406-BACEE5703D594E5486B6678A92038D91;SP;Presidente Prudente;Curso d'água natural de até 10 metros;Analisado, aguardando atendimento a notificação;AT;0,0000
SP-3541406-BACEE5703D594E5486B6678A92038D91;SP;Presidente Prudente;Curso d'água natural de até 10 metros;Analisado, aguardando atendimento a notificação;AT;0,0000
SP-3541406-BB2AA55EC4014FC683F59C0E7BB7AEB0;SP;Presidente Prudente;Curso d'água natural de até 10 metros;Analisado, em conformidade com a Lei nº 12.651/2012, com ativos ambientais;AT;0,0173
SP-3541406-BB763D6A581A45AF8C993D923AD6756F;SP;Presidente Prudente;Curso d'água natural de até 10 metros;Analisado, aguardando regularização ambiental (Lei nº 12.651/2012);AT;0,0052
SP-3541406-BBF718B51DC648D3A54B9613F7E4C9B3;SP;Presidente Prudente;Curso d'água natural de até 10 metros;Aguardando análise, após revisão ou atendimento da notificação;AT;0,0000
SP-3541406-BBF718B51DC648D3A54B9613F7E4C9B3;SP;Presidente Prudente;Curso d'água natural de até 10 metros;Aguardando análise, após revisão ou atendimento da notificação;AT;0,0000
SP-3541406-BCC42B41156842CDA27B71E2B48EE1E9;SP;Presidente Prudente;Curso d'água natural de até 10 metros;Analisado, em conformidade com a Lei nº 12.651/2012;AT;0,0037
SP-3541406-BD25310C0D9F40ACA91F20A996E8AE31;SP;Presidente Prudente;Curso d'água natural de até 10 metros;Analisado, em conformidade com a Lei nº 12.651/2012, com ativos ambientais;AT;0,0189
SP-3541406-BD2557FAE8C14BB996CD73FC351BE0BC;SP;Presidente Prudente;Curso d'água natural de até 10 metros;Analisado, aguardando regularização ambiental (Lei nº 12.651/2012);AT;0,0137
SP-3541406-BD3C5935C1964DF496FBE492AE9E1835;SP;Presidente Prudente;Curso d'água natural de até 10 metros;Analisado, em conformidade com a Lei nº 12.651/2012, com ativos ambientais;AT;0,0510
SP-3541406-BDB063BFD073449C940F50E828601BC5;SP;Presidente Prudente;Curso d'água natural de até 10 metros;Analisado, em conformidade com a Lei nº 12.651/2012, com ativos ambientais;AT;0,0123
SP-3541406-BDF44A96D8CD452F8A37BA284030E404;SP;Presidente Prudente;Curso d'água natural de até 10 metros;Aguardando análise, após revisão ou atendimento da notificação;AT;0,0000
SP-3541406-BE022D34EA8C4921B4770B8B47453214;SP;Presidente Prudente;Curso d'água natural de até 10 metros;Analisado, em conformidade com a Lei nº 12.651/2012;AT;0,0244
SP-3541406-BE33A16142694DE7A8A142C2E6345B64;SP;Presidente Prudente;Curso d'água natural de até 10 metros;Aguardando análise;AT;0,1872
SP-3541406-BE3406E93BFA4851B0A52B26C5BAFF8B;SP;Presidente Prudente;Curso d'água natural de até 10 metros;Analisado, em conformidade com a Lei nº 12.651/2012, com ativos ambientais;AT;0,0033
SP-3541406-BE39ABEB5E07472B87C3C99925125605;SP;Presidente Prudente;Curso d'água natural de até 10 metros;Analisado, em conformidade com a Lei nº 12.651/2012, com ativos ambientais;AT;0,0360
SP-3541406-BE6FCF94512641889E8A580C0BC67172;SP;Presidente Prudente;Curso d'água natural de até 10 metros;Analisado, aguardando regularização ambiental (Lei nº 12.651/2012);AT;0,0527
SP-3541406-BF1914EA3B314A74B16BC871977A3EF9;SP;Presidente Prudente;Curso d'água natural de até 10 metros;Aguardando análise, após revisão ou atendimento da notificação;AT;0,0000
SP-3541406-BF1D4C9E43224EECB15465FCCC276B55;SP;Presidente Prudente;Curso d'água natural de até 10 metros;Aguardando análise;AT;0,0314
SP-3541406-BF52DA2DFA764F5C9EE530977320A1AA;SP;Presidente Prudente;Curso d'água natural de até 10 metros;Analisado, em conformidade com a Lei nº 12.651/2012, com ativos ambientais;AT;0,0134
SP-3541406-BFECDACE19AD4F5EA1D15401EBE64CDF;SP;Presidente Prudente;Curso d'água natural de até 10 metros;Aguardando análise;AT;0,0153
SP-3541406-C027EBBD489049E18D2A23ECC102EDC9;SP;Presidente Prudente;Curso d'água natural de até 10 metros;Aguardando análise;AT;0,0000
SP-3541406-C027EBBD489049E18D2A23ECC102EDC9;SP;Presidente Prudente;Curso d'água natural de até 10 metros;Aguardando análise;AT;0,0000
SP-3541406-C027EBBD489049E18D2A23ECC102EDC9;SP;Presidente Prudente;Curso d'água natural de até 10 metros;Aguardando análise;AT;0,0000
SP-3541406-C027EBBD489049E18D2A23ECC102EDC9;SP;Presidente Prudente;Curso d'água natural de até 10 metros;Aguardando análise;AT;0,0000
SP-3541406-C032753591F14FE4818E56F58DE47DD3;SP;Presidente Prudente;Curso d'água natural de até 10 metros;Aguardando análise, após revisão ou atendimento da notificação;AT;0,1191
SP-3541406-C0383F0CBC504B48B3B2C55D748B1658;SP;Presidente Prudente;Curso d'água natural de até 10 metros;Analisado, aguardando atendimento a notificação;AT;0,0000
SP-3541406-C03B3323478B4BE59934658DA9941954;SP;Presidente Prudente;Curso d'água natural de até 10 metros;Aguardando análise;AT;0,0000
SP-3541406-C0828FD31A6E49C3B7D8422283282587;SP;Presidente Prudente;Curso d'água natural de até 10 metros;Analisado, aguardando atendimento a notificação;AT;0,0000
SP-3541406-C0828FD31A6E49C3B7D8422283282587;SP;Presidente Prudente;Curso d'água natural de até 10 metros;Analisado, aguardando atendimento a notificação;AT;0,0000
SP-3541406-C0828FD31A6E49C3B7D8422283282587;SP;Presidente Prudente;Curso d'água natural de até 10 metros;Analisado, aguardando atendimento a notificação;AT;0,0000
SP-3541406-C17D5EF84D1B4B63AEB3ADDC83B2D85E;SP;Presidente Prudente;Curso d'água natural de até 10 metros;Analisado, em conformidade com a Lei nº 12.651/2012;AT;0,0011
SP-3541406-C1A2F0D0A3044051917770E1DA623EAD;SP;Presidente Prudente;Curso d'água natural de até 10 metros;Aguardando análise, após revisão ou atendimento da notificação;AT;0,0655
SP-3541406-C1C0CB2F98EC4DB384DDBDE57209505D;SP;Presidente Prudente;Curso d'água natural de até 10 metros;Analisado, aguardando atendimento a notificação;AT;0,1237
SP-3541406-C1E6D03765DE4CAFAF696252240395DA;SP;Presidente Prudente;Curso d'água natural de até 10 metros;Analisado, em conformidade com a Lei nº 12.651/2012, com ativos ambientais;AT;0,0124
SP-3541406-C224E8FCC2F54E82B7295018913CCF12;SP;Presidente Prudente;Curso d'água natural de até 10 metros;Aguardando análise;AT;0,0000
SP-3541406-C22C7AF59E5347229A2D3E0B2BCB2E1F;SP;Presidente Prudente;Curso d'água natural de até 10 metros;Analisado, em conformidade com a Lei nº 12.651/2012;AT;0,0058
SP-3541406-C2393F1EC8C04A3CB18DC3A418A92312;SP;Presidente Prudente;Curso d'água natural de até 10 metros;Aguardando análise;AT;0,0000
SP-3541406-C3738278015342E0B06853B7F6BFD4EA;SP;Presidente Prudente;Curso d'água natural de até 10 metros;Analisado, em conformidade com a Lei nº 12.651/2012;AT;0,0245
SP-3541406-C3C904DCEAED4B479715170CBB8C595F;SP;Presidente Prudente;Curso d'água natural de até 10 metros;Aguardando análise;AT;0,0564
SP-3541406-C3EFBABAB1EB416893CE81C81B1B4C36;SP;Presidente Prudente;Curso d'água natural de até 10 metros;Aguardando análise;AT;0,0507
SP-3541406-C40823AD226148C6A97F9722E3307E50;SP;Presidente Prudente;Curso d'água natural de até 10 metros;Aguardando análise;AT;1,8958
SP-3541406-C42A5E5B5C8B44CFBBDF2C45AB9251CA;SP;Presidente Prudente;Curso d'água natural de até 10 metros;Analisado, aguardando regularização ambiental (Lei nº 12.651/2012);AT;0,1993
SP-3541406-C44AE4A9190942D28E693AC9C04370A8;SP;Presidente Prudente;Curso d'água natural de até 10 metros;Aguardando análise, após revisão ou atendimento da notificação;AT;0,0514
SP-3541406-C44D9D410EAC40E7ADD72AD0FF6914C0;SP;Presidente Prudente;Curso d'água natural de até 10 metros;Aguardando análise, após revisão ou atendimento da notificação;AT;0,0000
SP-3541406-C44D9D410EAC40E7ADD72AD0FF6914C0;SP;Presidente Prudente;Curso d'água natural de até 10 metros;Aguardando análise, após revisão ou atendimento da notificação;AT;0,0000
SP-3541406-C4DF5CE6B9E0497B9A38FC4C399BC235;SP;Presidente Prudente;Curso d'água natural de até 10 metros;Analisado, em conformidade com a Lei nº 12.651/2012, com ativos ambientais;AT;0,0323
SP-3541406-C4ED1BE600684CBB9750198E13FE4193;SP;Presidente Prudente;Curso d'água natural de até 10 metros;Aguardando análise, após revisão ou atendimento da notificação;AT;0,0000
SP-3541406-C4ED1BE600684CBB9750198E13FE4193;SP;Presidente Prudente;Curso d'água natural de até 10 metros;Aguardando análise, após revisão ou atendimento da notificação;AT;0,0000
SP-3541406-C4F9F1B7E94B4EE2B5C61D1067C41E04;SP;Presidente Prudente;Curso d'água natural de até 10 metros;Aguardando análise, após revisão ou atendimento da notificação;AT;0,0000
SP-3541406-C538B2BCD1E94326866A046D297BD802;SP;Presidente Prudente;Curso d'água natural de até 10 metros;Analisado, aguardando regularização ambiental (Lei nº 12.651/2012);AT;0,0084
SP-3541406-C5749C4387F44A06BF0395513F350A73;SP;Presidente Prudente;Curso d'água natural de até 10 metros;Analisado, aguardando atendimento a notificação;AT;0,0022
SP-3541406-C5811853C42842DCAE279DE6AED272B1;SP;Presidente Prudente;Curso d'água natural de até 10 metros;Analisado, em conformidade com a Lei nº 12.651/2012, com ativos ambientais;AT;0,0046
SP-3541406-C5A6AC39744D48B88D52921BEFBA981D;SP;Presidente Prudente;Curso d'água natural de até 10 metros;Aguardando análise;AT;0,0316
SP-3541406-C5DB28C583FE4715BBA50DCE864AEDBA;SP;Presidente Prudente;Curso d'água natural de até 10 metros;Analisado, aguardando atendimento a notificação;AT;0,0000
SP-3541406-C5DB28C583FE4715BBA50DCE864AEDBA;SP;Presidente Prudente;Curso d'água natural de até 10 metros;Analisado, aguardando atendimento a notificação;AT;0,0000
SP-3541406-C5E84EC77DFA47C483EC0559CAECABDC;SP;Presidente Prudente;Curso d'água natural de até 10 metros;Analisado, aguardando regularização ambiental (Lei nº 12.651/2012);AT;0,0037
SP-3541406-C61CE95684B743EFB5142810419BDE1C;SP;Presidente Prudente;Curso d'água natural de até 10 metros;Aguardando análise, após revisão ou atendimento da notificação;AT;0,0000
SP-3541406-C61CE95684B743EFB5142810419BDE1C;SP;Presidente Prudente;Curso d'água natural de até 10 metros;Aguardando análise, após revisão ou atendimento da notificação;AT;0,0000
SP-3541406-C656A498027E4EFEBBADB9978F4014C7;SP;Presidente Prudente;Curso d'água natural de até 10 metros;Analisado, em conformidade com a Lei nº 12.651/2012;AT;0,0000
SP-3541406-C66714A4CA57481792DCC639B25653D5;SP;Presidente Prudente;Curso d'água natural de até 10 metros;Aguardando análise, após revisão ou atendimento da notificação;AT;0,0697
SP-3541406-C69B150751184B83AD08F8D290786716;SP;Presidente Prudente;Curso d'água natural de até 10 metros;Analisado, em conformidade com a Lei nº 12.651/2012, com ativos ambientais;AT;0,0255
SP-3541406-C6BC475E7917488786CE1BEF626FB1C8;SP;Presidente Prudente;Curso d'água natural de até 10 metros;Aguardando análise, após revisão ou atendimento da notificação;AT;0,0000
SP-3541406-C6E73F98A3044700BA62BABDAC1E25B6;SP;Presidente Prudente;Curso d'água natural de até 10 metros;Aguardando análise, após revisão ou atendimento da notificação;AT;0,0000
SP-3541406-C6E73F98A3044700BA62BABDAC1E25B6;SP;Presidente Prudente;Curso d'água natural de até 10 metros;Aguardando análise, após revisão ou atendimento da notificação;AT;0,0000
SP-3541406-C6E79C3201BB4902BBE36CC015BDA6EF;SP;Presidente Prudente;Curso d'água natural de até 10 metros;Analisado, aguardando regularização ambiental (Lei nº 12.651/2012);AT;0,0118
SP-3541406-C70AEC0C9D3E44BEAF6DFE230BFFC29C;SP;Presidente Prudente;Curso d'água natural de até 10 metros;Analisado, em conformidade com a Lei nº 12.651/2012, com ativos ambientais;AT;0,0086
SP-3541406-C732E0AE58D3434C9C6AB22A7CAE15D9;SP;Presidente Prudente;Curso d'água natural de até 10 metros;Aguardando análise;AT;0,0149
SP-3541406-C80F81D0533A493AB6CA63D8ECD7B619;SP;Presidente Prudente;Curso d'água natural de até 10 metros;Analisado, em conformidade com a Lei nº 12.651/2012, com ativos ambientais;AT;0,0049
SP-3541406-C8233286EC0245748590794E663B28B6;SP;Presidente Prudente;Curso d'água natural de até 10 metros;Analisado, aguardando atendimento a notificação;AT;0,0434
SP-3541406-C848D33A1BE641EA9AA6F3EA239BF362;SP;Presidente Prudente;Curso d'água natural de até 10 metros;Aguardando análise, após revisão ou atendimento da notificação;AT;0,0000
SP-3541406-C848D33A1BE641EA9AA6F3EA239BF362;SP;Presidente Prudente;Curso d'água natural de até 10 metros;Aguardando análise, após revisão ou atendimento da notificação;AT;0,0000
SP-3541406-C848D33A1BE641EA9AA6F3EA239BF362;SP;Presidente Prudente;Curso d'água natural de até 10 metros;Aguardando análise, após revisão ou atendimento da notificação;AT;0,0000
SP-3541406-C848D33A1BE641EA9AA6F3EA239BF362;SP;Presidente Prudente;Curso d'água natural de até 10 metros;Aguardando análise, após revisão ou atendimento da notificação;AT;0,0000
SP-3541406-C85AD81D24F0443F8425AF2ECE2104D4;SP;Presidente Prudente;Curso d'água natural de até 10 metros;Aguardando análise;AT;0,0068
SP-3541406-C8B6578B5EF546B38461357A4C461B58;SP;Presidente Prudente;Curso d'água natural de até 10 metros;Analisado, aguardando atendimento a notificação;AT;0,1238
SP-3541406-C8E57F87DDD4452FA870F79BD2686DAC;SP;Presidente Prudente;Curso d'água natural de até 10 metros;Analisado, aguardando regularização ambiental (Lei nº 12.651/2012);AT;0,0829
SP-3541406-C91E8E6275954AE1922200682B5F1B8F;SP;Presidente Prudente;Curso d'água natural de até 10 metros;Aguardando análise;AT;0,0096
SP-3541406-C91F8B41010B4E119194094974D65458;SP;Presidente Prudente;Curso d'água natural de até 10 metros;Aguardando análise, após revisão ou atendimento da notificação;AT;0,0000
SP-3541406-C9418296A20C4920B61F7446CBEF0E8F;SP;Presidente Prudente;Curso d'água natural de até 10 metros;Aguardando análise;AT;0,0000
SP-3541406-C9418296A20C4920B61F7446CBEF0E8F;SP;Presidente Prudente;Curso d'água natural de até 10 metros;Aguardando análise;AT;0,0000
SP-3541406-C9418296A20C4920B61F7446CBEF0E8F;SP;Presidente Prudente;Curso d'água natural de até 10 metros;Aguardando análise;AT;0,0000
SP-3541406-C947599BF206427FAC4087E7E967F412;SP;Presidente Prudente;Curso d'água natural de até 10 metros;Aguardando análise, após revisão ou atendimento da notificação;AT;0,0000
SP-3541406-C9CB74C0A58D4287B200B7BFD1C14BAE;SP;Presidente Prudente;Curso d'água natural de até 10 metros;Analisado, aguardando atendimento a notificação;AT;0,0000
SP-3541406-C9CB74C0A58D4287B200B7BFD1C14BAE;SP;Presidente Prudente;Curso d'água natural de até 10 metros;Analisado, aguardando atendimento a notificação;AT;0,0000
SP-3541406-C9D70A5346BF46239A8DA643945CE5F5;SP;Presidente Prudente;Curso d'água natural de até 10 metros;Aguardando análise, após revisão ou atendimento da notificação;AT;0,0000
SP-3541406-C9DE08D5DED14D1686D4CF799A004293;SP;Presidente Prudente;Curso d'água natural de até 10 metros;Analisado, em conformidade com a Lei nº 12.651/2012, com ativos ambientais;AT;0,0108
SP-3541406-C9DFA379269A4951A8202E2F4807BCCD;SP;Presidente Prudente;Curso d'água natural de até 10 metros;Analisado, aguardando atendimento a notificação;AT;0,0000
SP-3541406-C9DFA379269A4951A8202E2F4807BCCD;SP;Presidente Prudente;Curso d'água natural de até 10 metros;Analisado, aguardando atendimento a notificação;AT;0,0000
SP-3541406-C9DFA379269A4951A8202E2F4807BCCD;SP;Presidente Prudente;Curso d'água natural de até 10 metros;Analisado, aguardando atendimento a notificação;AT;0,0000
SP-3541406-CA11BAD16FFC44D0ABA7B0C76382AA17;SP;Presidente Prudente;Curso d'água natural de até 10 metros;Aguardando análise;AT;0,0132
SP-3541406-CA6221ACB9A349FFA5DBA7F06C0D1898;SP;Presidente Prudente;Curso d'água natural de até 10 metros;Analisado, em conformidade com a Lei nº 12.651/2012, com ativos ambientais;AT;0,2099
SP-3541406-CB7B99F2BB7B45D085A8D2E249C71F5E;SP;Presidente Prudente;Curso d'água natural de até 10 metros;Analisado, aguardando atendimento a notificação;AT;0,0000
SP-3541406-CB8B7C00FCEC4F248B6A37D819F984D1;SP;Presidente Prudente;Curso d'água natural de até 10 metros;Aguardando análise;AT;0,0000
SP-3541406-CB94C89F64004EF2B71301BD7097DAA8;SP;Presidente Prudente;Curso d'água natural de até 10 metros;Analisado, em conformidade com a Lei nº 12.651/2012;AT;0,0128
SP-3541406-CBA724BC07A14F8499C229E9C70B323A;SP;Presidente Prudente;Curso d'água natural de até 10 metros;Analisado, em conformidade com a Lei nº 12.651/2012, com ativos ambientais;AT;0,0115
SP-3541406-CBCC1DBF6D7E4B59806B71B1DC8F28BC;SP;Presidente Prudente;Curso d'água natural de até 10 metros;Analisado, em conformidade com a Lei nº 12.651/2012, com ativos ambientais;AT;0,0480
SP-3541406-CBD00D76D7FA4F5C9892DC2EEECC2112;SP;Presidente Prudente;Curso d'água natural de até 10 metros;Analisado, aguardando regularização ambiental (Lei nº 12.651/2012);AT;0,0021
SP-3541406-CC09A913B2AB4B9285DAE70418AC79A5;SP;Presidente Prudente;Curso d'água natural de até 10 metros;Analisado, aguardando atendimento a notificação;AT;0,0000
SP-3541406-CD0DEFFC910745AE8BF443B4BF54B224;SP;Presidente Prudente;Curso d'água natural de até 10 metros;Aguardando análise;AT;0,0000
SP-3541406-CD0DEFFC910745AE8BF443B4BF54B224;SP;Presidente Prudente;Curso d'água natural de até 10 metros;Aguardando análise;AT;0,0000
SP-3541406-CD127EBAAE6C45A8AC89D1B3F9DB2B0F;SP;Presidente Prudente;Curso d'água natural de até 10 metros;Analisado, em conformidade com a Lei nº 12.651/2012, com ativos ambientais;AT;0,0059
SP-3541406-CD18F0A71D01481AB6EC59335F955B7D;SP;Presidente Prudente;Curso d'água natural de até 10 metros;Em análise;AT;0,0000
SP-3541406-CD18F0A71D01481AB6EC59335F955B7D;SP;Presidente Prudente;Curso d'água natural de até 10 metros;Em análise;AT;0,0000
SP-3541406-CD38AFE98D524816A862C0764B68891F;SP;Presidente Prudente;Curso d'água natural de até 10 metros;Analisado, em conformidade com a Lei nº 12.651/2012, com ativos ambientais;AT;0,0174
SP-3541406-CD8606B791F44CACA74B0A2D956D86CF;SP;Presidente Prudente;Curso d'água natural de até 10 metros;Aguardando análise, após revisão ou atendimento da notificação;AT;0,0000
SP-3541406-CDF9FB0B2D314680ACDCFDF424291F93;SP;Presidente Prudente;Curso d'água natural de até 10 metros;Aguardando análise;AT;0,1242
SP-3541406-CE71B936827B43E69DFC6CE0A950D6E4;SP;Presidente Prudente;Curso d'água natural de até 10 metros;Aguardando análise;AT;0,0000
SP-3541406-CE71B936827B43E69DFC6CE0A950D6E4;SP;Presidente Prudente;Curso d'água natural de até 10 metros;Aguardando análise;AT;0,0000
SP-3541406-CE71B936827B43E69DFC6CE0A950D6E4;SP;Presidente Prudente;Curso d'água natural de até 10 metros;Aguardando análise;AT;0,0000
SP-3541406-CE71B936827B43E69DFC6CE0A950D6E4;SP;Presidente Prudente;Curso d'água natural de até 10 metros;Aguardando análise;AT;0,0000
SP-3541406-CE71B936827B43E69DFC6CE0A950D6E4;SP;Presidente Prudente;Curso d'água natural de até 10 metros;Aguardando análise;AT;0,0000
SP-3541406-CE71B936827B43E69DFC6CE0A950D6E4;SP;Presidente Prudente;Curso d'água natural de até 10 metros;Aguardando análise;AT;0,0000
SP-3541406-CE71B936827B43E69DFC6CE0A950D6E4;SP;Presidente Prudente;Curso d'água natural de até 10 metros;Aguardando análise;AT;0,0000
SP-3541406-CE71B936827B43E69DFC6CE0A950D6E4;SP;Presidente Prudente;Curso d'água natural de até 10 metros;Aguardando análise;AT;0,0000
SP-3541406-CE7BBC3C71EB4442AE40B3574DA1B1C9;SP;Presidente Prudente;Curso d'água natural de até 10 metros;Analisado, aguardando atendimento a notificação;AT;0,0002
SP-3541406-CE7C574B93994B68A92BFD255478D87A;SP;Presidente Prudente;Curso d'água natural de até 10 metros;Analisado, aguardando atendimento a notificação;AT;0,0000
SP-3541406-CE7C574B93994B68A92BFD255478D87A;SP;Presidente Prudente;Curso d'água natural de até 10 metros;Analisado, aguardando atendimento a notificação;AT;0,0000
SP-3541406-CE859E67D2E74B83B927EA4387CCB1F7;SP;Presidente Prudente;Curso d'água natural de até 10 metros;Analisado, em conformidade com a Lei nº 12.651/2012, com ativos ambientais;AT;0,0013
SP-3541406-CE9AF054016147D5B8CAD7C7A40FC16A;SP;Presidente Prudente;Curso d'água natural de até 10 metros;Aguardando análise;AT;0,1099
SP-3541406-CEB53183E7C04D6C8E8AC08022529E0C;SP;Presidente Prudente;Curso d'água natural de até 10 metros;Aguardando análise, após revisão ou atendimento da notificação;AT;0,0000
SP-3541406-CF428AC08A3645B0B5C159961DCD9F93;SP;Presidente Prudente;Curso d'água natural de até 10 metros;Aguardando análise;AT;0,0000
SP-3541406-CFA9F402383140E88C91430F52ABAD82;SP;Presidente Prudente;Curso d'água natural de até 10 metros;Analisado, aguardando regularização ambiental (Lei nº 12.651/2012);AT;0,0930
SP-3541406-D0083E95DA914A1F8E32B517E641D040;SP;Presidente Prudente;Curso d'água natural de até 10 metros;Analisado, em conformidade com a Lei nº 12.651/2012, com ativos ambientais;AT;0,0118
SP-3541406-D00A2B2C9BCB4957855D22C8376E7780;SP;Presidente Prudente;Curso d'água natural de até 10 metros;Aguardando análise, após revisão ou atendimento da notificação;AT;0,0000
SP-3541406-D00A2B2C9BCB4957855D22C8376E7780;SP;Presidente Prudente;Curso d'água natural de até 10 metros;Aguardando análise, após revisão ou atendimento da notificação;AT;0,0000
SP-3541406-D00A2B2C9BCB4957855D22C8376E7780;SP;Presidente Prudente;Curso d'água natural de até 10 metros;Aguardando análise, após revisão ou atendimento da notificação;AT;0,0000
SP-3541406-D00A2B2C9BCB4957855D22C8376E7780;SP;Presidente Prudente;Curso d'água natural de até 10 metros;Aguardando análise, após revisão ou atendimento da notificação;AT;0,0000
SP-3541406-D01955ADE6B448628EE1687A42BD6EBA;SP;Presidente Prudente;Curso d'água natural de até 10 metros;Aguardando análise;AT;0,0254
SP-3541406-D02375B8907E4A87A429F42A792FB96F;SP;Presidente Prudente;Curso d'água natural de até 10 metros;Analisado, em conformidade com a Lei nº 12.651/2012, com ativos ambientais;AT;0,0119
SP-3541406-D02739FB9C2A4B51B1ADB7D03B705CC4;SP;Presidente Prudente;Curso d'água natural de até 10 metros;Analisado, em conformidade com a Lei nº 12.651/2012, com ativos ambientais;AT;0,0182
SP-3541406-D03FF3FD80394E37B39588F6F636CBA3;SP;Presidente Prudente;Curso d'água natural de até 10 metros;Analisado, aguardando atendimento a notificação;AT;0,0936
SP-3541406-D0414187E2C6488FA5DE043F4FAAFB41;SP;Presidente Prudente;Curso d'água natural de até 10 metros;Analisado, em conformidade com a Lei nº 12.651/2012, com ativos ambientais;AT;0,0305
SP-3541406-D05F4183B14D4F2195AA44A9C1F2998C;SP;Presidente Prudente;Curso d'água natural de até 10 metros;Analisado, aguardando atendimento a notificação;AT;0,0000
SP-3541406-D06D480B64D24C009F116C45B9BDCEEA;SP;Presidente Prudente;Curso d'água natural de até 10 metros;Aguardando análise;AT;0,0000
SP-3541406-D06D480B64D24C009F116C45B9BDCEEA;SP;Presidente Prudente;Curso d'água natural de até 10 metros;Aguardando análise;AT;0,0924
SP-3541406-D0B1C6B6758447E48543279C4E528BD3;SP;Presidente Prudente;Curso d'água natural de até 10 metros;Analisado, em conformidade com a Lei nº 12.651/2012, com ativos ambientais;AT;0,0016
SP-3541406-D0DFA6122F114EB6ADD5181969161E43;SP;Presidente Prudente;Curso d'água natural de até 10 metros;Aguardando análise, após revisão ou atendimento da notificação;AT;0,0000
SP-3541406-D12F8AA2FEAE412CAD0871C5A6EF9C8A;SP;Presidente Prudente;Curso d'água natural de até 10 metros;Analisado, aguardando atendimento a notificação;AT;0,0853
SP-3541406-D1598EA6A2314D638E36F26D72B80EB5;SP;Presidente Prudente;Curso d'água natural de até 10 metros;Aguardando análise;AT;0,0000
SP-3541406-D1598EA6A2314D638E36F26D72B80EB5;SP;Presidente Prudente;Curso d'água natural de até 10 metros;Aguardando análise;AT;0,0000
SP-3541406-D183144DF74343E1AEF012DA45DC48E7;SP;Presidente Prudente;Curso d'água natural de até 10 metros;Analisado, aguardando atendimento a notificação;AT;1,0455
SP-3541406-D1CE41268698428996FD11D65041126B;SP;Presidente Prudente;Curso d'água natural de até 10 metros;Analisado, em conformidade com a Lei nº 12.651/2012, com ativos ambientais;AT;0,0558
SP-3541406-D1E6FAF34C034A1EA1DD0756FAD7B36C;SP;Presidente Prudente;Curso d'água natural de até 10 metros;Analisado, aguardando regularização ambiental (Lei nº 12.651/2012);AT;0,1367
SP-3541406-D27CAA0B940840B186580A8EECB0FE7D;SP;Presidente Prudente;Curso d'água natural de até 10 metros;Aguardando análise, após revisão ou atendimento da notificação;AT;0,0000
SP-3541406-D27CAA0B940840B186580A8EECB0FE7D;SP;Presidente Prudente;Curso d'água natural de até 10 metros;Aguardando análise, após revisão ou atendimento da notificação;AT;0,0000
SP-3541406-D33461E8AB0E4C51A1AA5014CD02A883;SP;Presidente Prudente;Curso d'água natural de até 10 metros;Analisado, em conformidade com a Lei nº 12.651/2012, com ativos ambientais;AT;0,0281
SP-3541406-D35F92AE57244152960EF96194C1B229;SP;Presidente Prudente;Curso d'água natural de até 10 metros;Analisado, aguardando atendimento a notificação;AT;0,0000
SP-3541406-D3601F534A564FADBD24268053EFD87A;SP;Presidente Prudente;Curso d'água natural de até 10 metros;Aguardando análise;AT;0,0000
SP-3541406-D3601F534A564FADBD24268053EFD87A;SP;Presidente Prudente;Curso d'água natural de até 10 metros;Aguardando análise;AT;0,0000
SP-3541406-D39B7F96156440E2A636792BC39B1EEE;SP;Presidente Prudente;Curso d'água natural de até 10 metros;Analisado, em conformidade com a Lei nº 12.651/2012, com ativos ambientais;AT;0,0673
SP-3541406-D3ADA3A0B9AD445A8124C61501A85CC8;SP;Presidente Prudente;Curso d'água natural de até 10 metros;Aguardando análise, após revisão ou atendimento da notificação;AT;0,0000
SP-3541406-D3ECE08193B74FC391BAFCDCF132722E;SP;Presidente Prudente;Curso d'água natural de até 10 metros;Analisado, aguardando atendimento a notificação;AT;0,0000
SP-3541406-D3F82E143EF0449AB399ECB71B47BF5B;SP;Presidente Prudente;Curso d'água natural de até 10 metros;Analisado, em conformidade com a Lei nº 12.651/2012, com ativos ambientais;AT;0,0063
SP-3541406-D43027C4CC11477F9D0E53C4BFFBAE8A;SP;Presidente Prudente;Curso d'água natural de até 10 metros;Analisado, em conformidade com a Lei nº 12.651/2012;AT;0,0115
SP-3541406-D47522FD0CAA4D36A175C55268DABD39;SP;Presidente Prudente;Curso d'água natural de até 10 metros;Aguardando análise, após revisão ou atendimento da notificação;AT;0,0000
SP-3541406-D47522FD0CAA4D36A175C55268DABD39;SP;Presidente Prudente;Curso d'água natural de até 10 metros;Aguardando análise, após revisão ou atendimento da notificação;AT;0,0000
SP-3541406-D47522FD0CAA4D36A175C55268DABD39;SP;Presidente Prudente;Curso d'água natural de até 10 metros;Aguardando análise, após revisão ou atendimento da notificação;AT;0,0000
SP-3541406-D49CB3B735AB4B1B8EBB0FD7A65DD683;SP;Presidente Prudente;Curso d'água natural de até 10 metros;Analisado, em conformidade com a Lei nº 12.651/2012, com ativos ambientais;AT;0,0135
SP-3541406-D4BBD6197B3B415F96B2EECBE81562BE;SP;Presidente Prudente;Curso d'água natural de até 10 metros;Analisado, aguardando regularização ambiental (Lei nº 12.651/2012);AT;0,0142
SP-3541406-D50FE52E309C4651A1D192B523C2BE71;SP;Presidente Prudente;Curso d'água natural de até 10 metros;Analisado, em conformidade com a Lei nº 12.651/2012, com ativos ambientais;AT;0,0142
SP-3541406-D552A0D91FDB4383A0B454C524DD2CA4;SP;Presidente Prudente;Curso d'água natural de até 10 metros;Analisado, aguardando regularização ambiental (Lei nº 12.651/2012);AT;0,2743
SP-3541406-D5534471861B47E088106B58420D8D9B;SP;Presidente Prudente;Curso d'água natural de até 10 metros;Aguardando análise;AT;0,1299
SP-3541406-D55BEBCC10984969A8B0C9A4D609ADF0;SP;Presidente Prudente;Curso d'água natural de até 10 metros;Analisado, aguardando atendimento a notificação;AT;0,0000
SP-3541406-D55BEBCC10984969A8B0C9A4D609ADF0;SP;Presidente Prudente;Curso d'água natural de até 10 metros;Analisado, aguardando atendimento a notificação;AT;0,0000
SP-3541406-D587E63FDA2E4C6AB7F035EA8CCD99D0;SP;Presidente Prudente;Curso d'água natural de até 10 metros;Aguardando análise;AT;0,0255
SP-3541406-D5B48FAC5E5B4DD799CEA55A4916D9F5;SP;Presidente Prudente;Curso d'água natural de até 10 metros;Aguardando análise;AT;0,1023
SP-3541406-D600575D70F74DBCA776C80B822A4DC7;SP;Presidente Prudente;Curso d'água natural de até 10 metros;Aguardando análise;AT;0,1554
SP-3541406-D70B635550614B15B6B5B7D9ADEFC04D;SP;Presidente Prudente;Curso d'água natural de até 10 metros;Analisado, em conformidade com a Lei nº 12.651/2012, com ativos ambientais;AT;0,0472
SP-3541406-D73D263146E840528AAEA380534F9B98;SP;Presidente Prudente;Curso d'água natural de até 10 metros;Aguardando análise;AT;0,0000
SP-3541406-D7A9E78C5640471FB30DBEBC8F8F0B5E;SP;Presidente Prudente;Curso d'água natural de até 10 metros;Aguardando análise;AT;0,0225
SP-3541406-D7E284F6CD234DD68715B6C701D98C64;SP;Presidente Prudente;Curso d'água natural de até 10 metros;Aguardando análise;AT;0,0354
SP-3541406-D84920DA7D5D4BE4A792BBB0A4FB8734;SP;Presidente Prudente;Curso d'água natural de até 10 metros;Aguardando análise, após revisão ou atendimento da notificação;AT;0,0000
SP-3541406-D84921A08ACA4C9A883C6922C8B26F5C;SP;Presidente Prudente;Curso d'água natural de até 10 metros;Aguardando análise;AT;1,0659
SP-3541406-D84921A08ACA4C9A883C6922C8B26F5C;SP;Presidente Prudente;Curso d'água natural de até 10 metros;Aguardando análise;AT;2,7919
SP-3541406-D89392BF85BD41B6A57876C06DF2EE6C;SP;Presidente Prudente;Curso d'água natural de até 10 metros;Aguardando análise;AT;0,0272
SP-3541406-D95C784993274C2BB222D144046D2260;SP;Presidente Prudente;Curso d'água natural de até 10 metros;Analisado, aguardando regularização ambiental (Lei nº 12.651/2012);AT;0,0158
SP-3541406-D9A03ABAFE0A4268B96AFFE61FF0ECD8;SP;Presidente Prudente;Curso d'água natural de até 10 metros;Analisado, em conformidade com a Lei nº 12.651/2012;AT;0,0004
SP-3541406-D9C23338E727430EBDEFF577E6AFA589;SP;Presidente Prudente;Curso d'água natural de até 10 metros;Analisado, aguardando atendimento a notificação;AT;0,0000
SP-3541406-D9C23338E727430EBDEFF577E6AFA589;SP;Presidente Prudente;Curso d'água natural de até 10 metros;Analisado, aguardando atendimento a notificação;AT;0,0000
SP-3541406-D9F43861791D4A4C8423C313BA88D3F4;SP;Presidente Prudente;Curso d'água natural de até 10 metros;Aguardando análise;AT;0,0222
SP-3541406-DA8BA33AFAD84D579E9A06FA1E2CA7DE;SP;Presidente Prudente;Curso d'água natural de até 10 metros;Aguardando análise;AT;0,0885
SP-3541406-DB7DC7326BE04476BEAFAB1140B10EB6;SP;Presidente Prudente;Curso d'água natural de até 10 metros;Analisado, aguardando atendimento a notificação;AT;0,0000
SP-3541406-DB7DC7326BE04476BEAFAB1140B10EB6;SP;Presidente Prudente;Curso d'água natural de até 10 metros;Analisado, aguardando atendimento a notificação;AT;1,6968
SP-3541406-DBFA894214CB47C4A61232C6CED7F379;SP;Presidente Prudente;Curso d'água natural de até 10 metros;Analisado, em conformidade com a Lei nº 12.651/2012;AT;0,0173
SP-3541406-DBFBD0C649D340F88BE1E21EA17FCCEA;SP;Presidente Prudente;Curso d'água natural de até 10 metros;Analisado, em conformidade com a Lei nº 12.651/2012, com ativos ambientais;AT;0,0549
SP-3541406-DC5237902F834A45BDB53AF3B4B77110;SP;Presidente Prudente;Curso d'água natural de até 10 metros;Aguardando análise;AT;0,0150
SP-3541406-DC9CC7FAF41948849EA8BF3A9809E59C;SP;Presidente Prudente;Curso d'água natural de até 10 metros;Aguardando análise, após revisão ou atendimento da notificação;AT;0,0000
SP-3541406-DC9CC7FAF41948849EA8BF3A9809E59C;SP;Presidente Prudente;Curso d'água natural de até 10 metros;Aguardando análise, após revisão ou atendimento da notificação;AT;0,0000
SP-3541406-DC9CC7FAF41948849EA8BF3A9809E59C;SP;Presidente Prudente;Curso d'água natural de até 10 metros;Aguardando análise, após revisão ou atendimento da notificação;AT;0,0000
SP-3541406-DCF3DB96DEA14D2FBC3CEAE9C1DFCFA5;SP;Presidente Prudente;Curso d'água natural de até 10 metros;Analisado, aguardando atendimento a notificação;AT;0,0000
SP-3541406-DD3C42C800514E508DF60482AB924FA7;SP;Presidente Prudente;Curso d'água natural de até 10 metros;Analisado, em conformidade com a Lei nº 12.651/2012, com ativos ambientais;AT;0,0168
SP-3541406-DD3EF352427743E1AE26ED74E3CF1F3C;SP;Presidente Prudente;Curso d'água natural de até 10 metros;Aguardando análise, após revisão ou atendimento da notificação;AT;0,0000
SP-3541406-DD3EF352427743E1AE26ED74E3CF1F3C;SP;Presidente Prudente;Curso d'água natural de até 10 metros;Aguardando análise, após revisão ou atendimento da notificação;AT;0,0000
SP-3541406-DD44ABB10B2F463ABB1F9E77E5E47AA3;SP;Presidente Prudente;Curso d'água natural de até 10 metros;Analisado, aguardando regularização ambiental (Lei nº 12.651/2012);AT;0,1795
SP-3541406-DD678BE3F8EE47EA8223C3E9886E90ED;SP;Presidente Prudente;Curso d'água natural de até 10 metros;Aguardando análise;AT;0,1567
SP-3541406-DD6E6C081B4A43F38D0DE11A16DF833E;SP;Presidente Prudente;Curso d'água natural de até 10 metros;Analisado, aguardando atendimento a notificação;AT;0,1189
SP-3541406-DDF4C6DD1EB14F7AB070049DDF38A03F;SP;Presidente Prudente;Curso d'água natural de até 10 metros;Analisado, em conformidade com a Lei nº 12.651/2012, com ativos ambientais;AT;0,0130
SP-3541406-DE350A7F339C48E78FA4AC0E851B0643;SP;Presidente Prudente;Curso d'água natural de até 10 metros;Analisado, em conformidade com a Lei nº 12.651/2012, com ativos ambientais;AT;0,0909
SP-3541406-DE5D24E006D04EAE90651FB457E14E92;SP;Presidente Prudente;Curso d'água natural de até 10 metros;Analisado, aguardando atendimento a notificação;AT;0,0000
SP-3541406-DE6C4B96C8C54CD783C4DBBBDBDC0AFB;SP;Presidente Prudente;Curso d'água natural de até 10 metros;Analisado, aguardando regularização ambiental (Lei nº 12.651/2012);AT;0,0187
SP-3541406-DE9D5A763BDE4E72831EE4B59B79B6DE;SP;Presidente Prudente;Curso d'água natural de até 10 metros;Aguardando análise;AT;0,0319
SP-3541406-DF0C4872EB6742979814DF37ECE86AD9;SP;Presidente Prudente;Curso d'água natural de até 10 metros;Analisado, aguardando regularização ambiental (Lei nº 12.651/2012);AT;0,0081
SP-3541406-DF3819D0B70A43C0870DF3AF18BD7EB4;SP;Presidente Prudente;Curso d'água natural de até 10 metros;Aguardando análise;AT;0,0397
SP-3541406-DF43BA4F4DBE4AC0B3EDE8893258F6FE;SP;Presidente Prudente;Curso d'água natural de até 10 metros;Analisado, aguardando atendimento a notificação;AT;0,3185
SP-3541406-DF47D79E21C04CD5B80FBFC5BE78426E;SP;Presidente Prudente;Curso d'água natural de até 10 metros;Analisado, aguardando regularização ambiental (Lei nº 12.651/2012);AT;0,0302
SP-3541406-DFCD6DF62DD74A948ACCE6BE4FDFA21A;SP;Presidente Prudente;Curso d'água natural de até 10 metros;Aguardando análise;AT;0,0000
SP-3541406-DFD44613EFEB4C9BB4DDEF836B464420;SP;Presidente Prudente;Curso d'água natural de até 10 metros;Analisado, aguardando atendimento a notificação;AT;0,4544
SP-3541406-E0D2754DDC7349C2993C08ADF3B443FD;SP;Presidente Prudente;Curso d'água natural de até 10 metros;Analisado, aguardando atendimento a notificação;AT;0,0000
SP-3541406-E0D2754DDC7349C2993C08ADF3B443FD;SP;Presidente Prudente;Curso d'água natural de até 10 metros;Analisado, aguardando atendimento a notificação;AT;0,0000
SP-3541406-E0E8A90D0D0B42FEBF279EC765671A86;SP;Presidente Prudente;Curso d'água natural de até 10 metros;Aguardando análise;AT;0,0000
SP-3541406-E0EE88117DC94D83B798670EFE4965F1;SP;Presidente Prudente;Curso d'água natural de até 10 metros;Analisado, aguardando atendimento a notificação;AT;0,0000
SP-3541406-E118C4C262E847FC9A9B47043D98B804;SP;Presidente Prudente;Curso d'água natural de até 10 metros;Analisado, aguardando atendimento a notificação;AT;0,0000
SP-3541406-E118C4C262E847FC9A9B47043D98B804;SP;Presidente Prudente;Curso d'água natural de até 10 metros;Analisado, aguardando atendimento a notificação;AT;0,0000
SP-3541406-E13324DD6E9A456886BD99D128131B98;SP;Presidente Prudente;Curso d'água natural de até 10 metros;Aguardando análise;AT;2,1012
SP-3541406-E18C47A8CD46447BBFA2223E5E31ED46;SP;Presidente Prudente;Curso d'água natural de até 10 metros;Aguardando análise;AT;0,0000
SP-3541406-E18C47A8CD46447BBFA2223E5E31ED46;SP;Presidente Prudente;Curso d'água natural de até 10 metros;Aguardando análise;AT;0,0000
SP-3541406-E1F6C7B040AF4308B9D293A1F81B22D5;SP;Presidente Prudente;Curso d'água natural de até 10 metros;Analisado, em regularização ambiental (Lei nº 12.651/2012);AT;0,0273
SP-3541406-E22200B713954833B917DAD08FBEC307;SP;Presidente Prudente;Curso d'água natural de até 10 metros;Analisado, em conformidade com a Lei nº 12.651/2012, com ativos ambientais;AT;0,0076
SP-3541406-E23CB98139514FEFA05A8FD607140943;SP;Presidente Prudente;Curso d'água natural de até 10 metros;Aguardando análise, após revisão ou atendimento da notificação;AT;0,0000
SP-3541406-E255662F26D64DBC902179D6E7DA63C5;SP;Presidente Prudente;Curso d'água natural de até 10 metros;Aguardando análise, após revisão ou atendimento da notificação;AT;0,0000
SP-3541406-E2D44A915C664576A3C5B7832D4E27E3;SP;Presidente Prudente;Curso d'água natural de até 10 metros;Analisado, em conformidade com a Lei nº 12.651/2012, com ativos ambientais;AT;0,0210
SP-3541406-E395EA34DE284BA1AD02CFBF2EBA8964;SP;Presidente Prudente;Curso d'água natural de até 10 metros;Analisado, em conformidade com a Lei nº 12.651/2012, com ativos ambientais;AT;0,0041
SP-3541406-E3E083FF8B33466491DCF6B0F1036E9F;SP;Presidente Prudente;Curso d'água natural de até 10 metros;Analisado, aguardando atendimento a notificação;AT;0,0000
SP-3541406-E3E083FF8B33466491DCF6B0F1036E9F;SP;Presidente Prudente;Curso d'água natural de até 10 metros;Analisado, aguardando atendimento a notificação;AT;0,0000
SP-3541406-E3E083FF8B33466491DCF6B0F1036E9F;SP;Presidente Prudente;Curso d'água natural de até 10 metros;Analisado, aguardando atendimento a notificação;AT;0,0000
SP-3541406-E3E083FF8B33466491DCF6B0F1036E9F;SP;Presidente Prudente;Curso d'água natural de até 10 metros;Analisado, aguardando atendimento a notificação;AT;0,0000
SP-3541406-E42131004F1F435FA94795B72AA865CB;SP;Presidente Prudente;Curso d'água natural de até 10 metros;Aguardando análise;AT;0,0121
SP-3541406-E5265523BAB94A079DEC9F4D057DC830;SP;Presidente Prudente;Curso d'água natural de até 10 metros;Analisado, em conformidade com a Lei nº 12.651/2012, com ativos ambientais;AT;0,0550
SP-3541406-E53618964E624E348645DEE455F3CBB0;SP;Presidente Prudente;Curso d'água natural de até 10 metros;Analisado, em conformidade com a Lei nº 12.651/2012, com ativos ambientais;AT;0,0104
SP-3541406-E54B077F7AD849A99EB5B1DCB3C5222E;SP;Presidente Prudente;Curso d'água natural de até 10 metros;Analisado, em conformidade com a Lei nº 12.651/2012, com ativos ambientais;AT;0,0015
SP-3541406-E5C27919A06744D69D6514A2803CA05F;SP;Presidente Prudente;Curso d'água natural de até 10 metros;Analisado, aguardando atendimento a notificação;AT;0,0000
SP-3541406-E6B15B7ED3804EAD9996D6230D84AE34;SP;Presidente Prudente;Curso d'água natural de até 10 metros;Analisado, aguardando atendimento a notificação;AT;0,1328
SP-3541406-E6E8CB8248B247ADBAB921F6C1F071E9;SP;Presidente Prudente;Curso d'água natural de até 10 metros;Aguardando análise, após revisão ou atendimento da notificação;AT;0,0000
SP-3541406-E716FE6E9C6C4165AC91E79E448D59F2;SP;Presidente Prudente;Curso d'água natural de até 10 metros;Analisado, aguardando regularização ambiental (Lei nº 12.651/2012);AT;0,0344
SP-3541406-E7174187301E456BA02737B5235D731C;SP;Presidente Prudente;Curso d'água natural de até 10 metros;Aguardando análise;AT;0,0134
SP-3541406-E74751540CA3462CAB3D0FC4B006C165;SP;Presidente Prudente;Curso d'água natural de até 10 metros;Analisado, em conformidade com a Lei nº 12.651/2012, com ativos ambientais;AT;0,0135
SP-3541406-E8381A83C21842FC8555B25D0E0F3AC0;SP;Presidente Prudente;Curso d'água natural de até 10 metros;Analisado, em conformidade com a Lei nº 12.651/2012, com ativos ambientais;AT;0,0072
SP-3541406-E8A1AE5D66594AF1BC3B3351D7C8082F;SP;Presidente Prudente;Curso d'água natural de até 10 metros;Analisado, aguardando regularização ambiental (Lei nº 12.651/2012);AT;0,0214
SP-3541406-E8FEF5C6D6F14B5C8E877F7820639068;SP;Presidente Prudente;Curso d'água natural de até 10 metros;Analisado, aguardando regularização ambiental (Lei nº 12.651/2012);AT;0,0122
SP-3541406-E93E09252825443CA8EF9622DB509446;SP;Presidente Prudente;Curso d'água natural de até 10 metros;Aguardando análise, após revisão ou atendimento da notificação;AT;0,0000
SP-3541406-E96F39CB34244E2B932F359044F3322F;SP;Presidente Prudente;Curso d'água natural de até 10 metros;Aguardando análise;AT;0,0000
SP-3541406-E97BB0F6A2BB401783A5B221DFABEBF1;SP;Presidente Prudente;Curso d'água natural de até 10 metros;Analisado, aguardando regularização ambiental (Lei nº 12.651/2012);AT;0,0065
SP-3541406-E9F35587A6D44842A04130D4D3A9D269;SP;Presidente Prudente;Curso d'água natural de até 10 metros;Analisado, em conformidade com a Lei nº 12.651/2012, com ativos ambientais;AT;0,0304
SP-3541406-E9FCC59E65C94DDCBAD164D02DBF07B8;SP;Presidente Prudente;Curso d'água natural de até 10 metros;Aguardando análise, após revisão ou atendimento da notificação;AT;0,0107
SP-3541406-EA0CDE3AC46B4E7FA4A4FF258D1B5A04;SP;Presidente Prudente;Curso d'água natural de até 10 metros;Analisado, aguardando regularização ambiental (Lei nº 12.651/2012);AT;0,0175
SP-3541406-EA715ECAAA9546CABC3691B9DE678193;SP;Presidente Prudente;Curso d'água natural de até 10 metros;Analisado, em conformidade com a Lei nº 12.651/2012;AT;0,0038
SP-3541406-EABEBDA3549C43ECAF101BB4F58107C5;SP;Presidente Prudente;Curso d'água natural de até 10 metros;Analisado, em conformidade com a Lei nº 12.651/2012, com ativos ambientais;AT;0,0067
SP-3541406-EAE13B9FA0464EBAA3D51CE79B02170C;SP;Presidente Prudente;Curso d'água natural de até 10 metros;Aguardando análise, após revisão ou atendimento da notificação;AT;0,0000
SP-3541406-EAE13B9FA0464EBAA3D51CE79B02170C;SP;Presidente Prudente;Curso d'água natural de até 10 metros;Aguardando análise, após revisão ou atendimento da notificação;AT;0,0000
SP-3541406-EB49999CF31844D0BCF7C5DFF3964BD0;SP;Presidente Prudente;Curso d'água natural de até 10 metros;Analisado, aguardando regularização ambiental (Lei nº 12.651/2012);AT;0,0390
SP-3541406-EB9F8EB7B5EA4D0AAE1BD50486BF94D3;SP;Presidente Prudente;Curso d'água natural de até 10 metros;Analisado, aguardando atendimento a notificação;AT;0,0000
SP-3541406-EC423F00A67046C0B8D3577EC6448393;SP;Presidente Prudente;Curso d'água natural de até 10 metros;Aguardando análise;AT;0,0850
SP-3541406-ECF92731D9EB472CB4585AB6BFD9B025;SP;Presidente Prudente;Curso d'água natural de até 10 metros;Analisado, aguardando atendimento a notificação;AT;0,1021
SP-3541406-ED4182C5686E44E4B7DDB5C0531352D3;SP;Presidente Prudente;Curso d'água natural de até 10 metros;Analisado, em conformidade com a Lei nº 12.651/2012, com ativos ambientais;AT;0,0212
SP-3541406-ED44EED92D3E4822AE05E2A58D8CA20D;SP;Presidente Prudente;Curso d'água natural de até 10 metros;Analisado, aguardando atendimento a notificação;AT;0,0176
SP-3541406-EDB9DDD3D2A44DDEBE162542B69669E8;SP;Presidente Prudente;Curso d'água natural de até 10 metros;Analisado, aguardando regularização ambiental (Lei nº 12.651/2012);AT;0,0485
SP-3541406-EE1419689D8E4C2A899448561DB6DDEF;SP;Presidente Prudente;Curso d'água natural de até 10 metros;Analisado, em conformidade com a Lei nº 12.651/2012, com ativos ambientais;AT;0,0306
SP-3541406-EE1736763B384428B103589F2A7C677B;SP;Presidente Prudente;Curso d'água natural de até 10 metros;Analisado, aguardando regularização ambiental (Lei nº 12.651/2012);AT;0,1197
SP-3541406-EEBA4CC0828C43A594B5F55A0C633D51;SP;Presidente Prudente;Curso d'água natural de até 10 metros;Aguardando análise;AT;0,0000
SP-3541406-EEBA4CC0828C43A594B5F55A0C633D51;SP;Presidente Prudente;Curso d'água natural de até 10 metros;Aguardando análise;AT;0,0000
SP-3541406-EEBA4CC0828C43A594B5F55A0C633D51;SP;Presidente Prudente;Curso d'água natural de até 10 metros;Aguardando análise;AT;0,0000
SP-3541406-EEBA4CC0828C43A594B5F55A0C633D51;SP;Presidente Prudente;Curso d'água natural de até 10 metros;Aguardando análise;AT;0,0000
SP-3541406-EEBA4CC0828C43A594B5F55A0C633D51;SP;Presidente Prudente;Curso d'água natural de até 10 metros;Aguardando análise;AT;0,0000
SP-3541406-EEBA4CC0828C43A594B5F55A0C633D51;SP;Presidente Prudente;Curso d'água natural de até 10 metros;Aguardando análise;AT;0,0000
SP-3541406-EEBA4CC0828C43A594B5F55A0C633D51;SP;Presidente Prudente;Curso d'água natural de até 10 metros;Aguardando análise;AT;0,0000
SP-3541406-EEDA10C1DD5C40C3A2FD52264DE49745;SP;Presidente Prudente;Curso d'água natural de até 10 metros;Aguardando análise, após revisão ou atendimento da notificação;AT;0,1507
SP-3541406-EF2B37B4883F4299B6EC33B73F28A872;SP;Presidente Prudente;Curso d'água natural de até 10 metros;Analisado, aguardando atendimento a notificação;AT;0,0000
SP-3541406-EF2B37B4883F4299B6EC33B73F28A872;SP;Presidente Prudente;Curso d'água natural de até 10 metros;Analisado, aguardando atendimento a notificação;AT;0,0000
SP-3541406-EF2B37B4883F4299B6EC33B73F28A872;SP;Presidente Prudente;Curso d'água natural de até 10 metros;Analisado, aguardando atendimento a notificação;AT;0,0000
SP-3541406-EF4B597213E145F7B88B08DA5904F30D;SP;Presidente Prudente;Curso d'água natural de até 10 metros;Analisado, em conformidade com a Lei nº 12.651/2012, com ativos ambientais;AT;0,0284
SP-3541406-EF4C218B026040FCADB5A25A26D0D553;SP;Presidente Prudente;Curso d'água natural de até 10 metros;Analisado, em conformidade com a Lei nº 12.651/2012, com ativos ambientais;AT;0,0134
SP-3541406-EF5701D442A34F7E8BBB8046D36C0BA2;SP;Presidente Prudente;Curso d'água natural de até 10 metros;Aguardando análise;AT;0,0213
SP-3541406-EF7DC5BC16564FB687DC1DE3AE2168D7;SP;Presidente Prudente;Curso d'água natural de até 10 metros;Analisado, aguardando atendimento a notificação;AT;0,4720
SP-3541406-EF9C1ADCB1D047F5BFB61BEF42F75F55;SP;Presidente Prudente;Curso d'água natural de até 10 metros;Analisado, em conformidade com a Lei nº 12.651/2012, com ativos ambientais;AT;0,0098
SP-3541406-EFC82E5DAE5647E8A828CB7D05E72105;SP;Presidente Prudente;Curso d'água natural de até 10 metros;Analisado, aguardando regularização ambiental (Lei nº 12.651/2012);AT;0,0573
SP-3541406-EFF8B0B9A19F4CFA8D2DE4E5105E0DC9;SP;Presidente Prudente;Curso d'água natural de até 10 metros;Aguardando análise;AT;0,0029
SP-3541406-F03A6A7954264653BE2A90B57A795204;SP;Presidente Prudente;Curso d'água natural de até 10 metros;Analisado, aguardando regularização ambiental (Lei nº 12.651/2012);AT;0,0087
SP-3541406-F0550A1BD9BA48899E1013B2E0BBE82B;SP;Presidente Prudente;Curso d'água natural de até 10 metros;Analisado, em conformidade com a Lei nº 12.651/2012, com ativos ambientais;AT;0,0115
SP-3541406-F0D04DC29E2A433B97A3F4479D4184BD;SP;Presidente Prudente;Curso d'água natural de até 10 metros;Analisado, em conformidade com a Lei nº 12.651/2012, com ativos ambientais;AT;0,0059
SP-3541406-F0E4214DDD4A495094646B412BF8B3D1;SP;Presidente Prudente;Curso d'água natural de até 10 metros;Analisado, em conformidade com a Lei nº 12.651/2012, com ativos ambientais;AT;0,0123
SP-3541406-F0F7FF1AE9E34804925BF60D62A19F42;SP;Presidente Prudente;Curso d'água natural de até 10 metros;Aguardando análise, após revisão ou atendimento da notificação;AT;0,0000
SP-3541406-F0F7FF1AE9E34804925BF60D62A19F42;SP;Presidente Prudente;Curso d'água natural de até 10 metros;Aguardando análise, após revisão ou atendimento da notificação;AT;0,0000
SP-3541406-F16FCFAB60E546EDB44C6D13EC34B8D6;SP;Presidente Prudente;Curso d'água natural de até 10 metros;Aguardando análise, após revisão ou atendimento da notificação;AT;0,0000
SP-3541406-F16FCFAB60E546EDB44C6D13EC34B8D6;SP;Presidente Prudente;Curso d'água natural de até 10 metros;Aguardando análise, após revisão ou atendimento da notificação;AT;0,0000
SP-3541406-F184514087C44398ABC2FB6C0CDF8388;SP;Presidente Prudente;Curso d'água natural de até 10 metros;Aguardando análise;AT;0,0546
SP-3541406-F1AF08CD14934889B9743C1EBB22B89B;SP;Presidente Prudente;Curso d'água natural de até 10 metros;Aguardando análise;AT;0,0389
SP-3541406-F1DCF56BA4AC460988CCA07B77952630;SP;Presidente Prudente;Curso d'água natural de até 10 metros;Analisado, aguardando regularização ambiental (Lei nº 12.651/2012);AT;0,0387
SP-3541406-F202122D0736406C887F0B9CDA8A4D5C;SP;Presidente Prudente;Curso d'água natural de até 10 metros;Aguardando análise;AT;0,0278
SP-3541406-F2299CC1052345E9A6DC0524E4F838F4;SP;Presidente Prudente;Curso d'água natural de até 10 metros;Aguardando análise, após revisão ou atendimento da notificação;AT;0,0000
SP-3541406-F2299CC1052345E9A6DC0524E4F838F4;SP;Presidente Prudente;Curso d'água natural de até 10 metros;Aguardando análise, após revisão ou atendimento da notificação;AT;0,0000
SP-3541406-F241FB49AFFC4A649A49893A9E6DA784;SP;Presidente Prudente;Curso d'água natural de até 10 metros;Analisado, aguardando atendimento a notificação;AT;0,0342
SP-3541406-F30CDA6680064B8A9AEB7F7E270C0B92;SP;Presidente Prudente;Curso d'água natural de até 10 metros;Aguardando análise, após revisão ou atendimento da notificação;AT;0,0000
SP-3541406-F30CDA6680064B8A9AEB7F7E270C0B92;SP;Presidente Prudente;Curso d'água natural de até 10 metros;Aguardando análise, após revisão ou atendimento da notificação;AT;0,0000
SP-3541406-F3A4AEE65C8D4752B26CCE0E9707F6A4;SP;Presidente Prudente;Curso d'água natural de até 10 metros;Aguardando análise, após revisão ou atendimento da notificação;AT;0,0000
SP-3541406-F3BBCF44F04E4899A60AFB55FB0E4440;SP;Presidente Prudente;Curso d'água natural de até 10 metros;Analisado, em conformidade com a Lei nº 12.651/2012, com ativos ambientais;AT;0,1773
SP-3541406-F3F07FD0AE454C5A9221793088AEFAD1;SP;Presidente Prudente;Curso d'água natural de até 10 metros;Aguardando análise;AT;0,0303
SP-3541406-F40384D1E1AA48BCB513B5A754A75070;SP;Presidente Prudente;Curso d'água natural de até 10 metros;Aguardando análise;AT;0,4073
SP-3541406-F40384D1E1AA48BCB513B5A754A75070;SP;Presidente Prudente;Curso d'água natural de até 10 metros;Aguardando análise;AT;0,0000
SP-3541406-F408C2ECB25540C2AD8AF6C6A2B0018E;SP;Presidente Prudente;Curso d'água natural de até 10 metros;Aguardando análise, após revisão ou atendimento da notificação;AT;0,0000
SP-3541406-F427C2F53FE54863BAD4FD2EA8DF2F76;SP;Presidente Prudente;Curso d'água natural de até 10 metros;Analisado, aguardando atendimento a notificação;AT;0,1314
SP-3541406-F43C01B21AF64102B1DD1F8C0848C17C;SP;Presidente Prudente;Curso d'água natural de até 10 metros;Aguardando análise;AT;0,0235
SP-3541406-F4492C6C89EC41298E2DF44EC665713B;SP;Presidente Prudente;Curso d'água natural de até 10 metros;Analisado, aguardando atendimento a notificação;AT;0,0701
SP-3541406-F44B133D703742A3A4B7A6D6E73E7044;SP;Presidente Prudente;Curso d'água natural de até 10 metros;Aguardando análise;AT;0,0710
SP-3541406-F497CB9A40E3459E875375ECDAEAFC6A;SP;Presidente Prudente;Curso d'água natural de até 10 metros;Aguardando análise;AT;0,0194
SP-3541406-F4AACC54ADF24CEF8AA6D21872508521;SP;Presidente Prudente;Curso d'água natural de até 10 metros;Analisado, aguardando atendimento a notificação;AT;0,0000
SP-3541406-F502ECC630BA4336AAEA097300A748D4;SP;Presidente Prudente;Curso d'água natural de até 10 metros;Analisado, aguardando atendimento a notificação;AT;0,0084
SP-3541406-F508241558124A4A9C40D5CCF2EE2520;SP;Presidente Prudente;Curso d'água natural de até 10 metros;Analisado, em conformidade com a Lei nº 12.651/2012, com ativos ambientais;AT;0,0021
SP-3541406-F52BC20AC9374A1FACB3C4FC642B6FAB;SP;Presidente Prudente;Curso d'água natural de até 10 metros;Analisado, aguardando atendimento a notificação;AT;0,0000
SP-3541406-F54B3418FF894199940180117C6DF73A;SP;Presidente Prudente;Curso d'água natural de até 10 metros;Aguardando análise;AT;0,0376
SP-3541406-F57B58516CE94C43810D0FA879EE0D23;SP;Presidente Prudente;Curso d'água natural de até 10 metros;Analisado, aguardando regularização ambiental (Lei nº 12.651/2012);AT;0,0604
SP-3541406-F58E5721AEDF42DF8FA53E1986712201;SP;Presidente Prudente;Curso d'água natural de até 10 metros;Analisado, em conformidade com a Lei nº 12.651/2012;AT;0,0079
SP-3541406-F5F6C7B78A374D4BB20111AE151189DC;SP;Presidente Prudente;Curso d'água natural de até 10 metros;Aguardando análise, após revisão ou atendimento da notificação;AT;0,0000
SP-3541406-F5F91A840E0B4F4884A57903F4FB9B55;SP;Presidente Prudente;Curso d'água natural de até 10 metros;Analisado, aguardando atendimento a notificação;AT;0,1221
SP-3541406-F6813D71D4334FA58FD81028E671F3A9;SP;Presidente Prudente;Curso d'água natural de até 10 metros;Analisado, aguardando regularização ambiental (Lei nº 12.651/2012);AT;0,0465
SP-3541406-F68FB8A36BB649A084369F747211E87C;SP;Presidente Prudente;Curso d'água natural de até 10 metros;Analisado, em conformidade com a Lei nº 12.651/2012, com ativos ambientais;AT;0,0200
SP-3541406-F6F15A5202134FB0B8FCED884DB2C247;SP;Presidente Prudente;Curso d'água natural de até 10 metros;Analisado, aguardando atendimento a notificação;AT;0,0000
SP-3541406-F6F15A5202134FB0B8FCED884DB2C247;SP;Presidente Prudente;Curso d'água natural de até 10 metros;Analisado, aguardando atendimento a notificação;AT;0,0000
SP-3541406-F6F15A5202134FB0B8FCED884DB2C247;SP;Presidente Prudente;Curso d'água natural de até 10 metros;Analisado, aguardando atendimento a notificação;AT;0,0000
SP-3541406-F71FF7258DE24AAA9EBB026E716AEAC7;SP;Presidente Prudente;Curso d'água natural de até 10 metros;Aguardando análise;AT;0,0435
SP-3541406-F73D58CAAB4C4BFE98BC5150BCE3CFC1;SP;Presidente Prudente;Curso d'água natural de até 10 metros;Analisado, aguardando atendimento a notificação;AT;0,0000
SP-3541406-F73D58CAAB4C4BFE98BC5150BCE3CFC1;SP;Presidente Prudente;Curso d'água natural de até 10 metros;Analisado, aguardando atendimento a notificação;AT;0,0000
SP-3541406-F78DA18B13BF4317A3E40705AAC8A45A;SP;Presidente Prudente;Curso d'água natural de até 10 metros;Aguardando análise, após revisão ou atendimento da notificação;AT;0,0000
SP-3541406-F82056B54BEB49C0851E214C25C858ED;SP;Presidente Prudente;Curso d'água natural de até 10 metros;Analisado, em conformidade com a Lei nº 12.651/2012, com ativos ambientais;AT;0,0053
SP-3541406-F842614BB2214BD5B258FB4E23EB6E3F;SP;Presidente Prudente;Curso d'água natural de até 10 metros;Analisado, em conformidade com a Lei nº 12.651/2012;AT;0,0153
SP-3541406-F876D9BB0887496F83FDC75BB1227318;SP;Presidente Prudente;Curso d'água natural de até 10 metros;Analisado, em conformidade com a Lei nº 12.651/2012, com ativos ambientais;AT;0,0118
SP-3541406-F87EF0F57BD242D7A232066ED95754C0;SP;Presidente Prudente;Curso d'água natural de até 10 metros;Analisado, aguardando atendimento a notificação;AT;0,0000
SP-3541406-F87EF0F57BD242D7A232066ED95754C0;SP;Presidente Prudente;Curso d'água natural de até 10 metros;Analisado, aguardando atendimento a notificação;AT;0,0000
SP-3541406-F87EF0F57BD242D7A232066ED95754C0;SP;Presidente Prudente;Curso d'água natural de até 10 metros;Analisado, aguardando atendimento a notificação;AT;0,0000
SP-3541406-F87EF0F57BD242D7A232066ED95754C0;SP;Presidente Prudente;Curso d'água natural de até 10 metros;Analisado, aguardando atendimento a notificação;AT;0,0000
SP-3541406-F87EF0F57BD242D7A232066ED95754C0;SP;Presidente Prudente;Curso d'água natural de até 10 metros;Analisado, aguardando atendimento a notificação;AT;0,0000
SP-3541406-F87EF0F57BD242D7A232066ED95754C0;SP;Presidente Prudente;Curso d'água natural de até 10 metros;Analisado, aguardando atendimento a notificação;AT;0,0000
SP-3541406-F87EF0F57BD242D7A232066ED95754C0;SP;Presidente Prudente;Curso d'água natural de até 10 metros;Analisado, aguardando atendimento a notificação;AT;0,0000
SP-3541406-F87EF0F57BD242D7A232066ED95754C0;SP;Presidente Prudente;Curso d'água natural de até 10 metros;Analisado, aguardando atendimento a notificação;AT;0,0000
SP-3541406-F87EF0F57BD242D7A232066ED95754C0;SP;Presidente Prudente;Curso d'água natural de até 10 metros;Analisado, aguardando atendimento a notificação;AT;0,0000
SP-3541406-F87EF0F57BD242D7A232066ED95754C0;SP;Presidente Prudente;Curso d'água natural de até 10 metros;Analisado, aguardando atendimento a notificação;AT;0,0000
SP-3541406-F87EF0F57BD242D7A232066ED95754C0;SP;Presidente Prudente;Curso d'água natural de até 10 metros;Analisado, aguardando atendimento a notificação;AT;0,0000
SP-3541406-F87EF0F57BD242D7A232066ED95754C0;SP;Presidente Prudente;Curso d'água natural de até 10 metros;Analisado, aguardando atendimento a notificação;AT;0,0000
SP-3541406-F87EF0F57BD242D7A232066ED95754C0;SP;Presidente Prudente;Curso d'água natural de até 10 metros;Analisado, aguardando atendimento a notificação;AT;0,0000
SP-3541406-F87EF0F57BD242D7A232066ED95754C0;SP;Presidente Prudente;Curso d'água natural de até 10 metros;Analisado, aguardando atendimento a notificação;AT;0,0000
SP-3541406-F87EF0F57BD242D7A232066ED95754C0;SP;Presidente Prudente;Curso d'água natural de até 10 metros;Analisado, aguardando atendimento a notificação;AT;0,0000
SP-3541406-F87EF0F57BD242D7A232066ED95754C0;SP;Presidente Prudente;Curso d'água natural de até 10 metros;Analisado, aguardando atendimento a notificação;AT;0,0000
SP-3541406-F87EF0F57BD242D7A232066ED95754C0;SP;Presidente Prudente;Curso d'água natural de até 10 metros;Analisado, aguardando atendimento a notificação;AT;0,0000
SP-3541406-F880E8F81A664FDB91310E35AE7AE6B2;SP;Presidente Prudente;Curso d'água natural de até 10 metros;Analisado, em conformidade com a Lei nº 12.651/2012;AT;0,0058
SP-3541406-F884C19473954FFD922FAE05B9EE1765;SP;Presidente Prudente;Curso d'água natural de até 10 metros;Analisado, aguardando atendimento a notificação;AT;0,0000
SP-3541406-F8B162E8736D4DC9932B6C9402CA5138;SP;Presidente Prudente;Curso d'água natural de até 10 metros;Aguardando análise, após revisão ou atendimento da notificação;AT;0,0000
SP-3541406-F8D83E3DDF8446E0ADD68E1876198CEA;SP;Presidente Prudente;Curso d'água natural de até 10 metros;Aguardando análise;AT;0,0179
SP-3541406-F903385297D04F3299464EC509035B33;SP;Presidente Prudente;Curso d'água natural de até 10 metros;Analisado, aguardando atendimento a notificação;AT;0,9844
SP-3541406-F90E911DBFA84DC58FE3F68002D49ED3;SP;Presidente Prudente;Curso d'água natural de até 10 metros;Aguardando análise;AT;0,0000
SP-3541406-F91326A8746B469BB72D1C629CE64129;SP;Presidente Prudente;Curso d'água natural de até 10 metros;Aguardando análise;AT;0,0000
SP-3541406-F99D907EC8AC4A6C9E8DD8F37EC76DD8;SP;Presidente Prudente;Curso d'água natural de até 10 metros;Aguardando análise;AT;0,0000
SP-3541406-F99D907EC8AC4A6C9E8DD8F37EC76DD8;SP;Presidente Prudente;Curso d'água natural de até 10 metros;Aguardando análise;AT;0,0000
SP-3541406-F99D907EC8AC4A6C9E8DD8F37EC76DD8;SP;Presidente Prudente;Curso d'água natural de até 10 metros;Aguardando análise;AT;0,0000
SP-3541406-F9D2653621FF4C91AA90B6CE65B2F086;SP;Presidente Prudente;Curso d'água natural de até 10 metros;Aguardando análise, após revisão ou atendimento da notificação;AT;0,0000
SP-3541406-FA33140C85A84B9F8E3E76701CC4E98E;SP;Presidente Prudente;Curso d'água natural de até 10 metros;Analisado, aguardando atendimento a notificação;AT;0,0143
SP-3541406-FA48CF2B1A2B495A82847961E4CC46B4;SP;Presidente Prudente;Curso d'água natural de até 10 metros;Aguardando análise, após revisão ou atendimento da notificação;AT;0,0706
SP-3541406-FA646B5427A0488BBD14C2DB73794F14;SP;Presidente Prudente;Curso d'água natural de até 10 metros;Analisado, aguardando regularização ambiental (Lei nº 12.651/2012);AT;0,0857
SP-3541406-FAB05EFE8B4B41A1A1A2D9FED9B88748;SP;Presidente Prudente;Curso d'água natural de até 10 metros;Analisado, em conformidade com a Lei nº 12.651/2012, com ativos ambientais;AT;0,0161
SP-3541406-FACB09326C0A44A28DEC01CB8D440EEC;SP;Presidente Prudente;Curso d'água natural de até 10 metros;Aguardando análise, após revisão ou atendimento da notificação;AT;0,0352
SP-3541406-FACF73025C554507AAB4E1D7586B2489;SP;Presidente Prudente;Curso d'água natural de até 10 metros;Aguardando análise;AT;0,0033
SP-3541406-FB09F090AA45425183836B6C571136FA;SP;Presidente Prudente;Curso d'água natural de até 10 metros;Analisado, aguardando regularização ambiental (Lei nº 12.651/2012);AT;0,0117
SP-3541406-FB19A59A50F14171A354E472B9F33B88;SP;Presidente Prudente;Curso d'água natural de até 10 metros;Analisado, aguardando regularização ambiental (Lei nº 12.651/2012);AT;0,0206
SP-3541406-FB1CA611C8424EFDB0F5AA82455080EA;SP;Presidente Prudente;Curso d'água natural de até 10 metros;Analisado, aguardando atendimento a notificação;AT;0,0000
SP-3541406-FB1CA611C8424EFDB0F5AA82455080EA;SP;Presidente Prudente;Curso d'água natural de até 10 metros;Analisado, aguardando atendimento a notificação;AT;0,0000
SP-3541406-FB43782FBCB64392865A9290953FB025;SP;Presidente Prudente;Curso d'água natural de até 10 metros;Aguardando análise;AT;0,0000
SP-3541406-FBC2BA76D5494738ABDA3EDA24EA458E;SP;Presidente Prudente;Curso d'água natural de até 10 metros;Analisado, em conformidade com a Lei nº 12.651/2012, com ativos ambientais;AT;0,0019
SP-3541406-FBD8352B8B2646F8B8E6F94CBB2D8DC1;SP;Presidente Prudente;Curso d'água natural de até 10 metros;Analisado, aguardando regularização ambiental (Lei nº 12.651/2012);AT;0,0712
SP-3541406-FBE629E73FB74543AB90FF3E50629537;SP;Presidente Prudente;Curso d'água natural de até 10 metros;Analisado, aguardando regularização ambiental (Lei nº 12.651/2012);AT;0,0847
SP-3541406-FC0C717191DD4CDDAAAF265644ED0748;SP;Presidente Prudente;Curso d'água natural de até 10 metros;Analisado, em conformidade com a Lei nº 12.651/2012, com ativos ambientais;AT;0,0277
SP-3541406-FC14381A4200481795CFDD2BB9923724;SP;Presidente Prudente;Curso d'água natural de até 10 metros;Analisado, aguardando atendimento a notificação;AT;0,0000
SP-3541406-FC8A13FD597444E6B7AFD4D0496271C6;SP;Presidente Prudente;Curso d'água natural de até 10 metros;Aguardando análise;AT;0,0000
SP-3541406-FC8A13FD597444E6B7AFD4D0496271C6;SP;Presidente Prudente;Curso d'água natural de até 10 metros;Aguardando análise;AT;0,0000
SP-3541406-FC8A13FD597444E6B7AFD4D0496271C6;SP;Presidente Prudente;Curso d'água natural de até 10 metros;Aguardando análise;AT;0,0000
SP-3541406-FC8A13FD597444E6B7AFD4D0496271C6;SP;Presidente Prudente;Curso d'água natural de até 10 metros;Aguardando análise;AT;0,0000
SP-3541406-FC953A6C60614A2FA10A82BAF30EA069;SP;Presidente Prudente;Curso d'água natural de até 10 metros;Aguardando análise;AT;0,0510
SP-3541406-FDB949B58A9E44EA86991AF85E74ECCC;SP;Presidente Prudente;Curso d'água natural de até 10 metros;Analisado, aguardando atendimento a notificação;AT;0,0000
SP-3541406-FE37E041AD99408ABEA83F257D8D6182;SP;Presidente Prudente;Curso d'água natural de até 10 metros;Aguardando análise, após revisão ou atendimento da notificação;AT;0,0000
SP-3541406-FE37E041AD99408ABEA83F257D8D6182;SP;Presidente Prudente;Curso d'água natural de até 10 metros;Aguardando análise, após revisão ou atendimento da notificação;AT;0,0000
SP-3541406-FE37E041AD99408ABEA83F257D8D6182;SP;Presidente Prudente;Curso d'água natural de até 10 metros;Aguardando análise, após revisão ou atendimento da notificação;AT;0,0000
SP-3541406-FE37E041AD99408ABEA83F257D8D6182;SP;Presidente Prudente;Curso d'água natural de até 10 metros;Aguardando análise, após revisão ou atendimento da notificação;AT;0,0000
SP-3541406-FE37E041AD99408ABEA83F257D8D6182;SP;Presidente Prudente;Curso d'água natural de até 10 metros;Aguardando análise, após revisão ou atendimento da notificação;AT;0,0000
SP-3541406-FE37E041AD99408ABEA83F257D8D6182;SP;Presidente Prudente;Curso d'água natural de até 10 metros;Aguardando análise, após revisão ou atendimento da notificação;AT;0,0000
SP-3541406-FE900B3115704F0F917801785C45FE99;SP;Presidente Prudente;Curso d'água natural de até 10 metros;Analisado, em conformidade com a Lei nº 12.651/2012, com ativos ambientais;AT;0,0652
SP-3541406-FE97FFE83072405D9733021480081563;SP;Presidente Prudente;Curso d'água natural de até 10 metros;Aguardando análise;AT;0,0459
SP-3541406-FF25B513747C49D9B34C9DE0E226CDE4;SP;Presidente Prudente;Curso d'água natural de até 10 metros;Analisado, em conformidade com a Lei nº 12.651/2012, com ativos ambientais;AT;0,0166
SP-3541406-FF72A62A4010457398F0961DBCED07C6;SP;Presidente Prudente;Curso d'água natural de até 10 metros;Analisado, aguardando regularização ambiental (Lei nº 12.651/2012);AT;0,0136
SP-3541406-FF9308A2CF5E4E3880E728F860F3618D;SP;Presidente Prudente;Curso d'água natural de até 10 metros;Aguardando análise;AT;0,0216
SP-3541406-121C86505F424AAC9C220D29167545E8;SP;Presidente Prudente;Curso d'água natural de 10 a 50 metros;Analisado, aguardando regularização ambiental (Lei nº 12.651/2012);AT;0,5799
SP-3541406-1509E19C8D294677B4B601330F5B8CD2;SP;Presidente Prudente;Curso d'água natural de 10 a 50 metros;Analisado, em conformidade com a Lei nº 12.651/2012, com ativos ambientais;AT;0,6151
SP-3541406-15DB9ACA95144E21943C5050B13FB1CF;SP;Presidente Prudente;Curso d'água natural de 10 a 50 metros;Analisado, aguardando atendimento a notificação;AT;0,4568
SP-3541406-16965EDB7A614B6B93E0A3FEF3DD2048;SP;Presidente Prudente;Curso d'água natural de 10 a 50 metros;Analisado, em conformidade com a Lei nº 12.651/2012, com ativos ambientais;AT;0,1209
SP-3541406-211B271030914963BD95DEAF0DCF3139;SP;Presidente Prudente;Curso d'água natural de 10 a 50 metros;Aguardando análise, após revisão ou atendimento da notificação;AT;0,3119
SP-3541406-302EF4A9BCAA48CC8702FE559418D3A7;SP;Presidente Prudente;Curso d'água natural de 10 a 50 metros;Aguardando análise;AT;50,6732
SP-3541406-330CA6FCD90048A6B4CF73A25EA9CFDE;SP;Presidente Prudente;Curso d'água natural de 10 a 50 metros;Analisado, em conformidade com a Lei nº 12.651/2012, com ativos ambientais;AT;0,4545
SP-3541406-3DE88081E7DB4341B8B11B748F8699C1;SP;Presidente Prudente;Curso d'água natural de 10 a 50 metros;Analisado, em conformidade com a Lei nº 12.651/2012, com ativos ambientais;AT;0,1427
SP-3541406-3EBEBA2015DE4D98BEA14F6EB7740A3D;SP;Presidente Prudente;Curso d'água natural de 10 a 50 metros;Aguardando análise, após revisão ou atendimento da notificação;AT;0,2891
SP-3541406-3F0273584AE741708C2FE120666C0870;SP;Presidente Prudente;Curso d'água natural de 10 a 50 metros;Analisado, aguardando regularização ambiental (Lei nº 12.651/2012);AT;0,0914
SP-3541406-417E2C1C1AD24FBCA6E942E17B85ECEF;SP;Presidente Prudente;Curso d'água natural de 10 a 50 metros;Aguardando análise, após revisão ou atendimento da notificação;AT;15,7967
SP-3541406-4456EB6A8A1647D684896DC143583E93;SP;Presidente Prudente;Curso d'água natural de 10 a 50 metros;Analisado, aguardando atendimento a notificação;AT;0,0611
SP-3541406-44F8DEFAFF6841D6AEFA5B9F4D2419AA;SP;Presidente Prudente;Curso d'água natural de 10 a 50 metros;Analisado, em conformidade com a Lei nº 12.651/2012, com ativos ambientais;AT;0,1990
SP-3541406-55AF778C6D6B49E795CEEBD31EE7CFAE;SP;Presidente Prudente;Curso d'água natural de 10 a 50 metros;Analisado, aguardando regularização ambiental (Lei nº 12.651/2012);AT;0,0378
SP-3541406-5A0C423E3D044E989CFE6622897878D9;SP;Presidente Prudente;Curso d'água natural de 10 a 50 metros;Analisado, em conformidade com a Lei nº 12.651/2012, com ativos ambientais;AT;0,9149
SP-3541406-5D163322A6BA4724AAB50FDBC36B8AF4;SP;Presidente Prudente;Curso d'água natural de 10 a 50 metros;Analisado, em conformidade com a Lei nº 12.651/2012, com ativos ambientais;AT;0,0591
SP-3541406-5E9F634492CF4FFFB8D5F2DAB1FB1D14;SP;Presidente Prudente;Curso d'água natural de 10 a 50 metros;Analisado, em conformidade com a Lei nº 12.651/2012, com ativos ambientais;AT;0,4902
SP-3541406-63E43930F0064867A02BECC02A3B35F5;SP;Presidente Prudente;Curso d'água natural de 10 a 50 metros;Analisado, aguardando regularização ambiental (Lei nº 12.651/2012);AT;0,4019
SP-3541406-6EA2631BB3154291921B336CF079B1E1;SP;Presidente Prudente;Curso d'água natural de 10 a 50 metros;Aguardando análise;AT;0,3744
SP-3541406-6F3AE06FB94E4C0A89814A6A3BE99F52;SP;Presidente Prudente;Curso d'água natural de 10 a 50 metros;Analisado, em conformidade com a Lei nº 12.651/2012, com ativos ambientais;AT;0,1013
SP-3541406-6F906DC6F7D5468F9CAAD3273C6C273D;SP;Presidente Prudente;Curso d'água natural de 10 a 50 metros;Analisado, em conformidade com a Lei nº 12.651/2012, com ativos ambientais;AT;0,9466
SP-3541406-70F26CEEF1364DF59B82CB83D1C9E7A1;SP;Presidente Prudente;Curso d'água natural de 10 a 50 metros;Analisado, aguardando regularização ambiental (Lei nº 12.651/2012);AT;0,0582
SP-3541406-735C7B487485483DB8EBD8EC81FDF51A;SP;Presidente Prudente;Curso d'água natural de 10 a 50 metros;Aguardando análise;AT;0,6734
SP-3541406-7ADAF652605444318A74210622F7DF58;SP;Presidente Prudente;Curso d'água natural de 10 a 50 metros;Analisado, aguardando atendimento a notificação;AT;0,1995
SP-3541406-7EC41330B4FF41848AF2532B94BEAE0D;SP;Presidente Prudente;Curso d'água natural de 10 a 50 metros;Aguardando análise;AT;0,1016
SP-3541406-8321DCDCF42F42218404A69DF03FCA07;SP;Presidente Prudente;Curso d'água natural de 10 a 50 metros;Aguardando análise;AT;0,0365
SP-3541406-8A6DE4942DEE4839978C094D047CACBD;SP;Presidente Prudente;Curso d'água natural de 10 a 50 metros;Analisado, aguardando atendimento a notificação;AT;0,3137
SP-3541406-8AD64A528660498890A992C947C73F5F;SP;Presidente Prudente;Curso d'água natural de 10 a 50 metros;Analisado, em conformidade com a Lei nº 12.651/2012, com ativos ambientais;AT;0,3884
SP-3541406-8E356C8948184BBFA5F61EE926D12504;SP;Presidente Prudente;Curso d'água natural de 10 a 50 metros;Aguardando análise;AT;3,6217
SP-3541406-91F398DCDB5B4EF9B72CE9CD44F929B8;SP;Presidente Prudente;Curso d'água natural de 10 a 50 metros;Aguardando análise, após revisão ou atendimento da notificação;AT;1,1884
SP-3541406-9426DFABEA7C464897344CE1679F07FC;SP;Presidente Prudente;Curso d'água natural de 10 a 50 metros;Analisado, aguardando atendimento a notificação;AT;1,2158
SP-3541406-99DCE3A4879D453EACB470FA0325822F;SP;Presidente Prudente;Curso d'água natural de 10 a 50 metros;Aguardando análise;AT;0,0737
SP-3541406-9FEDE133D63F43EEAA4B0D0D9FE07619;SP;Presidente Prudente;Curso d'água natural de 10 a 50 metros;Aguardando análise, após revisão ou atendimento da notificação;AT;11,9022
SP-3541406-9FEDE133D63F43EEAA4B0D0D9FE07619;SP;Presidente Prudente;Curso d'água natural de 10 a 50 metros;Aguardando análise, após revisão ou atendimento da notificação;AT;6,1004
SP-3541406-A1EA08389F634FADBB6B85A048FE9D47;SP;Presidente Prudente;Curso d'água natural de 10 a 50 metros;Aguardando análise;AT;0,8713
SP-3541406-AA721AC51EB14992AA65BC43EE0C7C24;SP;Presidente Prudente;Curso d'água natural de 10 a 50 metros;Analisado, aguardando regularização ambiental (Lei nº 12.651/2012);AT;1,3067
SP-3541406-AEA8789053F24E7790AA1D5F6945BD53;SP;Presidente Prudente;Curso d'água natural de 10 a 50 metros;Aguardando análise;AT;0,1615
SP-3541406-B73027C46CDE4091AAD99FECC46AA9ED;SP;Presidente Prudente;Curso d'água natural de 10 a 50 metros;Analisado, em conformidade com a Lei nº 12.651/2012, com ativos ambientais;AT;0,5419
SP-3541406-B7D15FA9262B4B3A9A08DBA20ADD6204;SP;Presidente Prudente;Curso d'água natural de 10 a 50 metros;Aguardando análise, após revisão ou atendimento da notificação;AT;61,5603
SP-3541406-B814EC3AA6B341C9AC23565C9CDB84DC;SP;Presidente Prudente;Curso d'água natural de 10 a 50 metros;Aguardando análise;AT;0,1855
SP-3541406-B95C74B9C055494AA220D821603FF711;SP;Presidente Prudente;Curso d'água natural de 10 a 50 metros;Aguardando análise, após revisão ou atendimento da notificação;AT;4,0086
SP-3541406-BE33A16142694DE7A8A142C2E6345B64;SP;Presidente Prudente;Curso d'água natural de 10 a 50 metros;Aguardando análise;AT;0,1614
SP-3541406-C40823AD226148C6A97F9722E3307E50;SP;Presidente Prudente;Curso d'água natural de 10 a 50 metros;Aguardando análise;AT;13,2105
SP-3541406-C8E57F87DDD4452FA870F79BD2686DAC;SP;Presidente Prudente;Curso d'água natural de 10 a 50 metros;Analisado, aguardando regularização ambiental (Lei nº 12.651/2012);AT;0,2344
SP-3541406-C9DE08D5DED14D1686D4CF799A004293;SP;Presidente Prudente;Curso d'água natural de 10 a 50 metros;Analisado, em conformidade com a Lei nº 12.651/2012, com ativos ambientais;AT;0,0528
SP-3541406-CBA724BC07A14F8499C229E9C70B323A;SP;Presidente Prudente;Curso d'água natural de 10 a 50 metros;Analisado, em conformidade com a Lei nº 12.651/2012, com ativos ambientais;AT;0,1461
SP-3541406-CF6B25006FD64DC8AC626EE72CA0BFB2;SP;Presidente Prudente;Curso d'água natural de 10 a 50 metros;Aguardando análise;AT;0,0671
SP-3541406-D1E6FAF34C034A1EA1DD0756FAD7B36C;SP;Presidente Prudente;Curso d'água natural de 10 a 50 metros;Analisado, aguardando regularização ambiental (Lei nº 12.651/2012);AT;0,8308
SP-3541406-D3C8B04A9437485391F7DEC7A7C1A87E;SP;Presidente Prudente;Curso d'água natural de 10 a 50 metros;Aguardando análise;AT;1,9357
SP-3541406-D889D73502904216BC3C5D3274B7F6A4;SP;Presidente Prudente;Curso d'água natural de 10 a 50 metros;Analisado, em conformidade com a Lei nº 12.651/2012, com ativos ambientais;AT;0,4060
SP-3541406-DC5237902F834A45BDB53AF3B4B77110;SP;Presidente Prudente;Curso d'água natural de 10 a 50 metros;Aguardando análise;AT;0,7418
SP-3541406-E18074AF8894436EB571BD6B5B57A0D9;SP;Presidente Prudente;Curso d'água natural de 10 a 50 metros;Aguardando análise;AT;0,0677
SP-3541406-F1AF08CD14934889B9743C1EBB22B89B;SP;Presidente Prudente;Curso d'água natural de 10 a 50 metros;Aguardando análise;AT;0,0768
SP-3541406-F903385297D04F3299464EC509035B33;SP;Presidente Prudente;Curso d'água natural de 10 a 50 metros;Analisado, aguardando atendimento a notificação;AT;1,5038
SP-3541406-FAB05EFE8B4B41A1A1A2D9FED9B88748;SP;Presidente Prudente;Curso d'água natural de 10 a 50 metros;Analisado, em conformidade com a Lei nº 12.651/2012, com ativos ambientais;AT;0,1209
SP-3541406-FEDF873107A44641895ADF737552C47F;SP;Presidente Prudente;Curso d'água natural de 10 a 50 metros;Aguardando análise;AT;0,0319
SP-3541406-060E7D9C8551496B900E4452202076C8;SP;Presidente Prudente;Lago ou lagoa natural;Aguardando análise;AT;0,3311
SP-3541406-0CDB5C38776D4DD48CA1222BE1A37905;SP;Presidente Prudente;Lago ou lagoa natural;Aguardando análise;AT;0,0424
SP-3541406-0F6C5711F13F4B15A05D72A0EBDF4559;SP;Presidente Prudente;Lago ou lagoa natural;Analisado, aguardando atendimento a notificação;AT;0,0713
SP-3541406-0F6C5711F13F4B15A05D72A0EBDF4559;SP;Presidente Prudente;Lago ou lagoa natural;Analisado, aguardando atendimento a notificação;AT;0,1102
SP-3541406-135827E707114E8D87872D723BA38546;SP;Presidente Prudente;Lago ou lagoa natural;Analisado, aguardando atendimento a notificação;AT;0,1999
SP-3541406-135827E707114E8D87872D723BA38546;SP;Presidente Prudente;Lago ou lagoa natural;Analisado, aguardando atendimento a notificação;AT;0,0823
SP-3541406-135827E707114E8D87872D723BA38546;SP;Presidente Prudente;Lago ou lagoa natural;Analisado, aguardando atendimento a notificação;AT;0,6351
SP-3541406-25523753D89040299129A63FC7D55C11;SP;Presidente Prudente;Lago ou lagoa natural;Aguardando análise;AT;0,0686
SP-3541406-25523753D89040299129A63FC7D55C11;SP;Presidente Prudente;Lago ou lagoa natural;Aguardando análise;AT;0,0350
SP-3541406-25523753D89040299129A63FC7D55C11;SP;Presidente Prudente;Lago ou lagoa natural;Aguardando análise;AT;0,0201
SP-3541406-2B8DF684A34E46AAAC040BA2C09D15FE;SP;Presidente Prudente;Lago ou lagoa natural;Aguardando análise;AT;0,0485
SP-3541406-4424A3609D5B4DD5AA49AA03564D886F;SP;Presidente Prudente;Lago ou lagoa natural;Analisado, aguardando atendimento a notificação;AT;0,1262
SP-3541406-51FA158DC05E4042B3E39632A66763A8;SP;Presidente Prudente;Lago ou lagoa natural;Aguardando análise, após revisão ou atendimento da notificação;AT;0,0294
SP-3541406-5C92EE626E6F4DDAB7D7FD5D0627BFFE;SP;Presidente Prudente;Lago ou lagoa natural;Analisado, aguardando regularização ambiental (Lei nº 12.651/2012);AT;0,0218
SP-3541406-72E7AB33ACA3425E879845BFD99E3C39;SP;Presidente Prudente;Lago ou lagoa natural;Aguardando análise;AT;1,1571
SP-3541406-732B562031314B0BA7643EBDE41D9CE5;SP;Presidente Prudente;Lago ou lagoa natural;Analisado, aguardando atendimento a notificação;AT;0,0132
SP-3541406-732B562031314B0BA7643EBDE41D9CE5;SP;Presidente Prudente;Lago ou lagoa natural;Analisado, aguardando atendimento a notificação;AT;0,1653
SP-3541406-7759C3FF0CA3421ABC250613E0845389;SP;Presidente Prudente;Lago ou lagoa natural;Analisado, aguardando regularização ambiental (Lei nº 12.651/2012);AT;0,0851
SP-3541406-8D374D092D184CC4836A3BF2F782C0F0;SP;Presidente Prudente;Lago ou lagoa natural;Analisado, aguardando regularização ambiental (Lei nº 12.651/2012);AT;0,0156
SP-3541406-94700EE824A84A51B1B6ECD0C186076E;SP;Presidente Prudente;Lago ou lagoa natural;Analisado, aguardando atendimento a notificação;AT;0,0378
SP-3541406-94700EE824A84A51B1B6ECD0C186076E;SP;Presidente Prudente;Lago ou lagoa natural;Analisado, aguardando atendimento a notificação;AT;0,0820
SP-3541406-94700EE824A84A51B1B6ECD0C186076E;SP;Presidente Prudente;Lago ou lagoa natural;Analisado, aguardando atendimento a notificação;AT;0,0089
SP-3541406-94700EE824A84A51B1B6ECD0C186076E;SP;Presidente Prudente;Lago ou lagoa natural;Analisado, aguardando atendimento a notificação;AT;0,0303
SP-3541406-94700EE824A84A51B1B6ECD0C186076E;SP;Presidente Prudente;Lago ou lagoa natural;Analisado, aguardando atendimento a notificação;AT;0,0859
SP-3541406-94700EE824A84A51B1B6ECD0C186076E;SP;Presidente Prudente;Lago ou lagoa natural;Analisado, aguardando atendimento a notificação;AT;0,1638
SP-3541406-94700EE824A84A51B1B6ECD0C186076E;SP;Presidente Prudente;Lago ou lagoa natural;Analisado, aguardando atendimento a notificação;AT;1,1797
SP-3541406-9F1AAC4F953049D0A3A0217B81EC663A;SP;Presidente Prudente;Lago ou lagoa natural;Aguardando análise, após revisão ou atendimento da notificação;AT;0,0032
SP-3541406-9FEDE133D63F43EEAA4B0D0D9FE07619;SP;Presidente Prudente;Lago ou lagoa natural;Aguardando análise, após revisão ou atendimento da notificação;AT;0,6345
SP-3541406-9FEDE133D63F43EEAA4B0D0D9FE07619;SP;Presidente Prudente;Lago ou lagoa natural;Aguardando análise, após revisão ou atendimento da notificação;AT;0,1835
SP-3541406-9FEDE133D63F43EEAA4B0D0D9FE07619;SP;Presidente Prudente;Lago ou lagoa natural;Aguardando análise, após revisão ou atendimento da notificação;AT;0,6188
SP-3541406-ACFC19A80315454D8DF044C62A933475;SP;Presidente Prudente;Lago ou lagoa natural;Analisado, aguardando atendimento a notificação;AT;0,1694
SP-3541406-ACFC19A80315454D8DF044C62A933475;SP;Presidente Prudente;Lago ou lagoa natural;Analisado, aguardando atendimento a notificação;AT;0,1859
SP-3541406-B7D15FA9262B4B3A9A08DBA20ADD6204;SP;Presidente Prudente;Lago ou lagoa natural;Aguardando análise, após revisão ou atendimento da notificação;AT;0,8401
SP-3541406-B7D15FA9262B4B3A9A08DBA20ADD6204;SP;Presidente Prudente;Lago ou lagoa natural;Aguardando análise, após revisão ou atendimento da notificação;AT;0,3878
SP-3541406-B7D15FA9262B4B3A9A08DBA20ADD6204;SP;Presidente Prudente;Lago ou lagoa natural;Aguardando análise, após revisão ou atendimento da notificação;AT;2,8088
SP-3541406-B7D15FA9262B4B3A9A08DBA20ADD6204;SP;Presidente Prudente;Lago ou lagoa natural;Aguardando análise, após revisão ou atendimento da notificação;AT;0,1609
SP-3541406-B7D15FA9262B4B3A9A08DBA20ADD6204;SP;Presidente Prudente;Lago ou lagoa natural;Aguardando análise, após revisão ou atendimento da notificação;AT;1,3015
SP-3541406-B7D15FA9262B4B3A9A08DBA20ADD6204;SP;Presidente Prudente;Lago ou lagoa natural;Aguardando análise, após revisão ou atendimento da notificação;AT;2,5940
SP-3541406-B7D15FA9262B4B3A9A08DBA20ADD6204;SP;Presidente Prudente;Lago ou lagoa natural;Aguardando análise, após revisão ou atendimento da notificação;AT;0,3441
SP-3541406-B7D15FA9262B4B3A9A08DBA20ADD6204;SP;Presidente Prudente;Lago ou lagoa natural;Aguardando análise, após revisão ou atendimento da notificação;AT;0,6097
SP-3541406-B7D15FA9262B4B3A9A08DBA20ADD6204;SP;Presidente Prudente;Lago ou lagoa natural;Aguardando análise, após revisão ou atendimento da notificação;AT;0,2395
SP-3541406-B7D15FA9262B4B3A9A08DBA20ADD6204;SP;Presidente Prudente;Lago ou lagoa natural;Aguardando análise, após revisão ou atendimento da notificação;AT;0,2373
SP-3541406-B7D15FA9262B4B3A9A08DBA20ADD6204;SP;Presidente Prudente;Lago ou lagoa natural;Aguardando análise, após revisão ou atendimento da notificação;AT;1,3085
SP-3541406-B7D15FA9262B4B3A9A08DBA20ADD6204;SP;Presidente Prudente;Lago ou lagoa natural;Aguardando análise, após revisão ou atendimento da notificação;AT;0,3499
SP-3541406-B7D15FA9262B4B3A9A08DBA20ADD6204;SP;Presidente Prudente;Lago ou lagoa natural;Aguardando análise, após revisão ou atendimento da notificação;AT;1,3090
SP-3541406-B85A3E0723A04E5BB4B84D688CB8704E;SP;Presidente Prudente;Lago ou lagoa natural;Analisado, aguardando atendimento a notificação;AT;0,0292
SP-3541406-B9B169EF265A488C91A38D2CD6FBC214;SP;Presidente Prudente;Lago ou lagoa natural;Analisado, aguardando atendimento a notificação;AT;0,1081
SP-3541406-CE7C574B93994B68A92BFD255478D87A;SP;Presidente Prudente;Lago ou lagoa natural;Analisado, aguardando atendimento a notificação;AT;0,2464
SP-3541406-D84921A08ACA4C9A883C6922C8B26F5C;SP;Presidente Prudente;Lago ou lagoa natural;Aguardando análise;AT;6,3181
SP-3541406-DACE2F65A9D24E2E84632658E87ACB33;SP;Presidente Prudente;Lago ou lagoa natural;Aguardando análise;AT;0,3928
SP-3541406-DACE2F65A9D24E2E84632658E87ACB33;SP;Presidente Prudente;Lago ou lagoa natural;Aguardando análise;AT;1,3459
SP-3541406-E118C4C262E847FC9A9B47043D98B804;SP;Presidente Prudente;Lago ou lagoa natural;Analisado, aguardando atendimento a notificação;AT;0,1744
SP-3541406-E13324DD6E9A456886BD99D128131B98;SP;Presidente Prudente;Lago ou lagoa natural;Aguardando análise;AT;0,8408
SP-3541406-E255662F26D64DBC902179D6E7DA63C5;SP;Presidente Prudente;Lago ou lagoa natural;Aguardando análise, após revisão ou atendimento da notificação;AT;0,0222
SP-3541406-E3E083FF8B33466491DCF6B0F1036E9F;SP;Presidente Prudente;Lago ou lagoa natural;Analisado, aguardando atendimento a notificação;AT;1,1933
SP-3541406-EBE3F51D06144215A3E8EAB9F7D579D1;SP;Presidente Prudente;Lago ou lagoa natural;Analisado, aguardando atendimento a notificação;AT;0,0145
SP-3541406-EEBA4CC0828C43A594B5F55A0C633D51;SP;Presidente Prudente;Lago ou lagoa natural;Aguardando análise;AT;0,0543
SP-3541406-F6F15A5202134FB0B8FCED884DB2C247;SP;Presidente Prudente;Lago ou lagoa natural;Analisado, aguardando atendimento a notificação;AT;1,3327
SP-3541406-F6F15A5202134FB0B8FCED884DB2C247;SP;Presidente Prudente;Lago ou lagoa natural;Analisado, aguardando atendimento a notificação;AT;0,5677
SP-3541406-F903385297D04F3299464EC509035B33;SP;Presidente Prudente;Lago ou lagoa natural;Analisado, aguardando atendimento a notificação;AT;1,2056
SP-3541406-0989452124E2440E8D39697AA0BEDD0B;SP;Presidente Prudente;Reservatório artificial decorrente de barramento ou represamento de cursos d'água naturais;Analisado, aguardando atendimento a notificação;AT;0,0896
SP-3541406-0F57B89C9F7A4B159B6D5F7CC5C7A4BC;SP;Presidente Prudente;Reservatório artificial decorrente de barramento ou represamento de cursos d'água naturais;Aguardando análise;AT;0,3616
SP-3541406-116BC5C019974CBCA76DFE21CCD9925E;SP;Presidente Prudente;Reservatório artificial decorrente de barramento ou represamento de cursos d'água naturais;Aguardando análise;AT;0,0698
SP-3541406-1498829DB9154A45874EB46AEEC7F592;SP;Presidente Prudente;Reservatório artificial decorrente de barramento ou represamento de cursos d'água naturais;Aguardando análise;AT;0,2648
SP-3541406-15DB9ACA95144E21943C5050B13FB1CF;SP;Presidente Prudente;Reservatório artificial decorrente de barramento ou represamento de cursos d'água naturais;Analisado, aguardando atendimento a notificação;AT;0,6466
SP-3541406-25523753D89040299129A63FC7D55C11;SP;Presidente Prudente;Reservatório artificial decorrente de barramento ou represamento de cursos d'água naturais;Aguardando análise;AT;0,0480
SP-3541406-25523753D89040299129A63FC7D55C11;SP;Presidente Prudente;Reservatório artificial decorrente de barramento ou represamento de cursos d'água naturais;Aguardando análise;AT;0,0257
SP-3541406-25523753D89040299129A63FC7D55C11;SP;Presidente Prudente;Reservatório artificial decorrente de barramento ou represamento de cursos d'água naturais;Aguardando análise;AT;0,0733
SP-3541406-25523753D89040299129A63FC7D55C11;SP;Presidente Prudente;Reservatório artificial decorrente de barramento ou represamento de cursos d'água naturais;Aguardando análise;AT;0,0419
SP-3541406-25523753D89040299129A63FC7D55C11;SP;Presidente Prudente;Reservatório artificial decorrente de barramento ou represamento de cursos d'água naturais;Aguardando análise;AT;0,0233
SP-3541406-25523753D89040299129A63FC7D55C11;SP;Presidente Prudente;Reservatório artificial decorrente de barramento ou represamento de cursos d'água naturais;Aguardando análise;AT;0,0319
SP-3541406-2605715640F44B60B4618467CEDF4035;SP;Presidente Prudente;Reservatório artificial decorrente de barramento ou represamento de cursos d'água naturais;Analisado, em conformidade com a Lei nº 12.651/2012, com ativos ambientais;AT;0,2471
SP-3541406-28972E939BF0447EAF9BE5E276A63B2E;SP;Presidente Prudente;Reservatório artificial decorrente de barramento ou represamento de cursos d'água naturais;Aguardando análise;AT;0,1864
SP-3541406-2F0CE246181A46FC966C71F148324988;SP;Presidente Prudente;Reservatório artificial decorrente de barramento ou represamento de cursos d'água naturais;Aguardando análise, após revisão ou atendimento da notificação;AT;0,0847
SP-3541406-352BA589886F47E794F306AE0DBF90B7;SP;Presidente Prudente;Reservatório artificial decorrente de barramento ou represamento de cursos d'água naturais;Analisado, em conformidade com a Lei nº 12.651/2012, com ativos ambientais;AT;0,4292
SP-3541406-3E0A7E1D0DEF4E9E9C6EC52E0249BB2C;SP;Presidente Prudente;Reservatório artificial decorrente de barramento ou represamento de cursos d'água naturais;Aguardando análise;AT;0,1046
SP-3541406-4456EB6A8A1647D684896DC143583E93;SP;Presidente Prudente;Reservatório artificial decorrente de barramento ou represamento de cursos d'água naturais;Analisado, aguardando atendimento a notificação;AT;0,0101
SP-3541406-4879F7D0B71E45598948DB19DDD91FE3;SP;Presidente Prudente;Reservatório artificial decorrente de barramento ou represamento de cursos d'água naturais;Aguardando análise, após revisão ou atendimento da notificação;AT;0,0219
SP-3541406-49957E6661C24E9BB54095DC17677BE7;SP;Presidente Prudente;Reservatório artificial decorrente de barramento ou represamento de cursos d'água naturais;Analisado, aguardando atendimento a notificação;AT;0,4624
SP-3541406-4E4CF2321CA946628427089605A13C65;SP;Presidente Prudente;Reservatório artificial decorrente de barramento ou represamento de cursos d'água naturais;Analisado, aguardando atendimento a notificação;AT;0,0971
SP-3541406-4E4CF2321CA946628427089605A13C65;SP;Presidente Prudente;Reservatório artificial decorrente de barramento ou represamento de cursos d'água naturais;Analisado, aguardando atendimento a notificação;AT;0,0971
SP-3541406-515CCE6326A6429EB9072B363D4A4C62;SP;Presidente Prudente;Reservatório artificial decorrente de barramento ou represamento de cursos d'água naturais;Aguardando análise, após revisão ou atendimento da notificação;AT;0,0251
SP-3541406-51D29A5C75FC48629B769CDA40E7818D;SP;Presidente Prudente;Reservatório artificial decorrente de barramento ou represamento de cursos d'água naturais;Aguardando análise;AT;0,1160
SP-3541406-51D29A5C75FC48629B769CDA40E7818D;SP;Presidente Prudente;Reservatório artificial decorrente de barramento ou represamento de cursos d'água naturais;Aguardando análise;AT;0,0611
SP-3541406-51D29A5C75FC48629B769CDA40E7818D;SP;Presidente Prudente;Reservatório artificial decorrente de barramento ou represamento de cursos d'água naturais;Aguardando análise;AT;0,0158
SP-3541406-51F07FEAC86D479CBED0A2CCFCCA13C9;SP;Presidente Prudente;Reservatório artificial decorrente de barramento ou represamento de cursos d'água naturais;Aguardando análise;AT;0,2541
SP-3541406-569DE895840947DBACF18D29D74A3DF7;SP;Presidente Prudente;Reservatório artificial decorrente de barramento ou represamento de cursos d'água naturais;Analisado, aguardando atendimento a notificação;AT;0,3719
SP-3541406-569DE895840947DBACF18D29D74A3DF7;SP;Presidente Prudente;Reservatório artificial decorrente de barramento ou represamento de cursos d'água naturais;Analisado, aguardando atendimento a notificação;AT;0,0171
SP-3541406-569DE895840947DBACF18D29D74A3DF7;SP;Presidente Prudente;Reservatório artificial decorrente de barramento ou represamento de cursos d'água naturais;Analisado, aguardando atendimento a notificação;AT;0,0272
SP-3541406-5A897B4D88DF4ADAA44C6D2EE381F164;SP;Presidente Prudente;Reservatório artificial decorrente de barramento ou represamento de cursos d'água naturais;Aguardando análise;AT;0,0550
SP-3541406-5A897B4D88DF4ADAA44C6D2EE381F164;SP;Presidente Prudente;Reservatório artificial decorrente de barramento ou represamento de cursos d'água naturais;Aguardando análise;AT;0,0314
SP-3541406-5A897B4D88DF4ADAA44C6D2EE381F164;SP;Presidente Prudente;Reservatório artificial decorrente de barramento ou represamento de cursos d'água naturais;Aguardando análise;AT;0,0289
SP-3541406-5A897B4D88DF4ADAA44C6D2EE381F164;SP;Presidente Prudente;Reservatório artificial decorrente de barramento ou represamento de cursos d'água naturais;Aguardando análise;AT;0,0308
SP-3541406-5A897B4D88DF4ADAA44C6D2EE381F164;SP;Presidente Prudente;Reservatório artificial decorrente de barramento ou represamento de cursos d'água naturais;Aguardando análise;AT;0,0130
SP-3541406-5A897B4D88DF4ADAA44C6D2EE381F164;SP;Presidente Prudente;Reservatório artificial decorrente de barramento ou represamento de cursos d'água naturais;Aguardando análise;AT;0,0159
SP-3541406-5A897B4D88DF4ADAA44C6D2EE381F164;SP;Presidente Prudente;Reservatório artificial decorrente de barramento ou represamento de cursos d'água naturais;Aguardando análise;AT;0,0222
SP-3541406-5A897B4D88DF4ADAA44C6D2EE381F164;SP;Presidente Prudente;Reservatório artificial decorrente de barramento ou represamento de cursos d'água naturais;Aguardando análise;AT;0,0032
SP-3541406-5A897B4D88DF4ADAA44C6D2EE381F164;SP;Presidente Prudente;Reservatório artificial decorrente de barramento ou represamento de cursos d'água naturais;Aguardando análise;AT;0,0046
SP-3541406-5A897B4D88DF4ADAA44C6D2EE381F164;SP;Presidente Prudente;Reservatório artificial decorrente de barramento ou represamento de cursos d'água naturais;Aguardando análise;AT;0,0092
SP-3541406-5A897B4D88DF4ADAA44C6D2EE381F164;SP;Presidente Prudente;Reservatório artificial decorrente de barramento ou represamento de cursos d'água naturais;Aguardando análise;AT;0,0117
SP-3541406-5A897B4D88DF4ADAA44C6D2EE381F164;SP;Presidente Prudente;Reservatório artificial decorrente de barramento ou represamento de cursos d'água naturais;Aguardando análise;AT;0,0156
SP-3541406-5A897B4D88DF4ADAA44C6D2EE381F164;SP;Presidente Prudente;Reservatório artificial decorrente de barramento ou represamento de cursos d'água naturais;Aguardando análise;AT;0,0110
SP-3541406-5A897B4D88DF4ADAA44C6D2EE381F164;SP;Presidente Prudente;Reservatório artificial decorrente de barramento ou represamento de cursos d'água naturais;Aguardando análise;AT;0,0115
SP-3541406-5A897B4D88DF4ADAA44C6D2EE381F164;SP;Presidente Prudente;Reservatório artificial decorrente de barramento ou represamento de cursos d'água naturais;Aguardando análise;AT;0,0209
SP-3541406-5A897B4D88DF4ADAA44C6D2EE381F164;SP;Presidente Prudente;Reservatório artificial decorrente de barramento ou represamento de cursos d'água naturais;Aguardando análise;AT;0,0177
SP-3541406-5A897B4D88DF4ADAA44C6D2EE381F164;SP;Presidente Prudente;Reservatório artificial decorrente de barramento ou represamento de cursos d'água naturais;Aguardando análise;AT;0,0115
SP-3541406-5A897B4D88DF4ADAA44C6D2EE381F164;SP;Presidente Prudente;Reservatório artificial decorrente de barramento ou represamento de cursos d'água naturais;Aguardando análise;AT;0,0121
SP-3541406-5A897B4D88DF4ADAA44C6D2EE381F164;SP;Presidente Prudente;Reservatório artificial decorrente de barramento ou represamento de cursos d'água naturais;Aguardando análise;AT;0,0115
SP-3541406-5A897B4D88DF4ADAA44C6D2EE381F164;SP;Presidente Prudente;Reservatório artificial decorrente de barramento ou represamento de cursos d'água naturais;Aguardando análise;AT;0,0076
SP-3541406-5A897B4D88DF4ADAA44C6D2EE381F164;SP;Presidente Prudente;Reservatório artificial decorrente de barramento ou represamento de cursos d'água naturais;Aguardando análise;AT;0,0110
SP-3541406-5A897B4D88DF4ADAA44C6D2EE381F164;SP;Presidente Prudente;Reservatório artificial decorrente de barramento ou represamento de cursos d'água naturais;Aguardando análise;AT;0,0244
SP-3541406-5B022CADE20A4C818432A29602CA4FC5;SP;Presidente Prudente;Reservatório artificial decorrente de barramento ou represamento de cursos d'água naturais;Aguardando análise;AT;0,1939
SP-3541406-5B022CADE20A4C818432A29602CA4FC5;SP;Presidente Prudente;Reservatório artificial decorrente de barramento ou represamento de cursos d'água naturais;Aguardando análise;AT;0,0344
SP-3541406-6284D4CB7BEB4F5793D726AB15B3D3FA;SP;Presidente Prudente;Reservatório artificial decorrente de barramento ou represamento de cursos d'água naturais;Analisado, em conformidade com a Lei nº 12.651/2012;AT;0,0546
SP-3541406-6D2C017211424010AF0DE5EEBF35715F;SP;Presidente Prudente;Reservatório artificial decorrente de barramento ou represamento de cursos d'água naturais;Aguardando análise;AT;0,0639
SP-3541406-6D2C017211424010AF0DE5EEBF35715F;SP;Presidente Prudente;Reservatório artificial decorrente de barramento ou represamento de cursos d'água naturais;Aguardando análise;AT;0,0488
SP-3541406-6D2C017211424010AF0DE5EEBF35715F;SP;Presidente Prudente;Reservatório artificial decorrente de barramento ou represamento de cursos d'água naturais;Aguardando análise;AT;0,0320
SP-3541406-6D2C017211424010AF0DE5EEBF35715F;SP;Presidente Prudente;Reservatório artificial decorrente de barramento ou represamento de cursos d'água naturais;Aguardando análise;AT;0,0292
SP-3541406-6D2C017211424010AF0DE5EEBF35715F;SP;Presidente Prudente;Reservatório artificial decorrente de barramento ou represamento de cursos d'água naturais;Aguardando análise;AT;0,0622
SP-3541406-6D2C017211424010AF0DE5EEBF35715F;SP;Presidente Prudente;Reservatório artificial decorrente de barramento ou represamento de cursos d'água naturais;Aguardando análise;AT;0,0935
SP-3541406-6D2C017211424010AF0DE5EEBF35715F;SP;Presidente Prudente;Reservatório artificial decorrente de barramento ou represamento de cursos d'água naturais;Aguardando análise;AT;0,1534
SP-3541406-6EA620152CCD4A278AE0D01A30C3642F;SP;Presidente Prudente;Reservatório artificial decorrente de barramento ou represamento de cursos d'água naturais;Aguardando análise;AT;0,0550
SP-3541406-71B3335C4B68442287B05352A623D810;SP;Presidente Prudente;Reservatório artificial decorrente de barramento ou represamento de cursos d'água naturais;Analisado, aguardando atendimento a notificação;AT;0,0336
SP-3541406-71B3335C4B68442287B05352A623D810;SP;Presidente Prudente;Reservatório artificial decorrente de barramento ou represamento de cursos d'água naturais;Analisado, aguardando atendimento a notificação;AT;0,0116
SP-3541406-73936BBA61174EDEA4F20024A389B0C7;SP;Presidente Prudente;Reservatório artificial decorrente de barramento ou represamento de cursos d'água naturais;Aguardando análise, após revisão ou atendimento da notificação;AT;0,4607
SP-3541406-77EFDD4236954EBA9CBFBD7A333CE4D1;SP;Presidente Prudente;Reservatório artificial decorrente de barramento ou represamento de cursos d'água naturais;Aguardando análise, após revisão ou atendimento da notificação;AT;0,0770
SP-3541406-7D06A3A8B1224AA8BB93B54487BE267C;SP;Presidente Prudente;Reservatório artificial decorrente de barramento ou represamento de cursos d'água naturais;Analisado, aguardando atendimento a notificação;AT;0,1307
SP-3541406-7D4AB954FA8D441E801AB67BB8C14929;SP;Presidente Prudente;Reservatório artificial decorrente de barramento ou represamento de cursos d'água naturais;Analisado, aguardando regularização ambiental (Lei nº 12.651/2012);AT;0,4367
SP-3541406-81613F18900844BC81F09C36FEC61D12;SP;Presidente Prudente;Reservatório artificial decorrente de barramento ou represamento de cursos d'água naturais;Analisado, aguardando atendimento a notificação;AT;0,1451
SP-3541406-82209199F05F4861816A124E7D5FF57A;SP;Presidente Prudente;Reservatório artificial decorrente de barramento ou represamento de cursos d'água naturais;Analisado, em conformidade com a Lei nº 12.651/2012;AT;2,1664
SP-3541406-82E8C27219364350B8FE4318EBD88B2C;SP;Presidente Prudente;Reservatório artificial decorrente de barramento ou represamento de cursos d'água naturais;Analisado, em conformidade com a Lei nº 12.651/2012, com ativos ambientais;AT;0,9014
SP-3541406-86CFABFBEEAE4A6FA4E770248B720C6A;SP;Presidente Prudente;Reservatório artificial decorrente de barramento ou represamento de cursos d'água naturais;Analisado, aguardando regularização ambiental (Lei nº 12.651/2012);AT;0,1926
SP-3541406-8791E83BCBED4B15B5B36FD9BD3DB34B;SP;Presidente Prudente;Reservatório artificial decorrente de barramento ou represamento de cursos d'água naturais;Aguardando análise;AT;0,0369
SP-3541406-8A6DE4942DEE4839978C094D047CACBD;SP;Presidente Prudente;Reservatório artificial decorrente de barramento ou represamento de cursos d'água naturais;Analisado, aguardando atendimento a notificação;AT;0,0627
SP-3541406-8E7B2DA4BD0E46D4A99DC1D16AD67D38;SP;Presidente Prudente;Reservatório artificial decorrente de barramento ou represamento de cursos d'água naturais;Aguardando análise;AT;0,0541
SP-3541406-90A3D41F01EC41919E9DCE1BC7BD145E;SP;Presidente Prudente;Reservatório artificial decorrente de barramento ou represamento de cursos d'água naturais;Aguardando análise;AT;0,3335
SP-3541406-90A3D41F01EC41919E9DCE1BC7BD145E;SP;Presidente Prudente;Reservatório artificial decorrente de barramento ou represamento de cursos d'água naturais;Aguardando análise;AT;5,6218
SP-3541406-96B001A6BB4C431B9401F943711789D2;SP;Presidente Prudente;Reservatório artificial decorrente de barramento ou represamento de cursos d'água naturais;Aguardando análise;AT;0,1458
SP-3541406-96B001A6BB4C431B9401F943711789D2;SP;Presidente Prudente;Reservatório artificial decorrente de barramento ou represamento de cursos d'água naturais;Aguardando análise;AT;0,0540
SP-3541406-96B001A6BB4C431B9401F943711789D2;SP;Presidente Prudente;Reservatório artificial decorrente de barramento ou represamento de cursos d'água naturais;Aguardando análise;AT;0,0175
SP-3541406-99B0AF66C7904A1A825E435CBED5164F;SP;Presidente Prudente;Reservatório artificial decorrente de barramento ou represamento de cursos d'água naturais;Aguardando análise;AT;0,0053
SP-3541406-99B0AF66C7904A1A825E435CBED5164F;SP;Presidente Prudente;Reservatório artificial decorrente de barramento ou represamento de cursos d'água naturais;Aguardando análise;AT;0,0353
SP-3541406-99C68C262FA04DC7A6221835FAE21D73;SP;Presidente Prudente;Reservatório artificial decorrente de barramento ou represamento de cursos d'água naturais;Aguardando análise;AT;0,7275
SP-3541406-9A301C6C78AB4E39940316ADCE4D073A;SP;Presidente Prudente;Reservatório artificial decorrente de barramento ou represamento de cursos d'água naturais;Aguardando análise;AT;0,0549
SP-3541406-9A301C6C78AB4E39940316ADCE4D073A;SP;Presidente Prudente;Reservatório artificial decorrente de barramento ou represamento de cursos d'água naturais;Aguardando análise;AT;0,0129
SP-3541406-9C6A97FEFE4B463FB36450C5D1010325;SP;Presidente Prudente;Reservatório artificial decorrente de barramento ou represamento de cursos d'água naturais;Analisado, aguardando atendimento a notificação;AT;0,0354
SP-3541406-9C6A97FEFE4B463FB36450C5D1010325;SP;Presidente Prudente;Reservatório artificial decorrente de barramento ou represamento de cursos d'água naturais;Analisado, aguardando atendimento a notificação;AT;0,0169
SP-3541406-9C7A1DA116E6413887B0E834540FE727;SP;Presidente Prudente;Reservatório artificial decorrente de barramento ou represamento de cursos d'água naturais;Analisado, em regularização ambiental (Lei nº 12.651/2012);AT;0,1354
SP-3541406-9CF8B76BED4340F497C91F1A13D28D6F;SP;Presidente Prudente;Reservatório artificial decorrente de barramento ou represamento de cursos d'água naturais;Aguardando análise;AT;0,0670
SP-3541406-9FA2DA330CA7470BA420EAD3CABDBD86;SP;Presidente Prudente;Reservatório artificial decorrente de barramento ou represamento de cursos d'água naturais;Aguardando análise;AT;0,0151
SP-3541406-A08438DE6D2A489A94B5B0113F626E3B;SP;Presidente Prudente;Reservatório artificial decorrente de barramento ou represamento de cursos d'água naturais;Analisado, aguardando atendimento a notificação;AT;0,0084
SP-3541406-A3890510790E4E6F9F3F94C3535E0C84;SP;Presidente Prudente;Reservatório artificial decorrente de barramento ou represamento de cursos d'água naturais;Aguardando análise, após revisão ou atendimento da notificação;AT;0,0242
SP-3541406-A3890510790E4E6F9F3F94C3535E0C84;SP;Presidente Prudente;Reservatório artificial decorrente de barramento ou represamento de cursos d'água naturais;Aguardando análise, após revisão ou atendimento da notificação;AT;0,0338
SP-3541406-A3890510790E4E6F9F3F94C3535E0C84;SP;Presidente Prudente;Reservatório artificial decorrente de barramento ou represamento de cursos d'água naturais;Aguardando análise, após revisão ou atendimento da notificação;AT;0,0302
SP-3541406-A9B397AB4CA24F2D801F0C1A00B95C9F;SP;Presidente Prudente;Reservatório artificial decorrente de barramento ou represamento de cursos d'água naturais;Analisado, aguardando atendimento a notificação;AT;0,1275
SP-3541406-A9B397AB4CA24F2D801F0C1A00B95C9F;SP;Presidente Prudente;Reservatório artificial decorrente de barramento ou represamento de cursos d'água naturais;Analisado, aguardando atendimento a notificação;AT;0,0314
SP-3541406-A9B397AB4CA24F2D801F0C1A00B95C9F;SP;Presidente Prudente;Reservatório artificial decorrente de barramento ou represamento de cursos d'água naturais;Analisado, aguardando atendimento a notificação;AT;0,0650
SP-3541406-AA70505184EC4BF58B5B49B6B3456340;SP;Presidente Prudente;Reservatório artificial decorrente de barramento ou represamento de cursos d'água naturais;Aguardando análise;AT;0,0990
SP-3541406-AA70505184EC4BF58B5B49B6B3456340;SP;Presidente Prudente;Reservatório artificial decorrente de barramento ou represamento de cursos d'água naturais;Aguardando análise;AT;0,0294
SP-3541406-AF8F4E7DCC16421E867E5AE1D22A0E8C;SP;Presidente Prudente;Reservatório artificial decorrente de barramento ou represamento de cursos d'água naturais;Analisado, aguardando regularização ambiental (Lei nº 12.651/2012);AT;0,6267
SP-3541406-B0E3CA21CD2448A9BE3896F090E98FAF;SP;Presidente Prudente;Reservatório artificial decorrente de barramento ou represamento de cursos d'água naturais;Analisado, aguardando atendimento a notificação;AT;0,0220
SP-3541406-B55A8669987D42798B0593DD9C6E21D0;SP;Presidente Prudente;Reservatório artificial decorrente de barramento ou represamento de cursos d'água naturais;Analisado, aguardando atendimento a notificação;AT;0,0464
SP-3541406-B7D15FA9262B4B3A9A08DBA20ADD6204;SP;Presidente Prudente;Reservatório artificial decorrente de barramento ou represamento de cursos d'água naturais;Aguardando análise, após revisão ou atendimento da notificação;AT;0,1589
SP-3541406-B7D15FA9262B4B3A9A08DBA20ADD6204;SP;Presidente Prudente;Reservatório artificial decorrente de barramento ou represamento de cursos d'água naturais;Aguardando análise, após revisão ou atendimento da notificação;AT;0,4007
SP-3541406-B7D15FA9262B4B3A9A08DBA20ADD6204;SP;Presidente Prudente;Reservatório artificial decorrente de barramento ou represamento de cursos d'água naturais;Aguardando análise, após revisão ou atendimento da notificação;AT;0,2251
SP-3541406-B7D15FA9262B4B3A9A08DBA20ADD6204;SP;Presidente Prudente;Reservatório artificial decorrente de barramento ou represamento de cursos d'água naturais;Aguardando análise, após revisão ou atendimento da notificação;AT;0,9059
SP-3541406-B7D15FA9262B4B3A9A08DBA20ADD6204;SP;Presidente Prudente;Reservatório artificial decorrente de barramento ou represamento de cursos d'água naturais;Aguardando análise, após revisão ou atendimento da notificação;AT;0,2184
SP-3541406-B7D15FA9262B4B3A9A08DBA20ADD6204;SP;Presidente Prudente;Reservatório artificial decorrente de barramento ou represamento de cursos d'água naturais;Aguardando análise, após revisão ou atendimento da notificação;AT;0,3577
SP-3541406-B7D15FA9262B4B3A9A08DBA20ADD6204;SP;Presidente Prudente;Reservatório artificial decorrente de barramento ou represamento de cursos d'água naturais;Aguardando análise, após revisão ou atendimento da notificação;AT;0,2481
SP-3541406-BAAC925B6BBA4A858D28136A9D30C575;SP;Presidente Prudente;Reservatório artificial decorrente de barramento ou represamento de cursos d'água naturais;Analisado, aguardando atendimento a notificação;AT;0,1693
SP-3541406-C0828FD31A6E49C3B7D8422283282587;SP;Presidente Prudente;Reservatório artificial decorrente de barramento ou represamento de cursos d'água naturais;Analisado, aguardando atendimento a notificação;AT;0,0762
SP-3541406-C0828FD31A6E49C3B7D8422283282587;SP;Presidente Prudente;Reservatório artificial decorrente de barramento ou represamento de cursos d'água naturais;Analisado, aguardando atendimento a notificação;AT;0,0521
SP-3541406-C0828FD31A6E49C3B7D8422283282587;SP;Presidente Prudente;Reservatório artificial decorrente de barramento ou represamento de cursos d'água naturais;Analisado, aguardando atendimento a notificação;AT;0,0920
SP-3541406-C0828FD31A6E49C3B7D8422283282587;SP;Presidente Prudente;Reservatório artificial decorrente de barramento ou represamento de cursos d'água naturais;Analisado, aguardando atendimento a notificação;AT;0,0320
SP-3541406-C0828FD31A6E49C3B7D8422283282587;SP;Presidente Prudente;Reservatório artificial decorrente de barramento ou represamento de cursos d'água naturais;Analisado, aguardando atendimento a notificação;AT;0,1008
SP-3541406-C0828FD31A6E49C3B7D8422283282587;SP;Presidente Prudente;Reservatório artificial decorrente de barramento ou represamento de cursos d'água naturais;Analisado, aguardando atendimento a notificação;AT;0,0234
SP-3541406-C0828FD31A6E49C3B7D8422283282587;SP;Presidente Prudente;Reservatório artificial decorrente de barramento ou represamento de cursos d'água naturais;Analisado, aguardando atendimento a notificação;AT;0,0618
SP-3541406-C0828FD31A6E49C3B7D8422283282587;SP;Presidente Prudente;Reservatório artificial decorrente de barramento ou represamento de cursos d'água naturais;Analisado, aguardando atendimento a notificação;AT;0,0637
SP-3541406-C1C0CB2F98EC4DB384DDBDE57209505D;SP;Presidente Prudente;Reservatório artificial decorrente de barramento ou represamento de cursos d'água naturais;Analisado, aguardando atendimento a notificação;AT;0,0123
SP-3541406-C22C7AF59E5347229A2D3E0B2BCB2E1F;SP;Presidente Prudente;Reservatório artificial decorrente de barramento ou represamento de cursos d'água naturais;Analisado, em conformidade com a Lei nº 12.651/2012;AT;0,0005
SP-3541406-C40823AD226148C6A97F9722E3307E50;SP;Presidente Prudente;Reservatório artificial decorrente de barramento ou represamento de cursos d'água naturais;Aguardando análise;AT;5,1370
SP-3541406-C5A6AC39744D48B88D52921BEFBA981D;SP;Presidente Prudente;Reservatório artificial decorrente de barramento ou represamento de cursos d'água naturais;Aguardando análise;AT;0,4218
SP-3541406-CD18F0A71D01481AB6EC59335F955B7D;SP;Presidente Prudente;Reservatório artificial decorrente de barramento ou represamento de cursos d'água naturais;Em análise;AT;0,1428
SP-3541406-CD8606B791F44CACA74B0A2D956D86CF;SP;Presidente Prudente;Reservatório artificial decorrente de barramento ou represamento de cursos d'água naturais;Aguardando análise, após revisão ou atendimento da notificação;AT;0,0262
SP-3541406-CD8606B791F44CACA74B0A2D956D86CF;SP;Presidente Prudente;Reservatório artificial decorrente de barramento ou represamento de cursos d'água naturais;Aguardando análise, após revisão ou atendimento da notificação;AT;0,0009
SP-3541406-CD8606B791F44CACA74B0A2D956D86CF;SP;Presidente Prudente;Reservatório artificial decorrente de barramento ou represamento de cursos d'água naturais;Aguardando análise, após revisão ou atendimento da notificação;AT;0,0745
SP-3541406-CD8606B791F44CACA74B0A2D956D86CF;SP;Presidente Prudente;Reservatório artificial decorrente de barramento ou represamento de cursos d'água naturais;Aguardando análise, após revisão ou atendimento da notificação;AT;0,0136
SP-3541406-CD8606B791F44CACA74B0A2D956D86CF;SP;Presidente Prudente;Reservatório artificial decorrente de barramento ou represamento de cursos d'água naturais;Aguardando análise, após revisão ou atendimento da notificação;AT;0,0167
SP-3541406-CDF9FB0B2D314680ACDCFDF424291F93;SP;Presidente Prudente;Reservatório artificial decorrente de barramento ou represamento de cursos d'água naturais;Aguardando análise;AT;0,2870
SP-3541406-CE7BBC3C71EB4442AE40B3574DA1B1C9;SP;Presidente Prudente;Reservatório artificial decorrente de barramento ou represamento de cursos d'água naturais;Analisado, aguardando atendimento a notificação;AT;0,1277
SP-3541406-D00A2B2C9BCB4957855D22C8376E7780;SP;Presidente Prudente;Reservatório artificial decorrente de barramento ou represamento de cursos d'água naturais;Aguardando análise, após revisão ou atendimento da notificação;AT;0,0438
SP-3541406-D1598EA6A2314D638E36F26D72B80EB5;SP;Presidente Prudente;Reservatório artificial decorrente de barramento ou represamento de cursos d'água naturais;Aguardando análise;AT;0,0305
SP-3541406-D84921A08ACA4C9A883C6922C8B26F5C;SP;Presidente Prudente;Reservatório artificial decorrente de barramento ou represamento de cursos d'água naturais;Aguardando análise;AT;0,3700
SP-3541406-DEB6A20604B74A448D4F3B47B014768F;SP;Presidente Prudente;Reservatório artificial decorrente de barramento ou represamento de cursos d'água naturais;Analisado, aguardando atendimento a notificação;AT;0,0249
SP-3541406-DFD44613EFEB4C9BB4DDEF836B464420;SP;Presidente Prudente;Reservatório artificial decorrente de barramento ou represamento de cursos d'água naturais;Analisado, aguardando atendimento a notificação;AT;0,6742
SP-3541406-E24F15F7F18742098E59F4198C582F4D;SP;Presidente Prudente;Reservatório artificial decorrente de barramento ou represamento de cursos d'água naturais;Aguardando análise;AT;0,4096
SP-3541406-E6B15B7ED3804EAD9996D6230D84AE34;SP;Presidente Prudente;Reservatório artificial decorrente de barramento ou represamento de cursos d'água naturais;Analisado, aguardando atendimento a notificação;AT;0,0892
SP-3541406-E96F39CB34244E2B932F359044F3322F;SP;Presidente Prudente;Reservatório artificial decorrente de barramento ou represamento de cursos d'água naturais;Aguardando análise;AT;0,0248
SP-3541406-E96F39CB34244E2B932F359044F3322F;SP;Presidente Prudente;Reservatório artificial decorrente de barramento ou represamento de cursos d'água naturais;Aguardando análise;AT;0,0591
SP-3541406-E96F39CB34244E2B932F359044F3322F;SP;Presidente Prudente;Reservatório artificial decorrente de barramento ou represamento de cursos d'água naturais;Aguardando análise;AT;0,0662
SP-3541406-E9F35587A6D44842A04130D4D3A9D269;SP;Presidente Prudente;Reservatório artificial decorrente de barramento ou represamento de cursos d'água naturais;Analisado, em conformidade com a Lei nº 12.651/2012, com ativos ambientais;AT;0,5848
SP-3541406-EA9D934C754045A79522D41E07A7D85F;SP;Presidente Prudente;Reservatório artificial decorrente de barramento ou represamento de cursos d'água naturais;Analisado, em conformidade com a Lei nº 12.651/2012, com ativos ambientais;AT;0,1066
SP-3541406-EAE13B9FA0464EBAA3D51CE79B02170C;SP;Presidente Prudente;Reservatório artificial decorrente de barramento ou represamento de cursos d'água naturais;Aguardando análise, após revisão ou atendimento da notificação;AT;0,0586
SP-3541406-EEBA4CC0828C43A594B5F55A0C633D51;SP;Presidente Prudente;Reservatório artificial decorrente de barramento ou represamento de cursos d'água naturais;Aguardando análise;AT;0,9043
SP-3541406-EEBA4CC0828C43A594B5F55A0C633D51;SP;Presidente Prudente;Reservatório artificial decorrente de barramento ou represamento de cursos d'água naturais;Aguardando análise;AT;1,3315
SP-3541406-F3A4AEE65C8D4752B26CCE0E9707F6A4;SP;Presidente Prudente;Reservatório artificial decorrente de barramento ou represamento de cursos d'água naturais;Aguardando análise, após revisão ou atendimento da notificação;AT;0,0391
SP-3541406-F87EF0F57BD242D7A232066ED95754C0;SP;Presidente Prudente;Reservatório artificial decorrente de barramento ou represamento de cursos d'água naturais;Analisado, aguardando atendimento a notificação;AT;0,3528
SP-3541406-F8B162E8736D4DC9932B6C9402CA5138;SP;Presidente Prudente;Reservatório artificial decorrente de barramento ou represamento de cursos d'água naturais;Aguardando análise, após revisão ou atendimento da notificação;AT;0,0213
SP-3541406-F8D83E3DDF8446E0ADD68E1876198CEA;SP;Presidente Prudente;Reservatório artificial decorrente de barramento ou represamento de cursos d'água naturais;Aguardando análise;AT;0,9122
SP-3541406-FBC2BA76D5494738ABDA3EDA24EA458E;SP;Presidente Prudente;Reservatório artificial decorrente de barramento ou represamento de cursos d'água naturais;Analisado, em conformidade com a Lei nº 12.651/2012, com ativos ambientais;AT;0,1900
SP-3541406-01153D6BC2E249E88E4CC963728D2A3F;SP;Presidente Prudente;Curso d'água natural de até 10 metros;Aguardando análise;AT;0,9360
SP-3541406-01995986E3794E1EB609D3A5A07145DD;SP;Presidente Prudente;Curso d'água natural de até 10 metros;Analisado, aguardando atendimento a notificação;AT;0,1248
SP-3541406-073856EF4B9443CCBF67874B46FC9423;SP;Presidente Prudente;Curso d'água natural de até 10 metros;Analisado, aguardando atendimento a notificação;AT;0,0198
SP-3541406-08749A89DB594728824A3C28CBBD998D;SP;Presidente Prudente;Curso d'água natural de até 10 metros;Aguardando análise;AT;0,0776
SP-3541406-08D99DBBB74D4105AF328C676EF0E704;SP;Presidente Prudente;Curso d'água natural de até 10 metros;Aguardando análise;AT;0,0304
SP-3541406-09BA85B94E0E4F44B4BB49AC1D3DF2B7;SP;Presidente Prudente;Curso d'água natural de até 10 metros;Analisado, em conformidade com a Lei nº 12.651/2012, com ativos ambientais;AT;0,0412
SP-3541406-0D38C88769174EC6BA04F5724E4FB6F3;SP;Presidente Prudente;Curso d'água natural de até 10 metros;Analisado, aguardando atendimento a notificação;AT;0,0099
SP-3541406-0FF7EBE19449477BAEBFF109E8D588F0;SP;Presidente Prudente;Curso d'água natural de até 10 metros;Analisado, em conformidade com a Lei nº 12.651/2012, com ativos ambientais;AT;0,0186
SP-3541406-116528849C2F42DC98B1ED4A075A8DBF;SP;Presidente Prudente;Curso d'água natural de até 10 metros;Aguardando análise;AT;0,0578
SP-3541406-11E9DA6B4A364A3A8E0383D7EDECBB79;SP;Presidente Prudente;Curso d'água natural de até 10 metros;Aguardando análise;AT;0,0553
SP-3541406-1207C53DEDD44D6088C8301E86CD5639;SP;Presidente Prudente;Curso d'água natural de até 10 metros;Aguardando análise;AT;0,1335
SP-3541406-1309B64555DF49D3A4317B0894295E74;SP;Presidente Prudente;Curso d'água natural de até 10 metros;Aguardando análise;AT;0,0672
SP-3541406-1447DBBFC8934A2CA7DEA36EBA8A9A34;SP;Presidente Prudente;Curso d'água natural de até 10 metros;Analisado, aguardando regularização ambiental (Lei nº 12.651/2012);AT;0,0451
SP-3541406-1559F1BECC1340C58978CC47D203636E;SP;Presidente Prudente;Curso d'água natural de até 10 metros;Analisado, aguardando atendimento a notificação;AT;0,2368
SP-3541406-1691DC5FBBDC446C84CD63B29913AC09;SP;Presidente Prudente;Curso d'água natural de até 10 metros;Em análise;AT;9,4584
SP-3541406-182D1B1A63F5472B8C8B77CEFF024F35;SP;Presidente Prudente;Curso d'água natural de até 10 metros;Aguardando análise;AT;0,0249
SP-3541406-194871CE1E58488C8D3AF7804DC81B70;SP;Presidente Prudente;Curso d'água natural de até 10 metros;Analisado, em conformidade com a Lei nº 12.651/2012, com ativos ambientais;AT;0,0357
SP-3541406-1AA19E140AB84DDDA25B116774D6E561;SP;Presidente Prudente;Curso d'água natural de até 10 metros;Analisado, em conformidade com a Lei nº 12.651/2012, com ativos ambientais;AT;0,0027
SP-3541406-1AF9BBE30C0A4D238405B3ACA40D67CA;SP;Presidente Prudente;Curso d'água natural de até 10 metros;Analisado, aguardando regularização ambiental (Lei nº 12.651/2012);AT;0,0361
SP-3541406-1F7F30F1CA69435BA3750FA4259F74B0;SP;Presidente Prudente;Curso d'água natural de até 10 metros;Analisado, aguardando atendimento a notificação;AT;0,0604
SP-3541406-2456B8E4E3634F7CBE94C7043D4F2AAD;SP;Presidente Prudente;Curso d'água natural de até 10 metros;Analisado, aguardando regularização ambiental (Lei nº 12.651/2012);AT;0,0683
SP-3541406-26B1C076C7FC4437AE9F43E5F0571CE5;SP;Presidente Prudente;Curso d'água natural de até 10 metros;Aguardando análise, após revisão ou atendimento da notificação;AT;0,0109
SP-3541406-28371536E33B4801AD5AB99C76D1EE1E;SP;Presidente Prudente;Curso d'água natural de até 10 metros;Analisado, aguardando atendimento a notificação;AT;0,0024
SP-3541406-294E60107DF94FEA83F7D17AF29A8540;SP;Presidente Prudente;Curso d'água natural de até 10 metros;Analisado, aguardando regularização ambiental (Lei nº 12.651/2012);AT;0,0465
SP-3541406-2984A2CC51CD4A328F0E5DA48CA1200D;SP;Presidente Prudente;Curso d'água natural de até 10 metros;Analisado, aguardando atendimento a notificação;AT;0,1047
SP-3541406-2D88BDD28E4F461481287B48022D5546;SP;Presidente Prudente;Curso d'água natural de até 10 metros;Analisado, aguardando atendimento a notificação;AT;0,0276
SP-3541406-2FBB0CDC7E2F4A57BBF30A731EA46766;SP;Presidente Prudente;Curso d'água natural de até 10 metros;Aguardando análise, após revisão ou atendimento da notificação;AT;0,0998
SP-3541406-30A2F214ED084984AE1FC671AC9C1AEE;SP;Presidente Prudente;Curso d'água natural de até 10 metros;Aguardando análise;AT;0,1250
SP-3541406-319F8091D86E4773A865EE503567AF90;SP;Presidente Prudente;Curso d'água natural de até 10 metros;Aguardando análise;AT;0,2699
SP-3541406-3447DBC63F984DD3B1F4F01676BE8669;SP;Presidente Prudente;Curso d'água natural de até 10 metros;Aguardando análise, após revisão ou atendimento da notificação;AT;0,1224
SP-3541406-372698C7BEF64ED381B0811E39B11478;SP;Presidente Prudente;Curso d'água natural de até 10 metros;Aguardando análise;AT;0,0723
SP-3541406-386375E378CB40C18E8ADB742FDA0ABB;SP;Presidente Prudente;Curso d'água natural de até 10 metros;Analisado, aguardando atendimento a notificação;AT;0,0521
SP-3541406-389D02A07315489885BF06C888626F86;SP;Presidente Prudente;Curso d'água natural de até 10 metros;Aguardando análise;AT;0,0498
SP-3541406-3B4CF72C39034AC58933AA1544A7260E;SP;Presidente Prudente;Curso d'água natural de até 10 metros;Aguardando análise;AT;0,0380
SP-3541406-3BF8477D6ABC4B3B82DD887D4C2DC18E;SP;Presidente Prudente;Curso d'água natural de até 10 metros;Analisado, aguardando regularização ambiental (Lei nº 12.651/2012);AT;0,0359
SP-3541406-40D8C68D93ED44CA9071773A36CB9980;SP;Presidente Prudente;Curso d'água natural de até 10 metros;Aguardando análise;AT;0,0097
SP-3541406-42CF1A627F004C38845417214A30CD30;SP;Presidente Prudente;Curso d'água natural de até 10 metros;Aguardando análise;AT;0,0245
SP-3541406-4403869F24434ACCA651AB9E3AE0B566;SP;Presidente Prudente;Curso d'água natural de até 10 metros;Analisado, em conformidade com a Lei nº 12.651/2012, com ativos ambientais;AT;0,0616
SP-3541406-4B53D004BAF94EDFA54BFA8CF0F6367B;SP;Presidente Prudente;Curso d'água natural de até 10 metros;Aguardando análise, após revisão ou atendimento da notificação;AT;0,0084
SP-3541406-4B6B6A4BBF74454A8367F39758B81930;SP;Presidente Prudente;Curso d'água natural de até 10 metros;Aguardando análise;AT;0,0682
SP-3541406-4C120ED1A1FF49548BF463E47D0572C5;SP;Presidente Prudente;Curso d'água natural de até 10 metros;Aguardando análise, após revisão ou atendimento da notificação;AT;1,7439
SP-3541406-4FA4AB2661D64DB894ECF0DF9C718D32;SP;Presidente Prudente;Curso d'água natural de até 10 metros;Analisado, em conformidade com a Lei nº 12.651/2012, com ativos ambientais;AT;0,0400
SP-3541406-5089A365A5FC44BEA59BFC4A69604110;SP;Presidente Prudente;Curso d'água natural de até 10 metros;Analisado, em conformidade com a Lei nº 12.651/2012, com ativos ambientais;AT;0,0034
SP-3541406-50CE230EBAC74E8EAC83FE976E78D2C3;SP;Presidente Prudente;Curso d'água natural de até 10 metros;Analisado, aguardando atendimento a notificação;AT;0,0134
SP-3541406-52F752BA2E5A4D9D8A8DA576CBC0DD02;SP;Presidente Prudente;Curso d'água natural de até 10 metros;Analisado, aguardando regularização ambiental (Lei nº 12.651/2012);AT;0,0462
SP-3541406-5CC75E32D7094874B6A1C1259671C7C3;SP;Presidente Prudente;Curso d'água natural de até 10 metros;Aguardando análise;AT;0,0247
SP-3541406-609DE3BC01DE46E09675DD01D77C396D;SP;Presidente Prudente;Curso d'água natural de até 10 metros;Aguardando análise, após revisão ou atendimento da notificação;AT;0,0029
SP-3541406-6205ADC7374C4795910E41ACC2889318;SP;Presidente Prudente;Curso d'água natural de até 10 metros;Aguardando análise;AT;0,0091
SP-3541406-642005124DE84EEAA6B5A078BA04B169;SP;Presidente Prudente;Curso d'água natural de até 10 metros;Analisado, aguardando atendimento a notificação;AT;2,0062
SP-3541406-645DD37D145D49D59561F9E8ED75EF21;SP;Presidente Prudente;Curso d'água natural de até 10 metros;Analisado, aguardando atendimento a notificação;AT;0,0152
SP-3541406-6712F82AF51F4BAA9F6BA87891346A72;SP;Presidente Prudente;Curso d'água natural de até 10 metros;Aguardando análise;AT;0,0515
SP-3541406-6DF1691156FA4C759CDFA3877A74A28A;SP;Presidente Prudente;Curso d'água natural de até 10 metros;Analisado, aguardando atendimento a notificação;AT;0,0160
SP-3541406-72DA0ECEB9724A84ADDF9FF5F2E31661;SP;Presidente Prudente;Curso d'água natural de até 10 metros;Analisado, em conformidade com a Lei nº 12.651/2012, com ativos ambientais;AT;0,0064
SP-3541406-734112BB3F154305BC5546EEEABD8E90;SP;Presidente Prudente;Curso d'água natural de até 10 metros;Aguardando análise;PE;0,1756
SP-3541406-73588A9E8D7848109BB532A3C07F0E40;SP;Presidente Prudente;Curso d'água natural de até 10 metros;Analisado, em conformidade com a Lei nº 12.651/2012, com ativos ambientais;AT;0,0421
SP-3541406-7402C5F13C8B4B28863C9C61271D746D;SP;Presidente Prudente;Curso d'água natural de até 10 metros;Analisado, aguardando atendimento a notificação;AT;0,0123
SP-3541406-788E7EC6F19F4044B88FB607AD2A1F73;SP;Presidente Prudente;Curso d'água natural de até 10 metros;Analisado, aguardando regularização ambiental (Lei nº 12.651/2012);AT;0,1216
SP-3541406-7B8B3C6CBE894D5096ED1E15A71C6045;SP;Presidente Prudente;Curso d'água natural de até 10 metros;Analisado, aguardando regularização ambiental (Lei nº 12.651/2012);AT;0,0803
SP-3541406-7E8112EAE7194C53B6BA43A45015D838;SP;Presidente Prudente;Curso d'água natural de até 10 metros;Aguardando análise, após revisão ou atendimento da notificação;AT;2,5887
SP-3541406-80A141BB862C484FA5242A6A69B667F6;SP;Presidente Prudente;Curso d'água natural de até 10 metros;Analisado, em conformidade com a Lei nº 12.651/2012, com ativos ambientais;AT;0,0093
SP-3541406-81371C2CE5F94E4AB81F9483970B3F2E;SP;Presidente Prudente;Curso d'água natural de até 10 metros;Analisado, em conformidade com a Lei nº 12.651/2012, com ativos ambientais;AT;0,0064
SP-3541406-8486DF4EDB77495FB9B2463543DF97D7;SP;Presidente Prudente;Curso d'água natural de até 10 metros;Aguardando análise, após revisão ou atendimento da notificação;AT;0,1988
SP-3541406-84DA62387C1E4049BF3B59D02F88C905;SP;Presidente Prudente;Curso d'água natural de até 10 metros;Analisado, em conformidade com a Lei nº 12.651/2012, com ativos ambientais;AT;0,0283
SP-3541406-89F96C1155B2471A9A1EF8AD591E9B8A;SP;Presidente Prudente;Curso d'água natural de até 10 metros;Aguardando análise;AT;2,0859
SP-3541406-8A18D28E11664A7393B28D7E978177D3;SP;Presidente Prudente;Curso d'água natural de até 10 metros;Aguardando análise;AT;0,1111
SP-3541406-8BFE4F76CC714FE5A2A61D625FCCD880;SP;Presidente Prudente;Curso d'água natural de até 10 metros;Aguardando análise;AT;0,1384
SP-3541406-9225FD0E21F4498D8C5126AC1D5E9D20;SP;Presidente Prudente;Curso d'água natural de até 10 metros;Aguardando análise;AT;0,0297
SP-3541406-93523F738CBB4CFC894211E23E63FC2C;SP;Presidente Prudente;Curso d'água natural de até 10 metros;Aguardando análise;AT;0,0362
SP-3541406-96B62E42C9E849E5ADCEF816A5D9C862;SP;Presidente Prudente;Curso d'água natural de até 10 metros;Analisado, em conformidade com a Lei nº 12.651/2012, com ativos ambientais;AT;0,0354
SP-3541406-9BA3629AB72B4AB493FDCC7979403C79;SP;Presidente Prudente;Curso d'água natural de até 10 metros;Analisado, aguardando atendimento a notificação;AT;1,3500
SP-3541406-9D851895C0F4431A9EF245C4A8566C7C;SP;Presidente Prudente;Curso d'água natural de até 10 metros;Analisado, aguardando atendimento a notificação;AT;0,0410
SP-3541406-9EDD7ED6BA014E7487B8504B45157313;SP;Presidente Prudente;Curso d'água natural de até 10 metros;Aguardando análise;AT;0,0121
SP-3541406-A0236C1357054E768B24A30435A8CE8C;SP;Presidente Prudente;Curso d'água natural de até 10 metros;Aguardando análise;AT;0,0363
SP-3541406-A54FF74D989C4E04B2A7B0A1D9977425;SP;Presidente Prudente;Curso d'água natural de até 10 metros;Analisado, aguardando atendimento a notificação;AT;0,0081
SP-3541406-A5A84BB44C9D464EBF37FD475E089177;SP;Presidente Prudente;Curso d'água natural de até 10 metros;Analisado, aguardando atendimento a notificação;AT;0,0048
SP-3541406-B4B165DEB771479181CD63C2A08C9F28;SP;Presidente Prudente;Curso d'água natural de até 10 metros;Aguardando análise;AT;0,2434
SP-3541406-B58BCA00E60548D0B0F93431FB852E38;SP;Presidente Prudente;Curso d'água natural de até 10 metros;Analisado, aguardando atendimento a notificação;AT;0,0689
SP-3541406-B73BA5BACFE740A998B9D5A8A9C0CBD4;SP;Presidente Prudente;Curso d'água natural de até 10 metros;Aguardando análise;AT;0,1121
SP-3541406-B7CF040816674E7B83792B9C2E7BC2AB;SP;Presidente Prudente;Curso d'água natural de até 10 metros;Analisado, aguardando atendimento a notificação;AT;0,0000
SP-3541406-B7CF040816674E7B83792B9C2E7BC2AB;SP;Presidente Prudente;Curso d'água natural de até 10 metros;Analisado, aguardando atendimento a notificação;AT;0,0000
SP-3541406-B93F0EAFF45940A4889B48C739B19173;SP;Presidente Prudente;Curso d'água natural de até 10 metros;Aguardando análise;AT;0,3583
SP-3541406-BEDF9247AB3B465F8A96EA68C5DF5F84;SP;Presidente Prudente;Curso d'água natural de até 10 metros;Aguardando análise, após revisão ou atendimento da notificação;AT;0,0160
SP-3541406-C0934584A57D411292D0915B085DC584;SP;Presidente Prudente;Curso d'água natural de até 10 metros;Aguardando análise, após revisão ou atendimento da notificação;AT;0,1372
SP-3541406-C4B40419EBC24CFD9399982D13F8299F;SP;Presidente Prudente;Curso d'água natural de até 10 metros;Analisado, aguardando atendimento a notificação;AT;0,0478
SP-3541406-C7FB27422C89445CB7B4123F6BDDFB77;SP;Presidente Prudente;Curso d'água natural de até 10 metros;Aguardando análise;AT;0,0125
SP-3541406-CE4B640CF8D04CB18BC99E28C97777A3;SP;Presidente Prudente;Curso d'água natural de até 10 metros;Aguardando análise;AT;0,0465
SP-3541406-D43F2320565F43C0AE7A7BA018532762;SP;Presidente Prudente;Curso d'água natural de até 10 metros;Aguardando análise;AT;0,0953
SP-3541406-D7CDCD35ADB1470DA6F002355AD37F44;SP;Presidente Prudente;Curso d'água natural de até 10 metros;Aguardando análise;AT;0,0135
SP-3541406-D940A835F8D94743B8F02E099CED062A;SP;Presidente Prudente;Curso d'água natural de até 10 metros;Analisado, aguardando atendimento a notificação;AT;0,0038
SP-3541406-DA26A1D7D17E4A968F1528AE2F6FD042;SP;Presidente Prudente;Curso d'água natural de até 10 metros;Aguardando análise;AT;0,0959
SP-3541406-DC0CFD33CC9845C5AB69591AF713D602;SP;Presidente Prudente;Curso d'água natural de até 10 metros;Analisado, aguardando atendimento a notificação;AT;0,1151
SP-3541406-DCEA71D74D6D45F79AAE8C2806A4BC1E;SP;Presidente Prudente;Curso d'água natural de até 10 metros;Aguardando análise;AT;0,0190
SP-3541406-DEBE2078759A4D0C94C7B777074368E6;SP;Presidente Prudente;Curso d'água natural de até 10 metros;Aguardando análise;AT;1,2717
SP-3541406-DFB14216DFF6401781731DB79CD73EA9;SP;Presidente Prudente;Curso d'água natural de até 10 metros;Aguardando análise;AT;0,1888
SP-3541406-E0A8C6C8E5084376BDAEF0E0E8066FE3;SP;Presidente Prudente;Curso d'água natural de até 10 metros;Analisado, aguardando atendimento a notificação;AT;0,9095
SP-3541406-E817BEED651D4E1E9CC0E5001077AE91;SP;Presidente Prudente;Curso d'água natural de até 10 metros;Analisado, aguardando regularização ambiental (Lei nº 12.651/2012);AT;0,0281
SP-3541406-E825C65C8E9648A3BE7E3EF853C7E933;SP;Presidente Prudente;Curso d'água natural de até 10 metros;Analisado, aguardando atendimento a notificação;AT;0,1668
SP-3541406-EADDD650336A425C98A20EEC72B145B6;SP;Presidente Prudente;Curso d'água natural de até 10 metros;Analisado, aguardando regularização ambiental (Lei nº 12.651/2012);AT;0,1607
SP-3541406-F237282668CC4A298845900759F474BA;SP;Presidente Prudente;Curso d'água natural de até 10 metros;Aguardando análise, após revisão ou atendimento da notificação;AT;1,1801
SP-3541406-F237282668CC4A298845900759F474BA;SP;Presidente Prudente;Curso d'água natural de até 10 metros;Aguardando análise, após revisão ou atendimento da notificação;AT;0,0000
SP-3541406-F237282668CC4A298845900759F474BA;SP;Presidente Prudente;Curso d'água natural de até 10 metros;Aguardando análise, após revisão ou atendimento da notificação;AT;0,0000
SP-3541406-F237282668CC4A298845900759F474BA;SP;Presidente Prudente;Curso d'água natural de até 10 metros;Aguardando análise, após revisão ou atendimento da notificação;AT;0,0000
SP-3541406-F3C0EA8271D349E1BD10FED4C32C102D;SP;Presidente Prudente;Curso d'água natural de até 10 metros;Aguardando análise;AT;0,5012
SP-3541406-F97CA4BD2F84497CBF6E722CDC7B00BB;SP;Presidente Prudente;Curso d'água natural de até 10 metros;Analisado, aguardando regularização ambiental (Lei nº 12.651/2012);AT;0,0292
SP-3541406-386375E378CB40C18E8ADB742FDA0ABB;SP;Presidente Prudente;Curso d'água natural de 10 a 50 metros;Analisado, aguardando atendimento a notificação;AT;0,6909
SP-3541406-4B6B6A4BBF74454A8367F39758B81930;SP;Presidente Prudente;Curso d'água natural de 10 a 50 metros;Aguardando análise;AT;0,6091
SP-3541406-52F752BA2E5A4D9D8A8DA576CBC0DD02;SP;Presidente Prudente;Curso d'água natural de 10 a 50 metros;Analisado, aguardando regularização ambiental (Lei nº 12.651/2012);AT;1,8869
SP-3541406-5894B8B49AB2428C8F1EB81CB25813D1;SP;Presidente Prudente;Curso d'água natural de 10 a 50 metros;Analisado, em conformidade com a Lei nº 12.651/2012;AT;0,0835
SP-3541406-8486DF4EDB77495FB9B2463543DF97D7;SP;Presidente Prudente;Curso d'água natural de 10 a 50 metros;Aguardando análise, após revisão ou atendimento da notificação;AT;1,0463
SP-3541406-89F96C1155B2471A9A1EF8AD591E9B8A;SP;Presidente Prudente;Curso d'água natural de 10 a 50 metros;Aguardando análise;AT;17,1387
SP-3541406-8A18D28E11664A7393B28D7E978177D3;SP;Presidente Prudente;Curso d'água natural de 10 a 50 metros;Aguardando análise;AT;0,1754
SP-3541406-ABF8DB324A7640E79FD2F0CFAB3FC3CC;SP;Presidente Prudente;Curso d'água natural de 10 a 50 metros;Analisado, em conformidade com a Lei nº 12.651/2012, com ativos ambientais;AT;0,4949
SP-3541406-B4B165DEB771479181CD63C2A08C9F28;SP;Presidente Prudente;Curso d'água natural de 10 a 50 metros;Aguardando análise;AT;1,0858
SP-3541406-01995986E3794E1EB609D3A5A07145DD;SP;Presidente Prudente;Lago ou lagoa natural;Analisado, aguardando atendimento a notificação;AT;0,1142
SP-3541406-073856EF4B9443CCBF67874B46FC9423;SP;Presidente Prudente;Lago ou lagoa natural;Analisado, aguardando atendimento a notificação;AT;0,0510
SP-3541406-3D23756BC1E24419B73AB1F45B7E3785;SP;Presidente Prudente;Lago ou lagoa natural;Analisado, aguardando atendimento a notificação;AT;0,0388
SP-3541406-4C120ED1A1FF49548BF463E47D0572C5;SP;Presidente Prudente;Lago ou lagoa natural;Aguardando análise, após revisão ou atendimento da notificação;AT;0,3042
SP-3541406-B4B165DEB771479181CD63C2A08C9F28;SP;Presidente Prudente;Lago ou lagoa natural;Aguardando análise;AT;0,2847
SP-3541406-1559F1BECC1340C58978CC47D203636E;SP;Presidente Prudente;Reservatório artificial decorrente de barramento ou represamento de cursos d'água naturais;Analisado, aguardando atendimento a notificação;AT;0,2809
SP-3541406-DA26A1D7D17E4A968F1528AE2F6FD042;SP;Presidente Prudente;Reservatório artificial decorrente de barramento ou represamento de cursos d'água naturais;Aguardando análise;AT;0,2222
SP-3541406-E0A8C6C8E5084376BDAEF0E0E8066FE3;SP;Presidente Prudente;Reservatório artificial decorrente de barramento ou represamento de cursos d'água naturais;Analisado, aguardando atendimento a notificação;AT;0,0565
SP-3541406-F3C0EA8271D349E1BD10FED4C32C102D;SP;Presidente Prudente;Reservatório artificial decorrente de barramento ou represamento de cursos d'água naturais;Aguardando análise;AT;0,4561
