cod_imovel;cod_estado;municipio;nom_tema;des_condic;ind_status;num_area
SP-3541406-00CD5A2B86BC4CFE84999285E270B6B3;SP;Presidente Prudente;Reserva Legal Proposta;Aguardando análise, após revisão ou atendimento da notificação;AT;0,3215
SP-3541406-00CD5A2B86BC4CFE84999285E270B6B3;SP;Presidente Prudente;Reserva Legal Proposta;Aguardando análise, após revisão ou atendimento da notificação;AT;0,1572
SP-3541406-00CD5A2B86BC4CFE84999285E270B6B3;SP;Presidente Prudente;Reserva Legal Proposta;Aguardando análise, após revisão ou atendimento da notificação;AT;0,0739
SP-3541406-01770CD59F924DF380F6D30E8FD507E0;SP;Presidente Prudente;Reserva Legal Proposta;Analisado, em conformidade com a Lei nº 12.651/2012, com ativos ambientais;AT;4,8868
SP-3541406-01EC78E37D334292B4C352087D6E5C71;SP;Presidente Prudente;Reserva Legal Proposta;Aguardando análise, após revisão ou atendimento da notificação;AT;51,6295
SP-3541406-0280CAFC8C25453CA0FB415A02E9C3ED;SP;Presidente Prudente;Reserva Legal Proposta;Analisado, aguardando atendimento a notificação;AT;1,2448
SP-3541406-02B7763CA31949F68FB97DDD14D72826;SP;Presidente Prudente;Reserva Legal Proposta;Analisado, aguardando atendimento a notificação;AT;0,1835
SP-3541406-037DA1561FD94611A91ED2A66C3C6A1E;SP;Presidente Prudente;Reserva Legal Proposta;Analisado, em conformidade com a Lei nº 12.651/2012, com ativos ambientais;AT;0,8683
SP-3541406-03938F6C06654C67BABEB12A7A7902B3;SP;Presidente Prudente;Reserva Legal Proposta;Analisado, em conformidade com a Lei nº 12.651/2012, com ativos ambientais;PE;0,7199
SP-3541406-03BE486F238040DB8C7F31688B1B6538;SP;Presidente Prudente;Reserva Legal Proposta;Analisado, aguardando atendimento a notificação;AT;0,4933
SP-3541406-0419121DEDA241BE9A1D1567BF692D80;SP;Presidente Prudente;Reserva Legal Proposta;Aguardando análise;AT;0,8846
SP-3541406-045AAE2D67BF491A8D15F4345ED99349;SP;Presidente Prudente;Reserva Legal Proposta;Aguardando análise;AT;11,3049
SP-3541406-04C78E2BB51D40CFB7130609C666F3C1;SP;Presidente Prudente;Reserva Legal Proposta;Analisado, em conformidade com a Lei nº 12.651/2012, com ativos ambientais;AT;1,7671
SP-3541406-051AEB712421418E8FF77798C87F95D4;SP;Presidente Prudente;Reserva Legal Proposta;Aguardando análise;AT;1,6891
SP-3541406-060836F6E18F435F8EB84C66A666355F;SP;Presidente Prudente;Reserva Legal Proposta;Analisado, aguardando regularização ambiental (Lei nº 12.651/2012);AT;1,0403
SP-3541406-0611E851D6354473BB7BAF20511C2487;SP;Presidente Prudente;Reserva Legal Proposta;Analisado, em conformidade com a Lei nº 12.651/2012, com ativos ambientais;AT;0,5355
SP-3541406-068FB33D9EA0494396B818C8AF1F8BD2;SP;Presidente Prudente;Reserva Legal Proposta;Aguardando análise;AT;1,0002
SP-3541406-06A3F70652534658A7B6B5B62148E9C1;SP;Presidente Prudente;Reserva Legal Proposta;Analisado, em conformidade com a Lei nº 12.651/2012, com ativos ambientais;AT;0,2257
SP-3541406-0841DC8CCF3A429EA97225DC8A8EA3FE;SP;Presidente Prudente;Reserva Legal Proposta;Aguardando análise;AT;0,9340
SP-3541406-0841DC8CCF3A429EA97225DC8A8EA3FE;SP;Presidente Prudente;Reserva Legal Proposta;Aguardando análise;AT;0,2752
SP-3541406-08F343E1251A4BD48F18095CADB3D70B;SP;Presidente Prudente;Reserva Legal Proposta;Analisado, em conformidade com a Lei nº 12.651/2012, com ativos ambientais;AT;7,6027
SP-3541406-09CF5AAB6B94420885F52491A6782053;SP;Presidente Prudente;Reserva Legal Proposta;Aguardando análise;AT;5,5237
SP-3541406-09D6AF8667BE4EB191AF933C2AA8AC26;SP;Presidente Prudente;Reserva Legal Proposta;Analisado, aguardando regularização ambiental (Lei nº 12.651/2012);AT;6,6680
SP-3541406-0A6BFA297C4345289D2D8B357C96875A;SP;Presidente Prudente;Reserva Legal Proposta;Analisado, em conformidade com a Lei nº 12.651/2012, com ativos ambientais;AT;0,1595
SP-3541406-0AE923DFBD004D35ABE1B72160692D7A;SP;Presidente Prudente;Reserva Legal Proposta;Aguardando análise;AT;10,8917
SP-3541406-0B08A770537849C9AAFE22531D65CECF;SP;Presidente Prudente;Reserva Legal Proposta;Analisado, em conformidade com a Lei nº 12.651/2012, com ativos ambientais;AT;1,1636
SP-3541406-0B6D67438F6047FBBDAA18FF5528E4F4;SP;Presidente Prudente;Reserva Legal Proposta;Analisado, aguardando regularização ambiental (Lei nº 12.651/2012);AT;0,1470
SP-3541406-0B8405F100754A3A8E50040C45076223;SP;Presidente Prudente;Reserva Legal Proposta;Aguardando análise;AT;4,2928
SP-3541406-0C91F22F9B43488284F01602973B6317;SP;Presidente Prudente;Reserva Legal Proposta;Analisado, em conformidade com a Lei nº 12.651/2012, com ativos ambientais;AT;1,0655
SP-3541406-0CD723B4F15B4E0B8D8C6470023845B8;SP;Presidente Prudente;Reserva Legal Proposta;Analisado, em conformidade com a Lei nº 12.651/2012, com ativos ambientais;AT;0,7912
SP-3541406-0D4F0836663F4EE0A8BF766BFF376CCF;SP;Presidente Prudente;Reserva Legal Proposta;Analisado, em conformidade com a Lei nº 12.651/2012, com ativos ambientais;AT;0,9457
SP-3541406-0D8225365B0A45919C49841F5905A13A;SP;Presidente Prudente;Reserva Legal Proposta;Analisado, aguardando atendimento a notificação;AT;1,2364
SP-3541406-0EA770868C11420C9E9E391CD10A1BEC;SP;Presidente Prudente;Reserva Legal Proposta;Analisado, em conformidade com a Lei nº 12.651/2012, com ativos ambientais;AT;1,3824
SP-3541406-0EB1B3D60EFD475BA57BEE69B47ECF03;SP;Presidente Prudente;Reserva Legal Proposta;Analisado, aguardando regularização ambiental (Lei nº 12.651/2012);AT;0,1068
SP-3541406-0ECDD1BC26E64D3B9FA00AF17CDA64CF;SP;Presidente Prudente;Reserva Legal Proposta;Analisado, em conformidade com a Lei nº 12.651/2012, com ativos ambientais;AT;2,3223
SP-3541406-0F5C2DF4F79548A39C603228057602A6;SP;Presidente Prudente;Reserva Legal Proposta;Aguardando análise;AT;1,7326
SP-3541406-0F6FD44D128A4AA68AEC584383E64EB9;SP;Presidente Prudente;Reserva Legal Proposta;Analisado, aguardando atendimento a notificação;AT;6,1845
SP-3541406-0F8B885901084AD79472A6BEFD9AB75C;SP;Presidente Prudente;Reserva Legal Proposta;Aguardando análise;AT;1,1625
SP-3541406-1076455B1AD043309652CC16C8938A5B;SP;Presidente Prudente;Reserva Legal Proposta;Aguardando análise;AT;2,0353
SP-3541406-10E60C568A6847FCA428BC21A0452399;SP;Presidente Prudente;Reserva Legal Proposta;Analisado, em conformidade com a Lei nº 12.651/2012, com ativos ambientais;AT;31,6274
SP-3541406-1111498D46624A2EB88BE0D2057BD994;SP;Presidente Prudente;Reserva Legal Proposta;Analisado, aguardando atendimento a notificação;AT;18,8659
SP-3541406-1121E610A37C41D29834E4F1EF6E9121;SP;Presidente Prudente;Reserva Legal Proposta;Analisado, aguardando atendimento a notificação;AT;4,1389
SP-3541406-1136DDC6AED3495391B32115A03FB17A;SP;Presidente Prudente;Reserva Legal Proposta;Aguardando análise;AT;2,5345
SP-3541406-11E89703ADAF4436BB37295544EFF1CF;SP;Presidente Prudente;Reserva Legal Proposta;Aguardando análise;AT;1,2123
SP-3541406-1205CF8670D8428CB7D9228F740A2703;SP;Presidente Prudente;Reserva Legal Proposta;Analisado, em conformidade com a Lei nº 12.651/2012, com ativos ambientais;AT;0,6271
SP-3541406-121C86505F424AAC9C220D29167545E8;SP;Presidente Prudente;Reserva Legal Proposta;Analisado, aguardando regularização ambiental (Lei nº 12.651/2012);AT;10,1367
SP-3541406-12402E217459456BB2BE294435606FB2;SP;Presidente Prudente;Reserva Legal Proposta;Analisado, em conformidade com a Lei nº 12.651/2012, com ativos ambientais;AT;1,8031
SP-3541406-135827E707114E8D87872D723BA38546;SP;Presidente Prudente;Reserva Legal Proposta;Analisado, aguardando atendimento a notificação;AT;0,6406
SP-3541406-138C3A4868DF483484F9E45FB4F0A32A;SP;Presidente Prudente;Reserva Legal Proposta;Analisado, aguardando atendimento a notificação;AT;3,4015
SP-3541406-138FFFF3FE4F411EA8202F9F65B93366;SP;Presidente Prudente;Reserva Legal Proposta;Analisado, aguardando regularização ambiental (Lei nº 12.651/2012);AT;0,4857
SP-3541406-13D42A46371F4896B7911DA17C6024C3;SP;Presidente Prudente;Reserva Legal Proposta;Aguardando análise;AT;1,2883
SP-3541406-13D42A46371F4896B7911DA17C6024C3;SP;Presidente Prudente;Reserva Legal Proposta;Aguardando análise;AT;0,8279
SP-3541406-13D42A46371F4896B7911DA17C6024C3;SP;Presidente Prudente;Reserva Legal Proposta;Aguardando análise;AT;21,7904
SP-3541406-13D4B1A98F7B454A8C1ECD2B3F984F78;SP;Presidente Prudente;Reserva Legal Proposta;Aguardando análise;AT;3,7597
SP-3541406-13EDB8D406934C9FB8C7D7E9BA771709;SP;Presidente Prudente;Reserva Legal Proposta;Analisado, em conformidade com a Lei nº 12.651/2012, com ativos ambientais;AT;1,2541
SP-3541406-146E94DADB42451AB6EC573179DEDCE8;SP;Presidente Prudente;Reserva Legal Proposta;Aguardando análise;AT;6,3222
SP-3541406-14E1EFEF9E534D39A06DC69BC15C054E;SP;Presidente Prudente;Reserva Legal Proposta;Analisado, aguardando atendimento a notificação;AT;0,8179
SP-3541406-14EC3C83593341DCB7C501E601361010;SP;Presidente Prudente;Reserva Legal Proposta;Analisado, aguardando regularização ambiental (Lei nº 12.651/2012);AT;8,0151
SP-3541406-14FFF27B547F4DC2BD01BB9292580496;SP;Presidente Prudente;Reserva Legal Proposta;Analisado, aguardando regularização ambiental (Lei nº 12.651/2012);AT;1,5835
SP-3541406-1509E19C8D294677B4B601330F5B8CD2;SP;Presidente Prudente;Reserva Legal Proposta;Analisado, em conformidade com a Lei nº 12.651/2012, com ativos ambientais;AT;4,5964
SP-3541406-154F2BA1DCFC42EBADDD787E665B340A;SP;Presidente Prudente;Reserva Legal Proposta;Aguardando análise;AT;6,9126
SP-3541406-15602B8DFAC4488B8BE715DDD8BDEBF0;SP;Presidente Prudente;Reserva Legal Proposta;Aguardando análise;AT;2,1584
SP-3541406-15C8182F94894FDEB57A6EED0F359C05;SP;Presidente Prudente;Reserva Legal Proposta;Analisado, em conformidade com a Lei nº 12.651/2012, com ativos ambientais;AT;0,4809
SP-3541406-15DB9ACA95144E21943C5050B13FB1CF;SP;Presidente Prudente;Reserva Legal Proposta;Analisado, aguardando atendimento a notificação;AT;12,0318
SP-3541406-16965EDB7A614B6B93E0A3FEF3DD2048;SP;Presidente Prudente;Reserva Legal Proposta;Analisado, em conformidade com a Lei nº 12.651/2012, com ativos ambientais;AT;3,3427
SP-3541406-173EE5810AB84714A3E6E47B1D23FC99;SP;Presidente Prudente;Reserva Legal Proposta;Aguardando análise;AT;4,1829
SP-3541406-17606FF75B8447FFB19DE7D912F274AB;SP;Presidente Prudente;Reserva Legal Proposta;Analisado, aguardando regularização ambiental (Lei nº 12.651/2012);AT;1,7723
SP-3541406-18854773F246424BBDD62DB4CAAAED4A;SP;Presidente Prudente;Reserva Legal Proposta;Aguardando análise;AT;0,6939
SP-3541406-1981F17B64E8406BAD7B434E6524CD5C;SP;Presidente Prudente;Reserva Legal Proposta;Analisado, aguardando atendimento a notificação;AT;2,4468
SP-3541406-1981F17B64E8406BAD7B434E6524CD5C;SP;Presidente Prudente;Reserva Legal Proposta;Analisado, aguardando atendimento a notificação;AT;0,1542
SP-3541406-19947FE1FC7844C2BF70C72B3849DF87;SP;Presidente Prudente;Reserva Legal Proposta;Aguardando análise;AT;0,4417
SP-3541406-19947FE1FC7844C2BF70C72B3849DF87;SP;Presidente Prudente;Reserva Legal Proposta;Aguardando análise;AT;0,4558
SP-3541406-19947FE1FC7844C2BF70C72B3849DF87;SP;Presidente Prudente;Reserva Legal Proposta;Aguardando análise;AT;0,5551
SP-3541406-19947FE1FC7844C2BF70C72B3849DF87;SP;Presidente Prudente;Reserva Legal Proposta;Aguardando análise;AT;2,1065
SP-3541406-199C8546D3634E12A0FAC7745540289B;SP;Presidente Prudente;Reserva Legal Proposta;Aguardando análise;AT;1,0367
SP-3541406-1A4C7D164ED5422DB0B1F9805F28F121;SP;Presidente Prudente;Reserva Legal Proposta;Aguardando análise;AT;14,1626
SP-3541406-1AB0939CAC4E4925BD55860E18AABD6E;SP;Presidente Prudente;Reserva Legal Proposta;Analisado, em conformidade com a Lei nº 12.651/2012, com ativos ambientais;AT;0,6591
SP-3541406-1B0515E48CCB4B4D962F8FC76A6E42F0;SP;Presidente Prudente;Reserva Legal Proposta;Aguardando análise;AT;1,4377
SP-3541406-1B1A4699CF954AC68E91C677656ADAE6;SP;Presidente Prudente;Reserva Legal Proposta;Analisado, em conformidade com a Lei nº 12.651/2012, com ativos ambientais;AT;2,5317
SP-3541406-1BAF113A1CC54E50A4C954D6C1EFD350;SP;Presidente Prudente;Reserva Legal Proposta;Analisado, em conformidade com a Lei nº 12.651/2012, com ativos ambientais;AT;3,5550
SP-3541406-1C3C1608969548FDBAE11BEF1B0BD760;SP;Presidente Prudente;Reserva Legal Proposta;Aguardando análise;AT;7,1194
SP-3541406-1C55805894874587B7FE866A10713EE6;SP;Presidente Prudente;Reserva Legal Proposta;Aguardando análise;AT;6,2052
SP-3541406-1C857972BF08470AADAB3EBFAA84AD83;SP;Presidente Prudente;Reserva Legal Proposta;Aguardando análise;AT;2,8642
SP-3541406-1CD6EC1A556C4C1FA71C7CCB3F97C213;SP;Presidente Prudente;Reserva Legal Proposta;Analisado, aguardando atendimento a notificação;AT;0,9388
SP-3541406-1D42078D39B34ED2816CB26FB6780FAE;SP;Presidente Prudente;Reserva Legal Proposta;Aguardando análise;AT;0,9880
SP-3541406-1DC44750756146DDADCA20156CB54622;SP;Presidente Prudente;Reserva Legal Proposta;Analisado, em conformidade com a Lei nº 12.651/2012, com ativos ambientais;AT;7,4508
SP-3541406-1DE2C43E3D23444FA6D0015027D2ADEB;SP;Presidente Prudente;Reserva Legal Proposta;Analisado, aguardando regularização ambiental (Lei nº 12.651/2012);AT;3,9521
SP-3541406-1DEEFE9ABFBA4938B8AD629AFFB38D28;SP;Presidente Prudente;Reserva Legal Proposta;Aguardando análise;AT;1,2459
SP-3541406-1E162B94B47C40D4AB6CB98DD9325D26;SP;Presidente Prudente;Reserva Legal Proposta;Aguardando análise;AT;4,0330
SP-3541406-1E5E4EBA74E04F6280C7F6EE58C7BD2E;SP;Presidente Prudente;Reserva Legal Proposta;Aguardando análise;AT;0,7728
SP-3541406-1E80B162424B48C68133067632986A75;SP;Presidente Prudente;Reserva Legal Proposta;Aguardando análise;AT;0,1695
SP-3541406-1FA6263E0828478CA39886E9B27046A3;SP;Presidente Prudente;Reserva Legal Proposta;Aguardando análise;AT;0,7043
SP-3541406-2054A950B3EE4039B943EFC45F9F6F8C;SP;Presidente Prudente;Reserva Legal Proposta;Analisado, aguardando regularização ambiental (Lei nº 12.651/2012);AT;1,1800
SP-3541406-211B271030914963BD95DEAF0DCF3139;SP;Presidente Prudente;Reserva Legal Proposta;Aguardando análise, após revisão ou atendimento da notificação;AT;0,8165
SP-3541406-2146C8AD9098464384469EF0AA507C77;SP;Presidente Prudente;Reserva Legal Proposta;Analisado, aguardando regularização ambiental (Lei nº 12.651/2012);AT;7,5125
SP-3541406-21484C0A5B8949F5B81E8A8A9A6F91E6;SP;Presidente Prudente;Reserva Legal Proposta;Aguardando análise;AT;1,3684
SP-3541406-217E3091135E467DA0B4C836F81DE1AB;SP;Presidente Prudente;Reserva Legal Proposta;Analisado, em conformidade com a Lei nº 12.651/2012, com ativos ambientais;AT;0,7220
SP-3541406-2185D8CC1AD34852A1E39C432262B179;SP;Presidente Prudente;Reserva Legal Proposta;Aguardando análise;AT;1,5063
SP-3541406-21E58618D83F4DDBBB06AA10663D402D;SP;Presidente Prudente;Reserva Legal Proposta;Aguardando análise;AT;0,6544
SP-3541406-21E58618D83F4DDBBB06AA10663D402D;SP;Presidente Prudente;Reserva Legal Proposta;Aguardando análise;AT;0,0901
SP-3541406-21E58618D83F4DDBBB06AA10663D402D;SP;Presidente Prudente;Reserva Legal Proposta;Aguardando análise;AT;0,0423
SP-3541406-21E58618D83F4DDBBB06AA10663D402D;SP;Presidente Prudente;Reserva Legal Proposta;Aguardando análise;AT;0,0702
SP-3541406-21FF70BE5F134FFCB1B65BDD69249670;SP;Presidente Prudente;Reserva Legal Proposta;Analisado, aguardando regularização ambiental (Lei nº 12.651/2012);AT;10,0474
SP-3541406-22295DF3B0054DA1B22187B2A775D72D;SP;Presidente Prudente;Reserva Legal Proposta;Aguardando análise;AT;10,1823
SP-3541406-224A978C716248A4ACD7A82FEAFB203E;SP;Presidente Prudente;Reserva Legal Proposta;Analisado, aguardando regularização ambiental (Lei nº 12.651/2012);AT;2,3457
SP-3541406-22938F504643439BB04A2BE0C295371D;SP;Presidente Prudente;Reserva Legal Proposta;Aguardando análise;AT;0,1750
SP-3541406-22A6A1E1890C490BB9365792DA89C0E8;SP;Presidente Prudente;Reserva Legal Proposta;Analisado, em conformidade com a Lei nº 12.651/2012, com ativos ambientais;AT;5,7787
SP-3541406-238294E7732944928B7B9C078F86ED5B;SP;Presidente Prudente;Reserva Legal Proposta;Aguardando análise;AT;0,0497
SP-3541406-2467F6912ADF4789AF75921504AE8617;SP;Presidente Prudente;Reserva Legal Proposta;Analisado, em conformidade com a Lei nº 12.651/2012, com ativos ambientais;AT;2,1087
SP-3541406-247F833B216D4F4F8FE3E16120436B04;SP;Presidente Prudente;Reserva Legal Proposta;Aguardando análise, após revisão ou atendimento da notificação;AT;0,1552
SP-3541406-24A2A81327FC4996A76598B8D88CA1F2;SP;Presidente Prudente;Reserva Legal Proposta;Analisado, aguardando regularização ambiental (Lei nº 12.651/2012);AT;3,4455
SP-3541406-24B5E6330E454B069A8633624DD0AC30;SP;Presidente Prudente;Reserva Legal Proposta;Aguardando análise, após revisão ou atendimento da notificação;AT;0,2235
SP-3541406-24B5E6330E454B069A8633624DD0AC30;SP;Presidente Prudente;Reserva Legal Proposta;Aguardando análise, após revisão ou atendimento da notificação;AT;0,0413
SP-3541406-24B5E6330E454B069A8633624DD0AC30;SP;Presidente Prudente;Reserva Legal Proposta;Aguardando análise, após revisão ou atendimento da notificação;AT;0,2602
SP-3541406-24B5E6330E454B069A8633624DD0AC30;SP;Presidente Prudente;Reserva Legal Proposta;Aguardando análise, após revisão ou atendimento da notificação;AT;0,0052
SP-3541406-24B5E6330E454B069A8633624DD0AC30;SP;Presidente Prudente;Reserva Legal Proposta;Aguardando análise, após revisão ou atendimento da notificação;AT;0,0367
SP-3541406-24B5E6330E454B069A8633624DD0AC30;SP;Presidente Prudente;Reserva Legal Proposta;Aguardando análise, após revisão ou atendimento da notificação;AT;0,2964
SP-3541406-24B5E6330E454B069A8633624DD0AC30;SP;Presidente Prudente;Reserva Legal Proposta;Aguardando análise, após revisão ou atendimento da notificação;AT;0,8629
SP-3541406-24B5E6330E454B069A8633624DD0AC30;SP;Presidente Prudente;Reserva Legal Proposta;Aguardando análise, após revisão ou atendimento da notificação;AT;0,0426
SP-3541406-24B5E6330E454B069A8633624DD0AC30;SP;Presidente Prudente;Reserva Legal Proposta;Aguardando análise, após revisão ou atendimento da notificação;AT;0,0799
SP-3541406-24B5E6330E454B069A8633624DD0AC30;SP;Presidente Prudente;Reserva Legal Proposta;Aguardando análise, após revisão ou atendimento da notificação;AT;0,1720
SP-3541406-24B5E6330E454B069A8633624DD0AC30;SP;Presidente Prudente;Reserva Legal Proposta;Aguardando análise, após revisão ou atendimento da notificação;AT;0,1037
SP-3541406-24B5E6330E454B069A8633624DD0AC30;SP;Presidente Prudente;Reserva Legal Proposta;Aguardando análise, após revisão ou atendimento da notificação;AT;0,1455
SP-3541406-24B5E6330E454B069A8633624DD0AC30;SP;Presidente Prudente;Reserva Legal Proposta;Aguardando análise, após revisão ou atendimento da notificação;AT;0,0165
SP-3541406-24B5E6330E454B069A8633624DD0AC30;SP;Presidente Prudente;Reserva Legal Proposta;Aguardando análise, após revisão ou atendimento da notificação;AT;0,0293
SP-3541406-24B5E6330E454B069A8633624DD0AC30;SP;Presidente Prudente;Reserva Legal Proposta;Aguardando análise, após revisão ou atendimento da notificação;AT;1,3568
SP-3541406-24B5E6330E454B069A8633624DD0AC30;SP;Presidente Prudente;Reserva Legal Proposta;Aguardando análise, após revisão ou atendimento da notificação;AT;0,1370
SP-3541406-24B5E6330E454B069A8633624DD0AC30;SP;Presidente Prudente;Reserva Legal Proposta;Aguardando análise, após revisão ou atendimento da notificação;AT;1,0113
SP-3541406-24B5E6330E454B069A8633624DD0AC30;SP;Presidente Prudente;Reserva Legal Proposta;Aguardando análise, após revisão ou atendimento da notificação;AT;1,5162
SP-3541406-24B5E6330E454B069A8633624DD0AC30;SP;Presidente Prudente;Reserva Legal Proposta;Aguardando análise, após revisão ou atendimento da notificação;AT;0,1079
SP-3541406-24CF74A1D7B946E3B2464DF11867290F;SP;Presidente Prudente;Reserva Legal Proposta;Analisado, em conformidade com a Lei nº 12.651/2012, com ativos ambientais;AT;0,4509
SP-3541406-24F83167FDF44BBEA9854B8FFF9C0FE7;SP;Presidente Prudente;Reserva Legal Proposta;Aguardando análise;AT;8,6349
SP-3541406-24FCA19BCDA7455FADBE67EF59C6110E;SP;Presidente Prudente;Reserva Legal Proposta;Analisado, em conformidade com a Lei nº 12.651/2012, com ativos ambientais;AT;0,0291
SP-3541406-251F35F9E73E4320B95DD714D4752D9B;SP;Presidente Prudente;Reserva Legal Proposta;Analisado, aguardando atendimento a notificação;AT;0,3825
SP-3541406-25363645C50B464E8D4A61647416D952;SP;Presidente Prudente;Reserva Legal Proposta;Analisado, aguardando atendimento a notificação;AT;4,5392
SP-3541406-2550E13CBE874D3DB19DF3C65EC1A327;SP;Presidente Prudente;Reserva Legal Proposta;Analisado, aguardando regularização ambiental (Lei nº 12.651/2012);AT;0,3391
SP-3541406-25DFD8EC7821458D842FDBEBC4F33FC0;SP;Presidente Prudente;Reserva Legal Proposta;Analisado, em conformidade com a Lei nº 12.651/2012, com ativos ambientais;AT;0,5715
SP-3541406-2605715640F44B60B4618467CEDF4035;SP;Presidente Prudente;Reserva Legal Proposta;Analisado, em conformidade com a Lei nº 12.651/2012, com ativos ambientais;AT;0,4341
SP-3541406-26AA3D1D829B4D7C940240C9BA2E4046;SP;Presidente Prudente;Reserva Legal Proposta;Aguardando análise;AT;7,3648
SP-3541406-26D62FF01B5B4DD9806569864872A868;SP;Presidente Prudente;Reserva Legal Proposta;Analisado, aguardando regularização ambiental (Lei nº 12.651/2012);AT;2,1095
SP-3541406-26D7048DD9E3408583586957581A7295;SP;Presidente Prudente;Reserva Legal Proposta;Aguardando análise;AT;2,7688
SP-3541406-26F991ED18434276B770A85C5093995F;SP;Presidente Prudente;Reserva Legal Proposta;Analisado, em conformidade com a Lei nº 12.651/2012, com ativos ambientais;AT;2,4759
SP-3541406-27426AFEEDD74893ACDD9E5CD05CB348;SP;Presidente Prudente;Reserva Legal Proposta;Analisado, em conformidade com a Lei nº 12.651/2012, com ativos ambientais;AT;0,2716
SP-3541406-27847D6B76C9479480B59623CAB66795;SP;Presidente Prudente;Reserva Legal Proposta;Analisado, aguardando regularização ambiental (Lei nº 12.651/2012);AT;5,4340
SP-3541406-27C174A9BFC44BD18584ECA05FA65701;SP;Presidente Prudente;Reserva Legal Proposta;Analisado, em conformidade com a Lei nº 12.651/2012, com ativos ambientais;AT;1,2900
SP-3541406-2858B623B5A94B71A0ACA20A647C8B63;SP;Presidente Prudente;Reserva Legal Proposta;Analisado, em conformidade com a Lei nº 12.651/2012, com ativos ambientais;AT;0,8088
SP-3541406-28972E939BF0447EAF9BE5E276A63B2E;SP;Presidente Prudente;Reserva Legal Proposta;Aguardando análise;AT;0,7026
SP-3541406-28A6E7F8986945C98612FE04293F2998;SP;Presidente Prudente;Reserva Legal Proposta;Analisado, em conformidade com a Lei nº 12.651/2012, com ativos ambientais;AT;3,3317
SP-3541406-28BE4BD5760E4C70B081F50311088606;SP;Presidente Prudente;Reserva Legal Proposta;Analisado, em conformidade com a Lei nº 12.651/2012, com ativos ambientais;AT;0,4065
SP-3541406-2940EEA5638B4C28A8CDAAC31820D44C;SP;Presidente Prudente;Reserva Legal Proposta;Analisado, em conformidade com a Lei nº 12.651/2012, com ativos ambientais;AT;1,7946
SP-3541406-294CD688DD9748209E3E1C1549FD0D82;SP;Presidente Prudente;Reserva Legal Proposta;Analisado, em conformidade com a Lei nº 12.651/2012, com ativos ambientais;AT;0,7137
SP-3541406-29850633914046A4978E32570A4655C1;SP;Presidente Prudente;Reserva Legal Proposta;Aguardando análise;AT;1,6470
SP-3541406-29FD03710D94415994B77699A306E708;SP;Presidente Prudente;Reserva Legal Proposta;Analisado, em conformidade com a Lei nº 12.651/2012, com ativos ambientais;AT;1,3500
SP-3541406-2A50EF2293EC4788B3A7112A4BC973F9;SP;Presidente Prudente;Reserva Legal Proposta;Analisado, em conformidade com a Lei nº 12.651/2012, com ativos ambientais;AT;0,4425
SP-3541406-2A666D6ABD8546A9B2E92BA85AB151DB;SP;Presidente Prudente;Reserva Legal Proposta;Analisado, em conformidade com a Lei nº 12.651/2012, com ativos ambientais;AT;0,4996
SP-3541406-2AE491E238DE4B94990282F06CC41360;SP;Presidente Prudente;Reserva Legal Proposta;Analisado, em conformidade com a Lei nº 12.651/2012, com ativos ambientais;AT;0,0016
SP-3541406-2B54F284FC584E39A627CDBB6BD5AD6D;SP;Presidente Prudente;Reserva Legal Proposta;Aguardando análise, após revisão ou atendimento da notificação;AT;0,2032
SP-3541406-2B54F284FC584E39A627CDBB6BD5AD6D;SP;Presidente Prudente;Reserva Legal Proposta;Aguardando análise, após revisão ou atendimento da notificação;AT;0,7496
SP-3541406-2B54F284FC584E39A627CDBB6BD5AD6D;SP;Presidente Prudente;Reserva Legal Proposta;Aguardando análise, após revisão ou atendimento da notificação;AT;1,1491
SP-3541406-2B54F284FC584E39A627CDBB6BD5AD6D;SP;Presidente Prudente;Reserva Legal Proposta;Aguardando análise, após revisão ou atendimento da notificação;AT;1,3838
SP-3541406-2B54F284FC584E39A627CDBB6BD5AD6D;SP;Presidente Prudente;Reserva Legal Proposta;Aguardando análise, após revisão ou atendimento da notificação;AT;0,0904
SP-3541406-2B54F284FC584E39A627CDBB6BD5AD6D;SP;Presidente Prudente;Reserva Legal Proposta;Aguardando análise, após revisão ou atendimento da notificação;AT;0,6716
SP-3541406-2B9F1DD0E3864712B0B9EA6B33071ECE;SP;Presidente Prudente;Reserva Legal Proposta;Analisado, em conformidade com a Lei nº 12.651/2012, com ativos ambientais;AT;0,9455
SP-3541406-2C095D35A2E646B5B3F2AA5334624C3B;SP;Presidente Prudente;Reserva Legal Proposta;Analisado, em conformidade com a Lei nº 12.651/2012, com ativos ambientais;AT;2,7273
SP-3541406-2CE76B715098429BB0CEB1235E36CCEC;SP;Presidente Prudente;Reserva Legal Proposta;Analisado, em conformidade com a Lei nº 12.651/2012, com ativos ambientais;AT;8,4552
SP-3541406-2CEC5A0404BD4FED935C385F31D3D619;SP;Presidente Prudente;Reserva Legal Proposta;Analisado, aguardando regularização ambiental (Lei nº 12.651/2012);AT;3,7362
SP-3541406-2D43210D0668485281E7A5BD3FA9818F;SP;Presidente Prudente;Reserva Legal Proposta;Analisado, em conformidade com a Lei nº 12.651/2012, com ativos ambientais;AT;1,4708
SP-3541406-2D92EA8A44C84076A571C0ED83E96634;SP;Presidente Prudente;Reserva Legal Proposta;Analisado, em conformidade com a Lei nº 12.651/2012, com ativos ambientais;AT;0,4137
SP-3541406-2D9AFE6F87DD453B9303C58CA2F07D7B;SP;Presidente Prudente;Reserva Legal Proposta;Analisado, em conformidade com a Lei nº 12.651/2012, com ativos ambientais;AT;1,1516
SP-3541406-2E62154616FA448281D24D84F4F443F9;SP;Presidente Prudente;Reserva Legal Proposta;Analisado, em conformidade com a Lei nº 12.651/2012, com ativos ambientais;AT;0,6739
SP-3541406-2E8DF1A3F3844C79A601DFFA00C0E78B;SP;Presidente Prudente;Reserva Legal Proposta;Analisado, aguardando regularização ambiental (Lei nº 12.651/2012);AT;2,5922
SP-3541406-2E9B318DE62847CF8A982E31F32E2C23;SP;Presidente Prudente;Reserva Legal Proposta;Analisado, aguardando atendimento a notificação;AT;2,4543
SP-3541406-2F053444E8C549C5991192B0A2A48D75;SP;Presidente Prudente;Reserva Legal Proposta;Analisado, em conformidade com a Lei nº 12.651/2012, com ativos ambientais;AT;0,2592
SP-3541406-2F0CE246181A46FC966C71F148324988;SP;Presidente Prudente;Reserva Legal Proposta;Aguardando análise, após revisão ou atendimento da notificação;AT;0,2943
SP-3541406-2F0CE246181A46FC966C71F148324988;SP;Presidente Prudente;Reserva Legal Proposta;Aguardando análise, após revisão ou atendimento da notificação;AT;0,3054
SP-3541406-2FCD0547C78545E0B09BEB315062E4C6;SP;Presidente Prudente;Reserva Legal Proposta;Analisado, em conformidade com a Lei nº 12.651/2012, com ativos ambientais;AT;2,3739
SP-3541406-2FE80675392C42008751DB271EB31E63;SP;Presidente Prudente;Reserva Legal Proposta;Analisado, aguardando atendimento a notificação;AT;0,0934
SP-3541406-302EF4A9BCAA48CC8702FE559418D3A7;SP;Presidente Prudente;Reserva Legal Proposta;Aguardando análise;AT;2,1574
SP-3541406-302EF4A9BCAA48CC8702FE559418D3A7;SP;Presidente Prudente;Reserva Legal Proposta;Aguardando análise;AT;15,7244
SP-3541406-302EF4A9BCAA48CC8702FE559418D3A7;SP;Presidente Prudente;Reserva Legal Proposta;Aguardando análise;AT;42,9138
SP-3541406-302EF4A9BCAA48CC8702FE559418D3A7;SP;Presidente Prudente;Reserva Legal Proposta;Aguardando análise;AT;9,6789
SP-3541406-302EF4A9BCAA48CC8702FE559418D3A7;SP;Presidente Prudente;Reserva Legal Proposta;Aguardando análise;AT;14,5838
SP-3541406-302EF4A9BCAA48CC8702FE559418D3A7;SP;Presidente Prudente;Reserva Legal Proposta;Aguardando análise;AT;101,9824
SP-3541406-302EF4A9BCAA48CC8702FE559418D3A7;SP;Presidente Prudente;Reserva Legal Proposta;Aguardando análise;AT;8,0796
SP-3541406-302EF4A9BCAA48CC8702FE559418D3A7;SP;Presidente Prudente;Reserva Legal Proposta;Aguardando análise;AT;14,6631
SP-3541406-3050551F04E7423DA52960FCDABFDF6C;SP;Presidente Prudente;Reserva Legal Proposta;Analisado, em conformidade com a Lei nº 12.651/2012, com ativos ambientais;AT;1,6716
SP-3541406-3074B182E0CB40EB8AFECAA773AFDD40;SP;Presidente Prudente;Reserva Legal Proposta;Analisado, em conformidade com a Lei nº 12.651/2012, com ativos ambientais;AT;1,0624
SP-3541406-30954496F5DE4ED7A73C21F2C3D0AD88;SP;Presidente Prudente;Reserva Legal Proposta;Analisado, aguardando atendimento a notificação;AT;6,7963
SP-3541406-309CD2DFF99E4AA2A7F82C3EFC62E7CF;SP;Presidente Prudente;Reserva Legal Proposta;Analisado, aguardando atendimento a notificação;AT;1,5082
SP-3541406-30BB5D8CEEAC46869B3CDAAA8B7AC9CC;SP;Presidente Prudente;Reserva Legal Proposta;Aguardando análise;AT;1,1624
SP-3541406-30F982494FB94BA0A9B160D14327EC36;SP;Presidente Prudente;Reserva Legal Proposta;Analisado, em conformidade com a Lei nº 12.651/2012, com ativos ambientais;AT;2,1683
SP-3541406-31B0B314C9EC493CB1363D84A25FE48E;SP;Presidente Prudente;Reserva Legal Proposta;Analisado, em conformidade com a Lei nº 12.651/2012, com ativos ambientais;AT;0,8529
SP-3541406-32B90104B112402E9CD47B3F15297C6D;SP;Presidente Prudente;Reserva Legal Proposta;Aguardando análise;AT;1,4138
SP-3541406-330CA6FCD90048A6B4CF73A25EA9CFDE;SP;Presidente Prudente;Reserva Legal Proposta;Analisado, em conformidade com a Lei nº 12.651/2012, com ativos ambientais;AT;3,3447
SP-3541406-330D05FD03444E049DD6FFD03CD60402;SP;Presidente Prudente;Reserva Legal Proposta;Aguardando análise;AT;1,1378
SP-3541406-3372C768CC14403DA812BF76B1E4F7C2;SP;Presidente Prudente;Reserva Legal Proposta;Aguardando análise;AT;1,7480
SP-3541406-338250F212D94476B8C6AD3F150C18F4;SP;Presidente Prudente;Reserva Legal Proposta;Analisado, em conformidade com a Lei nº 12.651/2012, com ativos ambientais;AT;4,9763
SP-3541406-33D3C9880C7542CEAEC72096BDB6C51E;SP;Presidente Prudente;Reserva Legal Proposta;Analisado, em conformidade com a Lei nº 12.651/2012, com ativos ambientais;AT;1,3641
SP-3541406-3402563EBC124F689F5B2833EA8ACA59;SP;Presidente Prudente;Reserva Legal Proposta;Analisado, em conformidade com a Lei nº 12.651/2012, com ativos ambientais;AT;2,4390
SP-3541406-34560EC93A6F415A807BB98658BE9697;SP;Presidente Prudente;Reserva Legal Proposta;Aguardando análise, após revisão ou atendimento da notificação;AT;2,1221
SP-3541406-347EA48EA58849BB8B96D861B013685F;SP;Presidente Prudente;Reserva Legal Proposta;Aguardando análise;AT;0,8881
SP-3541406-3508BA1F778E44BE8071E07D886CCD85;SP;Presidente Prudente;Reserva Legal Proposta;Analisado, aguardando regularização ambiental (Lei nº 12.651/2012);AT;1,2847
SP-3541406-352BA589886F47E794F306AE0DBF90B7;SP;Presidente Prudente;Reserva Legal Proposta;Analisado, em conformidade com a Lei nº 12.651/2012, com ativos ambientais;AT;2,9129
SP-3541406-35AF129E42EF4A25A2E295F5175B2D98;SP;Presidente Prudente;Reserva Legal Proposta;Analisado, em conformidade com a Lei nº 12.651/2012, com ativos ambientais;AT;4,6495
SP-3541406-35D6BEFE28B944D98B22222C9C28DF6D;SP;Presidente Prudente;Reserva Legal Proposta;Aguardando análise;AT;3,6847
SP-3541406-35EC968F470E4271A391073E120F207D;SP;Presidente Prudente;Reserva Legal Proposta;Aguardando análise;AT;4,1515
SP-3541406-371DD570949942CFA9182FCEEBDED20C;SP;Presidente Prudente;Reserva Legal Proposta;Analisado, em conformidade com a Lei nº 12.651/2012, com ativos ambientais;AT;0,8936
SP-3541406-372E3CCC37C1494EAAE1D3AF237DA6B2;SP;Presidente Prudente;Reserva Legal Proposta;Analisado, em conformidade com a Lei nº 12.651/2012, com ativos ambientais;AT;3,4804
SP-3541406-37A8EC27D36C40FB8F516DCFD049EE2C;SP;Presidente Prudente;Reserva Legal Proposta;Analisado, aguardando regularização ambiental (Lei nº 12.651/2012);AT;1,1533
SP-3541406-37CB9B68E89B4DF299CA2629CE7F96D3;SP;Presidente Prudente;Reserva Legal Proposta;Aguardando análise;AT;2,4855
SP-3541406-392E33F4D2914291BAAB5E0651F242F1;SP;Presidente Prudente;Reserva Legal Proposta;Analisado, aguardando regularização ambiental (Lei nº 12.651/2012);AT;2,3389
SP-3541406-39A19BB16E964C2BB7411C6362773D73;SP;Presidente Prudente;Reserva Legal Proposta;Aguardando análise;AT;0,0204
SP-3541406-39A19BB16E964C2BB7411C6362773D73;SP;Presidente Prudente;Reserva Legal Proposta;Aguardando análise;AT;0,0400
SP-3541406-39E090D948D64732A7012591781ADF0E;SP;Presidente Prudente;Reserva Legal Proposta;Analisado, em conformidade com a Lei nº 12.651/2012, com ativos ambientais;AT;0,6128
SP-3541406-3A4BF62C92044FAFAE3721A6EAABA320;SP;Presidente Prudente;Reserva Legal Proposta;Analisado, em conformidade com a Lei nº 12.651/2012, com ativos ambientais;AT;2,1948
SP-3541406-3AD106B4CE764D9D8DB537CF8BC9685C;SP;Presidente Prudente;Reserva Legal Proposta;Aguardando análise;AT;0,5364
SP-3541406-3AD106B4CE764D9D8DB537CF8BC9685C;SP;Presidente Prudente;Reserva Legal Proposta;Aguardando análise;AT;1,6990
SP-3541406-3AD106B4CE764D9D8DB537CF8BC9685C;SP;Presidente Prudente;Reserva Legal Proposta;Aguardando análise;AT;0,6626
SP-3541406-3AD106B4CE764D9D8DB537CF8BC9685C;SP;Presidente Prudente;Reserva Legal Proposta;Aguardando análise;AT;0,6335
SP-3541406-3AD106B4CE764D9D8DB537CF8BC9685C;SP;Presidente Prudente;Reserva Legal Proposta;Aguardando análise;AT;0,5663
SP-3541406-3AD106B4CE764D9D8DB537CF8BC9685C;SP;Presidente Prudente;Reserva Legal Proposta;Aguardando análise;AT;0,4613
SP-3541406-3AD106B4CE764D9D8DB537CF8BC9685C;SP;Presidente Prudente;Reserva Legal Proposta;Aguardando análise;AT;0,3998
SP-3541406-3AD106B4CE764D9D8DB537CF8BC9685C;SP;Presidente Prudente;Reserva Legal Proposta;Aguardando análise;AT;0,3967
SP-3541406-3AD106B4CE764D9D8DB537CF8BC9685C;SP;Presidente Prudente;Reserva Legal Proposta;Aguardando análise;AT;0,1868
SP-3541406-3AD106B4CE764D9D8DB537CF8BC9685C;SP;Presidente Prudente;Reserva Legal Proposta;Aguardando análise;AT;0,1569
SP-3541406-3AD106B4CE764D9D8DB537CF8BC9685C;SP;Presidente Prudente;Reserva Legal Proposta;Aguardando análise;AT;0,1292
SP-3541406-3B32048734EB41D6BA5F8C873DD03FAB;SP;Presidente Prudente;Reserva Legal Proposta;Analisado, em conformidade com a Lei nº 12.651/2012, com ativos ambientais;AT;0,2181
SP-3541406-3C2954D9071741AD9983717338332E6F;SP;Presidente Prudente;Reserva Legal Proposta;Analisado, aguardando regularização ambiental (Lei nº 12.651/2012);AT;0,9052
SP-3541406-3DA78E4AFC89428CA77EA195712F3FDB;SP;Presidente Prudente;Reserva Legal Proposta;Aguardando análise;AT;0,2992
SP-3541406-3DE88081E7DB4341B8B11B748F8699C1;SP;Presidente Prudente;Reserva Legal Proposta;Analisado, em conformidade com a Lei nº 12.651/2012, com ativos ambientais;AT;14,6249
SP-3541406-3E0A7E1D0DEF4E9E9C6EC52E0249BB2C;SP;Presidente Prudente;Reserva Legal Proposta;Aguardando análise;AT;7,7211
SP-3541406-3E172D1FA35647DBA97CAA3E46D67153;SP;Presidente Prudente;Reserva Legal Proposta;Analisado, em conformidade com a Lei nº 12.651/2012, com ativos ambientais;AT;11,0689
SP-3541406-3E486177E10D41FDB2F5DC8495F208E6;SP;Presidente Prudente;Reserva Legal Proposta;Analisado, em conformidade com a Lei nº 12.651/2012, com ativos ambientais;AT;0,4492
SP-3541406-3E49C55D21B647B8ACAA9B4B536F29BF;SP;Presidente Prudente;Reserva Legal Proposta;Analisado, em conformidade com a Lei nº 12.651/2012, com ativos ambientais;AT;1,2217
SP-3541406-3E89568D2F3B4968BB8E56AEB1BA41DD;SP;Presidente Prudente;Reserva Legal Proposta;Analisado, em conformidade com a Lei nº 12.651/2012, com ativos ambientais;AT;0,1318
SP-3541406-3EB815CC95264450B212EA2DC9D10F88;SP;Presidente Prudente;Reserva Legal Proposta;Analisado, aguardando atendimento a notificação;AT;9,7503
SP-3541406-3F0273584AE741708C2FE120666C0870;SP;Presidente Prudente;Reserva Legal Proposta;Analisado, aguardando regularização ambiental (Lei nº 12.651/2012);AT;5,3210
SP-3541406-3F97E382EA0F4FF8873C040B0B6CBD76;SP;Presidente Prudente;Reserva Legal Proposta;Analisado, em conformidade com a Lei nº 12.651/2012, com ativos ambientais;AT;0,2360
SP-3541406-417E2C1C1AD24FBCA6E942E17B85ECEF;SP;Presidente Prudente;Reserva Legal Proposta;Aguardando análise, após revisão ou atendimento da notificação;AT;35,7185
SP-3541406-41B0B4E2FE424D50A254786D746BCCE4;SP;Presidente Prudente;Reserva Legal Proposta;Analisado, em conformidade com a Lei nº 12.651/2012, com ativos ambientais;AT;5,7837
SP-3541406-41BC3E0F60684D70AFD6C9F45D5BBD7C;SP;Presidente Prudente;Reserva Legal Proposta;Analisado, aguardando regularização ambiental (Lei nº 12.651/2012);AT;0,5976
SP-3541406-41EF6D1347E245AE838BC5D364CA14F7;SP;Presidente Prudente;Reserva Legal Proposta;Analisado, aguardando regularização ambiental (Lei nº 12.651/2012);AT;0,2083
SP-3541406-4214D6F67A4C42E58D7175605B095E06;SP;Presidente Prudente;Reserva Legal Proposta;Analisado, em conformidade com a Lei nº 12.651/2012, com ativos ambientais;AT;0,5711
SP-3541406-4215072973704489B93BB9E3E1CC4EA9;SP;Presidente Prudente;Reserva Legal Proposta;Analisado, em conformidade com a Lei nº 12.651/2012, com ativos ambientais;AT;1,6922
SP-3541406-42C0A8F296814E78B83166D357B59CF5;SP;Presidente Prudente;Reserva Legal Proposta;Analisado, em conformidade com a Lei nº 12.651/2012, com ativos ambientais;AT;1,5247
SP-3541406-430CF95CA97F400C9A4088F9A97A1469;SP;Presidente Prudente;Reserva Legal Proposta;Analisado, em conformidade com a Lei nº 12.651/2012, com ativos ambientais;AT;14,7221
SP-3541406-431C54AE21D04F1C81DAE70CAAF8EDFA;SP;Presidente Prudente;Reserva Legal Proposta;Aguardando análise;AT;0,8611
SP-3541406-43A107228A85426AA7A9FFD880C58D16;SP;Presidente Prudente;Reserva Legal Proposta;Aguardando análise;AT;0,1514
SP-3541406-4424A3609D5B4DD5AA49AA03564D886F;SP;Presidente Prudente;Reserva Legal Proposta;Analisado, aguardando atendimento a notificação;AT;3,8733
SP-3541406-44F8DEFAFF6841D6AEFA5B9F4D2419AA;SP;Presidente Prudente;Reserva Legal Proposta;Analisado, em conformidade com a Lei nº 12.651/2012, com ativos ambientais;AT;3,4016
SP-3541406-45BF6EB26723430B880164826F137420;SP;Presidente Prudente;Reserva Legal Proposta;Analisado, aguardando atendimento a notificação;AT;4,5776
SP-3541406-45BF6EB26723430B880164826F137420;SP;Presidente Prudente;Reserva Legal Proposta;Analisado, aguardando atendimento a notificação;AT;13,1332
SP-3541406-45BF6EB26723430B880164826F137420;SP;Presidente Prudente;Reserva Legal Proposta;Analisado, aguardando atendimento a notificação;AT;3,8151
SP-3541406-46CF7A7F12FE4CDE8AC1432BB751B942;SP;Presidente Prudente;Reserva Legal Proposta;Aguardando análise;AT;0,9002
SP-3541406-46F52D9E2D5B4AD9AFF3D4A141BABFBB;SP;Presidente Prudente;Reserva Legal Proposta;Analisado, em conformidade com a Lei nº 12.651/2012, com ativos ambientais;AT;0,5740
SP-3541406-47036C5B34F04F2D9F601F5FB4BB58DC;SP;Presidente Prudente;Reserva Legal Proposta;Aguardando análise, após revisão ou atendimento da notificação;AT;0,4631
SP-3541406-4879F7D0B71E45598948DB19DDD91FE3;SP;Presidente Prudente;Reserva Legal Proposta;Aguardando análise, após revisão ou atendimento da notificação;AT;1,9475
SP-3541406-48FC19FDA2674FEE88A2054DABAED451;SP;Presidente Prudente;Reserva Legal Proposta;Analisado, em conformidade com a Lei nº 12.651/2012, com ativos ambientais;AT;0,9253
SP-3541406-493C0014961E458A89F4B02D0C7C5686;SP;Presidente Prudente;Reserva Legal Proposta;Aguardando análise;AT;3,8572
SP-3541406-4A26083D16304A89995916A8660E4DBF;SP;Presidente Prudente;Reserva Legal Proposta;Analisado, em conformidade com a Lei nº 12.651/2012, com ativos ambientais;AT;0,3261
SP-3541406-4A96B7BED1494ACD871A7D27F8C2A346;SP;Presidente Prudente;Reserva Legal Proposta;Analisado, aguardando regularização ambiental (Lei nº 12.651/2012);AT;0,1957
SP-3541406-4B594481C46549C4AC32F0C30CD47DD2;SP;Presidente Prudente;Reserva Legal Proposta;Aguardando análise;AT;6,2319
SP-3541406-4B924B394F3D40D596FFCBF143BCA9CF;SP;Presidente Prudente;Reserva Legal Proposta;Aguardando análise;AT;2,9980
SP-3541406-4BC226ADBBF14B929DD5BD9B6DA2AED5;SP;Presidente Prudente;Reserva Legal Proposta;Analisado, em conformidade com a Lei nº 12.651/2012;AT;0,6597
SP-3541406-4BD2BFEA046647C9BA922C4046341FA7;SP;Presidente Prudente;Reserva Legal Proposta;Aguardando análise;AT;0,6499
SP-3541406-4C5EBFE6DA6E40C2AAEF5DDC872AEB5F;SP;Presidente Prudente;Reserva Legal Proposta;Analisado, em conformidade com a Lei nº 12.651/2012, com ativos ambientais;AT;0,5932
SP-3541406-4C9F6181E27044A893EB52E154CB6927;SP;Presidente Prudente;Reserva Legal Proposta;Aguardando análise;AT;4,8336
SP-3541406-4E4CF2321CA946628427089605A13C65;SP;Presidente Prudente;Reserva Legal Proposta;Analisado, aguardando atendimento a notificação;AT;0,0283
SP-3541406-4E4CF2321CA946628427089605A13C65;SP;Presidente Prudente;Reserva Legal Proposta;Analisado, aguardando atendimento a notificação;AT;0,3072
SP-3541406-4E4CF2321CA946628427089605A13C65;SP;Presidente Prudente;Reserva Legal Proposta;Analisado, aguardando atendimento a notificação;AT;0,2638
SP-3541406-4E4CF2321CA946628427089605A13C65;SP;Presidente Prudente;Reserva Legal Proposta;Analisado, aguardando atendimento a notificação;AT;0,1900
SP-3541406-4E4CF2321CA946628427089605A13C65;SP;Presidente Prudente;Reserva Legal Proposta;Analisado, aguardando atendimento a notificação;AT;0,0975
SP-3541406-4E4CF2321CA946628427089605A13C65;SP;Presidente Prudente;Reserva Legal Proposta;Analisado, aguardando atendimento a notificação;AT;0,0477
SP-3541406-4E4CF2321CA946628427089605A13C65;SP;Presidente Prudente;Reserva Legal Proposta;Analisado, aguardando atendimento a notificação;AT;0,0458
SP-3541406-4E4CF2321CA946628427089605A13C65;SP;Presidente Prudente;Reserva Legal Proposta;Analisado, aguardando atendimento a notificação;AT;0,8697
SP-3541406-4E4CF2321CA946628427089605A13C65;SP;Presidente Prudente;Reserva Legal Proposta;Analisado, aguardando atendimento a notificação;AT;0,7989
SP-3541406-4E4CF2321CA946628427089605A13C65;SP;Presidente Prudente;Reserva Legal Proposta;Analisado, aguardando atendimento a notificação;AT;0,5649
SP-3541406-4E4CF2321CA946628427089605A13C65;SP;Presidente Prudente;Reserva Legal Proposta;Analisado, aguardando atendimento a notificação;AT;0,4594
SP-3541406-4EE821D465A740088AF07457AED01FE0;SP;Presidente Prudente;Reserva Legal Proposta;Aguardando análise;AT;7,4729
SP-3541406-4F20A15AD17D4D0496C644C7BECA6C2D;SP;Presidente Prudente;Reserva Legal Proposta;Analisado, em conformidade com a Lei nº 12.651/2012, com ativos ambientais;AT;2,6504
SP-3541406-4F37499329E04137805B39B28AE192F3;SP;Presidente Prudente;Reserva Legal Proposta;Analisado, em conformidade com a Lei nº 12.651/2012, com ativos ambientais;AT;5,0868
SP-3541406-4F416AC089FF4D21A9632DD0B43E2BA1;SP;Presidente Prudente;Reserva Legal Proposta;Aguardando análise;AT;0,2332
SP-3541406-4F480FE1716247AF8B0A921C205F2039;SP;Presidente Prudente;Reserva Legal Proposta;Analisado, aguardando regularização ambiental (Lei nº 12.651/2012);AT;4,0916
SP-3541406-4F61A929B53F4E4B94809E8628A5061E;SP;Presidente Prudente;Reserva Legal Proposta;Aguardando análise;AT;7,6665
SP-3541406-4F6E96B339EB4FD48288FC356857EF02;SP;Presidente Prudente;Reserva Legal Proposta;Analisado, em conformidade com a Lei nº 12.651/2012, com ativos ambientais;AT;0,7173
SP-3541406-4F9513833B74405AA04B878F1F6BC668;SP;Presidente Prudente;Reserva Legal Proposta;Analisado, em conformidade com a Lei nº 12.651/2012, com ativos ambientais;AT;4,8365
SP-3541406-4FB83D52220B490792656F05A44778CF;SP;Presidente Prudente;Reserva Legal Proposta;Aguardando análise;AT;3,9596
SP-3541406-4FB983FD913D4FB59219CEE607611C6E;SP;Presidente Prudente;Reserva Legal Proposta;Analisado, em conformidade com a Lei nº 12.651/2012, com ativos ambientais;AT;0,7038
SP-3541406-504BCEDF44D44D1980DB879B0DF3D58E;SP;Presidente Prudente;Reserva Legal Proposta;Analisado, aguardando regularização ambiental (Lei nº 12.651/2012);AT;0,2831
SP-3541406-5071F9C866C645E3970CA7B3A423E05E;SP;Presidente Prudente;Reserva Legal Proposta;Aguardando análise;AT;5,4637
SP-3541406-50849EABC15E4120B3DA287F535C65E2;SP;Presidente Prudente;Reserva Legal Proposta;Analisado, aguardando atendimento a notificação;AT;5,0269
SP-3541406-50849EABC15E4120B3DA287F535C65E2;SP;Presidente Prudente;Reserva Legal Proposta;Analisado, aguardando atendimento a notificação;AT;0,4756
SP-3541406-50849EABC15E4120B3DA287F535C65E2;SP;Presidente Prudente;Reserva Legal Proposta;Analisado, aguardando atendimento a notificação;AT;0,7489
SP-3541406-50849EABC15E4120B3DA287F535C65E2;SP;Presidente Prudente;Reserva Legal Proposta;Analisado, aguardando atendimento a notificação;AT;0,0777
SP-3541406-50849EABC15E4120B3DA287F535C65E2;SP;Presidente Prudente;Reserva Legal Proposta;Analisado, aguardando atendimento a notificação;AT;0,6366
SP-3541406-50849EABC15E4120B3DA287F535C65E2;SP;Presidente Prudente;Reserva Legal Proposta;Analisado, aguardando atendimento a notificação;AT;1,1881
SP-3541406-51616827F93746E49CDEAACC1856FF62;SP;Presidente Prudente;Reserva Legal Proposta;Analisado, aguardando atendimento a notificação;AT;3,5902
SP-3541406-51762966C10C48A79DD014A0EDF053F9;SP;Presidente Prudente;Reserva Legal Proposta;Analisado, aguardando regularização ambiental (Lei nº 12.651/2012);AT;1,6299
SP-3541406-51BEACEB6282464393CBDB5A103F12C3;SP;Presidente Prudente;Reserva Legal Proposta;Aguardando análise;AT;4,5854
SP-3541406-51D29A5C75FC48629B769CDA40E7818D;SP;Presidente Prudente;Reserva Legal Proposta;Aguardando análise;AT;6,6503
SP-3541406-51E01594261E4B6CB72CB507942E036A;SP;Presidente Prudente;Reserva Legal Proposta;Analisado, em conformidade com a Lei nº 12.651/2012, com ativos ambientais;AT;0,5394
SP-3541406-51F07FEAC86D479CBED0A2CCFCCA13C9;SP;Presidente Prudente;Reserva Legal Proposta;Aguardando análise;AT;13,1866
SP-3541406-51FA158DC05E4042B3E39632A66763A8;SP;Presidente Prudente;Reserva Legal Proposta;Aguardando análise, após revisão ou atendimento da notificação;AT;7,5307
SP-3541406-521F42AC8C2144238B89FCE924305061;SP;Presidente Prudente;Reserva Legal Proposta;Analisado, em conformidade com a Lei nº 12.651/2012, com ativos ambientais;AT;5,7692
SP-3541406-529208BEB51C49CC8E9E346027363B9F;SP;Presidente Prudente;Reserva Legal Proposta;Analisado, aguardando regularização ambiental (Lei nº 12.651/2012);AT;4,1760
SP-3541406-529C681C64254D02BDEC0673773E2F9E;SP;Presidente Prudente;Reserva Legal Proposta;Analisado, aguardando atendimento a notificação;AT;2,2176
SP-3541406-52A0128C281D447CB7A7844758AA19B5;SP;Presidente Prudente;Reserva Legal Proposta;Analisado, aguardando regularização ambiental (Lei nº 12.651/2012);AT;0,0002
SP-3541406-536FFBF141164C4BBE9020B5032EB8AC;SP;Presidente Prudente;Reserva Legal Proposta;Analisado, aguardando atendimento a notificação;AT;6,1256
SP-3541406-541CBFD5DDA844969478E499E99839D1;SP;Presidente Prudente;Reserva Legal Proposta;Analisado, aguardando regularização ambiental (Lei nº 12.651/2012);AT;0,3247
SP-3541406-5531060FD80F47BDA8428CEEA1BEFD7F;SP;Presidente Prudente;Reserva Legal Proposta;Analisado, em conformidade com a Lei nº 12.651/2012, com ativos ambientais;AT;0,3071
SP-3541406-5572462996F04F50A3FFE62725193882;SP;Presidente Prudente;Reserva Legal Proposta;Aguardando análise;AT;1,2770
SP-3541406-5572462996F04F50A3FFE62725193882;SP;Presidente Prudente;Reserva Legal Proposta;Aguardando análise;AT;2,5608
SP-3541406-5572462996F04F50A3FFE62725193882;SP;Presidente Prudente;Reserva Legal Proposta;Aguardando análise;AT;6,0309
SP-3541406-5572462996F04F50A3FFE62725193882;SP;Presidente Prudente;Reserva Legal Proposta;Aguardando análise;AT;0,3373
SP-3541406-55AF778C6D6B49E795CEEBD31EE7CFAE;SP;Presidente Prudente;Reserva Legal Proposta;Analisado, aguardando regularização ambiental (Lei nº 12.651/2012);AT;0,4867
SP-3541406-55CC5433169A4D38A7DFA01943D6A072;SP;Presidente Prudente;Reserva Legal Proposta;Aguardando análise;AT;2,8892
SP-3541406-55E1BDA9E88A4FE68715AFD59620CA93;SP;Presidente Prudente;Reserva Legal Proposta;Aguardando análise;AT;1,5074
SP-3541406-569DE895840947DBACF18D29D74A3DF7;SP;Presidente Prudente;Reserva Legal Proposta;Analisado, aguardando atendimento a notificação;AT;11,3478
SP-3541406-569DE895840947DBACF18D29D74A3DF7;SP;Presidente Prudente;Reserva Legal Proposta;Analisado, aguardando atendimento a notificação;AT;2,2886
SP-3541406-569DE895840947DBACF18D29D74A3DF7;SP;Presidente Prudente;Reserva Legal Proposta;Analisado, aguardando atendimento a notificação;AT;3,1539
SP-3541406-569DE895840947DBACF18D29D74A3DF7;SP;Presidente Prudente;Reserva Legal Proposta;Analisado, aguardando atendimento a notificação;AT;0,2875
SP-3541406-569DE895840947DBACF18D29D74A3DF7;SP;Presidente Prudente;Reserva Legal Proposta;Analisado, aguardando atendimento a notificação;AT;52,0357
SP-3541406-56DC7056E262459BA69BA7884FB248A4;SP;Presidente Prudente;Reserva Legal Proposta;Aguardando análise;AT;2,9375
SP-3541406-570A9ACA525A48FB979BF59979CAC207;SP;Presidente Prudente;Reserva Legal Proposta;Analisado, em conformidade com a Lei nº 12.651/2012, com ativos ambientais;AT;0,6274
SP-3541406-573F0DFA79FC4145AD77B2C0A17915B0;SP;Presidente Prudente;Reserva Legal Proposta;Analisado, aguardando regularização ambiental (Lei nº 12.651/2012);AT;2,4364
SP-3541406-582252DAF5B14234B934EC4BC710C590;SP;Presidente Prudente;Reserva Legal Proposta;Analisado, aguardando regularização ambiental (Lei nº 12.651/2012);AT;3,9542
SP-3541406-5A0C423E3D044E989CFE6622897878D9;SP;Presidente Prudente;Reserva Legal Proposta;Analisado, em conformidade com a Lei nº 12.651/2012, com ativos ambientais;AT;2,5987
SP-3541406-5A57076811F04421A8956E9FB6DB0CD2;SP;Presidente Prudente;Reserva Legal Proposta;Analisado, em conformidade com a Lei nº 12.651/2012, com ativos ambientais;AT;4,0674
SP-3541406-5A65592B512C40C8AB9A59E2592BC80E;SP;Presidente Prudente;Reserva Legal Proposta;Analisado, em conformidade com a Lei nº 12.651/2012, com ativos ambientais;AT;0,3077
SP-3541406-5B003E36B49647749FCCAC006B98196B;SP;Presidente Prudente;Reserva Legal Proposta;Analisado, em conformidade com a Lei nº 12.651/2012, com ativos ambientais;AT;0,6644
SP-3541406-5B4FA3F04254470093EE9CB6BBFEC75C;SP;Presidente Prudente;Reserva Legal Proposta;Analisado, em conformidade com a Lei nº 12.651/2012, com ativos ambientais;AT;0,2956
SP-3541406-5BCA8EF7E71146A28994EB0D8C030AE9;SP;Presidente Prudente;Reserva Legal Proposta;Aguardando análise, após revisão ou atendimento da notificação;AT;4,0792
SP-3541406-5BDEDDB484A1477389DC192B0548E6EC;SP;Presidente Prudente;Reserva Legal Proposta;Aguardando análise, após revisão ou atendimento da notificação;AT;0,0918
SP-3541406-5BDEDDB484A1477389DC192B0548E6EC;SP;Presidente Prudente;Reserva Legal Proposta;Aguardando análise, após revisão ou atendimento da notificação;AT;0,2878
SP-3541406-5D0ABFB2045445FFAC0A697E85CDA9F4;SP;Presidente Prudente;Reserva Legal Proposta;Analisado, em conformidade com a Lei nº 12.651/2012, com ativos ambientais;AT;2,3479
SP-3541406-5D163322A6BA4724AAB50FDBC36B8AF4;SP;Presidente Prudente;Reserva Legal Proposta;Analisado, em conformidade com a Lei nº 12.651/2012, com ativos ambientais;AT;5,1515
SP-3541406-5DA110ECB36941B38DE4FEA502E6EAA6;SP;Presidente Prudente;Reserva Legal Proposta;Analisado, em conformidade com a Lei nº 12.651/2012, com ativos ambientais;AT;1,2320
SP-3541406-5DEB89B7707249A8A40EC3A39B1C8D5B;SP;Presidente Prudente;Reserva Legal Proposta;Analisado, em conformidade com a Lei nº 12.651/2012, com ativos ambientais;AT;2,3805
SP-3541406-5E9F634492CF4FFFB8D5F2DAB1FB1D14;SP;Presidente Prudente;Reserva Legal Proposta;Analisado, em conformidade com a Lei nº 12.651/2012, com ativos ambientais;AT;1,3548
SP-3541406-5F315D4FF9CF42C79DB4C383DF035457;SP;Presidente Prudente;Reserva Legal Proposta;Analisado, aguardando atendimento a notificação;AT;2,7281
SP-3541406-5F34376FB5164FACA4071C742526FF35;SP;Presidente Prudente;Reserva Legal Proposta;Analisado, em conformidade com a Lei nº 12.651/2012, com ativos ambientais;AT;0,4208
SP-3541406-5F7DF96D911C4A7994E141E4170B1104;SP;Presidente Prudente;Reserva Legal Proposta;Analisado, em conformidade com a Lei nº 12.651/2012, com ativos ambientais;AT;0,6184
SP-3541406-5F8078CB68FA4C2FB972EA7EAF56E6A0;SP;Presidente Prudente;Reserva Legal Proposta;Aguardando análise, após revisão ou atendimento da notificação;AT;0,1913
SP-3541406-5FA48B7BB42F49C7845179B5383386D6;SP;Presidente Prudente;Reserva Legal Proposta;Aguardando análise;AT;1,3387
SP-3541406-5FC8FE47D7B04330AA69277654FF49DF;SP;Presidente Prudente;Reserva Legal Proposta;Analisado, em conformidade com a Lei nº 12.651/2012, com ativos ambientais;AT;0,7790
SP-3541406-5FE62E997734447E9673D9BAEE481DF4;SP;Presidente Prudente;Reserva Legal Proposta;Analisado, aguardando regularização ambiental (Lei nº 12.651/2012);AT;0,0200
SP-3541406-6039426957D949FC88E840129668FEA9;SP;Presidente Prudente;Reserva Legal Proposta;Analisado, aguardando regularização ambiental (Lei nº 12.651/2012);AT;13,5742
SP-3541406-60C45E0C9DFB44008A9F1C7D289F14E2;SP;Presidente Prudente;Reserva Legal Proposta;Analisado, em conformidade com a Lei nº 12.651/2012, com ativos ambientais;AT;2,4794
SP-3541406-615202822CA24DD1B33D56687939B9A9;SP;Presidente Prudente;Reserva Legal Proposta;Analisado, aguardando regularização ambiental (Lei nº 12.651/2012);AT;11,7062
SP-3541406-6158EF53E3784F73A17D4833D5C281A4;SP;Presidente Prudente;Reserva Legal Proposta;Analisado, em conformidade com a Lei nº 12.651/2012, com ativos ambientais;AT;0,4450
SP-3541406-6261890287034E4C89380F4116B7D276;SP;Presidente Prudente;Reserva Legal Proposta;Analisado, em conformidade com a Lei nº 12.651/2012, com ativos ambientais;AT;3,8539
SP-3541406-639DC074F13A4C6585FC0B11E4CC5A22;SP;Presidente Prudente;Reserva Legal Proposta;Analisado, em conformidade com a Lei nº 12.651/2012, com ativos ambientais;AT;6,2047
SP-3541406-63E43930F0064867A02BECC02A3B35F5;SP;Presidente Prudente;Reserva Legal Proposta;Analisado, aguardando regularização ambiental (Lei nº 12.651/2012);AT;18,0222
SP-3541406-6489B27C91A947B984927A7278AF0488;SP;Presidente Prudente;Reserva Legal Proposta;Analisado, em conformidade com a Lei nº 12.651/2012, com ativos ambientais;AT;1,5657
SP-3541406-64B4DA73D3544D2CB24179E28035667F;SP;Presidente Prudente;Reserva Legal Proposta;Analisado, em conformidade com a Lei nº 12.651/2012, com ativos ambientais;AT;0,6697
SP-3541406-64E273B02D9447B688D88C3028A1C093;SP;Presidente Prudente;Reserva Legal Proposta;Aguardando análise, após revisão ou atendimento da notificação;AT;0,0242
SP-3541406-65692682ED4B4927B87BE36AFD101CEA;SP;Presidente Prudente;Reserva Legal Proposta;Analisado, em conformidade com a Lei nº 12.651/2012, com ativos ambientais;AT;3,3813
SP-3541406-6582BF2CB0064F7E86B9F2FE393ECFBF;SP;Presidente Prudente;Reserva Legal Proposta;Analisado, aguardando atendimento a notificação;AT;1,4608
SP-3541406-66130101BEC04961A84360D658BBEE0A;SP;Presidente Prudente;Reserva Legal Proposta;Aguardando análise;AT;0,1375
SP-3541406-661B8E18393B4F4E9805F937C148A043;SP;Presidente Prudente;Reserva Legal Proposta;Aguardando análise, após revisão ou atendimento da notificação;AT;0,9995
SP-3541406-661B8E18393B4F4E9805F937C148A043;SP;Presidente Prudente;Reserva Legal Proposta;Aguardando análise, após revisão ou atendimento da notificação;AT;1,3403
SP-3541406-661B8E18393B4F4E9805F937C148A043;SP;Presidente Prudente;Reserva Legal Proposta;Aguardando análise, após revisão ou atendimento da notificação;AT;1,5565
SP-3541406-664A4ACD6DA94C9B99487A98BC0F4210;SP;Presidente Prudente;Reserva Legal Proposta;Aguardando análise, após revisão ou atendimento da notificação;AT;0,3250
SP-3541406-664A4ACD6DA94C9B99487A98BC0F4210;SP;Presidente Prudente;Reserva Legal Proposta;Aguardando análise, após revisão ou atendimento da notificação;AT;0,8210
SP-3541406-664A4ACD6DA94C9B99487A98BC0F4210;SP;Presidente Prudente;Reserva Legal Proposta;Aguardando análise, após revisão ou atendimento da notificação;AT;0,1805
SP-3541406-664A4ACD6DA94C9B99487A98BC0F4210;SP;Presidente Prudente;Reserva Legal Proposta;Aguardando análise, após revisão ou atendimento da notificação;AT;0,2523
SP-3541406-669B2FDCB0C940CBADFD41173D9A7501;SP;Presidente Prudente;Reserva Legal Proposta;Aguardando análise;AT;1,1317
SP-3541406-67A7DEE0CCD446E0B72567675447F195;SP;Presidente Prudente;Reserva Legal Proposta;Aguardando análise;AT;1,5090
SP-3541406-67DA33B928484422BC282167909893A0;SP;Presidente Prudente;Reserva Legal Proposta;Aguardando análise;AT;7,2235
SP-3541406-68E6E5CEB668460EA7EE4C5F8B0CBCF5;SP;Presidente Prudente;Reserva Legal Proposta;Analisado, aguardando regularização ambiental (Lei nº 12.651/2012);AT;2,0916
SP-3541406-6971DE9DD38A43BBAA7835658E5DAFAB;SP;Presidente Prudente;Reserva Legal Proposta;Aguardando análise;AT;5,7800
SP-3541406-6A34520022CB490F88A03CDC32CBA079;SP;Presidente Prudente;Reserva Legal Proposta;Analisado, em conformidade com a Lei nº 12.651/2012, com ativos ambientais;AT;0,8916
SP-3541406-6A4AF2BA78BA49B9BF53353086BD363A;SP;Presidente Prudente;Reserva Legal Proposta;Aguardando análise, após revisão ou atendimento da notificação;AT;2,5524
SP-3541406-6B3041F370134F8281CFFD1692039567;SP;Presidente Prudente;Reserva Legal Proposta;Aguardando análise;AT;5,6143
SP-3541406-6BB83EF174934390B6604FAB167705EA;SP;Presidente Prudente;Reserva Legal Proposta;Analisado, em conformidade com a Lei nº 12.651/2012, com ativos ambientais;AT;0,2136
SP-3541406-6BCB028F79484F04B33F81F795B39474;SP;Presidente Prudente;Reserva Legal Proposta;Analisado, em conformidade com a Lei nº 12.651/2012, com ativos ambientais;AT;0,6441
SP-3541406-6D2C017211424010AF0DE5EEBF35715F;SP;Presidente Prudente;Reserva Legal Proposta;Aguardando análise;AT;1,2429
SP-3541406-6D61F53E3DA141DDA87BF40B0DD4F27C;SP;Presidente Prudente;Reserva Legal Proposta;Analisado, aguardando regularização ambiental (Lei nº 12.651/2012);AT;0,5557
SP-3541406-6D91D82247D34DA5A98488267E210CCC;SP;Presidente Prudente;Reserva Legal Proposta;Aguardando análise;AT;0,9386
SP-3541406-6D91D82247D34DA5A98488267E210CCC;SP;Presidente Prudente;Reserva Legal Proposta;Aguardando análise;AT;0,5591
SP-3541406-6DA7C4734C4C4A57BE78A877A7CD9A7E;SP;Presidente Prudente;Reserva Legal Proposta;Analisado, aguardando atendimento a notificação;AT;3,8761
SP-3541406-6E98EDC433654B05B3306412853E3198;SP;Presidente Prudente;Reserva Legal Proposta;Aguardando análise;AT;4,1923
SP-3541406-6EA2631BB3154291921B336CF079B1E1;SP;Presidente Prudente;Reserva Legal Proposta;Aguardando análise;AT;5,8321
SP-3541406-6ECC5396EA4F4D5C80D61628391A8E10;SP;Presidente Prudente;Reserva Legal Proposta;Analisado, aguardando atendimento a notificação;AT;0,4974
SP-3541406-6F3AE06FB94E4C0A89814A6A3BE99F52;SP;Presidente Prudente;Reserva Legal Proposta;Analisado, em conformidade com a Lei nº 12.651/2012, com ativos ambientais;AT;1,2229
SP-3541406-6F906DC6F7D5468F9CAAD3273C6C273D;SP;Presidente Prudente;Reserva Legal Proposta;Analisado, em conformidade com a Lei nº 12.651/2012, com ativos ambientais;AT;3,3354
SP-3541406-70239F219CD34498AE55628B64295954;SP;Presidente Prudente;Reserva Legal Proposta;Aguardando análise;AT;1,3408
SP-3541406-70C8ED3F605642FA8B4BC8D51A0ED0BC;SP;Presidente Prudente;Reserva Legal Proposta;Analisado, aguardando regularização ambiental (Lei nº 12.651/2012);AT;0,9718
SP-3541406-70F26CEEF1364DF59B82CB83D1C9E7A1;SP;Presidente Prudente;Reserva Legal Proposta;Analisado, aguardando regularização ambiental (Lei nº 12.651/2012);AT;1,8321
SP-3541406-715683BC0A214C95A724D722DAC974DC;SP;Presidente Prudente;Reserva Legal Proposta;Analisado, aguardando atendimento a notificação;AT;0,3833
SP-3541406-7220800D6567453FBB20641BEC60434D;SP;Presidente Prudente;Reserva Legal Proposta;Aguardando análise;AT;8,6472
SP-3541406-72CFDE7AC9854EBDB822F563E90C7E90;SP;Presidente Prudente;Reserva Legal Proposta;Analisado, aguardando atendimento a notificação;AT;1,1739
SP-3541406-72D1750479BC48D08DBADA205695D889;SP;Presidente Prudente;Reserva Legal Proposta;Analisado, aguardando atendimento a notificação;AT;6,2113
SP-3541406-735C7B487485483DB8EBD8EC81FDF51A;SP;Presidente Prudente;Reserva Legal Proposta;Aguardando análise;AT;14,3181
SP-3541406-73ABAF1F3D254214B32B2FC7F795CF3B;SP;Presidente Prudente;Reserva Legal Proposta;Analisado, em conformidade com a Lei nº 12.651/2012, com ativos ambientais;AT;0,6737
SP-3541406-747DEA08C9E646B88DF66352DC5D3BAA;SP;Presidente Prudente;Reserva Legal Proposta;Analisado, em conformidade com a Lei nº 12.651/2012, com ativos ambientais;AT;0,8189
SP-3541406-7520ACDE56AC411894341B3561DA8A93;SP;Presidente Prudente;Reserva Legal Proposta;Analisado, em conformidade com a Lei nº 12.651/2012, com ativos ambientais;AT;0,5663
SP-3541406-755DB09DF20349B8A7FC85FBA24B109D;SP;Presidente Prudente;Reserva Legal Proposta;Analisado, em conformidade com a Lei nº 12.651/2012, com ativos ambientais;AT;3,7924
SP-3541406-757D878BBF3A48ECBBB8632E84759B08;SP;Presidente Prudente;Reserva Legal Proposta;Aguardando análise;AT;0,1201
SP-3541406-75AAB99270CB4A42B9E24A4784227BD6;SP;Presidente Prudente;Reserva Legal Proposta;Analisado, em conformidade com a Lei nº 12.651/2012, com ativos ambientais;AT;0,4331
SP-3541406-75C1DE955AED48B4B046C66C03608C5C;SP;Presidente Prudente;Reserva Legal Proposta;Aguardando análise, após revisão ou atendimento da notificação;AT;1,2363
SP-3541406-76C2768C87904B198F0A8368CC5FE0EB;SP;Presidente Prudente;Reserva Legal Proposta;Analisado, aguardando atendimento a notificação;AT;3,6787
SP-3541406-770980C238A34330A7F0386ADD949D74;SP;Presidente Prudente;Reserva Legal Proposta;Analisado, aguardando atendimento a notificação;AT;0,0071
SP-3541406-770980C238A34330A7F0386ADD949D74;SP;Presidente Prudente;Reserva Legal Proposta;Analisado, aguardando atendimento a notificação;AT;0,0852
SP-3541406-770980C238A34330A7F0386ADD949D74;SP;Presidente Prudente;Reserva Legal Proposta;Analisado, aguardando atendimento a notificação;AT;0,1067
SP-3541406-770980C238A34330A7F0386ADD949D74;SP;Presidente Prudente;Reserva Legal Proposta;Analisado, aguardando atendimento a notificação;AT;0,0305
SP-3541406-7797DE7F08D049D8B990CD4376BE1C6D;SP;Presidente Prudente;Reserva Legal Proposta;Analisado, em conformidade com a Lei nº 12.651/2012, com ativos ambientais;AT;0,7720
SP-3541406-77EFDD4236954EBA9CBFBD7A333CE4D1;SP;Presidente Prudente;Reserva Legal Proposta;Aguardando análise, após revisão ou atendimento da notificação;AT;0,0000
SP-3541406-77EFDD4236954EBA9CBFBD7A333CE4D1;SP;Presidente Prudente;Reserva Legal Proposta;Aguardando análise, após revisão ou atendimento da notificação;AT;0,0534
SP-3541406-77EFDD4236954EBA9CBFBD7A333CE4D1;SP;Presidente Prudente;Reserva Legal Proposta;Aguardando análise, após revisão ou atendimento da notificação;AT;0,0642
SP-3541406-77EFDD4236954EBA9CBFBD7A333CE4D1;SP;Presidente Prudente;Reserva Legal Proposta;Aguardando análise, após revisão ou atendimento da notificação;AT;1,0989
SP-3541406-7861CACB920F4118A06136AEDFE1E2A6;SP;Presidente Prudente;Reserva Legal Proposta;Analisado, aguardando regularização ambiental (Lei nº 12.651/2012);AT;6,5569
SP-3541406-7A5CE274D68D4D2DB7DA8A144FF0BB9F;SP;Presidente Prudente;Reserva Legal Proposta;Em análise;AT;0,1819
SP-3541406-7A5CE274D68D4D2DB7DA8A144FF0BB9F;SP;Presidente Prudente;Reserva Legal Proposta;Em análise;AT;0,1698
SP-3541406-7A5CE274D68D4D2DB7DA8A144FF0BB9F;SP;Presidente Prudente;Reserva Legal Proposta;Em análise;AT;0,1637
SP-3541406-7A5CE274D68D4D2DB7DA8A144FF0BB9F;SP;Presidente Prudente;Reserva Legal Proposta;Em análise;AT;0,0656
SP-3541406-7A5CE274D68D4D2DB7DA8A144FF0BB9F;SP;Presidente Prudente;Reserva Legal Proposta;Em análise;AT;0,0469
SP-3541406-7A5CE274D68D4D2DB7DA8A144FF0BB9F;SP;Presidente Prudente;Reserva Legal Proposta;Em análise;AT;0,0336
SP-3541406-7ADAF652605444318A74210622F7DF58;SP;Presidente Prudente;Reserva Legal Proposta;Analisado, aguardando atendimento a notificação;AT;2,1042
SP-3541406-7B5C527FBA474FC68E373663100FE609;SP;Presidente Prudente;Reserva Legal Proposta;Aguardando análise, após revisão ou atendimento da notificação;AT;2,0488
SP-3541406-7C43B71AAA814F3B9A0A2BCD081055B8;SP;Presidente Prudente;Reserva Legal Proposta;Analisado, em conformidade com a Lei nº 12.651/2012, com ativos ambientais;AT;1,2394
SP-3541406-7D4AB954FA8D441E801AB67BB8C14929;SP;Presidente Prudente;Reserva Legal Proposta;Analisado, aguardando regularização ambiental (Lei nº 12.651/2012);AT;1,6607
SP-3541406-7DCDFA17BFFF4CD19ED20112EC2852DA;SP;Presidente Prudente;Reserva Legal Proposta;Analisado, em conformidade com a Lei nº 12.651/2012, com ativos ambientais;AT;1,0294
SP-3541406-7EC0FD4F63A74E2782C2754755B570D9;SP;Presidente Prudente;Reserva Legal Proposta;Analisado, aguardando regularização ambiental (Lei nº 12.651/2012);AT;3,5468
SP-3541406-7EC41330B4FF41848AF2532B94BEAE0D;SP;Presidente Prudente;Reserva Legal Proposta;Aguardando análise;AT;0,9116
SP-3541406-7F984B0B36BD4941A87B3CED27B96877;SP;Presidente Prudente;Reserva Legal Proposta;Analisado, em conformidade com a Lei nº 12.651/2012, com ativos ambientais;AT;0,3674
SP-3541406-7FC2D0B004EE4A61AB2A4A544C0722AB;SP;Presidente Prudente;Reserva Legal Proposta;Aguardando análise;AT;0,9519
SP-3541406-801890A3DB39461A90413DEF1BB33EFA;SP;Presidente Prudente;Reserva Legal Proposta;Aguardando análise, após revisão ou atendimento da notificação;AT;0,1805
SP-3541406-803D26D83727422684587A6B51926CFA;SP;Presidente Prudente;Reserva Legal Proposta;Aguardando análise;AT;4,6935
SP-3541406-804DF3831F4A402EB4627BC96B5F0E9F;SP;Presidente Prudente;Reserva Legal Proposta;Analisado, em conformidade com a Lei nº 12.651/2012, com ativos ambientais;AT;1,3001
SP-3541406-808D4C0CB2CE4821A5E0DDB0D5E30634;SP;Presidente Prudente;Reserva Legal Proposta;Analisado, em conformidade com a Lei nº 12.651/2012, com ativos ambientais;AT;2,0153
SP-3541406-8150C2C8F4BA4EFBB0B5418E026D720C;SP;Presidente Prudente;Reserva Legal Proposta;Aguardando análise;AT;1,4749
SP-3541406-818837B1B83D452FBD669CE14C833DD3;SP;Presidente Prudente;Reserva Legal Proposta;Aguardando análise;AT;4,2383
SP-3541406-8292F99631A14FC19D56D3E059AD09BF;SP;Presidente Prudente;Reserva Legal Proposta;Analisado, aguardando atendimento a notificação;AT;0,4659
SP-3541406-82E8C27219364350B8FE4318EBD88B2C;SP;Presidente Prudente;Reserva Legal Proposta;Analisado, em conformidade com a Lei nº 12.651/2012, com ativos ambientais;AT;0,6298
SP-3541406-82ED4DD5DDE14EA29642FEE2B070B8A8;SP;Presidente Prudente;Reserva Legal Proposta;Analisado, aguardando regularização ambiental (Lei nº 12.651/2012);AT;0,5530
SP-3541406-8321DCDCF42F42218404A69DF03FCA07;SP;Presidente Prudente;Reserva Legal Proposta;Aguardando análise;AT;4,8003
SP-3541406-836ADEC6089B4C62BCAA31CF2F1C0ACE;SP;Presidente Prudente;Reserva Legal Proposta;Analisado, em conformidade com a Lei nº 12.651/2012, com ativos ambientais;AT;0,1282
SP-3541406-83D0B4BA9D1C4E79B7B3CBD96F22DD48;SP;Presidente Prudente;Reserva Legal Proposta;Analisado, em conformidade com a Lei nº 12.651/2012, com ativos ambientais;AT;1,1411
SP-3541406-840BBFAA79AA45F7A2CB8D89647E8AC2;SP;Presidente Prudente;Reserva Legal Proposta;Aguardando análise;AT;0,6629
SP-3541406-84B523193B09490B9500F1D675EEFAE2;SP;Presidente Prudente;Reserva Legal Proposta;Analisado, em conformidade com a Lei nº 12.651/2012, com ativos ambientais;AT;0,6066
SP-3541406-84D994E1DE334A03908964B85FD819B0;SP;Presidente Prudente;Reserva Legal Proposta;Analisado, aguardando regularização ambiental (Lei nº 12.651/2012);AT;5,3145
SP-3541406-84E0906F6D9041A8A99A5297DDB54B78;SP;Presidente Prudente;Reserva Legal Proposta;Aguardando análise;AT;4,6898
SP-3541406-8512DA0A4DE74843BD824046365EAEC5;SP;Presidente Prudente;Reserva Legal Proposta;Analisado, em conformidade com a Lei nº 12.651/2012, com ativos ambientais;AT;10,2103
SP-3541406-85AD169DB7DA49BEB9DF323C3E202B72;SP;Presidente Prudente;Reserva Legal Proposta;Analisado, em conformidade com a Lei nº 12.651/2012, com ativos ambientais;AT;0,0135
SP-3541406-85B3680C02A149C6B96D978BE869D9ED;SP;Presidente Prudente;Reserva Legal Proposta;Aguardando análise;AT;1,1301
SP-3541406-85D7A1EB7A42433DAFBA5A0D43944362;SP;Presidente Prudente;Reserva Legal Proposta;Aguardando análise;AT;0,4083
SP-3541406-85D7A1EB7A42433DAFBA5A0D43944362;SP;Presidente Prudente;Reserva Legal Proposta;Aguardando análise;AT;0,2618
SP-3541406-85D7A1EB7A42433DAFBA5A0D43944362;SP;Presidente Prudente;Reserva Legal Proposta;Aguardando análise;AT;0,1921
SP-3541406-85D7A1EB7A42433DAFBA5A0D43944362;SP;Presidente Prudente;Reserva Legal Proposta;Aguardando análise;AT;0,5173
SP-3541406-86A9D13130DA4B05ADC588FDBD2B638F;SP;Presidente Prudente;Reserva Legal Proposta;Analisado, em conformidade com a Lei nº 12.651/2012, com ativos ambientais;AT;0,8773
SP-3541406-86C4FBEC7DD44956880494370BFEBEEE;SP;Presidente Prudente;Reserva Legal Proposta;Analisado, em conformidade com a Lei nº 12.651/2012, com ativos ambientais;AT;7,1768
SP-3541406-86CFABFBEEAE4A6FA4E770248B720C6A;SP;Presidente Prudente;Reserva Legal Proposta;Analisado, aguardando regularização ambiental (Lei nº 12.651/2012);AT;0,7260
SP-3541406-86E65B65547E4CB8AF0F7F12035E4526;SP;Presidente Prudente;Reserva Legal Proposta;Analisado, aguardando regularização ambiental (Lei nº 12.651/2012);AT;7,7276
SP-3541406-8767EFA45A734FFCA00670A1963C9807;SP;Presidente Prudente;Reserva Legal Proposta;Analisado, em conformidade com a Lei nº 12.651/2012, com ativos ambientais;AT;2,4112
SP-3541406-877464247BB8436CAEAB564A8032F78B;SP;Presidente Prudente;Reserva Legal Proposta;Analisado, aguardando regularização ambiental (Lei nº 12.651/2012);AT;3,8539
SP-3541406-8791E83BCBED4B15B5B36FD9BD3DB34B;SP;Presidente Prudente;Reserva Legal Proposta;Aguardando análise;AT;44,3468
SP-3541406-87FB348869B04A08981F4ADA2A3B404F;SP;Presidente Prudente;Reserva Legal Proposta;Analisado, aguardando regularização ambiental (Lei nº 12.651/2012);AT;0,6002
SP-3541406-891EDEE12E414FFFB21E9A72CC20A8BF;SP;Presidente Prudente;Reserva Legal Proposta;Analisado, aguardando regularização ambiental (Lei nº 12.651/2012);AT;0,9690
SP-3541406-896623FE94104867A5A5F82E0A483457;SP;Presidente Prudente;Reserva Legal Proposta;Analisado, em conformidade com a Lei nº 12.651/2012, com ativos ambientais;AT;0,6648
SP-3541406-89A4218C84BE4FD8A792598AC6FEDD3A;SP;Presidente Prudente;Reserva Legal Proposta;Analisado, em conformidade com a Lei nº 12.651/2012, com ativos ambientais;AT;0,8335
SP-3541406-8A59B135BA9747DB81226198300C4B31;SP;Presidente Prudente;Reserva Legal Proposta;Analisado, em conformidade com a Lei nº 12.651/2012, com ativos ambientais;AT;8,1256
SP-3541406-8AB902EE3D3C4123B49590A9971BBB23;SP;Presidente Prudente;Reserva Legal Proposta;Analisado, em conformidade com a Lei nº 12.651/2012, com ativos ambientais;AT;0,2169
SP-3541406-8AD64A528660498890A992C947C73F5F;SP;Presidente Prudente;Reserva Legal Proposta;Analisado, em conformidade com a Lei nº 12.651/2012, com ativos ambientais;AT;8,7722
SP-3541406-8B0C3F81768349C1A373DC24EBE3E612;SP;Presidente Prudente;Reserva Legal Proposta;Aguardando análise;AT;0,8058
SP-3541406-8B15D7FA4D9C42A794D399D313DC78FD;SP;Presidente Prudente;Reserva Legal Proposta;Analisado, aguardando regularização ambiental (Lei nº 12.651/2012);AT;3,2516
SP-3541406-8BC7374FCE5A47EDB1AAFEF2314EC5AF;SP;Presidente Prudente;Reserva Legal Proposta;Aguardando análise;AT;3,2915
SP-3541406-8C1F21A0E1C1416AA42A0E9CA6CA73F7;SP;Presidente Prudente;Reserva Legal Proposta;Analisado, em conformidade com a Lei nº 12.651/2012, com ativos ambientais;AT;2,2463
SP-3541406-8C743000C67341608BC672DF892572AC;SP;Presidente Prudente;Reserva Legal Proposta;Analisado, em conformidade com a Lei nº 12.651/2012, com ativos ambientais;AT;2,3627
SP-3541406-8C80D2497E7D48CBB99A7369F39F2892;SP;Presidente Prudente;Reserva Legal Proposta;Aguardando análise;AT;9,1230
SP-3541406-8D872B652E2646E9B3221D064F19E644;SP;Presidente Prudente;Reserva Legal Proposta;Aguardando análise;AT;2,2237
SP-3541406-8D9453C2DD3A4513A8DC76AEE440F896;SP;Presidente Prudente;Reserva Legal Proposta;Analisado, em conformidade com a Lei nº 12.651/2012, com ativos ambientais;AT;0,2993
SP-3541406-8E356C8948184BBFA5F61EE926D12504;SP;Presidente Prudente;Reserva Legal Proposta;Aguardando análise;AT;23,1692
SP-3541406-8E7B2DA4BD0E46D4A99DC1D16AD67D38;SP;Presidente Prudente;Reserva Legal Proposta;Aguardando análise;AT;0,0310
SP-3541406-8E7B2DA4BD0E46D4A99DC1D16AD67D38;SP;Presidente Prudente;Reserva Legal Proposta;Aguardando análise;AT;0,0612
SP-3541406-8E7B2DA4BD0E46D4A99DC1D16AD67D38;SP;Presidente Prudente;Reserva Legal Proposta;Aguardando análise;AT;0,2517
SP-3541406-8E7B2DA4BD0E46D4A99DC1D16AD67D38;SP;Presidente Prudente;Reserva Legal Proposta;Aguardando análise;AT;4,5214
SP-3541406-8EB98F6ED52346A28A6AF1F459B8EF42;SP;Presidente Prudente;Reserva Legal Proposta;Aguardando análise;AT;1,9163
SP-3541406-8ED53BCF1B934A5280187458E12D7D0D;SP;Presidente Prudente;Reserva Legal Proposta;Analisado, aguardando atendimento a notificação;AT;5,8997
SP-3541406-8EFDB33A7B7343DF94C5AD7DA27252FC;SP;Presidente Prudente;Reserva Legal Proposta;Aguardando análise;AT;4,5617
SP-3541406-8F2DF17E66A643508EC0634334AF68B3;SP;Presidente Prudente;Reserva Legal Proposta;Aguardando análise;AT;4,1225
SP-3541406-8F72FEE8ED5647368C107A3BBFFE4598;SP;Presidente Prudente;Reserva Legal Proposta;Analisado, em conformidade com a Lei nº 12.651/2012, com ativos ambientais;AT;0,1280
SP-3541406-8FCD7BF3F24449B88DB4EBF1946F16A4;SP;Presidente Prudente;Reserva Legal Proposta;Aguardando análise;AT;0,9216
SP-3541406-9009D11DED904AA4867ED43C68CD58AC;SP;Presidente Prudente;Reserva Legal Proposta;Analisado, em conformidade com a Lei nº 12.651/2012, com ativos ambientais;AT;1,0208
SP-3541406-90FA731F9F1A49D7877BE2372B5D07B2;SP;Presidente Prudente;Reserva Legal Proposta;Analisado, em conformidade com a Lei nº 12.651/2012, com ativos ambientais;AT;0,1210
SP-3541406-9183F02C957149EB8D15D61301E04A44;SP;Presidente Prudente;Reserva Legal Proposta;Analisado, aguardando regularização ambiental (Lei nº 12.651/2012);AT;6,4229
SP-3541406-91AC1FE4C1D748F7872ADD01DCF5CCF5;SP;Presidente Prudente;Reserva Legal Proposta;Aguardando análise, após revisão ou atendimento da notificação;AT;0,5628
SP-3541406-91F398DCDB5B4EF9B72CE9CD44F929B8;SP;Presidente Prudente;Reserva Legal Proposta;Aguardando análise, após revisão ou atendimento da notificação;AT;5,4936
SP-3541406-922ABBE678EB4F759D1C5A239AF7C661;SP;Presidente Prudente;Reserva Legal Proposta;Aguardando análise, após revisão ou atendimento da notificação;AT;0,7993
SP-3541406-92415B28FB814FCCB2905023A0A45260;SP;Presidente Prudente;Reserva Legal Proposta;Analisado, em conformidade com a Lei nº 12.651/2012, com ativos ambientais;AT;0,8400
SP-3541406-927437C34A2E45A68EC5EC7EEA5DCBD0;SP;Presidente Prudente;Reserva Legal Proposta;Analisado, em conformidade com a Lei nº 12.651/2012, com ativos ambientais;AT;0,9910
SP-3541406-93BA5DEEAD6D4684892E004F521DBDEF;SP;Presidente Prudente;Reserva Legal Proposta;Analisado, em conformidade com a Lei nº 12.651/2012, com ativos ambientais;AT;2,3492
SP-3541406-9426C4D4E07E4AF284EC0C136B0E95AC;SP;Presidente Prudente;Reserva Legal Proposta;Analisado, em conformidade com a Lei nº 12.651/2012, com ativos ambientais;AT;3,7958
SP-3541406-94D89F4A271C46E687E72B8EAD031EB4;SP;Presidente Prudente;Reserva Legal Proposta;Analisado, em conformidade com a Lei nº 12.651/2012, com ativos ambientais;AT;1,9670
SP-3541406-953C16B5806146839FD38BCEBA651962;SP;Presidente Prudente;Reserva Legal Proposta;Aguardando análise;AT;7,8144
SP-3541406-954AE252A92545C0BD28EC3751AEB45A;SP;Presidente Prudente;Reserva Legal Proposta;Analisado, aguardando regularização ambiental (Lei nº 12.651/2012);AT;0,2481
SP-3541406-954F4041E8594C8B8E0C708DEB271194;SP;Presidente Prudente;Reserva Legal Proposta;Aguardando análise;AT;1,6774
SP-3541406-958E3DD5A2D4426E91C72ED4E1F9D96E;SP;Presidente Prudente;Reserva Legal Proposta;Analisado, em conformidade com a Lei nº 12.651/2012, com ativos ambientais;AT;0,3034
SP-3541406-9593C0F52BDC4884805A7FED1C67E6A7;SP;Presidente Prudente;Reserva Legal Proposta;Aguardando análise;AT;1,9051
SP-3541406-95A4823A95B048BF9C7AC6461A06BED3;SP;Presidente Prudente;Reserva Legal Proposta;Analisado, aguardando atendimento a notificação;AT;0,1021
SP-3541406-95F1B5AD5F5448FFA801A140E6922013;SP;Presidente Prudente;Reserva Legal Proposta;Analisado, em conformidade com a Lei nº 12.651/2012, com ativos ambientais;AT;2,8934
SP-3541406-96AF30A2513C46259C586451F8E82EC0;SP;Presidente Prudente;Reserva Legal Proposta;Analisado, aguardando regularização ambiental (Lei nº 12.651/2012);AT;1,4559
SP-3541406-96B001A6BB4C431B9401F943711789D2;SP;Presidente Prudente;Reserva Legal Proposta;Aguardando análise;AT;1,6422
SP-3541406-96B001A6BB4C431B9401F943711789D2;SP;Presidente Prudente;Reserva Legal Proposta;Aguardando análise;AT;0,1414
SP-3541406-97914A22BEF644228CC75F8689970D7A;SP;Presidente Prudente;Reserva Legal Proposta;Analisado, em conformidade com a Lei nº 12.651/2012, com ativos ambientais;AT;1,6498
SP-3541406-97B7705B8B2049878474E8E34081B8E2;SP;Presidente Prudente;Reserva Legal Proposta;Analisado, em conformidade com a Lei nº 12.651/2012, com ativos ambientais;AT;2,1636
SP-3541406-97F7FBB194344C79B142129EED6D42F5;SP;Presidente Prudente;Reserva Legal Proposta;Aguardando análise;AT;11,3293
SP-3541406-97F7FBB194344C79B142129EED6D42F5;SP;Presidente Prudente;Reserva Legal Proposta;Aguardando análise;AT;17,0220
SP-3541406-982ED68675D148698DC43674DD770360;SP;Presidente Prudente;Reserva Legal Proposta;Analisado, em conformidade com a Lei nº 12.651/2012, com ativos ambientais;AT;2,3408
SP-3541406-990458DF76B94698A453AF1CD29242F9;SP;Presidente Prudente;Reserva Legal Proposta;Analisado, em conformidade com a Lei nº 12.651/2012, com ativos ambientais;AT;3,6047
SP-3541406-99741B28AD244F858425CB088790E787;SP;Presidente Prudente;Reserva Legal Proposta;Aguardando análise;AT;2,5394
SP-3541406-997C4B77D113430C8F914777C7B078C2;SP;Presidente Prudente;Reserva Legal Proposta;Analisado, em conformidade com a Lei nº 12.651/2012, com ativos ambientais;AT;0,9769
SP-3541406-9989C60EAC66419580A7D4EDF230AF03;SP;Presidente Prudente;Reserva Legal Proposta;Analisado, aguardando regularização ambiental (Lei nº 12.651/2012);AT;1,5183
SP-3541406-99C68C262FA04DC7A6221835FAE21D73;SP;Presidente Prudente;Reserva Legal Proposta;Aguardando análise;AT;6,9482
SP-3541406-99DCE3A4879D453EACB470FA0325822F;SP;Presidente Prudente;Reserva Legal Proposta;Aguardando análise;AT;0,3565
SP-3541406-9A04F1B534E94F3F8DE7BAE1298A4BBE;SP;Presidente Prudente;Reserva Legal Proposta;Aguardando análise, após revisão ou atendimento da notificação;AT;0,1218
SP-3541406-9A6A7D029F7F4BC1A7CE7D601F1DAB66;SP;Presidente Prudente;Reserva Legal Proposta;Analisado, aguardando atendimento a notificação;AT;1,1170
SP-3541406-9AA2FEAA3AE246969B4E81F781779CAC;SP;Presidente Prudente;Reserva Legal Proposta;Aguardando análise, após revisão ou atendimento da notificação;AT;0,8310
SP-3541406-9ADCC84CFADE451781C056328954CE8B;SP;Presidente Prudente;Reserva Legal Proposta;Analisado, em conformidade com a Lei nº 12.651/2012, com ativos ambientais;AT;1,7639
SP-3541406-9B61E3B4620B4EDBA73CC23C76A66102;SP;Presidente Prudente;Reserva Legal Proposta;Analisado, aguardando atendimento a notificação;AT;0,4889
SP-3541406-9B68C36F262C4C93A3D6449C0922E91B;SP;Presidente Prudente;Reserva Legal Proposta;Aguardando análise;AT;0,1254
SP-3541406-9B97ACF5E22D4B3BA2453E80FE133D5F;SP;Presidente Prudente;Reserva Legal Proposta;Aguardando análise;AT;3,3813
SP-3541406-9BBDF6F5657D43FD99657E0A52C3138D;SP;Presidente Prudente;Reserva Legal Proposta;Analisado, em conformidade com a Lei nº 12.651/2012, com ativos ambientais;AT;0,5537
SP-3541406-9C39B4F7273F4BE8B2009B0EBDE51494;SP;Presidente Prudente;Reserva Legal Proposta;Analisado, aguardando atendimento a notificação;AT;4,6464
SP-3541406-9C7A1DA116E6413887B0E834540FE727;SP;Presidente Prudente;Reserva Legal Proposta;Analisado, em regularização ambiental (Lei nº 12.651/2012);AT;5,0816
SP-3541406-9CF8B76BED4340F497C91F1A13D28D6F;SP;Presidente Prudente;Reserva Legal Proposta;Aguardando análise;AT;7,2044
SP-3541406-9D99DB7900F04F2FBF13D164F67BAC87;SP;Presidente Prudente;Reserva Legal Proposta;Aguardando análise;AT;1,2831
SP-3541406-9E226374C7BB4FCF8AE9A32962372655;SP;Presidente Prudente;Reserva Legal Proposta;Analisado, em conformidade com a Lei nº 12.651/2012, com ativos ambientais;AT;0,7945
SP-3541406-9E5666C0F4A04173A67A7B6E90B1A4D3;SP;Presidente Prudente;Reserva Legal Proposta;Analisado, aguardando regularização ambiental (Lei nº 12.651/2012);AT;1,9693
SP-3541406-9E5B4A6A65C4459AAD05574E8528710B;SP;Presidente Prudente;Reserva Legal Proposta;Aguardando análise;AT;2,5634
SP-3541406-9E7DA377E3EB4BC7AD41B8660D96ED42;SP;Presidente Prudente;Reserva Legal Proposta;Aguardando análise;AT;5,1299
SP-3541406-9EE211F424124910A8F2AF623D7C7352;SP;Presidente Prudente;Reserva Legal Proposta;Analisado, aguardando regularização ambiental (Lei nº 12.651/2012);AT;0,4843
SP-3541406-9FEDE133D63F43EEAA4B0D0D9FE07619;SP;Presidente Prudente;Reserva Legal Proposta;Aguardando análise, após revisão ou atendimento da notificação;AT;72,7151
SP-3541406-9FEDE133D63F43EEAA4B0D0D9FE07619;SP;Presidente Prudente;Reserva Legal Proposta;Aguardando análise, após revisão ou atendimento da notificação;AT;45,3384
SP-3541406-9FEDE133D63F43EEAA4B0D0D9FE07619;SP;Presidente Prudente;Reserva Legal Proposta;Aguardando análise, após revisão ou atendimento da notificação;AT;15,2321
SP-3541406-9FEDE133D63F43EEAA4B0D0D9FE07619;SP;Presidente Prudente;Reserva Legal Proposta;Aguardando análise, após revisão ou atendimento da notificação;AT;3,2125
SP-3541406-9FEDE133D63F43EEAA4B0D0D9FE07619;SP;Presidente Prudente;Reserva Legal Proposta;Aguardando análise, após revisão ou atendimento da notificação;AT;5,1106
SP-3541406-9FEDE133D63F43EEAA4B0D0D9FE07619;SP;Presidente Prudente;Reserva Legal Proposta;Aguardando análise, após revisão ou atendimento da notificação;AT;2,4824
SP-3541406-9FEDE133D63F43EEAA4B0D0D9FE07619;SP;Presidente Prudente;Reserva Legal Proposta;Aguardando análise, após revisão ou atendimento da notificação;AT;0,7272
SP-3541406-9FEDE133D63F43EEAA4B0D0D9FE07619;SP;Presidente Prudente;Reserva Legal Proposta;Aguardando análise, após revisão ou atendimento da notificação;AT;1,2019
SP-3541406-9FEDE133D63F43EEAA4B0D0D9FE07619;SP;Presidente Prudente;Reserva Legal Proposta;Aguardando análise, após revisão ou atendimento da notificação;AT;1,8182
SP-3541406-9FEDE133D63F43EEAA4B0D0D9FE07619;SP;Presidente Prudente;Reserva Legal Proposta;Aguardando análise, após revisão ou atendimento da notificação;AT;5,7910
SP-3541406-9FEDE133D63F43EEAA4B0D0D9FE07619;SP;Presidente Prudente;Reserva Legal Proposta;Aguardando análise, após revisão ou atendimento da notificação;AT;6,1217
SP-3541406-9FEDE133D63F43EEAA4B0D0D9FE07619;SP;Presidente Prudente;Reserva Legal Proposta;Aguardando análise, após revisão ou atendimento da notificação;AT;15,4940
SP-3541406-9FEDE133D63F43EEAA4B0D0D9FE07619;SP;Presidente Prudente;Reserva Legal Proposta;Aguardando análise, após revisão ou atendimento da notificação;AT;15,8747
SP-3541406-9FEDE133D63F43EEAA4B0D0D9FE07619;SP;Presidente Prudente;Reserva Legal Proposta;Aguardando análise, após revisão ou atendimento da notificação;AT;0,4010
SP-3541406-9FEDE133D63F43EEAA4B0D0D9FE07619;SP;Presidente Prudente;Reserva Legal Proposta;Aguardando análise, após revisão ou atendimento da notificação;AT;1,5401
SP-3541406-9FEDE133D63F43EEAA4B0D0D9FE07619;SP;Presidente Prudente;Reserva Legal Proposta;Aguardando análise, após revisão ou atendimento da notificação;AT;2,3612
SP-3541406-9FEDE133D63F43EEAA4B0D0D9FE07619;SP;Presidente Prudente;Reserva Legal Proposta;Aguardando análise, após revisão ou atendimento da notificação;AT;4,2700
SP-3541406-9FEDE133D63F43EEAA4B0D0D9FE07619;SP;Presidente Prudente;Reserva Legal Proposta;Aguardando análise, após revisão ou atendimento da notificação;AT;35,3219
SP-3541406-9FEDE133D63F43EEAA4B0D0D9FE07619;SP;Presidente Prudente;Reserva Legal Proposta;Aguardando análise, após revisão ou atendimento da notificação;AT;3,1506
SP-3541406-9FEDE133D63F43EEAA4B0D0D9FE07619;SP;Presidente Prudente;Reserva Legal Proposta;Aguardando análise, após revisão ou atendimento da notificação;AT;2,8822
SP-3541406-A08AE06B01E04A378B740202386394E4;SP;Presidente Prudente;Reserva Legal Proposta;Analisado, aguardando regularização ambiental (Lei nº 12.651/2012);AT;12,9510
SP-3541406-A0E7E9A29A7B4D3D971D17676EF28C1B;SP;Presidente Prudente;Reserva Legal Proposta;Analisado, em conformidade com a Lei nº 12.651/2012, com ativos ambientais;AT;0,6051
SP-3541406-A10E0E0D49DE483FA8244F09A7EB47AF;SP;Presidente Prudente;Reserva Legal Proposta;Analisado, aguardando atendimento a notificação;AT;2,4677
SP-3541406-A13F3BDE0E154548B1A30CBCAA59AB5B;SP;Presidente Prudente;Reserva Legal Proposta;Aguardando análise;AT;6,2332
SP-3541406-A1EA08389F634FADBB6B85A048FE9D47;SP;Presidente Prudente;Reserva Legal Proposta;Aguardando análise;AT;4,0647
SP-3541406-A2B1F4ACBAD74BB39C9E9AC105A8950D;SP;Presidente Prudente;Reserva Legal Proposta;Analisado, em conformidade com a Lei nº 12.651/2012, com ativos ambientais;AT;0,1913
SP-3541406-A2C29F9198994E40B5CA96DBEF715F1A;SP;Presidente Prudente;Reserva Legal Proposta;Aguardando análise;AT;2,6444
SP-3541406-A318E46F974247CAA9E7EF75D346CDBC;SP;Presidente Prudente;Reserva Legal Proposta;Analisado, em conformidade com a Lei nº 12.651/2012, com ativos ambientais;AT;0,4362
SP-3541406-A4F1B9009C604A30B0E8F7BD50D1668B;SP;Presidente Prudente;Reserva Legal Proposta;Analisado, em conformidade com a Lei nº 12.651/2012, com ativos ambientais;AT;0,2783
SP-3541406-A706249A1CEA433993E66DE97D27B2FF;SP;Presidente Prudente;Reserva Legal Proposta;Analisado, aguardando regularização ambiental (Lei nº 12.651/2012);AT;0,0010
SP-3541406-A70A36FA4E7646B98B55CF4C7ED508AF;SP;Presidente Prudente;Reserva Legal Proposta;Analisado, em conformidade com a Lei nº 12.651/2012, com ativos ambientais;AT;0,1076
SP-3541406-A7943F0C86F748F293FB627519B6450B;SP;Presidente Prudente;Reserva Legal Proposta;Aguardando análise;AT;1,2446
SP-3541406-A84E9A16CDF14A948918ED35C1E7FFB0;SP;Presidente Prudente;Reserva Legal Proposta;Analisado, em conformidade com a Lei nº 12.651/2012, com ativos ambientais;AT;0,2736
SP-3541406-A86F6E604F584B998436AE7FE2286455;SP;Presidente Prudente;Reserva Legal Proposta;Analisado, em conformidade com a Lei nº 12.651/2012, com ativos ambientais;AT;1,1431
SP-3541406-A8B1166FA0D24AE7961D7B43C60EDCAA;SP;Presidente Prudente;Reserva Legal Proposta;Analisado, aguardando regularização ambiental (Lei nº 12.651/2012);AT;7,1400
SP-3541406-A8C2A1972C504DBC911F2AA4D0904D9D;SP;Presidente Prudente;Reserva Legal Proposta;Aguardando análise;AT;1,0524
SP-3541406-A8C51F009A884D3989F227786462E3AD;SP;Presidente Prudente;Reserva Legal Proposta;Analisado, em conformidade com a Lei nº 12.651/2012, com ativos ambientais;AT;3,8808
SP-3541406-A8CA39E038EC44F89276109EAC401199;SP;Presidente Prudente;Reserva Legal Proposta;Analisado, aguardando atendimento a notificação;AT;0,3308
SP-3541406-A9768B38F4BD452684FEE4F762735F5A;SP;Presidente Prudente;Reserva Legal Proposta;Aguardando análise;AT;42,2670
SP-3541406-A976C8E5B3D245339906D8FC126B5683;SP;Presidente Prudente;Reserva Legal Proposta;Analisado, aguardando atendimento a notificação;AT;3,1863
SP-3541406-A9B397AB4CA24F2D801F0C1A00B95C9F;SP;Presidente Prudente;Reserva Legal Proposta;Analisado, aguardando atendimento a notificação;AT;1,8689
SP-3541406-A9F3DA3FBF5248E88B31FC2FE0DD1B1E;SP;Presidente Prudente;Reserva Legal Proposta;Analisado, aguardando regularização ambiental (Lei nº 12.651/2012);AT;0,1998
SP-3541406-AA0504F6CB3A48D98E68E975ED1681AC;SP;Presidente Prudente;Reserva Legal Proposta;Analisado, em conformidade com a Lei nº 12.651/2012, com ativos ambientais;AT;1,1981
SP-3541406-AA70505184EC4BF58B5B49B6B3456340;SP;Presidente Prudente;Reserva Legal Proposta;Aguardando análise;AT;17,5504
SP-3541406-AA70505184EC4BF58B5B49B6B3456340;SP;Presidente Prudente;Reserva Legal Proposta;Aguardando análise;AT;10,2624
SP-3541406-AA70505184EC4BF58B5B49B6B3456340;SP;Presidente Prudente;Reserva Legal Proposta;Aguardando análise;AT;0,1924
SP-3541406-AA721AC51EB14992AA65BC43EE0C7C24;SP;Presidente Prudente;Reserva Legal Proposta;Analisado, aguardando regularização ambiental (Lei nº 12.651/2012);AT;3,4444
SP-3541406-AA83CD64A9CD4D07A659F0221E91E898;SP;Presidente Prudente;Reserva Legal Proposta;Analisado, em conformidade com a Lei nº 12.651/2012, com ativos ambientais;AT;8,1605
SP-3541406-AAC4161A0A39480B9A63A345E50073D7;SP;Presidente Prudente;Reserva Legal Proposta;Aguardando análise;AT;0,6069
SP-3541406-AB3C5DDBC10B4585850DD69DAD6B0852;SP;Presidente Prudente;Reserva Legal Proposta;Analisado, aguardando regularização ambiental (Lei nº 12.651/2012);AT;1,4485
SP-3541406-AB424F2AAF4344C08BF185BAAC1BB82D;SP;Presidente Prudente;Reserva Legal Proposta;Analisado, em conformidade com a Lei nº 12.651/2012, com ativos ambientais;AT;2,9921
SP-3541406-AB79289BE4AF4D9B9FE504388890E6DA;SP;Presidente Prudente;Reserva Legal Proposta;Aguardando análise;AT;0,9377
SP-3541406-AD04A56666894A7AAD77FF98EA37BD9E;SP;Presidente Prudente;Reserva Legal Proposta;Analisado, aguardando regularização ambiental (Lei nº 12.651/2012);AT;1,6665
SP-3541406-AD5E9AB13A7F4FD8852E99A870A14DEB;SP;Presidente Prudente;Reserva Legal Proposta;Analisado, aguardando regularização ambiental (Lei nº 12.651/2012);AT;6,5240
SP-3541406-ADC0D2B429C542EFA1F555457996ACC9;SP;Presidente Prudente;Reserva Legal Proposta;Aguardando análise;AT;3,9217
SP-3541406-ADEE69CD8FEF46BF806D32DA4C951893;SP;Presidente Prudente;Reserva Legal Proposta;Analisado, em conformidade com a Lei nº 12.651/2012, com ativos ambientais;AT;4,0284
SP-3541406-AE8F26F5E5D04ABD999D783957FB4D38;SP;Presidente Prudente;Reserva Legal Proposta;Aguardando análise, após revisão ou atendimento da notificação;AT;0,1997
SP-3541406-AE8F26F5E5D04ABD999D783957FB4D38;SP;Presidente Prudente;Reserva Legal Proposta;Aguardando análise, após revisão ou atendimento da notificação;AT;0,2812
SP-3541406-AE8F26F5E5D04ABD999D783957FB4D38;SP;Presidente Prudente;Reserva Legal Proposta;Aguardando análise, após revisão ou atendimento da notificação;AT;0,3703
SP-3541406-AE8F26F5E5D04ABD999D783957FB4D38;SP;Presidente Prudente;Reserva Legal Proposta;Aguardando análise, após revisão ou atendimento da notificação;AT;0,2844
SP-3541406-AE8F26F5E5D04ABD999D783957FB4D38;SP;Presidente Prudente;Reserva Legal Proposta;Aguardando análise, após revisão ou atendimento da notificação;AT;0,1408
SP-3541406-AE8F26F5E5D04ABD999D783957FB4D38;SP;Presidente Prudente;Reserva Legal Proposta;Aguardando análise, após revisão ou atendimento da notificação;AT;0,1008
SP-3541406-AEA8789053F24E7790AA1D5F6945BD53;SP;Presidente Prudente;Reserva Legal Proposta;Aguardando análise;AT;6,3953
SP-3541406-AF53A5B48CCC4891A5D438E9691F56D4;SP;Presidente Prudente;Reserva Legal Proposta;Analisado, em conformidade com a Lei nº 12.651/2012, com ativos ambientais;AT;1,9130
SP-3541406-AF8F4E7DCC16421E867E5AE1D22A0E8C;SP;Presidente Prudente;Reserva Legal Proposta;Analisado, aguardando regularização ambiental (Lei nº 12.651/2012);AT;17,4633
SP-3541406-AFE160397E1243D9A08748C9046B0A39;SP;Presidente Prudente;Reserva Legal Proposta;Analisado, aguardando regularização ambiental (Lei nº 12.651/2012);AT;4,4363
SP-3541406-AFF30399ADFB48168A65563959E1D3D3;SP;Presidente Prudente;Reserva Legal Proposta;Analisado, aguardando atendimento a notificação;AT;1,4257
SP-3541406-B0B11763910C4B179CC39EF5BA8C3983;SP;Presidente Prudente;Reserva Legal Proposta;Analisado, aguardando regularização ambiental (Lei nº 12.651/2012);AT;0,2352
SP-3541406-B11F399992CF4BBFB37F92447C98D857;SP;Presidente Prudente;Reserva Legal Proposta;Analisado, em conformidade com a Lei nº 12.651/2012, com ativos ambientais;AT;1,3127
SP-3541406-B1E88D3BC9A14360BE27E0BA112F5666;SP;Presidente Prudente;Reserva Legal Proposta;Analisado, aguardando atendimento a notificação;AT;2,3112
SP-3541406-B1FD5DB54E8B4E4BA4AA8240E8BFF916;SP;Presidente Prudente;Reserva Legal Proposta;Analisado, aguardando regularização ambiental (Lei nº 12.651/2012);AT;0,3532
SP-3541406-B2233DB1AD534D1EB92769961BBB31A0;SP;Presidente Prudente;Reserva Legal Proposta;Analisado, em conformidade com a Lei nº 12.651/2012, com ativos ambientais;AT;0,4557
SP-3541406-B248E085369E47609316BBAB43C813EA;SP;Presidente Prudente;Reserva Legal Proposta;Analisado, aguardando regularização ambiental (Lei nº 12.651/2012);AT;0,3130
SP-3541406-B250560536704090A361CEC86FF5479F;SP;Presidente Prudente;Reserva Legal Proposta;Analisado, aguardando regularização ambiental (Lei nº 12.651/2012);AT;0,0948
SP-3541406-B2F3066FA1974B408CD306A9EC621521;SP;Presidente Prudente;Reserva Legal Proposta;Analisado, em conformidade com a Lei nº 12.651/2012, com ativos ambientais;AT;0,1842
SP-3541406-B35850E2B96A418C9D5FD2F276CB93D6;SP;Presidente Prudente;Reserva Legal Proposta;Analisado, em conformidade com a Lei nº 12.651/2012;AT;0,3006
SP-3541406-B49DE80E5FA7474F9C9E3FA5FD4C493B;SP;Presidente Prudente;Reserva Legal Proposta;Aguardando análise;AT;13,8250
SP-3541406-B4AD8500228A4EDF93ACA00552EB49D5;SP;Presidente Prudente;Reserva Legal Proposta;Analisado, em conformidade com a Lei nº 12.651/2012, com ativos ambientais;AT;0,3180
SP-3541406-B51B387637B540E19F35021DF6826703;SP;Presidente Prudente;Reserva Legal Proposta;Analisado, aguardando regularização ambiental (Lei nº 12.651/2012);AT;4,8313
SP-3541406-B52FFAFA6AD14CF9AFCE7F45373F2FAD;SP;Presidente Prudente;Reserva Legal Proposta;Analisado, em conformidade com a Lei nº 12.651/2012, com ativos ambientais;AT;4,5296
SP-3541406-B55BAE8877524D44891C89143795AC14;SP;Presidente Prudente;Reserva Legal Proposta;Aguardando análise;AT;1,4210
SP-3541406-B608B806A4B5494BA2EC3461DA212180;SP;Presidente Prudente;Reserva Legal Proposta;Analisado, em conformidade com a Lei nº 12.651/2012, com ativos ambientais;AT;0,5015
SP-3541406-B674D25355E841E69B0F10777FD992A0;SP;Presidente Prudente;Reserva Legal Proposta;Analisado, em conformidade com a Lei nº 12.651/2012, com ativos ambientais;AT;0,8215
SP-3541406-B6D6C1978F5D43FAB05B71B29BED74F0;SP;Presidente Prudente;Reserva Legal Proposta;Analisado, em conformidade com a Lei nº 12.651/2012, com ativos ambientais;AT;0,1364
SP-3541406-B73027C46CDE4091AAD99FECC46AA9ED;SP;Presidente Prudente;Reserva Legal Proposta;Analisado, em conformidade com a Lei nº 12.651/2012, com ativos ambientais;AT;2,9846
SP-3541406-B74EBFB22F12408B9CAD1109CDECB24C;SP;Presidente Prudente;Reserva Legal Proposta;Analisado, em conformidade com a Lei nº 12.651/2012, com ativos ambientais;AT;0,1581
SP-3541406-B7BB232F9BB64CE4ABB0A4927FC20F15;SP;Presidente Prudente;Reserva Legal Proposta;Analisado, em conformidade com a Lei nº 12.651/2012, com ativos ambientais;AT;4,2114
SP-3541406-B7F54BC3C349459D8EBE825698277BD9;SP;Presidente Prudente;Reserva Legal Proposta;Aguardando análise, após revisão ou atendimento da notificação;AT;0,0714
SP-3541406-B814EC3AA6B341C9AC23565C9CDB84DC;SP;Presidente Prudente;Reserva Legal Proposta;Aguardando análise;AT;1,1164
SP-3541406-B83C1DCF773C428BA586F7670BDA9242;SP;Presidente Prudente;Reserva Legal Proposta;Analisado, aguardando regularização ambiental (Lei nº 12.651/2012);AT;1,7426
SP-3541406-B858993C3B844344B8C4908CA47D7CEB;SP;Presidente Prudente;Reserva Legal Proposta;Aguardando análise, após revisão ou atendimento da notificação;AT;3,8243
SP-3541406-B8B4DFDBBCA947D3A94B23B2C42FDF7A;SP;Presidente Prudente;Reserva Legal Proposta;Analisado, em conformidade com a Lei nº 12.651/2012, com ativos ambientais;AT;0,3130
SP-3541406-B8CDE0BE95C544DC90156BE9A16382D8;SP;Presidente Prudente;Reserva Legal Proposta;Aguardando análise, após revisão ou atendimento da notificação;AT;0,5668
SP-3541406-B8E0A51BA9274F3C8D83C67870DC0CED;SP;Presidente Prudente;Reserva Legal Proposta;Analisado, aguardando regularização ambiental (Lei nº 12.651/2012);AT;3,2216
SP-3541406-B8E43268883D4A0781D956A4827147EB;SP;Presidente Prudente;Reserva Legal Proposta;Aguardando análise;AT;4,3650
SP-3541406-B8ED71718F834BC188BFEFE5369774E2;SP;Presidente Prudente;Reserva Legal Proposta;Analisado, aguardando atendimento a notificação;AT;3,4791
SP-3541406-B91A2FF78C7C4C7B9FCCB950BCCADC28;SP;Presidente Prudente;Reserva Legal Proposta;Analisado, aguardando regularização ambiental (Lei nº 12.651/2012);AT;0,4871
SP-3541406-B936FA1D36DE4A7EB836428598B875E8;SP;Presidente Prudente;Reserva Legal Proposta;Analisado, aguardando regularização ambiental (Lei nº 12.651/2012);AT;2,6519
SP-3541406-B95C74B9C055494AA220D821603FF711;SP;Presidente Prudente;Reserva Legal Proposta;Aguardando análise, após revisão ou atendimento da notificação;AT;53,3313
SP-3541406-B9C1B694CED5411DB01DC8154DD08353;SP;Presidente Prudente;Reserva Legal Proposta;Aguardando análise;AT;0,0705
SP-3541406-B9C1B694CED5411DB01DC8154DD08353;SP;Presidente Prudente;Reserva Legal Proposta;Aguardando análise;AT;6,1311
SP-3541406-B9C1B694CED5411DB01DC8154DD08353;SP;Presidente Prudente;Reserva Legal Proposta;Aguardando análise;AT;3,6160
SP-3541406-B9C1B694CED5411DB01DC8154DD08353;SP;Presidente Prudente;Reserva Legal Proposta;Aguardando análise;AT;2,3973
SP-3541406-B9C1B694CED5411DB01DC8154DD08353;SP;Presidente Prudente;Reserva Legal Proposta;Aguardando análise;AT;2,1493
SP-3541406-B9C1B694CED5411DB01DC8154DD08353;SP;Presidente Prudente;Reserva Legal Proposta;Aguardando análise;AT;0,2254
SP-3541406-B9C1B694CED5411DB01DC8154DD08353;SP;Presidente Prudente;Reserva Legal Proposta;Aguardando análise;AT;0,1906
SP-3541406-B9C1B694CED5411DB01DC8154DD08353;SP;Presidente Prudente;Reserva Legal Proposta;Aguardando análise;AT;0,1300
SP-3541406-B9C1B694CED5411DB01DC8154DD08353;SP;Presidente Prudente;Reserva Legal Proposta;Aguardando análise;AT;0,0989
SP-3541406-B9C1B694CED5411DB01DC8154DD08353;SP;Presidente Prudente;Reserva Legal Proposta;Aguardando análise;AT;0,0811
SP-3541406-B9C1B694CED5411DB01DC8154DD08353;SP;Presidente Prudente;Reserva Legal Proposta;Aguardando análise;AT;0,0668
SP-3541406-B9C1B694CED5411DB01DC8154DD08353;SP;Presidente Prudente;Reserva Legal Proposta;Aguardando análise;AT;1,9492
SP-3541406-B9C1B694CED5411DB01DC8154DD08353;SP;Presidente Prudente;Reserva Legal Proposta;Aguardando análise;AT;0,3915
SP-3541406-B9C1B694CED5411DB01DC8154DD08353;SP;Presidente Prudente;Reserva Legal Proposta;Aguardando análise;AT;0,0231
SP-3541406-B9C1B694CED5411DB01DC8154DD08353;SP;Presidente Prudente;Reserva Legal Proposta;Aguardando análise;AT;0,0318
SP-3541406-B9C1B694CED5411DB01DC8154DD08353;SP;Presidente Prudente;Reserva Legal Proposta;Aguardando análise;AT;0,0083
SP-3541406-B9C1B694CED5411DB01DC8154DD08353;SP;Presidente Prudente;Reserva Legal Proposta;Aguardando análise;AT;0,0091
SP-3541406-B9C1B694CED5411DB01DC8154DD08353;SP;Presidente Prudente;Reserva Legal Proposta;Aguardando análise;AT;0,0091
SP-3541406-B9C1B694CED5411DB01DC8154DD08353;SP;Presidente Prudente;Reserva Legal Proposta;Aguardando análise;AT;0,0041
SP-3541406-B9C1B694CED5411DB01DC8154DD08353;SP;Presidente Prudente;Reserva Legal Proposta;Aguardando análise;AT;0,0107
SP-3541406-B9C1B694CED5411DB01DC8154DD08353;SP;Presidente Prudente;Reserva Legal Proposta;Aguardando análise;AT;0,0122
SP-3541406-B9C1B694CED5411DB01DC8154DD08353;SP;Presidente Prudente;Reserva Legal Proposta;Aguardando análise;AT;0,0094
SP-3541406-B9C1B694CED5411DB01DC8154DD08353;SP;Presidente Prudente;Reserva Legal Proposta;Aguardando análise;AT;0,0192
SP-3541406-B9C1B694CED5411DB01DC8154DD08353;SP;Presidente Prudente;Reserva Legal Proposta;Aguardando análise;AT;0,0061
SP-3541406-B9C1B694CED5411DB01DC8154DD08353;SP;Presidente Prudente;Reserva Legal Proposta;Aguardando análise;AT;0,0061
SP-3541406-B9C1B694CED5411DB01DC8154DD08353;SP;Presidente Prudente;Reserva Legal Proposta;Aguardando análise;AT;0,0440
SP-3541406-B9EB1E5A702B40D6B648A16AB4C1B88F;SP;Presidente Prudente;Reserva Legal Proposta;Aguardando análise;AT;3,1453
SP-3541406-BA70089699C14582A5DBA53EA2BF9CB7;SP;Presidente Prudente;Reserva Legal Proposta;Aguardando análise, após revisão ou atendimento da notificação;AT;4,8042
SP-3541406-BA8057E0471449FB8785809D5C67B3D5;SP;Presidente Prudente;Reserva Legal Proposta;Analisado, aguardando regularização ambiental (Lei nº 12.651/2012);AT;6,4616
SP-3541406-BB2AA55EC4014FC683F59C0E7BB7AEB0;SP;Presidente Prudente;Reserva Legal Proposta;Analisado, em conformidade com a Lei nº 12.651/2012, com ativos ambientais;AT;2,3611
SP-3541406-BB36D92A30824579951B26FF118F85A1;SP;Presidente Prudente;Reserva Legal Proposta;Analisado, em conformidade com a Lei nº 12.651/2012, com ativos ambientais;AT;0,6271
SP-3541406-BB4851A36B8F4B2E9AD7B9FDE9AD2E82;SP;Presidente Prudente;Reserva Legal Proposta;Analisado, em conformidade com a Lei nº 12.651/2012, com ativos ambientais;AT;0,4640
SP-3541406-BB763D6A581A45AF8C993D923AD6756F;SP;Presidente Prudente;Reserva Legal Proposta;Analisado, aguardando regularização ambiental (Lei nº 12.651/2012);AT;0,1962
SP-3541406-BBA70379FEC045D88007CF39DFADCFB5;SP;Presidente Prudente;Reserva Legal Proposta;Aguardando análise;AT;1,9305
SP-3541406-BD25310C0D9F40ACA91F20A996E8AE31;SP;Presidente Prudente;Reserva Legal Proposta;Analisado, em conformidade com a Lei nº 12.651/2012, com ativos ambientais;AT;1,8493
SP-3541406-BD2557FAE8C14BB996CD73FC351BE0BC;SP;Presidente Prudente;Reserva Legal Proposta;Analisado, aguardando regularização ambiental (Lei nº 12.651/2012);AT;1,7233
SP-3541406-BD3C5935C1964DF496FBE492AE9E1835;SP;Presidente Prudente;Reserva Legal Proposta;Analisado, em conformidade com a Lei nº 12.651/2012, com ativos ambientais;AT;2,4821
SP-3541406-BDB063BFD073449C940F50E828601BC5;SP;Presidente Prudente;Reserva Legal Proposta;Analisado, em conformidade com a Lei nº 12.651/2012, com ativos ambientais;AT;5,3441
SP-3541406-BE33A16142694DE7A8A142C2E6345B64;SP;Presidente Prudente;Reserva Legal Proposta;Aguardando análise;AT;3,1908
SP-3541406-BE3406E93BFA4851B0A52B26C5BAFF8B;SP;Presidente Prudente;Reserva Legal Proposta;Analisado, em conformidade com a Lei nº 12.651/2012, com ativos ambientais;AT;0,2156
SP-3541406-BE39ABEB5E07472B87C3C99925125605;SP;Presidente Prudente;Reserva Legal Proposta;Analisado, em conformidade com a Lei nº 12.651/2012, com ativos ambientais;AT;6,6701
SP-3541406-BE6FCF94512641889E8A580C0BC67172;SP;Presidente Prudente;Reserva Legal Proposta;Analisado, aguardando regularização ambiental (Lei nº 12.651/2012);AT;4,1264
SP-3541406-BF1D4C9E43224EECB15465FCCC276B55;SP;Presidente Prudente;Reserva Legal Proposta;Aguardando análise;AT;0,7021
SP-3541406-BF52DA2DFA764F5C9EE530977320A1AA;SP;Presidente Prudente;Reserva Legal Proposta;Analisado, em conformidade com a Lei nº 12.651/2012, com ativos ambientais;AT;4,9874
SP-3541406-BFECDACE19AD4F5EA1D15401EBE64CDF;SP;Presidente Prudente;Reserva Legal Proposta;Aguardando análise;AT;0,3052
SP-3541406-C027EBBD489049E18D2A23ECC102EDC9;SP;Presidente Prudente;Reserva Legal Proposta;Aguardando análise;AT;5,3111
SP-3541406-C1C0CB2F98EC4DB384DDBDE57209505D;SP;Presidente Prudente;Reserva Legal Proposta;Analisado, aguardando atendimento a notificação;AT;5,5111
SP-3541406-C1E6D03765DE4CAFAF696252240395DA;SP;Presidente Prudente;Reserva Legal Proposta;Analisado, em conformidade com a Lei nº 12.651/2012, com ativos ambientais;AT;0,1331
SP-3541406-C3C904DCEAED4B479715170CBB8C595F;SP;Presidente Prudente;Reserva Legal Proposta;Aguardando análise;AT;3,7526
SP-3541406-C3E04A69A59E4450ABEFCD22D4A5B8A8;SP;Presidente Prudente;Reserva Legal Proposta;Analisado, em conformidade com a Lei nº 12.651/2012, com ativos ambientais;AT;0,7912
SP-3541406-C3E600412F6C48B492F72CB88DB81BCD;SP;Presidente Prudente;Reserva Legal Proposta;Analisado, em conformidade com a Lei nº 12.651/2012, com ativos ambientais;AT;1,0245
SP-3541406-C3EFBABAB1EB416893CE81C81B1B4C36;SP;Presidente Prudente;Reserva Legal Proposta;Aguardando análise;AT;7,5953
SP-3541406-C40823AD226148C6A97F9722E3307E50;SP;Presidente Prudente;Reserva Legal Proposta;Aguardando análise;AT;250,4893
SP-3541406-C42A5E5B5C8B44CFBBDF2C45AB9251CA;SP;Presidente Prudente;Reserva Legal Proposta;Analisado, aguardando regularização ambiental (Lei nº 12.651/2012);AT;16,0843
SP-3541406-C4CA6FB3B6BD4A8C9E700EDF52A6C78B;SP;Presidente Prudente;Reserva Legal Proposta;Analisado, aguardando regularização ambiental (Lei nº 12.651/2012);AT;0,0335
SP-3541406-C5811853C42842DCAE279DE6AED272B1;SP;Presidente Prudente;Reserva Legal Proposta;Analisado, em conformidade com a Lei nº 12.651/2012, com ativos ambientais;AT;1,8190
SP-3541406-C5E84EC77DFA47C483EC0559CAECABDC;SP;Presidente Prudente;Reserva Legal Proposta;Analisado, aguardando regularização ambiental (Lei nº 12.651/2012);AT;0,9412
SP-3541406-C656A498027E4EFEBBADB9978F4014C7;SP;Presidente Prudente;Reserva Legal Proposta;Analisado, em conformidade com a Lei nº 12.651/2012;AT;0,0023
SP-3541406-C656A498027E4EFEBBADB9978F4014C7;SP;Presidente Prudente;Reserva Legal Proposta;Analisado, em conformidade com a Lei nº 12.651/2012;AT;0,0077
SP-3541406-C656A498027E4EFEBBADB9978F4014C7;SP;Presidente Prudente;Reserva Legal Proposta;Analisado, em conformidade com a Lei nº 12.651/2012;AT;0,0618
SP-3541406-C656A498027E4EFEBBADB9978F4014C7;SP;Presidente Prudente;Reserva Legal Proposta;Analisado, em conformidade com a Lei nº 12.651/2012;AT;0,0026
SP-3541406-C66714A4CA57481792DCC639B25653D5;SP;Presidente Prudente;Reserva Legal Proposta;Aguardando análise, após revisão ou atendimento da notificação;AT;0,6610
SP-3541406-C69B150751184B83AD08F8D290786716;SP;Presidente Prudente;Reserva Legal Proposta;Analisado, em conformidade com a Lei nº 12.651/2012, com ativos ambientais;AT;0,9804
SP-3541406-C6E79C3201BB4902BBE36CC015BDA6EF;SP;Presidente Prudente;Reserva Legal Proposta;Analisado, aguardando regularização ambiental (Lei nº 12.651/2012);AT;0,1183
SP-3541406-C70AEC0C9D3E44BEAF6DFE230BFFC29C;SP;Presidente Prudente;Reserva Legal Proposta;Analisado, em conformidade com a Lei nº 12.651/2012, com ativos ambientais;AT;3,4197
SP-3541406-C732E0AE58D3434C9C6AB22A7CAE15D9;SP;Presidente Prudente;Reserva Legal Proposta;Aguardando análise;AT;4,2309
SP-3541406-C774F46FEAAD4F11948E955908DA1B26;SP;Presidente Prudente;Reserva Legal Proposta;Analisado, aguardando regularização ambiental (Lei nº 12.651/2012);AT;0,6439
SP-3541406-C80F81D0533A493AB6CA63D8ECD7B619;SP;Presidente Prudente;Reserva Legal Proposta;Analisado, em conformidade com a Lei nº 12.651/2012, com ativos ambientais;AT;0,2691
SP-3541406-C85AD81D24F0443F8425AF2ECE2104D4;SP;Presidente Prudente;Reserva Legal Proposta;Aguardando análise;AT;2,4878
SP-3541406-C8B6578B5EF546B38461357A4C461B58;SP;Presidente Prudente;Reserva Legal Proposta;Analisado, aguardando atendimento a notificação;AT;6,5246
SP-3541406-C8E57F87DDD4452FA870F79BD2686DAC;SP;Presidente Prudente;Reserva Legal Proposta;Analisado, aguardando regularização ambiental (Lei nº 12.651/2012);AT;13,3592
SP-3541406-C91E8E6275954AE1922200682B5F1B8F;SP;Presidente Prudente;Reserva Legal Proposta;Aguardando análise;AT;0,9466
SP-3541406-C9DE08D5DED14D1686D4CF799A004293;SP;Presidente Prudente;Reserva Legal Proposta;Analisado, em conformidade com a Lei nº 12.651/2012, com ativos ambientais;AT;21,9682
SP-3541406-CA11BAD16FFC44D0ABA7B0C76382AA17;SP;Presidente Prudente;Reserva Legal Proposta;Aguardando análise;AT;2,4520
SP-3541406-CA6221ACB9A349FFA5DBA7F06C0D1898;SP;Presidente Prudente;Reserva Legal Proposta;Analisado, em conformidade com a Lei nº 12.651/2012, com ativos ambientais;AT;2,4725
SP-3541406-CB94C89F64004EF2B71301BD7097DAA8;SP;Presidente Prudente;Reserva Legal Proposta;Analisado, em conformidade com a Lei nº 12.651/2012;AT;0,5076
SP-3541406-CBA724BC07A14F8499C229E9C70B323A;SP;Presidente Prudente;Reserva Legal Proposta;Analisado, em conformidade com a Lei nº 12.651/2012, com ativos ambientais;AT;0,7579
SP-3541406-CBCC1DBF6D7E4B59806B71B1DC8F28BC;SP;Presidente Prudente;Reserva Legal Proposta;Analisado, em conformidade com a Lei nº 12.651/2012, com ativos ambientais;AT;3,4844
SP-3541406-CBD00D76D7FA4F5C9892DC2EEECC2112;SP;Presidente Prudente;Reserva Legal Proposta;Analisado, aguardando regularização ambiental (Lei nº 12.651/2012);AT;0,0907
SP-3541406-CCD0440C8F6B4F59AA1E0FE1F559042E;SP;Presidente Prudente;Reserva Legal Proposta;Analisado, aguardando atendimento a notificação;AT;2,1118
SP-3541406-CD0535ADDE934F2D89BD3FE073E9EC3A;SP;Presidente Prudente;Reserva Legal Proposta;Aguardando análise;AT;0,9966
SP-3541406-CD127EBAAE6C45A8AC89D1B3F9DB2B0F;SP;Presidente Prudente;Reserva Legal Proposta;Analisado, em conformidade com a Lei nº 12.651/2012, com ativos ambientais;AT;1,3933
SP-3541406-CD18F0A71D01481AB6EC59335F955B7D;SP;Presidente Prudente;Reserva Legal Proposta;Em análise;AT;2,0436
SP-3541406-CD18F0A71D01481AB6EC59335F955B7D;SP;Presidente Prudente;Reserva Legal Proposta;Em análise;AT;1,8840
SP-3541406-CD18F0A71D01481AB6EC59335F955B7D;SP;Presidente Prudente;Reserva Legal Proposta;Em análise;AT;1,4646
SP-3541406-CD38AFE98D524816A862C0764B68891F;SP;Presidente Prudente;Reserva Legal Proposta;Analisado, em conformidade com a Lei nº 12.651/2012, com ativos ambientais;AT;2,6490
SP-3541406-CDF9FB0B2D314680ACDCFDF424291F93;SP;Presidente Prudente;Reserva Legal Proposta;Aguardando análise;AT;8,2320
SP-3541406-CE68EBBC10684A029A7DC6CE7F9336E2;SP;Presidente Prudente;Reserva Legal Proposta;Analisado, aguardando regularização ambiental (Lei nº 12.651/2012);AT;0,4098
SP-3541406-CE859E67D2E74B83B927EA4387CCB1F7;SP;Presidente Prudente;Reserva Legal Proposta;Analisado, em conformidade com a Lei nº 12.651/2012, com ativos ambientais;AT;1,5907
SP-3541406-CE9AF054016147D5B8CAD7C7A40FC16A;SP;Presidente Prudente;Reserva Legal Proposta;Aguardando análise;AT;11,7598
SP-3541406-CF6B25006FD64DC8AC626EE72CA0BFB2;SP;Presidente Prudente;Reserva Legal Proposta;Aguardando análise;AT;7,9949
SP-3541406-CFA9F402383140E88C91430F52ABAD82;SP;Presidente Prudente;Reserva Legal Proposta;Analisado, aguardando regularização ambiental (Lei nº 12.651/2012);AT;2,3536
SP-3541406-D0083E95DA914A1F8E32B517E641D040;SP;Presidente Prudente;Reserva Legal Proposta;Analisado, em conformidade com a Lei nº 12.651/2012, com ativos ambientais;AT;0,5099
SP-3541406-D01955ADE6B448628EE1687A42BD6EBA;SP;Presidente Prudente;Reserva Legal Proposta;Aguardando análise;AT;0,5510
SP-3541406-D02375B8907E4A87A429F42A792FB96F;SP;Presidente Prudente;Reserva Legal Proposta;Analisado, em conformidade com a Lei nº 12.651/2012, com ativos ambientais;AT;3,4243
SP-3541406-D02739FB9C2A4B51B1ADB7D03B705CC4;SP;Presidente Prudente;Reserva Legal Proposta;Analisado, em conformidade com a Lei nº 12.651/2012, com ativos ambientais;AT;2,9182
SP-3541406-D0414187E2C6488FA5DE043F4FAAFB41;SP;Presidente Prudente;Reserva Legal Proposta;Analisado, em conformidade com a Lei nº 12.651/2012, com ativos ambientais;AT;2,9087
SP-3541406-D0B1C6B6758447E48543279C4E528BD3;SP;Presidente Prudente;Reserva Legal Proposta;Analisado, em conformidade com a Lei nº 12.651/2012, com ativos ambientais;AT;0,4565
SP-3541406-D1598EA6A2314D638E36F26D72B80EB5;SP;Presidente Prudente;Reserva Legal Proposta;Aguardando análise;AT;2,6088
SP-3541406-D183144DF74343E1AEF012DA45DC48E7;SP;Presidente Prudente;Reserva Legal Proposta;Analisado, aguardando atendimento a notificação;AT;27,9779
SP-3541406-D1CE41268698428996FD11D65041126B;SP;Presidente Prudente;Reserva Legal Proposta;Analisado, em conformidade com a Lei nº 12.651/2012, com ativos ambientais;AT;5,8200
SP-3541406-D1E6FAF34C034A1EA1DD0756FAD7B36C;SP;Presidente Prudente;Reserva Legal Proposta;Analisado, aguardando regularização ambiental (Lei nº 12.651/2012);AT;10,7866
SP-3541406-D27CAA0B940840B186580A8EECB0FE7D;SP;Presidente Prudente;Reserva Legal Proposta;Aguardando análise, após revisão ou atendimento da notificação;AT;11,7048
SP-3541406-D33461E8AB0E4C51A1AA5014CD02A883;SP;Presidente Prudente;Reserva Legal Proposta;Analisado, em conformidade com a Lei nº 12.651/2012, com ativos ambientais;AT;1,7810
SP-3541406-D35F92AE57244152960EF96194C1B229;SP;Presidente Prudente;Reserva Legal Proposta;Analisado, aguardando atendimento a notificação;AT;0,4669
SP-3541406-D39B7F96156440E2A636792BC39B1EEE;SP;Presidente Prudente;Reserva Legal Proposta;Analisado, em conformidade com a Lei nº 12.651/2012, com ativos ambientais;AT;12,4769
SP-3541406-D3ECE08193B74FC391BAFCDCF132722E;SP;Presidente Prudente;Reserva Legal Proposta;Analisado, aguardando atendimento a notificação;AT;1,5455
SP-3541406-D49CB3B735AB4B1B8EBB0FD7A65DD683;SP;Presidente Prudente;Reserva Legal Proposta;Analisado, em conformidade com a Lei nº 12.651/2012, com ativos ambientais;AT;2,8521
SP-3541406-D4BBD6197B3B415F96B2EECBE81562BE;SP;Presidente Prudente;Reserva Legal Proposta;Analisado, aguardando regularização ambiental (Lei nº 12.651/2012);AT;1,9116
SP-3541406-D50FE52E309C4651A1D192B523C2BE71;SP;Presidente Prudente;Reserva Legal Proposta;Analisado, em conformidade com a Lei nº 12.651/2012, com ativos ambientais;AT;0,4047
SP-3541406-D514D8B1899D4F6DBC283E1B121C0F90;SP;Presidente Prudente;Reserva Legal Proposta;Analisado, aguardando regularização ambiental (Lei nº 12.651/2012);AT;0,1827
SP-3541406-D552A0D91FDB4383A0B454C524DD2CA4;SP;Presidente Prudente;Reserva Legal Proposta;Analisado, aguardando regularização ambiental (Lei nº 12.651/2012);AT;11,1917
SP-3541406-D5534471861B47E088106B58420D8D9B;SP;Presidente Prudente;Reserva Legal Proposta;Aguardando análise;AT;5,5239
SP-3541406-D587E63FDA2E4C6AB7F035EA8CCD99D0;SP;Presidente Prudente;Reserva Legal Proposta;Aguardando análise;AT;3,4231
SP-3541406-D5B48FAC5E5B4DD799CEA55A4916D9F5;SP;Presidente Prudente;Reserva Legal Proposta;Aguardando análise;AT;8,7227
SP-3541406-D600575D70F74DBCA776C80B822A4DC7;SP;Presidente Prudente;Reserva Legal Proposta;Aguardando análise;AT;2,8252
SP-3541406-D6A15A0465194FBA86387201D25CCCF0;SP;Presidente Prudente;Reserva Legal Proposta;Analisado, em conformidade com a Lei nº 12.651/2012;AT;1,8054
SP-3541406-D70B635550614B15B6B5B7D9ADEFC04D;SP;Presidente Prudente;Reserva Legal Proposta;Analisado, em conformidade com a Lei nº 12.651/2012, com ativos ambientais;AT;0,8225
SP-3541406-D761D80750B348CD95EB2D1BB6DF96E0;SP;Presidente Prudente;Reserva Legal Proposta;Aguardando análise;AT;1,2636
SP-3541406-D7A9E78C5640471FB30DBEBC8F8F0B5E;SP;Presidente Prudente;Reserva Legal Proposta;Aguardando análise;AT;1,7658
SP-3541406-D84920DA7D5D4BE4A792BBB0A4FB8734;SP;Presidente Prudente;Reserva Legal Proposta;Aguardando análise, após revisão ou atendimento da notificação;AT;3,1756
SP-3541406-D889D73502904216BC3C5D3274B7F6A4;SP;Presidente Prudente;Reserva Legal Proposta;Analisado, em conformidade com a Lei nº 12.651/2012, com ativos ambientais;AT;0,4227
SP-3541406-D89392BF85BD41B6A57876C06DF2EE6C;SP;Presidente Prudente;Reserva Legal Proposta;Aguardando análise;AT;1,7371
SP-3541406-D9134005B1B24782A40F751D789BA05F;SP;Presidente Prudente;Reserva Legal Proposta;Analisado, em conformidade com a Lei nº 12.651/2012, com ativos ambientais;AT;0,1602
SP-3541406-D95C784993274C2BB222D144046D2260;SP;Presidente Prudente;Reserva Legal Proposta;Analisado, aguardando regularização ambiental (Lei nº 12.651/2012);AT;0,7133
SP-3541406-D9F43861791D4A4C8423C313BA88D3F4;SP;Presidente Prudente;Reserva Legal Proposta;Aguardando análise;AT;0,9146
SP-3541406-DA8BA33AFAD84D579E9A06FA1E2CA7DE;SP;Presidente Prudente;Reserva Legal Proposta;Aguardando análise;AT;3,1340
SP-3541406-DBFBD0C649D340F88BE1E21EA17FCCEA;SP;Presidente Prudente;Reserva Legal Proposta;Analisado, em conformidade com a Lei nº 12.651/2012, com ativos ambientais;AT;2,4490
SP-3541406-DC5237902F834A45BDB53AF3B4B77110;SP;Presidente Prudente;Reserva Legal Proposta;Aguardando análise;AT;3,1340
SP-3541406-DD44ABB10B2F463ABB1F9E77E5E47AA3;SP;Presidente Prudente;Reserva Legal Proposta;Analisado, aguardando regularização ambiental (Lei nº 12.651/2012);AT;0,6439
SP-3541406-DD678BE3F8EE47EA8223C3E9886E90ED;SP;Presidente Prudente;Reserva Legal Proposta;Aguardando análise;AT;21,9228
SP-3541406-DD6E6C081B4A43F38D0DE11A16DF833E;SP;Presidente Prudente;Reserva Legal Proposta;Analisado, aguardando atendimento a notificação;AT;1,5027
SP-3541406-DDF4C6DD1EB14F7AB070049DDF38A03F;SP;Presidente Prudente;Reserva Legal Proposta;Analisado, em conformidade com a Lei nº 12.651/2012, com ativos ambientais;AT;0,7136
SP-3541406-DE350A7F339C48E78FA4AC0E851B0643;SP;Presidente Prudente;Reserva Legal Proposta;Analisado, em conformidade com a Lei nº 12.651/2012, com ativos ambientais;AT;4,6798
SP-3541406-DE5D24E006D04EAE90651FB457E14E92;SP;Presidente Prudente;Reserva Legal Proposta;Analisado, aguardando atendimento a notificação;AT;0,6014
SP-3541406-DE5D24E006D04EAE90651FB457E14E92;SP;Presidente Prudente;Reserva Legal Proposta;Analisado, aguardando atendimento a notificação;AT;0,5495
SP-3541406-DE5D24E006D04EAE90651FB457E14E92;SP;Presidente Prudente;Reserva Legal Proposta;Analisado, aguardando atendimento a notificação;AT;0,9776
SP-3541406-DE671503FFDB45D78CE398E5BD74C679;SP;Presidente Prudente;Reserva Legal Proposta;Analisado, em conformidade com a Lei nº 12.651/2012, com ativos ambientais;AT;0,1309
SP-3541406-DE6C4B96C8C54CD783C4DBBBDBDC0AFB;SP;Presidente Prudente;Reserva Legal Proposta;Analisado, aguardando regularização ambiental (Lei nº 12.651/2012);AT;1,1959
SP-3541406-DE9D5A763BDE4E72831EE4B59B79B6DE;SP;Presidente Prudente;Reserva Legal Proposta;Aguardando análise;AT;0,9035
SP-3541406-DEB7952D9B774A229CB7C1D51EAC37D1;SP;Presidente Prudente;Reserva Legal Proposta;Aguardando análise;AT;7,0058
SP-3541406-DED0AFCED6BB42EA8339401DE52E852A;SP;Presidente Prudente;Reserva Legal Proposta;Analisado, em conformidade com a Lei nº 12.651/2012, com ativos ambientais;AT;0,3437
SP-3541406-DF3819D0B70A43C0870DF3AF18BD7EB4;SP;Presidente Prudente;Reserva Legal Proposta;Aguardando análise;AT;6,8782
SP-3541406-DF47D79E21C04CD5B80FBFC5BE78426E;SP;Presidente Prudente;Reserva Legal Proposta;Analisado, aguardando regularização ambiental (Lei nº 12.651/2012);AT;0,9606
SP-3541406-DFD44613EFEB4C9BB4DDEF836B464420;SP;Presidente Prudente;Reserva Legal Proposta;Analisado, aguardando atendimento a notificação;AT;11,4109
SP-3541406-E13324DD6E9A456886BD99D128131B98;SP;Presidente Prudente;Reserva Legal Proposta;Aguardando análise;AT;1,0158
SP-3541406-E13324DD6E9A456886BD99D128131B98;SP;Presidente Prudente;Reserva Legal Proposta;Aguardando análise;AT;0,0010
SP-3541406-E13324DD6E9A456886BD99D128131B98;SP;Presidente Prudente;Reserva Legal Proposta;Aguardando análise;AT;0,0027
SP-3541406-E13324DD6E9A456886BD99D128131B98;SP;Presidente Prudente;Reserva Legal Proposta;Aguardando análise;AT;5,5173
SP-3541406-E13324DD6E9A456886BD99D128131B98;SP;Presidente Prudente;Reserva Legal Proposta;Aguardando análise;AT;6,8377
SP-3541406-E13324DD6E9A456886BD99D128131B98;SP;Presidente Prudente;Reserva Legal Proposta;Aguardando análise;AT;3,8367
SP-3541406-E13324DD6E9A456886BD99D128131B98;SP;Presidente Prudente;Reserva Legal Proposta;Aguardando análise;AT;0,3435
SP-3541406-E13324DD6E9A456886BD99D128131B98;SP;Presidente Prudente;Reserva Legal Proposta;Aguardando análise;AT;0,0623
SP-3541406-E13324DD6E9A456886BD99D128131B98;SP;Presidente Prudente;Reserva Legal Proposta;Aguardando análise;AT;2,3183
SP-3541406-E13324DD6E9A456886BD99D128131B98;SP;Presidente Prudente;Reserva Legal Proposta;Aguardando análise;AT;3,3487
SP-3541406-E18074AF8894436EB571BD6B5B57A0D9;SP;Presidente Prudente;Reserva Legal Proposta;Aguardando análise;AT;0,3300
SP-3541406-E1B043A80B6F42B8AC18777A86D81EEB;SP;Presidente Prudente;Reserva Legal Proposta;Aguardando análise;AT;1,2661
SP-3541406-E1B043A80B6F42B8AC18777A86D81EEB;SP;Presidente Prudente;Reserva Legal Proposta;Aguardando análise;AT;0,8252
SP-3541406-E1B043A80B6F42B8AC18777A86D81EEB;SP;Presidente Prudente;Reserva Legal Proposta;Aguardando análise;AT;3,4181
SP-3541406-E1F6C7B040AF4308B9D293A1F81B22D5;SP;Presidente Prudente;Reserva Legal Proposta;Analisado, em regularização ambiental (Lei nº 12.651/2012);AT;5,0840
SP-3541406-E22200B713954833B917DAD08FBEC307;SP;Presidente Prudente;Reserva Legal Proposta;Analisado, em conformidade com a Lei nº 12.651/2012, com ativos ambientais;AT;0,4650
SP-3541406-E2D44A915C664576A3C5B7832D4E27E3;SP;Presidente Prudente;Reserva Legal Proposta;Analisado, em conformidade com a Lei nº 12.651/2012, com ativos ambientais;AT;2,2896
SP-3541406-E352AC4B33B844289C6FFDFC91D39CFB;SP;Presidente Prudente;Reserva Legal Proposta;Analisado, aguardando regularização ambiental (Lei nº 12.651/2012);AT;0,2895
SP-3541406-E395EA34DE284BA1AD02CFBF2EBA8964;SP;Presidente Prudente;Reserva Legal Proposta;Analisado, em conformidade com a Lei nº 12.651/2012, com ativos ambientais;AT;0,5332
SP-3541406-E3E083FF8B33466491DCF6B0F1036E9F;SP;Presidente Prudente;Reserva Legal Proposta;Analisado, aguardando atendimento a notificação;AT;5,6559
SP-3541406-E3E083FF8B33466491DCF6B0F1036E9F;SP;Presidente Prudente;Reserva Legal Proposta;Analisado, aguardando atendimento a notificação;AT;9,7852
SP-3541406-E42131004F1F435FA94795B72AA865CB;SP;Presidente Prudente;Reserva Legal Proposta;Aguardando análise;AT;0,6242
SP-3541406-E5265523BAB94A079DEC9F4D057DC830;SP;Presidente Prudente;Reserva Legal Proposta;Analisado, em conformidade com a Lei nº 12.651/2012, com ativos ambientais;AT;3,1496
SP-3541406-E53618964E624E348645DEE455F3CBB0;SP;Presidente Prudente;Reserva Legal Proposta;Analisado, em conformidade com a Lei nº 12.651/2012, com ativos ambientais;AT;0,7104
SP-3541406-E54B077F7AD849A99EB5B1DCB3C5222E;SP;Presidente Prudente;Reserva Legal Proposta;Analisado, em conformidade com a Lei nº 12.651/2012, com ativos ambientais;AT;2,7248
SP-3541406-E6325F7B6C184775945D58A7573999B5;SP;Presidente Prudente;Reserva Legal Proposta;Aguardando análise;AT;1,0527
SP-3541406-E693B0BE1A3346698D9DE4A24F341530;SP;Presidente Prudente;Reserva Legal Proposta;Analisado, em conformidade com a Lei nº 12.651/2012, com ativos ambientais;AT;4,5100
SP-3541406-E6B15B7ED3804EAD9996D6230D84AE34;SP;Presidente Prudente;Reserva Legal Proposta;Analisado, aguardando atendimento a notificação;AT;11,3530
SP-3541406-E74751540CA3462CAB3D0FC4B006C165;SP;Presidente Prudente;Reserva Legal Proposta;Analisado, em conformidade com a Lei nº 12.651/2012, com ativos ambientais;AT;1,2296
SP-3541406-E8381A83C21842FC8555B25D0E0F3AC0;SP;Presidente Prudente;Reserva Legal Proposta;Analisado, em conformidade com a Lei nº 12.651/2012, com ativos ambientais;AT;0,1221
SP-3541406-E8A1AE5D66594AF1BC3B3351D7C8082F;SP;Presidente Prudente;Reserva Legal Proposta;Analisado, aguardando regularização ambiental (Lei nº 12.651/2012);AT;6,2605
SP-3541406-E8D021F5300C4C5692DE8E98ADC95C14;SP;Presidente Prudente;Reserva Legal Proposta;Aguardando análise;AT;0,5929
SP-3541406-E93E09252825443CA8EF9622DB509446;SP;Presidente Prudente;Reserva Legal Proposta;Aguardando análise, após revisão ou atendimento da notificação;AT;0,3434
SP-3541406-E93E09252825443CA8EF9622DB509446;SP;Presidente Prudente;Reserva Legal Proposta;Aguardando análise, após revisão ou atendimento da notificação;AT;0,0965
SP-3541406-E93E09252825443CA8EF9622DB509446;SP;Presidente Prudente;Reserva Legal Proposta;Aguardando análise, após revisão ou atendimento da notificação;AT;0,0818
SP-3541406-E93E09252825443CA8EF9622DB509446;SP;Presidente Prudente;Reserva Legal Proposta;Aguardando análise, após revisão ou atendimento da notificação;AT;0,0703
SP-3541406-E952A20A1C084764A18AFA632AA1AAF0;SP;Presidente Prudente;Reserva Legal Proposta;Analisado, em conformidade com a Lei nº 12.651/2012, com ativos ambientais;AT;3,6739
SP-3541406-E9F35587A6D44842A04130D4D3A9D269;SP;Presidente Prudente;Reserva Legal Proposta;Analisado, em conformidade com a Lei nº 12.651/2012, com ativos ambientais;AT;1,3858
SP-3541406-E9FCC59E65C94DDCBAD164D02DBF07B8;SP;Presidente Prudente;Reserva Legal Proposta;Aguardando análise, após revisão ou atendimento da notificação;AT;1,1581
SP-3541406-EA0CDE3AC46B4E7FA4A4FF258D1B5A04;SP;Presidente Prudente;Reserva Legal Proposta;Analisado, aguardando regularização ambiental (Lei nº 12.651/2012);AT;3,0309
SP-3541406-EA9D934C754045A79522D41E07A7D85F;SP;Presidente Prudente;Reserva Legal Proposta;Analisado, em conformidade com a Lei nº 12.651/2012, com ativos ambientais;AT;5,7551
SP-3541406-EABEBDA3549C43ECAF101BB4F58107C5;SP;Presidente Prudente;Reserva Legal Proposta;Analisado, em conformidade com a Lei nº 12.651/2012, com ativos ambientais;AT;0,3281
SP-3541406-EAE13B9FA0464EBAA3D51CE79B02170C;SP;Presidente Prudente;Reserva Legal Proposta;Aguardando análise, após revisão ou atendimento da notificação;AT;1,8656
SP-3541406-EB49999CF31844D0BCF7C5DFF3964BD0;SP;Presidente Prudente;Reserva Legal Proposta;Analisado, aguardando regularização ambiental (Lei nº 12.651/2012);AT;1,0384
SP-3541406-EB9F8EB7B5EA4D0AAE1BD50486BF94D3;SP;Presidente Prudente;Reserva Legal Proposta;Analisado, aguardando atendimento a notificação;AT;1,1222
SP-3541406-EC423F00A67046C0B8D3577EC6448393;SP;Presidente Prudente;Reserva Legal Proposta;Aguardando análise;AT;1,1665
SP-3541406-EC556E8310634F1FB3A69A3A3C159115;SP;Presidente Prudente;Reserva Legal Proposta;Analisado, em conformidade com a Lei nº 12.651/2012, com ativos ambientais;AT;2,1430
SP-3541406-ECF92731D9EB472CB4585AB6BFD9B025;SP;Presidente Prudente;Reserva Legal Proposta;Analisado, aguardando atendimento a notificação;AT;2,1500
SP-3541406-ED4182C5686E44E4B7DDB5C0531352D3;SP;Presidente Prudente;Reserva Legal Proposta;Analisado, em conformidade com a Lei nº 12.651/2012, com ativos ambientais;AT;2,1958
SP-3541406-ED44EED92D3E4822AE05E2A58D8CA20D;SP;Presidente Prudente;Reserva Legal Proposta;Analisado, aguardando atendimento a notificação;AT;2,1241
SP-3541406-EE1419689D8E4C2A899448561DB6DDEF;SP;Presidente Prudente;Reserva Legal Proposta;Analisado, em conformidade com a Lei nº 12.651/2012, com ativos ambientais;AT;2,8589
SP-3541406-EE1736763B384428B103589F2A7C677B;SP;Presidente Prudente;Reserva Legal Proposta;Analisado, aguardando regularização ambiental (Lei nº 12.651/2012);AT;23,2883
SP-3541406-EEBA4CC0828C43A594B5F55A0C633D51;SP;Presidente Prudente;Reserva Legal Proposta;Aguardando análise;AT;4,8886
SP-3541406-EEBA4CC0828C43A594B5F55A0C633D51;SP;Presidente Prudente;Reserva Legal Proposta;Aguardando análise;AT;1,1706
SP-3541406-EEBA4CC0828C43A594B5F55A0C633D51;SP;Presidente Prudente;Reserva Legal Proposta;Aguardando análise;AT;2,1147
SP-3541406-EEBA4CC0828C43A594B5F55A0C633D51;SP;Presidente Prudente;Reserva Legal Proposta;Aguardando análise;AT;15,1489
SP-3541406-EEBA4CC0828C43A594B5F55A0C633D51;SP;Presidente Prudente;Reserva Legal Proposta;Aguardando análise;AT;0,0061
SP-3541406-EEBA4CC0828C43A594B5F55A0C633D51;SP;Presidente Prudente;Reserva Legal Proposta;Aguardando análise;AT;3,1521
SP-3541406-EEBA4CC0828C43A594B5F55A0C633D51;SP;Presidente Prudente;Reserva Legal Proposta;Aguardando análise;AT;2,5018
SP-3541406-EEBA4CC0828C43A594B5F55A0C633D51;SP;Presidente Prudente;Reserva Legal Proposta;Aguardando análise;AT;2,2929
SP-3541406-EEBA4CC0828C43A594B5F55A0C633D51;SP;Presidente Prudente;Reserva Legal Proposta;Aguardando análise;AT;0,0377
SP-3541406-EEBA4CC0828C43A594B5F55A0C633D51;SP;Presidente Prudente;Reserva Legal Proposta;Aguardando análise;AT;2,2573
SP-3541406-EEBA4CC0828C43A594B5F55A0C633D51;SP;Presidente Prudente;Reserva Legal Proposta;Aguardando análise;AT;0,3197
SP-3541406-EEDA10C1DD5C40C3A2FD52264DE49745;SP;Presidente Prudente;Reserva Legal Proposta;Aguardando análise, após revisão ou atendimento da notificação;AT;9,4983
SP-3541406-EF4B597213E145F7B88B08DA5904F30D;SP;Presidente Prudente;Reserva Legal Proposta;Analisado, em conformidade com a Lei nº 12.651/2012, com ativos ambientais;AT;6,7603
SP-3541406-EF4C218B026040FCADB5A25A26D0D553;SP;Presidente Prudente;Reserva Legal Proposta;Analisado, em conformidade com a Lei nº 12.651/2012, com ativos ambientais;AT;1,1308
SP-3541406-EF5701D442A34F7E8BBB8046D36C0BA2;SP;Presidente Prudente;Reserva Legal Proposta;Aguardando análise;AT;2,2225
SP-3541406-EF7DC5BC16564FB687DC1DE3AE2168D7;SP;Presidente Prudente;Reserva Legal Proposta;Analisado, aguardando atendimento a notificação;AT;1,0786
SP-3541406-EF7DC5BC16564FB687DC1DE3AE2168D7;SP;Presidente Prudente;Reserva Legal Proposta;Analisado, aguardando atendimento a notificação;AT;0,4547
SP-3541406-EF7DC5BC16564FB687DC1DE3AE2168D7;SP;Presidente Prudente;Reserva Legal Proposta;Analisado, aguardando atendimento a notificação;AT;0,4121
SP-3541406-EF7DC5BC16564FB687DC1DE3AE2168D7;SP;Presidente Prudente;Reserva Legal Proposta;Analisado, aguardando atendimento a notificação;AT;0,0081
SP-3541406-EF7DC5BC16564FB687DC1DE3AE2168D7;SP;Presidente Prudente;Reserva Legal Proposta;Analisado, aguardando atendimento a notificação;AT;0,4975
SP-3541406-EF7DC5BC16564FB687DC1DE3AE2168D7;SP;Presidente Prudente;Reserva Legal Proposta;Analisado, aguardando atendimento a notificação;AT;0,8937
SP-3541406-EF9C1ADCB1D047F5BFB61BEF42F75F55;SP;Presidente Prudente;Reserva Legal Proposta;Analisado, em conformidade com a Lei nº 12.651/2012, com ativos ambientais;AT;0,2073
SP-3541406-EFF8B0B9A19F4CFA8D2DE4E5105E0DC9;SP;Presidente Prudente;Reserva Legal Proposta;Aguardando análise;AT;0,6865
SP-3541406-F03A6A7954264653BE2A90B57A795204;SP;Presidente Prudente;Reserva Legal Proposta;Analisado, aguardando regularização ambiental (Lei nº 12.651/2012);AT;2,2068
SP-3541406-F0550A1BD9BA48899E1013B2E0BBE82B;SP;Presidente Prudente;Reserva Legal Proposta;Analisado, em conformidade com a Lei nº 12.651/2012, com ativos ambientais;AT;2,9739
SP-3541406-F0D04DC29E2A433B97A3F4479D4184BD;SP;Presidente Prudente;Reserva Legal Proposta;Analisado, em conformidade com a Lei nº 12.651/2012, com ativos ambientais;AT;1,8872
SP-3541406-F0E4214DDD4A495094646B412BF8B3D1;SP;Presidente Prudente;Reserva Legal Proposta;Analisado, em conformidade com a Lei nº 12.651/2012, com ativos ambientais;AT;19,0122
SP-3541406-F0F7FF1AE9E34804925BF60D62A19F42;SP;Presidente Prudente;Reserva Legal Proposta;Aguardando análise, após revisão ou atendimento da notificação;AT;1,4991
SP-3541406-F118C02ECF4F40198722A4C7E1ACACD2;SP;Presidente Prudente;Reserva Legal Proposta;Aguardando análise;AT;3,2060
SP-3541406-F184514087C44398ABC2FB6C0CDF8388;SP;Presidente Prudente;Reserva Legal Proposta;Aguardando análise;AT;3,0131
SP-3541406-F1AF08CD14934889B9743C1EBB22B89B;SP;Presidente Prudente;Reserva Legal Proposta;Aguardando análise;AT;2,0420
SP-3541406-F1DCF56BA4AC460988CCA07B77952630;SP;Presidente Prudente;Reserva Legal Proposta;Analisado, aguardando regularização ambiental (Lei nº 12.651/2012);AT;1,7318
SP-3541406-F26C3F9FEBCE483081C14EC9C52BFEFB;SP;Presidente Prudente;Reserva Legal Proposta;Aguardando análise;PE;1,0660
SP-3541406-F3A4AEE65C8D4752B26CCE0E9707F6A4;SP;Presidente Prudente;Reserva Legal Proposta;Aguardando análise, após revisão ou atendimento da notificação;AT;1,3663
SP-3541406-F3BBCF44F04E4899A60AFB55FB0E4440;SP;Presidente Prudente;Reserva Legal Proposta;Analisado, em conformidade com a Lei nº 12.651/2012, com ativos ambientais;AT;14,9625
SP-3541406-F3F07FD0AE454C5A9221793088AEFAD1;SP;Presidente Prudente;Reserva Legal Proposta;Aguardando análise;AT;0,9231
SP-3541406-F3F07FD0AE454C5A9221793088AEFAD1;SP;Presidente Prudente;Reserva Legal Proposta;Aguardando análise;AT;0,1459
SP-3541406-F427C2F53FE54863BAD4FD2EA8DF2F76;SP;Presidente Prudente;Reserva Legal Proposta;Analisado, aguardando atendimento a notificação;AT;22,9676
SP-3541406-F43C01B21AF64102B1DD1F8C0848C17C;SP;Presidente Prudente;Reserva Legal Proposta;Aguardando análise;AT;3,6492
SP-3541406-F43F8368754B49079BF41149C31CCDAC;SP;Presidente Prudente;Reserva Legal Proposta;Analisado, em conformidade com a Lei nº 12.651/2012, com ativos ambientais;AT;0,1902
SP-3541406-F44B133D703742A3A4B7A6D6E73E7044;SP;Presidente Prudente;Reserva Legal Proposta;Aguardando análise;AT;2,4801
SP-3541406-F497CB9A40E3459E875375ECDAEAFC6A;SP;Presidente Prudente;Reserva Legal Proposta;Aguardando análise;AT;1,3559
SP-3541406-F508241558124A4A9C40D5CCF2EE2520;SP;Presidente Prudente;Reserva Legal Proposta;Analisado, em conformidade com a Lei nº 12.651/2012, com ativos ambientais;AT;0,1168
SP-3541406-F52BC20AC9374A1FACB3C4FC642B6FAB;SP;Presidente Prudente;Reserva Legal Proposta;Analisado, aguardando atendimento a notificação;AT;2,2289
SP-3541406-F54B3418FF894199940180117C6DF73A;SP;Presidente Prudente;Reserva Legal Proposta;Aguardando análise;AT;4,2380
SP-3541406-F55B3F27F4B04EEE88230C1FCF2A1074;SP;Presidente Prudente;Reserva Legal Proposta;Analisado, em conformidade com a Lei nº 12.651/2012, com ativos ambientais;AT;1,0535
SP-3541406-F57B58516CE94C43810D0FA879EE0D23;SP;Presidente Prudente;Reserva Legal Proposta;Analisado, aguardando regularização ambiental (Lei nº 12.651/2012);AT;5,1131
SP-3541406-F6813D71D4334FA58FD81028E671F3A9;SP;Presidente Prudente;Reserva Legal Proposta;Analisado, aguardando regularização ambiental (Lei nº 12.651/2012);AT;3,5456
SP-3541406-F688844631EC418F89F087304D69D2E0;SP;Presidente Prudente;Reserva Legal Proposta;Aguardando análise;AT;0,2575
SP-3541406-F68FB8A36BB649A084369F747211E87C;SP;Presidente Prudente;Reserva Legal Proposta;Analisado, em conformidade com a Lei nº 12.651/2012, com ativos ambientais;AT;4,5799
SP-3541406-F6A4628400304035B650D5BD0E13A615;SP;Presidente Prudente;Reserva Legal Proposta;Analisado, em conformidade com a Lei nº 12.651/2012, com ativos ambientais;AT;0,1758
SP-3541406-F71FF7258DE24AAA9EBB026E716AEAC7;SP;Presidente Prudente;Reserva Legal Proposta;Aguardando análise;AT;9,0426
SP-3541406-F781B58056A64E4B9D01EB569898CE27;SP;Presidente Prudente;Reserva Legal Proposta;Analisado, aguardando regularização ambiental (Lei nº 12.651/2012);AT;1,4422
SP-3541406-F82056B54BEB49C0851E214C25C858ED;SP;Presidente Prudente;Reserva Legal Proposta;Analisado, em conformidade com a Lei nº 12.651/2012, com ativos ambientais;AT;0,9193
SP-3541406-F876D9BB0887496F83FDC75BB1227318;SP;Presidente Prudente;Reserva Legal Proposta;Analisado, em conformidade com a Lei nº 12.651/2012, com ativos ambientais;AT;1,8635
SP-3541406-F87EF0F57BD242D7A232066ED95754C0;SP;Presidente Prudente;Reserva Legal Proposta;Analisado, aguardando atendimento a notificação;AT;7,3875
SP-3541406-F87EF0F57BD242D7A232066ED95754C0;SP;Presidente Prudente;Reserva Legal Proposta;Analisado, aguardando atendimento a notificação;AT;7,3071
SP-3541406-F87EF0F57BD242D7A232066ED95754C0;SP;Presidente Prudente;Reserva Legal Proposta;Analisado, aguardando atendimento a notificação;AT;3,2335
SP-3541406-F87EF0F57BD242D7A232066ED95754C0;SP;Presidente Prudente;Reserva Legal Proposta;Analisado, aguardando atendimento a notificação;AT;2,4356
SP-3541406-F87EF0F57BD242D7A232066ED95754C0;SP;Presidente Prudente;Reserva Legal Proposta;Analisado, aguardando atendimento a notificação;AT;2,3841
SP-3541406-F87EF0F57BD242D7A232066ED95754C0;SP;Presidente Prudente;Reserva Legal Proposta;Analisado, aguardando atendimento a notificação;AT;2,1553
SP-3541406-F87EF0F57BD242D7A232066ED95754C0;SP;Presidente Prudente;Reserva Legal Proposta;Analisado, aguardando atendimento a notificação;AT;1,7821
SP-3541406-F87EF0F57BD242D7A232066ED95754C0;SP;Presidente Prudente;Reserva Legal Proposta;Analisado, aguardando atendimento a notificação;AT;1,7785
SP-3541406-F87EF0F57BD242D7A232066ED95754C0;SP;Presidente Prudente;Reserva Legal Proposta;Analisado, aguardando atendimento a notificação;AT;0,8476
SP-3541406-F87EF0F57BD242D7A232066ED95754C0;SP;Presidente Prudente;Reserva Legal Proposta;Analisado, aguardando atendimento a notificação;AT;0,5473
SP-3541406-F87EF0F57BD242D7A232066ED95754C0;SP;Presidente Prudente;Reserva Legal Proposta;Analisado, aguardando atendimento a notificação;AT;0,5002
SP-3541406-F87EF0F57BD242D7A232066ED95754C0;SP;Presidente Prudente;Reserva Legal Proposta;Analisado, aguardando atendimento a notificação;AT;56,1980
SP-3541406-F87EF0F57BD242D7A232066ED95754C0;SP;Presidente Prudente;Reserva Legal Proposta;Analisado, aguardando atendimento a notificação;AT;16,9538
SP-3541406-F87EF0F57BD242D7A232066ED95754C0;SP;Presidente Prudente;Reserva Legal Proposta;Analisado, aguardando atendimento a notificação;AT;11,6503
SP-3541406-F8A64888CC2C427CAFD0070D421C6530;SP;Presidente Prudente;Reserva Legal Proposta;Analisado, em conformidade com a Lei nº 12.651/2012, com ativos ambientais;AT;0,6245
SP-3541406-F8CA466AD9BE4D728FA07838E5A6EB0A;SP;Presidente Prudente;Reserva Legal Proposta;Aguardando análise;AT;0,9372
SP-3541406-F8D83E3DDF8446E0ADD68E1876198CEA;SP;Presidente Prudente;Reserva Legal Proposta;Aguardando análise;AT;4,1379
SP-3541406-F903385297D04F3299464EC509035B33;SP;Presidente Prudente;Reserva Legal Proposta;Analisado, aguardando atendimento a notificação;AT;5,0042
SP-3541406-FA33140C85A84B9F8E3E76701CC4E98E;SP;Presidente Prudente;Reserva Legal Proposta;Analisado, aguardando atendimento a notificação;AT;2,4639
SP-3541406-FA646B5427A0488BBD14C2DB73794F14;SP;Presidente Prudente;Reserva Legal Proposta;Analisado, aguardando regularização ambiental (Lei nº 12.651/2012);AT;3,9244
SP-3541406-FAB05EFE8B4B41A1A1A2D9FED9B88748;SP;Presidente Prudente;Reserva Legal Proposta;Analisado, em conformidade com a Lei nº 12.651/2012, com ativos ambientais;AT;2,3560
SP-3541406-FB43782FBCB64392865A9290953FB025;SP;Presidente Prudente;Reserva Legal Proposta;Aguardando análise;AT;0,2007
SP-3541406-FB43782FBCB64392865A9290953FB025;SP;Presidente Prudente;Reserva Legal Proposta;Aguardando análise;AT;0,1611
SP-3541406-FBA9221953884CC9A3B2EE835CB06ABE;SP;Presidente Prudente;Reserva Legal Proposta;Analisado, em conformidade com a Lei nº 12.651/2012, com ativos ambientais;AT;1,8839
SP-3541406-FBC2BA76D5494738ABDA3EDA24EA458E;SP;Presidente Prudente;Reserva Legal Proposta;Analisado, em conformidade com a Lei nº 12.651/2012, com ativos ambientais;AT;0,3509
SP-3541406-FBD8352B8B2646F8B8E6F94CBB2D8DC1;SP;Presidente Prudente;Reserva Legal Proposta;Analisado, aguardando regularização ambiental (Lei nº 12.651/2012);AT;7,6379
SP-3541406-FBE629E73FB74543AB90FF3E50629537;SP;Presidente Prudente;Reserva Legal Proposta;Analisado, aguardando regularização ambiental (Lei nº 12.651/2012);AT;2,4236
SP-3541406-FC0C717191DD4CDDAAAF265644ED0748;SP;Presidente Prudente;Reserva Legal Proposta;Analisado, em conformidade com a Lei nº 12.651/2012, com ativos ambientais;AT;2,5343
SP-3541406-FC8A13FD597444E6B7AFD4D0496271C6;SP;Presidente Prudente;Reserva Legal Proposta;Aguardando análise;AT;1,3454
SP-3541406-FC8A13FD597444E6B7AFD4D0496271C6;SP;Presidente Prudente;Reserva Legal Proposta;Aguardando análise;AT;3,1365
SP-3541406-FC8A13FD597444E6B7AFD4D0496271C6;SP;Presidente Prudente;Reserva Legal Proposta;Aguardando análise;AT;0,1358
SP-3541406-FC953A6C60614A2FA10A82BAF30EA069;SP;Presidente Prudente;Reserva Legal Proposta;Aguardando análise;AT;9,4421
SP-3541406-FD94D05BCDBD466E8C60260010532C56;SP;Presidente Prudente;Reserva Legal Proposta;Analisado, em conformidade com a Lei nº 12.651/2012, com ativos ambientais;AT;0,8241
SP-3541406-FE900B3115704F0F917801785C45FE99;SP;Presidente Prudente;Reserva Legal Proposta;Analisado, em conformidade com a Lei nº 12.651/2012, com ativos ambientais;AT;11,1619
SP-3541406-FE97FFE83072405D9733021480081563;SP;Presidente Prudente;Reserva Legal Proposta;Aguardando análise;AT;1,6082
SP-3541406-FEDF873107A44641895ADF737552C47F;SP;Presidente Prudente;Reserva Legal Proposta;Aguardando análise;AT;1,1689
SP-3541406-FF25B513747C49D9B34C9DE0E226CDE4;SP;Presidente Prudente;Reserva Legal Proposta;Analisado, em conformidade com a Lei nº 12.651/2012, com ativos ambientais;AT;1,0100
SP-3541406-FF72A62A4010457398F0961DBCED07C6;SP;Presidente Prudente;Reserva Legal Proposta;Analisado, aguardando regularização ambiental (Lei nº 12.651/2012);AT;1,1627
SP-3541406-FF9308A2CF5E4E3880E728F860F3618D;SP;Presidente Prudente;Reserva Legal Proposta;Aguardando análise;AT;2,0472
SP-3541406-0C083ED8393F484BB1DFB0EE02C0F187;SP;Presidente Prudente;Reserva Legal Averbada;Analisado, aguardando atendimento a notificação;AT;0,6440
SP-3541406-2A94F45417DF412CB24511B0871CE4EB;SP;Presidente Prudente;Reserva Legal Averbada;Aguardando análise, após revisão ou atendimento da notificação;AT;3,5720
SP-3541406-2A94F45417DF412CB24511B0871CE4EB;SP;Presidente Prudente;Reserva Legal Averbada;Aguardando análise, após revisão ou atendimento da notificação;AT;0,2883
SP-3541406-885EF05B8F8A44F9A073A9FB1365223E;SP;Presidente Prudente;Reserva Legal Averbada;Aguardando análise, após revisão ou atendimento da notificação;AT;1,0534
SP-3541406-885EF05B8F8A44F9A073A9FB1365223E;SP;Presidente Prudente;Reserva Legal Averbada;Aguardando análise, após revisão ou atendimento da notificação;AT;0,2333
SP-3541406-A8C1EAD4E3314CE4BEA1C5D60BE78F49;SP;Presidente Prudente;Reserva Legal Averbada;Analisado, em conformidade com a Lei nº 12.651/2012, com ativos ambientais;AT;264,0771
SP-3541406-C44D9D410EAC40E7ADD72AD0FF6914C0;SP;Presidente Prudente;Reserva Legal Averbada;Aguardando análise, após revisão ou atendimento da notificação;AT;3,5683
SP-3541406-C4ED1BE600684CBB9750198E13FE4193;SP;Presidente Prudente;Reserva Legal Averbada;Aguardando análise, após revisão ou atendimento da notificação;AT;2,0967
SP-3541406-C4ED1BE600684CBB9750198E13FE4193;SP;Presidente Prudente;Reserva Legal Averbada;Aguardando análise, após revisão ou atendimento da notificação;AT;2,3283
SP-3541406-F4492C6C89EC41298E2DF44EC665713B;SP;Presidente Prudente;Reserva Legal Averbada;Analisado, aguardando atendimento a notificação;AT;0,6791
SP-3541406-C3D0BD93DDA24D88A6139F408C529975;SP;Presidente Prudente;Reserva Legal Aprovada e não Averbada;Analisado, aguardando atendimento a notificação;AT;2,1189
SP-3541406-01153D6BC2E249E88E4CC963728D2A3F;SP;Presidente Prudente;Reserva Legal Proposta;Aguardando análise;AT;2,9008
SP-3541406-01995986E3794E1EB609D3A5A07145DD;SP;Presidente Prudente;Reserva Legal Proposta;Analisado, aguardando atendimento a notificação;AT;18,9030
SP-3541406-073856EF4B9443CCBF67874B46FC9423;SP;Presidente Prudente;Reserva Legal Proposta;Analisado, aguardando atendimento a notificação;AT;2,0322
SP-3541406-08749A89DB594728824A3C28CBBD998D;SP;Presidente Prudente;Reserva Legal Proposta;Aguardando análise;AT;5,7399
SP-3541406-09BA85B94E0E4F44B4BB49AC1D3DF2B7;SP;Presidente Prudente;Reserva Legal Proposta;Analisado, em conformidade com a Lei nº 12.651/2012, com ativos ambientais;AT;4,9344
SP-3541406-0FF7EBE19449477BAEBFF109E8D588F0;SP;Presidente Prudente;Reserva Legal Proposta;Analisado, em conformidade com a Lei nº 12.651/2012, com ativos ambientais;AT;2,6438
SP-3541406-116528849C2F42DC98B1ED4A075A8DBF;SP;Presidente Prudente;Reserva Legal Proposta;Aguardando análise;AT;22,4486
SP-3541406-11E9DA6B4A364A3A8E0383D7EDECBB79;SP;Presidente Prudente;Reserva Legal Proposta;Aguardando análise;AT;2,4350
SP-3541406-1207C53DEDD44D6088C8301E86CD5639;SP;Presidente Prudente;Reserva Legal Proposta;Aguardando análise;AT;10,1095
SP-3541406-1309B64555DF49D3A4317B0894295E74;SP;Presidente Prudente;Reserva Legal Proposta;Aguardando análise;AT;1,3856
SP-3541406-1447DBBFC8934A2CA7DEA36EBA8A9A34;SP;Presidente Prudente;Reserva Legal Proposta;Analisado, aguardando regularização ambiental (Lei nº 12.651/2012);AT;2,0589
SP-3541406-1691DC5FBBDC446C84CD63B29913AC09;SP;Presidente Prudente;Reserva Legal Proposta;Em análise;AT;60,2619
SP-3541406-194871CE1E58488C8D3AF7804DC81B70;SP;Presidente Prudente;Reserva Legal Proposta;Analisado, em conformidade com a Lei nº 12.651/2012, com ativos ambientais;AT;2,4209
SP-3541406-1AA19E140AB84DDDA25B116774D6E561;SP;Presidente Prudente;Reserva Legal Proposta;Analisado, em conformidade com a Lei nº 12.651/2012, com ativos ambientais;AT;0,4297
SP-3541406-1AF9BBE30C0A4D238405B3ACA40D67CA;SP;Presidente Prudente;Reserva Legal Proposta;Analisado, aguardando regularização ambiental (Lei nº 12.651/2012);AT;2,6724
SP-3541406-2456B8E4E3634F7CBE94C7043D4F2AAD;SP;Presidente Prudente;Reserva Legal Proposta;Analisado, aguardando regularização ambiental (Lei nº 12.651/2012);AT;4,8350
SP-3541406-294E60107DF94FEA83F7D17AF29A8540;SP;Presidente Prudente;Reserva Legal Proposta;Analisado, aguardando regularização ambiental (Lei nº 12.651/2012);AT;4,3796
SP-3541406-2984A2CC51CD4A328F0E5DA48CA1200D;SP;Presidente Prudente;Reserva Legal Proposta;Analisado, aguardando atendimento a notificação;AT;7,9277
SP-3541406-2D88BDD28E4F461481287B48022D5546;SP;Presidente Prudente;Reserva Legal Proposta;Analisado, aguardando atendimento a notificação;AT;4,0666
SP-3541406-2FBB0CDC7E2F4A57BBF30A731EA46766;SP;Presidente Prudente;Reserva Legal Proposta;Aguardando análise, após revisão ou atendimento da notificação;AT;2,5962
SP-3541406-3447DBC63F984DD3B1F4F01676BE8669;SP;Presidente Prudente;Reserva Legal Proposta;Aguardando análise, após revisão ou atendimento da notificação;AT;1,7565
SP-3541406-372698C7BEF64ED381B0811E39B11478;SP;Presidente Prudente;Reserva Legal Proposta;Aguardando análise;AT;9,6697
SP-3541406-386375E378CB40C18E8ADB742FDA0ABB;SP;Presidente Prudente;Reserva Legal Proposta;Analisado, aguardando atendimento a notificação;AT;6,9440
SP-3541406-3B4CF72C39034AC58933AA1544A7260E;SP;Presidente Prudente;Reserva Legal Proposta;Aguardando análise;AT;0,1579
SP-3541406-4403869F24434ACCA651AB9E3AE0B566;SP;Presidente Prudente;Reserva Legal Proposta;Analisado, em conformidade com a Lei nº 12.651/2012, com ativos ambientais;AT;9,6663
SP-3541406-44788888325F4D1EBBF4D681C2DB1944;SP;Presidente Prudente;Reserva Legal Proposta;Aguardando análise;AT;2,0213
SP-3541406-4930F413FC8648BC927373669F2B88D9;SP;Presidente Prudente;Reserva Legal Proposta;Analisado, em conformidade com a Lei nº 12.651/2012;AT;0,8456
SP-3541406-4B014121EB2347B9A6D482C4C405A6FE;SP;Presidente Prudente;Reserva Legal Proposta;Aguardando análise;AT;0,0389
SP-3541406-4B53D004BAF94EDFA54BFA8CF0F6367B;SP;Presidente Prudente;Reserva Legal Proposta;Aguardando análise, após revisão ou atendimento da notificação;AT;0,4318
SP-3541406-4B6B6A4BBF74454A8367F39758B81930;SP;Presidente Prudente;Reserva Legal Proposta;Aguardando análise;AT;14,2779
SP-3541406-4B7D3CD4945146DF940966DA19D48992;SP;Presidente Prudente;Reserva Legal Proposta;Analisado, em conformidade com a Lei nº 12.651/2012, com ativos ambientais;AT;1,1523
SP-3541406-4C120ED1A1FF49548BF463E47D0572C5;SP;Presidente Prudente;Reserva Legal Proposta;Aguardando análise, após revisão ou atendimento da notificação;AT;119,6059
SP-3541406-4D78D45D374245279263113FF2BF9730;SP;Presidente Prudente;Reserva Legal Proposta;Analisado, aguardando atendimento a notificação;AT;0,5185
SP-3541406-4FA4AB2661D64DB894ECF0DF9C718D32;SP;Presidente Prudente;Reserva Legal Proposta;Analisado, em conformidade com a Lei nº 12.651/2012, com ativos ambientais;AT;7,6496
SP-3541406-5089A365A5FC44BEA59BFC4A69604110;SP;Presidente Prudente;Reserva Legal Proposta;Analisado, em conformidade com a Lei nº 12.651/2012, com ativos ambientais;AT;0,9082
SP-3541406-52F752BA2E5A4D9D8A8DA576CBC0DD02;SP;Presidente Prudente;Reserva Legal Proposta;Analisado, aguardando regularização ambiental (Lei nº 12.651/2012);AT;2,0487
SP-3541406-6205ADC7374C4795910E41ACC2889318;SP;Presidente Prudente;Reserva Legal Proposta;Aguardando análise;AT;12,6544
SP-3541406-642005124DE84EEAA6B5A078BA04B169;SP;Presidente Prudente;Reserva Legal Proposta;Analisado, aguardando atendimento a notificação;AT;121,7539
SP-3541406-65A54E5F37C4407A8D95679F349BCFAA;SP;Presidente Prudente;Reserva Legal Proposta;Aguardando análise;AT;1,4789
SP-3541406-6712F82AF51F4BAA9F6BA87891346A72;SP;Presidente Prudente;Reserva Legal Proposta;Aguardando análise;AT;3,6238
SP-3541406-72DA0ECEB9724A84ADDF9FF5F2E31661;SP;Presidente Prudente;Reserva Legal Proposta;Analisado, em conformidade com a Lei nº 12.651/2012, com ativos ambientais;AT;0,9030
SP-3541406-734112BB3F154305BC5546EEEABD8E90;SP;Presidente Prudente;Reserva Legal Proposta;Aguardando análise;PE;6,9856
SP-3541406-73588A9E8D7848109BB532A3C07F0E40;SP;Presidente Prudente;Reserva Legal Proposta;Analisado, em conformidade com a Lei nº 12.651/2012, com ativos ambientais;AT;6,0574
SP-3541406-74907A9EA2FF476D80B9C10B96AC3D04;SP;Presidente Prudente;Reserva Legal Proposta;Analisado, aguardando atendimento a notificação;AT;4,8389
SP-3541406-767463A4C9C64F00878979C46758CFCA;SP;Presidente Prudente;Reserva Legal Proposta;Analisado, aguardando atendimento a notificação;AT;0,7769
SP-3541406-788E7EC6F19F4044B88FB607AD2A1F73;SP;Presidente Prudente;Reserva Legal Proposta;Analisado, aguardando regularização ambiental (Lei nº 12.651/2012);AT;1,6589
SP-3541406-7B8B3C6CBE894D5096ED1E15A71C6045;SP;Presidente Prudente;Reserva Legal Proposta;Analisado, aguardando regularização ambiental (Lei nº 12.651/2012);AT;10,5574
SP-3541406-7E8112EAE7194C53B6BA43A45015D838;SP;Presidente Prudente;Reserva Legal Proposta;Aguardando análise, após revisão ou atendimento da notificação;AT;103,0579
SP-3541406-80A141BB862C484FA5242A6A69B667F6;SP;Presidente Prudente;Reserva Legal Proposta;Analisado, em conformidade com a Lei nº 12.651/2012, com ativos ambientais;AT;1,2524
SP-3541406-81371C2CE5F94E4AB81F9483970B3F2E;SP;Presidente Prudente;Reserva Legal Proposta;Analisado, em conformidade com a Lei nº 12.651/2012, com ativos ambientais;AT;0,3799
SP-3541406-8486DF4EDB77495FB9B2463543DF97D7;SP;Presidente Prudente;Reserva Legal Proposta;Aguardando análise, após revisão ou atendimento da notificação;AT;22,6993
SP-3541406-84DA62387C1E4049BF3B59D02F88C905;SP;Presidente Prudente;Reserva Legal Proposta;Analisado, em conformidade com a Lei nº 12.651/2012, com ativos ambientais;AT;1,2005
SP-3541406-89F96C1155B2471A9A1EF8AD591E9B8A;SP;Presidente Prudente;Reserva Legal Proposta;Aguardando análise;AT;615,5081
SP-3541406-8A18D28E11664A7393B28D7E978177D3;SP;Presidente Prudente;Reserva Legal Proposta;Aguardando análise;AT;14,7893
SP-3541406-9225FD0E21F4498D8C5126AC1D5E9D20;SP;Presidente Prudente;Reserva Legal Proposta;Aguardando análise;AT;0,3432
SP-3541406-93523F738CBB4CFC894211E23E63FC2C;SP;Presidente Prudente;Reserva Legal Proposta;Aguardando análise;AT;3,8203
SP-3541406-96B62E42C9E849E5ADCEF816A5D9C862;SP;Presidente Prudente;Reserva Legal Proposta;Analisado, em conformidade com a Lei nº 12.651/2012, com ativos ambientais;AT;6,5576
SP-3541406-9952A8C242C243F4A9D0805401EC7F93;SP;Presidente Prudente;Reserva Legal Proposta;Analisado, aguardando atendimento a notificação;AT;0,6851
SP-3541406-A0236C1357054E768B24A30435A8CE8C;SP;Presidente Prudente;Reserva Legal Proposta;Aguardando análise;AT;2,9373
SP-3541406-A54FF74D989C4E04B2A7B0A1D9977425;SP;Presidente Prudente;Reserva Legal Proposta;Analisado, aguardando atendimento a notificação;AT;1,1119
SP-3541406-ABF8DB324A7640E79FD2F0CFAB3FC3CC;SP;Presidente Prudente;Reserva Legal Proposta;Analisado, em conformidade com a Lei nº 12.651/2012, com ativos ambientais;AT;5,6616
SP-3541406-B58BCA00E60548D0B0F93431FB852E38;SP;Presidente Prudente;Reserva Legal Proposta;Analisado, aguardando atendimento a notificação;AT;7,7245
SP-3541406-B73BA5BACFE740A998B9D5A8A9C0CBD4;SP;Presidente Prudente;Reserva Legal Proposta;Aguardando análise;AT;6,9373
SP-3541406-B7CF040816674E7B83792B9C2E7BC2AB;SP;Presidente Prudente;Reserva Legal Proposta;Analisado, aguardando atendimento a notificação;AT;0,0356
SP-3541406-B93F0EAFF45940A4889B48C739B19173;SP;Presidente Prudente;Reserva Legal Proposta;Aguardando análise;AT;37,0445
SP-3541406-BEDF9247AB3B465F8A96EA68C5DF5F84;SP;Presidente Prudente;Reserva Legal Proposta;Aguardando análise, após revisão ou atendimento da notificação;AT;0,8438
SP-3541406-C0934584A57D411292D0915B085DC584;SP;Presidente Prudente;Reserva Legal Proposta;Aguardando análise, após revisão ou atendimento da notificação;AT;3,9764
SP-3541406-C6BAE4DEFB134FF98E9F94DE3C5C6F44;SP;Presidente Prudente;Reserva Legal Proposta;Analisado, aguardando regularização ambiental (Lei nº 12.651/2012);AT;2,1737
SP-3541406-CA3E9174D05741D0951049059AFF1C57;SP;Presidente Prudente;Reserva Legal Proposta;Aguardando análise;AT;0,3032
SP-3541406-D43F2320565F43C0AE7A7BA018532762;SP;Presidente Prudente;Reserva Legal Proposta;Aguardando análise;AT;2,6301
SP-3541406-D7CDCD35ADB1470DA6F002355AD37F44;SP;Presidente Prudente;Reserva Legal Proposta;Aguardando análise;AT;3,3322
SP-3541406-DC0CFD33CC9845C5AB69591AF713D602;SP;Presidente Prudente;Reserva Legal Proposta;Analisado, aguardando atendimento a notificação;AT;0,7897
SP-3541406-DEBE2078759A4D0C94C7B777074368E6;SP;Presidente Prudente;Reserva Legal Proposta;Aguardando análise;AT;0,2031
SP-3541406-DEBE2078759A4D0C94C7B777074368E6;SP;Presidente Prudente;Reserva Legal Proposta;Aguardando análise;AT;0,1400
SP-3541406-DEBE2078759A4D0C94C7B777074368E6;SP;Presidente Prudente;Reserva Legal Proposta;Aguardando análise;AT;0,0795
SP-3541406-DEBE2078759A4D0C94C7B777074368E6;SP;Presidente Prudente;Reserva Legal Proposta;Aguardando análise;AT;0,2102
SP-3541406-DEBE2078759A4D0C94C7B777074368E6;SP;Presidente Prudente;Reserva Legal Proposta;Aguardando análise;AT;0,9128
SP-3541406-DFB14216DFF6401781731DB79CD73EA9;SP;Presidente Prudente;Reserva Legal Proposta;Aguardando análise;AT;17,2470
SP-3541406-E0A8C6C8E5084376BDAEF0E0E8066FE3;SP;Presidente Prudente;Reserva Legal Proposta;Analisado, aguardando atendimento a notificação;AT;29,5421
SP-3541406-E825C65C8E9648A3BE7E3EF853C7E933;SP;Presidente Prudente;Reserva Legal Proposta;Analisado, aguardando atendimento a notificação;AT;13,7947
SP-3541406-EADDD650336A425C98A20EEC72B145B6;SP;Presidente Prudente;Reserva Legal Proposta;Analisado, aguardando regularização ambiental (Lei nº 12.651/2012);AT;17,1731
SP-3541406-F3C0EA8271D349E1BD10FED4C32C102D;SP;Presidente Prudente;Reserva Legal Proposta;Aguardando análise;AT;4,7657
SP-3541406-F97CA4BD2F84497CBF6E722CDC7B00BB;SP;Presidente Prudente;Reserva Legal Proposta;Analisado, aguardando regularização ambiental (Lei nº 12.651/2012);AT;1,1400
SP-3541406-0D38C88769174EC6BA04F5724E4FB6F3;SP;Presidente Prudente;Reserva Legal Averbada;Analisado, aguardando atendimento a notificação;AT;1,2668
SP-3541406-1F7F30F1CA69435BA3750FA4259F74B0;SP;Presidente Prudente;Reserva Legal Averbada;Analisado, aguardando atendimento a notificação;AT;0,2914
SP-3541406-B4B165DEB771479181CD63C2A08C9F28;SP;Presidente Prudente;Reserva Legal Averbada;Aguardando análise;AT;7,3387
