cod_imovel;cod_estado;municipio;dat_criaca;dat_atuali;num_retific;mod_fiscal;nom_tema;ind_tipo;des_condic;ind_status;num_area
SP-3541406-005DC5E1BAC6417DB0A49EA22E0DB90F;SP;Presidente Prudente;2023-06-29;2023-09-12;1;1,4288;Área do imóvel;IRU;Aguardando análise, após revisão ou atendimento da notificação;AT;31,4585
SP-3541406-00CD5A2B86BC4CFE84999285E270B6B3;SP;Presidente Prudente;2022-08-12;2023-09-01;3;0,3304;Área do imóvel;IRU;Aguardando análise, após revisão ou atendimento da notificação;AT;7,2751
SP-3541406-01770CD59F924DF380F6D30E8FD507E0;SP;Presidente Prudente;2025-03-26;2025-04-23;1;1,0660;Área do imóvel;IRU;Analisado, em conformidade com a Lei nº 12.651/2012, com ativos ambientais;AT;23,4723
SP-3541406-01AFFD348113475C9DFB534904773518;SP;Presidente Prudente;2023-05-09;2023-09-11;1;0,9795;Área do imóvel;IRU;Aguardando análise, após revisão ou atendimento da notificação;AT;21,5661
SP-3541406-01C2C984CAD84A53862DB7A2C4E79614;SP;Presidente Prudente;2023-04-20;2023-06-16;1;2,4882;Área do imóvel;IRU;Aguardando análise, após revisão ou atendimento da notificação;AT;54,7826
SP-3541406-01EC78E37D334292B4C352087D6E5C71;SP;Presidente Prudente;2025-06-30;2025-07-02;2;15,2897;Área do imóvel;IRU;Aguardando análise, após revisão ou atendimento da notificação;AT;336,3730
SP-3541406-0280CAFC8C25453CA0FB415A02E9C3ED;SP;Presidente Prudente;2016-04-22;2022-12-01;0;0,4374;Área do imóvel;IRU;Analisado, aguardando atendimento a notificação;AT;9,6227
SP-3541406-02B7763CA31949F68FB97DDD14D72826;SP;Presidente Prudente;2024-08-29;2024-09-06;1;0,1657;Área do imóvel;IRU;Analisado, aguardando atendimento a notificação;AT;3,6450
SP-3541406-037DA1561FD94611A91ED2A66C3C6A1E;SP;Presidente Prudente;2025-06-25;2025-06-25;1;0,3554;Área do imóvel;IRU;Analisado, em conformidade com a Lei nº 12.651/2012, com ativos ambientais;AT;7,8248
SP-3541406-03938F6C06654C67BABEB12A7A7902B3;SP;Presidente Prudente;2025-08-13;2025-08-17;1;0,4070;Área do imóvel;IRU;Analisado, em conformidade com a Lei nº 12.651/2012, com ativos ambientais;PE;8,9614
SP-3541406-03B7FAD5F39540EFA7BEED48A9282382;SP;Presidente Prudente;2024-12-30;2025-01-23;1;0,2397;Área do imóvel;IRU;Aguardando análise, após revisão ou atendimento da notificação;AT;5,2729
SP-3541406-03BE486F238040DB8C7F31688B1B6538;SP;Presidente Prudente;2024-12-01;2025-02-04;2;0,0910;Área do imóvel;IRU;Analisado, aguardando atendimento a notificação;AT;2,0024
SP-3541406-0419121DEDA241BE9A1D1567BF692D80;SP;Presidente Prudente;2025-05-10;2025-05-10;1;0,1367;Área do imóvel;IRU;Aguardando análise;AT;3,0097
SP-3541406-045AAE2D67BF491A8D15F4345ED99349;SP;Presidente Prudente;2019-04-08;2023-09-07;2;5,3553;Área do imóvel;IRU;Aguardando análise;AT;117,8151
SP-3541406-04C78E2BB51D40CFB7130609C666F3C1;SP;Presidente Prudente;2025-02-27;2025-02-27;1;0,1759;Área do imóvel;IRU;Analisado, em conformidade com a Lei nº 12.651/2012, com ativos ambientais;AT;3,8724
SP-3541406-051AEB712421418E8FF77798C87F95D4;SP;Presidente Prudente;2025-08-16;2025-08-19;1;1,2335;Área do imóvel;IRU;Aguardando análise;AT;27,1574
SP-3541406-060836F6E18F435F8EB84C66A666355F;SP;Presidente Prudente;2025-07-21;2025-08-26;1;1,4853;Área do imóvel;IRU;Analisado, aguardando regularização ambiental (Lei nº 12.651/2012);AT;32,7012
SP-3541406-060E7D9C8551496B900E4452202076C8;SP;Presidente Prudente;2025-02-03;2025-02-03;3;6,3536;Área do imóvel;IRU;Aguardando análise;AT;139,9558
SP-3541406-0611E851D6354473BB7BAF20511C2487;SP;Presidente Prudente;2024-12-04;2024-12-04;1;0,1128;Área do imóvel;IRU;Analisado, em conformidade com a Lei nº 12.651/2012, com ativos ambientais;AT;2,4839
SP-3541406-068FB33D9EA0494396B818C8AF1F8BD2;SP;Presidente Prudente;2020-06-10;2022-12-01;1;0,2795;Área do imóvel;IRU;Aguardando análise;AT;6,1499
SP-3541406-069CF247C6A24C6CAB42941D9D11C71F;SP;Presidente Prudente;2022-12-08;2023-09-10;1;0,6596;Área do imóvel;IRU;Aguardando análise, após revisão ou atendimento da notificação;AT;14,5219
SP-3541406-06A3F70652534658A7B6B5B62148E9C1;SP;Presidente Prudente;2024-11-15;2024-11-18;1;0,4231;Área do imóvel;IRU;Analisado, em conformidade com a Lei nº 12.651/2012, com ativos ambientais;AT;9,3152
SP-3541406-06CC628E82414F85BB1AE29B5CC76C1B;SP;Presidente Prudente;2021-05-04;2023-09-09;2;4,8276;Área do imóvel;IRU;Aguardando análise;AT;106,2062
SP-3541406-06DE44F1407746C386233EC23CA43339;SP;Presidente Prudente;2023-06-13;2023-09-12;1;3,2177;Área do imóvel;IRU;Aguardando análise, após revisão ou atendimento da notificação;AT;70,8447
SP-3541406-0718A8E5FE464F1CB1F1FAD11F88C222;SP;Presidente Prudente;2023-08-24;2023-09-12;1;0,3708;Área do imóvel;IRU;Analisado, aguardando atendimento a notificação;AT;8,1641
SP-3541406-0761B219CEFA4C0CBD902D476F37A483;SP;Presidente Prudente;2015-06-26;2023-08-31;0;0,0287;Área do imóvel;IRU;Analisado, aguardando regularização ambiental (Lei nº 12.651/2012);AT;0,6305
SP-3541406-07820A7EBF6746A49A0145EE500617FF;SP;Presidente Prudente;2024-10-29;2024-11-19;0;0,2193;Área do imóvel;IRU;Analisado, aguardando atendimento a notificação;AT;4,8249
SP-3541406-0791C1E2A3FB489DA235BA0CEB401B4E;SP;Presidente Prudente;2024-09-03;2024-09-05;2;0,1697;Área do imóvel;IRU;Aguardando análise, após revisão ou atendimento da notificação;AT;3,7326
SP-3541406-0841DC8CCF3A429EA97225DC8A8EA3FE;SP;Presidente Prudente;2021-12-16;2022-12-01;0;0,3301;Área do imóvel;IRU;Aguardando análise;AT;7,2617
SP-3541406-08986370E6884F06964FD53BF41C18D3;SP;Presidente Prudente;2023-10-17;2023-10-18;1;0,1356;Área do imóvel;IRU;Aguardando análise;AT;2,9859
SP-3541406-08F343E1251A4BD48F18095CADB3D70B;SP;Presidente Prudente;2025-03-11;2025-03-12;4;0,6084;Área do imóvel;IRU;Analisado, em conformidade com a Lei nº 12.651/2012, com ativos ambientais;AT;13,3946
SP-3541406-08F7B27ACD2E4D0AB065F43FC4364D8A;SP;Presidente Prudente;2023-09-20;2023-09-20;1;0,0909;Área do imóvel;IRU;Aguardando análise;AT;2,0005
SP-3541406-0905EE33783E43C3823AE67D61BF6CF9;SP;Presidente Prudente;2023-08-21;2023-11-22;0;0,2194;Área do imóvel;IRU;Analisado, aguardando atendimento a notificação;AT;4,8263
SP-3541406-0946004003404111A536875A1BF72790;SP;Presidente Prudente;2014-11-22;2022-12-01;0;0,1933;Área do imóvel;IRU;Analisado, aguardando atendimento a notificação;AT;4,2517
SP-3541406-0989452124E2440E8D39697AA0BEDD0B;SP;Presidente Prudente;2015-10-14;2022-12-01;0;0,1029;Área do imóvel;IRU;Analisado, aguardando atendimento a notificação;AT;2,2631
SP-3541406-09C0329969DE447B938AB0264AF6FF18;SP;Presidente Prudente;2015-02-25;2022-12-01;0;0,4730;Área do imóvel;IRU;Analisado, aguardando atendimento a notificação;AT;10,4588
SP-3541406-09CF5AAB6B94420885F52491A6782053;SP;Presidente Prudente;2025-06-25;2026-04-22;5;1,6330;Área do imóvel;IRU;Aguardando análise;AT;35,9534
SP-3541406-09D6AF8667BE4EB191AF933C2AA8AC26;SP;Presidente Prudente;2023-02-16;2023-08-31;1;1,5541;Área do imóvel;IRU;Analisado, aguardando regularização ambiental (Lei nº 12.651/2012);AT;34,2173
SP-3541406-0A140E81F20E4C1A9E01B70100F4F780;SP;Presidente Prudente;2023-06-23;2023-06-23;1;0,3429;Área do imóvel;IRU;Aguardando análise;AT;7,5506
SP-3541406-0A6BFA297C4345289D2D8B357C96875A;SP;Presidente Prudente;2024-11-14;2024-11-17;1;0,1220;Área do imóvel;IRU;Analisado, em conformidade com a Lei nº 12.651/2012, com ativos ambientais;AT;2,6870
SP-3541406-0AE923DFBD004D35ABE1B72160692D7A;SP;Presidente Prudente;2025-03-10;2025-03-11;4;2,5221;Área do imóvel;IRU;Aguardando análise;AT;55,4852
SP-3541406-0B08A770537849C9AAFE22531D65CECF;SP;Presidente Prudente;2025-02-27;2025-02-27;1;0,1652;Área do imóvel;IRU;Analisado, em conformidade com a Lei nº 12.651/2012, com ativos ambientais;AT;3,6368
SP-3541406-0B147A261B3A4ED784647D1774D9293D;SP;Presidente Prudente;2024-08-02;2024-08-14;1;0,4395;Área do imóvel;IRU;Analisado, em conformidade com a Lei nº 12.651/2012;AT;9,6770
SP-3541406-0B6D67438F6047FBBDAA18FF5528E4F4;SP;Presidente Prudente;2024-11-14;2024-11-25;1;0,4038;Área do imóvel;IRU;Analisado, aguardando regularização ambiental (Lei nº 12.651/2012);AT;8,8904
SP-3541406-0B8405F100754A3A8E50040C45076223;SP;Presidente Prudente;2025-03-12;2025-03-13;1;0,8025;Área do imóvel;IRU;Aguardando análise;AT;17,6691
SP-3541406-0C083ED8393F484BB1DFB0EE02C0F187;SP;Presidente Prudente;2015-06-23;2022-12-01;0;0,1770;Área do imóvel;IRU;Analisado, aguardando atendimento a notificação;AT;3,8941
SP-3541406-0C6A4CFAA95F49E6B8D1F510220623CF;SP;Presidente Prudente;2025-02-27;2025-02-27;2;0,6083;Área do imóvel;IRU;Aguardando análise;AT;13,3923
SP-3541406-0C91F22F9B43488284F01602973B6317;SP;Presidente Prudente;2025-02-27;2025-02-27;4;0,1426;Área do imóvel;IRU;Analisado, em conformidade com a Lei nº 12.651/2012, com ativos ambientais;AT;3,1397
SP-3541406-0CD723B4F15B4E0B8D8C6470023845B8;SP;Presidente Prudente;2025-07-01;2025-07-02;3;0,2560;Área do imóvel;IRU;Analisado, em conformidade com a Lei nº 12.651/2012, com ativos ambientais;AT;5,6355
SP-3541406-0CDB5C38776D4DD48CA1222BE1A37905;SP;Presidente Prudente;2023-06-22;2023-06-22;3;0,8752;Área do imóvel;IRU;Aguardando análise;AT;19,2696
SP-3541406-0D4F0836663F4EE0A8BF766BFF376CCF;SP;Presidente Prudente;2025-03-13;2025-03-13;1;0,1502;Área do imóvel;IRU;Analisado, em conformidade com a Lei nº 12.651/2012, com ativos ambientais;AT;3,3066
SP-3541406-0D8225365B0A45919C49841F5905A13A;SP;Presidente Prudente;2017-12-31;2023-10-23;2;3,1350;Área do imóvel;IRU;Analisado, aguardando atendimento a notificação;AT;68,9693
SP-3541406-0D9D1B36E0A74AAD87F90AF3AB9B57B2;SP;Presidente Prudente;2023-09-06;2023-09-12;1;0,1446;Área do imóvel;IRU;Aguardando análise, após revisão ou atendimento da notificação;AT;3,1803
SP-3541406-0E417B28F4EA4943B2EDB2D096B196F6;SP;Presidente Prudente;2020-01-14;2025-02-27;2;0,3391;Área do imóvel;IRU;Aguardando análise;AT;7,4600
SP-3541406-0E5AFE0E20EE4F6F85675F4ABFFD89EC;SP;Presidente Prudente;2023-08-25;2023-08-25;1;1,0944;Área do imóvel;IRU;Aguardando análise;AT;24,0949
SP-3541406-0E6428235112439ABDD67E6589483FBC;SP;Presidente Prudente;2023-10-04;2023-10-04;1;0,3849;Área do imóvel;IRU;Aguardando análise;AT;8,4740
SP-3541406-0E7DC87F55A64B6689BA906471AFDBBA;SP;Presidente Prudente;2023-02-02;2023-11-17;7;0,3962;Área do imóvel;IRU;Analisado, aguardando atendimento a notificação;AT;8,7154
SP-3541406-0EA770868C11420C9E9E391CD10A1BEC;SP;Presidente Prudente;2024-12-27;2025-01-23;1;0,1182;Área do imóvel;IRU;Analisado, em conformidade com a Lei nº 12.651/2012, com ativos ambientais;AT;2,6029
SP-3541406-0EB1B3D60EFD475BA57BEE69B47ECF03;SP;Presidente Prudente;2025-06-26;2025-06-26;1;0,5314;Área do imóvel;IRU;Analisado, aguardando regularização ambiental (Lei nº 12.651/2012);AT;11,6988
SP-3541406-0ECDD1BC26E64D3B9FA00AF17CDA64CF;SP;Presidente Prudente;2025-06-26;2025-06-26;1;0,7770;Área do imóvel;IRU;Analisado, em conformidade com a Lei nº 12.651/2012, com ativos ambientais;AT;17,0934
SP-3541406-0EF422F8631945559672FBCA6AD7F7BD;SP;Presidente Prudente;2023-06-15;2023-09-12;1;0,4285;Área do imóvel;IRU;Analisado, aguardando atendimento a notificação;AT;9,4278
SP-3541406-0F17501882C045FD9046373EAF89E4AC;SP;Presidente Prudente;2022-12-07;2023-09-10;1;0,5499;Área do imóvel;IRU;Aguardando análise, após revisão ou atendimento da notificação;AT;12,1075
SP-3541406-0F322A88DF10477AA13C7417EC366BF6;SP;Presidente Prudente;2023-05-23;2023-09-12;3;0,4905;Área do imóvel;IRU;Aguardando análise, após revisão ou atendimento da notificação;AT;10,8001
SP-3541406-0F33302622DE486C9807BF4FFB8595B2;SP;Presidente Prudente;2024-08-21;2024-08-24;1;0,5500;Área do imóvel;IRU;Analisado, em conformidade com a Lei nº 12.651/2012;AT;12,1088
SP-3541406-0F3B7809C540403DB27B5B6242159A53;SP;Presidente Prudente;2019-08-23;2022-12-01;0;0,2202;Área do imóvel;IRU;Aguardando análise;AT;4,8438
SP-3541406-0F57B89C9F7A4B159B6D5F7CC5C7A4BC;SP;Presidente Prudente;2025-03-18;2025-03-19;1;1,1148;Área do imóvel;IRU;Aguardando análise;AT;24,5444
SP-3541406-0F5C2DF4F79548A39C603228057602A6;SP;Presidente Prudente;2025-07-22;2025-07-22;1;0,9213;Área do imóvel;IRU;Aguardando análise;AT;20,2835
SP-3541406-0F6C5711F13F4B15A05D72A0EBDF4559;SP;Presidente Prudente;2015-06-27;2022-12-01;0;10,0796;Área do imóvel;IRU;Analisado, aguardando atendimento a notificação;AT;222,6435
SP-3541406-0F6FD44D128A4AA68AEC584383E64EB9;SP;Presidente Prudente;2025-08-20;2026-04-15;7;1,3274;Área do imóvel;IRU;Analisado, aguardando atendimento a notificação;AT;29,2037
SP-3541406-0F79EA08CD614D76B8F19896E7137EE2;SP;Presidente Prudente;2023-06-20;2023-06-20;2;0,1894;Área do imóvel;IRU;Aguardando análise;AT;4,1690
SP-3541406-0F8B885901084AD79472A6BEFD9AB75C;SP;Presidente Prudente;2025-06-24;2025-06-24;1;0,9184;Área do imóvel;IRU;Aguardando análise;AT;20,2204
SP-3541406-1040E97CE2EF4307B38313CD8C868670;SP;Presidente Prudente;2023-08-29;2023-11-22;0;0,5835;Área do imóvel;IRU;Analisado, aguardando atendimento a notificação;AT;12,8373
SP-3541406-1076455B1AD043309652CC16C8938A5B;SP;Presidente Prudente;2023-06-15;2023-06-15;2;0,6026;Área do imóvel;IRU;Aguardando análise;AT;13,2676
SP-3541406-10AC2F61BC80467F9CF91AAFDBA34B71;SP;Presidente Prudente;2024-11-16;2024-11-25;1;0,9828;Área do imóvel;IRU;Analisado, em conformidade com a Lei nº 12.651/2012;AT;21,6385
SP-3541406-10E3351289D04D679FD3EBA82B6DE6A8;SP;Presidente Prudente;2023-08-23;2023-09-12;1;0,1814;Área do imóvel;IRU;Analisado, em conformidade com a Lei nº 12.651/2012;AT;3,9930
SP-3541406-10E60C568A6847FCA428BC21A0452399;SP;Presidente Prudente;2025-06-24;2025-06-24;3;3,9076;Área do imóvel;IRU;Analisado, em conformidade com a Lei nº 12.651/2012, com ativos ambientais;AT;85,9675
SP-3541406-11007C79390247C59F694F31336636A1;SP;Presidente Prudente;2024-07-30;2024-08-14;1;0,3313;Área do imóvel;IRU;Analisado, em conformidade com a Lei nº 12.651/2012;AT;7,2941
SP-3541406-1111498D46624A2EB88BE0D2057BD994;SP;Presidente Prudente;2022-05-05;2022-12-01;14;2,6530;Área do imóvel;IRU;Analisado, aguardando atendimento a notificação;AT;58,3649
SP-3541406-1121E610A37C41D29834E4F1EF6E9121;SP;Presidente Prudente;2020-09-02;2022-12-01;0;1,7562;Área do imóvel;IRU;Analisado, aguardando atendimento a notificação;AT;38,6362
SP-3541406-112257D95C464297BFC09C9319597639;SP;Presidente Prudente;2021-05-17;2022-09-28;0;0,1768;Área do imóvel;IRU;Analisado, aguardando atendimento a notificação;AT;3,8904
SP-3541406-1136DDC6AED3495391B32115A03FB17A;SP;Presidente Prudente;2025-02-27;2025-02-27;1;0,4102;Área do imóvel;IRU;Aguardando análise;AT;9,0312
SP-3541406-116BC5C019974CBCA76DFE21CCD9925E;SP;Presidente Prudente;2023-12-23;2023-12-23;5;1,8218;Área do imóvel;IRU;Aguardando análise;AT;40,1097
SP-3541406-11D0604CC9314667B7335B32A39B75AF;SP;Presidente Prudente;2025-03-18;2025-03-19;1;0,5589;Área do imóvel;IRU;Aguardando análise;AT;12,3041
SP-3541406-11E89703ADAF4436BB37295544EFF1CF;SP;Presidente Prudente;2025-06-24;2025-06-24;1;0,5373;Área do imóvel;IRU;Aguardando análise;AT;11,8289
SP-3541406-11EE45056B7542268C603833374ACC42;SP;Presidente Prudente;2022-12-31;2023-09-11;1;0,4629;Área do imóvel;IRU;Aguardando análise, após revisão ou atendimento da notificação;AT;10,1916
SP-3541406-1205CF8670D8428CB7D9228F740A2703;SP;Presidente Prudente;2025-07-22;2025-07-22;2;0,8543;Área do imóvel;IRU;Analisado, em conformidade com a Lei nº 12.651/2012, com ativos ambientais;AT;18,8089
SP-3541406-1215594D446242F19BEC3510C9601581;SP;Presidente Prudente;2019-04-29;2023-08-31;0;0,0351;Área do imóvel;IRU;Analisado, aguardando regularização ambiental (Lei nº 12.651/2012);AT;0,7732
SP-3541406-121C86505F424AAC9C220D29167545E8;SP;Presidente Prudente;2025-08-16;2025-08-20;4;3,0450;Área do imóvel;IRU;Analisado, aguardando regularização ambiental (Lei nº 12.651/2012);AT;67,0426
SP-3541406-12402E217459456BB2BE294435606FB2;SP;Presidente Prudente;2025-08-04;2025-08-06;8;0,5500;Área do imóvel;IRU;Analisado, em conformidade com a Lei nº 12.651/2012, com ativos ambientais;AT;12,0994
SP-3541406-12508205A84F49F1AFCE88CFFAF92343;SP;Presidente Prudente;2025-05-07;2025-05-08;1;0,0908;Área do imóvel;IRU;Analisado, em conformidade com a Lei nº 12.651/2012;AT;1,9981
SP-3541406-128B9ABB9BB34C109C5167971EADD408;SP;Presidente Prudente;2024-12-02;2024-12-23;1;0,2281;Área do imóvel;IRU;Analisado, em conformidade com a Lei nº 12.651/2012;AT;5,0182
SP-3541406-135827E707114E8D87872D723BA38546;SP;Presidente Prudente;2015-06-22;2023-02-15;0;0,3045;Área do imóvel;IRU;Analisado, aguardando atendimento a notificação;AT;6,6997
SP-3541406-138C3A4868DF483484F9E45FB4F0A32A;SP;Presidente Prudente;2023-10-06;2023-11-18;2;1,1000;Área do imóvel;IRU;Analisado, aguardando atendimento a notificação;AT;24,2000
SP-3541406-138FFFF3FE4F411EA8202F9F65B93366;SP;Presidente Prudente;2024-11-15;2024-11-26;1;0,2325;Área do imóvel;IRU;Analisado, aguardando regularização ambiental (Lei nº 12.651/2012);AT;5,1196
SP-3541406-13A9679C17F14420B804BB20FE321CF7;SP;Presidente Prudente;2021-06-18;2022-12-01;0;0,7931;Área do imóvel;IRU;Analisado, aguardando atendimento a notificação;AT;17,4482
SP-3541406-13D42A46371F4896B7911DA17C6024C3;SP;Presidente Prudente;2017-05-22;2023-09-06;2;7,7987;Área do imóvel;IRU;Aguardando análise;AT;171,5703
SP-3541406-13D4B1A98F7B454A8C1ECD2B3F984F78;SP;Presidente Prudente;2024-11-25;2024-11-25;0;0,7441;Área do imóvel;IRU;Aguardando análise;AT;16,3712
SP-3541406-13EDB8D406934C9FB8C7D7E9BA771709;SP;Presidente Prudente;2025-07-01;2025-07-02;1;0,3274;Área do imóvel;IRU;Analisado, em conformidade com a Lei nº 12.651/2012, com ativos ambientais;AT;7,2077
SP-3541406-13F6BDEE526341D4BABAFD6E3CF26FD9;SP;Presidente Prudente;2024-12-27;2025-01-23;1;0,2195;Área do imóvel;IRU;Analisado, em conformidade com a Lei nº 12.651/2012;AT;4,8338
SP-3541406-142CDE4BE91D4E9EA6639A5353DF493B;SP;Presidente Prudente;2023-06-19;2023-06-19;1;0,7645;Área do imóvel;IRU;Aguardando análise;AT;16,8312
SP-3541406-1450CEC4C6AA402B9AEF999CF086291E;SP;Presidente Prudente;2015-05-08;2022-12-01;0;0,9274;Área do imóvel;IRU;Analisado, aguardando atendimento a notificação;AT;20,4024
SP-3541406-146E94DADB42451AB6EC573179DEDCE8;SP;Presidente Prudente;2025-07-20;2025-07-21;2;2,5505;Área do imóvel;IRU;Aguardando análise;AT;56,1534
SP-3541406-1498829DB9154A45874EB46AEEC7F592;SP;Presidente Prudente;2019-05-21;2023-09-07;2;9,0390;Área do imóvel;IRU;Aguardando análise;AT;198,8589
SP-3541406-14E1EFEF9E534D39A06DC69BC15C054E;SP;Presidente Prudente;2024-09-27;2024-10-30;0;0,0909;Área do imóvel;IRU;Analisado, aguardando atendimento a notificação;AT;1,9998
SP-3541406-14EC3C83593341DCB7C501E601361010;SP;Presidente Prudente;2025-08-15;2025-08-19;2;2,2526;Área do imóvel;IRU;Analisado, aguardando regularização ambiental (Lei nº 12.651/2012);AT;49,5945
SP-3541406-14FFF27B547F4DC2BD01BB9292580496;SP;Presidente Prudente;2025-07-01;2025-07-02;1;0,5643;Área do imóvel;IRU;Analisado, aguardando regularização ambiental (Lei nº 12.651/2012);AT;12,4241
SP-3541406-1509E19C8D294677B4B601330F5B8CD2;SP;Presidente Prudente;2025-03-15;2025-04-27;2;0,9402;Área do imóvel;IRU;Analisado, em conformidade com a Lei nº 12.651/2012, com ativos ambientais;AT;20,6854
SP-3541406-154F2BA1DCFC42EBADDD787E665B340A;SP;Presidente Prudente;2025-02-27;2025-02-27;1;0,6150;Área do imóvel;IRU;Aguardando análise;AT;13,5409
SP-3541406-15602B8DFAC4488B8BE715DDD8BDEBF0;SP;Presidente Prudente;2025-08-16;2025-08-19;1;0,8984;Área do imóvel;IRU;Aguardando análise;AT;19,7794
SP-3541406-15C8182F94894FDEB57A6EED0F359C05;SP;Presidente Prudente;2024-11-28;2024-12-23;1;0,0911;Área do imóvel;IRU;Analisado, em conformidade com a Lei nº 12.651/2012, com ativos ambientais;AT;2,0050
SP-3541406-15DB9ACA95144E21943C5050B13FB1CF;SP;Presidente Prudente;2025-05-09;2025-05-09;1;1,9832;Área do imóvel;IRU;Analisado, aguardando atendimento a notificação;AT;43,6638
SP-3541406-1631B7ED5903477FBAF2E0687ABB2563;SP;Presidente Prudente;2022-05-12;2022-12-01;0;0,5786;Área do imóvel;IRU;Analisado, aguardando atendimento a notificação;AT;12,7298
SP-3541406-1691910999C44406AE09063FB326C3E4;SP;Presidente Prudente;2023-12-22;2023-12-26;3;0,1100;Área do imóvel;IRU;Analisado, em conformidade com a Lei nº 12.651/2012;AT;2,4228
SP-3541406-16965EDB7A614B6B93E0A3FEF3DD2048;SP;Presidente Prudente;2025-05-08;2025-05-09;1;0,5025;Área do imóvel;IRU;Analisado, em conformidade com a Lei nº 12.651/2012, com ativos ambientais;AT;11,0644
SP-3541406-16B17DCEA8234D5D81251F1290044D50;SP;Presidente Prudente;2025-07-02;2025-07-04;0;0,1328;Área do imóvel;IRU;Aguardando análise, após revisão ou atendimento da notificação;AT;2,9211
SP-3541406-16B479799DD04D308B616B161ECFD511;SP;Presidente Prudente;2022-03-12;2022-12-01;0;0,6602;Área do imóvel;IRU;Analisado, aguardando atendimento a notificação;AT;14,5234
SP-3541406-173EE5810AB84714A3E6E47B1D23FC99;SP;Presidente Prudente;2025-02-27;2025-02-27;1;0,8951;Área do imóvel;IRU;Aguardando análise;AT;19,7073
SP-3541406-1744906257C342719242067B7E6F6C69;SP;Presidente Prudente;2019-04-13;2022-12-01;1;0,0913;Área do imóvel;IRU;Analisado, aguardando atendimento a notificação;AT;2,0075
SP-3541406-17606FF75B8447FFB19DE7D912F274AB;SP;Presidente Prudente;2023-07-03;2023-07-03;4;0,6470;Área do imóvel;IRU;Analisado, aguardando regularização ambiental (Lei nº 12.651/2012);AT;14,2342
SP-3541406-1851B59EF9A744519FDD549038F12FF0;SP;Presidente Prudente;2015-12-16;2022-12-01;1;2,5431;Área do imóvel;IRU;Analisado, aguardando atendimento a notificação;AT;55,9481
SP-3541406-186E215D240B4EFFAC2709CEE7E5E950;SP;Presidente Prudente;2023-01-24;2023-09-11;3;1,7655;Área do imóvel;IRU;Aguardando análise, após revisão ou atendimento da notificação;AT;38,8707
SP-3541406-18854773F246424BBDD62DB4CAAAED4A;SP;Presidente Prudente;2025-01-31;2025-02-01;1;0,0315;Área do imóvel;IRU;Aguardando análise;AT;0,6939
SP-3541406-18D26F9FD840450587FC746E710AB931;SP;Presidente Prudente;2025-03-11;2025-03-12;0;0,2270;Área do imóvel;IRU;Aguardando análise;AT;4,9929
SP-3541406-18D2AE33D32845F297F1A36E57DB2B80;SP;Presidente Prudente;2021-02-22;2022-12-01;0;0,2631;Área do imóvel;IRU;Analisado, aguardando atendimento a notificação;AT;5,7890
SP-3541406-19712B0A95E146A1BAB1C8D825DF634A;SP;Presidente Prudente;2015-07-17;2022-12-01;0;0,2987;Área do imóvel;IRU;Analisado, aguardando atendimento a notificação;AT;6,5712
SP-3541406-1981F17B64E8406BAD7B434E6524CD5C;SP;Presidente Prudente;2017-02-14;2022-12-01;1;1,6965;Área do imóvel;IRU;Analisado, aguardando atendimento a notificação;AT;37,3827
SP-3541406-19947FE1FC7844C2BF70C72B3849DF87;SP;Presidente Prudente;2015-12-16;2023-09-06;1;6,6215;Área do imóvel;IRU;Aguardando análise;AT;145,6732
SP-3541406-199C8546D3634E12A0FAC7745540289B;SP;Presidente Prudente;2025-03-18;2025-03-19;1;0,2043;Área do imóvel;IRU;Aguardando análise;AT;4,4991
SP-3541406-1A2ABB8EFC32435D8BEDBEC47C370309;SP;Presidente Prudente;2021-11-24;2022-12-01;2;4,4976;Área do imóvel;IRU;Analisado, aguardando atendimento a notificação;AT;98,9476
SP-3541406-1A4C7D164ED5422DB0B1F9805F28F121;SP;Presidente Prudente;2025-03-11;2025-03-12;1;1,3338;Área do imóvel;IRU;Aguardando análise;AT;29,3427
SP-3541406-1A66CB9AA1324414902EC46981981368;SP;Presidente Prudente;2023-02-15;2023-09-11;1;0,3046;Área do imóvel;IRU;Aguardando análise, após revisão ou atendimento da notificação;AT;6,7065
SP-3541406-1A803CA4C31545ACB98096646D51E101;SP;Presidente Prudente;2024-12-11;2024-12-23;2;0,5496;Área do imóvel;IRU;Analisado, em conformidade com a Lei nº 12.651/2012, com ativos ambientais;AT;12,1003
SP-3541406-1A90E703F9074A75A73EE5221EE36A76;SP;Presidente Prudente;2015-12-20;2022-12-01;0;1,6599;Área do imóvel;IRU;Analisado, em conformidade com a Lei nº 12.651/2012;AT;36,5176
SP-3541406-1AB0939CAC4E4925BD55860E18AABD6E;SP;Presidente Prudente;2023-07-18;2023-08-22;0;0,1354;Área do imóvel;IRU;Analisado, em conformidade com a Lei nº 12.651/2012, com ativos ambientais;AT;2,9777
SP-3541406-1ADB489522BA44C182E37C221E2E2693;SP;Presidente Prudente;2016-08-24;2022-12-01;0;0,3500;Área do imóvel;IRU;Analisado, aguardando atendimento a notificação;AT;7,7001
SP-3541406-1B0515E48CCB4B4D962F8FC76A6E42F0;SP;Presidente Prudente;2025-06-20;2025-06-20;1;0,5677;Área do imóvel;IRU;Aguardando análise;AT;12,4986
SP-3541406-1B1A4699CF954AC68E91C677656ADAE6;SP;Presidente Prudente;2025-06-20;2025-06-20;2;1,1009;Área do imóvel;IRU;Analisado, em conformidade com a Lei nº 12.651/2012, com ativos ambientais;AT;24,2385
SP-3541406-1BAF113A1CC54E50A4C954D6C1EFD350;SP;Presidente Prudente;2025-07-22;2025-07-22;1;1,4093;Área do imóvel;IRU;Analisado, em conformidade com a Lei nº 12.651/2012, com ativos ambientais;AT;31,0282
SP-3541406-1BC79154ADEE4EB79136BA3DDA4C46AA;SP;Presidente Prudente;2023-09-13;2025-11-03;0;0,8814;Área do imóvel;IRU;Aguardando análise;AT;19,3913
SP-3541406-1C3C1608969548FDBAE11BEF1B0BD760;SP;Presidente Prudente;2025-05-10;2025-05-10;1;0,6748;Área do imóvel;IRU;Aguardando análise;AT;14,8576
SP-3541406-1C55805894874587B7FE866A10713EE6;SP;Presidente Prudente;2025-01-27;2025-01-30;7;1,1058;Área do imóvel;IRU;Aguardando análise;AT;24,3286
SP-3541406-1C857972BF08470AADAB3EBFAA84AD83;SP;Presidente Prudente;2025-07-29;2025-07-29;3;0,5557;Área do imóvel;IRU;Aguardando análise;AT;12,2259
SP-3541406-1C9780C259404FDAB800B4918DA1B2AC;SP;Presidente Prudente;2024-11-17;2024-11-25;2;0,2313;Área do imóvel;IRU;Analisado, aguardando regularização ambiental (Lei nº 12.651/2012);AT;5,0930
SP-3541406-1CD6EC1A556C4C1FA71C7CCB3F97C213;SP;Presidente Prudente;2025-07-01;2025-07-02;1;0,3128;Área do imóvel;IRU;Analisado, aguardando atendimento a notificação;AT;6,8862
SP-3541406-1CE0B8EC90F94D75A25424E2F330D38C;SP;Presidente Prudente;2025-05-27;2025-05-27;1;0,0990;Área do imóvel;IRU;Aguardando análise;PE;2,1773
SP-3541406-1D0044375B6D4C429247B1E86DBFC595;SP;Presidente Prudente;2022-02-23;2022-12-01;0;0,1115;Área do imóvel;IRU;Analisado, aguardando atendimento a notificação;AT;2,4526
SP-3541406-1D273E89262347CEB33EA0487D01B130;SP;Presidente Prudente;2025-07-02;2025-07-07;0;0,2808;Área do imóvel;IRU;Analisado, aguardando atendimento a notificação;AT;6,1771
SP-3541406-1D3BF154BA3D44AB9D26EF30515B1B80;SP;Presidente Prudente;2024-11-15;2024-11-26;2;0,5584;Área do imóvel;IRU;Analisado, em conformidade com a Lei nº 12.651/2012;AT;12,2948
SP-3541406-1D42078D39B34ED2816CB26FB6780FAE;SP;Presidente Prudente;2020-06-24;2022-12-01;2;0,2918;Área do imóvel;IRU;Aguardando análise;AT;6,4202
SP-3541406-1D48C630047246E4AD7AEE91409520A9;SP;Presidente Prudente;2021-02-07;2025-11-03;0;0,0594;Área do imóvel;IRU;Analisado, aguardando atendimento a notificação;AT;1,3065
SP-3541406-1D6E25C718104414A9181401BD206D69;SP;Presidente Prudente;2024-07-15;2024-07-16;1;0,1005;Área do imóvel;IRU;Analisado, em conformidade com a Lei nº 12.651/2012;AT;2,2129
SP-3541406-1D7DEB29D55C4E92B6E8996C30C25C78;SP;Presidente Prudente;2016-08-25;2022-12-01;0;3,1925;Área do imóvel;IRU;Analisado, aguardando atendimento a notificação;AT;70,5207
SP-3541406-1D92232ECB194A1AA4CCA77F59C10567;SP;Presidente Prudente;2025-07-23;2025-07-23;0;0,5970;Área do imóvel;IRU;Analisado, aguardando atendimento a notificação;AT;13,1339
SP-3541406-1D93105B3C2C4D858F6B41379E5CDC7F;SP;Presidente Prudente;2024-09-27;2024-09-27;1;0,3005;Área do imóvel;IRU;Analisado, em conformidade com a Lei nº 12.651/2012;AT;6,6171
SP-3541406-1DBAFA7945924BC0A408578A881DE674;SP;Presidente Prudente;2019-07-17;2022-12-01;0;0,2397;Área do imóvel;IRU;Analisado, aguardando atendimento a notificação;AT;5,2737
SP-3541406-1DC44750756146DDADCA20156CB54622;SP;Presidente Prudente;2025-08-05;2025-08-06;5;2,0521;Área do imóvel;IRU;Analisado, em conformidade com a Lei nº 12.651/2012, com ativos ambientais;AT;45,1470
SP-3541406-1DC951D9C08849ADAD40B5BC4DDA5D66;SP;Presidente Prudente;2022-12-31;2023-09-11;1;0,5286;Área do imóvel;IRU;Aguardando análise, após revisão ou atendimento da notificação;AT;11,6391
SP-3541406-1DD5C6B29E2040C4AB9F52138727F5CB;SP;Presidente Prudente;2018-03-15;2022-12-01;1;0,0984;Área do imóvel;IRU;Aguardando análise;AT;2,1653
SP-3541406-1DE2C43E3D23444FA6D0015027D2ADEB;SP;Presidente Prudente;2025-07-16;2025-07-16;1;1,0818;Área do imóvel;IRU;Analisado, aguardando regularização ambiental (Lei nº 12.651/2012);AT;23,8184
SP-3541406-1DEEFE9ABFBA4938B8AD629AFFB38D28;SP;Presidente Prudente;2025-07-24;2025-07-24;1;0,2842;Área do imóvel;IRU;Aguardando análise;AT;6,2569
SP-3541406-1E162B94B47C40D4AB6CB98DD9325D26;SP;Presidente Prudente;2025-06-18;2025-06-18;1;2,7653;Área do imóvel;IRU;Aguardando análise;AT;60,8811
SP-3541406-1E5E4EBA74E04F6280C7F6EE58C7BD2E;SP;Presidente Prudente;2025-04-15;2025-04-16;2;1,2472;Área do imóvel;IRU;Aguardando análise;AT;27,4376
SP-3541406-1E80B162424B48C68133067632986A75;SP;Presidente Prudente;2025-06-30;2025-06-30;6;6,5464;Área do imóvel;IRU;Aguardando análise;AT;144,0212
SP-3541406-1E9E9EA1655F44C0999A0A360D2C53EE;SP;Presidente Prudente;2024-07-16;2024-07-16;2;0,1577;Área do imóvel;IRU;Analisado, em conformidade com a Lei nº 12.651/2012;AT;3,4724
SP-3541406-1EC9AFDC34D8497F8D76144FADAC9712;SP;Presidente Prudente;2022-12-24;2022-12-24;1;3,6070;Área do imóvel;IRU;Aguardando análise;AT;79,3548
SP-3541406-1F7438B1ECE94469A253B3EE430B9543;SP;Presidente Prudente;2024-11-15;2024-11-22;1;0,2754;Área do imóvel;IRU;Analisado, em conformidade com a Lei nº 12.651/2012;AT;6,0641
SP-3541406-1F884D96C18C487EB5D40A667C5A6750;SP;Presidente Prudente;2025-03-11;2025-03-12;2;0,3028;Área do imóvel;IRU;Aguardando análise;AT;6,6663
SP-3541406-1FA6263E0828478CA39886E9B27046A3;SP;Presidente Prudente;2025-07-22;2025-07-22;2;0,3310;Área do imóvel;IRU;Aguardando análise;AT;7,2874
SP-3541406-201B4F218C6948F9A020A67B174077D9;SP;Presidente Prudente;2023-09-27;2023-09-27;1;1,4300;Área do imóvel;IRU;Aguardando análise;AT;31,4846
SP-3541406-2054A950B3EE4039B943EFC45F9F6F8C;SP;Presidente Prudente;2025-08-05;2025-08-06;6;2,1338;Área do imóvel;IRU;Analisado, aguardando regularização ambiental (Lei nº 12.651/2012);AT;46,9430
SP-3541406-20CA9485994E4DD0B473D578D873A3DB;SP;Presidente Prudente;2015-02-27;2022-12-01;0;0,3215;Área do imóvel;IRU;Analisado, aguardando atendimento a notificação;AT;7,0731
SP-3541406-211B271030914963BD95DEAF0DCF3139;SP;Presidente Prudente;2023-06-29;2023-09-12;2;2,1749;Área do imóvel;IRU;Aguardando análise, após revisão ou atendimento da notificação;AT;47,8843
SP-3541406-2146C8AD9098464384469EF0AA507C77;SP;Presidente Prudente;2025-07-29;2025-07-29;8;2,0767;Área do imóvel;IRU;Analisado, aguardando regularização ambiental (Lei nº 12.651/2012);AT;45,6875
SP-3541406-21484C0A5B8949F5B81E8A8A9A6F91E6;SP;Presidente Prudente;2025-08-01;2025-08-01;4;0,6218;Área do imóvel;IRU;Aguardando análise;AT;13,6790
SP-3541406-217E3091135E467DA0B4C836F81DE1AB;SP;Presidente Prudente;2025-06-24;2025-07-04;1;0,2300;Área do imóvel;IRU;Analisado, em conformidade com a Lei nº 12.651/2012, com ativos ambientais;AT;5,0595
SP-3541406-2185D8CC1AD34852A1E39C432262B179;SP;Presidente Prudente;2025-06-24;2025-06-24;1;0,5498;Área do imóvel;IRU;Aguardando análise;AT;12,1040
SP-3541406-2199922EF86B47DC90182A800740EDBC;SP;Presidente Prudente;2019-01-16;2023-08-31;0;0,0253;Área do imóvel;IRU;Analisado, aguardando regularização ambiental (Lei nº 12.651/2012);AT;0,5562
SP-3541406-219C2B3E77C14CCEB2D8B5CB2B8A73D7;SP;Presidente Prudente;2024-07-19;2024-08-14;2;0,2356;Área do imóvel;IRU;Analisado, aguardando regularização ambiental (Lei nº 12.651/2012);AT;5,1870
SP-3541406-21E58618D83F4DDBBB06AA10663D402D;SP;Presidente Prudente;2021-10-12;2022-12-01;5;0,1925;Área do imóvel;IRU;Aguardando análise;AT;4,2343
SP-3541406-21FF70BE5F134FFCB1B65BDD69249670;SP;Presidente Prudente;2025-02-27;2025-02-27;1;1,7899;Área do imóvel;IRU;Analisado, aguardando regularização ambiental (Lei nº 12.651/2012);AT;39,4089
SP-3541406-22295DF3B0054DA1B22187B2A775D72D;SP;Presidente Prudente;2025-08-15;2025-08-19;1;4,0222;Área do imóvel;IRU;Aguardando análise;AT;88,4877
SP-3541406-224A978C716248A4ACD7A82FEAFB203E;SP;Presidente Prudente;2025-07-03;2025-07-04;1;1,1543;Área do imóvel;IRU;Analisado, aguardando regularização ambiental (Lei nº 12.651/2012);AT;25,4186
SP-3541406-22938F504643439BB04A2BE0C295371D;SP;Presidente Prudente;2025-01-31;2025-02-01;1;0,1396;Área do imóvel;IRU;Aguardando análise;AT;3,0723
SP-3541406-22A2B57FD8474D0DB413368114DA9DFC;SP;Presidente Prudente;2018-01-04;2023-02-15;0;3,3588;Área do imóvel;IRU;Analisado, aguardando atendimento a notificação;AT;73,8932
SP-3541406-22A6A1E1890C490BB9365792DA89C0E8;SP;Presidente Prudente;2025-07-04;2025-07-04;2;1,1498;Área do imóvel;IRU;Analisado, em conformidade com a Lei nº 12.651/2012, com ativos ambientais;AT;25,3144
SP-3541406-22BF645442994028BFC792E8B021FB2C;SP;Presidente Prudente;2025-07-30;2025-08-05;0;0,8527;Área do imóvel;IRU;Analisado, aguardando atendimento a notificação;AT;18,7593
SP-3541406-22CAD8CD172040388F61366DACE69755;SP;Presidente Prudente;2024-08-20;2024-10-30;0;0,2078;Área do imóvel;IRU;Analisado, aguardando atendimento a notificação;AT;4,5716
SP-3541406-230417D1F251479D94A4A5943C70899E;SP;Presidente Prudente;2023-12-05;2023-12-06;1;0,3289;Área do imóvel;IRU;Aguardando análise;AT;7,2367
SP-3541406-233BFCB40AC549E08B2639205948814A;SP;Presidente Prudente;2019-05-16;2022-12-01;0;0,0341;Área do imóvel;IRU;Analisado, em conformidade com a Lei nº 12.651/2012;AT;0,7502
SP-3541406-238294E7732944928B7B9C078F86ED5B;SP;Presidente Prudente;2023-10-30;2023-10-30;1;0,1784;Área do imóvel;IRU;Aguardando análise;AT;3,9274
SP-3541406-2388323935CA4C16AD1BEF15BD2749FE;SP;Presidente Prudente;2024-08-18;2024-08-18;1;0,6520;Área do imóvel;IRU;Analisado, em conformidade com a Lei nº 12.651/2012;AT;14,3550
SP-3541406-2467F6912ADF4789AF75921504AE8617;SP;Presidente Prudente;2024-11-15;2024-11-18;2;0,1121;Área do imóvel;IRU;Analisado, em conformidade com a Lei nº 12.651/2012, com ativos ambientais;AT;2,4682
SP-3541406-2476DE10938A4788AC29F94994044904;SP;Presidente Prudente;2024-01-23;2024-01-23;1;0,2266;Área do imóvel;IRU;Aguardando análise;AT;4,9890
SP-3541406-247F833B216D4F4F8FE3E16120436B04;SP;Presidente Prudente;2023-04-05;2023-09-11;1;0,1116;Área do imóvel;IRU;Aguardando análise, após revisão ou atendimento da notificação;AT;2,4587
SP-3541406-24885EC5272D4D55B1EB7C4E42B8BA22;SP;Presidente Prudente;2023-05-22;2025-01-24;1;0,5899;Área do imóvel;IRU;Analisado, em conformidade com a Lei nº 12.651/2012;AT;12,9889
SP-3541406-24A0849B55954DA8BD22562E42203223;SP;Presidente Prudente;2024-10-25;2024-11-11;0;1,1981;Área do imóvel;IRU;Aguardando análise;AT;26,3591
SP-3541406-24A2A81327FC4996A76598B8D88CA1F2;SP;Presidente Prudente;2025-07-01;2025-07-02;2;3,1393;Área do imóvel;IRU;Analisado, aguardando regularização ambiental (Lei nº 12.651/2012);AT;69,1180
SP-3541406-24B2AA96B9B14AD8B85377FDD4B695C7;SP;Presidente Prudente;2023-06-02;2023-09-12;1;0,2999;Área do imóvel;IRU;Aguardando análise, após revisão ou atendimento da notificação;AT;6,6038
SP-3541406-24B5E6330E454B069A8633624DD0AC30;SP;Presidente Prudente;2023-02-07;2023-09-11;2;2,2630;Área do imóvel;IRU;Aguardando análise, após revisão ou atendimento da notificação;AT;49,8229
SP-3541406-24BB6898643F4B1B8E452998BC5FF7AA;SP;Presidente Prudente;2024-09-05;2024-12-23;2;0,1099;Área do imóvel;IRU;Aguardando análise, após revisão ou atendimento da notificação;AT;2,4206
SP-3541406-24CF74A1D7B946E3B2464DF11867290F;SP;Presidente Prudente;2024-11-08;2024-11-09;1;0,1650;Área do imóvel;IRU;Analisado, em conformidade com a Lei nº 12.651/2012, com ativos ambientais;AT;3,6325
SP-3541406-24D845747CAD4BA4801B16DE1D5D4816;SP;Presidente Prudente;2022-10-08;2023-09-01;1;3,4761;Área do imóvel;IRU;Aguardando análise, após revisão ou atendimento da notificação;AT;76,5329
SP-3541406-24F83167FDF44BBEA9854B8FFF9C0FE7;SP;Presidente Prudente;2025-07-24;2025-07-24;7;1,9107;Área do imóvel;IRU;Aguardando análise;AT;42,0364
SP-3541406-24FCA19BCDA7455FADBE67EF59C6110E;SP;Presidente Prudente;2023-09-28;2024-07-04;1;0,3212;Área do imóvel;IRU;Analisado, em conformidade com a Lei nº 12.651/2012, com ativos ambientais;AT;7,0719
SP-3541406-24FF4DDE19FB45089A54D9A73B6E3482;SP;Presidente Prudente;2020-07-07;2022-02-01;1;0,1333;Área do imóvel;IRU;Analisado, aguardando atendimento a notificação;AT;2,9320
SP-3541406-251F35F9E73E4320B95DD714D4752D9B;SP;Presidente Prudente;2025-06-12;2025-06-13;0;0,0935;Área do imóvel;IRU;Analisado, aguardando atendimento a notificação;AT;2,0578
SP-3541406-25363645C50B464E8D4A61647416D952;SP;Presidente Prudente;2025-03-13;2025-03-17;0;0,5378;Área do imóvel;IRU;Analisado, aguardando atendimento a notificação;AT;11,8320
SP-3541406-2550E13CBE874D3DB19DF3C65EC1A327;SP;Presidente Prudente;2024-02-01;2024-11-25;3;1,1139;Área do imóvel;IRU;Analisado, aguardando regularização ambiental (Lei nº 12.651/2012);AT;24,5258
SP-3541406-25523753D89040299129A63FC7D55C11;SP;Presidente Prudente;2016-08-25;2023-09-06;0;11,4481;Área do imóvel;IRU;Aguardando análise;AT;251,8578
SP-3541406-2582FEE3E8CC4404BE795D7ED82F7576;SP;Presidente Prudente;2015-06-27;2023-04-06;0;1,3674;Área do imóvel;IRU;Analisado, aguardando atendimento a notificação;AT;30,0821
SP-3541406-25BAA57CE187423784CE5E03D2DBB910;SP;Presidente Prudente;2017-12-19;2022-12-01;1;0,1088;Área do imóvel;IRU;Analisado, aguardando atendimento a notificação;AT;2,3943
SP-3541406-25DFD8EC7821458D842FDBEBC4F33FC0;SP;Presidente Prudente;2025-07-01;2025-07-02;2;0,2009;Área do imóvel;IRU;Analisado, em conformidade com a Lei nº 12.651/2012, com ativos ambientais;AT;4,4239
SP-3541406-2605715640F44B60B4618467CEDF4035;SP;Presidente Prudente;2024-11-15;2024-11-18;1;0,1552;Área do imóvel;IRU;Analisado, em conformidade com a Lei nº 12.651/2012, com ativos ambientais;AT;3,4164
SP-3541406-26AA3D1D829B4D7C940240C9BA2E4046;SP;Presidente Prudente;2025-03-12;2025-03-13;1;0,8966;Área do imóvel;IRU;Aguardando análise;AT;19,7394
SP-3541406-26D62FF01B5B4DD9806569864872A868;SP;Presidente Prudente;2025-08-13;2025-08-17;1;2,9947;Área do imóvel;IRU;Analisado, aguardando regularização ambiental (Lei nº 12.651/2012);AT;65,9341
SP-3541406-26D7048DD9E3408583586957581A7295;SP;Presidente Prudente;2025-03-18;2025-03-19;1;0,2178;Área do imóvel;IRU;Aguardando análise;AT;4,7947
SP-3541406-26F991ED18434276B770A85C5093995F;SP;Presidente Prudente;2025-06-21;2025-06-23;2;1,1418;Área do imóvel;IRU;Analisado, em conformidade com a Lei nº 12.651/2012, com ativos ambientais;AT;25,1379
SP-3541406-272507A9F957470DA0DD066883BFF0DA;SP;Presidente Prudente;2016-08-25;2022-12-01;0;10,4477;Área do imóvel;IRU;Analisado, aguardando atendimento a notificação;AT;232,2438
SP-3541406-27426AFEEDD74893ACDD9E5CD05CB348;SP;Presidente Prudente;2024-11-14;2024-11-17;1;0,1265;Área do imóvel;IRU;Analisado, em conformidade com a Lei nº 12.651/2012, com ativos ambientais;AT;2,7848
SP-3541406-277A0E397E984DD4949D1517331A5702;SP;Presidente Prudente;2020-08-25;2022-12-01;2;2,5362;Área do imóvel;IRU;Analisado, aguardando atendimento a notificação;AT;55,7968
SP-3541406-27847D6B76C9479480B59623CAB66795;SP;Presidente Prudente;2025-02-27;2025-02-27;4;0,9772;Área do imóvel;IRU;Analisado, aguardando regularização ambiental (Lei nº 12.651/2012);AT;21,5148
SP-3541406-27BFEF61CB744690A0A25018C66B3E4F;SP;Presidente Prudente;2022-06-20;2025-11-03;2;0,0918;Área do imóvel;IRU;Aguardando análise;AT;2,0192
SP-3541406-27C174A9BFC44BD18584ECA05FA65701;SP;Presidente Prudente;2025-06-24;2025-06-24;1;0,4391;Área do imóvel;IRU;Analisado, em conformidade com a Lei nº 12.651/2012, com ativos ambientais;AT;9,6679
SP-3541406-2858B623B5A94B71A0ACA20A647C8B63;SP;Presidente Prudente;2025-06-25;2025-06-25;1;0,3133;Área do imóvel;IRU;Analisado, em conformidade com a Lei nº 12.651/2012, com ativos ambientais;AT;6,8988
SP-3541406-2877BC152B2443BF973994A37ED2B91B;SP;Presidente Prudente;2016-08-25;2022-12-01;0;0,6448;Área do imóvel;IRU;Analisado, aguardando atendimento a notificação;AT;14,3531
SP-3541406-28972E939BF0447EAF9BE5E276A63B2E;SP;Presidente Prudente;2025-06-26;2025-06-26;2;0,2234;Área do imóvel;IRU;Aguardando análise;AT;4,9189
SP-3541406-28A6E7F8986945C98612FE04293F2998;SP;Presidente Prudente;2025-02-27;2025-02-27;2;0,4839;Área do imóvel;IRU;Analisado, em conformidade com a Lei nº 12.651/2012, com ativos ambientais;AT;10,6539
SP-3541406-28BE4BD5760E4C70B081F50311088606;SP;Presidente Prudente;2024-11-15;2024-11-18;1;0,2145;Área do imóvel;IRU;Analisado, em conformidade com a Lei nº 12.651/2012, com ativos ambientais;AT;4,7230
SP-3541406-28E54F53F56841308A520BA974588D64;SP;Presidente Prudente;2019-05-20;2022-12-01;1;0,8417;Área do imóvel;IRU;Aguardando análise;AT;18,5183
SP-3541406-2940EEA5638B4C28A8CDAAC31820D44C;SP;Presidente Prudente;2025-06-30;2025-06-30;1;0,6272;Área do imóvel;IRU;Analisado, em conformidade com a Lei nº 12.651/2012, com ativos ambientais;AT;13,8085
SP-3541406-294CD688DD9748209E3E1C1549FD0D82;SP;Presidente Prudente;2025-07-22;2025-07-22;1;0,5597;Área do imóvel;IRU;Analisado, em conformidade com a Lei nº 12.651/2012, com ativos ambientais;AT;12,3239
SP-3541406-29850633914046A4978E32570A4655C1;SP;Presidente Prudente;2025-02-27;2025-02-27;1;0,1944;Área do imóvel;IRU;Aguardando análise;AT;4,2793
SP-3541406-2993E32570FE440F8C4B2923CA79B4E0;SP;Presidente Prudente;2015-06-27;2022-12-01;0;0,0408;Área do imóvel;IRU;Analisado, em conformidade com a Lei nº 12.651/2012;AT;0,8970
SP-3541406-29FD03710D94415994B77699A306E708;SP;Presidente Prudente;2025-03-20;2025-03-21;2;0,1434;Área do imóvel;IRU;Analisado, em conformidade com a Lei nº 12.651/2012, com ativos ambientais;AT;3,1561
SP-3541406-2A50EF2293EC4788B3A7112A4BC973F9;SP;Presidente Prudente;2024-11-17;2024-11-25;1;0,1619;Área do imóvel;IRU;Analisado, em conformidade com a Lei nº 12.651/2012, com ativos ambientais;AT;3,5647
SP-3541406-2A666D6ABD8546A9B2E92BA85AB151DB;SP;Presidente Prudente;2025-07-10;2025-07-11;2;0,2565;Área do imóvel;IRU;Analisado, em conformidade com a Lei nº 12.651/2012, com ativos ambientais;AT;5,6427
SP-3541406-2A94F45417DF412CB24511B0871CE4EB;SP;Presidente Prudente;2022-12-27;2023-09-11;3;0,5101;Área do imóvel;IRU;Aguardando análise, após revisão ou atendimento da notificação;AT;11,2318
SP-3541406-2AE491E238DE4B94990282F06CC41360;SP;Presidente Prudente;2023-09-11;2024-07-04;1;0,2742;Área do imóvel;IRU;Analisado, em conformidade com a Lei nº 12.651/2012, com ativos ambientais;AT;6,0362
SP-3541406-2B39DAC6108449F8A986177EA476A520;SP;Presidente Prudente;2023-06-15;2023-06-15;1;0,2835;Área do imóvel;IRU;Aguardando análise;AT;6,2411
SP-3541406-2B3BE9D966194B3896AEF9109AD81B60;SP;Presidente Prudente;2020-12-10;2022-12-01;0;0,2200;Área do imóvel;IRU;Analisado, aguardando atendimento a notificação;AT;4,8401
SP-3541406-2B44475102D647129D5F77DFA2DB1401;SP;Presidente Prudente;2015-06-22;2022-12-01;0;0,0918;Área do imóvel;IRU;Analisado, aguardando atendimento a notificação;AT;2,0185
SP-3541406-2B54F284FC584E39A627CDBB6BD5AD6D;SP;Presidente Prudente;2023-06-29;2023-09-12;1;2,0022;Área do imóvel;IRU;Aguardando análise, após revisão ou atendimento da notificação;AT;44,0817
SP-3541406-2B8B29ED0CE345558D48F433B01F58C2;SP;Presidente Prudente;2023-03-31;2023-09-11;1;1,2597;Área do imóvel;IRU;Aguardando análise, após revisão ou atendimento da notificação;AT;27,7360
SP-3541406-2B8DF684A34E46AAAC040BA2C09D15FE;SP;Presidente Prudente;2023-07-13;2023-07-13;4;4,8768;Área do imóvel;IRU;Aguardando análise;AT;107,2888
SP-3541406-2B921F5E6A164BEA9154D03BADD66114;SP;Presidente Prudente;2016-08-25;2022-12-01;0;0,6383;Área do imóvel;IRU;Analisado, aguardando atendimento a notificação;AT;14,2666
SP-3541406-2B9F1DD0E3864712B0B9EA6B33071ECE;SP;Presidente Prudente;2025-06-27;2025-06-27;1;0,2661;Área do imóvel;IRU;Analisado, em conformidade com a Lei nº 12.651/2012, com ativos ambientais;AT;5,8537
SP-3541406-2BA5F146EB1A4447A3089ABC578CC24B;SP;Presidente Prudente;2023-06-19;2023-09-12;1;0,5313;Área do imóvel;IRU;Aguardando análise, após revisão ou atendimento da notificação;AT;11,6974
SP-3541406-2C095D35A2E646B5B3F2AA5334624C3B;SP;Presidente Prudente;2025-06-25;2025-06-25;3;0,7545;Área do imóvel;IRU;Analisado, em conformidade com a Lei nº 12.651/2012, com ativos ambientais;AT;16,6112
SP-3541406-2C7136E6E26442E4987ECAAED6A1CB4F;SP;Presidente Prudente;2023-04-20;2023-09-11;1;0,5396;Área do imóvel;IRU;Aguardando análise, após revisão ou atendimento da notificação;AT;11,8801
SP-3541406-2CE76B715098429BB0CEB1235E36CCEC;SP;Presidente Prudente;2025-03-17;2025-03-17;1;1,2039;Área do imóvel;IRU;Analisado, em conformidade com a Lei nº 12.651/2012, com ativos ambientais;AT;26,4862
SP-3541406-2CEC5A0404BD4FED935C385F31D3D619;SP;Presidente Prudente;2025-06-24;2025-06-24;1;1,1005;Área do imóvel;IRU;Analisado, aguardando regularização ambiental (Lei nº 12.651/2012);AT;24,2300
SP-3541406-2D08D4D043BB464F9D969B385B8D02F8;SP;Presidente Prudente;2022-12-30;2023-09-11;1;0,7946;Área do imóvel;IRU;Aguardando análise, após revisão ou atendimento da notificação;AT;17,4939
SP-3541406-2D43210D0668485281E7A5BD3FA9818F;SP;Presidente Prudente;2025-06-20;2025-06-20;3;0,7592;Área do imóvel;IRU;Analisado, em conformidade com a Lei nº 12.651/2012, com ativos ambientais;AT;16,7144
SP-3541406-2D92EA8A44C84076A571C0ED83E96634;SP;Presidente Prudente;2024-11-16;2024-11-25;2;0,4335;Área do imóvel;IRU;Analisado, em conformidade com a Lei nº 12.651/2012, com ativos ambientais;AT;9,5433
SP-3541406-2D9AFE6F87DD453B9303C58CA2F07D7B;SP;Presidente Prudente;2025-07-03;2025-07-04;1;0,9460;Área do imóvel;IRU;Analisado, em conformidade com a Lei nº 12.651/2012, com ativos ambientais;AT;20,8130
SP-3541406-2DBE8515470B4FCBAE3B400A0B803195;SP;Presidente Prudente;2023-06-15;2023-08-31;1;0,2186;Área do imóvel;IRU;Analisado, aguardando regularização ambiental (Lei nº 12.651/2012);AT;4,8127
SP-3541406-2E0C4A5822984C00937D3135B3946143;SP;Presidente Prudente;2024-11-26;2024-12-23;2;0,2187;Área do imóvel;IRU;Analisado, em conformidade com a Lei nº 12.651/2012;AT;4,8143
SP-3541406-2E3A17040C0B4497B68F6F9339F2F821;SP;Presidente Prudente;2023-12-29;2024-10-30;0;0,1715;Área do imóvel;IRU;Analisado, aguardando atendimento a notificação;AT;3,7728
SP-3541406-2E609126305642998836E0EBB5700548;SP;Presidente Prudente;2015-06-26;2022-12-01;0;0,1218;Área do imóvel;IRU;Analisado, aguardando atendimento a notificação;AT;2,6874
SP-3541406-2E62154616FA448281D24D84F4F443F9;SP;Presidente Prudente;2025-06-19;2025-06-19;1;0,4280;Área do imóvel;IRU;Analisado, em conformidade com a Lei nº 12.651/2012, com ativos ambientais;AT;9,4223
SP-3541406-2E8DF1A3F3844C79A601DFFA00C0E78B;SP;Presidente Prudente;2025-07-25;2025-07-25;1;2,0812;Área do imóvel;IRU;Analisado, aguardando regularização ambiental (Lei nº 12.651/2012);AT;45,8204
SP-3541406-2E9B318DE62847CF8A982E31F32E2C23;SP;Presidente Prudente;2015-12-17;2022-12-01;1;0,9631;Área do imóvel;IRU;Analisado, aguardando atendimento a notificação;AT;21,1890
SP-3541406-2EB1343A5558469CBB7CDD97A88099FA;SP;Presidente Prudente;2025-05-14;2025-05-14;2;0,7837;Área do imóvel;IRU;Aguardando análise;AT;17,2406
SP-3541406-2EDC514D8FA54C868E8E26A7C3900886;SP;Presidente Prudente;2025-04-02;2025-04-24;0;0,1375;Área do imóvel;IRU;Aguardando análise, após revisão ou atendimento da notificação;AT;3,0240
SP-3541406-2F053444E8C549C5991192B0A2A48D75;SP;Presidente Prudente;2024-11-15;2024-11-18;1;0,0907;Área do imóvel;IRU;Analisado, em conformidade com a Lei nº 12.651/2012, com ativos ambientais;AT;1,9977
SP-3541406-2F0CE246181A46FC966C71F148324988;SP;Presidente Prudente;2023-06-07;2023-09-12;2;0,4636;Área do imóvel;IRU;Aguardando análise, após revisão ou atendimento da notificação;AT;10,2070
SP-3541406-2F62850450CE42D88829C8AA04A802B7;SP;Presidente Prudente;2016-08-25;2022-12-01;0;0,5324;Área do imóvel;IRU;Analisado, aguardando atendimento a notificação;AT;11,7126
SP-3541406-2FCD0547C78545E0B09BEB315062E4C6;SP;Presidente Prudente;2025-03-26;2025-03-27;4;0,2770;Área do imóvel;IRU;Analisado, em conformidade com a Lei nº 12.651/2012, com ativos ambientais;AT;6,0988
SP-3541406-2FE80675392C42008751DB271EB31E63;SP;Presidente Prudente;2023-12-01;2023-12-12;2;0,1632;Área do imóvel;IRU;Analisado, aguardando atendimento a notificação;AT;3,5896
SP-3541406-3007ADAE583D47A186A9323B5496037B;SP;Presidente Prudente;2024-10-03;2024-11-11;1;0,2488;Área do imóvel;IRU;Analisado, em conformidade com a Lei nº 12.651/2012;AT;5,4771
SP-3541406-302EF4A9BCAA48CC8702FE559418D3A7;SP;Presidente Prudente;2016-09-15;2023-09-06;0;45,8145;Área do imóvel;IRU;Aguardando análise;AT;1007,9185
SP-3541406-3050551F04E7423DA52960FCDABFDF6C;SP;Presidente Prudente;2024-11-15;2024-11-18;1;0,0964;Área do imóvel;IRU;Analisado, em conformidade com a Lei nº 12.651/2012, com ativos ambientais;AT;2,1235
SP-3541406-3074B182E0CB40EB8AFECAA773AFDD40;SP;Presidente Prudente;2024-11-16;2024-11-25;1;0,1126;Área do imóvel;IRU;Analisado, em conformidade com a Lei nº 12.651/2012, com ativos ambientais;AT;2,4791
SP-3541406-30954496F5DE4ED7A73C21F2C3D0AD88;SP;Presidente Prudente;2025-03-26;2025-04-23;1;0,4598;Área do imóvel;IRU;Analisado, aguardando atendimento a notificação;AT;10,1243
SP-3541406-309CD2DFF99E4AA2A7F82C3EFC62E7CF;SP;Presidente Prudente;2025-02-27;2025-02-27;4;0,2648;Área do imóvel;IRU;Analisado, aguardando atendimento a notificação;AT;5,8308
SP-3541406-309E91049381432A88F04F183469CC27;SP;Presidente Prudente;2024-11-28;2024-12-23;1;0,1262;Área do imóvel;IRU;Analisado, aguardando atendimento a notificação;AT;2,7782
SP-3541406-30B38FB7A5CB48388C9C6978FF478C01;SP;Presidente Prudente;2022-11-27;2023-03-13;0;0,3415;Área do imóvel;IRU;Analisado, aguardando atendimento a notificação;AT;7,5140
SP-3541406-30BB5D8CEEAC46869B3CDAAA8B7AC9CC;SP;Presidente Prudente;2024-06-27;2024-06-27;3;0,3381;Área do imóvel;IRU;Aguardando análise;AT;7,4391
SP-3541406-30F982494FB94BA0A9B160D14327EC36;SP;Presidente Prudente;2025-07-23;2025-07-23;2;0,7668;Área do imóvel;IRU;Analisado, em conformidade com a Lei nº 12.651/2012, com ativos ambientais;AT;16,8819
SP-3541406-310A7B2612C54A568E27E4E10FF99D82;SP;Presidente Prudente;2024-09-27;2024-11-25;1;0,1450;Área do imóvel;IRU;Analisado, em conformidade com a Lei nº 12.651/2012;AT;3,1921
SP-3541406-31701628F01043E992F42C1B58DD4076;SP;Presidente Prudente;2024-09-27;2024-09-27;1;0,0911;Área do imóvel;IRU;Analisado, em conformidade com a Lei nº 12.651/2012;AT;2,0047
SP-3541406-3194A090A1624AA6B559AD60D925A0E1;SP;Presidente Prudente;2024-10-04;2024-11-11;1;0,1763;Área do imóvel;IRU;Analisado, aguardando regularização ambiental (Lei nº 12.651/2012);AT;3,8775
SP-3541406-31B0B314C9EC493CB1363D84A25FE48E;SP;Presidente Prudente;2025-06-24;2025-06-24;4;0,1541;Área do imóvel;IRU;Analisado, em conformidade com a Lei nº 12.651/2012, com ativos ambientais;AT;3,3923
SP-3541406-32AD3107AB4142E8B89D19FEB49BB20A;SP;Presidente Prudente;2023-06-26;2023-09-12;2;0,7765;Área do imóvel;IRU;Aguardando análise, após revisão ou atendimento da notificação;AT;17,0954
SP-3541406-32B90104B112402E9CD47B3F15297C6D;SP;Presidente Prudente;2023-06-23;2023-09-12;1;0,5378;Área do imóvel;IRU;Aguardando análise;AT;11,8405
SP-3541406-330CA6FCD90048A6B4CF73A25EA9CFDE;SP;Presidente Prudente;2025-03-26;2025-04-23;1;0,6766;Área do imóvel;IRU;Analisado, em conformidade com a Lei nº 12.651/2012, com ativos ambientais;AT;14,8971
SP-3541406-330D05FD03444E049DD6FFD03CD60402;SP;Presidente Prudente;2025-02-27;2025-02-27;2;0,1632;Área do imóvel;IRU;Aguardando análise;AT;3,5939
SP-3541406-33252687AF4F42108494F737AE29CD6E;SP;Presidente Prudente;2023-02-28;2023-09-11;1;0,1679;Área do imóvel;IRU;Aguardando análise, após revisão ou atendimento da notificação;AT;3,6974
SP-3541406-3347498DBCDA46598BBCDE5D9F499493;SP;Presidente Prudente;2023-11-29;2023-11-30;0;0,1180;Área do imóvel;IRU;Analisado, em conformidade com a Lei nº 12.651/2012;AT;2,5955
SP-3541406-3372C768CC14403DA812BF76B1E4F7C2;SP;Presidente Prudente;2025-02-27;2025-02-27;1;0,1592;Área do imóvel;IRU;Aguardando análise;AT;3,5061
SP-3541406-338250F212D94476B8C6AD3F150C18F4;SP;Presidente Prudente;2025-08-13;2025-08-17;1;1,2009;Área do imóvel;IRU;Analisado, em conformidade com a Lei nº 12.651/2012, com ativos ambientais;AT;26,4395
SP-3541406-33D3C9880C7542CEAEC72096BDB6C51E;SP;Presidente Prudente;2025-02-27;2025-02-27;1;0,2168;Área do imóvel;IRU;Analisado, em conformidade com a Lei nº 12.651/2012, com ativos ambientais;AT;4,7728
SP-3541406-3402563EBC124F689F5B2833EA8ACA59;SP;Presidente Prudente;2025-05-09;2025-05-09;1;0,5188;Área do imóvel;IRU;Analisado, em conformidade com a Lei nº 12.651/2012, com ativos ambientais;AT;11,4213
SP-3541406-341CB6A756E94944957B80A6BA911CB8;SP;Presidente Prudente;2016-03-18;2023-09-06;0;6,5669;Área do imóvel;IRU;Aguardando análise;AT;144,5993
SP-3541406-34560EC93A6F415A807BB98658BE9697;SP;Presidente Prudente;2022-12-27;2023-06-20;2;0,3832;Área do imóvel;IRU;Aguardando análise, após revisão ou atendimento da notificação;AT;8,4373
SP-3541406-34715740651F4B149624B2DF79D1023F;SP;Presidente Prudente;2024-04-04;2026-02-13;4;3,3586;Área do imóvel;IRU;Aguardando análise;AT;73,8883
SP-3541406-347EA48EA58849BB8B96D861B013685F;SP;Presidente Prudente;2025-06-20;2025-06-20;2;0,6281;Área do imóvel;IRU;Aguardando análise;AT;13,8297
SP-3541406-348DCEB6247142A28C4645987C99F333;SP;Presidente Prudente;2015-06-26;2022-12-01;0;0,1040;Área do imóvel;IRU;Analisado, aguardando atendimento a notificação;AT;2,2872
SP-3541406-34AC3632E34C4A73AD0A4E9476029067;SP;Presidente Prudente;2022-11-06;2023-03-13;0;1,1001;Área do imóvel;IRU;Analisado, aguardando atendimento a notificação;AT;24,2029
SP-3541406-34DEB14F3EDB4037A1D2C068AC2C92E1;SP;Presidente Prudente;2024-09-12;2024-10-30;0;0,1098;Área do imóvel;IRU;Analisado, aguardando atendimento a notificação;AT;2,4154
SP-3541406-34E1106526804B828E55066A5897DE77;SP;Presidente Prudente;2024-09-27;2024-09-27;1;1,1389;Área do imóvel;IRU;Analisado, em conformidade com a Lei nº 12.651/2012;AT;25,0749
SP-3541406-3501D636A9BA48C3BF436FF5C09E15E9;SP;Presidente Prudente;2023-06-19;2023-06-19;2;0,2360;Área do imóvel;IRU;Aguardando análise;AT;5,1958
SP-3541406-3508BA1F778E44BE8071E07D886CCD85;SP;Presidente Prudente;2025-07-01;2025-07-02;1;1,2960;Área do imóvel;IRU;Analisado, aguardando regularização ambiental (Lei nº 12.651/2012);AT;28,5351
SP-3541406-351A2607B0524FB88CA990560E01A865;SP;Presidente Prudente;2022-10-08;2023-03-13;0;0,3614;Área do imóvel;IRU;Analisado, aguardando atendimento a notificação;AT;7,9505
SP-3541406-352BA589886F47E794F306AE0DBF90B7;SP;Presidente Prudente;2025-06-21;2025-06-21;1;2,8911;Área do imóvel;IRU;Analisado, em conformidade com a Lei nº 12.651/2012, com ativos ambientais;AT;63,6514
SP-3541406-3582A0FAE7C24FFFA2A245F24085DE54;SP;Presidente Prudente;2022-12-31;2023-09-11;1;3,1304;Área do imóvel;IRU;Aguardando análise, após revisão ou atendimento da notificação;AT;68,9230
SP-3541406-35A442CAB9F6494EAD148CBDEBEBF029;SP;Presidente Prudente;2025-03-26;2025-04-23;1;2,7810;Área do imóvel;IRU;Analisado, aguardando regularização ambiental (Lei nº 12.651/2012);AT;61,2284
SP-3541406-35AF129E42EF4A25A2E295F5175B2D98;SP;Presidente Prudente;2025-08-16;2025-08-19;1;1,2122;Área do imóvel;IRU;Analisado, em conformidade com a Lei nº 12.651/2012, com ativos ambientais;AT;26,6878
SP-3541406-35D6BEFE28B944D98B22222C9C28DF6D;SP;Presidente Prudente;2025-02-27;2025-02-27;1;0,3789;Área do imóvel;IRU;Aguardando análise;AT;8,3427
SP-3541406-35EC968F470E4271A391073E120F207D;SP;Presidente Prudente;2025-03-18;2025-03-19;3;0,2692;Área do imóvel;IRU;Aguardando análise;AT;5,9265
SP-3541406-3637F4FDC6CE45A8AACE3EEAE2ED8914;SP;Presidente Prudente;2025-05-06;2025-05-09;0;0,1100;Área do imóvel;IRU;Analisado, aguardando atendimento a notificação;AT;2,4201
SP-3541406-36487617C2DC4FC09B6E2B5FF2B67B74;SP;Presidente Prudente;2023-07-30;2023-09-12;1;2,7050;Área do imóvel;IRU;Aguardando análise, após revisão ou atendimento da notificação;AT;59,5552
SP-3541406-36A13D9FDE174F5985A2C30790201CA5;SP;Presidente Prudente;2024-11-27;2024-12-03;0;0,0905;Área do imóvel;IRU;Analisado, aguardando atendimento a notificação;AT;1,9904
SP-3541406-36DCCA573D87487BB728982F94B141B5;SP;Presidente Prudente;2016-08-05;2022-12-01;0;0,5638;Área do imóvel;IRU;Analisado, aguardando atendimento a notificação;AT;12,4044
SP-3541406-371DD570949942CFA9182FCEEBDED20C;SP;Presidente Prudente;2025-06-20;2025-06-20;1;0,5051;Área do imóvel;IRU;Analisado, em conformidade com a Lei nº 12.651/2012, com ativos ambientais;AT;11,1197
SP-3541406-372E3CCC37C1494EAAE1D3AF237DA6B2;SP;Presidente Prudente;2025-05-08;2025-05-22;2;0,5500;Área do imóvel;IRU;Analisado, em conformidade com a Lei nº 12.651/2012, com ativos ambientais;AT;12,1083
SP-3541406-37630EC41AA1406A981190216275107D;SP;Presidente Prudente;2015-06-23;2023-01-12;0;0,6947;Área do imóvel;IRU;Aguardando análise, após revisão ou atendimento da notificação;AT;15,2828
SP-3541406-37A8EC27D36C40FB8F516DCFD049EE2C;SP;Presidente Prudente;2025-06-24;2025-06-24;1;0,5070;Área do imóvel;IRU;Analisado, aguardando regularização ambiental (Lei nº 12.651/2012);AT;11,1634
SP-3541406-37CB9B68E89B4DF299CA2629CE7F96D3;SP;Presidente Prudente;2025-03-18;2025-03-19;1;0,5504;Área do imóvel;IRU;Aguardando análise;AT;12,1176
SP-3541406-37D19B49F3F047B78C333A3C1BD488AA;SP;Presidente Prudente;2023-09-19;2024-07-04;1;0,1052;Área do imóvel;IRU;Analisado, em conformidade com a Lei nº 12.651/2012;AT;2,3157
SP-3541406-37E3C728ABDF41A8B7DB964F35FE8CE9;SP;Presidente Prudente;2023-08-23;2023-09-12;1;0,1049;Área do imóvel;IRU;Aguardando análise, após revisão ou atendimento da notificação;AT;2,3097
SP-3541406-37F1700B88DD48839BBB10C0D465C4F2;SP;Presidente Prudente;2023-07-28;2023-08-22;0;0,1138;Área do imóvel;IRU;Aguardando análise, após revisão ou atendimento da notificação;AT;2,5032
SP-3541406-38D69ADB22B64189BA7EB3ECD1465296;SP;Presidente Prudente;2023-01-24;2023-09-11;1;0,5369;Área do imóvel;IRU;Aguardando análise, após revisão ou atendimento da notificação;AT;11,8202
SP-3541406-391F64F112584D33B8CEA536F446DA23;SP;Presidente Prudente;2021-12-16;2022-12-01;0;0,9381;Área do imóvel;IRU;Analisado, aguardando atendimento a notificação;AT;20,6388
SP-3541406-392203A1D0D146BE9D0CF35D8D2B9B48;SP;Presidente Prudente;2023-10-26;2023-11-13;1;0,1301;Área do imóvel;IRU;Analisado, em conformidade com a Lei nº 12.651/2012;AT;2,8640
SP-3541406-392E33F4D2914291BAAB5E0651F242F1;SP;Presidente Prudente;2025-02-27;2025-02-27;1;0,5196;Área do imóvel;IRU;Analisado, aguardando regularização ambiental (Lei nº 12.651/2012);AT;11,4391
SP-3541406-3943CEF34A174059A0785E7E36B20D7A;SP;Presidente Prudente;2023-04-04;2023-09-11;1;1,4138;Área do imóvel;IRU;Aguardando análise, após revisão ou atendimento da notificação;AT;31,1267
SP-3541406-395E8F95996E4F6DAA937DB8FCFFEF7D;SP;Presidente Prudente;2024-10-07;2024-11-11;0;1,7975;Área do imóvel;IRU;Analisado, aguardando atendimento a notificação;AT;39,5455
SP-3541406-399DDDB7B70048418629BD644F9693AB;SP;Presidente Prudente;2023-06-20;2023-06-28;0;0,1843;Área do imóvel;IRU;Aguardando análise, após revisão ou atendimento da notificação;AT;4,0549
SP-3541406-39A19BB16E964C2BB7411C6362773D73;SP;Presidente Prudente;2015-06-20;;0;0,6937;Área do imóvel;IRU;Aguardando análise;AT;15,2611
SP-3541406-39E090D948D64732A7012591781ADF0E;SP;Presidente Prudente;2025-06-24;2025-11-06;4;1,3556;Área do imóvel;IRU;Analisado, em conformidade com a Lei nº 12.651/2012, com ativos ambientais;AT;29,8465
SP-3541406-3A3A228B5E90490DAE791AB7DCB71844;SP;Presidente Prudente;2023-04-19;2023-09-11;1;1,2780;Área do imóvel;IRU;Aguardando análise, após revisão ou atendimento da notificação;AT;28,1163
SP-3541406-3A4BF62C92044FAFAE3721A6EAABA320;SP;Presidente Prudente;2025-06-26;2025-06-26;1;0,5708;Área do imóvel;IRU;Analisado, em conformidade com a Lei nº 12.651/2012, com ativos ambientais;AT;12,5577
SP-3541406-3AA47F76931F481A84B2B258355CEA44;SP;Presidente Prudente;2024-01-31;2024-10-30;0;0,0893;Área do imóvel;IRU;Analisado, aguardando atendimento a notificação;AT;1,9652
SP-3541406-3AD106B4CE764D9D8DB537CF8BC9685C;SP;Presidente Prudente;2015-03-17;2023-09-06;0;6,0332;Área do imóvel;IRU;Aguardando análise;AT;132,7296
SP-3541406-3B01F41D3B4A49F4A8E0ABEF5CC9A68C;SP;Presidente Prudente;2015-06-27;2022-12-01;0;0,1360;Área do imóvel;IRU;Analisado, em conformidade com a Lei nº 12.651/2012;AT;2,9926
SP-3541406-3B2E8360BBE8456C8BDCAFBF91D0ECB5;SP;Presidente Prudente;2016-01-30;2022-12-01;0;0,1104;Área do imóvel;IRU;Aguardando análise, após revisão ou atendimento da notificação;AT;2,4283
SP-3541406-3B32048734EB41D6BA5F8C873DD03FAB;SP;Presidente Prudente;2024-11-14;2024-11-25;1;0,0741;Área do imóvel;IRU;Analisado, em conformidade com a Lei nº 12.651/2012, com ativos ambientais;AT;1,6305
SP-3541406-3BA847E60A0E4C2496151963214227E5;SP;Presidente Prudente;2019-04-10;2022-12-01;1;0,5274;Área do imóvel;IRU;Analisado, aguardando atendimento a notificação;AT;11,6031
SP-3541406-3BC7255C2A8C4EAE816B8FD69D1A61AF;SP;Presidente Prudente;2019-06-12;2022-12-01;0;0,6591;Área do imóvel;IRU;Analisado, aguardando atendimento a notificação;AT;14,5000
SP-3541406-3C2954D9071741AD9983717338332E6F;SP;Presidente Prudente;2025-07-22;2025-07-22;2;0,5874;Área do imóvel;IRU;Analisado, aguardando regularização ambiental (Lei nº 12.651/2012);AT;12,9319
SP-3541406-3C4DC8E9BF304106BA8CE105449DC0A3;SP;Presidente Prudente;2023-10-16;2023-10-18;1;0,5402;Área do imóvel;IRU;Aguardando análise;AT;11,8929
SP-3541406-3C703186815B4BBEB278EBC681195843;SP;Presidente Prudente;2023-09-20;2023-09-20;1;0,2204;Área do imóvel;IRU;Aguardando análise;AT;4,8528
SP-3541406-3CB6B89E883442D691DB943A4CC38FD4;SP;Presidente Prudente;2024-11-17;2024-11-25;1;0,4929;Área do imóvel;IRU;Analisado, aguardando regularização ambiental (Lei nº 12.651/2012);AT;10,8526
SP-3541406-3CC40C2D17C048449D1D09360DB5D14B;SP;Presidente Prudente;2023-07-29;2023-07-29;3;0,5455;Área do imóvel;IRU;Aguardando análise;AT;12,0096
SP-3541406-3DA78E4AFC89428CA77EA195712F3FDB;SP;Presidente Prudente;2025-01-31;2025-02-01;1;0,4373;Área do imóvel;IRU;Aguardando análise;AT;9,6207
SP-3541406-3DE88081E7DB4341B8B11B748F8699C1;SP;Presidente Prudente;2025-03-26;2025-04-23;1;1,4209;Área do imóvel;IRU;Analisado, em conformidade com a Lei nº 12.651/2012, com ativos ambientais;AT;31,2840
SP-3541406-3DFCDEF82A084F4E970208FE8BF9A47A;SP;Presidente Prudente;2017-11-28;2022-12-01;0;0,2926;Área do imóvel;IRU;Analisado, aguardando atendimento a notificação;AT;6,4377
SP-3541406-3E0A7E1D0DEF4E9E9C6EC52E0249BB2C;SP;Presidente Prudente;2022-10-20;;1;1,3049;Área do imóvel;IRU;Aguardando análise;AT;28,7072
SP-3541406-3E0CB244C5814A26854FD5C8590510BE;SP;Presidente Prudente;2023-10-11;2023-11-22;0;0,1841;Área do imóvel;IRU;Analisado, aguardando atendimento a notificação;AT;4,0491
SP-3541406-3E172D1FA35647DBA97CAA3E46D67153;SP;Presidente Prudente;2025-03-26;2025-04-23;3;1,2950;Área do imóvel;IRU;Analisado, em conformidade com a Lei nº 12.651/2012, com ativos ambientais;AT;28,5128
SP-3541406-3E486177E10D41FDB2F5DC8495F208E6;SP;Presidente Prudente;2024-11-15;2024-11-26;3;0,4635;Área do imóvel;IRU;Analisado, em conformidade com a Lei nº 12.651/2012, com ativos ambientais;AT;10,2050
SP-3541406-3E49C55D21B647B8ACAA9B4B536F29BF;SP;Presidente Prudente;2025-06-22;2025-06-23;1;0,5544;Área do imóvel;IRU;Analisado, em conformidade com a Lei nº 12.651/2012, com ativos ambientais;AT;12,2064
SP-3541406-3E89568D2F3B4968BB8E56AEB1BA41DD;SP;Presidente Prudente;2024-11-15;2024-11-19;2;0,7529;Área do imóvel;IRU;Analisado, em conformidade com a Lei nº 12.651/2012, com ativos ambientais;AT;16,5762
SP-3541406-3EAE56B3C917455DAE88F9C980F7A0D7;SP;Presidente Prudente;2025-05-07;2025-05-07;5;1,7583;Área do imóvel;IRU;Analisado, aguardando regularização ambiental (Lei nº 12.651/2012);AT;38,7116
SP-3541406-3EB815CC95264450B212EA2DC9D10F88;SP;Presidente Prudente;2022-12-08;2023-11-18;1;1,9598;Área do imóvel;IRU;Analisado, aguardando atendimento a notificação;AT;43,1201
SP-3541406-3EBDA310D69249D59D03AE7E895A4A88;SP;Presidente Prudente;2024-09-27;2024-09-27;1;0,0785;Área do imóvel;IRU;Analisado, em conformidade com a Lei nº 12.651/2012;AT;1,7290
SP-3541406-3EBEBA2015DE4D98BEA14F6EB7740A3D;SP;Presidente Prudente;2023-06-29;2023-09-12;1;2,1871;Área do imóvel;IRU;Aguardando análise, após revisão ou atendimento da notificação;AT;48,1538
SP-3541406-3F0273584AE741708C2FE120666C0870;SP;Presidente Prudente;2025-08-06;2025-08-08;4;2,9121;Área do imóvel;IRU;Analisado, aguardando regularização ambiental (Lei nº 12.651/2012);AT;64,0669
SP-3541406-3F97E382EA0F4FF8873C040B0B6CBD76;SP;Presidente Prudente;2024-12-27;2025-01-23;1;0,3363;Área do imóvel;IRU;Analisado, em conformidade com a Lei nº 12.651/2012, com ativos ambientais;AT;7,4045
SP-3541406-3FA4AD8291844A3AAD8D932CFE98C6E1;SP;Presidente Prudente;2023-12-12;2023-12-12;1;0,8131;Área do imóvel;IRU;Aguardando análise;AT;17,9024
SP-3541406-3FD679121E7D4CC0B25DACCA7965234B;SP;Presidente Prudente;2025-06-06;2025-06-08;3;0,4027;Área do imóvel;IRU;Aguardando análise;AT;8,8589
SP-3541406-409B64815FD646FD923C985DE3E6910D;SP;Presidente Prudente;2023-11-27;2023-11-29;0;0,1263;Área do imóvel;IRU;Aguardando análise;AT;2,7788
SP-3541406-40F6FA4128E64AD1852A2507576B0226;SP;Presidente Prudente;2022-11-26;2023-09-01;1;0,8067;Área do imóvel;IRU;Aguardando análise, após revisão ou atendimento da notificação;AT;17,7602
SP-3541406-40FBE22728B24D16901FDE428DD2068A;SP;Presidente Prudente;2022-12-31;2023-06-16;1;0,8431;Área do imóvel;IRU;Aguardando análise, após revisão ou atendimento da notificação;AT;18,5627
SP-3541406-41244ED88D724C1192AC135DDB218CD7;SP;Presidente Prudente;2024-01-17;2024-01-17;1;0,3278;Área do imóvel;IRU;Aguardando análise;AT;7,2163
SP-3541406-413799FADF874DCF8D2AFD9DED5E58CC;SP;Presidente Prudente;2023-06-29;2023-09-12;1;0,6866;Área do imóvel;IRU;Aguardando análise, após revisão ou atendimento da notificação;AT;15,1176
SP-3541406-417E2C1C1AD24FBCA6E942E17B85ECEF;SP;Presidente Prudente;2025-06-30;2025-07-02;1;25,4282;Área do imóvel;IRU;Aguardando análise, após revisão ou atendimento da notificação;AT;559,4199
SP-3541406-41B0B4E2FE424D50A254786D746BCCE4;SP;Presidente Prudente;2025-03-26;2025-04-23;1;0,2916;Área do imóvel;IRU;Analisado, em conformidade com a Lei nº 12.651/2012, com ativos ambientais;AT;6,4204
SP-3541406-41BC3E0F60684D70AFD6C9F45D5BBD7C;SP;Presidente Prudente;2025-07-01;2025-07-02;1;1,3206;Área do imóvel;IRU;Analisado, aguardando regularização ambiental (Lei nº 12.651/2012);AT;29,0746
SP-3541406-41EF6D1347E245AE838BC5D364CA14F7;SP;Presidente Prudente;2024-11-14;2024-11-25;1;0,6794;Área do imóvel;IRU;Analisado, aguardando regularização ambiental (Lei nº 12.651/2012);AT;14,9591
SP-3541406-4214D6F67A4C42E58D7175605B095E06;SP;Presidente Prudente;2025-07-03;2025-07-04;1;0,5428;Área do imóvel;IRU;Analisado, em conformidade com a Lei nº 12.651/2012, com ativos ambientais;AT;11,9415
SP-3541406-4215072973704489B93BB9E3E1CC4EA9;SP;Presidente Prudente;2025-07-03;2025-07-03;2;1,1355;Área do imóvel;IRU;Analisado, em conformidade com a Lei nº 12.651/2012, com ativos ambientais;AT;25,0011
SP-3541406-422F2416868E4F0EA37FF69AF45C8DDE;SP;Presidente Prudente;2023-08-23;2023-09-12;5;0,1099;Área do imóvel;IRU;Analisado, em conformidade com a Lei nº 12.651/2012;AT;2,4193
SP-3541406-424002003D354F75AEBBD22714FB6D6E;SP;Presidente Prudente;2022-04-28;2022-12-01;0;0,1139;Área do imóvel;IRU;Analisado, aguardando atendimento a notificação;AT;2,5049
SP-3541406-42B2812F8AAD4E9ABB48CAE5794A5908;SP;Presidente Prudente;2024-10-09;2024-11-11;2;0,3120;Área do imóvel;IRU;Analisado, aguardando atendimento a notificação;AT;6,8642
SP-3541406-42C0A8F296814E78B83166D357B59CF5;SP;Presidente Prudente;2025-07-01;2025-07-02;1;0,3477;Área do imóvel;IRU;Analisado, em conformidade com a Lei nº 12.651/2012, com ativos ambientais;AT;7,6544
SP-3541406-430CF95CA97F400C9A4088F9A97A1469;SP;Presidente Prudente;2025-05-09;2025-05-09;1;1,8787;Área do imóvel;IRU;Analisado, em conformidade com a Lei nº 12.651/2012, com ativos ambientais;AT;41,3625
SP-3541406-431C54AE21D04F1C81DAE70CAAF8EDFA;SP;Presidente Prudente;2025-07-01;2026-08-06;1;0,6677;Área do imóvel;IRU;Aguardando análise;AT;14,7012
SP-3541406-4331582A56884DC48E698ABAF7D87417;SP;Presidente Prudente;2017-10-17;2022-12-01;0;1,5709;Área do imóvel;IRU;Analisado, aguardando atendimento a notificação;AT;35,2883
SP-3541406-43923D28872C435181210A9933BBE747;SP;Presidente Prudente;2022-12-27;2023-02-15;1;0,2365;Área do imóvel;IRU;Analisado, em conformidade com a Lei nº 12.651/2012;AT;5,2067
SP-3541406-43A107228A85426AA7A9FFD880C58D16;SP;Presidente Prudente;2024-11-12;2024-12-23;3;0,6782;Área do imóvel;IRU;Aguardando análise;AT;14,9208
SP-3541406-43E533E493BD46549B88A504331FC832;SP;Presidente Prudente;2023-04-03;2023-09-11;1;0,4400;Área do imóvel;IRU;Aguardando análise, após revisão ou atendimento da notificação;AT;9,6867
SP-3541406-440CE5CA688A46108377B13C98B81412;SP;Presidente Prudente;2022-08-04;2022-12-01;1;0,8939;Área do imóvel;IRU;Analisado, em conformidade com a Lei nº 12.651/2012;AT;19,6814
SP-3541406-4424A3609D5B4DD5AA49AA03564D886F;SP;Presidente Prudente;2015-06-19;2022-12-01;0;0,8868;Área do imóvel;IRU;Analisado, aguardando atendimento a notificação;AT;19,5094
SP-3541406-4435CB8909094E4C923205B244B10535;SP;Presidente Prudente;2023-10-09;2023-10-17;1;0,8985;Área do imóvel;IRU;Aguardando análise;AT;19,7823
SP-3541406-4456EB6A8A1647D684896DC143583E93;SP;Presidente Prudente;2023-03-27;2023-11-15;3;0,1098;Área do imóvel;IRU;Analisado, aguardando atendimento a notificação;AT;2,4151
SP-3541406-4486F5A1CC564D7DB51CC181328A4011;SP;Presidente Prudente;2021-08-25;2022-12-01;0;0,4952;Área do imóvel;IRU;Analisado, aguardando atendimento a notificação;AT;10,8950
SP-3541406-449488C1F2084F84B4D4E928A398174F;SP;Presidente Prudente;2015-08-21;2022-12-01;1;2,4357;Área do imóvel;IRU;Analisado, aguardando atendimento a notificação;AT;53,5853
SP-3541406-44AFDA9DF6134A63962FD64681C9749A;SP;Presidente Prudente;2023-07-01;2023-07-13;0;0,1100;Área do imóvel;IRU;Analisado, aguardando atendimento a notificação;AT;2,4201
SP-3541406-44DCFEF9AF6346AD8156A31A20A561A3;SP;Presidente Prudente;2015-10-14;2022-12-01;0;0,0113;Área do imóvel;IRU;Analisado, em conformidade com a Lei nº 12.651/2012;AT;0,2477
SP-3541406-44F8DEFAFF6841D6AEFA5B9F4D2419AA;SP;Presidente Prudente;2025-03-17;2025-03-17;1;0,4332;Área do imóvel;IRU;Analisado, em conformidade com a Lei nº 12.651/2012, com ativos ambientais;AT;9,5313
SP-3541406-452CED52570D444ABBFA546D4DA5B305;SP;Presidente Prudente;2024-12-30;2025-01-23;5;0,6709;Área do imóvel;IRU;Aguardando análise, após revisão ou atendimento da notificação;AT;14,7708
SP-3541406-45BF6EB26723430B880164826F137420;SP;Presidente Prudente;2020-03-19;2022-12-01;0;3,5724;Área do imóvel;IRU;Analisado, aguardando atendimento a notificação;AT;78,5935
SP-3541406-4671422FFE2144A6A1656E8E0D35FB06;SP;Presidente Prudente;2015-06-26;2022-12-01;0;0,0904;Área do imóvel;IRU;Analisado, aguardando atendimento a notificação;AT;2,0017
SP-3541406-46CF7A7F12FE4CDE8AC1432BB751B942;SP;Presidente Prudente;2024-10-02;2024-11-11;0;0,2033;Área do imóvel;IRU;Aguardando análise;AT;4,4719
SP-3541406-46F52D9E2D5B4AD9AFF3D4A141BABFBB;SP;Presidente Prudente;2024-11-14;2024-11-25;1;0,1028;Área do imóvel;IRU;Analisado, em conformidade com a Lei nº 12.651/2012, com ativos ambientais;AT;2,2643
SP-3541406-47036C5B34F04F2D9F601F5FB4BB58DC;SP;Presidente Prudente;2022-10-12;2023-06-20;4;1,9079;Área do imóvel;IRU;Aguardando análise, após revisão ou atendimento da notificação;AT;42,0057
SP-3541406-4743EEFE251841E3BC65FA2ACAC5F8A7;SP;Presidente Prudente;2025-06-29;2025-06-30;1;0,1313;Área do imóvel;IRU;Analisado, aguardando atendimento a notificação;AT;2,8878
SP-3541406-4775F164B3B741668E74CEEE9BB64E9E;SP;Presidente Prudente;2023-08-23;2023-09-12;1;0,2077;Área do imóvel;IRU;Aguardando análise, após revisão ou atendimento da notificação;AT;4,5730
SP-3541406-4785E1062C3F4D328BEF4CA5C3B247D4;SP;Presidente Prudente;2025-07-16;2025-07-18;0;0,1327;Área do imóvel;IRU;Aguardando análise, após revisão ou atendimento da notificação;AT;2,9195
SP-3541406-4858F45C6FAD4D47A54BF406185246D3;SP;Presidente Prudente;2019-05-18;2025-11-03;1;1,7426;Área do imóvel;IRU;Analisado, aguardando atendimento a notificação;AT;38,3368
SP-3541406-4879F7D0B71E45598948DB19DDD91FE3;SP;Presidente Prudente;2022-11-28;2023-09-10;2;0,5519;Área do imóvel;IRU;Aguardando análise, após revisão ou atendimento da notificação;AT;12,1509
SP-3541406-488D0CEF046F4BCE8CFEB89CACE0BD18;SP;Presidente Prudente;2024-11-09;2024-11-15;1;0,5940;Área do imóvel;IRU;Analisado, em conformidade com a Lei nº 12.651/2012;AT;13,0783
SP-3541406-488E451A9FF1483BB8BA5E030BB37D0E;SP;Presidente Prudente;2015-06-20;2022-12-01;0;0,6119;Área do imóvel;IRU;Analisado, aguardando atendimento a notificação;AT;13,4608
SP-3541406-4896D09FC31444BDA352C98B32E67486;SP;Presidente Prudente;2016-08-31;2022-12-01;1;0,6656;Área do imóvel;IRU;Analisado, aguardando atendimento a notificação;AT;14,8307
SP-3541406-48C3509488914E908BD17D311DC698AA;SP;Presidente Prudente;2016-01-26;2022-12-01;1;0,4065;Área do imóvel;IRU;Analisado, aguardando atendimento a notificação;AT;8,9428
SP-3541406-48FC19FDA2674FEE88A2054DABAED451;SP;Presidente Prudente;2025-06-20;2025-06-20;1;0,2208;Área do imóvel;IRU;Analisado, em conformidade com a Lei nº 12.651/2012, com ativos ambientais;AT;4,8624
SP-3541406-493C0014961E458A89F4B02D0C7C5686;SP;Presidente Prudente;2025-08-15;2025-08-19;3;1,4769;Área do imóvel;IRU;Aguardando análise;AT;32,5163
SP-3541406-49957E6661C24E9BB54095DC17677BE7;SP;Presidente Prudente;2023-05-23;2023-11-18;2;1,1207;Área do imóvel;IRU;Analisado, aguardando atendimento a notificação;AT;24,6548
SP-3541406-4A0598787685483CA3794AFA576DC298;SP;Presidente Prudente;2024-07-20;2024-08-14;1;0,0473;Área do imóvel;IRU;Analisado, em conformidade com a Lei nº 12.651/2012;AT;1,0422
SP-3541406-4A1B6886C5CF4D4C92EB6042E4640946;SP;Presidente Prudente;2023-03-31;2023-09-11;1;0,1245;Área do imóvel;IRU;Aguardando análise, após revisão ou atendimento da notificação;AT;2,7409
SP-3541406-4A26083D16304A89995916A8660E4DBF;SP;Presidente Prudente;2024-11-17;2024-11-25;2;0,2662;Área do imóvel;IRU;Analisado, em conformidade com a Lei nº 12.651/2012, com ativos ambientais;AT;5,8618
SP-3541406-4A677B695E5447B7B7007BB3FB04C493;SP;Presidente Prudente;2021-06-10;2022-12-01;0;0,4620;Área do imóvel;IRU;Analisado, aguardando atendimento a notificação;AT;10,1643
SP-3541406-4A96B7BED1494ACD871A7D27F8C2A346;SP;Presidente Prudente;2025-06-20;2025-06-20;1;0,3633;Área do imóvel;IRU;Analisado, aguardando regularização ambiental (Lei nº 12.651/2012);AT;7,9984
SP-3541406-4ADF4460D0A94346A1D260DA5351A406;SP;Presidente Prudente;2024-12-30;2025-01-15;0;0,0910;Área do imóvel;IRU;Analisado, em conformidade com a Lei nº 12.651/2012;AT;2,0023
SP-3541406-4B466DEF29D14FDCA3F94B7A373C22AA;SP;Presidente Prudente;2023-11-09;2023-11-09;1;0,8842;Área do imóvel;IRU;Aguardando análise;AT;19,4672
SP-3541406-4B594481C46549C4AC32F0C30CD47DD2;SP;Presidente Prudente;2025-02-27;2025-02-27;2;1,3288;Área do imóvel;IRU;Aguardando análise;AT;29,2568
SP-3541406-4B8C173183B04291A44EEF9F8130A775;SP;Presidente Prudente;2023-05-23;2023-11-17;2;0,6627;Área do imóvel;IRU;Analisado, aguardando atendimento a notificação;AT;14,5791
SP-3541406-4B924B394F3D40D596FFCBF143BCA9CF;SP;Presidente Prudente;2025-08-16;2025-08-19;4;1,4170;Área do imóvel;IRU;Aguardando análise;AT;31,1976
SP-3541406-4BC226ADBBF14B929DD5BD9B6DA2AED5;SP;Presidente Prudente;2024-11-08;2024-11-14;1;0,1004;Área do imóvel;IRU;Analisado, em conformidade com a Lei nº 12.651/2012;AT;2,2107
SP-3541406-4BD2BFEA046647C9BA922C4046341FA7;SP;Presidente Prudente;2025-03-10;2025-03-12;3;0,3976;Área do imóvel;IRU;Aguardando análise;AT;8,7471
SP-3541406-4C5EBFE6DA6E40C2AAEF5DDC872AEB5F;SP;Presidente Prudente;2025-06-22;2025-06-23;1;0,2215;Área do imóvel;IRU;Analisado, em conformidade com a Lei nº 12.651/2012, com ativos ambientais;AT;4,8771
SP-3541406-4C9F6181E27044A893EB52E154CB6927;SP;Presidente Prudente;2025-02-27;2025-02-27;1;0,3102;Área do imóvel;IRU;Aguardando análise;AT;6,8302
SP-3541406-4D07B511DE764BEFB6CE754E577EE9F6;SP;Presidente Prudente;2023-12-28;2023-12-28;1;0,9052;Área do imóvel;IRU;Aguardando análise;AT;19,9290
SP-3541406-4D28C9D1E16D48509189703F97618FD8;SP;Presidente Prudente;2024-08-18;2024-08-24;2;0,6428;Área do imóvel;IRU;Analisado, em conformidade com a Lei nº 12.651/2012;AT;14,1529
SP-3541406-4D988BB3950A4F209B91C9823A82D2EA;SP;Presidente Prudente;2023-04-20;2023-09-11;1;0,5687;Área do imóvel;IRU;Aguardando análise, após revisão ou atendimento da notificação;AT;12,5200
SP-3541406-4DB3810C91C14BFC84444A65B8BB05D1;SP;Presidente Prudente;2019-04-13;2022-12-01;0;1,3205;Área do imóvel;IRU;Analisado, aguardando atendimento a notificação;AT;29,0519
SP-3541406-4E4CF2321CA946628427089605A13C65;SP;Presidente Prudente;2017-02-13;2022-12-01;1;2,4034;Área do imóvel;IRU;Analisado, aguardando atendimento a notificação;AT;52,8759
SP-3541406-4E51849F05D64BE690906D8771A1AD33;SP;Presidente Prudente;2016-08-23;2022-12-01;0;0,8311;Área do imóvel;IRU;Analisado, aguardando atendimento a notificação;AT;18,4096
SP-3541406-4EBC277B8070459DB494657CB6784C86;SP;Presidente Prudente;2024-03-12;2024-03-14;0;0,2003;Área do imóvel;IRU;Analisado, em conformidade com a Lei nº 12.651/2012;AT;4,4075
SP-3541406-4EE523EDC1A74F44A9FF950A4C40869F;SP;Presidente Prudente;2017-12-20;2022-12-01;0;0,4179;Área do imóvel;IRU;Analisado, aguardando atendimento a notificação;AT;9,1935
SP-3541406-4EE821D465A740088AF07457AED01FE0;SP;Presidente Prudente;2025-07-21;2025-07-21;3;2,8244;Área do imóvel;IRU;Aguardando análise;AT;62,1853
SP-3541406-4F20A15AD17D4D0496C644C7BECA6C2D;SP;Presidente Prudente;2025-07-03;2025-07-04;1;0,7324;Área do imóvel;IRU;Analisado, em conformidade com a Lei nº 12.651/2012, com ativos ambientais;AT;16,1250
SP-3541406-4F37499329E04137805B39B28AE192F3;SP;Presidente Prudente;2025-03-26;2025-04-23;1;0,3537;Área do imóvel;IRU;Analisado, em conformidade com a Lei nº 12.651/2012, com ativos ambientais;AT;7,7882
SP-3541406-4F416AC089FF4D21A9632DD0B43E2BA1;SP;Presidente Prudente;2025-01-31;2025-02-01;1;0,2346;Área do imóvel;IRU;Aguardando análise;AT;5,1601
SP-3541406-4F480FE1716247AF8B0A921C205F2039;SP;Presidente Prudente;2025-06-25;2025-06-25;1;0,9858;Área do imóvel;IRU;Analisado, aguardando regularização ambiental (Lei nº 12.651/2012);AT;21,7033
SP-3541406-4F61A929B53F4E4B94809E8628A5061E;SP;Presidente Prudente;2025-08-16;2025-08-19;2;2,3756;Área do imóvel;IRU;Aguardando análise;AT;52,3025
SP-3541406-4F6E96B339EB4FD48288FC356857EF02;SP;Presidente Prudente;2024-12-01;2025-02-03;3;0,2212;Área do imóvel;IRU;Analisado, em conformidade com a Lei nº 12.651/2012, com ativos ambientais;AT;4,8597
SP-3541406-4F860490E3574E35AD6314DF6655E408;SP;Presidente Prudente;2022-11-25;2023-09-01;1;0,4242;Área do imóvel;IRU;Aguardando análise, após revisão ou atendimento da notificação;AT;9,3402
SP-3541406-4F948679A2AA4AB695FBA2E42E675195;SP;Presidente Prudente;2024-12-05;2024-12-13;1;5,2323;Área do imóvel;IRU;Analisado, aguardando atendimento a notificação;AT;115,1112
SP-3541406-4F9513833B74405AA04B878F1F6BC668;SP;Presidente Prudente;2025-03-26;2025-04-23;1;0,2343;Área do imóvel;IRU;Analisado, em conformidade com a Lei nº 12.651/2012, com ativos ambientais;AT;5,1586
SP-3541406-4FB83D52220B490792656F05A44778CF;SP;Presidente Prudente;2025-08-16;2025-08-19;3;1,8487;Área do imóvel;IRU;Aguardando análise;AT;40,7022
SP-3541406-4FB983FD913D4FB59219CEE607611C6E;SP;Presidente Prudente;2024-11-17;2024-11-25;1;0,0952;Área do imóvel;IRU;Analisado, em conformidade com a Lei nº 12.651/2012, com ativos ambientais;AT;2,0955
SP-3541406-504BCEDF44D44D1980DB879B0DF3D58E;SP;Presidente Prudente;2025-07-01;2025-07-02;2;0,9097;Área do imóvel;IRU;Analisado, aguardando regularização ambiental (Lei nº 12.651/2012);AT;20,0282
SP-3541406-5071F9C866C645E3970CA7B3A423E05E;SP;Presidente Prudente;2025-02-26;2025-02-26;5;1,1726;Área do imóvel;IRU;Aguardando análise;AT;25,7961
SP-3541406-50849EABC15E4120B3DA287F535C65E2;SP;Presidente Prudente;2019-04-25;2022-12-01;2;6,2023;Área do imóvel;IRU;Analisado, aguardando atendimento a notificação;AT;136,4514
SP-3541406-5142845BE43741EDB5FA09BF0D70BF14;SP;Presidente Prudente;2024-12-30;2025-01-23;1;0,0908;Área do imóvel;IRU;Aguardando análise, após revisão ou atendimento da notificação;AT;1,9984
SP-3541406-515CCE6326A6429EB9072B363D4A4C62;SP;Presidente Prudente;2022-11-25;2023-09-01;1;0,8002;Área do imóvel;IRU;Aguardando análise, após revisão ou atendimento da notificação;AT;17,6177
SP-3541406-51616827F93746E49CDEAACC1856FF62;SP;Presidente Prudente;2024-12-09;2024-12-23;0;0,8419;Área do imóvel;IRU;Analisado, aguardando atendimento a notificação;AT;18,5223
SP-3541406-51762966C10C48A79DD014A0EDF053F9;SP;Presidente Prudente;2023-04-04;2023-11-18;2;0,5726;Área do imóvel;IRU;Analisado, aguardando regularização ambiental (Lei nº 12.651/2012);AT;12,5976
SP-3541406-51BEACEB6282464393CBDB5A103F12C3;SP;Presidente Prudente;2023-05-11;2023-05-11;9;0,9572;Área do imóvel;IRU;Aguardando análise;AT;21,0579
SP-3541406-51D29A5C75FC48629B769CDA40E7818D;SP;Presidente Prudente;2023-12-05;2023-12-05;1;2,9550;Área do imóvel;IRU;Aguardando análise;AT;65,0598
SP-3541406-51E01594261E4B6CB72CB507942E036A;SP;Presidente Prudente;2024-11-14;2024-11-25;1;0,1002;Área do imóvel;IRU;Analisado, em conformidade com a Lei nº 12.651/2012, com ativos ambientais;AT;2,2051
SP-3541406-51F07FEAC86D479CBED0A2CCFCCA13C9;SP;Presidente Prudente;2024-11-14;2024-11-14;1;2,0488;Área do imóvel;IRU;Aguardando análise;AT;45,0734
SP-3541406-51FA158DC05E4042B3E39632A66763A8;SP;Presidente Prudente;2022-10-20;2023-09-01;1;1,7060;Área do imóvel;IRU;Aguardando análise, após revisão ou atendimento da notificação;AT;37,5611
SP-3541406-520631DC671B4C8191798CFFFA8B59BB;SP;Presidente Prudente;2023-09-28;2023-09-28;1;0,5491;Área do imóvel;IRU;Aguardando análise;AT;12,0894
SP-3541406-5219C763C756420A967BFA05859A2CC9;SP;Presidente Prudente;2022-10-08;2022-11-04;1;0,8465;Área do imóvel;IRU;Analisado, em conformidade com a Lei nº 12.651/2012;AT;18,6371
SP-3541406-521F42AC8C2144238B89FCE924305061;SP;Presidente Prudente;2025-08-13;2025-08-17;1;1,4007;Área do imóvel;IRU;Analisado, em conformidade com a Lei nº 12.651/2012, com ativos ambientais;AT;30,8385
SP-3541406-529208BEB51C49CC8E9E346027363B9F;SP;Presidente Prudente;2025-07-22;2025-08-08;1;2,9131;Área do imóvel;IRU;Analisado, aguardando regularização ambiental (Lei nº 12.651/2012);AT;64,1390
SP-3541406-529C681C64254D02BDEC0673773E2F9E;SP;Presidente Prudente;2025-03-13;2025-11-07;4;0,3270;Área do imóvel;IRU;Analisado, aguardando atendimento a notificação;AT;7,1942
SP-3541406-52A0128C281D447CB7A7844758AA19B5;SP;Presidente Prudente;2023-07-21;2023-08-22;1;0,1101;Área do imóvel;IRU;Analisado, aguardando regularização ambiental (Lei nº 12.651/2012);AT;2,4237
SP-3541406-52DB6FE9DFF7459286A1C554FB656447;SP;Presidente Prudente;2023-12-07;2023-12-07;1;0,8767;Área do imóvel;IRU;Aguardando análise;AT;19,3028
SP-3541406-536FFBF141164C4BBE9020B5032EB8AC;SP;Presidente Prudente;2024-01-05;2024-10-30;0;1,3754;Área do imóvel;IRU;Analisado, aguardando atendimento a notificação;AT;30,2638
SP-3541406-53932F4177004430AB617109B453FE37;SP;Presidente Prudente;2023-06-15;2023-06-15;2;0,7163;Área do imóvel;IRU;Aguardando análise;AT;15,7702
SP-3541406-53ADED5B7B5549098B870A1366CBCDF4;SP;Presidente Prudente;2015-06-26;2022-12-01;0;0,0902;Área do imóvel;IRU;Analisado, aguardando atendimento a notificação;AT;2,0017
SP-3541406-53D52A12DCBB4060A17036DA8F9B1251;SP;Presidente Prudente;2023-07-03;2023-09-12;1;0,1412;Área do imóvel;IRU;Aguardando análise, após revisão ou atendimento da notificação;AT;3,1082
SP-3541406-541CBFD5DDA844969478E499E99839D1;SP;Presidente Prudente;2024-12-27;2025-01-23;1;0,0909;Área do imóvel;IRU;Analisado, aguardando regularização ambiental (Lei nº 12.651/2012);AT;2,0014
SP-3541406-55098B3BD8084D1996344E03CD56D970;SP;Presidente Prudente;2024-09-27;2024-09-28;1;0,5074;Área do imóvel;IRU;Analisado, em conformidade com a Lei nº 12.651/2012;AT;11,1724
SP-3541406-5531060FD80F47BDA8428CEEA1BEFD7F;SP;Presidente Prudente;2024-12-27;2025-01-23;3;0,0910;Área do imóvel;IRU;Analisado, em conformidade com a Lei nº 12.651/2012, com ativos ambientais;AT;2,0032
SP-3541406-5572462996F04F50A3FFE62725193882;SP;Presidente Prudente;2023-12-05;2023-12-05;1;3,1786;Área do imóvel;IRU;Aguardando análise;AT;69,9823
SP-3541406-55AF778C6D6B49E795CEEBD31EE7CFAE;SP;Presidente Prudente;2025-06-24;2025-06-24;2;1,9716;Área do imóvel;IRU;Analisado, aguardando regularização ambiental (Lei nº 12.651/2012);AT;43,4099
SP-3541406-55B0D0BFEC5441AF95D33D45EFF88BAA;SP;Presidente Prudente;2025-03-26;2025-04-23;1;3,5322;Área do imóvel;IRU;Analisado, aguardando regularização ambiental (Lei nº 12.651/2012);AT;77,7676
SP-3541406-55B0FF5169B44B7099076FC4048DCB7B;SP;Presidente Prudente;2024-10-09;2024-11-11;0;0,2706;Área do imóvel;IRU;Aguardando análise, após revisão ou atendimento da notificação;AT;5,9542
SP-3541406-55CC5433169A4D38A7DFA01943D6A072;SP;Presidente Prudente;2025-03-26;2025-03-26;1;0,4841;Área do imóvel;IRU;Aguardando análise;AT;10,6593
SP-3541406-55E124904A9540AFBA12CBC5EE685A75;SP;Presidente Prudente;2022-03-29;2026-08-13;0;0,0011;Área do imóvel;IRU;Aguardando análise;AT;0,0247
SP-3541406-55E1BDA9E88A4FE68715AFD59620CA93;SP;Presidente Prudente;2025-06-22;2025-06-23;2;0,3951;Área do imóvel;IRU;Aguardando análise;AT;8,6917
SP-3541406-561484B54FD24C7E93953CC10208C9AA;SP;Presidente Prudente;2022-11-06;2023-09-01;1;1,8354;Área do imóvel;IRU;Aguardando análise, após revisão ou atendimento da notificação;AT;40,4110
SP-3541406-56178FDA0F17455E97819CFC020403F4;SP;Presidente Prudente;2024-10-04;2024-11-11;1;0,0937;Área do imóvel;IRU;Analisado, em conformidade com a Lei nº 12.651/2012;AT;2,0639
SP-3541406-5620EB6836B34C1196FF4170E0404967;SP;Presidente Prudente;2023-06-19;2023-06-20;1;0,4131;Área do imóvel;IRU;Analisado, em conformidade com a Lei nº 12.651/2012;AT;9,0951
SP-3541406-5637BB12AC094BDEBE8BCCAB4CFA887F;SP;Presidente Prudente;2023-03-14;2023-09-11;2;0,7300;Área do imóvel;IRU;Aguardando análise, após revisão ou atendimento da notificação;AT;16,0714
SP-3541406-56690FDE26CC4A9B8DB8CDF351FFBB12;SP;Presidente Prudente;2016-03-18;2022-12-01;0;0,6194;Área do imóvel;IRU;Aguardando análise, após revisão ou atendimento da notificação;AT;13,6273
SP-3541406-5684A848228B4667AA594FAB1FE349D7;SP;Presidente Prudente;2023-06-14;2023-06-14;1;0,9679;Área do imóvel;IRU;Analisado, em conformidade com a Lei nº 12.651/2012;AT;21,3102
SP-3541406-56932D9A76B64B0D80CA1003AA391C39;SP;Presidente Prudente;2025-02-11;2025-02-12;4;0,1775;Área do imóvel;IRU;Analisado, aguardando atendimento a notificação;AT;3,9084
SP-3541406-569DE895840947DBACF18D29D74A3DF7;SP;Presidente Prudente;2019-09-27;2022-12-01;5;9,3410;Área do imóvel;IRU;Analisado, aguardando atendimento a notificação;AT;205,5013
SP-3541406-56C17A529A8447DBBC9E11AD71073796;SP;Presidente Prudente;2024-11-15;2024-11-26;1;0,1288;Área do imóvel;IRU;Analisado, em conformidade com a Lei nº 12.651/2012, com ativos ambientais;AT;2,8366
SP-3541406-56D50C8B3291401BB920983E1F551513;SP;Presidente Prudente;2022-12-29;2023-09-11;1;0,4386;Área do imóvel;IRU;Aguardando análise, após revisão ou atendimento da notificação;AT;9,6575
SP-3541406-56D6245742924CE58F7CC0B7D2EE06BD;SP;Presidente Prudente;2025-02-27;2025-02-27;1;2,8335;Área do imóvel;IRU;Analisado, aguardando regularização ambiental (Lei nº 12.651/2012);AT;62,3850
SP-3541406-56DC7056E262459BA69BA7884FB248A4;SP;Presidente Prudente;2025-07-22;2025-07-22;2;1,7707;Área do imóvel;IRU;Aguardando análise;AT;38,9849
SP-3541406-57009A749AB64E87B41DA90DC049DA0B;SP;Presidente Prudente;2022-11-25;2023-09-01;1;0,3930;Área do imóvel;IRU;Analisado, em conformidade com a Lei nº 12.651/2012;AT;8,6537
SP-3541406-570A9ACA525A48FB979BF59979CAC207;SP;Presidente Prudente;2025-07-23;2025-07-23;4;0,2980;Área do imóvel;IRU;Analisado, em conformidade com a Lei nº 12.651/2012, com ativos ambientais;AT;6,5607
SP-3541406-57360BD3BDD646448FC39015D7E6F2F9;SP;Presidente Prudente;2024-09-27;2024-09-28;1;0,2423;Área do imóvel;IRU;Analisado, em conformidade com a Lei nº 12.651/2012;AT;5,3345
SP-3541406-573F0DFA79FC4145AD77B2C0A17915B0;SP;Presidente Prudente;2025-07-24;2025-07-24;1;1,7860;Área do imóvel;IRU;Analisado, aguardando regularização ambiental (Lei nº 12.651/2012);AT;39,3224
SP-3541406-5753ADEF66A147CD8349024A600B8394;SP;Presidente Prudente;2025-05-10;2025-05-10;1;0,1571;Área do imóvel;IRU;Aguardando análise;AT;3,4578
SP-3541406-5782C8DB40A54EDE953E90EC9B2DBF93;SP;Presidente Prudente;2021-04-26;2022-02-03;0;0,1455;Área do imóvel;IRU;Analisado, aguardando atendimento a notificação;AT;3,2021
SP-3541406-57C840BB893A40F8BEC6FA225C3A54F5;SP;Presidente Prudente;2015-06-18;2022-12-01;0;0,5343;Área do imóvel;IRU;Analisado, aguardando atendimento a notificação;AT;11,7543
SP-3541406-581EDB1A5C8D4D90A4C3DF61797A52F0;SP;Presidente Prudente;2023-09-18;2023-09-20;0;0,3981;Área do imóvel;IRU;Aguardando análise, após revisão ou atendimento da notificação;AT;8,7585
SP-3541406-582252DAF5B14234B934EC4BC710C590;SP;Presidente Prudente;2025-07-03;2025-07-03;2;1,0900;Área do imóvel;IRU;Analisado, aguardando regularização ambiental (Lei nº 12.651/2012);AT;23,9990
SP-3541406-58633EFC04744797955262A9AAD495F1;SP;Presidente Prudente;2023-04-05;2024-01-02;0;0,0527;Área do imóvel;IRU;Aguardando análise, após revisão ou atendimento da notificação;AT;1,1604
SP-3541406-58CC8DA139C54326A26A4A837662045E;SP;Presidente Prudente;2024-11-10;2024-11-19;0;0,4384;Área do imóvel;IRU;Analisado, em conformidade com a Lei nº 12.651/2012;AT;9,6440
SP-3541406-5935C1D11D074889BA7020489C26D972;SP;Presidente Prudente;2020-06-19;2022-12-01;1;0,5312;Área do imóvel;IRU;Aguardando análise;AT;11,6871
SP-3541406-597021F552D84E8598056FA3324D5DD9;SP;Presidente Prudente;2024-07-16;2024-08-14;1;0,0762;Área do imóvel;IRU;Analisado, em conformidade com a Lei nº 12.651/2012;AT;1,6787
SP-3541406-59CA674808D54BB49318E76494FCBF19;SP;Presidente Prudente;2023-04-20;2023-09-11;0;0,1875;Área do imóvel;IRU;Analisado, aguardando atendimento a notificação;AT;4,1253
SP-3541406-5A0C423E3D044E989CFE6622897878D9;SP;Presidente Prudente;2025-02-27;2025-02-27;1;0,4718;Área do imóvel;IRU;Analisado, em conformidade com a Lei nº 12.651/2012, com ativos ambientais;AT;10,3872
SP-3541406-5A57076811F04421A8956E9FB6DB0CD2;SP;Presidente Prudente;2025-05-08;2025-05-08;2;0,8130;Área do imóvel;IRU;Analisado, em conformidade com a Lei nº 12.651/2012, com ativos ambientais;AT;17,8993
SP-3541406-5A65592B512C40C8AB9A59E2592BC80E;SP;Presidente Prudente;2024-11-16;2024-11-26;2;0,8723;Área do imóvel;IRU;Analisado, em conformidade com a Lei nº 12.651/2012, com ativos ambientais;AT;19,2060
SP-3541406-5A897B4D88DF4ADAA44C6D2EE381F164;SP;Presidente Prudente;2015-06-22;2023-09-06;0;7,8784;Área do imóvel;IRU;Aguardando análise;AT;173,3239
SP-3541406-5B003E36B49647749FCCAC006B98196B;SP;Presidente Prudente;2025-03-26;2025-04-23;1;0,1410;Área do imóvel;IRU;Analisado, em conformidade com a Lei nº 12.651/2012, com ativos ambientais;AT;3,1048
SP-3541406-5B022CADE20A4C818432A29602CA4FC5;SP;Presidente Prudente;2020-10-09;2023-09-08;0;4,3630;Área do imóvel;IRU;Aguardando análise;AT;95,9854
SP-3541406-5B14714143FB443090907AF27E3821AD;SP;Presidente Prudente;2024-11-16;2024-11-25;1;0,1114;Área do imóvel;IRU;Analisado, em conformidade com a Lei nº 12.651/2012;AT;2,4525
SP-3541406-5B1C6BD18CDD47CC9B671491DAFE3660;SP;Presidente Prudente;2014-11-22;2023-09-06;0;5,6620;Área do imóvel;IRU;Aguardando análise;AT;124,5644
SP-3541406-5B22AA71131C4B39A084ECFA17FF3CBA;SP;Presidente Prudente;2022-11-27;2023-09-01;1;3,8104;Área do imóvel;IRU;Aguardando análise, após revisão ou atendimento da notificação;AT;83,8936
SP-3541406-5B4FA3F04254470093EE9CB6BBFEC75C;SP;Presidente Prudente;2024-11-11;2024-11-15;4;0,3159;Área do imóvel;IRU;Analisado, em conformidade com a Lei nº 12.651/2012, com ativos ambientais;AT;6,9542
SP-3541406-5B8DD5C5CC2E478E8CF55256DC2BCB6A;SP;Presidente Prudente;2016-04-10;2022-12-01;0;0,1088;Área do imóvel;IRU;Analisado, aguardando atendimento a notificação;AT;2,4473
SP-3541406-5B96528FF99940CB8F6DFEB1DD9BDD4E;SP;Presidente Prudente;2023-06-19;2023-09-12;1;0,5491;Área do imóvel;IRU;Aguardando análise, após revisão ou atendimento da notificação;AT;12,0905
SP-3541406-5BCA8EF7E71146A28994EB0D8C030AE9;SP;Presidente Prudente;2022-11-26;2023-09-01;4;0,8713;Área do imóvel;IRU;Aguardando análise, após revisão ou atendimento da notificação;AT;19,1840
SP-3541406-5BD7C835152A434CB027BE5A6EFE7A9A;SP;Presidente Prudente;2024-01-16;2024-01-16;1;0,2249;Área do imóvel;IRU;Aguardando análise;AT;4,9473
SP-3541406-5BDEDDB484A1477389DC192B0548E6EC;SP;Presidente Prudente;2023-05-09;2023-09-11;1;0,9692;Área do imóvel;IRU;Aguardando análise, após revisão ou atendimento da notificação;AT;21,3384
SP-3541406-5BE1181A001244D4ACBC0D667BE542FB;SP;Presidente Prudente;2023-08-24;2023-08-24;2;0,6707;Área do imóvel;IRU;Aguardando análise;AT;14,7559
SP-3541406-5BFDA6F949AC44FB927DB1E3B7957AB9;SP;Presidente Prudente;2020-04-09;2022-12-01;1;0,1819;Área do imóvel;IRU;Analisado, aguardando atendimento a notificação;AT;4,0014
SP-3541406-5C92EE626E6F4DDAB7D7FD5D0627BFFE;SP;Presidente Prudente;2024-05-07;2024-05-08;3;0,1976;Área do imóvel;IRU;Analisado, aguardando regularização ambiental (Lei nº 12.651/2012);AT;4,3481
SP-3541406-5D0ABFB2045445FFAC0A697E85CDA9F4;SP;Presidente Prudente;2025-03-26;2025-04-23;2;0,5088;Área do imóvel;IRU;Analisado, em conformidade com a Lei nº 12.651/2012, com ativos ambientais;AT;11,2021
SP-3541406-5D163322A6BA4724AAB50FDBC36B8AF4;SP;Presidente Prudente;2025-02-27;2025-02-27;1;0,5493;Área do imóvel;IRU;Analisado, em conformidade com a Lei nº 12.651/2012, com ativos ambientais;AT;12,1050
SP-3541406-5D199CD2F8714462A22FBDA3F762721C;SP;Presidente Prudente;2024-12-27;2025-01-23;1;0,4635;Área do imóvel;IRU;Analisado, em conformidade com a Lei nº 12.651/2012;AT;10,2046
SP-3541406-5D270C0E22B94A3D8A9EE982B8E02962;SP;Presidente Prudente;2023-06-06;2023-09-12;1;0,9348;Área do imóvel;IRU;Aguardando análise, após revisão ou atendimento da notificação;AT;20,5815
SP-3541406-5D5F62450831456D9BCEBCFCE8712CE6;SP;Presidente Prudente;2023-02-08;2023-08-31;1;0,4070;Área do imóvel;IRU;Analisado, aguardando regularização ambiental (Lei nº 12.651/2012);AT;8,9611
SP-3541406-5DA110ECB36941B38DE4FEA502E6EAA6;SP;Presidente Prudente;2025-03-26;2025-04-23;1;0,2215;Área do imóvel;IRU;Analisado, em conformidade com a Lei nº 12.651/2012, com ativos ambientais;AT;4,8773
SP-3541406-5DEB89B7707249A8A40EC3A39B1C8D5B;SP;Presidente Prudente;2025-07-01;2025-07-02;1;2,0672;Área do imóvel;IRU;Analisado, em conformidade com a Lei nº 12.651/2012, com ativos ambientais;AT;45,5127
SP-3541406-5E473C5623034FBCB1E68751E4EECE55;SP;Presidente Prudente;2024-07-27;2024-08-14;1;0,3245;Área do imóvel;IRU;Analisado, em conformidade com a Lei nº 12.651/2012;AT;7,1434
SP-3541406-5E4BE135FF7F47B8B7D770B8C81F624B;SP;Presidente Prudente;2024-12-27;2025-01-24;1;0,2134;Área do imóvel;IRU;Analisado, em conformidade com a Lei nº 12.651/2012, com ativos ambientais;AT;4,6989
SP-3541406-5E9F634492CF4FFFB8D5F2DAB1FB1D14;SP;Presidente Prudente;2025-07-22;2025-07-22;1;0,3631;Área do imóvel;IRU;Analisado, em conformidade com a Lei nº 12.651/2012, com ativos ambientais;AT;7,9940
SP-3541406-5F315D4FF9CF42C79DB4C383DF035457;SP;Presidente Prudente;2025-03-26;2025-04-23;2;0,5620;Área do imóvel;IRU;Analisado, aguardando atendimento a notificação;AT;12,3734
SP-3541406-5F34376FB5164FACA4071C742526FF35;SP;Presidente Prudente;2024-12-27;2025-01-23;1;0,1415;Área do imóvel;IRU;Analisado, em conformidade com a Lei nº 12.651/2012, com ativos ambientais;AT;3,1159
SP-3541406-5F40D5611EB34ACD89BC3927CF095A20;SP;Presidente Prudente;2024-08-08;2024-08-08;0;0,1110;Área do imóvel;IRU;Aguardando análise;AT;2,4424
SP-3541406-5F76E44E822B4F4ABFBB76A4AF0022C2;SP;Presidente Prudente;2023-06-29;2023-09-12;1;0,3269;Área do imóvel;IRU;Analisado, em conformidade com a Lei nº 12.651/2012;AT;7,1976
SP-3541406-5F7DF96D911C4A7994E141E4170B1104;SP;Presidente Prudente;2025-07-24;2025-07-24;2;0,4065;Área do imóvel;IRU;Analisado, em conformidade com a Lei nº 12.651/2012, com ativos ambientais;AT;8,9493
SP-3541406-5F8078CB68FA4C2FB972EA7EAF56E6A0;SP;Presidente Prudente;2023-03-31;2023-09-11;1;0,1355;Área do imóvel;IRU;Aguardando análise, após revisão ou atendimento da notificação;AT;2,9823
SP-3541406-5FA48B7BB42F49C7845179B5383386D6;SP;Presidente Prudente;2025-06-24;2025-06-24;1;0,3508;Área do imóvel;IRU;Aguardando análise;AT;7,7180
SP-3541406-5FC8FE47D7B04330AA69277654FF49DF;SP;Presidente Prudente;2025-07-01;2025-07-15;1;0,1930;Área do imóvel;IRU;Analisado, em conformidade com a Lei nº 12.651/2012, com ativos ambientais;AT;4,2497
SP-3541406-5FE62E997734447E9673D9BAEE481DF4;SP;Presidente Prudente;2023-07-11;2023-08-22;0;0,1468;Área do imóvel;IRU;Analisado, aguardando regularização ambiental (Lei nº 12.651/2012);AT;3,2295
SP-3541406-6039426957D949FC88E840129668FEA9;SP;Presidente Prudente;2025-08-13;2025-08-17;1;3,1194;Área do imóvel;IRU;Analisado, aguardando regularização ambiental (Lei nº 12.651/2012);AT;68,6784
SP-3541406-603B8C95DE3A44EFA9E33C0120AD6F9C;SP;Presidente Prudente;2024-07-16;2024-07-17;2;0,1121;Área do imóvel;IRU;Analisado, em conformidade com a Lei nº 12.651/2012;AT;2,4672
SP-3541406-60C45E0C9DFB44008A9F1C7D289F14E2;SP;Presidente Prudente;2025-02-27;2025-02-27;1;0,2503;Área do imóvel;IRU;Analisado, em conformidade com a Lei nº 12.651/2012, com ativos ambientais;AT;5,5114
SP-3541406-615202822CA24DD1B33D56687939B9A9;SP;Presidente Prudente;2025-03-11;2025-03-12;1;2,1316;Área do imóvel;IRU;Analisado, aguardando regularização ambiental (Lei nº 12.651/2012);AT;46,9324
SP-3541406-61528835F2064A5196E1542352905E84;SP;Presidente Prudente;2022-12-02;2023-09-10;2;0,7886;Área do imóvel;IRU;Aguardando análise, após revisão ou atendimento da notificação;AT;17,3618
SP-3541406-6158EF53E3784F73A17D4833D5C281A4;SP;Presidente Prudente;2024-12-02;2024-12-23;2;0,1200;Área do imóvel;IRU;Analisado, em conformidade com a Lei nº 12.651/2012, com ativos ambientais;AT;2,6408
SP-3541406-61593648E1444C3E9E92036EFEA34E67;SP;Presidente Prudente;2024-07-21;2024-08-14;1;0,2402;Área do imóvel;IRU;Analisado, em conformidade com a Lei nº 12.651/2012;AT;5,2885
SP-3541406-6188C25F1C6B42AE9078939853F70E9B;SP;Presidente Prudente;2025-01-30;2025-01-31;3;0,1120;Área do imóvel;IRU;Aguardando análise;AT;2,4635
SP-3541406-619E864ABC15441ABBB86F4F307D8EB1;SP;Presidente Prudente;2023-06-19;2023-09-12;1;0,7935;Área do imóvel;IRU;Analisado, em conformidade com a Lei nº 12.651/2012;AT;17,4703
SP-3541406-6261890287034E4C89380F4116B7D276;SP;Presidente Prudente;2025-07-03;2025-07-04;1;1,8618;Área do imóvel;IRU;Analisado, em conformidade com a Lei nº 12.651/2012, com ativos ambientais;AT;40,9598
SP-3541406-6284D4CB7BEB4F5793D726AB15B3D3FA;SP;Presidente Prudente;2023-09-29;2023-11-13;0;0,7124;Área do imóvel;IRU;Analisado, em conformidade com a Lei nº 12.651/2012;AT;15,6723
SP-3541406-62C7EA349ADE4747B8F0370620E01EBC;SP;Presidente Prudente;2024-11-17;2024-11-25;1;0,1427;Área do imóvel;IRU;Analisado, aguardando regularização ambiental (Lei nº 12.651/2012);AT;3,1420
SP-3541406-62CEE456FFF1466F820FCAA8BE63841D;SP;Presidente Prudente;2015-06-23;2022-12-01;0;2,1430;Área do imóvel;IRU;Analisado, aguardando atendimento a notificação;AT;50,8406
SP-3541406-62E13180E74E44D384F904B2F19F0B2B;SP;Presidente Prudente;2024-07-18;2024-08-14;1;0,2100;Área do imóvel;IRU;Analisado, em conformidade com a Lei nº 12.651/2012;AT;4,6229
SP-3541406-631339EA7DC24E76A54CCD7E51853314;SP;Presidente Prudente;2016-08-23;2022-12-01;0;2,7499;Área do imóvel;IRU;Analisado, aguardando atendimento a notificação;AT;60,4968
SP-3541406-639DC074F13A4C6585FC0B11E4CC5A22;SP;Presidente Prudente;2024-11-12;2024-11-21;5;0,7699;Área do imóvel;IRU;Analisado, em conformidade com a Lei nº 12.651/2012, com ativos ambientais;AT;16,9387
SP-3541406-63CCF8D3481A41C3997DDB21B8FF7A42;SP;Presidente Prudente;2022-12-08;2023-09-10;1;0,8078;Área do imóvel;IRU;Analisado, em conformidade com a Lei nº 12.651/2012;AT;17,7858
SP-3541406-63E43930F0064867A02BECC02A3B35F5;SP;Presidente Prudente;2025-07-30;2025-07-30;4;2,3513;Área do imóvel;IRU;Analisado, aguardando regularização ambiental (Lei nº 12.651/2012);AT;51,7287
SP-3541406-6429B364CEF44E809D10BCE6822354BC;SP;Presidente Prudente;2023-04-03;2023-09-11;1;0,1208;Área do imóvel;IRU;Aguardando análise, após revisão ou atendimento da notificação;AT;2,6595
SP-3541406-643D91CD033543F1AB56BF163B3032B1;SP;Presidente Prudente;2023-02-16;2023-09-11;1;1,9636;Área do imóvel;IRU;Aguardando análise, após revisão ou atendimento da notificação;AT;43,2319
SP-3541406-6459E3D762C8458FA504939A76598366;SP;Presidente Prudente;2016-08-15;2022-12-01;0;0,2270;Área do imóvel;IRU;Analisado, aguardando atendimento a notificação;AT;4,9944
SP-3541406-645D1ECBAC0B412497C6569CC24AA30C;SP;Presidente Prudente;2023-03-13;2023-09-11;1;0,8841;Área do imóvel;IRU;Aguardando análise, após revisão ou atendimento da notificação;AT;19,4652
SP-3541406-646AFBFED3774890BB62B219ECC44D6F;SP;Presidente Prudente;2025-03-11;2025-03-12;15;0,3966;Área do imóvel;IRU;Aguardando análise;AT;8,7246
SP-3541406-6489B27C91A947B984927A7278AF0488;SP;Presidente Prudente;2025-06-18;2025-06-18;1;0,4435;Área do imóvel;IRU;Analisado, em conformidade com a Lei nº 12.651/2012, com ativos ambientais;AT;9,7637
SP-3541406-64B4DA73D3544D2CB24179E28035667F;SP;Presidente Prudente;2024-12-27;2025-01-15;1;0,0914;Área do imóvel;IRU;Analisado, em conformidade com a Lei nº 12.651/2012, com ativos ambientais;AT;2,0130
SP-3541406-64E273B02D9447B688D88C3028A1C093;SP;Presidente Prudente;2023-06-16;2023-09-12;1;0,3613;Área do imóvel;IRU;Aguardando análise, após revisão ou atendimento da notificação;AT;7,9488
SP-3541406-65692682ED4B4927B87BE36AFD101CEA;SP;Presidente Prudente;2025-03-17;2025-03-17;1;0,6418;Área do imóvel;IRU;Analisado, em conformidade com a Lei nº 12.651/2012, com ativos ambientais;AT;14,1201
SP-3541406-657291906E2E4D78A8461A718C091FDC;SP;Presidente Prudente;2021-02-07;2022-12-01;0;0,0594;Área do imóvel;IRU;Analisado, aguardando atendimento a notificação;AT;1,3059
SP-3541406-6582BF2CB0064F7E86B9F2FE393ECFBF;SP;Presidente Prudente;2022-10-06;2023-11-17;1;0,9127;Área do imóvel;IRU;Analisado, aguardando atendimento a notificação;AT;20,0791
SP-3541406-65A8BD2BB9D14690BA746F47A811518B;SP;Presidente Prudente;2015-06-18;2022-12-01;0;0,1092;Área do imóvel;IRU;Analisado, aguardando atendimento a notificação;AT;2,4021
SP-3541406-66130101BEC04961A84360D658BBEE0A;SP;Presidente Prudente;2025-06-22;2025-06-23;2;1,3861;Área do imóvel;IRU;Aguardando análise;AT;30,5168
SP-3541406-661B8E18393B4F4E9805F937C148A043;SP;Presidente Prudente;2023-04-04;2023-09-11;1;1,3734;Área do imóvel;IRU;Aguardando análise, após revisão ou atendimento da notificação;AT;30,2377
SP-3541406-664A4ACD6DA94C9B99487A98BC0F4210;SP;Presidente Prudente;2023-06-29;2023-09-12;1;1,2390;Área do imóvel;IRU;Aguardando análise, após revisão ou atendimento da notificação;AT;27,2801
SP-3541406-669B2FDCB0C940CBADFD41173D9A7501;SP;Presidente Prudente;2025-07-21;2025-07-21;1;0,3629;Área do imóvel;IRU;Aguardando análise;AT;7,9904
SP-3541406-6704B2E91440489A9410D01F5D1EC0B6;SP;Presidente Prudente;2025-02-03;2025-02-03;1;0,0784;Área do imóvel;IRU;Aguardando análise;AT;1,7243
SP-3541406-670AA92F4AB349A8AAA4B94B813ED851;SP;Presidente Prudente;2023-06-04;2023-06-12;1;0,1403;Área do imóvel;IRU;Analisado, aguardando atendimento a notificação;AT;3,0876
SP-3541406-6725134D277846ECA920DD65126C8BF1;SP;Presidente Prudente;2023-07-05;2023-07-13;0;0,1226;Área do imóvel;IRU;Analisado, aguardando atendimento a notificação;AT;2,6979
SP-3541406-67428BF0CD11480EB2EEEE5D88F64E8D;SP;Presidente Prudente;2016-08-30;2022-12-01;0;0,5506;Área do imóvel;IRU;Analisado, aguardando atendimento a notificação;AT;12,1131
SP-3541406-67A7DEE0CCD446E0B72567675447F195;SP;Presidente Prudente;2025-02-27;2025-02-27;1;0,3147;Área do imóvel;IRU;Aguardando análise;AT;6,9279
SP-3541406-67D0B9A84EFB40C6AB5BAAFB1068859E;SP;Presidente Prudente;2024-03-22;2024-04-04;0;0,1003;Área do imóvel;IRU;Aguardando análise, após revisão ou atendimento da notificação;AT;2,2058
SP-3541406-67DA33B928484422BC282167909893A0;SP;Presidente Prudente;2025-03-15;2025-03-15;2;1,3391;Área do imóvel;IRU;Aguardando análise;AT;29,4605
SP-3541406-680569BE1918432489D2186421473CAF;SP;Presidente Prudente;2023-02-02;2023-09-11;2;1,2533;Área do imóvel;IRU;Aguardando análise, após revisão ou atendimento da notificação;AT;27,5945
SP-3541406-68ADB9BF25334978AD2071907771317D;SP;Presidente Prudente;2016-03-22;2022-12-01;0;1,2197;Área do imóvel;IRU;Analisado, aguardando atendimento a notificação;AT;26,8343
SP-3541406-68E6E5CEB668460EA7EE4C5F8B0CBCF5;SP;Presidente Prudente;2025-06-25;2025-09-19;1;1,9927;Área do imóvel;IRU;Analisado, aguardando regularização ambiental (Lei nº 12.651/2012);AT;43,8725
SP-3541406-6941EBF65844411CBB856E925F6D971E;SP;Presidente Prudente;2024-09-27;2024-09-28;1;1,6499;Área do imóvel;IRU;Analisado, em conformidade com a Lei nº 12.651/2012;AT;36,3267
SP-3541406-6971DE9DD38A43BBAA7835658E5DAFAB;SP;Presidente Prudente;2025-03-16;2025-03-16;2;1,3128;Área do imóvel;IRU;Aguardando análise;AT;28,8811
SP-3541406-69BD43E7A91242E694B1F98B0233705C;SP;Presidente Prudente;2024-09-27;2024-09-27;1;0,1076;Área do imóvel;IRU;Analisado, em conformidade com a Lei nº 12.651/2012;AT;2,3685
SP-3541406-69CB47353BAA456A9BDB8110315DC56D;SP;Presidente Prudente;2024-08-01;2024-08-14;1;0,3479;Área do imóvel;IRU;Analisado, em conformidade com a Lei nº 12.651/2012;AT;7,6601
SP-3541406-69D465FE9E9A4AC58EAD2E06B347381F;SP;Presidente Prudente;2015-06-20;2023-09-06;0;6,7002;Área do imóvel;IRU;Aguardando análise;AT;147,4989
SP-3541406-6A34520022CB490F88A03CDC32CBA079;SP;Presidente Prudente;2025-07-16;2025-07-16;2;1,0974;Área do imóvel;IRU;Analisado, em conformidade com a Lei nº 12.651/2012, com ativos ambientais;AT;24,1606
SP-3541406-6A4AF2BA78BA49B9BF53353086BD363A;SP;Presidente Prudente;2022-10-20;2023-09-01;1;0,5713;Área do imóvel;IRU;Aguardando análise, após revisão ou atendimento da notificação;AT;12,5791
SP-3541406-6A9B2D9316AB4E659A5418A83F50EE4F;SP;Presidente Prudente;2023-06-21;2023-06-21;2;0,3520;Área do imóvel;IRU;Aguardando análise;AT;7,7501
SP-3541406-6AC6349BA0624DAD8D97DA874BE75FEC;SP;Presidente Prudente;2024-12-05;2024-12-06;1;0,3522;Área do imóvel;IRU;Analisado, em conformidade com a Lei nº 12.651/2012;AT;7,7538
SP-3541406-6B3041F370134F8281CFFD1692039567;SP;Presidente Prudente;2025-06-24;2025-06-24;3;1,4807;Área do imóvel;IRU;Aguardando análise;AT;32,5999
SP-3541406-6BA21518BCFD4C6094AAD3B02838563E;SP;Presidente Prudente;2024-07-19;2024-08-14;1;0,2443;Área do imóvel;IRU;Analisado, em conformidade com a Lei nº 12.651/2012;AT;5,3796
SP-3541406-6BB83EF174934390B6604FAB167705EA;SP;Presidente Prudente;2024-11-14;2024-11-25;1;0,1245;Área do imóvel;IRU;Analisado, em conformidade com a Lei nº 12.651/2012, com ativos ambientais;AT;2,7415
SP-3541406-6BCB028F79484F04B33F81F795B39474;SP;Presidente Prudente;2025-07-17;2025-07-17;2;0,5842;Área do imóvel;IRU;Analisado, em conformidade com a Lei nº 12.651/2012, com ativos ambientais;AT;12,8628
SP-3541406-6BFC529ABEAB43CB926C7D802A422601;SP;Presidente Prudente;2024-07-30;2024-08-14;1;0,3299;Área do imóvel;IRU;Analisado, em conformidade com a Lei nº 12.651/2012;AT;7,2630
SP-3541406-6C31E92B6A174AE5930A6CE45B952E9F;SP;Presidente Prudente;2024-10-04;2024-11-11;1;0,1925;Área do imóvel;IRU;Analisado, em conformidade com a Lei nº 12.651/2012;AT;4,2390
SP-3541406-6C425A51CA214FC5A287E03AEB3A2193;SP;Presidente Prudente;2016-03-01;2022-12-01;0;0,5664;Área do imóvel;IRU;Analisado, aguardando atendimento a notificação;AT;12,4603
SP-3541406-6C62037EC0FE49EFB4885F28B837F5D3;SP;Presidente Prudente;2024-07-19;2024-08-14;2;0,2328;Área do imóvel;IRU;Analisado, em conformidade com a Lei nº 12.651/2012;AT;5,1243
SP-3541406-6C6643674DA34E0A81E2F1BDEBF49FB5;SP;Presidente Prudente;2024-11-16;2024-11-25;1;0,3298;Área do imóvel;IRU;Analisado, em conformidade com a Lei nº 12.651/2012, com ativos ambientais;AT;7,2616
SP-3541406-6CD7CF3F8F114F6283AD0CAF55394F75;SP;Presidente Prudente;2024-03-22;2024-03-22;2;0,7266;Área do imóvel;IRU;Aguardando análise;AT;15,9982
SP-3541406-6D085E9DFB5047AE8F9728F78D9684F4;SP;Presidente Prudente;2024-11-14;2024-11-25;1;0,2141;Área do imóvel;IRU;Analisado, em conformidade com a Lei nº 12.651/2012;AT;4,7131
SP-3541406-6D2C017211424010AF0DE5EEBF35715F;SP;Presidente Prudente;2021-06-04;2023-09-09;2;5,8118;Área do imóvel;IRU;Aguardando análise;AT;128,0962
SP-3541406-6D61F53E3DA141DDA87BF40B0DD4F27C;SP;Presidente Prudente;2024-02-02;2024-04-15;4;2,1689;Área do imóvel;IRU;Analisado, aguardando regularização ambiental (Lei nº 12.651/2012);AT;47,7153
SP-3541406-6D68B4FA146E4B839336E40C962377D8;SP;Presidente Prudente;2024-11-26;2024-12-12;1;0,5436;Área do imóvel;IRU;Analisado, em conformidade com a Lei nº 12.651/2012;AT;11,9682
SP-3541406-6D8E7CC2EE0547BAAE30E49A6467E37F;SP;Presidente Prudente;2024-08-01;2024-08-14;1;0,3386;Área do imóvel;IRU;Analisado, em conformidade com a Lei nº 12.651/2012;AT;7,4547
SP-3541406-6D91D82247D34DA5A98488267E210CCC;SP;Presidente Prudente;2021-10-20;2022-12-01;0;0,6627;Área do imóvel;IRU;Aguardando análise;AT;14,5802
SP-3541406-6DA7C4734C4C4A57BE78A877A7CD9A7E;SP;Presidente Prudente;2021-11-11;2022-12-01;3;0,7432;Área do imóvel;IRU;Analisado, aguardando atendimento a notificação;AT;16,4848
SP-3541406-6DE6D6B543824386BD9CD6010A8EAF68;SP;Presidente Prudente;2021-06-22;2022-12-01;0;0,1147;Área do imóvel;IRU;Analisado, aguardando atendimento a notificação;AT;2,5238
SP-3541406-6E122A8EBC2F439E955AEB60B1E64F21;SP;Presidente Prudente;2023-06-29;2023-09-12;2;0,7693;Área do imóvel;IRU;Aguardando análise, após revisão ou atendimento da notificação;AT;16,9384
SP-3541406-6E444C4B691B4529BAF1DD4F3AE6E07E;SP;Presidente Prudente;2023-06-20;2023-06-28;0;0,1855;Área do imóvel;IRU;Aguardando análise, após revisão ou atendimento da notificação;AT;4,0806
SP-3541406-6E53A8C7044441918E39D1EE880EF93A;SP;Presidente Prudente;2025-06-10;2025-06-11;1;0,6608;Área do imóvel;IRU;Analisado, aguardando atendimento a notificação;AT;14,5384
SP-3541406-6E98EDC433654B05B3306412853E3198;SP;Presidente Prudente;2023-05-11;2023-05-11;7;0,9497;Área do imóvel;IRU;Aguardando análise;AT;20,8932
SP-3541406-6EA2631BB3154291921B336CF079B1E1;SP;Presidente Prudente;2025-03-01;2025-03-03;1;0,6805;Área do imóvel;IRU;Aguardando análise;AT;14,9831
SP-3541406-6EA620152CCD4A278AE0D01A30C3642F;SP;Presidente Prudente;2015-05-09;2023-09-06;0;4,3004;Área do imóvel;IRU;Aguardando análise;AT;94,9992
SP-3541406-6EB504EB9C7F49EEBE44E0D77584BB63;SP;Presidente Prudente;2023-06-20;2023-06-20;1;0,1584;Área do imóvel;IRU;Aguardando análise;AT;3,4877
SP-3541406-6ECC5396EA4F4D5C80D61628391A8E10;SP;Presidente Prudente;2023-10-02;2023-11-22;0;0,3867;Área do imóvel;IRU;Analisado, aguardando atendimento a notificação;AT;8,5065
SP-3541406-6F2DAD95F339477DB1110CCCCB74565A;SP;Presidente Prudente;2025-02-11;2025-02-12;2;0,1160;Área do imóvel;IRU;Analisado, em conformidade com a Lei nº 12.651/2012;AT;2,5523
SP-3541406-6F3AE06FB94E4C0A89814A6A3BE99F52;SP;Presidente Prudente;2025-07-01;2025-07-02;1;0,5268;Área do imóvel;IRU;Analisado, em conformidade com a Lei nº 12.651/2012, com ativos ambientais;AT;11,5994
SP-3541406-6F906DC6F7D5468F9CAAD3273C6C273D;SP;Presidente Prudente;2025-07-03;2025-07-03;1;1,8290;Área do imóvel;IRU;Analisado, em conformidade com a Lei nº 12.651/2012, com ativos ambientais;AT;40,2691
SP-3541406-6FFA374B2EB44859B536282EF07E41A8;SP;Presidente Prudente;2023-06-15;2023-09-12;2;1,2101;Área do imóvel;IRU;Aguardando análise;AT;26,6431
SP-3541406-70239F219CD34498AE55628B64295954;SP;Presidente Prudente;2025-07-22;2025-07-22;1;2,3890;Área do imóvel;IRU;Aguardando análise;AT;52,5986
SP-3541406-706D3D22648F4B678A0CB05889098D17;SP;Presidente Prudente;2022-12-07;2023-09-10;1;0,5378;Área do imóvel;IRU;Aguardando análise, após revisão ou atendimento da notificação;AT;11,8412
SP-3541406-70C8ED3F605642FA8B4BC8D51A0ED0BC;SP;Presidente Prudente;2025-07-08;2025-07-08;2;0,5104;Área do imóvel;IRU;Analisado, aguardando regularização ambiental (Lei nº 12.651/2012);AT;11,2375
SP-3541406-70F26CEEF1364DF59B82CB83D1C9E7A1;SP;Presidente Prudente;2025-06-20;2025-06-20;1;1,1100;Área do imóvel;IRU;Analisado, aguardando regularização ambiental (Lei nº 12.651/2012);AT;24,4399
SP-3541406-7127D71CB1D94161982D0AF7A95F49C4;SP;Presidente Prudente;2024-09-05;2024-12-23;4;0,1608;Área do imóvel;IRU;Aguardando análise, após revisão ou atendimento da notificação;AT;3,5376
SP-3541406-7129971B5BFA41C696AF44CBD113C006;SP;Presidente Prudente;2023-12-05;2023-12-06;0;0,0075;Área do imóvel;IRU;Aguardando análise;AT;0,1661
SP-3541406-715683BC0A214C95A724D722DAC974DC;SP;Presidente Prudente;2024-11-14;2024-11-17;1;0,5095;Área do imóvel;IRU;Analisado, aguardando atendimento a notificação;AT;11,2171
SP-3541406-71B3335C4B68442287B05352A623D810;SP;Presidente Prudente;2015-06-26;2022-12-01;0;0,3464;Área do imóvel;IRU;Analisado, aguardando atendimento a notificação;AT;7,7630
SP-3541406-71E8F3EB54934A3F89FFDCECEF1C77B3;SP;Presidente Prudente;2024-08-18;2024-08-24;1;0,7122;Área do imóvel;IRU;Analisado, em conformidade com a Lei nº 12.651/2012;AT;15,6809
SP-3541406-71F568656BD44D2E814357192B375DAC;SP;Presidente Prudente;2023-12-27;2023-12-27;1;0,3544;Área do imóvel;IRU;Aguardando análise;AT;7,8029
SP-3541406-7220800D6567453FBB20641BEC60434D;SP;Presidente Prudente;2025-03-01;2025-03-03;1;1,1941;Área do imóvel;IRU;Aguardando análise;AT;26,2908
SP-3541406-723373A25D2B4E11B452F9E2F690FA59;SP;Presidente Prudente;2025-02-19;2025-02-28;0;1,6012;Área do imóvel;IRU;Analisado, aguardando atendimento a notificação;AT;35,2257
SP-3541406-725F037A1F19497881D7ED279D68B953;SP;Presidente Prudente;2023-06-19;2023-09-12;1;0,8265;Área do imóvel;IRU;Aguardando análise, após revisão ou atendimento da notificação;AT;18,1975
SP-3541406-72B3FF4899A847B992C882468C31CE1F;SP;Presidente Prudente;2024-07-15;2024-07-16;3;0,1129;Área do imóvel;IRU;Analisado, em conformidade com a Lei nº 12.651/2012;AT;2,4856
SP-3541406-72CBB59926574E4DB0B4903DD9429EFC;SP;Presidente Prudente;2022-07-12;2023-03-13;0;0,0908;Área do imóvel;IRU;Analisado, aguardando atendimento a notificação;AT;1,9974
SP-3541406-72CFDE7AC9854EBDB822F563E90C7E90;SP;Presidente Prudente;2016-08-31;2022-12-01;1;0,4069;Área do imóvel;IRU;Analisado, aguardando atendimento a notificação;AT;8,9522
SP-3541406-72D1750479BC48D08DBADA205695D889;SP;Presidente Prudente;2025-03-26;2025-05-07;3;0,3915;Área do imóvel;IRU;Analisado, aguardando atendimento a notificação;AT;8,6188
SP-3541406-72E7AB33ACA3425E879845BFD99E3C39;SP;Presidente Prudente;2015-09-14;;1;2,0962;Área do imóvel;IRU;Aguardando análise;AT;46,1171
SP-3541406-7314E2D184C84ECE8D89D7F86AABF107;SP;Presidente Prudente;2023-05-11;2023-09-12;1;0,8789;Área do imóvel;IRU;Aguardando análise, após revisão ou atendimento da notificação;AT;19,3513
SP-3541406-732B562031314B0BA7643EBDE41D9CE5;SP;Presidente Prudente;2017-12-31;2022-12-01;0;0,8499;Área do imóvel;IRU;Analisado, aguardando atendimento a notificação;AT;18,6978
SP-3541406-732E093D78774450A68A6A9731CD66E7;SP;Presidente Prudente;2023-09-20;2023-09-20;1;0,2015;Área do imóvel;IRU;Aguardando análise;AT;4,4365
SP-3541406-7345465AEFED43FB809532AB13C6507F;SP;Presidente Prudente;2025-02-19;2025-02-23;0;0,2327;Área do imóvel;IRU;Analisado, em conformidade com a Lei nº 12.651/2012;AT;5,1192
SP-3541406-735C7B487485483DB8EBD8EC81FDF51A;SP;Presidente Prudente;2025-08-15;2025-08-19;1;3,5562;Área do imóvel;IRU;Aguardando análise;AT;78,2980
SP-3541406-7390A60D767B41DEA7ADFEA13ED8552F;SP;Presidente Prudente;2023-03-15;2023-05-20;1;0,3343;Área do imóvel;IRU;Analisado, em conformidade com a Lei nº 12.651/2012;AT;7,3601
SP-3541406-73936BBA61174EDEA4F20024A389B0C7;SP;Presidente Prudente;2023-04-05;2023-09-11;1;2,1280;Área do imóvel;IRU;Aguardando análise, após revisão ou atendimento da notificação;AT;46,8155
SP-3541406-7396ED31AD5E4D7893F847664E3838B8;SP;Presidente Prudente;2024-08-02;2024-08-14;1;0,3830;Área do imóvel;IRU;Analisado, em conformidade com a Lei nº 12.651/2012;AT;8,4318
SP-3541406-73ABAF1F3D254214B32B2FC7F795CF3B;SP;Presidente Prudente;2025-06-25;2025-06-25;1;0,2488;Área do imóvel;IRU;Analisado, em conformidade com a Lei nº 12.651/2012, com ativos ambientais;AT;5,4775
SP-3541406-73D380E01FD34F11B257D0E28A3B6F3C;SP;Presidente Prudente;2014-11-24;2022-12-01;0;2,5732;Área do imóvel;IRU;Analisado, aguardando atendimento a notificação;AT;56,6114
SP-3541406-73D3C6EDA02642E5A69FAD9F76B7D8FC;SP;Presidente Prudente;2022-06-01;2022-12-01;0;0,1054;Área do imóvel;IRU;Analisado, aguardando atendimento a notificação;AT;2,3179
SP-3541406-73E4F1EDA5BD4713A6AD4A49F80FA079;SP;Presidente Prudente;2023-06-23;2023-06-23;1;0,2592;Área do imóvel;IRU;Aguardando análise;AT;5,7066
SP-3541406-744B6B8042314766904A96A06E739670;SP;Presidente Prudente;2023-05-29;2023-09-12;3;0,0937;Área do imóvel;IRU;Aguardando análise, após revisão ou atendimento da notificação;AT;2,0604
SP-3541406-747DEA08C9E646B88DF66352DC5D3BAA;SP;Presidente Prudente;2025-07-22;2025-07-22;2;0,3318;Área do imóvel;IRU;Analisado, em conformidade com a Lei nº 12.651/2012, com ativos ambientais;AT;7,3060
SP-3541406-74FC79C67B094EE499835DB585AB51A6;SP;Presidente Prudente;2023-06-13;2023-06-14;2;1,7453;Área do imóvel;IRU;Analisado, aguardando atendimento a notificação;AT;38,3958
SP-3541406-7503755BB3E547279547A065437A0D18;SP;Presidente Prudente;2016-08-26;2022-12-01;0;0,1188;Área do imóvel;IRU;Analisado, aguardando atendimento a notificação;AT;2,6141
SP-3541406-7520ACDE56AC411894341B3561DA8A93;SP;Presidente Prudente;2025-06-20;2025-06-20;1;0,2021;Área do imóvel;IRU;Analisado, em conformidade com a Lei nº 12.651/2012, com ativos ambientais;AT;4,4498
SP-3541406-7528AEB5D56C450CABEB9F18EFEA8D55;SP;Presidente Prudente;2022-11-18;2023-02-15;3;0,4414;Área do imóvel;IRU;Analisado, aguardando regularização ambiental (Lei nº 12.651/2012);AT;9,7101
SP-3541406-755DB09DF20349B8A7FC85FBA24B109D;SP;Presidente Prudente;2025-03-11;2025-03-12;1;0,2830;Área do imóvel;IRU;Analisado, em conformidade com a Lei nº 12.651/2012, com ativos ambientais;AT;6,2302
SP-3541406-75669E5D205C41FCA04AC865B80CC0E1;SP;Presidente Prudente;2024-09-13;2024-09-30;3;0,1371;Área do imóvel;IRU;Analisado, em conformidade com a Lei nº 12.651/2012;AT;3,0162
SP-3541406-757D878BBF3A48ECBBB8632E84759B08;SP;Presidente Prudente;2025-02-27;2025-02-27;2;1,6649;Área do imóvel;IRU;Aguardando análise;AT;36,6542
SP-3541406-758EB6BA0EFC49A6A21689662A503F60;SP;Presidente Prudente;2024-11-14;2024-11-17;1;1,0933;Área do imóvel;IRU;Analisado, em conformidade com a Lei nº 12.651/2012, com ativos ambientais;AT;24,0708
SP-3541406-75A1FE6DCC894F56A12A609ADE65DD4D;SP;Presidente Prudente;2025-08-01;2025-08-05;0;0,0441;Área do imóvel;IRU;Analisado, em conformidade com a Lei nº 12.651/2012;AT;0,9699
SP-3541406-75AAB99270CB4A42B9E24A4784227BD6;SP;Presidente Prudente;2024-11-15;2024-11-18;1;0,0927;Área do imóvel;IRU;Analisado, em conformidade com a Lei nº 12.651/2012, com ativos ambientais;AT;2,0410
SP-3541406-75C1DE955AED48B4B046C66C03608C5C;SP;Presidente Prudente;2023-08-24;2023-09-12;2;0,5263;Área do imóvel;IRU;Aguardando análise, após revisão ou atendimento da notificação;AT;11,5879
SP-3541406-75E3A232DA5E4734854551C3E1277556;SP;Presidente Prudente;2015-05-18;2026-04-16;0;12,8862;Área do imóvel;IRU;Aguardando análise;AT;283,7167
SP-3541406-76139839CFB04F1BBB91BBB19D1FA59F;SP;Presidente Prudente;2024-01-31;2024-04-15;2;0,5481;Área do imóvel;IRU;Analisado, aguardando atendimento a notificação;AT;12,0589
SP-3541406-767B9EC346DB4B11A331EFA014BB0AC9;SP;Presidente Prudente;2023-05-31;2023-05-31;2;0,5721;Área do imóvel;IRU;Aguardando análise;AT;12,5956
SP-3541406-76846EF517AE41C9911826F7C17B32B6;SP;Presidente Prudente;2023-05-31;2023-06-20;1;0,1845;Área do imóvel;IRU;Aguardando análise, após revisão ou atendimento da notificação;AT;4,0625
SP-3541406-76B21A907577492BA22CFB239666FC51;SP;Presidente Prudente;2016-08-25;2024-06-24;0;1,7605;Área do imóvel;IRU;Aguardando análise;AT;39,1068
SP-3541406-76C2768C87904B198F0A8368CC5FE0EB;SP;Presidente Prudente;2022-07-28;2023-11-18;3;1,4304;Área do imóvel;IRU;Analisado, aguardando atendimento a notificação;AT;31,4903
SP-3541406-770980C238A34330A7F0386ADD949D74;SP;Presidente Prudente;2015-06-23;2022-12-01;0;0,3751;Área do imóvel;IRU;Analisado, aguardando atendimento a notificação;AT;8,2527
SP-3541406-770987894F8449ADB78CA18C9D45C7B9;SP;Presidente Prudente;2023-08-16;2023-08-22;1;0,2822;Área do imóvel;IRU;Aguardando análise, após revisão ou atendimento da notificação;AT;6,2140
SP-3541406-7759C3FF0CA3421ABC250613E0845389;SP;Presidente Prudente;2023-12-30;2024-11-25;2;1,7847;Área do imóvel;IRU;Analisado, aguardando regularização ambiental (Lei nº 12.651/2012);AT;39,2947
SP-3541406-7797DE7F08D049D8B990CD4376BE1C6D;SP;Presidente Prudente;2025-06-24;2025-06-24;1;0,6540;Área do imóvel;IRU;Analisado, em conformidade com a Lei nº 12.651/2012, com ativos ambientais;AT;14,3993
SP-3541406-77EED654F9424A43B25DF635F4F3E218;SP;Presidente Prudente;2024-11-15;2024-11-17;2;0,3102;Área do imóvel;IRU;Analisado, em conformidade com a Lei nº 12.651/2012;AT;6,8291
SP-3541406-77EFDD4236954EBA9CBFBD7A333CE4D1;SP;Presidente Prudente;2023-02-07;2023-09-11;2;1,7030;Área do imóvel;IRU;Aguardando análise, após revisão ou atendimento da notificação;AT;37,4945
SP-3541406-7861CACB920F4118A06136AEDFE1E2A6;SP;Presidente Prudente;2025-02-27;2025-02-27;2;0,7685;Área do imóvel;IRU;Analisado, aguardando regularização ambiental (Lei nº 12.651/2012);AT;16,9189
SP-3541406-7879B2E517424DB8954E953672BCB977;SP;Presidente Prudente;2022-12-27;2023-09-11;1;1,3290;Área do imóvel;IRU;Aguardando análise, após revisão ou atendimento da notificação;AT;29,2603
SP-3541406-787A4AAA840B45FA981FCCA4DB6CD9B6;SP;Presidente Prudente;2024-07-26;2024-08-14;2;0,2166;Área do imóvel;IRU;Analisado, em conformidade com a Lei nº 12.651/2012;AT;4,7682
SP-3541406-78F09C6C406D4B91B99999B235F43F70;SP;Presidente Prudente;2025-02-12;2025-02-12;1;0,5022;Área do imóvel;IRU;Aguardando análise;AT;11,0575
SP-3541406-7941449E883143BBBFA0093A845C6C0B;SP;Presidente Prudente;2016-08-15;2022-12-01;1;1,1194;Área do imóvel;IRU;Analisado, aguardando atendimento a notificação;AT;24,9638
SP-3541406-79458F4B413347B88774BC240F71A78B;SP;Presidente Prudente;2017-09-28;2022-12-01;1;5,0553;Área do imóvel;IRU;Analisado, aguardando atendimento a notificação;AT;111,7303
SP-3541406-796C768753D74FBA9822DD4EF489C5FA;SP;Presidente Prudente;2021-04-09;2022-12-01;1;2,4875;Área do imóvel;IRU;Analisado, aguardando atendimento a notificação;AT;54,7257
SP-3541406-79A235359BAD46A0A22883E6CDBDA6E7;SP;Presidente Prudente;2024-11-26;2024-12-23;1;0,5498;Área do imóvel;IRU;Analisado, em conformidade com a Lei nº 12.651/2012;AT;12,1049
SP-3541406-7A5CE274D68D4D2DB7DA8A144FF0BB9F;SP;Presidente Prudente;2020-04-09;2026-05-06;10;0,6630;Área do imóvel;IRU;Em análise;AT;14,5865
SP-3541406-7ABA2A2061F14FC5AD2B81FCDD954CC5;SP;Presidente Prudente;2023-10-09;2023-10-17;1;0,2154;Área do imóvel;IRU;Aguardando análise;AT;4,7416
SP-3541406-7ADAF652605444318A74210622F7DF58;SP;Presidente Prudente;2025-07-01;2025-07-02;1;0,7183;Área do imóvel;IRU;Analisado, aguardando atendimento a notificação;AT;15,8154
SP-3541406-7B08709438C44F119E2EFDC35CE55F80;SP;Presidente Prudente;2022-11-27;2023-09-10;1;1,0883;Área do imóvel;IRU;Aguardando análise, após revisão ou atendimento da notificação;AT;23,9606
SP-3541406-7B4C9136E432410DB863C8D81A746ED5;SP;Presidente Prudente;2023-03-24;2023-09-11;1;0,0954;Área do imóvel;IRU;Aguardando análise, após revisão ou atendimento da notificação;AT;2,0997
SP-3541406-7B5C527FBA474FC68E373663100FE609;SP;Presidente Prudente;2023-03-31;2023-09-11;2;0,2198;Área do imóvel;IRU;Aguardando análise, após revisão ou atendimento da notificação;AT;4,8396
SP-3541406-7C1B1FF3ECD84C48B6E61BA3565374FF;SP;Presidente Prudente;2023-09-01;2023-11-22;0;0,0909;Área do imóvel;IRU;Analisado, aguardando atendimento a notificação;AT;1,9987
SP-3541406-7C43B71AAA814F3B9A0A2BCD081055B8;SP;Presidente Prudente;2025-03-18;2025-03-18;1;0,1504;Área do imóvel;IRU;Analisado, em conformidade com a Lei nº 12.651/2012, com ativos ambientais;AT;3,3094
SP-3541406-7C86A1529AB14E6CAADE99072CD6422E;SP;Presidente Prudente;2023-05-09;2023-09-11;1;0,9589;Área do imóvel;IRU;Aguardando análise, após revisão ou atendimento da notificação;AT;21,1111
SP-3541406-7D06A3A8B1224AA8BB93B54487BE267C;SP;Presidente Prudente;2022-03-24;2023-11-19;1;2,9991;Área do imóvel;IRU;Analisado, aguardando atendimento a notificação;AT;65,9803
SP-3541406-7D43B6C0219F466CA93949602519C508;SP;Presidente Prudente;2023-07-14;2023-08-22;0;0,0906;Área do imóvel;IRU;Analisado, em conformidade com a Lei nº 12.651/2012;AT;1,9936
SP-3541406-7D4AB954FA8D441E801AB67BB8C14929;SP;Presidente Prudente;2025-06-27;2025-06-27;2;3,8476;Área do imóvel;IRU;Analisado, aguardando regularização ambiental (Lei nº 12.651/2012);AT;84,7124
SP-3541406-7DCDFA17BFFF4CD19ED20112EC2852DA;SP;Presidente Prudente;2025-02-27;2025-02-27;1;0,1830;Área do imóvel;IRU;Analisado, em conformidade com a Lei nº 12.651/2012, com ativos ambientais;AT;4,0297
SP-3541406-7E3D1355AEA34B46A9BA8C630E778774;SP;Presidente Prudente;2023-06-15;2023-07-13;0;0,1629;Área do imóvel;IRU;Analisado, aguardando atendimento a notificação;AT;3,5844
SP-3541406-7E53F3053D344995B43D0E12F84C1E84;SP;Presidente Prudente;2023-06-15;2023-06-15;1;1,0474;Área do imóvel;IRU;Aguardando análise;AT;23,0615
SP-3541406-7EC0FD4F63A74E2782C2754755B570D9;SP;Presidente Prudente;2025-06-26;2025-06-26;4;1,1341;Área do imóvel;IRU;Analisado, aguardando regularização ambiental (Lei nº 12.651/2012);AT;24,9698
SP-3541406-7EC41330B4FF41848AF2532B94BEAE0D;SP;Presidente Prudente;2025-06-24;2025-06-24;1;0,4969;Área do imóvel;IRU;Aguardando análise;AT;10,9404
SP-3541406-7F33ECC2F5BB4BDD84ABFB346DB9CAAB;SP;Presidente Prudente;2016-02-12;2022-12-01;0;0,2407;Área do imóvel;IRU;Analisado, aguardando atendimento a notificação;AT;5,2952
SP-3541406-7F984B0B36BD4941A87B3CED27B96877;SP;Presidente Prudente;2024-11-09;2024-11-15;3;0,5238;Área do imóvel;IRU;Analisado, em conformidade com a Lei nº 12.651/2012, com ativos ambientais;AT;11,5228
SP-3541406-7FAA5226881B4A9488A17CA3FAC97385;SP;Presidente Prudente;2020-07-10;2022-12-01;1;0,1267;Área do imóvel;IRU;Aguardando análise;AT;2,7866
SP-3541406-7FB9B2E49F5C42BDB36C3C29BC363045;SP;Presidente Prudente;2015-06-27;2022-12-01;0;0,9897;Área do imóvel;IRU;Analisado, aguardando atendimento a notificação;AT;21,7743
SP-3541406-7FC2D0B004EE4A61AB2A4A544C0722AB;SP;Presidente Prudente;2025-07-16;2025-07-16;1;0,5534;Área do imóvel;IRU;Aguardando análise;AT;12,1852
SP-3541406-801890A3DB39461A90413DEF1BB33EFA;SP;Presidente Prudente;2023-05-31;2023-09-12;2;1,2448;Área do imóvel;IRU;Aguardando análise, após revisão ou atendimento da notificação;AT;27,4068
SP-3541406-803D26D83727422684587A6B51926CFA;SP;Presidente Prudente;2025-07-24;2025-07-24;1;3,4622;Área do imóvel;IRU;Aguardando análise;AT;76,2266
SP-3541406-8041131A164648618012A605AAF2B372;SP;Presidente Prudente;2023-05-17;2023-06-12;0;0,6502;Área do imóvel;IRU;Analisado, aguardando atendimento a notificação;AT;14,3039
SP-3541406-804DF3831F4A402EB4627BC96B5F0E9F;SP;Presidente Prudente;2025-06-25;2025-06-25;1;0,3492;Área do imóvel;IRU;Analisado, em conformidade com a Lei nº 12.651/2012, com ativos ambientais;AT;7,6876
SP-3541406-80768664A94245C7B56700C5FFC50EA5;SP;Presidente Prudente;2015-06-22;2022-12-01;0;0,1182;Área do imóvel;IRU;Analisado, aguardando atendimento a notificação;AT;2,6004
SP-3541406-808D4C0CB2CE4821A5E0DDB0D5E30634;SP;Presidente Prudente;2025-06-30;2025-07-02;1;0,8933;Área do imóvel;IRU;Analisado, em conformidade com a Lei nº 12.651/2012, com ativos ambientais;AT;19,6669
SP-3541406-80BAC9E270C24C76B7BF330A63B2416D;SP;Presidente Prudente;2024-09-06;2024-12-23;2;0,9388;Área do imóvel;IRU;Aguardando análise, após revisão ou atendimento da notificação;AT;20,6697
SP-3541406-80F32132691348468F485BB5664E2D5E;SP;Presidente Prudente;2023-06-21;2023-06-21;3;0,2187;Área do imóvel;IRU;Aguardando análise;AT;4,8147
SP-3541406-812FE8F6161B4AEE9BAB586257DF9144;SP;Presidente Prudente;2025-08-06;2025-08-08;0;0,2772;Área do imóvel;IRU;Analisado, aguardando atendimento a notificação;AT;6,0981
SP-3541406-8150C2C8F4BA4EFBB0B5418E026D720C;SP;Presidente Prudente;2025-07-22;2025-07-22;1;0,6288;Área do imóvel;IRU;Aguardando análise;AT;13,8447
SP-3541406-81613F18900844BC81F09C36FEC61D12;SP;Presidente Prudente;2016-08-07;2022-12-01;0;0,2655;Área do imóvel;IRU;Analisado, aguardando atendimento a notificação;AT;5,8403
SP-3541406-818837B1B83D452FBD669CE14C833DD3;SP;Presidente Prudente;2025-08-15;2025-08-19;3;1,1304;Área do imóvel;IRU;Aguardando análise;AT;24,8878
SP-3541406-818B6FFE0DD24C6981D78E7E4E2216B5;SP;Presidente Prudente;2015-06-27;2022-12-01;0;0,1639;Área do imóvel;IRU;Analisado, aguardando atendimento a notificação;AT;3,6053
SP-3541406-81BE316DB45A48E18C2CB5E2445A3EFB;SP;Presidente Prudente;2024-07-16;2024-07-17;1;0,1625;Área do imóvel;IRU;Analisado, em conformidade com a Lei nº 12.651/2012;AT;3,5782
SP-3541406-82209199F05F4861816A124E7D5FF57A;SP;Presidente Prudente;2024-11-14;2024-11-17;1;3,6924;Área do imóvel;IRU;Analisado, em conformidade com a Lei nº 12.651/2012;AT;81,2951
SP-3541406-8292F99631A14FC19D56D3E059AD09BF;SP;Presidente Prudente;2016-08-24;2022-12-01;0;0,1845;Área do imóvel;IRU;Analisado, aguardando atendimento a notificação;AT;4,0587
SP-3541406-82C98B6BE51E4560B790E19BC33F85FC;SP;Presidente Prudente;2015-08-13;2022-12-01;0;0,3203;Área do imóvel;IRU;Analisado, aguardando atendimento a notificação;AT;7,0457
SP-3541406-82E8C27219364350B8FE4318EBD88B2C;SP;Presidente Prudente;2025-08-13;2025-08-17;1;0,3607;Área do imóvel;IRU;Analisado, em conformidade com a Lei nº 12.651/2012, com ativos ambientais;AT;7,9410
SP-3541406-82ED4DD5DDE14EA29642FEE2B070B8A8;SP;Presidente Prudente;2025-07-01;2025-07-02;1;0,4428;Área do imóvel;IRU;Analisado, aguardando regularização ambiental (Lei nº 12.651/2012);AT;9,7500
SP-3541406-8321DCDCF42F42218404A69DF03FCA07;SP;Presidente Prudente;2025-03-17;2025-09-03;1;0,8814;Área do imóvel;IRU;Aguardando análise;AT;19,3898
SP-3541406-836ADEC6089B4C62BCAA31CF2F1C0ACE;SP;Presidente Prudente;2024-11-14;2025-01-24;1;0,2823;Área do imóvel;IRU;Analisado, em conformidade com a Lei nº 12.651/2012, com ativos ambientais;AT;6,2157
SP-3541406-8392935D2C294E6DBDBF4A986410C582;SP;Presidente Prudente;2024-07-20;2024-08-14;1;0,1207;Área do imóvel;IRU;Analisado, em conformidade com a Lei nº 12.651/2012;AT;2,6575
SP-3541406-83BB5013C8CD49F58EE3F3BBB1CB16E5;SP;Presidente Prudente;2024-08-20;2024-08-24;2;0,5354;Área do imóvel;IRU;Analisado, em conformidade com a Lei nº 12.651/2012;AT;11,7877
SP-3541406-83D0B4BA9D1C4E79B7B3CBD96F22DD48;SP;Presidente Prudente;2025-07-04;2025-07-04;1;0,3849;Área do imóvel;IRU;Analisado, em conformidade com a Lei nº 12.651/2012, com ativos ambientais;AT;8,4684
SP-3541406-840BBFAA79AA45F7A2CB8D89647E8AC2;SP;Presidente Prudente;2025-07-20;2025-07-21;1;0,2165;Área do imóvel;IRU;Aguardando análise;AT;4,7634
SP-3541406-842CA84CBB68410B812AB4908064A86F;SP;Presidente Prudente;2015-06-24;2023-09-06;0;4,4907;Área do imóvel;IRU;Aguardando análise;AT;98,7966
SP-3541406-84B523193B09490B9500F1D675EEFAE2;SP;Presidente Prudente;2025-07-01;2025-07-02;1;0,4070;Área do imóvel;IRU;Analisado, em conformidade com a Lei nº 12.651/2012, com ativos ambientais;AT;8,9616
SP-3541406-84D994E1DE334A03908964B85FD819B0;SP;Presidente Prudente;2025-07-22;2025-07-22;1;1,3031;Área do imóvel;IRU;Analisado, aguardando regularização ambiental (Lei nº 12.651/2012);AT;28,6901
SP-3541406-84E0906F6D9041A8A99A5297DDB54B78;SP;Presidente Prudente;2025-08-18;2025-09-04;3;1,0993;Área do imóvel;IRU;Aguardando análise;AT;24,2028
SP-3541406-8512DA0A4DE74843BD824046365EAEC5;SP;Presidente Prudente;2025-06-24;2025-07-15;1;3,6782;Área do imóvel;IRU;Analisado, em conformidade com a Lei nº 12.651/2012, com ativos ambientais;AT;80,9833
SP-3541406-859CC1F0C8574076869421EB15FF0E67;SP;Presidente Prudente;2024-07-17;2024-07-17;1;0,1693;Área do imóvel;IRU;Analisado, em conformidade com a Lei nº 12.651/2012;AT;3,7281
SP-3541406-85AD169DB7DA49BEB9DF323C3E202B72;SP;Presidente Prudente;2023-08-30;2023-09-12;1;0,1575;Área do imóvel;IRU;Analisado, em conformidade com a Lei nº 12.651/2012, com ativos ambientais;AT;3,4666
SP-3541406-85B3680C02A149C6B96D978BE869D9ED;SP;Presidente Prudente;2025-03-10;2025-03-11;1;0,0908;Área do imóvel;IRU;Aguardando análise;AT;1,9975
SP-3541406-85D7A1EB7A42433DAFBA5A0D43944362;SP;Presidente Prudente;2021-10-09;2022-12-01;4;0,3252;Área do imóvel;IRU;Aguardando análise;AT;7,1546
SP-3541406-85E8D068AF354C44AAA89610B893E3F1;SP;Presidente Prudente;2024-07-20;2024-08-14;1;0,0471;Área do imóvel;IRU;Analisado, em conformidade com a Lei nº 12.651/2012;AT;1,0359
SP-3541406-8621C8D0079948A7ADA19CC4C7DC4BBB;SP;Presidente Prudente;2023-04-05;2023-09-11;2;0,3895;Área do imóvel;IRU;Aguardando análise, após revisão ou atendimento da notificação;AT;8,5750
SP-3541406-8628E602E1D3465E856CF3BED1D13480;SP;Presidente Prudente;2020-07-08;2022-12-01;0;0,0944;Área do imóvel;IRU;Analisado, aguardando atendimento a notificação;AT;2,0768
SP-3541406-8688FBFC69A14E9987182CD7350F4263;SP;Presidente Prudente;2025-04-28;2025-04-29;0;0,1509;Área do imóvel;IRU;Aguardando análise, após revisão ou atendimento da notificação;AT;3,3207
SP-3541406-86A9D13130DA4B05ADC588FDBD2B638F;SP;Presidente Prudente;2025-07-21;2025-07-21;1;0,4775;Área do imóvel;IRU;Analisado, em conformidade com a Lei nº 12.651/2012, com ativos ambientais;AT;10,5121
SP-3541406-86B2295DCF0644749B1BC4B2DC05E945;SP;Presidente Prudente;2025-01-25;2025-01-25;2;0,5504;Área do imóvel;IRU;Aguardando análise;AT;12,1180
SP-3541406-86C4FBEC7DD44956880494370BFEBEEE;SP;Presidente Prudente;2025-05-09;2025-05-09;1;0,9414;Área do imóvel;IRU;Analisado, em conformidade com a Lei nº 12.651/2012, com ativos ambientais;AT;20,7258
SP-3541406-86CFABFBEEAE4A6FA4E770248B720C6A;SP;Presidente Prudente;2025-06-20;2025-06-20;2;3,8497;Área do imóvel;IRU;Analisado, aguardando regularização ambiental (Lei nº 12.651/2012);AT;84,7590
SP-3541406-86E528C20DC6434E974B18338E6A2B26;SP;Presidente Prudente;2024-12-30;2025-01-23;1;0,1103;Área do imóvel;IRU;Aguardando análise, após revisão ou atendimento da notificação;AT;2,4278
SP-3541406-86E65B65547E4CB8AF0F7F12035E4526;SP;Presidente Prudente;2025-05-07;2025-05-08;1;1,2775;Área do imóvel;IRU;Analisado, aguardando regularização ambiental (Lei nº 12.651/2012);AT;28,1270
SP-3541406-86ECAC616BDE453797D2154DACB25064;SP;Presidente Prudente;2025-08-01;2025-08-01;1;0,5526;Área do imóvel;IRU;Aguardando análise;AT;12,1580
SP-3541406-8712E3BC7DD54669B3A9ED9BAA2D844E;SP;Presidente Prudente;2024-07-17;2024-07-17;1;0,1129;Área do imóvel;IRU;Analisado, em conformidade com a Lei nº 12.651/2012;AT;2,4858
SP-3541406-87144E51ABA64DF39CC2EB44966D46DB;SP;Presidente Prudente;2015-08-07;2022-12-01;0;5,4680;Área do imóvel;IRU;Analisado, aguardando atendimento a notificação;AT;120,4572
SP-3541406-8735407F1C134227ADA83C6453786D51;SP;Presidente Prudente;2023-06-19;2023-09-12;2;1,2857;Área do imóvel;IRU;Analisado, aguardando atendimento a notificação;AT;28,3057
SP-3541406-8767EFA45A734FFCA00670A1963C9807;SP;Presidente Prudente;2025-07-08;2025-07-08;3;0,7424;Área do imóvel;IRU;Analisado, em conformidade com a Lei nº 12.651/2012, com ativos ambientais;AT;16,3455
SP-3541406-877464247BB8436CAEAB564A8032F78B;SP;Presidente Prudente;2025-07-01;2025-07-02;1;0,9650;Área do imóvel;IRU;Analisado, aguardando regularização ambiental (Lei nº 12.651/2012);AT;21,2454
SP-3541406-8791933E8E0E4BE1913F2039513FE80A;SP;Presidente Prudente;2019-04-08;2022-12-01;1;2,8265;Área do imóvel;IRU;Analisado, aguardando atendimento a notificação;AT;62,1984
SP-3541406-8791E83BCBED4B15B5B36FD9BD3DB34B;SP;Presidente Prudente;2025-08-14;2025-08-18;5;7,6411;Área do imóvel;IRU;Aguardando análise;AT;168,1040
SP-3541406-87C70B8ED82E45349CE1226B8D327430;SP;Presidente Prudente;2023-06-06;2023-09-12;1;0,2026;Área do imóvel;IRU;Aguardando análise, após revisão ou atendimento da notificação;AT;4,4611
SP-3541406-87FB348869B04A08981F4ADA2A3B404F;SP;Presidente Prudente;2025-07-01;2025-07-02;2;0,2726;Área do imóvel;IRU;Analisado, aguardando regularização ambiental (Lei nº 12.651/2012);AT;6,0008
SP-3541406-88265438991F4F3D8A3F5FD362C1B069;SP;Presidente Prudente;2023-06-19;2023-07-11;1;0,3237;Área do imóvel;IRU;Analisado, em conformidade com a Lei nº 12.651/2012;AT;7,1258
SP-3541406-882A861E3F14436DA25AB14181D0AF50;SP;Presidente Prudente;2015-09-09;2023-08-31;0;0,0126;Área do imóvel;IRU;Analisado, aguardando regularização ambiental (Lei nº 12.651/2012);AT;0,2770
SP-3541406-885EF05B8F8A44F9A073A9FB1365223E;SP;Presidente Prudente;2022-12-30;2023-09-11;2;0,5453;Área do imóvel;IRU;Aguardando análise, após revisão ou atendimento da notificação;AT;12,0053
SP-3541406-887E99993641406B935D22160BCC6EEB;SP;Presidente Prudente;2023-09-27;2023-09-27;2;0,2579;Área do imóvel;IRU;Aguardando análise;AT;5,6730
SP-3541406-88F4A3718F6E4F90A7E767302192A7C3;SP;Presidente Prudente;2023-01-24;2023-09-11;1;0,5029;Área do imóvel;IRU;Aguardando análise, após revisão ou atendimento da notificação;AT;11,0725
SP-3541406-891EDEE12E414FFFB21E9A72CC20A8BF;SP;Presidente Prudente;2025-07-23;2025-07-23;2;1,6604;Área do imóvel;IRU;Analisado, aguardando regularização ambiental (Lei nº 12.651/2012);AT;36,5570
SP-3541406-8949D2714B864D168AA50E14C85370FD;SP;Presidente Prudente;2020-12-23;2022-02-03;0;0,5074;Área do imóvel;IRU;Analisado, aguardando atendimento a notificação;AT;11,1633
SP-3541406-896623FE94104867A5A5F82E0A483457;SP;Presidente Prudente;2025-03-18;2025-03-19;1;0,1413;Área do imóvel;IRU;Analisado, em conformidade com a Lei nº 12.651/2012, com ativos ambientais;AT;3,1112
SP-3541406-896DE74774124253B9A50FC9582ACE6F;SP;Presidente Prudente;2024-12-27;2025-01-23;5;0,5461;Área do imóvel;IRU;Analisado, em conformidade com a Lei nº 12.651/2012;AT;12,0153
SP-3541406-89A4218C84BE4FD8A792598AC6FEDD3A;SP;Presidente Prudente;2025-06-24;2025-06-24;1;1,0311;Área do imóvel;IRU;Analisado, em conformidade com a Lei nº 12.651/2012, com ativos ambientais;AT;22,7009
SP-3541406-89A4E8141BFD40CB9838E9AF6B1C1A5A;SP;Presidente Prudente;2023-01-23;2023-09-11;1;0,2054;Área do imóvel;IRU;Aguardando análise, após revisão ou atendimento da notificação;AT;4,5217
SP-3541406-89B0CDD6C3A94BECA291CA0A9604FAC7;SP;Presidente Prudente;2024-07-13;2024-07-13;1;0,0974;Área do imóvel;IRU;Aguardando análise;AT;2,1439
SP-3541406-89CFC5D68C734E3D8BC75A576530C102;SP;Presidente Prudente;2024-07-19;2024-07-19;1;0,2309;Área do imóvel;IRU;Analisado, em conformidade com a Lei nº 12.651/2012;AT;5,0842
SP-3541406-89D2D221EB57453B91EF9506F6EFD503;SP;Presidente Prudente;2016-08-31;2024-08-27;1;0,1322;Área do imóvel;IRU;Aguardando análise;AT;2,9090
SP-3541406-8A0BC67A57E14B11BAB004E755B1825E;SP;Presidente Prudente;2024-07-17;2024-07-17;1;0,1224;Área do imóvel;IRU;Analisado, em conformidade com a Lei nº 12.651/2012;AT;2,6939
SP-3541406-8A546EE4A10A403EB9CD67507864C18D;SP;Presidente Prudente;2024-10-03;2024-11-11;1;0,2742;Área do imóvel;IRU;Analisado, aguardando atendimento a notificação;AT;6,0362
SP-3541406-8A59B135BA9747DB81226198300C4B31;SP;Presidente Prudente;2025-02-27;2025-02-27;1;0,3940;Área do imóvel;IRU;Analisado, em conformidade com a Lei nº 12.651/2012, com ativos ambientais;AT;8,6755
SP-3541406-8A6DE4942DEE4839978C094D047CACBD;SP;Presidente Prudente;2020-05-27;2022-12-01;0;1,6993;Área do imóvel;IRU;Analisado, aguardando atendimento a notificação;AT;37,3849
SP-3541406-8A8821B09FE4465BA93E3A3BFB7E991D;SP;Presidente Prudente;2021-06-26;2022-12-01;0;0,1054;Área do imóvel;IRU;Analisado, aguardando atendimento a notificação;AT;2,3197
SP-3541406-8AB902EE3D3C4123B49590A9971BBB23;SP;Presidente Prudente;2024-11-15;2024-11-18;1;0,1437;Área do imóvel;IRU;Analisado, em conformidade com a Lei nº 12.651/2012, com ativos ambientais;AT;3,1647
SP-3541406-8AD64A528660498890A992C947C73F5F;SP;Presidente Prudente;2025-05-10;2025-05-10;2;1,3200;Área do imóvel;IRU;Analisado, em conformidade com a Lei nº 12.651/2012, com ativos ambientais;AT;29,0390
SP-3541406-8B0C3F81768349C1A373DC24EBE3E612;SP;Presidente Prudente;2025-07-22;2025-07-22;1;0,8967;Área do imóvel;IRU;Aguardando análise;AT;19,7434
SP-3541406-8B15D7FA4D9C42A794D399D313DC78FD;SP;Presidente Prudente;2025-02-27;2025-02-27;1;0,6597;Área do imóvel;IRU;Analisado, aguardando regularização ambiental (Lei nº 12.651/2012);AT;14,5246
SP-3541406-8B20A79B6986465E86EB40D8D3549151;SP;Presidente Prudente;2021-04-09;2022-12-01;1;0,9400;Área do imóvel;IRU;Analisado, aguardando atendimento a notificação;AT;20,6808
SP-3541406-8BA67872CDC84C06BFF3390D989AD773;SP;Presidente Prudente;2019-01-17;2022-12-01;0;0,0929;Área do imóvel;IRU;Analisado, aguardando atendimento a notificação;AT;2,0428
SP-3541406-8BBFD9F882064D1FA4898877C6B6905A;SP;Presidente Prudente;2024-07-13;2025-01-27;1;0,0891;Área do imóvel;IRU;Analisado, aguardando atendimento a notificação;AT;1,9617
SP-3541406-8BC7374FCE5A47EDB1AAFEF2314EC5AF;SP;Presidente Prudente;2025-03-01;2025-03-03;1;0,4955;Área do imóvel;IRU;Aguardando análise;AT;10,9093
SP-3541406-8C1F21A0E1C1416AA42A0E9CA6CA73F7;SP;Presidente Prudente;2025-03-18;2025-07-15;2;0,2651;Área do imóvel;IRU;Analisado, em conformidade com a Lei nº 12.651/2012, com ativos ambientais;AT;5,8371
SP-3541406-8C26A98DEDC1417CA72F34BBD03E1F8A;SP;Presidente Prudente;2024-12-02;2025-09-03;1;0,4854;Área do imóvel;IRU;Analisado, em conformidade com a Lei nº 12.651/2012;AT;10,6881
SP-3541406-8C57D278E2F843289AC941F12D413127;SP;Presidente Prudente;2024-07-15;2024-07-16;1;0,0931;Área do imóvel;IRU;Analisado, em conformidade com a Lei nº 12.651/2012;AT;2,0497
SP-3541406-8C743000C67341608BC672DF892572AC;SP;Presidente Prudente;2024-12-01;2024-12-01;1;2,1312;Área do imóvel;IRU;Analisado, em conformidade com a Lei nº 12.651/2012, com ativos ambientais;AT;46,9212
SP-3541406-8C80D2497E7D48CBB99A7369F39F2892;SP;Presidente Prudente;2025-08-16;2025-08-19;2;2,8598;Área do imóvel;IRU;Aguardando análise;AT;62,9652
SP-3541406-8CAF6D5825134DD7A0F7B372F9EED2BA;SP;Presidente Prudente;2024-03-12;2024-03-12;1;3,6294;Área do imóvel;IRU;Aguardando análise;AT;79,9095
SP-3541406-8CF5178238C54DBB8E655671B8FF32D5;SP;Presidente Prudente;2021-06-28;2022-12-01;0;0,1130;Área do imóvel;IRU;Analisado, aguardando atendimento a notificação;AT;2,4856
SP-3541406-8D374D092D184CC4836A3BF2F782C0F0;SP;Presidente Prudente;2023-07-26;2023-08-22;1;1,0166;Área do imóvel;IRU;Analisado, aguardando regularização ambiental (Lei nº 12.651/2012);AT;22,3822
SP-3541406-8D872B652E2646E9B3221D064F19E644;SP;Presidente Prudente;2025-03-18;2025-03-19;1;0,2076;Área do imóvel;IRU;Aguardando análise;AT;4,5699
SP-3541406-8D9453C2DD3A4513A8DC76AEE440F896;SP;Presidente Prudente;2024-11-08;2024-11-20;1;0,3846;Área do imóvel;IRU;Analisado, em conformidade com a Lei nº 12.651/2012, com ativos ambientais;AT;8,4672
SP-3541406-8DB2B0E880454B21AFDF4CD38459932B;SP;Presidente Prudente;2024-11-11;2024-11-15;2;0,1973;Área do imóvel;IRU;Analisado, em conformidade com a Lei nº 12.651/2012, com ativos ambientais;AT;4,3400
SP-3541406-8DCC364333C645D1B114E2A3A9311D5B;SP;Presidente Prudente;2015-05-02;2023-02-08;0;0,1344;Área do imóvel;IRU;Aguardando análise, após revisão ou atendimento da notificação;AT;2,9568
SP-3541406-8E356C8948184BBFA5F61EE926D12504;SP;Presidente Prudente;2025-02-24;2025-02-24;1;3,8501;Área do imóvel;IRU;Aguardando análise;AT;84,7684
SP-3541406-8E7B2DA4BD0E46D4A99DC1D16AD67D38;SP;Presidente Prudente;2020-04-13;2022-12-01;8;0,4972;Área do imóvel;IRU;Aguardando análise;AT;10,9689
SP-3541406-8E82286050524C3EA19AE81AC7455914;SP;Presidente Prudente;2023-03-13;2023-03-13;1;0,3379;Área do imóvel;IRU;Analisado, em conformidade com a Lei nº 12.651/2012;AT;7,4396
SP-3541406-8E9BE0619CD04D6B8F2185D219D212D0;SP;Presidente Prudente;2019-01-29;2022-12-01;0;0,2247;Área do imóvel;IRU;Analisado, aguardando atendimento a notificação;AT;4,9428
SP-3541406-8EB98F6ED52346A28A6AF1F459B8EF42;SP;Presidente Prudente;2025-07-21;2025-07-21;2;0,5588;Área do imóvel;IRU;Aguardando análise;AT;12,3026
SP-3541406-8ED53BCF1B934A5280187458E12D7D0D;SP;Presidente Prudente;2025-08-16;2025-08-19;1;2,2502;Área do imóvel;IRU;Analisado, aguardando atendimento a notificação;AT;49,5418
SP-3541406-8EFDB33A7B7343DF94C5AD7DA27252FC;SP;Presidente Prudente;2023-06-20;2023-06-20;4;0,9137;Área do imóvel;IRU;Aguardando análise;AT;20,1011
SP-3541406-8F1B97B783954168BE6CA1879D8641C5;SP;Presidente Prudente;2020-12-14;2022-12-01;0;0,0321;Área do imóvel;IRU;Analisado, em conformidade com a Lei nº 12.651/2012;AT;0,7052
SP-3541406-8F279C8CE7E34D11B8BA6AB62214B7D7;SP;Presidente Prudente;2016-08-26;2022-12-01;0;1,9559;Área do imóvel;IRU;Analisado, aguardando atendimento a notificação;AT;43,0303
SP-3541406-8F2DF17E66A643508EC0634334AF68B3;SP;Presidente Prudente;2023-08-26;2023-08-26;3;2,0022;Área do imóvel;IRU;Aguardando análise;AT;44,0493
SP-3541406-8F72FEE8ED5647368C107A3BBFFE4598;SP;Presidente Prudente;2024-11-14;2024-11-17;1;0,7023;Área do imóvel;IRU;Analisado, em conformidade com a Lei nº 12.651/2012, com ativos ambientais;AT;15,4627
SP-3541406-8FA4875463D549789477A77FACF480CE;SP;Presidente Prudente;2015-06-27;2022-12-01;0;0,7597;Área do imóvel;IRU;Analisado, aguardando atendimento a notificação;AT;16,7143
SP-3541406-8FCD7BF3F24449B88DB4EBF1946F16A4;SP;Presidente Prudente;2025-03-18;2025-03-19;1;0,1182;Área do imóvel;IRU;Aguardando análise;AT;2,6030
SP-3541406-9009D11DED904AA4867ED43C68CD58AC;SP;Presidente Prudente;2024-11-15;2024-11-25;4;0,0593;Área do imóvel;IRU;Analisado, em conformidade com a Lei nº 12.651/2012, com ativos ambientais;AT;1,3056
SP-3541406-903DA2E80CBD467582F9565141C44767;SP;Presidente Prudente;2023-02-08;2023-02-14;1;0,1461;Área do imóvel;IRU;Analisado, em conformidade com a Lei nº 12.651/2012;AT;3,2178
SP-3541406-906442D5EE8F44E0B5DFAE36B804CEAE;SP;Presidente Prudente;2021-06-18;2022-12-01;4;1,8878;Área do imóvel;IRU;Aguardando análise;AT;41,5320
SP-3541406-90A3D41F01EC41919E9DCE1BC7BD145E;SP;Presidente Prudente;2023-09-19;2023-09-19;1;2,6910;Área do imóvel;IRU;Aguardando análise;AT;59,2480
SP-3541406-90FA731F9F1A49D7877BE2372B5D07B2;SP;Presidente Prudente;2024-12-01;2024-12-02;1;0,1579;Área do imóvel;IRU;Analisado, em conformidade com a Lei nº 12.651/2012, com ativos ambientais;AT;3,4759
SP-3541406-9183F02C957149EB8D15D61301E04A44;SP;Presidente Prudente;2025-07-23;2025-07-23;1;1,6496;Área do imóvel;IRU;Analisado, aguardando regularização ambiental (Lei nº 12.651/2012);AT;36,3191
SP-3541406-91AC1FE4C1D748F7872ADD01DCF5CCF5;SP;Presidente Prudente;2023-09-06;2023-09-12;3;0,8225;Área do imóvel;IRU;Aguardando análise, após revisão ou atendimento da notificação;AT;18,1078
SP-3541406-91CA893414F14DE099D55D3D1EE03ABE;SP;Presidente Prudente;2024-07-15;2024-07-16;3;0,0909;Área do imóvel;IRU;Analisado, em conformidade com a Lei nº 12.651/2012;AT;2,0015
SP-3541406-91D6894259B649D59325238B3782B65D;SP;Presidente Prudente;2023-10-16;2023-10-18;2;0,5534;Área do imóvel;IRU;Aguardando análise;AT;12,1838
SP-3541406-91E78DC26336418CA9625B812407E8BD;SP;Presidente Prudente;2024-11-14;2024-12-23;6;0,1755;Área do imóvel;IRU;Analisado, aguardando atendimento a notificação;AT;3,8642
SP-3541406-91F398DCDB5B4EF9B72CE9CD44F929B8;SP;Presidente Prudente;2022-12-31;2023-09-11;1;6,3510;Área do imóvel;IRU;Aguardando análise, após revisão ou atendimento da notificação;AT;139,8302
SP-3541406-921C881BCA204B3A92161718572132B3;SP;Presidente Prudente;2023-10-19;2024-11-25;3;0,2199;Área do imóvel;IRU;Analisado, em conformidade com a Lei nº 12.651/2012;AT;4,8415
SP-3541406-9220D375DBB7494B96444258BC130A79;SP;Presidente Prudente;2025-07-16;2025-07-18;0;0,6596;Área do imóvel;IRU;Analisado, aguardando atendimento a notificação;AT;14,5105
SP-3541406-922ABBE678EB4F759D1C5A239AF7C661;SP;Presidente Prudente;2023-04-20;2023-09-11;1;0,1371;Área do imóvel;IRU;Aguardando análise, após revisão ou atendimento da notificação;AT;3,0187
SP-3541406-92415B28FB814FCCB2905023A0A45260;SP;Presidente Prudente;2025-02-27;2025-02-27;1;0,1405;Área do imóvel;IRU;Analisado, em conformidade com a Lei nº 12.651/2012, com ativos ambientais;AT;3,0943
SP-3541406-927437C34A2E45A68EC5EC7EEA5DCBD0;SP;Presidente Prudente;2025-07-08;2025-07-08;2;0,2905;Área do imóvel;IRU;Analisado, em conformidade com a Lei nº 12.651/2012, com ativos ambientais;AT;6,3959
SP-3541406-929BDED971754F2C8BCDFEB32B2BD5C5;SP;Presidente Prudente;2023-08-18;2023-08-22;0;0,0114;Área do imóvel;IRU;Aguardando análise, após revisão ou atendimento da notificação;AT;0,2506
SP-3541406-92CF0E9CBA0D4435AEB3013E97F2E1BC;SP;Presidente Prudente;2024-09-02;2024-11-25;1;1,1031;Área do imóvel;IRU;Analisado, em conformidade com a Lei nº 12.651/2012;AT;24,2860
SP-3541406-92E69FC4C5F745CFB930495946EB4BB4;SP;Presidente Prudente;2020-08-27;2022-12-01;1;0,0910;Área do imóvel;IRU;Analisado, aguardando atendimento a notificação;AT;2,0015
SP-3541406-93BA5DEEAD6D4684892E004F521DBDEF;SP;Presidente Prudente;2025-03-26;2025-04-24;1;0,2801;Área do imóvel;IRU;Analisado, em conformidade com a Lei nº 12.651/2012, com ativos ambientais;AT;6,1660
SP-3541406-9426C4D4E07E4AF284EC0C136B0E95AC;SP;Presidente Prudente;2025-07-01;2025-07-02;1;0,8765;Área do imóvel;IRU;Analisado, em conformidade com a Lei nº 12.651/2012, com ativos ambientais;AT;19,2971
SP-3541406-9426DFABEA7C464897344CE1679F07FC;SP;Presidente Prudente;2023-11-08;2023-11-18;2;2,2815;Área do imóvel;IRU;Analisado, aguardando atendimento a notificação;AT;50,1929
SP-3541406-946E40F0BEC3466EB08A51434E9106AE;SP;Presidente Prudente;2024-07-15;2025-01-27;2;0,0953;Área do imóvel;IRU;Analisado, aguardando atendimento a notificação;AT;2,0973
SP-3541406-94700EE824A84A51B1B6ECD0C186076E;SP;Presidente Prudente;2017-10-17;2023-02-15;0;6,1430;Área do imóvel;IRU;Analisado, aguardando atendimento a notificação;AT;135,1338
SP-3541406-9472434EEC854B8AB3031BE7A2952A19;SP;Presidente Prudente;2024-01-05;2024-01-05;1;0,4645;Área do imóvel;IRU;Aguardando análise;AT;10,2278
SP-3541406-9479D4CD382645148D82283C52AFEBCE;SP;Presidente Prudente;2023-09-06;2023-09-12;2;1,5385;Área do imóvel;IRU;Aguardando análise, após revisão ou atendimento da notificação;AT;33,8725
SP-3541406-94D89F4A271C46E687E72B8EAD031EB4;SP;Presidente Prudente;2025-02-27;2025-02-27;1;0,2898;Área do imóvel;IRU;Analisado, em conformidade com a Lei nº 12.651/2012, com ativos ambientais;AT;6,3804
SP-3541406-951B792EADCF4345ACF4C9BA89471223;SP;Presidente Prudente;2022-11-04;2023-09-01;1;1,6722;Área do imóvel;IRU;Aguardando análise, após revisão ou atendimento da notificação;AT;36,8159
SP-3541406-953C16B5806146839FD38BCEBA651962;SP;Presidente Prudente;2025-03-12;2025-03-13;2;0,8181;Área do imóvel;IRU;Aguardando análise;AT;18,0107
SP-3541406-954A1D6AAAB747B7AF6CF2EF0BAC6C55;SP;Presidente Prudente;2025-02-27;2025-02-27;1;0,7325;Área do imóvel;IRU;Aguardando análise;AT;16,1284
SP-3541406-954AE252A92545C0BD28EC3751AEB45A;SP;Presidente Prudente;2024-11-17;2024-11-25;1;0,5848;Área do imóvel;IRU;Analisado, aguardando regularização ambiental (Lei nº 12.651/2012);AT;12,8762
SP-3541406-954AF3D5963042588C617DE68CA7BFAB;SP;Presidente Prudente;2019-04-11;2022-12-01;1;0,0922;Área do imóvel;IRU;Analisado, aguardando atendimento a notificação;AT;2,0278
SP-3541406-954F4041E8594C8B8E0C708DEB271194;SP;Presidente Prudente;2025-07-30;;9;0,3818;Área do imóvel;IRU;Aguardando análise;AT;8,3987
SP-3541406-958E3DD5A2D4426E91C72ED4E1F9D96E;SP;Presidente Prudente;2025-03-05;2025-03-06;4;0,2719;Área do imóvel;IRU;Analisado, em conformidade com a Lei nº 12.651/2012, com ativos ambientais;AT;5,9824
SP-3541406-9593C0F52BDC4884805A7FED1C67E6A7;SP;Presidente Prudente;2025-01-31;2025-02-01;1;0,0909;Área do imóvel;IRU;Aguardando análise;AT;2,0001
SP-3541406-95A4823A95B048BF9C7AC6461A06BED3;SP;Presidente Prudente;2025-07-30;2025-11-05;0;0,1615;Área do imóvel;IRU;Analisado, aguardando atendimento a notificação;AT;3,5532
SP-3541406-95B1F891ACD241DE82AE79971420B245;SP;Presidente Prudente;2024-07-12;2024-07-16;1;0,0909;Área do imóvel;IRU;Analisado, em conformidade com a Lei nº 12.651/2012;AT;2,0023
SP-3541406-95F1B5AD5F5448FFA801A140E6922013;SP;Presidente Prudente;2025-03-11;2025-03-12;1;0,3536;Área do imóvel;IRU;Analisado, em conformidade com a Lei nº 12.651/2012, com ativos ambientais;AT;7,7843
SP-3541406-960D3FCC5DE34CF0AAE55640275C5121;SP;Presidente Prudente;2023-06-19;2023-06-19;1;0,1357;Área do imóvel;IRU;Aguardando análise;AT;2,9878
SP-3541406-96AF30A2513C46259C586451F8E82EC0;SP;Presidente Prudente;2025-06-26;2025-07-15;3;0,3865;Área do imóvel;IRU;Analisado, aguardando regularização ambiental (Lei nº 12.651/2012);AT;8,5089
SP-3541406-96B001A6BB4C431B9401F943711789D2;SP;Presidente Prudente;2021-04-05;2021-04-12;1;0,3854;Área do imóvel;IRU;Aguardando análise;AT;8,4797
SP-3541406-97914A22BEF644228CC75F8689970D7A;SP;Presidente Prudente;2025-08-13;2025-08-17;1;0,4237;Área do imóvel;IRU;Analisado, em conformidade com a Lei nº 12.651/2012, com ativos ambientais;AT;9,3287
SP-3541406-97B7705B8B2049878474E8E34081B8E2;SP;Presidente Prudente;2025-07-01;2025-07-02;1;0,5497;Área do imóvel;IRU;Analisado, em conformidade com a Lei nº 12.651/2012, com ativos ambientais;AT;12,1022
SP-3541406-97BFCB772416451EA88BCEB7190A2C5B;SP;Presidente Prudente;2020-07-16;2022-12-01;1;0,2203;Área do imóvel;IRU;Analisado, aguardando atendimento a notificação;AT;4,8467
SP-3541406-97F7FBB194344C79B142129EED6D42F5;SP;Presidente Prudente;2021-05-04;2023-09-09;0;4,9463;Área do imóvel;IRU;Aguardando análise;AT;108,8382
SP-3541406-9817D22B7B454B5C9FF54D6F55B1591C;SP;Presidente Prudente;2022-05-27;2023-08-31;1;4,0350;Área do imóvel;IRU;Analisado, aguardando regularização ambiental (Lei nº 12.651/2012);AT;88,7699
SP-3541406-9819B33C80C247F88BB9D040840BC462;SP;Presidente Prudente;2014-11-22;2022-12-01;0;0,1869;Área do imóvel;IRU;Analisado, aguardando atendimento a notificação;AT;4,1126
SP-3541406-982ED68675D148698DC43674DD770360;SP;Presidente Prudente;2025-02-27;2025-02-27;1;0,1495;Área do imóvel;IRU;Analisado, em conformidade com a Lei nº 12.651/2012, com ativos ambientais;AT;3,2923
SP-3541406-984A58FD3B2244099A150F987D7D1F4C;SP;Presidente Prudente;2023-02-15;2023-09-11;1;0,1380;Área do imóvel;IRU;Aguardando análise, após revisão ou atendimento da notificação;AT;3,0390
SP-3541406-985562D9BFA24FA48917B34DD9AFF9B1;SP;Presidente Prudente;2023-04-20;2023-09-11;0;1,7104;Área do imóvel;IRU;Aguardando análise, após revisão ou atendimento da notificação;AT;37,6280
SP-3541406-98D4D80698AD4226ABB48A08E215A280;SP;Presidente Prudente;2021-08-27;2022-12-01;2;0,2191;Área do imóvel;IRU;Analisado, em conformidade com a Lei nº 12.651/2012;AT;4,8202
SP-3541406-98EFB89596A24833BDA96A8206525700;SP;Presidente Prudente;2025-03-18;2025-03-19;1;1,1521;Área do imóvel;IRU;Analisado, aguardando regularização ambiental (Lei nº 12.651/2012);AT;25,3660
SP-3541406-990458DF76B94698A453AF1CD29242F9;SP;Presidente Prudente;2025-02-27;2025-02-27;1;0,3063;Área do imóvel;IRU;Analisado, em conformidade com a Lei nº 12.651/2012, com ativos ambientais;AT;6,7427
SP-3541406-99741B28AD244F858425CB088790E787;SP;Presidente Prudente;2025-08-18;2025-08-20;4;0,8438;Área do imóvel;IRU;Aguardando análise;AT;18,5782
SP-3541406-997C4B77D113430C8F914777C7B078C2;SP;Presidente Prudente;2025-02-27;2025-07-15;1;0,2129;Área do imóvel;IRU;Analisado, em conformidade com a Lei nº 12.651/2012, com ativos ambientais;AT;4,6865
SP-3541406-997D8C8D909A424F93C3975A0C27DDC4;SP;Presidente Prudente;2024-07-14;2024-07-16;1;0,1096;Área do imóvel;IRU;Analisado, em conformidade com a Lei nº 12.651/2012;AT;2,4125
SP-3541406-9989C60EAC66419580A7D4EDF230AF03;SP;Presidente Prudente;2025-05-10;2025-09-19;1;0,3040;Área do imóvel;IRU;Analisado, aguardando regularização ambiental (Lei nº 12.651/2012);AT;6,6920
SP-3541406-99B0AF66C7904A1A825E435CBED5164F;SP;Presidente Prudente;2016-09-01;2025-07-20;1;0,7812;Área do imóvel;IRU;Aguardando análise;AT;17,1858
SP-3541406-99C68C262FA04DC7A6221835FAE21D73;SP;Presidente Prudente;2025-02-27;2025-02-27;3;0,9538;Área do imóvel;IRU;Aguardando análise;AT;20,9994
SP-3541406-99DCE3A4879D453EACB470FA0325822F;SP;Presidente Prudente;2025-07-21;2026-04-15;1;1,2297;Área do imóvel;IRU;Aguardando análise;AT;27,0531
SP-3541406-9A04F1B534E94F3F8DE7BAE1298A4BBE;SP;Presidente Prudente;2023-02-08;2023-09-11;1;0,2656;Área do imóvel;IRU;Aguardando análise, após revisão ou atendimento da notificação;AT;5,8484
SP-3541406-9A301C6C78AB4E39940316ADCE4D073A;SP;Presidente Prudente;2015-06-21;2023-09-06;0;4,6334;Área do imóvel;IRU;Aguardando análise;AT;101,9341
SP-3541406-9A6A7D029F7F4BC1A7CE7D601F1DAB66;SP;Presidente Prudente;2025-02-27;2025-02-27;2;0,1633;Área do imóvel;IRU;Analisado, aguardando atendimento a notificação;AT;3,5945
SP-3541406-9AA2FEAA3AE246969B4E81F781779CAC;SP;Presidente Prudente;2023-01-24;2023-09-11;3;0,3111;Área do imóvel;IRU;Aguardando análise, após revisão ou atendimento da notificação;AT;6,8499
SP-3541406-9ADCC84CFADE451781C056328954CE8B;SP;Presidente Prudente;2025-06-19;2025-06-19;2;0,6610;Área do imóvel;IRU;Analisado, em conformidade com a Lei nº 12.651/2012, com ativos ambientais;AT;14,5538
SP-3541406-9B322DB210E640D5A96644642654AEC0;SP;Presidente Prudente;2022-12-07;2023-09-10;2;0,4637;Área do imóvel;IRU;Aguardando análise, após revisão ou atendimento da notificação;AT;10,2102
SP-3541406-9B4A78206C9E4CEF95DEC29C8DF32BDB;SP;Presidente Prudente;2025-06-12;2025-06-13;1;0,1072;Área do imóvel;IRU;Aguardando análise;AT;2,3592
SP-3541406-9B4F3FF82800459989E2FCD1BB8D3435;SP;Presidente Prudente;2018-05-09;2022-12-01;0;0,1553;Área do imóvel;IRU;Analisado, aguardando atendimento a notificação;AT;3,4166
SP-3541406-9B61E3B4620B4EDBA73CC23C76A66102;SP;Presidente Prudente;2024-11-16;2024-12-23;1;0,4381;Área do imóvel;IRU;Analisado, aguardando atendimento a notificação;AT;9,6462
SP-3541406-9B68C36F262C4C93A3D6449C0922E91B;SP;Presidente Prudente;2023-11-07;2023-11-07;1;0,5777;Área do imóvel;IRU;Aguardando análise;AT;12,7187
SP-3541406-9B97ACF5E22D4B3BA2453E80FE133D5F;SP;Presidente Prudente;2022-12-07;2022-12-07;1;0,4354;Área do imóvel;IRU;Aguardando análise;AT;9,5942
SP-3541406-9B9BFD915BA74B33AE13D03BB4054125;SP;Presidente Prudente;2024-09-12;2024-10-30;0;0,1077;Área do imóvel;IRU;Analisado, aguardando atendimento a notificação;AT;2,3700
SP-3541406-9BBDF6F5657D43FD99657E0A52C3138D;SP;Presidente Prudente;2025-07-01;2025-07-02;1;0,5502;Área do imóvel;IRU;Analisado, em conformidade com a Lei nº 12.651/2012, com ativos ambientais;AT;12,1139
SP-3541406-9C1E11195CF94845BCE1A4C5C20AF629;SP;Presidente Prudente;2022-11-30;2023-03-13;0;0,1231;Área do imóvel;IRU;Analisado, aguardando atendimento a notificação;AT;2,7081
SP-3541406-9C39B4F7273F4BE8B2009B0EBDE51494;SP;Presidente Prudente;2025-03-18;2025-03-19;1;0,7625;Área do imóvel;IRU;Analisado, aguardando atendimento a notificação;AT;16,7872
SP-3541406-9C6A97FEFE4B463FB36450C5D1010325;SP;Presidente Prudente;2015-03-19;2022-12-01;0;0,3487;Área do imóvel;IRU;Analisado, aguardando atendimento a notificação;AT;7,6714
SP-3541406-9C7A1DA116E6413887B0E834540FE727;SP;Presidente Prudente;2024-04-18;2025-04-02;10;1,1323;Área do imóvel;IRU;Analisado, em regularização ambiental (Lei nº 12.651/2012);AT;24,9104
SP-3541406-9CD14698445A4B7C9049773A67885662;SP;Presidente Prudente;2015-11-28;2022-12-01;0;0,4493;Área do imóvel;IRU;Analisado, aguardando atendimento a notificação;AT;9,8846
SP-3541406-9CF8B76BED4340F497C91F1A13D28D6F;SP;Presidente Prudente;2023-05-11;2023-05-11;6;1,6899;Área do imóvel;IRU;Aguardando análise;AT;37,1788
SP-3541406-9D251CE3BB144600B6A8BEDC67564E48;SP;Presidente Prudente;2023-10-09;2023-10-17;1;0,2098;Área do imóvel;IRU;Aguardando análise;AT;4,6184
SP-3541406-9D96D543B55A4A6B870829E8A1671870;SP;Presidente Prudente;2023-01-24;2023-09-11;1;0,0993;Área do imóvel;IRU;Aguardando análise, após revisão ou atendimento da notificação;AT;2,1859
SP-3541406-9D99DB7900F04F2FBF13D164F67BAC87;SP;Presidente Prudente;2025-02-27;2025-02-27;1;0,2642;Área do imóvel;IRU;Aguardando análise;AT;5,8161
SP-3541406-9E1B2D5AFEFD4718ADB3CC3EE1493D87;SP;Presidente Prudente;2023-01-01;2023-01-01;0;0,5432;Área do imóvel;IRU;Aguardando análise;AT;11,9511
SP-3541406-9E226374C7BB4FCF8AE9A32962372655;SP;Presidente Prudente;2025-06-24;2025-06-24;1;0,6051;Área do imóvel;IRU;Analisado, em conformidade com a Lei nº 12.651/2012, com ativos ambientais;AT;13,3222
SP-3541406-9E5666C0F4A04173A67A7B6E90B1A4D3;SP;Presidente Prudente;2025-08-13;2025-08-17;1;0,6574;Área do imóvel;IRU;Analisado, aguardando regularização ambiental (Lei nº 12.651/2012);AT;14,4733
SP-3541406-9E5B4A6A65C4459AAD05574E8528710B;SP;Presidente Prudente;2025-06-18;2025-06-18;1;1,1322;Área do imóvel;IRU;Aguardando análise;AT;24,9263
SP-3541406-9E7DA377E3EB4BC7AD41B8660D96ED42;SP;Presidente Prudente;2025-03-18;2025-03-19;1;1,0883;Área do imóvel;IRU;Aguardando análise;AT;23,9601
SP-3541406-9EE211F424124910A8F2AF623D7C7352;SP;Presidente Prudente;2025-07-23;2025-07-23;1;0,4856;Área do imóvel;IRU;Analisado, aguardando regularização ambiental (Lei nº 12.651/2012);AT;10,6924
SP-3541406-9EECF12A8D894DE1AEC43A0EDF0BEF55;SP;Presidente Prudente;2023-01-26;2023-09-11;2;0,9972;Área do imóvel;IRU;Aguardando análise, após revisão ou atendimento da notificação;AT;21,9544
SP-3541406-9EF95AAD58CE4B6CA356B6E94A0B602B;SP;Presidente Prudente;2024-09-18;2024-10-30;0;0,5924;Área do imóvel;IRU;Analisado, aguardando atendimento a notificação;AT;13,0320
SP-3541406-9F1AAC4F953049D0A3A0217B81EC663A;SP;Presidente Prudente;2023-02-07;2023-02-14;3;1,2907;Área do imóvel;IRU;Aguardando análise, após revisão ou atendimento da notificação;AT;28,4181
SP-3541406-9F6FB28B476046C1A14F4B09BE56ED6E;SP;Presidente Prudente;2016-01-18;2022-12-01;0;1,1570;Área do imóvel;IRU;Analisado, aguardando atendimento a notificação;AT;25,4536
SP-3541406-9F83A5CF6B4C41679762767327D4BFF9;SP;Presidente Prudente;2024-03-12;2024-03-12;1;0,0929;Área do imóvel;IRU;Aguardando análise;AT;2,0449
SP-3541406-9F858001CF28475B8FFAD6FC31E51042;SP;Presidente Prudente;2025-08-17;2025-08-19;0;0,3351;Área do imóvel;IRU;Aguardando análise;PE;7,3732
SP-3541406-9F8C877D2DF34415B4753ECEEA012486;SP;Presidente Prudente;2016-08-06;2022-12-01;0;0,5667;Área do imóvel;IRU;Analisado, aguardando atendimento a notificação;AT;12,5436
SP-3541406-9FA2DA330CA7470BA420EAD3CABDBD86;SP;Presidente Prudente;2019-11-11;2022-12-01;2;1,0768;Área do imóvel;IRU;Aguardando análise;AT;23,6901
SP-3541406-9FD4C01C684545A1B567E15B3717BFCB;SP;Presidente Prudente;2023-06-13;2023-09-12;1;0,7436;Área do imóvel;IRU;Aguardando análise, após revisão ou atendimento da notificação;AT;16,3715
SP-3541406-9FEDE133D63F43EEAA4B0D0D9FE07619;SP;Presidente Prudente;2022-12-28;2023-09-11;6;54,6211;Área do imóvel;IRU;Aguardando análise, após revisão ou atendimento da notificação;AT;1202,6061
SP-3541406-A07216232AF54988A11FBB0BCE0A18E9;SP;Presidente Prudente;2023-06-29;2023-09-12;1;0,4624;Área do imóvel;IRU;Aguardando análise, após revisão ou atendimento da notificação;AT;10,1816
SP-3541406-A08438DE6D2A489A94B5B0113F626E3B;SP;Presidente Prudente;2024-11-15;2024-11-17;1;0,1465;Área do imóvel;IRU;Analisado, aguardando atendimento a notificação;AT;3,2259
SP-3541406-A08AE06B01E04A378B740202386394E4;SP;Presidente Prudente;2025-02-27;2025-02-27;1;2,4669;Área do imóvel;IRU;Analisado, aguardando regularização ambiental (Lei nº 12.651/2012);AT;54,3133
SP-3541406-A0CFCA617FA746758A23A1478F24C662;SP;Presidente Prudente;2022-03-24;2022-12-01;0;0,3166;Área do imóvel;IRU;Analisado, aguardando atendimento a notificação;AT;6,9645
SP-3541406-A0D4A05748AE4DFBAC1E44E2EBF43074;SP;Presidente Prudente;2023-11-16;2023-11-23;0;0,1839;Área do imóvel;IRU;Analisado, aguardando atendimento a notificação;AT;4,0456
SP-3541406-A0E7E9A29A7B4D3D971D17676EF28C1B;SP;Presidente Prudente;2025-08-07;2025-08-11;1;1,0706;Área do imóvel;IRU;Analisado, em conformidade com a Lei nº 12.651/2012, com ativos ambientais;AT;23,5537
SP-3541406-A0FF4ECA6D08486FA23F8D0C65F6788B;SP;Presidente Prudente;2023-02-02;2023-08-31;2;3,9516;Área do imóvel;IRU;Analisado, aguardando regularização ambiental (Lei nº 12.651/2012);AT;87,0030
SP-3541406-A10E0E0D49DE483FA8244F09A7EB47AF;SP;Presidente Prudente;2022-08-01;2023-03-13;0;1,0304;Área do imóvel;IRU;Analisado, aguardando atendimento a notificação;AT;22,6693
SP-3541406-A11E03B130744728835D117A2E1D485C;SP;Presidente Prudente;2023-06-26;2023-09-12;4;0,7686;Área do imóvel;IRU;Aguardando análise;AT;16,9216
SP-3541406-A13F3BDE0E154548B1A30CBCAA59AB5B;SP;Presidente Prudente;2025-07-22;2025-07-22;1;2,8606;Área do imóvel;IRU;Aguardando análise;AT;62,9826
SP-3541406-A1856E2EF3EB4AA9A35E3ECB47AF62A5;SP;Presidente Prudente;2024-11-14;2024-11-25;1;0,4268;Área do imóvel;IRU;Analisado, em conformidade com a Lei nº 12.651/2012, com ativos ambientais;AT;9,3963
SP-3541406-A1C0D20974CA465A9E0063252BF74172;SP;Presidente Prudente;2025-02-04;2025-02-04;1;0,1013;Área do imóvel;IRU;Aguardando análise;AT;2,2285
SP-3541406-A1EA08389F634FADBB6B85A048FE9D47;SP;Presidente Prudente;2025-07-21;2025-07-21;4;2,8635;Área do imóvel;IRU;Aguardando análise;AT;62,9970
SP-3541406-A2865AB3DA7B4088B4AF5E19971DC413;SP;Presidente Prudente;2022-08-04;2023-09-01;1;1,2708;Área do imóvel;IRU;Aguardando análise, após revisão ou atendimento da notificação;AT;27,9791
SP-3541406-A2924AD3E500496389A5A914EF8985C3;SP;Presidente Prudente;2025-07-30;2025-07-30;9;0,2171;Área do imóvel;IRU;Analisado, aguardando regularização ambiental (Lei nº 12.651/2012);AT;4,7768
SP-3541406-A2A09122D925400D96098E0E21391621;SP;Presidente Prudente;2024-02-07;2024-02-07;1;1,4248;Área do imóvel;IRU;Aguardando análise;AT;31,3698
SP-3541406-A2AEBACE278949A3A6C784161975FF37;SP;Presidente Prudente;2024-05-10;2024-10-30;0;0,1123;Área do imóvel;IRU;Analisado, aguardando atendimento a notificação;AT;2,4697
SP-3541406-A2B1F4ACBAD74BB39C9E9AC105A8950D;SP;Presidente Prudente;2024-11-14;2024-11-17;1;0,3500;Área do imóvel;IRU;Analisado, em conformidade com a Lei nº 12.651/2012, com ativos ambientais;AT;7,7068
SP-3541406-A2C29F9198994E40B5CA96DBEF715F1A;SP;Presidente Prudente;2025-03-18;2025-03-19;2;0,2846;Área do imóvel;IRU;Aguardando análise;AT;6,2665
SP-3541406-A2CB34EFB85D450AA418E10A3D2E5D0A;SP;Presidente Prudente;2023-07-05;2023-11-15;3;0,1223;Área do imóvel;IRU;Analisado, aguardando atendimento a notificação;AT;2,6898
SP-3541406-A2FFA951BB7E4C589BE405EA9E398C4C;SP;Presidente Prudente;2023-08-25;2023-09-12;2;1,3847;Área do imóvel;IRU;Aguardando análise, após revisão ou atendimento da notificação;AT;30,4631
SP-3541406-A3063B24E08D47A5A2AFEBF78753F4AC;SP;Presidente Prudente;2024-03-22;2024-04-15;2;0,4572;Área do imóvel;IRU;Analisado, aguardando atendimento a notificação;AT;10,0582
SP-3541406-A318E46F974247CAA9E7EF75D346CDBC;SP;Presidente Prudente;2023-02-02;2023-02-06;3;0,1027;Área do imóvel;IRU;Analisado, em conformidade com a Lei nº 12.651/2012, com ativos ambientais;AT;2,2600
SP-3541406-A33C81E567CB46849AC15706D72E2F8C;SP;Presidente Prudente;2022-09-02;2023-02-16;1;0,3898;Área do imóvel;IRU;Analisado, em conformidade com a Lei nº 12.651/2012;AT;8,5753
SP-3541406-A34CADA856A64367ABA47A21F981608A;SP;Presidente Prudente;2023-08-16;2023-11-22;0;0,1415;Área do imóvel;IRU;Analisado, aguardando atendimento a notificação;AT;3,1123
SP-3541406-A35B5F5DBDE048E5BD2067898F2CDA14;SP;Presidente Prudente;2022-06-14;2022-12-01;0;1,3188;Área do imóvel;IRU;Analisado, aguardando atendimento a notificação;AT;29,0134
SP-3541406-A3890510790E4E6F9F3F94C3535E0C84;SP;Presidente Prudente;2022-12-08;2023-09-10;1;1,1121;Área do imóvel;IRU;Aguardando análise, após revisão ou atendimento da notificação;AT;24,4839
SP-3541406-A40FB41301894720A1B818449A7E134E;SP;Presidente Prudente;2022-11-06;2023-02-14;4;1,6537;Área do imóvel;IRU;Analisado, aguardando atendimento a notificação;AT;36,3805
SP-3541406-A46D56E8C2374A2B871AB886F22E01FE;SP;Presidente Prudente;2015-06-22;2022-12-01;0;0,0909;Área do imóvel;IRU;Analisado, aguardando atendimento a notificação;AT;2,0001
SP-3541406-A489B0209CFC44C094872BA87E21EBB1;SP;Presidente Prudente;2024-09-27;2024-09-27;1;0,3324;Área do imóvel;IRU;Analisado, em conformidade com a Lei nº 12.651/2012;AT;7,3188
SP-3541406-A4BCC59422254D0ABE54126E05A3F6DB;SP;Presidente Prudente;2024-07-16;2024-07-17;1;0,1115;Área do imóvel;IRU;Analisado, em conformidade com a Lei nº 12.651/2012;AT;2,4553
SP-3541406-A4F1B9009C604A30B0E8F7BD50D1668B;SP;Presidente Prudente;2024-11-15;2024-11-18;1;0,1517;Área do imóvel;IRU;Analisado, em conformidade com a Lei nº 12.651/2012, com ativos ambientais;AT;3,3393
SP-3541406-A5939A6FA4CA482F84B3E363553937A3;SP;Presidente Prudente;2023-06-15;2023-06-15;2;0,2834;Área do imóvel;IRU;Aguardando análise;AT;6,2349
SP-3541406-A688A140EF934E64B3F91CD8992D5847;SP;Presidente Prudente;2017-12-30;2022-12-01;0;0,1101;Área do imóvel;IRU;Analisado, aguardando atendimento a notificação;AT;2,4223
SP-3541406-A69E58DB1FE84512868FFFD5B4500A5F;SP;Presidente Prudente;2015-06-20;2022-12-01;0;0,4538;Área do imóvel;IRU;Analisado, aguardando atendimento a notificação;AT;10,0332
SP-3541406-A6B7048ACFBB4E11AC8E0CD7E53C5F94;SP;Presidente Prudente;2015-06-18;2025-11-03;0;0,3899;Área do imóvel;IRU;Aguardando análise;AT;8,5767
SP-3541406-A70107C12829432F8FDB778F54B08490;SP;Presidente Prudente;2024-10-04;2024-11-11;2;0,0669;Área do imóvel;IRU;Analisado, em conformidade com a Lei nº 12.651/2012;AT;1,4726
SP-3541406-A706249A1CEA433993E66DE97D27B2FF;SP;Presidente Prudente;2023-10-23;2023-11-13;2;0,5777;Área do imóvel;IRU;Analisado, aguardando regularização ambiental (Lei nº 12.651/2012);AT;12,7098
SP-3541406-A70A36FA4E7646B98B55CF4C7ED508AF;SP;Presidente Prudente;2024-11-10;2024-11-15;1;0,1643;Área do imóvel;IRU;Analisado, em conformidade com a Lei nº 12.651/2012, com ativos ambientais;AT;3,6176
SP-3541406-A7239C70857647D1B2428A3017F23F1C;SP;Presidente Prudente;2023-03-28;2023-11-15;2;0,1869;Área do imóvel;IRU;Analisado, aguardando atendimento a notificação;AT;4,1110
SP-3541406-A77EC7F9689C45F9BEF69B09CADB5555;SP;Presidente Prudente;2023-01-24;2023-01-24;0;0,1094;Área do imóvel;IRU;Aguardando análise;AT;2,4074
SP-3541406-A7943F0C86F748F293FB627519B6450B;SP;Presidente Prudente;2023-10-09;2023-10-17;1;0,2957;Área do imóvel;IRU;Aguardando análise;AT;6,5103
SP-3541406-A82A38DB1AA249459B78B2F79D1D3D7A;SP;Presidente Prudente;2024-11-15;2024-11-22;1;0,3073;Área do imóvel;IRU;Analisado, em conformidade com a Lei nº 12.651/2012, com ativos ambientais;AT;6,7661
SP-3541406-A8352595F50A439BB100CBC440D110DC;SP;Presidente Prudente;2016-08-24;2022-12-01;0;0,4131;Área do imóvel;IRU;Analisado, aguardando atendimento a notificação;AT;9,4386
SP-3541406-A84E9A16CDF14A948918ED35C1E7FFB0;SP;Presidente Prudente;2024-11-09;2024-11-15;1;0,8787;Área do imóvel;IRU;Analisado, em conformidade com a Lei nº 12.651/2012, com ativos ambientais;AT;19,3475
SP-3541406-A86ECA7F0B784A22BC2743EABD0C8936;SP;Presidente Prudente;2016-03-07;2022-12-01;0;2,9902;Área do imóvel;IRU;Analisado, aguardando atendimento a notificação;AT;65,7840
SP-3541406-A86F6E604F584B998436AE7FE2286455;SP;Presidente Prudente;2024-12-11;2024-12-12;1;0,1066;Área do imóvel;IRU;Analisado, em conformidade com a Lei nº 12.651/2012, com ativos ambientais;AT;2,3445
SP-3541406-A879E81FE5AA48329442701C189A87CB;SP;Presidente Prudente;2024-07-17;2024-07-17;1;0,1879;Área do imóvel;IRU;Analisado, em conformidade com a Lei nº 12.651/2012;AT;4,1370
SP-3541406-A8A30137B08F4A3EB43214435DF15728;SP;Presidente Prudente;2015-08-13;2022-12-01;0;0,2214;Área do imóvel;IRU;Analisado, aguardando atendimento a notificação;AT;4,8700
SP-3541406-A8B1166FA0D24AE7961D7B43C60EDCAA;SP;Presidente Prudente;2025-06-23;2025-06-23;3;2,0511;Área do imóvel;IRU;Analisado, aguardando regularização ambiental (Lei nº 12.651/2012);AT;45,1595
SP-3541406-A8C1EAD4E3314CE4BEA1C5D60BE78F49;SP;Presidente Prudente;2023-09-13;2024-10-30;7;43,8703;Área do imóvel;IRU;Analisado, em conformidade com a Lei nº 12.651/2012, com ativos ambientais;AT;965,1462
SP-3541406-A8C2A1972C504DBC911F2AA4D0904D9D;SP;Presidente Prudente;2025-03-18;2025-03-19;1;0,2239;Área do imóvel;IRU;Aguardando análise;AT;4,9292
SP-3541406-A8C51F009A884D3989F227786462E3AD;SP;Presidente Prudente;2025-07-01;2025-07-02;3;1,0992;Área do imóvel;IRU;Analisado, em conformidade com a Lei nº 12.651/2012, com ativos ambientais;AT;24,2008
SP-3541406-A8CA39E038EC44F89276109EAC401199;SP;Presidente Prudente;2022-03-08;2022-12-01;0;0,3130;Área do imóvel;IRU;Analisado, aguardando atendimento a notificação;AT;6,8856
SP-3541406-A8E1B8837BBF408783BA11F5AD0090F8;SP;Presidente Prudente;2024-09-08;2024-09-12;1;0,3269;Área do imóvel;IRU;Aguardando análise, após revisão ou atendimento da notificação;AT;7,1910
SP-3541406-A945ED2FCD054AC99F8B8B82FB074048;SP;Presidente Prudente;2023-03-17;2023-09-11;2;1,2855;Área do imóvel;IRU;Aguardando análise, após revisão ou atendimento da notificação;AT;28,2814
SP-3541406-A9768B38F4BD452684FEE4F762735F5A;SP;Presidente Prudente;2019-09-27;2023-09-08;6;5,3895;Área do imóvel;IRU;Aguardando análise;AT;118,5680
SP-3541406-A976C8E5B3D245339906D8FC126B5683;SP;Presidente Prudente;2022-09-29;2022-12-01;0;0,7303;Área do imóvel;IRU;Analisado, aguardando atendimento a notificação;AT;16,0663
SP-3541406-A9B397AB4CA24F2D801F0C1A00B95C9F;SP;Presidente Prudente;2019-08-30;2022-12-01;0;0,8769;Área do imóvel;IRU;Analisado, aguardando atendimento a notificação;AT;19,2921
SP-3541406-A9E7CCACA50442E79FB222DB103D735E;SP;Presidente Prudente;2024-11-14;2024-11-25;1;1,0274;Área do imóvel;IRU;Analisado, em conformidade com a Lei nº 12.651/2012;AT;22,6208
SP-3541406-A9F14DD9BC174C7784F389EC4982C11F;SP;Presidente Prudente;2015-06-22;2022-12-01;0;0,4378;Área do imóvel;IRU;Analisado, aguardando atendimento a notificação;AT;9,6308
SP-3541406-A9F3DA3FBF5248E88B31FC2FE0DD1B1E;SP;Presidente Prudente;2025-07-23;2025-07-23;1;0,5667;Área do imóvel;IRU;Analisado, aguardando regularização ambiental (Lei nº 12.651/2012);AT;12,4773
SP-3541406-AA0504F6CB3A48D98E68E975ED1681AC;SP;Presidente Prudente;2025-02-27;2025-02-27;1;0,2110;Área do imóvel;IRU;Analisado, em conformidade com a Lei nº 12.651/2012, com ativos ambientais;AT;4,6448
SP-3541406-AA093B9158C344D6AB0ED741B7DEF51E;SP;Presidente Prudente;2024-07-30;2024-08-14;3;0,3298;Área do imóvel;IRU;Analisado, em conformidade com a Lei nº 12.651/2012;AT;7,2611
SP-3541406-AA0D39B5844B4BF882F0A5BBCE29A330;SP;Presidente Prudente;2016-04-11;2022-12-01;0;0,0956;Área do imóvel;IRU;Analisado, aguardando atendimento a notificação;AT;2,1032
SP-3541406-AA11B7CD92D94200A8D1C38B9E77155C;SP;Presidente Prudente;2016-08-26;2025-10-24;0;0,7675;Área do imóvel;IRU;Analisado, aguardando atendimento a notificação;AT;16,8856
SP-3541406-AA22B096D91149B196D60A7DC0954938;SP;Presidente Prudente;2024-09-27;2024-09-27;1;0,1097;Área do imóvel;IRU;Analisado, em conformidade com a Lei nº 12.651/2012;AT;2,4152
SP-3541406-AA2F6E6440B94F42901C4D7B100D7874;SP;Presidente Prudente;2023-04-19;2023-09-11;3;0,1003;Área do imóvel;IRU;Aguardando análise, após revisão ou atendimento da notificação;AT;2,2076
SP-3541406-AA621C86A0A341F2AB1CCF45663C9BB4;SP;Presidente Prudente;2021-10-20;2022-12-01;4;0,4856;Área do imóvel;IRU;Aguardando análise;AT;10,6838
SP-3541406-AA70505184EC4BF58B5B49B6B3456340;SP;Presidente Prudente;2015-12-19;2023-09-06;0;5,4759;Área do imóvel;IRU;Aguardando análise;AT;120,4705
SP-3541406-AA721AC51EB14992AA65BC43EE0C7C24;SP;Presidente Prudente;2025-06-20;2025-06-20;1;3,9463;Área do imóvel;IRU;Analisado, aguardando regularização ambiental (Lei nº 12.651/2012);AT;86,8374
SP-3541406-AA82E2709BBA4F8EABD1BE188F1C0919;SP;Presidente Prudente;2024-07-12;2024-07-12;1;0,0909;Área do imóvel;IRU;Analisado, aguardando atendimento a notificação;AT;2,0022
SP-3541406-AA83CD64A9CD4D07A659F0221E91E898;SP;Presidente Prudente;2025-05-08;2025-05-08;1;0,5341;Área do imóvel;IRU;Analisado, em conformidade com a Lei nº 12.651/2012, com ativos ambientais;AT;11,7586
SP-3541406-AA9B17753175459BA648FD46AE2BC2A0;SP;Presidente Prudente;2023-06-19;2023-06-19;1;0,5528;Área do imóvel;IRU;Aguardando análise;AT;12,1711
SP-3541406-AAB7221A49DF43019710802DA697CF71;SP;Presidente Prudente;2019-04-10;2022-12-01;1;0,8958;Área do imóvel;IRU;Analisado, aguardando atendimento a notificação;AT;19,8590
SP-3541406-AAC4161A0A39480B9A63A345E50073D7;SP;Presidente Prudente;2025-01-31;2025-02-01;1;0,0680;Área do imóvel;IRU;Aguardando análise;AT;1,4962
SP-3541406-AB3C5DDBC10B4585850DD69DAD6B0852;SP;Presidente Prudente;2025-06-22;2025-06-23;1;0,6038;Área do imóvel;IRU;Analisado, aguardando regularização ambiental (Lei nº 12.651/2012);AT;13,2936
SP-3541406-AB424F2AAF4344C08BF185BAAC1BB82D;SP;Presidente Prudente;2025-02-27;2025-02-27;1;0,1818;Área do imóvel;IRU;Analisado, em conformidade com a Lei nº 12.651/2012, com ativos ambientais;AT;4,0036
SP-3541406-AB4C3483197F49E6863DE13AE218BD26;SP;Presidente Prudente;2024-07-15;2024-07-16;1;0,1002;Área do imóvel;IRU;Analisado, em conformidade com a Lei nº 12.651/2012;AT;2,2059
SP-3541406-AB79289BE4AF4D9B9FE504388890E6DA;SP;Presidente Prudente;2025-06-21;2025-06-23;4;0,5273;Área do imóvel;IRU;Aguardando análise;AT;11,6095
SP-3541406-AB79555968AA4E8685ABFC6F86ED1F03;SP;Presidente Prudente;2023-12-18;2024-11-25;5;6,5833;Área do imóvel;IRU;Analisado, aguardando regularização ambiental (Lei nº 12.651/2012);AT;144,8324
SP-3541406-ABFCDDDDE22A4E82B1359C3F6499924F;SP;Presidente Prudente;2023-08-29;2023-11-22;0;0,0963;Área do imóvel;IRU;Analisado, aguardando atendimento a notificação;AT;2,1185
SP-3541406-AC974FB54B0F48CABE85DCF7A0527B3D;SP;Presidente Prudente;2022-03-08;2022-12-01;0;0,0832;Área do imóvel;IRU;Analisado, aguardando atendimento a notificação;AT;1,8307
SP-3541406-ACDDA83C40C24C269233944732B7CAC6;SP;Presidente Prudente;2024-08-18;2024-08-24;1;0,6509;Área do imóvel;IRU;Analisado, em conformidade com a Lei nº 12.651/2012;AT;14,3309
SP-3541406-ACFC19A80315454D8DF044C62A933475;SP;Presidente Prudente;2014-11-28;2022-12-01;0;0,8021;Área do imóvel;IRU;Analisado, aguardando atendimento a notificação;AT;17,6469
SP-3541406-AD04A56666894A7AAD77FF98EA37BD9E;SP;Presidente Prudente;2025-06-18;2025-06-18;1;0,4532;Área do imóvel;IRU;Analisado, aguardando regularização ambiental (Lei nº 12.651/2012);AT;9,9709
SP-3541406-AD45E3290F99456FB922D803EAC6AD53;SP;Presidente Prudente;2019-04-17;2022-12-01;0;0,8258;Área do imóvel;IRU;Aguardando análise;AT;18,1670
SP-3541406-AD5E9AB13A7F4FD8852E99A870A14DEB;SP;Presidente Prudente;2025-07-16;2025-07-20;1;2,0669;Área do imóvel;IRU;Analisado, aguardando regularização ambiental (Lei nº 12.651/2012);AT;45,5072
SP-3541406-AD62DDB6E00D442A8BCC7B11CA002DB3;SP;Presidente Prudente;2024-07-16;2024-08-14;2;0,1142;Área do imóvel;IRU;Aguardando análise, após revisão ou atendimento da notificação;AT;2,5148
SP-3541406-ADC0D2B429C542EFA1F555457996ACC9;SP;Presidente Prudente;2023-09-20;2023-09-20;3;0,8718;Área do imóvel;IRU;Aguardando análise;AT;19,1931
SP-3541406-ADEE69CD8FEF46BF806D32DA4C951893;SP;Presidente Prudente;2025-03-20;2025-03-25;2;0,6708;Área do imóvel;IRU;Analisado, em conformidade com a Lei nº 12.651/2012, com ativos ambientais;AT;14,7700
SP-3541406-AE06F9BE82394109927442893812BEA1;SP;Presidente Prudente;2024-04-04;2024-04-05;0;0,1099;Área do imóvel;IRU;Analisado, em conformidade com a Lei nº 12.651/2012;AT;2,4169
SP-3541406-AE3C9E30A2B54159A6D37E460A8452C9;SP;Presidente Prudente;2023-08-04;2023-09-12;1;0,3167;Área do imóvel;IRU;Aguardando análise, após revisão ou atendimento da notificação;AT;6,9735
SP-3541406-AE59F43E2AA24477BB2BA22EF3F46F6D;SP;Presidente Prudente;2024-05-27;2024-10-30;0;0,7087;Área do imóvel;IRU;Analisado, aguardando atendimento a notificação;AT;15,5920
SP-3541406-AE5CE1F92BE54BE58AD078311719EEE5;SP;Presidente Prudente;2025-06-02;2025-06-02;1;0,2763;Área do imóvel;IRU;Analisado, aguardando atendimento a notificação;AT;6,0778
SP-3541406-AE8F26F5E5D04ABD999D783957FB4D38;SP;Presidente Prudente;2023-03-13;2023-09-11;2;1,7509;Área do imóvel;IRU;Aguardando análise, após revisão ou atendimento da notificação;AT;38,5494
SP-3541406-AEA8789053F24E7790AA1D5F6945BD53;SP;Presidente Prudente;2025-03-01;2025-03-03;1;0,5153;Área do imóvel;IRU;Aguardando análise;AT;11,3458
SP-3541406-AEC3772F64304289AA304B80FC19C0DE;SP;Presidente Prudente;2024-12-04;2024-12-19;1;0,8636;Área do imóvel;IRU;Analisado, em conformidade com a Lei nº 12.651/2012;AT;19,0139
SP-3541406-AEE5CFB2EEED4C6B8AACEBD28537057F;SP;Presidente Prudente;2015-07-29;2022-12-01;0;1,0092;Área do imóvel;IRU;Analisado, aguardando atendimento a notificação;AT;22,2034
SP-3541406-AF53A5B48CCC4891A5D438E9691F56D4;SP;Presidente Prudente;2025-07-01;2025-07-02;1;0,5386;Área do imóvel;IRU;Analisado, em conformidade com a Lei nº 12.651/2012, com ativos ambientais;AT;11,8587
SP-3541406-AF79158E21FA4AE8B2B9EA841A7B22D8;SP;Presidente Prudente;2019-04-11;2022-12-01;1;1,0590;Área do imóvel;IRU;Analisado, aguardando atendimento a notificação;AT;23,2989
SP-3541406-AF7BD6040521481D83C126F5F7E193D1;SP;Presidente Prudente;2024-07-21;2024-08-14;1;0,2197;Área do imóvel;IRU;Analisado, em conformidade com a Lei nº 12.651/2012;AT;4,8360
SP-3541406-AF8F4E7DCC16421E867E5AE1D22A0E8C;SP;Presidente Prudente;2025-03-18;2026-01-13;1;1,6266;Área do imóvel;IRU;Analisado, aguardando regularização ambiental (Lei nº 12.651/2012);AT;35,8131
SP-3541406-AFE160397E1243D9A08748C9046B0A39;SP;Presidente Prudente;2025-03-24;2025-04-23;1;0,8004;Área do imóvel;IRU;Analisado, aguardando regularização ambiental (Lei nº 12.651/2012);AT;17,6232
SP-3541406-AFEE4FD3F0054C14B05D5E72B490C816;SP;Presidente Prudente;2019-03-13;2022-12-01;0;0,7927;Área do imóvel;IRU;Analisado, aguardando atendimento a notificação;AT;17,4395
SP-3541406-AFF30399ADFB48168A65563959E1D3D3;SP;Presidente Prudente;2025-03-11;2025-03-13;0;0,2093;Área do imóvel;IRU;Analisado, aguardando atendimento a notificação;AT;4,6041
SP-3541406-B04C4E67496A480D9ED07EFE87DEB81D;SP;Presidente Prudente;2022-12-28;2022-12-31;0;0,3249;Área do imóvel;IRU;Aguardando análise;AT;7,1468
SP-3541406-B0B11763910C4B179CC39EF5BA8C3983;SP;Presidente Prudente;2025-06-29;2025-06-30;1;0,6914;Área do imóvel;IRU;Analisado, aguardando regularização ambiental (Lei nº 12.651/2012);AT;15,2223
SP-3541406-B0E3CA21CD2448A9BE3896F090E98FAF;SP;Presidente Prudente;2025-08-08;2025-08-12;1;1,0230;Área do imóvel;IRU;Analisado, aguardando atendimento a notificação;AT;22,5062
SP-3541406-B11F399992CF4BBFB37F92447C98D857;SP;Presidente Prudente;2025-08-02;2025-08-02;4;0,3268;Área do imóvel;IRU;Analisado, em conformidade com a Lei nº 12.651/2012, com ativos ambientais;AT;7,1885
SP-3541406-B126203AD279474EAE6316AC79DEEEAF;SP;Presidente Prudente;2015-11-05;2022-12-01;0;0,5734;Área do imóvel;IRU;Analisado, aguardando atendimento a notificação;AT;12,6138
SP-3541406-B1E88D3BC9A14360BE27E0BA112F5666;SP;Presidente Prudente;2025-03-11;2025-03-13;0;0,6075;Área do imóvel;IRU;Analisado, aguardando atendimento a notificação;AT;13,3649
SP-3541406-B1FD5DB54E8B4E4BA4AA8240E8BFF916;SP;Presidente Prudente;2024-11-17;2024-11-25;1;0,1362;Área do imóvel;IRU;Analisado, aguardando regularização ambiental (Lei nº 12.651/2012);AT;2,9984
SP-3541406-B2233DB1AD534D1EB92769961BBB31A0;SP;Presidente Prudente;2024-11-14;2024-11-17;1;0,1912;Área do imóvel;IRU;Analisado, em conformidade com a Lei nº 12.651/2012, com ativos ambientais;AT;4,2101
SP-3541406-B248E085369E47609316BBAB43C813EA;SP;Presidente Prudente;2025-07-01;2025-07-02;1;0,3213;Área do imóvel;IRU;Analisado, aguardando regularização ambiental (Lei nº 12.651/2012);AT;7,0749
SP-3541406-B250560536704090A361CEC86FF5479F;SP;Presidente Prudente;2023-02-15;2023-08-31;1;0,1365;Área do imóvel;IRU;Analisado, aguardando regularização ambiental (Lei nº 12.651/2012);AT;3,0049
SP-3541406-B277AA9334A14440B651115835361F3C;SP;Presidente Prudente;2025-08-20;2025-09-06;3;0,1341;Área do imóvel;IRU;Aguardando análise;AT;2,9505
SP-3541406-B2887E792585453E83CA83EE9620F3DF;SP;Presidente Prudente;2024-09-27;2024-09-27;1;0,1155;Área do imóvel;IRU;Analisado, em conformidade com a Lei nº 12.651/2012;AT;2,5423
SP-3541406-B2E6DAB64960438F889C22B1080DF43D;SP;Presidente Prudente;2021-04-27;2022-02-03;0;0,2200;Área do imóvel;IRU;Analisado, aguardando atendimento a notificação;AT;4,8404
SP-3541406-B2F3066FA1974B408CD306A9EC621521;SP;Presidente Prudente;2024-12-27;2025-01-23;2;0,3091;Área do imóvel;IRU;Analisado, em conformidade com a Lei nº 12.651/2012, com ativos ambientais;AT;6,7993
SP-3541406-B310E84D10E34B5C9367CFC887C5F39F;SP;Presidente Prudente;2024-07-17;2024-07-17;1;0,1130;Área do imóvel;IRU;Analisado, em conformidade com a Lei nº 12.651/2012;AT;2,4875
SP-3541406-B35850E2B96A418C9D5FD2F276CB93D6;SP;Presidente Prudente;2024-11-14;2024-11-25;1;0,3555;Área do imóvel;IRU;Analisado, em conformidade com a Lei nº 12.651/2012;AT;7,8278
SP-3541406-B3E35A2491CF4D009CE9A22B64A7E33E;SP;Presidente Prudente;2024-07-18;2024-07-19;1;0,2016;Área do imóvel;IRU;Analisado, em conformidade com a Lei nº 12.651/2012;AT;4,4389
SP-3541406-B43FD0C3E832469DB1CA8D4A64B7EA9E;SP;Presidente Prudente;2023-07-29;2023-07-29;1;0,1929;Área do imóvel;IRU;Aguardando análise;AT;4,2466
SP-3541406-B49DE80E5FA7474F9C9E3FA5FD4C493B;SP;Presidente Prudente;2025-07-27;2025-07-27;4;2,0883;Área do imóvel;IRU;Aguardando análise;AT;46,1064
SP-3541406-B4AD8500228A4EDF93ACA00552EB49D5;SP;Presidente Prudente;2024-12-27;2025-01-23;1;0,5321;Área do imóvel;IRU;Analisado, em conformidade com a Lei nº 12.651/2012, com ativos ambientais;AT;11,7156
SP-3541406-B513505D28C44B2D9B022F6D377B6343;SP;Presidente Prudente;2024-08-05;2024-10-30;5;0,5664;Área do imóvel;IRU;Analisado, aguardando atendimento a notificação;AT;12,4610
SP-3541406-B518C413A8B54FB38DF670311B497757;SP;Presidente Prudente;2016-08-23;2023-09-06;0;4,3952;Área do imóvel;IRU;Aguardando análise;AT;96,6937
SP-3541406-B51B387637B540E19F35021DF6826703;SP;Presidente Prudente;2025-02-27;2025-07-15;1;0,6586;Área do imóvel;IRU;Analisado, aguardando regularização ambiental (Lei nº 12.651/2012);AT;14,5004
SP-3541406-B52FFAFA6AD14CF9AFCE7F45373F2FAD;SP;Presidente Prudente;2025-03-26;2025-04-23;1;0,3774;Área do imóvel;IRU;Analisado, em conformidade com a Lei nº 12.651/2012, com ativos ambientais;AT;8,3089
SP-3541406-B54B50B9695D4F3D8F39851C7577B400;SP;Presidente Prudente;2014-11-20;2022-12-01;0;0,8770;Área do imóvel;IRU;Analisado, aguardando atendimento a notificação;AT;19,2937
SP-3541406-B55A8669987D42798B0593DD9C6E21D0;SP;Presidente Prudente;2015-12-01;2022-12-01;0;1,7788;Área do imóvel;IRU;Analisado, aguardando atendimento a notificação;AT;39,1328
SP-3541406-B55BAE8877524D44891C89143795AC14;SP;Presidente Prudente;2025-02-27;2025-02-27;2;0,2318;Área do imóvel;IRU;Aguardando análise;AT;5,1032
SP-3541406-B608B806A4B5494BA2EC3461DA212180;SP;Presidente Prudente;2025-07-22;2025-07-22;1;0,5807;Área do imóvel;IRU;Analisado, em conformidade com a Lei nº 12.651/2012, com ativos ambientais;AT;12,7845
SP-3541406-B612A61D9E3244CBAE0AE5E67A3403CC;SP;Presidente Prudente;2024-07-20;2024-07-20;1;0,0996;Área do imóvel;IRU;Analisado, aguardando atendimento a notificação;AT;2,1924
SP-3541406-B6341898A4DD4662B641FAA0065A4B54;SP;Presidente Prudente;2023-01-24;2023-06-21;0;0,0925;Área do imóvel;IRU;Analisado, aguardando atendimento a notificação;AT;2,0354
SP-3541406-B636CEC348E8499F85849925B64F6546;SP;Presidente Prudente;2022-03-29;2022-12-01;0;0,0907;Área do imóvel;IRU;Analisado, em conformidade com a Lei nº 12.651/2012;AT;1,9947
SP-3541406-B63D32DAEC2443B59C5D203A86043504;SP;Presidente Prudente;2015-06-24;2022-12-01;0;0,0408;Área do imóvel;IRU;Analisado, em conformidade com a Lei nº 12.651/2012;AT;0,8979
SP-3541406-B674D25355E841E69B0F10777FD992A0;SP;Presidente Prudente;2024-11-10;2024-11-15;1;0,1103;Área do imóvel;IRU;Analisado, em conformidade com a Lei nº 12.651/2012, com ativos ambientais;AT;2,4293
SP-3541406-B6D6C1978F5D43FAB05B71B29BED74F0;SP;Presidente Prudente;2024-11-14;2024-11-25;1;0,1167;Área do imóvel;IRU;Analisado, em conformidade com a Lei nº 12.651/2012, com ativos ambientais;AT;2,5687
SP-3541406-B6FEF32D8B1849EF81618A9D33182AEC;SP;Presidente Prudente;2023-04-20;2023-09-11;0;0,2758;Área do imóvel;IRU;Analisado, aguardando atendimento a notificação;AT;6,0681
SP-3541406-B73027C46CDE4091AAD99FECC46AA9ED;SP;Presidente Prudente;2025-07-03;2025-07-04;1;1,7267;Área do imóvel;IRU;Analisado, em conformidade com a Lei nº 12.651/2012, com ativos ambientais;AT;38,0168
SP-3541406-B74EBFB22F12408B9CAD1109CDECB24C;SP;Presidente Prudente;2024-11-15;2024-11-26;1;0,1090;Área do imóvel;IRU;Analisado, em conformidade com a Lei nº 12.651/2012, com ativos ambientais;AT;2,4002
SP-3541406-B76CA86BC452404FA8DE7387F4A54A62;SP;Presidente Prudente;2015-12-18;2022-12-01;1;0,3451;Área do imóvel;IRU;Analisado, aguardando atendimento a notificação;AT;7,5932
SP-3541406-B7BB232F9BB64CE4ABB0A4927FC20F15;SP;Presidente Prudente;2025-03-11;2025-03-12;1;0,2974;Área do imóvel;IRU;Analisado, em conformidade com a Lei nº 12.651/2012, com ativos ambientais;AT;6,5470
SP-3541406-B7D15FA9262B4B3A9A08DBA20ADD6204;SP;Presidente Prudente;2022-12-26;2023-09-11;3;109,8539;Área do imóvel;IRU;Aguardando análise, após revisão ou atendimento da notificação;AT;2418,6714
SP-3541406-B7D828D2DADA44B3AB9EDC8FE354F4B7;SP;Presidente Prudente;2024-07-20;2024-08-14;2;0,1580;Área do imóvel;IRU;Analisado, em conformidade com a Lei nº 12.651/2012;AT;3,4779
SP-3541406-B7F54BC3C349459D8EBE825698277BD9;SP;Presidente Prudente;2022-11-27;2023-09-10;1;0,3180;Área do imóvel;IRU;Aguardando análise, após revisão ou atendimento da notificação;AT;7,0020
SP-3541406-B807D83D904C4349AA8F08E8ABECA6F7;SP;Presidente Prudente;2023-04-19;2023-11-22;2;0,1645;Área do imóvel;IRU;Analisado, aguardando atendimento a notificação;AT;3,6186
SP-3541406-B814EC3AA6B341C9AC23565C9CDB84DC;SP;Presidente Prudente;2025-07-22;2025-07-22;1;1,4775;Área do imóvel;IRU;Aguardando análise;AT;32,5300
SP-3541406-B8379D1FB38045FEB801C0F2DACA6C1C;SP;Presidente Prudente;2024-10-05;2024-11-11;1;0,4256;Área do imóvel;IRU;Analisado, em conformidade com a Lei nº 12.651/2012;AT;9,3704
SP-3541406-B83C1DCF773C428BA586F7670BDA9242;SP;Presidente Prudente;2025-06-24;2025-09-19;1;0,4371;Área do imóvel;IRU;Analisado, aguardando regularização ambiental (Lei nº 12.651/2012);AT;9,6227
SP-3541406-B858993C3B844344B8C4908CA47D7CEB;SP;Presidente Prudente;2022-10-24;2023-09-01;1;1,7441;Área do imóvel;IRU;Aguardando análise, após revisão ou atendimento da notificação;AT;38,4005
SP-3541406-B85A3E0723A04E5BB4B84D688CB8704E;SP;Presidente Prudente;2025-06-23;2025-06-24;3;1,9384;Área do imóvel;IRU;Analisado, aguardando atendimento a notificação;AT;42,6447
SP-3541406-B86E468FD9164A728D793842BE9919F9;SP;Presidente Prudente;2023-05-09;2023-09-11;1;2,1843;Área do imóvel;IRU;Aguardando análise, após revisão ou atendimento da notificação;AT;48,0919
SP-3541406-B87F0FB715F5402EB597F7BC369FE6E6;SP;Presidente Prudente;2023-06-02;2023-09-12;1;0,8314;Área do imóvel;IRU;Aguardando análise, após revisão ou atendimento da notificação;AT;18,3056
SP-3541406-B882D4C886B44CD5AB7FAEB35F95D4D8;SP;Presidente Prudente;2025-02-27;2025-02-27;1;1,6703;Área do imóvel;IRU;Analisado, aguardando regularização ambiental (Lei nº 12.651/2012);AT;36,7742
SP-3541406-B8B4DFDBBCA947D3A94B23B2C42FDF7A;SP;Presidente Prudente;2024-11-12;2024-11-21;1;0,5178;Área do imóvel;IRU;Analisado, em conformidade com a Lei nº 12.651/2012, com ativos ambientais;AT;11,3907
SP-3541406-B8CDE0BE95C544DC90156BE9A16382D8;SP;Presidente Prudente;2023-07-05;2023-09-12;1;0,5021;Área do imóvel;IRU;Aguardando análise, após revisão ou atendimento da notificação;AT;11,0555
SP-3541406-B8E0A51BA9274F3C8D83C67870DC0CED;SP;Presidente Prudente;2025-06-30;2025-06-30;2;2,2222;Área do imóvel;IRU;Analisado, aguardando regularização ambiental (Lei nº 12.651/2012);AT;48,9254
SP-3541406-B8E43268883D4A0781D956A4827147EB;SP;Presidente Prudente;2025-05-10;2025-05-10;2;0,7104;Área do imóvel;IRU;Aguardando análise;AT;15,6280
SP-3541406-B8ED71718F834BC188BFEFE5369774E2;SP;Presidente Prudente;2024-04-18;2024-10-30;0;0,7800;Área do imóvel;IRU;Analisado, aguardando atendimento a notificação;AT;17,1597
SP-3541406-B91A2FF78C7C4C7B9FCCB950BCCADC28;SP;Presidente Prudente;2024-11-14;2024-11-25;1;0,2054;Área do imóvel;IRU;Analisado, aguardando regularização ambiental (Lei nº 12.651/2012);AT;4,5219
SP-3541406-B9321C0D48334F3CB450619A10BDC1E0;SP;Presidente Prudente;2025-08-08;2025-08-12;5;0,9180;Área do imóvel;IRU;Analisado, aguardando atendimento a notificação;AT;20,1962
SP-3541406-B936FA1D36DE4A7EB836428598B875E8;SP;Presidente Prudente;2025-02-27;2025-02-27;1;0,5495;Área do imóvel;IRU;Analisado, aguardando regularização ambiental (Lei nº 12.651/2012);AT;12,0985
SP-3541406-B958CF82829A41FFA266906E5077DDF8;SP;Presidente Prudente;2024-12-18;2024-12-27;0;1,0780;Área do imóvel;IRU;Analisado, aguardando atendimento a notificação;AT;23,7170
SP-3541406-B95C74B9C055494AA220D821603FF711;SP;Presidente Prudente;2025-06-30;2025-07-02;1;11,2078;Área do imóvel;IRU;Aguardando análise, após revisão ou atendimento da notificação;AT;268,9691
SP-3541406-B96E97C7EF1D410ABE3A21E6626FAE7E;SP;Presidente Prudente;2023-03-20;2023-09-11;1;0,3339;Área do imóvel;IRU;Aguardando análise, após revisão ou atendimento da notificação;AT;7,3515
SP-3541406-B9946E260E564013ACAB1A826086F96B;SP;Presidente Prudente;2023-05-09;2023-09-11;2;0,9561;Área do imóvel;IRU;Aguardando análise, após revisão ou atendimento da notificação;AT;21,0497
SP-3541406-B9B169EF265A488C91A38D2CD6FBC214;SP;Presidente Prudente;2016-01-26;2022-12-01;0;4,2514;Área do imóvel;IRU;Analisado, aguardando atendimento a notificação;AT;94,0596
SP-3541406-B9C08B433DAD4206AE3800F401CB047E;SP;Presidente Prudente;2023-06-15;2023-06-15;2;0,2190;Área do imóvel;IRU;Analisado, em conformidade com a Lei nº 12.651/2012;AT;4,8207
SP-3541406-B9C1B694CED5411DB01DC8154DD08353;SP;Presidente Prudente;2019-02-08;2022-12-01;1;4,0102;Área do imóvel;IRU;Aguardando análise;AT;88,2247
SP-3541406-B9CF8EFBB2204EB3B02CEC7A221BEBA7;SP;Presidente Prudente;2024-11-15;2024-11-19;0;0,0909;Área do imóvel;IRU;Analisado, aguardando atendimento a notificação;AT;2,0000
SP-3541406-B9EB1E5A702B40D6B648A16AB4C1B88F;SP;Presidente Prudente;2022-09-30;2023-09-10;9;4,6695;Área do imóvel;IRU;Aguardando análise;AT;102,8081
SP-3541406-BA247F3D6AEB49D68546C3F286B2880C;SP;Presidente Prudente;2023-04-01;2023-07-13;0;0,0929;Área do imóvel;IRU;Analisado, aguardando atendimento a notificação;AT;2,0445
SP-3541406-BA4042BB392B4644A7F0D84EAEBA414B;SP;Presidente Prudente;2025-07-31;2025-07-31;8;0,9646;Área do imóvel;IRU;Aguardando análise;AT;21,2211
SP-3541406-BA4ACC6CF2BD4139B2748D5A2B3A75AA;SP;Presidente Prudente;2024-10-04;2024-11-11;1;0,0772;Área do imóvel;IRU;Analisado, em conformidade com a Lei nº 12.651/2012;AT;1,7007
SP-3541406-BA70089699C14582A5DBA53EA2BF9CB7;SP;Presidente Prudente;2022-10-20;2023-09-01;1;0,8148;Área do imóvel;IRU;Aguardando análise, após revisão ou atendimento da notificação;AT;17,9396
SP-3541406-BA8057E0471449FB8785809D5C67B3D5;SP;Presidente Prudente;2025-08-05;2025-08-06;8;3,2338;Área do imóvel;IRU;Analisado, aguardando regularização ambiental (Lei nº 12.651/2012);AT;71,1445
SP-3541406-BAAC925B6BBA4A858D28136A9D30C575;SP;Presidente Prudente;2022-10-20;2023-02-15;1;0,5692;Área do imóvel;IRU;Analisado, aguardando atendimento a notificação;AT;12,5230
SP-3541406-BACEE5703D594E5486B6678A92038D91;SP;Presidente Prudente;2020-10-03;2022-12-01;0;1,4147;Área do imóvel;IRU;Analisado, aguardando atendimento a notificação;AT;31,1227
SP-3541406-BB2AA55EC4014FC683F59C0E7BB7AEB0;SP;Presidente Prudente;2025-06-23;2025-06-23;2;0,5487;Área do imóvel;IRU;Analisado, em conformidade com a Lei nº 12.651/2012, com ativos ambientais;AT;12,0797
SP-3541406-BB36D92A30824579951B26FF118F85A1;SP;Presidente Prudente;2025-07-01;2025-07-01;1;2,3770;Área do imóvel;IRU;Analisado, em conformidade com a Lei nº 12.651/2012, com ativos ambientais;AT;52,3346
SP-3541406-BB4851A36B8F4B2E9AD7B9FDE9AD2E82;SP;Presidente Prudente;2024-12-05;2024-12-06;1;0,0963;Área do imóvel;IRU;Analisado, em conformidade com a Lei nº 12.651/2012, com ativos ambientais;AT;2,1198
SP-3541406-BB763D6A581A45AF8C993D923AD6756F;SP;Presidente Prudente;2025-07-03;2025-07-03;1;1,6600;Área do imóvel;IRU;Analisado, aguardando regularização ambiental (Lei nº 12.651/2012);AT;36,5468
SP-3541406-BBA70379FEC045D88007CF39DFADCFB5;SP;Presidente Prudente;2025-03-18;2025-03-19;1;0,3138;Área do imóvel;IRU;Aguardando análise;AT;6,9090
SP-3541406-BBF718B51DC648D3A54B9613F7E4C9B3;SP;Presidente Prudente;2022-12-07;2023-09-10;3;0,7450;Área do imóvel;IRU;Aguardando análise, após revisão ou atendimento da notificação;AT;16,4030
SP-3541406-BCC42B41156842CDA27B71E2B48EE1E9;SP;Presidente Prudente;2024-12-04;2024-12-04;1;0,1421;Área do imóvel;IRU;Analisado, em conformidade com a Lei nº 12.651/2012;AT;3,1280
SP-3541406-BD25310C0D9F40ACA91F20A996E8AE31;SP;Presidente Prudente;2025-08-15;2025-08-19;2;0,6391;Área do imóvel;IRU;Analisado, em conformidade com a Lei nº 12.651/2012, com ativos ambientais;AT;14,0720
SP-3541406-BD2557FAE8C14BB996CD73FC351BE0BC;SP;Presidente Prudente;2025-07-08;2025-07-08;1;1,1266;Área do imóvel;IRU;Analisado, aguardando regularização ambiental (Lei nº 12.651/2012);AT;24,8033
SP-3541406-BD3C5935C1964DF496FBE492AE9E1835;SP;Presidente Prudente;2025-03-26;2025-04-23;1;0,5303;Área do imóvel;IRU;Analisado, em conformidade com a Lei nº 12.651/2012, com ativos ambientais;AT;11,6753
SP-3541406-BD9F03F01943427D80723C56ABCAD41E;SP;Presidente Prudente;2025-08-20;2025-09-06;3;0,1774;Área do imóvel;IRU;Aguardando análise;AT;3,9023
SP-3541406-BDB063BFD073449C940F50E828601BC5;SP;Presidente Prudente;2025-02-27;2025-02-27;2;0,5916;Área do imóvel;IRU;Analisado, em conformidade com a Lei nº 12.651/2012, com ativos ambientais;AT;13,0247
SP-3541406-BDC1902AEAAD4F5884AC981B837FCF71;SP;Presidente Prudente;2023-02-08;2023-03-08;0;0,1072;Área do imóvel;IRU;Analisado, em conformidade com a Lei nº 12.651/2012;AT;2,3584
SP-3541406-BDF44A96D8CD452F8A37BA284030E404;SP;Presidente Prudente;2023-06-19;2023-09-12;1;0,1312;Área do imóvel;IRU;Aguardando análise, após revisão ou atendimento da notificação;AT;2,8877
SP-3541406-BE022D34EA8C4921B4770B8B47453214;SP;Presidente Prudente;2025-05-10;2025-09-19;1;0,2146;Área do imóvel;IRU;Analisado, em conformidade com a Lei nº 12.651/2012;AT;4,7211
SP-3541406-BE33A16142694DE7A8A142C2E6345B64;SP;Presidente Prudente;2025-07-20;2025-07-21;5;3,8554;Área do imóvel;IRU;Aguardando análise;AT;84,8853
SP-3541406-BE3406E93BFA4851B0A52B26C5BAFF8B;SP;Presidente Prudente;2024-12-27;2025-01-23;1;0,1563;Área do imóvel;IRU;Analisado, em conformidade com a Lei nº 12.651/2012, com ativos ambientais;AT;3,4417
SP-3541406-BE39ABEB5E07472B87C3C99925125605;SP;Presidente Prudente;2025-03-26;2025-04-23;3;0,6119;Área do imóvel;IRU;Analisado, em conformidade com a Lei nº 12.651/2012, com ativos ambientais;AT;13,4713
SP-3541406-BE6FCF94512641889E8A580C0BC67172;SP;Presidente Prudente;2025-03-26;2025-04-23;1;0,9224;Área do imóvel;IRU;Analisado, aguardando regularização ambiental (Lei nº 12.651/2012);AT;20,3083
SP-3541406-BF1914EA3B314A74B16BC871977A3EF9;SP;Presidente Prudente;2017-12-15;2023-06-20;1;0,1957;Área do imóvel;IRU;Aguardando análise, após revisão ou atendimento da notificação;AT;4,3725
SP-3541406-BF1D4C9E43224EECB15465FCCC276B55;SP;Presidente Prudente;2025-06-22;2025-06-23;1;0,6297;Área do imóvel;IRU;Aguardando análise;AT;13,8628
SP-3541406-BF52DA2DFA764F5C9EE530977320A1AA;SP;Presidente Prudente;2025-08-17;2025-08-20;5;1,4190;Área do imóvel;IRU;Analisado, em conformidade com a Lei nº 12.651/2012, com ativos ambientais;AT;31,2413
SP-3541406-BFECDACE19AD4F5EA1D15401EBE64CDF;SP;Presidente Prudente;2025-08-07;2025-08-10;1;0,2647;Área do imóvel;IRU;Aguardando análise;AT;5,8234
SP-3541406-C0165EA9CAC346238123E49669C15041;SP;Presidente Prudente;2024-07-15;2024-07-16;1;0,0918;Área do imóvel;IRU;Analisado, em conformidade com a Lei nº 12.651/2012;AT;2,0202
SP-3541406-C027EBBD489049E18D2A23ECC102EDC9;SP;Presidente Prudente;2022-12-27;2023-09-11;5;1,0753;Área do imóvel;IRU;Aguardando análise;AT;23,6744
SP-3541406-C032753591F14FE4818E56F58DE47DD3;SP;Presidente Prudente;2022-12-26;2023-09-11;1;1,1643;Área do imóvel;IRU;Aguardando análise, após revisão ou atendimento da notificação;AT;25,6342
SP-3541406-C0383F0CBC504B48B3B2C55D748B1658;SP;Presidente Prudente;2021-05-09;2022-02-01;0;0,1114;Área do imóvel;IRU;Analisado, aguardando atendimento a notificação;AT;2,4513
SP-3541406-C03B3323478B4BE59934658DA9941954;SP;Presidente Prudente;2019-09-20;2023-09-08;0;0,4121;Área do imóvel;IRU;Aguardando análise;AT;9,0664
SP-3541406-C05709F3255B4EA1BA81FF21BD6802F7;SP;Presidente Prudente;2023-04-20;2023-09-11;1;0,4652;Área do imóvel;IRU;Aguardando análise, após revisão ou atendimento da notificação;AT;10,2418
SP-3541406-C0828FD31A6E49C3B7D8422283282587;SP;Presidente Prudente;2016-01-26;2022-12-01;1;6,3107;Área do imóvel;IRU;Analisado, aguardando atendimento a notificação;AT;139,5141
SP-3541406-C13C21E4BC944415AD80F95DD0FDBA9C;SP;Presidente Prudente;2023-10-03;2023-10-03;1;0,0958;Área do imóvel;IRU;Aguardando análise;AT;2,1077
SP-3541406-C17D5EF84D1B4B63AEB3ADDC83B2D85E;SP;Presidente Prudente;2024-11-15;2024-11-26;1;0,1524;Área do imóvel;IRU;Analisado, em conformidade com a Lei nº 12.651/2012;AT;3,3562
SP-3541406-C1A2F0D0A3044051917770E1DA623EAD;SP;Presidente Prudente;2023-08-01;2023-11-15;4;0,1892;Área do imóvel;IRU;Aguardando análise, após revisão ou atendimento da notificação;AT;4,1630
SP-3541406-C1C0CB2F98EC4DB384DDBDE57209505D;SP;Presidente Prudente;2023-02-09;2023-03-08;4;1,1291;Área do imóvel;IRU;Analisado, aguardando atendimento a notificação;AT;24,8408
SP-3541406-C1E6D03765DE4CAFAF696252240395DA;SP;Presidente Prudente;2024-11-14;2024-11-17;1;0,1820;Área do imóvel;IRU;Analisado, em conformidade com a Lei nº 12.651/2012, com ativos ambientais;AT;4,0061
SP-3541406-C224E8FCC2F54E82B7295018913CCF12;SP;Presidente Prudente;2019-09-19;2023-09-08;0;4,2706;Área do imóvel;IRU;Aguardando análise;AT;93,9523
SP-3541406-C22C7AF59E5347229A2D3E0B2BCB2E1F;SP;Presidente Prudente;2024-11-17;2024-11-25;1;0,1428;Área do imóvel;IRU;Analisado, em conformidade com a Lei nº 12.651/2012;AT;3,1438
SP-3541406-C2393F1EC8C04A3CB18DC3A418A92312;SP;Presidente Prudente;2023-06-20;2023-06-20;1;0,1911;Área do imóvel;IRU;Aguardando análise;AT;4,2078
SP-3541406-C34DA2A4D74F43E7B9EA6AE7532CF4E7;SP;Presidente Prudente;2024-09-02;2024-11-25;4;0,6926;Área do imóvel;IRU;Analisado, em conformidade com a Lei nº 12.651/2012;AT;15,2485
SP-3541406-C3738278015342E0B06853B7F6BFD4EA;SP;Presidente Prudente;2024-12-04;2024-12-04;1;1,3151;Área do imóvel;IRU;Analisado, em conformidade com a Lei nº 12.651/2012;AT;28,9537
SP-3541406-C3C904DCEAED4B479715170CBB8C595F;SP;Presidente Prudente;2025-07-21;2025-07-21;2;1,9131;Área do imóvel;IRU;Aguardando análise;AT;42,1211
SP-3541406-C3D0BD93DDA24D88A6139F408C529975;SP;Presidente Prudente;2019-08-24;2022-12-01;0;0,7689;Área do imóvel;IRU;Analisado, aguardando atendimento a notificação;AT;16,9158
SP-3541406-C3E04A69A59E4450ABEFCD22D4A5B8A8;SP;Presidente Prudente;2025-07-01;2025-07-02;1;0,4359;Área do imóvel;IRU;Analisado, em conformidade com a Lei nº 12.651/2012, com ativos ambientais;AT;9,5971
SP-3541406-C3E600412F6C48B492F72CB88DB81BCD;SP;Presidente Prudente;2025-07-22;2025-07-22;1;0,7279;Área do imóvel;IRU;Analisado, em conformidade com a Lei nº 12.651/2012, com ativos ambientais;AT;16,0272
SP-3541406-C3EFBABAB1EB416893CE81C81B1B4C36;SP;Presidente Prudente;2025-08-16;2025-08-19;1;3,7657;Área do imóvel;IRU;Aguardando análise;AT;82,9076
SP-3541406-C3F0A39608C84B12B72EBED3CB4C87F9;SP;Presidente Prudente;2024-04-25;2024-04-25;1;1,9064;Área do imóvel;IRU;Aguardando análise;AT;41,9729
SP-3541406-C40823AD226148C6A97F9722E3307E50;SP;Presidente Prudente;2024-09-25;2024-09-25;1;56,7965;Área do imóvel;IRU;Aguardando análise;AT;1249,5252
SP-3541406-C42A5E5B5C8B44CFBBDF2C45AB9251CA;SP;Presidente Prudente;2025-03-26;2025-05-07;1;2,5436;Área do imóvel;IRU;Analisado, aguardando regularização ambiental (Lei nº 12.651/2012);AT;56,0027
SP-3541406-C44AE4A9190942D28E693AC9C04370A8;SP;Presidente Prudente;2022-12-31;2023-09-11;1;0,6564;Área do imóvel;IRU;Aguardando análise, após revisão ou atendimento da notificação;AT;14,4530
SP-3541406-C44D9D410EAC40E7ADD72AD0FF6914C0;SP;Presidente Prudente;2022-12-29;2023-09-11;2;0,5011;Área do imóvel;IRU;Aguardando análise, após revisão ou atendimento da notificação;AT;11,0328
SP-3541406-C4CA6FB3B6BD4A8C9E700EDF52A6C78B;SP;Presidente Prudente;2023-10-09;2023-11-13;2;0,1454;Área do imóvel;IRU;Analisado, aguardando regularização ambiental (Lei nº 12.651/2012);AT;3,2009
SP-3541406-C4DF5CE6B9E0497B9A38FC4C399BC235;SP;Presidente Prudente;2024-12-02;2024-12-03;1;0,4639;Área do imóvel;IRU;Analisado, em conformidade com a Lei nº 12.651/2012, com ativos ambientais;AT;10,2059
SP-3541406-C4ED1BE600684CBB9750198E13FE4193;SP;Presidente Prudente;2022-12-27;2023-09-10;3;0,5068;Área do imóvel;IRU;Aguardando análise, após revisão ou atendimento da notificação;AT;11,1580
SP-3541406-C4F9F1B7E94B4EE2B5C61D1067C41E04;SP;Presidente Prudente;2023-01-24;2023-09-11;1;0,1099;Área do imóvel;IRU;Aguardando análise, após revisão ou atendimento da notificação;AT;2,4196
SP-3541406-C538B2BCD1E94326866A046D297BD802;SP;Presidente Prudente;2023-02-15;2023-08-31;1;0,1231;Área do imóvel;IRU;Analisado, aguardando regularização ambiental (Lei nº 12.651/2012);AT;2,7099
SP-3541406-C5749C4387F44A06BF0395513F350A73;SP;Presidente Prudente;2023-06-20;2023-07-13;0;0,0928;Área do imóvel;IRU;Analisado, aguardando atendimento a notificação;AT;2,0422
SP-3541406-C5811853C42842DCAE279DE6AED272B1;SP;Presidente Prudente;2025-05-07;2025-05-07;1;0,2015;Área do imóvel;IRU;Analisado, em conformidade com a Lei nº 12.651/2012, com ativos ambientais;AT;4,4359
SP-3541406-C5A6AC39744D48B88D52921BEFBA981D;SP;Presidente Prudente;2025-02-19;2025-02-19;3;3,4065;Área do imóvel;IRU;Aguardando análise;AT;74,9422
SP-3541406-C5DB28C583FE4715BBA50DCE864AEDBA;SP;Presidente Prudente;2015-03-05;2022-12-01;0;1,0325;Área do imóvel;IRU;Analisado, aguardando atendimento a notificação;AT;25,1763
SP-3541406-C5E84EC77DFA47C483EC0559CAECABDC;SP;Presidente Prudente;2025-06-26;2025-06-26;3;0,8055;Área do imóvel;IRU;Analisado, aguardando regularização ambiental (Lei nº 12.651/2012);AT;17,7347
SP-3541406-C61CE95684B743EFB5142810419BDE1C;SP;Presidente Prudente;2023-06-13;2023-09-12;1;0,1390;Área do imóvel;IRU;Aguardando análise, após revisão ou atendimento da notificação;AT;3,0608
SP-3541406-C656A498027E4EFEBBADB9978F4014C7;SP;Presidente Prudente;2015-06-26;2022-12-01;0;0,1125;Área do imóvel;IRU;Analisado, em conformidade com a Lei nº 12.651/2012;AT;2,4756
SP-3541406-C65CBE65DADB48F482FE4EA742503615;SP;Presidente Prudente;2023-10-18;2023-11-13;6;0,4360;Área do imóvel;IRU;Analisado, aguardando regularização ambiental (Lei nº 12.651/2012);AT;9,5920
SP-3541406-C66714A4CA57481792DCC639B25653D5;SP;Presidente Prudente;2022-08-10;2023-09-01;1;0,2363;Área do imóvel;IRU;Aguardando análise, após revisão ou atendimento da notificação;AT;5,1987
SP-3541406-C69B150751184B83AD08F8D290786716;SP;Presidente Prudente;2024-11-16;2024-11-25;1;0,0957;Área do imóvel;IRU;Analisado, em conformidade com a Lei nº 12.651/2012, com ativos ambientais;AT;2,1079
SP-3541406-C6BC475E7917488786CE1BEF626FB1C8;SP;Presidente Prudente;2022-11-06;2023-09-01;2;2,0537;Área do imóvel;IRU;Aguardando análise, após revisão ou atendimento da notificação;AT;45,2172
SP-3541406-C6E73F98A3044700BA62BABDAC1E25B6;SP;Presidente Prudente;2022-12-30;2023-09-11;2;0,2773;Área do imóvel;IRU;Aguardando análise, após revisão ou atendimento da notificação;AT;6,1058
SP-3541406-C6E79C3201BB4902BBE36CC015BDA6EF;SP;Presidente Prudente;2024-12-27;2025-01-23;1;0,4652;Área do imóvel;IRU;Analisado, aguardando regularização ambiental (Lei nº 12.651/2012);AT;10,2415
SP-3541406-C70AEC0C9D3E44BEAF6DFE230BFFC29C;SP;Presidente Prudente;2025-05-09;2025-05-22;2;0,5497;Área do imóvel;IRU;Analisado, em conformidade com a Lei nº 12.651/2012, com ativos ambientais;AT;12,1024
SP-3541406-C732E0AE58D3434C9C6AB22A7CAE15D9;SP;Presidente Prudente;2023-01-03;2023-05-12;7;0,9533;Área do imóvel;IRU;Aguardando análise;AT;20,9718
SP-3541406-C774F46FEAAD4F11948E955908DA1B26;SP;Presidente Prudente;2025-06-19;2025-06-19;1;0,6480;Área do imóvel;IRU;Analisado, aguardando regularização ambiental (Lei nº 12.651/2012);AT;14,2668
SP-3541406-C7ADC762668B431CB375BD0DBFC95F11;SP;Presidente Prudente;2023-11-09;2023-11-09;2;0,3290;Área do imóvel;IRU;Aguardando análise;AT;7,2435
SP-3541406-C80F81D0533A493AB6CA63D8ECD7B619;SP;Presidente Prudente;2024-12-27;2025-01-23;2;0,1102;Área do imóvel;IRU;Analisado, em conformidade com a Lei nº 12.651/2012, com ativos ambientais;AT;2,4271
SP-3541406-C8233286EC0245748590794E663B28B6;SP;Presidente Prudente;2024-11-13;2024-11-19;1;1,0910;Área do imóvel;IRU;Analisado, aguardando atendimento a notificação;AT;24,0024
SP-3541406-C848D33A1BE641EA9AA6F3EA239BF362;SP;Presidente Prudente;2022-10-13;2023-09-01;1;1,6926;Área do imóvel;IRU;Aguardando análise, após revisão ou atendimento da notificação;AT;37,2663
SP-3541406-C85AD81D24F0443F8425AF2ECE2104D4;SP;Presidente Prudente;2025-05-16;2025-05-16;1;0,5553;Área do imóvel;IRU;Aguardando análise;AT;12,2161
SP-3541406-C8B6578B5EF546B38461357A4C461B58;SP;Presidente Prudente;2025-03-11;2025-03-12;1;0,7420;Área do imóvel;IRU;Analisado, aguardando atendimento a notificação;AT;16,3357
SP-3541406-C8E57F87DDD4452FA870F79BD2686DAC;SP;Presidente Prudente;2025-02-27;2025-02-27;1;1,7529;Área do imóvel;IRU;Analisado, aguardando regularização ambiental (Lei nº 12.651/2012);AT;38,5945
SP-3541406-C91E8E6275954AE1922200682B5F1B8F;SP;Presidente Prudente;2025-07-08;2026-07-22;1;0,2508;Área do imóvel;IRU;Aguardando análise;AT;5,5216
SP-3541406-C91F8B41010B4E119194094974D65458;SP;Presidente Prudente;2024-11-17;2024-12-23;3;1,9738;Área do imóvel;IRU;Aguardando análise, após revisão ou atendimento da notificação;AT;43,4577
SP-3541406-C9418296A20C4920B61F7446CBEF0E8F;SP;Presidente Prudente;2023-07-29;2023-07-29;1;0,8724;Área do imóvel;IRU;Aguardando análise;AT;19,2077
SP-3541406-C947599BF206427FAC4087E7E967F412;SP;Presidente Prudente;2023-05-09;2023-09-11;1;1,1678;Área do imóvel;IRU;Aguardando análise, após revisão ou atendimento da notificação;AT;25,7119
SP-3541406-C9CA7CA6180D407AB8FA7BA25C9C8F69;SP;Presidente Prudente;2024-12-27;2025-01-23;1;0,0923;Área do imóvel;IRU;Analisado, aguardando atendimento a notificação;AT;2,0324
SP-3541406-C9CB74C0A58D4287B200B7BFD1C14BAE;SP;Presidente Prudente;2015-09-25;2022-12-01;0;1,6956;Área do imóvel;IRU;Analisado, aguardando atendimento a notificação;AT;37,3028
SP-3541406-C9D233E090654B7597DE550B67512A2E;SP;Presidente Prudente;2016-08-15;2023-01-20;0;0,0967;Área do imóvel;IRU;Aguardando análise, após revisão ou atendimento da notificação;AT;2,2710
SP-3541406-C9D70A5346BF46239A8DA643945CE5F5;SP;Presidente Prudente;2023-06-13;2023-06-20;1;1,5365;Área do imóvel;IRU;Aguardando análise, após revisão ou atendimento da notificação;AT;33,8290
SP-3541406-C9DE08D5DED14D1686D4CF799A004293;SP;Presidente Prudente;2025-07-26;2025-07-26;4;1,1951;Área do imóvel;IRU;Analisado, em conformidade com a Lei nº 12.651/2012, com ativos ambientais;AT;26,2913
SP-3541406-C9DFA379269A4951A8202E2F4807BCCD;SP;Presidente Prudente;2016-08-26;2022-12-01;0;4,3543;Área do imóvel;IRU;Analisado, aguardando atendimento a notificação;AT;95,9624
SP-3541406-C9E4D5C8D8C744AB9F7A5E487E73FD65;SP;Presidente Prudente;2024-07-14;2024-07-16;1;0,1047;Área do imóvel;IRU;Analisado, em conformidade com a Lei nº 12.651/2012;AT;2,3041
SP-3541406-CA11BAD16FFC44D0ABA7B0C76382AA17;SP;Presidente Prudente;2025-06-22;2025-06-23;1;0,6397;Área do imóvel;IRU;Aguardando análise;AT;14,0844
SP-3541406-CA6221ACB9A349FFA5DBA7F06C0D1898;SP;Presidente Prudente;2025-03-07;2025-03-11;4;0,5552;Área do imóvel;IRU;Analisado, em conformidade com a Lei nº 12.651/2012, com ativos ambientais;AT;12,2135
SP-3541406-CB7B99F2BB7B45D085A8D2E249C71F5E;SP;Presidente Prudente;2014-11-22;2022-12-01;0;0,3113;Área do imóvel;IRU;Analisado, aguardando atendimento a notificação;AT;6,8479
SP-3541406-CB8B36DAD7DA4C64A3089AAC5528778E;SP;Presidente Prudente;2024-10-04;2024-11-11;1;0,1477;Área do imóvel;IRU;Analisado, em conformidade com a Lei nº 12.651/2012;AT;3,2517
SP-3541406-CB8B7C00FCEC4F248B6A37D819F984D1;SP;Presidente Prudente;2025-04-01;2025-04-01;1;1,2411;Área do imóvel;IRU;Aguardando análise;AT;27,3264
SP-3541406-CB94C89F64004EF2B71301BD7097DAA8;SP;Presidente Prudente;2024-11-17;2024-11-25;1;0,0557;Área do imóvel;IRU;Analisado, em conformidade com a Lei nº 12.651/2012;AT;1,2266
SP-3541406-CBA724BC07A14F8499C229E9C70B323A;SP;Presidente Prudente;2025-03-01;2025-03-03;1;0,1711;Área do imóvel;IRU;Analisado, em conformidade com a Lei nº 12.651/2012, com ativos ambientais;AT;3,7669
SP-3541406-CBCC1DBF6D7E4B59806B71B1DC8F28BC;SP;Presidente Prudente;2025-07-02;2025-07-02;1;1,1018;Área do imóvel;IRU;Analisado, em conformidade com a Lei nº 12.651/2012, com ativos ambientais;AT;24,2594
SP-3541406-CBD00D76D7FA4F5C9892DC2EEECC2112;SP;Presidente Prudente;2023-02-08;2023-08-31;2;0,9187;Área do imóvel;IRU;Analisado, aguardando regularização ambiental (Lei nº 12.651/2012);AT;20,2263
SP-3541406-CC09A913B2AB4B9285DAE70418AC79A5;SP;Presidente Prudente;2016-03-20;2022-12-01;0;0,2614;Área do imóvel;IRU;Analisado, aguardando atendimento a notificação;AT;5,7515
SP-3541406-CC618416AA4644B895FC05C9CCE08EA6;SP;Presidente Prudente;2024-07-20;2024-08-14;1;0,2672;Área do imóvel;IRU;Analisado, em conformidade com a Lei nº 12.651/2012;AT;5,8826
SP-3541406-CCD0440C8F6B4F59AA1E0FE1F559042E;SP;Presidente Prudente;2024-11-13;2024-11-19;1;0,6316;Área do imóvel;IRU;Analisado, aguardando atendimento a notificação;AT;13,8942
SP-3541406-CD0535ADDE934F2D89BD3FE073E9EC3A;SP;Presidente Prudente;2025-07-22;2025-07-22;1;0,4623;Área do imóvel;IRU;Aguardando análise;AT;10,1783
SP-3541406-CD0DEFFC910745AE8BF443B4BF54B224;SP;Presidente Prudente;2024-05-20;2024-05-20;1;0,5372;Área do imóvel;IRU;Aguardando análise;AT;11,8284
SP-3541406-CD127EBAAE6C45A8AC89D1B3F9DB2B0F;SP;Presidente Prudente;2025-03-15;2025-03-15;2;0,1202;Área do imóvel;IRU;Analisado, em conformidade com a Lei nº 12.651/2012, com ativos ambientais;AT;2,6475
SP-3541406-CD18F0A71D01481AB6EC59335F955B7D;SP;Presidente Prudente;2025-02-10;2025-12-11;1;1,7802;Área do imóvel;IRU;Em análise;AT;39,1945
SP-3541406-CD38AFE98D524816A862C0764B68891F;SP;Presidente Prudente;2025-08-13;2025-08-17;1;0,7764;Área do imóvel;IRU;Analisado, em conformidade com a Lei nº 12.651/2012, com ativos ambientais;AT;17,0928
SP-3541406-CD4C1DBB75DD43489C15CB42001AB478;SP;Presidente Prudente;2024-08-19;2024-08-24;1;0,1421;Área do imóvel;IRU;Analisado, em conformidade com a Lei nº 12.651/2012;AT;3,1284
SP-3541406-CD620F1AF2484ED18F80D19E00BFAB90;SP;Presidente Prudente;2024-10-05;2024-11-11;1;0,1579;Área do imóvel;IRU;Analisado, em conformidade com a Lei nº 12.651/2012;AT;3,4773
SP-3541406-CD8606B791F44CACA74B0A2D956D86CF;SP;Presidente Prudente;2023-01-31;2023-09-11;2;2,1668;Área do imóvel;IRU;Aguardando análise, após revisão ou atendimento da notificação;AT;47,7071
SP-3541406-CDF9FB0B2D314680ACDCFDF424291F93;SP;Presidente Prudente;2023-08-01;2023-08-01;0;6,8379;Área do imóvel;IRU;Aguardando análise;AT;150,4343
SP-3541406-CE5FC8FD95914CAE900826FC08AB1D04;SP;Presidente Prudente;2023-05-09;2023-09-11;2;0,2554;Área do imóvel;IRU;Aguardando análise, após revisão ou atendimento da notificação;AT;5,6237
SP-3541406-CE68EBBC10684A029A7DC6CE7F9336E2;SP;Presidente Prudente;2024-11-14;2024-11-25;1;0,0979;Área do imóvel;IRU;Analisado, aguardando regularização ambiental (Lei nº 12.651/2012);AT;2,1555
SP-3541406-CE71B936827B43E69DFC6CE0A950D6E4;SP;Presidente Prudente;2020-03-16;2023-09-08;3;12,5060;Área do imóvel;IRU;Aguardando análise;AT;275,1318
SP-3541406-CE7BBC3C71EB4442AE40B3574DA1B1C9;SP;Presidente Prudente;2023-08-24;2023-09-12;1;1,0278;Área do imóvel;IRU;Analisado, aguardando atendimento a notificação;AT;22,6280
SP-3541406-CE7C574B93994B68A92BFD255478D87A;SP;Presidente Prudente;2016-08-23;2022-12-01;0;3,5351;Área do imóvel;IRU;Analisado, aguardando atendimento a notificação;AT;77,9682
SP-3541406-CE859E67D2E74B83B927EA4387CCB1F7;SP;Presidente Prudente;2025-06-29;2025-06-30;1;0,6745;Área do imóvel;IRU;Analisado, em conformidade com a Lei nº 12.651/2012, com ativos ambientais;AT;14,8507
SP-3541406-CE9AF054016147D5B8CAD7C7A40FC16A;SP;Presidente Prudente;2025-07-27;2025-07-27;4;1,7564;Área do imóvel;IRU;Aguardando análise;AT;38,6402
SP-3541406-CEB53183E7C04D6C8E8AC08022529E0C;SP;Presidente Prudente;2023-06-19;2023-09-12;1;0,4633;Área do imóvel;IRU;Aguardando análise, após revisão ou atendimento da notificação;AT;10,2010
SP-3541406-CEE148BF4454421A9F856986A072BC8B;SP;Presidente Prudente;2023-03-01;2023-03-01;2;0,2655;Área do imóvel;IRU;Analisado, em conformidade com a Lei nº 12.651/2012;AT;5,8445
SP-3541406-CF428AC08A3645B0B5C159961DCD9F93;SP;Presidente Prudente;2023-06-20;2023-06-20;1;0,4434;Área do imóvel;IRU;Aguardando análise;AT;9,7615
SP-3541406-CF6B25006FD64DC8AC626EE72CA0BFB2;SP;Presidente Prudente;2025-03-17;2025-03-17;1;1,5720;Área do imóvel;IRU;Aguardando análise;AT;34,5843
SP-3541406-CF6BBCE7071A4AA48A4B766EA644244D;SP;Presidente Prudente;2024-11-15;2024-11-26;1;0,1056;Área do imóvel;IRU;Analisado, em conformidade com a Lei nº 12.651/2012, com ativos ambientais;AT;2,3239
SP-3541406-CFA7755E59D141C1AA26DCD58DCF8EBD;SP;Presidente Prudente;2024-09-04;2024-11-25;2;0,2829;Área do imóvel;IRU;Analisado, em conformidade com a Lei nº 12.651/2012;AT;17,7782
SP-3541406-CFA9F402383140E88C91430F52ABAD82;SP;Presidente Prudente;2025-06-20;2025-06-20;1;1,9192;Área do imóvel;IRU;Analisado, aguardando regularização ambiental (Lei nº 12.651/2012);AT;42,2557
SP-3541406-D0083E95DA914A1F8E32B517E641D040;SP;Presidente Prudente;2024-11-17;2024-11-25;1;0,0635;Área do imóvel;IRU;Analisado, em conformidade com a Lei nº 12.651/2012, com ativos ambientais;AT;1,3986
SP-3541406-D00A2B2C9BCB4957855D22C8376E7780;SP;Presidente Prudente;2022-10-03;2023-09-01;1;2,3595;Área do imóvel;IRU;Aguardando análise, após revisão ou atendimento da notificação;AT;51,9482
SP-3541406-D01955ADE6B448628EE1687A42BD6EBA;SP;Presidente Prudente;2025-07-25;2025-07-25;1;0,3331;Área do imóvel;IRU;Aguardando análise;AT;7,3338
SP-3541406-D02375B8907E4A87A429F42A792FB96F;SP;Presidente Prudente;2025-03-26;2025-04-23;1;0,3822;Área do imóvel;IRU;Analisado, em conformidade com a Lei nº 12.651/2012, com ativos ambientais;AT;8,4141
SP-3541406-D02739FB9C2A4B51B1ADB7D03B705CC4;SP;Presidente Prudente;2025-05-10;2025-05-10;1;0,5776;Área do imóvel;IRU;Analisado, em conformidade com a Lei nº 12.651/2012, com ativos ambientais;AT;12,7162
SP-3541406-D03FF3FD80394E37B39588F6F636CBA3;SP;Presidente Prudente;2023-09-06;2023-11-18;2;1,7381;Área do imóvel;IRU;Analisado, aguardando atendimento a notificação;AT;38,2393
SP-3541406-D0414187E2C6488FA5DE043F4FAAFB41;SP;Presidente Prudente;2025-02-27;2025-07-15;1;0,5008;Área do imóvel;IRU;Analisado, em conformidade com a Lei nº 12.651/2012, com ativos ambientais;AT;11,0259
SP-3541406-D05F4183B14D4F2195AA44A9C1F2998C;SP;Presidente Prudente;2020-12-30;2022-12-01;0;0,3130;Área do imóvel;IRU;Analisado, aguardando atendimento a notificação;AT;6,8855
SP-3541406-D06D480B64D24C009F116C45B9BDCEEA;SP;Presidente Prudente;2023-09-29;2023-09-29;2;0,6513;Área do imóvel;IRU;Aguardando análise;AT;14,3397
SP-3541406-D09A5DDDF8C7494B9FAE0D2867878796;SP;Presidente Prudente;2017-12-15;2022-12-01;1;0,1370;Área do imóvel;IRU;Analisado, aguardando atendimento a notificação;AT;3,0149
SP-3541406-D0B1C6B6758447E48543279C4E528BD3;SP;Presidente Prudente;2024-12-04;2024-12-19;1;0,3256;Área do imóvel;IRU;Analisado, em conformidade com a Lei nº 12.651/2012, com ativos ambientais;AT;7,1683
SP-3541406-D0DFA6122F114EB6ADD5181969161E43;SP;Presidente Prudente;2022-08-04;2023-09-01;1;2,6507;Área do imóvel;IRU;Aguardando análise, após revisão ou atendimento da notificação;AT;58,3606
SP-3541406-D12C756CC0F3422EA2C7BDB7C0531808;SP;Presidente Prudente;2023-03-20;2023-11-17;2;0,4976;Área do imóvel;IRU;Analisado, aguardando atendimento a notificação;AT;10,9482
SP-3541406-D12F8AA2FEAE412CAD0871C5A6EF9C8A;SP;Presidente Prudente;2022-01-04;2022-12-01;0;0,6007;Área do imóvel;IRU;Analisado, aguardando atendimento a notificação;AT;13,2151
SP-3541406-D13EDD9468674724BAC2471F24144FBD;SP;Presidente Prudente;2023-05-09;2023-09-11;1;0,2145;Área do imóvel;IRU;Aguardando análise, após revisão ou atendimento da notificação;AT;4,7233
SP-3541406-D152565112B14F62B5EDA221FE703C13;SP;Presidente Prudente;2025-03-07;2025-03-11;0;0,8192;Área do imóvel;IRU;Analisado, em conformidade com a Lei nº 12.651/2012;AT;18,0218
SP-3541406-D1598EA6A2314D638E36F26D72B80EB5;SP;Presidente Prudente;2024-04-23;2024-04-23;1;0,5152;Área do imóvel;IRU;Aguardando análise;AT;11,3423
SP-3541406-D183144DF74343E1AEF012DA45DC48E7;SP;Presidente Prudente;2024-10-09;2024-11-11;2;7,9335;Área do imóvel;IRU;Analisado, aguardando atendimento a notificação;AT;174,5371
SP-3541406-D1903AA77AAC4969B61F89457869E098;SP;Presidente Prudente;2025-02-28;2025-03-05;0;0,1286;Área do imóvel;IRU;Analisado, em conformidade com a Lei nº 12.651/2012;AT;2,8287
SP-3541406-D1925E9D24F94A9982EB4FA17C483110;SP;Presidente Prudente;2023-05-09;2023-09-11;2;2,2086;Área do imóvel;IRU;Aguardando análise, após revisão ou atendimento da notificação;AT;48,6272
SP-3541406-D1CE41268698428996FD11D65041126B;SP;Presidente Prudente;2025-03-26;2025-04-23;1;0,5430;Área do imóvel;IRU;Analisado, em conformidade com a Lei nº 12.651/2012, com ativos ambientais;AT;11,9557
SP-3541406-D1E6FAF34C034A1EA1DD0756FAD7B36C;SP;Presidente Prudente;2025-05-16;2025-05-16;3;1,7122;Área do imóvel;IRU;Analisado, aguardando regularização ambiental (Lei nº 12.651/2012);AT;37,6680
SP-3541406-D27481E3DF884F6FB2171E698AA40DEA;SP;Presidente Prudente;2024-11-16;2024-11-25;1;0,0952;Área do imóvel;IRU;Analisado, em conformidade com a Lei nº 12.651/2012, com ativos ambientais;AT;2,0970
SP-3541406-D27CAA0B940840B186580A8EECB0FE7D;SP;Presidente Prudente;2023-02-02;2023-09-11;4;2,0033;Área do imóvel;IRU;Aguardando análise, após revisão ou atendimento da notificação;AT;44,1062
SP-3541406-D2DB02EF2AEF4A17BA01F57FD214DB05;SP;Presidente Prudente;2024-04-19;2024-05-08;0;0,0061;Área do imóvel;IRU;Analisado, em conformidade com a Lei nº 12.651/2012;AT;0,1342
SP-3541406-D33461E8AB0E4C51A1AA5014CD02A883;SP;Presidente Prudente;2025-03-11;2025-03-12;1;0,3158;Área do imóvel;IRU;Analisado, em conformidade com a Lei nº 12.651/2012, com ativos ambientais;AT;7,1864
SP-3541406-D35F92AE57244152960EF96194C1B229;SP;Presidente Prudente;2014-11-25;2022-12-01;0;0,5930;Área do imóvel;IRU;Analisado, aguardando atendimento a notificação;AT;13,0463
SP-3541406-D3601F534A564FADBD24268053EFD87A;SP;Presidente Prudente;2023-07-29;2023-07-29;1;1,0091;Área do imóvel;IRU;Aguardando análise;AT;22,2172
SP-3541406-D39B7F96156440E2A636792BC39B1EEE;SP;Presidente Prudente;2025-08-16;2025-08-19;2;2,8608;Área do imóvel;IRU;Analisado, em conformidade com a Lei nº 12.651/2012, com ativos ambientais;AT;62,9854
SP-3541406-D3ADA3A0B9AD445A8124C61501A85CC8;SP;Presidente Prudente;2023-05-16;2023-09-12;2;0,9420;Área do imóvel;IRU;Aguardando análise, após revisão ou atendimento da notificação;AT;20,7393
SP-3541406-D3C8B04A9437485391F7DEC7A7C1A87E;SP;Presidente Prudente;2023-10-26;2023-10-26;1;1,7660;Área do imóvel;IRU;Aguardando análise;AT;38,8946
SP-3541406-D3ECE08193B74FC391BAFCDCF132722E;SP;Presidente Prudente;2015-06-26;2022-12-01;0;0,1138;Área do imóvel;IRU;Analisado, aguardando atendimento a notificação;AT;2,5033
SP-3541406-D3F82E143EF0449AB399ECB71B47BF5B;SP;Presidente Prudente;2024-11-26;2024-12-23;1;0,2815;Área do imóvel;IRU;Analisado, em conformidade com a Lei nº 12.651/2012, com ativos ambientais;AT;6,1977
SP-3541406-D43027C4CC11477F9D0E53C4BFFBAE8A;SP;Presidente Prudente;2024-11-16;2024-11-26;1;0,6069;Área do imóvel;IRU;Analisado, em conformidade com a Lei nº 12.651/2012;AT;13,3621
SP-3541406-D442C1B77FD44A389D73B65CDF8BA27A;SP;Presidente Prudente;2025-06-24;2025-06-26;0;2,0804;Área do imóvel;IRU;Analisado, aguardando atendimento a notificação;AT;45,7683
SP-3541406-D47522FD0CAA4D36A175C55268DABD39;SP;Presidente Prudente;2024-09-06;2024-12-23;2;0,5383;Área do imóvel;IRU;Aguardando análise, após revisão ou atendimento da notificação;AT;11,8526
SP-3541406-D48A5952D2294F48B39A19CBCC48E01E;SP;Presidente Prudente;2025-02-27;2025-02-27;1;0,3798;Área do imóvel;IRU;Analisado, aguardando regularização ambiental (Lei nº 12.651/2012);AT;8,3626
SP-3541406-D49CB3B735AB4B1B8EBB0FD7A65DD683;SP;Presidente Prudente;2025-03-26;2025-05-07;2;0,5678;Área do imóvel;IRU;Analisado, em conformidade com a Lei nº 12.651/2012, com ativos ambientais;AT;12,5009
SP-3541406-D4BBD6197B3B415F96B2EECBE81562BE;SP;Presidente Prudente;2025-07-01;2025-07-02;3;1,1844;Área do imóvel;IRU;Analisado, aguardando regularização ambiental (Lei nº 12.651/2012);AT;26,0756
SP-3541406-D50FE52E309C4651A1D192B523C2BE71;SP;Presidente Prudente;2024-11-10;2024-11-15;2;0,5290;Área do imóvel;IRU;Analisado, em conformidade com a Lei nº 12.651/2012, com ativos ambientais;AT;11,6477
SP-3541406-D511478CD40F441FB9C6AE159C44E43F;SP;Presidente Prudente;2023-06-21;2023-11-17;2;0,2037;Área do imóvel;IRU;Analisado, em conformidade com a Lei nº 12.651/2012;AT;4,4806
SP-3541406-D514D8B1899D4F6DBC283E1B121C0F90;SP;Presidente Prudente;2024-11-14;2024-11-25;1;0,1008;Área do imóvel;IRU;Analisado, aguardando regularização ambiental (Lei nº 12.651/2012);AT;2,2197
SP-3541406-D51B8E8AF60C43228C802F4C74C4D1AF;SP;Presidente Prudente;2019-04-10;2022-12-01;1;1,8400;Área do imóvel;IRU;Aguardando análise;AT;40,4797
SP-3541406-D53507D2652743A7ACA6A0FF458601DE;SP;Presidente Prudente;2016-08-26;2025-10-24;0;0,1319;Área do imóvel;IRU;Analisado, aguardando atendimento a notificação;AT;2,9023
SP-3541406-D536825278994655BA68A12F7C57ABED;SP;Presidente Prudente;2023-03-20;2023-03-31;0;0,0909;Área do imóvel;IRU;Analisado, em conformidade com a Lei nº 12.651/2012;AT;2,0002
SP-3541406-D552A0D91FDB4383A0B454C524DD2CA4;SP;Presidente Prudente;2023-01-03;2025-07-31;5;2,5254;Área do imóvel;IRU;Analisado, aguardando regularização ambiental (Lei nº 12.651/2012);AT;55,5597
SP-3541406-D5534471861B47E088106B58420D8D9B;SP;Presidente Prudente;2025-08-01;2025-08-01;4;2,8732;Área do imóvel;IRU;Aguardando análise;AT;63,2101
SP-3541406-D55BEBCC10984969A8B0C9A4D609ADF0;SP;Presidente Prudente;2017-05-29;2022-12-01;0;0,3696;Área do imóvel;IRU;Analisado, aguardando atendimento a notificação;AT;8,3390
SP-3541406-D587E63FDA2E4C6AB7F035EA8CCD99D0;SP;Presidente Prudente;2025-02-27;2025-02-27;2;0,5115;Área do imóvel;IRU;Aguardando análise;AT;11,2623
SP-3541406-D5ACAEB172ED4F2A916E2311CC06A5AA;SP;Presidente Prudente;2024-11-17;2024-11-19;0;0,5010;Área do imóvel;IRU;Analisado, aguardando atendimento a notificação;AT;11,0231
SP-3541406-D5B48FAC5E5B4DD799CEA55A4916D9F5;SP;Presidente Prudente;2025-02-27;2025-02-27;2;0,6499;Área do imóvel;IRU;Aguardando análise;AT;14,3095
SP-3541406-D600575D70F74DBCA776C80B822A4DC7;SP;Presidente Prudente;2025-07-16;2026-08-13;1;3,8311;Área do imóvel;IRU;Aguardando análise;AT;84,3482
SP-3541406-D61115CC28DF4A0099BF13F7D5349DCB;SP;Presidente Prudente;2024-10-04;2024-11-11;2;0,2652;Área do imóvel;IRU;Analisado, em conformidade com a Lei nº 12.651/2012;AT;5,8393
SP-3541406-D67975E3F0E44F07AFB4FD887AC4749C;SP;Presidente Prudente;2015-11-21;2023-01-20;0;0,0969;Área do imóvel;IRU;Aguardando análise, após revisão ou atendimento da notificação;AT;2,1778
SP-3541406-D68627E0228B4A1F8111FEBE966E21A7;SP;Presidente Prudente;2025-06-23;2025-06-24;0;2,1283;Área do imóvel;IRU;Analisado, aguardando atendimento a notificação;AT;46,8222
SP-3541406-D6A15A0465194FBA86387201D25CCCF0;SP;Presidente Prudente;2025-06-19;2025-06-19;3;0,7695;Área do imóvel;IRU;Analisado, em conformidade com a Lei nº 12.651/2012;AT;16,9416
SP-3541406-D70B635550614B15B6B5B7D9ADEFC04D;SP;Presidente Prudente;2025-06-18;2025-06-18;1;0,5201;Área do imóvel;IRU;Analisado, em conformidade com a Lei nº 12.651/2012, com ativos ambientais;AT;11,4509
SP-3541406-D73D263146E840528AAEA380534F9B98;SP;Presidente Prudente;2020-03-05;2023-09-08;1;5,5000;Área do imóvel;IRU;Aguardando análise;AT;121,0005
SP-3541406-D73E7A70CA484EFF9C03B74E6BF10F9F;SP;Presidente Prudente;2023-10-18;2023-11-18;2;1,2145;Área do imóvel;IRU;Aguardando análise, após revisão ou atendimento da notificação;AT;26,7195
SP-3541406-D761D80750B348CD95EB2D1BB6DF96E0;SP;Presidente Prudente;2025-05-17;2025-05-17;1;0,1934;Área do imóvel;IRU;Aguardando análise;AT;4,2543
SP-3541406-D7A9E78C5640471FB30DBEBC8F8F0B5E;SP;Presidente Prudente;2025-06-24;2025-06-24;2;0,4784;Área do imóvel;IRU;Aguardando análise;AT;10,5330
SP-3541406-D7C2B78B8E2C47A78906297F042C727E;SP;Presidente Prudente;2024-08-06;2024-10-30;0;0,1013;Área do imóvel;IRU;Analisado, aguardando atendimento a notificação;AT;2,2286
SP-3541406-D7E284F6CD234DD68715B6C701D98C64;SP;Presidente Prudente;2025-03-20;2025-03-21;1;0,4546;Área do imóvel;IRU;Aguardando análise;AT;10,0093
SP-3541406-D84920DA7D5D4BE4A792BBB0A4FB8734;SP;Presidente Prudente;2023-01-27;2023-06-16;2;0,7143;Área do imóvel;IRU;Aguardando análise, após revisão ou atendimento da notificação;AT;15,7273
SP-3541406-D84921A08ACA4C9A883C6922C8B26F5C;SP;Presidente Prudente;2016-08-06;2023-09-06;0;11,0286;Área do imóvel;IRU;Aguardando análise;AT;242,6294
SP-3541406-D889D73502904216BC3C5D3274B7F6A4;SP;Presidente Prudente;2025-07-01;2025-07-02;3;0,7775;Área do imóvel;IRU;Analisado, em conformidade com a Lei nº 12.651/2012, com ativos ambientais;AT;17,1052
SP-3541406-D89392BF85BD41B6A57876C06DF2EE6C;SP;Presidente Prudente;2025-02-27;2025-02-27;2;0,1842;Área do imóvel;IRU;Aguardando análise;AT;4,0551
SP-3541406-D8B2308895E7480DB1A52E3F185B18D1;SP;Presidente Prudente;2023-07-12;2023-09-12;2;0,0910;Área do imóvel;IRU;Aguardando análise, após revisão ou atendimento da notificação;AT;2,0033
SP-3541406-D9134005B1B24782A40F751D789BA05F;SP;Presidente Prudente;2024-11-15;2024-11-18;1;0,1057;Área do imóvel;IRU;Analisado, em conformidade com a Lei nº 12.651/2012, com ativos ambientais;AT;2,3262
SP-3541406-D956DF076027411EAAB43A496D8D948E;SP;Presidente Prudente;2024-11-15;2024-11-19;0;0,1656;Área do imóvel;IRU;Analisado, em conformidade com a Lei nº 12.651/2012;AT;3,6427
SP-3541406-D95C784993274C2BB222D144046D2260;SP;Presidente Prudente;2025-07-03;2025-07-04;1;0,9108;Área do imóvel;IRU;Analisado, aguardando regularização ambiental (Lei nº 12.651/2012);AT;20,0530
SP-3541406-D9A03ABAFE0A4268B96AFFE61FF0ECD8;SP;Presidente Prudente;2024-11-17;2024-11-25;1;0,2641;Área do imóvel;IRU;Analisado, em conformidade com a Lei nº 12.651/2012;AT;5,8156
SP-3541406-D9AA3C99C73B404786C5CACFB25D1D5A;SP;Presidente Prudente;2024-07-20;2024-10-30;0;0,0907;Área do imóvel;IRU;Analisado, aguardando atendimento a notificação;AT;1,9957
SP-3541406-D9C23338E727430EBDEFF577E6AFA589;SP;Presidente Prudente;2016-08-07;2022-12-01;0;0,1248;Área do imóvel;IRU;Analisado, aguardando atendimento a notificação;AT;2,7604
SP-3541406-D9F43861791D4A4C8423C313BA88D3F4;SP;Presidente Prudente;2025-06-23;2025-06-23;3;0,2111;Área do imóvel;IRU;Aguardando análise;AT;4,6438
SP-3541406-DA6E3C7DC8534061BB45897D175FB7DB;SP;Presidente Prudente;2024-07-20;2025-01-27;1;0,1358;Área do imóvel;IRU;Analisado, aguardando atendimento a notificação;AT;2,9899
SP-3541406-DA8BA33AFAD84D579E9A06FA1E2CA7DE;SP;Presidente Prudente;2025-03-18;2025-03-19;1;0,5000;Área do imóvel;IRU;Aguardando análise;AT;11,0092
SP-3541406-DA8FE52058C44E15AA92EADE5677B50A;SP;Presidente Prudente;2018-04-02;2022-12-01;0;0,4549;Área do imóvel;IRU;Analisado, aguardando atendimento a notificação;AT;10,0080
SP-3541406-DACE2F65A9D24E2E84632658E87ACB33;SP;Presidente Prudente;2023-09-20;2023-09-20;1;0,7100;Área do imóvel;IRU;Aguardando análise;AT;15,6307
SP-3541406-DB271237BE614A1DA34B9CC73A0F90A8;SP;Presidente Prudente;2022-09-30;2023-09-01;1;0,0303;Área do imóvel;IRU;Aguardando análise, após revisão ou atendimento da notificação;AT;0,6676
SP-3541406-DB7DC7326BE04476BEAFAB1140B10EB6;SP;Presidente Prudente;2021-05-20;2022-02-01;6;3,3321;Área do imóvel;IRU;Analisado, aguardando atendimento a notificação;AT;73,3054
SP-3541406-DBFA894214CB47C4A61232C6CED7F379;SP;Presidente Prudente;2025-06-26;2025-06-26;3;0,1626;Área do imóvel;IRU;Analisado, em conformidade com a Lei nº 12.651/2012;AT;3,5798
SP-3541406-DBFBD0C649D340F88BE1E21EA17FCCEA;SP;Presidente Prudente;2025-08-16;2025-08-19;3;0,8133;Área do imóvel;IRU;Analisado, em conformidade com a Lei nº 12.651/2012, com ativos ambientais;AT;17,9073
SP-3541406-DC5237902F834A45BDB53AF3B4B77110;SP;Presidente Prudente;2025-02-27;2025-02-27;2;0,5407;Área do imóvel;IRU;Aguardando análise;AT;11,9089
SP-3541406-DC9CC7FAF41948849EA8BF3A9809E59C;SP;Presidente Prudente;2023-05-09;2023-09-11;1;2,8846;Área do imóvel;IRU;Aguardando análise, após revisão ou atendimento da notificação;AT;63,5108
SP-3541406-DCEC122D226C46579A28BE1A1950D94E;SP;Presidente Prudente;2024-12-30;2025-01-23;1;0,1713;Área do imóvel;IRU;Aguardando análise, após revisão ou atendimento da notificação;AT;3,7707
SP-3541406-DCF3DB96DEA14D2FBC3CEAE9C1DFCFA5;SP;Presidente Prudente;2023-04-03;2023-09-11;1;1,1155;Área do imóvel;IRU;Analisado, aguardando atendimento a notificação;AT;24,5408
SP-3541406-DD3C42C800514E508DF60482AB924FA7;SP;Presidente Prudente;2024-11-15;2024-11-26;1;0,5487;Área do imóvel;IRU;Analisado, em conformidade com a Lei nº 12.651/2012, com ativos ambientais;AT;12,0805
SP-3541406-DD3EF352427743E1AE26ED74E3CF1F3C;SP;Presidente Prudente;2023-06-19;2023-09-12;1;0,6411;Área do imóvel;IRU;Aguardando análise, após revisão ou atendimento da notificação;AT;14,1139
SP-3541406-DD44ABB10B2F463ABB1F9E77E5E47AA3;SP;Presidente Prudente;2023-08-26;2023-08-30;0;0,1540;Área do imóvel;IRU;Analisado, aguardando regularização ambiental (Lei nº 12.651/2012);AT;3,3885
SP-3541406-DD678BE3F8EE47EA8223C3E9886E90ED;SP;Presidente Prudente;2023-06-15;2023-09-12;1;4,7972;Área do imóvel;IRU;Aguardando análise;AT;105,6187
SP-3541406-DD6E6C081B4A43F38D0DE11A16DF833E;SP;Presidente Prudente;2024-02-06;2024-10-30;0;0,5965;Área do imóvel;IRU;Analisado, aguardando atendimento a notificação;AT;13,1233
SP-3541406-DDF4C6DD1EB14F7AB070049DDF38A03F;SP;Presidente Prudente;2025-02-27;2025-02-27;1;0,1508;Área do imóvel;IRU;Analisado, em conformidade com a Lei nº 12.651/2012, com ativos ambientais;AT;3,3211
SP-3541406-DE350A7F339C48E78FA4AC0E851B0643;SP;Presidente Prudente;2025-08-18;2025-08-20;2;1,4420;Área do imóvel;IRU;Analisado, em conformidade com a Lei nº 12.651/2012, com ativos ambientais;AT;31,7235
SP-3541406-DE5D24E006D04EAE90651FB457E14E92;SP;Presidente Prudente;2019-09-04;2022-12-01;0;0,6527;Área do imóvel;IRU;Analisado, aguardando atendimento a notificação;AT;14,3597
SP-3541406-DE671503FFDB45D78CE398E5BD74C679;SP;Presidente Prudente;2024-11-15;2024-11-26;1;0,1084;Área do imóvel;IRU;Analisado, em conformidade com a Lei nº 12.651/2012, com ativos ambientais;AT;2,3858
SP-3541406-DE6C4B96C8C54CD783C4DBBBDBDC0AFB;SP;Presidente Prudente;2025-07-15;2025-07-18;4;0,2503;Área do imóvel;IRU;Analisado, aguardando regularização ambiental (Lei nº 12.651/2012);AT;5,5067
SP-3541406-DE78239A609F4B45ACB2DEFCA912631D;SP;Presidente Prudente;2022-12-31;2023-02-15;1;0,1390;Área do imóvel;IRU;Analisado, em conformidade com a Lei nº 12.651/2012;AT;3,0610
SP-3541406-DE9D5A763BDE4E72831EE4B59B79B6DE;SP;Presidente Prudente;2025-06-18;2025-06-18;1;0,4404;Área do imóvel;IRU;Aguardando análise;AT;9,6958
SP-3541406-DEB6A20604B74A448D4F3B47B014768F;SP;Presidente Prudente;2024-03-22;2024-10-30;0;0,5193;Área do imóvel;IRU;Analisado, aguardando atendimento a notificação;AT;11,4240
SP-3541406-DEB7952D9B774A229CB7C1D51EAC37D1;SP;Presidente Prudente;2025-02-27;2025-02-27;2;1,1146;Área do imóvel;IRU;Aguardando análise;AT;24,5412
SP-3541406-DED0AFCED6BB42EA8339401DE52E852A;SP;Presidente Prudente;2024-12-27;2025-01-23;1;0,0475;Área do imóvel;IRU;Analisado, em conformidade com a Lei nº 12.651/2012, com ativos ambientais;AT;1,0449
SP-3541406-DF0C4872EB6742979814DF37ECE86AD9;SP;Presidente Prudente;2023-10-30;2024-11-25;1;0,2883;Área do imóvel;IRU;Analisado, aguardando regularização ambiental (Lei nº 12.651/2012);AT;6,3464
SP-3541406-DF3278766DC647DFAC347FD6D19A06BA;SP;Presidente Prudente;2024-07-17;2024-07-17;1;0,1559;Área do imóvel;IRU;Analisado, em conformidade com a Lei nº 12.651/2012;AT;3,4335
SP-3541406-DF3819D0B70A43C0870DF3AF18BD7EB4;SP;Presidente Prudente;2025-03-18;2025-03-19;1;0,8778;Área do imóvel;IRU;Aguardando análise;AT;19,3275
SP-3541406-DF43BA4F4DBE4AC0B3EDE8893258F6FE;SP;Presidente Prudente;2024-07-27;2024-10-30;0;2,5990;Área do imóvel;IRU;Analisado, aguardando atendimento a notificação;AT;57,1780
SP-3541406-DF47D79E21C04CD5B80FBFC5BE78426E;SP;Presidente Prudente;2025-06-22;2025-06-23;2;0,4848;Área do imóvel;IRU;Analisado, aguardando regularização ambiental (Lei nº 12.651/2012);AT;10,6740
SP-3541406-DF979902152A4480962A23FA6F690E49;SP;Presidente Prudente;2024-07-16;2024-07-17;1;0,1136;Área do imóvel;IRU;Analisado, em conformidade com a Lei nº 12.651/2012;AT;2,5015
SP-3541406-DFCD6DF62DD74A948ACCE6BE4FDFA21A;SP;Presidente Prudente;2023-09-11;2023-09-11;2;0,6161;Área do imóvel;IRU;Aguardando análise;AT;13,5548
SP-3541406-DFD44613EFEB4C9BB4DDEF836B464420;SP;Presidente Prudente;2024-04-19;2024-05-13;2;8,6164;Área do imóvel;IRU;Analisado, aguardando atendimento a notificação;AT;189,5598
SP-3541406-E02474CE086046DCB88801C36E5B7FF9;SP;Presidente Prudente;2023-09-06;2023-09-12;1;0,1104;Área do imóvel;IRU;Aguardando análise, após revisão ou atendimento da notificação;AT;2,4288
SP-3541406-E0CEDE30E4E24E3CAEBB466B4944C4E1;SP;Presidente Prudente;2025-07-16;2025-07-18;0;0,3849;Área do imóvel;IRU;Analisado, aguardando atendimento a notificação;AT;8,4685
SP-3541406-E0D2754DDC7349C2993C08ADF3B443FD;SP;Presidente Prudente;2015-05-09;2022-12-01;0;0,5190;Área do imóvel;IRU;Analisado, aguardando atendimento a notificação;AT;11,4186
SP-3541406-E0E8A90D0D0B42FEBF279EC765671A86;SP;Presidente Prudente;2019-05-20;2022-12-01;1;0,2145;Área do imóvel;IRU;Aguardando análise;AT;4,7188
SP-3541406-E0EE88117DC94D83B798670EFE4965F1;SP;Presidente Prudente;2017-11-17;2022-12-01;0;0,4741;Área do imóvel;IRU;Analisado, aguardando atendimento a notificação;AT;10,4291
SP-3541406-E118C4C262E847FC9A9B47043D98B804;SP;Presidente Prudente;2015-12-16;2022-12-01;1;0,3130;Área do imóvel;IRU;Analisado, aguardando atendimento a notificação;AT;6,8860
SP-3541406-E13324DD6E9A456886BD99D128131B98;SP;Presidente Prudente;2016-08-25;2023-09-06;0;5,2783;Área do imóvel;IRU;Aguardando análise;AT;116,4320
SP-3541406-E136A26EF03F4F418F2A969635055597;SP;Presidente Prudente;2024-11-06;2024-11-19;0;0,1834;Área do imóvel;IRU;Analisado, aguardando atendimento a notificação;AT;4,0350
SP-3541406-E18074AF8894436EB571BD6B5B57A0D9;SP;Presidente Prudente;2025-01-31;2025-02-01;1;0,1591;Área do imóvel;IRU;Aguardando análise;AT;3,5000
SP-3541406-E18C47A8CD46447BBFA2223E5E31ED46;SP;Presidente Prudente;2019-04-18;2022-12-01;1;0,9232;Área do imóvel;IRU;Aguardando análise;AT;20,3112
SP-3541406-E1B043A80B6F42B8AC18777A86D81EEB;SP;Presidente Prudente;2019-04-11;2022-12-01;4;1,5355;Área do imóvel;IRU;Aguardando análise;AT;33,7819
SP-3541406-E1BC748C35D84ABF93373D3446F199C4;SP;Presidente Prudente;2024-07-30;2024-08-14;1;0,3319;Área do imóvel;IRU;Analisado, em conformidade com a Lei nº 12.651/2012;AT;7,3072
SP-3541406-E1F6C7B040AF4308B9D293A1F81B22D5;SP;Presidente Prudente;2024-07-19;2026-06-22;9;1,2798;Área do imóvel;IRU;Analisado, em regularização ambiental (Lei nº 12.651/2012);AT;28,1555
SP-3541406-E22200B713954833B917DAD08FBEC307;SP;Presidente Prudente;2024-11-14;2024-11-17;1;0,2751;Área do imóvel;IRU;Analisado, em conformidade com a Lei nº 12.651/2012, com ativos ambientais;AT;6,0568
SP-3541406-E23CB98139514FEFA05A8FD607140943;SP;Presidente Prudente;2024-12-30;2025-01-23;2;0,3544;Área do imóvel;IRU;Aguardando análise, após revisão ou atendimento da notificação;AT;7,8018
SP-3541406-E24F15F7F18742098E59F4198C582F4D;SP;Presidente Prudente;2023-12-05;2023-12-05;5;1,4610;Área do imóvel;IRU;Aguardando análise;AT;32,1418
SP-3541406-E255662F26D64DBC902179D6E7DA63C5;SP;Presidente Prudente;2022-12-26;2023-09-10;3;0,5744;Área do imóvel;IRU;Aguardando análise, após revisão ou atendimento da notificação;AT;12,6469
SP-3541406-E2D44A915C664576A3C5B7832D4E27E3;SP;Presidente Prudente;2024-12-27;2025-01-15;1;0,3301;Área do imóvel;IRU;Analisado, em conformidade com a Lei nº 12.651/2012, com ativos ambientais;AT;7,2677
SP-3541406-E2FF49CE09344C4182B3094614A96688;SP;Presidente Prudente;2025-03-18;2025-03-19;1;0,9299;Área do imóvel;IRU;Analisado, aguardando regularização ambiental (Lei nº 12.651/2012);AT;20,4739
SP-3541406-E33A994D5D7D43B6B3F7704F028987AD;SP;Presidente Prudente;2024-09-18;2024-11-19;0;0,1652;Área do imóvel;IRU;Analisado, aguardando atendimento a notificação;AT;3,6343
SP-3541406-E352AC4B33B844289C6FFDFC91D39CFB;SP;Presidente Prudente;2025-07-22;2025-07-22;1;1,4637;Área do imóvel;IRU;Analisado, aguardando regularização ambiental (Lei nº 12.651/2012);AT;32,2267
SP-3541406-E35331A1CDED4ED190A32CD2D2BF2E0E;SP;Presidente Prudente;2023-06-02;2023-09-12;1;0,8683;Área do imóvel;IRU;Aguardando análise, após revisão ou atendimento da notificação;AT;19,1163
SP-3541406-E35B808928D949778F28D1D32242B185;SP;Presidente Prudente;2024-12-30;2025-01-15;0;0,1591;Área do imóvel;IRU;Analisado, em conformidade com a Lei nº 12.651/2012;AT;3,4996
SP-3541406-E3664D8B7EE0474A8D6023F880D85685;SP;Presidente Prudente;2024-07-16;2024-07-17;2;0,1515;Área do imóvel;IRU;Analisado, em conformidade com a Lei nº 12.651/2012;AT;3,3349
SP-3541406-E395EA34DE284BA1AD02CFBF2EBA8964;SP;Presidente Prudente;2025-07-01;2025-07-02;1;0,1797;Área do imóvel;IRU;Analisado, em conformidade com a Lei nº 12.651/2012, com ativos ambientais;AT;3,9560
SP-3541406-E3C05908520542D0B8E678DC94745094;SP;Presidente Prudente;2023-04-04;2023-09-11;1;0,1556;Área do imóvel;IRU;Aguardando análise, após revisão ou atendimento da notificação;AT;3,4255
SP-3541406-E3C5B66A76D64C1D977BF11D2846196D;SP;Presidente Prudente;2016-04-27;2022-12-01;0;0,1012;Área do imóvel;IRU;Analisado, aguardando atendimento a notificação;AT;2,2275
SP-3541406-E3E083FF8B33466491DCF6B0F1036E9F;SP;Presidente Prudente;2015-12-17;2022-12-01;1;5,2542;Área do imóvel;IRU;Analisado, aguardando atendimento a notificação;AT;116,1278
SP-3541406-E42131004F1F435FA94795B72AA865CB;SP;Presidente Prudente;2025-06-22;2025-06-23;1;0,6377;Área do imóvel;IRU;Aguardando análise;AT;14,0413
SP-3541406-E432652E55B14BD19717211CB7F6BC03;SP;Presidente Prudente;2024-10-04;2024-11-11;1;0,2337;Área do imóvel;IRU;Analisado, em conformidade com a Lei nº 12.651/2012;AT;5,1447
SP-3541406-E5265523BAB94A079DEC9F4D057DC830;SP;Presidente Prudente;2025-03-24;2025-04-23;1;0,6625;Área do imóvel;IRU;Analisado, em conformidade com a Lei nº 12.651/2012, com ativos ambientais;AT;14,5858
SP-3541406-E533A4F1100D412A95D6AD89D3F12688;SP;Presidente Prudente;2023-11-07;2023-11-07;1;0,0909;Área do imóvel;IRU;Aguardando análise;AT;2,0018
SP-3541406-E53618964E624E348645DEE455F3CBB0;SP;Presidente Prudente;2025-07-01;2025-07-02;1;0,5148;Área do imóvel;IRU;Analisado, em conformidade com a Lei nº 12.651/2012, com ativos ambientais;AT;11,3339
SP-3541406-E54B077F7AD849A99EB5B1DCB3C5222E;SP;Presidente Prudente;2025-05-07;2025-05-08;2;0,5073;Área do imóvel;IRU;Analisado, em conformidade com a Lei nº 12.651/2012, com ativos ambientais;AT;11,1689
SP-3541406-E5C27919A06744D69D6514A2803CA05F;SP;Presidente Prudente;2019-04-06;2022-12-01;2;0,1262;Área do imóvel;IRU;Analisado, aguardando atendimento a notificação;AT;2,7772
SP-3541406-E6325F7B6C184775945D58A7573999B5;SP;Presidente Prudente;2025-05-09;2025-05-09;1;0,2378;Área do imóvel;IRU;Aguardando análise;AT;5,2346
SP-3541406-E693B0BE1A3346698D9DE4A24F341530;SP;Presidente Prudente;2025-07-16;2025-07-16;2;2,1105;Área do imóvel;IRU;Analisado, em conformidade com a Lei nº 12.651/2012, com ativos ambientais;AT;46,4663
SP-3541406-E699D1B2E7EC4FA785AAE422CC522701;SP;Presidente Prudente;2022-03-29;2023-08-22;0;0,0068;Área do imóvel;IRU;Aguardando análise, após revisão ou atendimento da notificação;AT;0,1499
SP-3541406-E6B15B7ED3804EAD9996D6230D84AE34;SP;Presidente Prudente;2024-10-18;2024-11-11;3;6,3551;Área do imóvel;IRU;Analisado, aguardando atendimento a notificação;AT;139,8112
SP-3541406-E6D3FAA205EE4EF8BC3981FA7975F8D4;SP;Presidente Prudente;2023-01-02;2023-02-15;2;0,7713;Área do imóvel;IRU;Analisado, em conformidade com a Lei nº 12.651/2012;AT;16,9807
SP-3541406-E6E8CB8248B247ADBAB921F6C1F071E9;SP;Presidente Prudente;2023-09-06;2023-09-12;2;0,5613;Área do imóvel;IRU;Aguardando análise, após revisão ou atendimento da notificação;AT;12,3592
SP-3541406-E716FE6E9C6C4165AC91E79E448D59F2;SP;Presidente Prudente;2022-08-04;2023-08-31;1;1,1232;Área do imóvel;IRU;Analisado, aguardando regularização ambiental (Lei nº 12.651/2012);AT;24,7285
SP-3541406-E7174187301E456BA02737B5235D731C;SP;Presidente Prudente;2023-11-18;2023-11-18;2;0,1636;Área do imóvel;IRU;Aguardando análise;AT;3,6000
SP-3541406-E74751540CA3462CAB3D0FC4B006C165;SP;Presidente Prudente;2025-03-26;2025-04-23;1;0,2654;Área do imóvel;IRU;Analisado, em conformidade com a Lei nº 12.651/2012, com ativos ambientais;AT;5,8425
SP-3541406-E771477BF8E34CF8A2433FE7465AA5AF;SP;Presidente Prudente;2020-03-23;2022-12-01;0;0,0076;Área do imóvel;IRU;Analisado, aguardando atendimento a notificação;AT;0,1672
SP-3541406-E7971F3DC86B41E28DA18EC9045DE885;SP;Presidente Prudente;2025-05-10;2025-05-10;2;1,8665;Área do imóvel;IRU;Aguardando análise;AT;41,0933
SP-3541406-E8381A83C21842FC8555B25D0E0F3AC0;SP;Presidente Prudente;2024-11-15;2024-11-18;1;0,0933;Área do imóvel;IRU;Analisado, em conformidade com a Lei nº 12.651/2012, com ativos ambientais;AT;2,0547
SP-3541406-E845316CD11E4806BE3A07DF90BBE609;SP;Presidente Prudente;2025-02-27;2025-02-27;1;0,6538;Área do imóvel;IRU;Analisado, em conformidade com a Lei nº 12.651/2012;AT;14,3945
SP-3541406-E87B63D6C6224ADE9C2DE5B83A2E3C6E;SP;Presidente Prudente;2024-11-21;2025-01-23;4;0,2792;Área do imóvel;IRU;Analisado, em conformidade com a Lei nº 12.651/2012;AT;6,1417
SP-3541406-E8A1AE5D66594AF1BC3B3351D7C8082F;SP;Presidente Prudente;2025-06-26;2025-06-26;7;2,0943;Área do imóvel;IRU;Analisado, aguardando regularização ambiental (Lei nº 12.651/2012);AT;46,1077
SP-3541406-E8D021F5300C4C5692DE8E98ADC95C14;SP;Presidente Prudente;2025-02-27;2025-02-27;1;0,1334;Área do imóvel;IRU;Aguardando análise;AT;2,9381
SP-3541406-E8FEF5C6D6F14B5C8E877F7820639068;SP;Presidente Prudente;2024-11-14;2024-11-25;1;0,2016;Área do imóvel;IRU;Analisado, aguardando regularização ambiental (Lei nº 12.651/2012);AT;4,4387
SP-3541406-E93E09252825443CA8EF9622DB509446;SP;Presidente Prudente;2022-12-31;2023-09-11;3;0,3068;Área do imóvel;IRU;Aguardando análise, após revisão ou atendimento da notificação;AT;6,7546
SP-3541406-E952A20A1C084764A18AFA632AA1AAF0;SP;Presidente Prudente;2025-03-26;2025-04-23;3;0,4270;Área do imóvel;IRU;Analisado, em conformidade com a Lei nº 12.651/2012, com ativos ambientais;AT;9,4001
SP-3541406-E96F39CB34244E2B932F359044F3322F;SP;Presidente Prudente;2023-06-15;2023-06-15;1;1,3988;Área do imóvel;IRU;Aguardando análise;AT;30,7969
SP-3541406-E97BB0F6A2BB401783A5B221DFABEBF1;SP;Presidente Prudente;2024-11-17;2024-11-25;1;0,1143;Área do imóvel;IRU;Analisado, aguardando regularização ambiental (Lei nº 12.651/2012);AT;2,5168
SP-3541406-E9C103FFCA9D45E48EB440B8E65C6C58;SP;Presidente Prudente;2022-12-27;2023-02-15;1;0,5674;Área do imóvel;IRU;Analisado, em conformidade com a Lei nº 12.651/2012;AT;12,4918
SP-3541406-E9E3B1C39BE144D5B174F2381CF9BD9A;SP;Presidente Prudente;2024-07-26;2024-08-14;1;0,1549;Área do imóvel;IRU;Analisado, em conformidade com a Lei nº 12.651/2012;AT;3,4094
SP-3541406-E9F35587A6D44842A04130D4D3A9D269;SP;Presidente Prudente;2025-03-26;2025-03-27;2;0,1304;Área do imóvel;IRU;Analisado, em conformidade com a Lei nº 12.651/2012, com ativos ambientais;AT;2,8720
SP-3541406-E9FCC59E65C94DDCBAD164D02DBF07B8;SP;Presidente Prudente;2025-07-01;2025-07-02;2;0,3355;Área do imóvel;IRU;Aguardando análise, após revisão ou atendimento da notificação;AT;7,3870
SP-3541406-EA0CDE3AC46B4E7FA4A4FF258D1B5A04;SP;Presidente Prudente;2025-03-26;2025-04-23;1;0,5341;Área do imóvel;IRU;Analisado, aguardando regularização ambiental (Lei nº 12.651/2012);AT;11,7595
SP-3541406-EA715ECAAA9546CABC3691B9DE678193;SP;Presidente Prudente;2024-12-27;2025-01-15;1;0,0909;Área do imóvel;IRU;Analisado, em conformidade com a Lei nº 12.651/2012;AT;2,0000
SP-3541406-EA7220F77D394C9F9DBA31C75C509B04;SP;Presidente Prudente;2023-08-25;2023-08-25;0;0,0311;Área do imóvel;IRU;Analisado, em conformidade com a Lei nº 12.651/2012;AT;0,6844
SP-3541406-EA9D934C754045A79522D41E07A7D85F;SP;Presidente Prudente;2025-03-18;2025-07-15;1;0,6109;Área do imóvel;IRU;Analisado, em conformidade com a Lei nº 12.651/2012, com ativos ambientais;AT;13,4493
SP-3541406-EABEBDA3549C43ECAF101BB4F58107C5;SP;Presidente Prudente;2024-11-28;2024-12-23;1;0,5104;Área do imóvel;IRU;Analisado, em conformidade com a Lei nº 12.651/2012, com ativos ambientais;AT;11,2372
SP-3541406-EAE13B9FA0464EBAA3D51CE79B02170C;SP;Presidente Prudente;2023-06-19;2023-09-12;3;0,5538;Área do imóvel;IRU;Aguardando análise, após revisão ou atendimento da notificação;AT;12,1936
SP-3541406-EB31D2FDB709460B8F87E5F62493C9FC;SP;Presidente Prudente;2024-05-10;2024-05-10;1;0,4498;Área do imóvel;IRU;Aguardando análise;AT;9,9019
SP-3541406-EB49999CF31844D0BCF7C5DFF3964BD0;SP;Presidente Prudente;2025-06-23;2025-06-23;3;1,1012;Área do imóvel;IRU;Analisado, aguardando regularização ambiental (Lei nº 12.651/2012);AT;24,2440
SP-3541406-EB9F8EB7B5EA4D0AAE1BD50486BF94D3;SP;Presidente Prudente;2017-03-07;2022-12-01;0;0,3943;Área do imóvel;IRU;Analisado, aguardando atendimento a notificação;AT;8,6744
SP-3541406-EBE3F51D06144215A3E8EAB9F7D579D1;SP;Presidente Prudente;2019-05-17;2022-12-01;1;0,5228;Área do imóvel;IRU;Analisado, aguardando atendimento a notificação;AT;11,5006
SP-3541406-EC423F00A67046C0B8D3577EC6448393;SP;Presidente Prudente;2025-06-19;;3;1,4841;Área do imóvel;IRU;Aguardando análise;AT;32,6743
SP-3541406-EC556E8310634F1FB3A69A3A3C159115;SP;Presidente Prudente;2025-03-24;2025-04-23;1;0,3745;Área do imóvel;IRU;Analisado, em conformidade com a Lei nº 12.651/2012, com ativos ambientais;AT;8,2452
SP-3541406-ECF92731D9EB472CB4585AB6BFD9B025;SP;Presidente Prudente;2024-11-28;2024-12-01;1;1,6441;Área do imóvel;IRU;Analisado, aguardando atendimento a notificação;AT;36,1707
SP-3541406-ED16C139D41A42E4AFAF5C69E5EC3DFE;SP;Presidente Prudente;2024-07-14;2024-07-16;2;0,1067;Área do imóvel;IRU;Analisado, em conformidade com a Lei nº 12.651/2012;AT;2,3494
SP-3541406-ED4182C5686E44E4B7DDB5C0531352D3;SP;Presidente Prudente;2025-07-29;2025-07-29;4;0,3210;Área do imóvel;IRU;Analisado, em conformidade com a Lei nº 12.651/2012, com ativos ambientais;AT;7,0619
SP-3541406-ED44EED92D3E4822AE05E2A58D8CA20D;SP;Presidente Prudente;2025-06-22;2025-06-23;1;0,7388;Área do imóvel;IRU;Analisado, aguardando atendimento a notificação;AT;16,2671
SP-3541406-EDB701AFCC094C51ADF43CDBB67E46C8;SP;Presidente Prudente;2024-07-16;2024-07-17;2;0,1115;Área do imóvel;IRU;Analisado, em conformidade com a Lei nº 12.651/2012;AT;2,4558
SP-3541406-EDB9DDD3D2A44DDEBE162542B69669E8;SP;Presidente Prudente;2025-02-27;2025-02-27;1;0,5125;Área do imóvel;IRU;Analisado, aguardando regularização ambiental (Lei nº 12.651/2012);AT;11,2846
SP-3541406-EE1419689D8E4C2A899448561DB6DDEF;SP;Presidente Prudente;2025-08-13;2025-08-17;2;0,9070;Área do imóvel;IRU;Analisado, em conformidade com a Lei nº 12.651/2012, com ativos ambientais;AT;19,9690
SP-3541406-EE1736763B384428B103589F2A7C677B;SP;Presidente Prudente;2025-05-09;2025-05-09;4;2,8173;Área do imóvel;IRU;Analisado, aguardando regularização ambiental (Lei nº 12.651/2012);AT;62,0280
SP-3541406-EE2D7EE1B01E4420B6C92E6AAA596777;SP;Presidente Prudente;2024-07-16;2024-07-17;1;0,1309;Área do imóvel;IRU;Analisado, em conformidade com a Lei nº 12.651/2012;AT;2,8819
SP-3541406-EE7ADC233EC1491DB1FEA91FE792529B;SP;Presidente Prudente;2024-12-04;2024-12-23;1;0,0941;Área do imóvel;IRU;Analisado, em conformidade com a Lei nº 12.651/2012;AT;2,0708
SP-3541406-EEBA4CC0828C43A594B5F55A0C633D51;SP;Presidente Prudente;2015-06-16;2023-09-09;0;7,6981;Área do imóvel;IRU;Aguardando análise;AT;170,9704
SP-3541406-EEBB390F64204A569681BC98B9EC462F;SP;Presidente Prudente;2025-03-05;2025-03-05;0;0,1882;Área do imóvel;IRU;Analisado, em conformidade com a Lei nº 12.651/2012;AT;4,1403
SP-3541406-EEDA10C1DD5C40C3A2FD52264DE49745;SP;Presidente Prudente;2024-12-30;2025-01-23;1;1,7886;Área do imóvel;IRU;Aguardando análise, após revisão ou atendimento da notificação;AT;39,3503
SP-3541406-EEE0C8468D7B416BB003E625403CD676;SP;Presidente Prudente;2023-06-20;2023-06-28;0;0,1856;Área do imóvel;IRU;Aguardando análise, após revisão ou atendimento da notificação;AT;4,0830
SP-3541406-EF14BD5AF2C544C49D16660B16DA0E47;SP;Presidente Prudente;2023-02-02;2023-09-11;1;1,4380;Área do imóvel;IRU;Aguardando análise, após revisão ou atendimento da notificação;AT;31,6595
SP-3541406-EF2B37B4883F4299B6EC33B73F28A872;SP;Presidente Prudente;2015-12-17;2022-12-01;1;0,4727;Área do imóvel;IRU;Analisado, aguardando atendimento a notificação;AT;10,3991
SP-3541406-EF4B597213E145F7B88B08DA5904F30D;SP;Presidente Prudente;2025-03-26;2025-05-07;1;0,5183;Área do imóvel;IRU;Analisado, em conformidade com a Lei nº 12.651/2012, com ativos ambientais;AT;11,4114
SP-3541406-EF4C218B026040FCADB5A25A26D0D553;SP;Presidente Prudente;2025-03-18;2025-03-19;1;0,2489;Área do imóvel;IRU;Analisado, em conformidade com a Lei nº 12.651/2012, com ativos ambientais;AT;5,4803
SP-3541406-EF5701D442A34F7E8BBB8046D36C0BA2;SP;Presidente Prudente;2025-07-21;2025-07-21;1;0,7672;Área do imóvel;IRU;Aguardando análise;AT;16,8916
SP-3541406-EF7DC5BC16564FB687DC1DE3AE2168D7;SP;Presidente Prudente;2019-12-17;2022-12-01;5;0,8238;Área do imóvel;IRU;Analisado, aguardando atendimento a notificação;AT;18,1245
SP-3541406-EF9C1ADCB1D047F5BFB61BEF42F75F55;SP;Presidente Prudente;2024-12-01;2025-01-24;1;0,3405;Área do imóvel;IRU;Analisado, em conformidade com a Lei nº 12.651/2012, com ativos ambientais;AT;7,4960
SP-3541406-EFC82E5DAE5647E8A828CB7D05E72105;SP;Presidente Prudente;2023-06-19;2023-08-31;1;1,0197;Área do imóvel;IRU;Analisado, aguardando regularização ambiental (Lei nº 12.651/2012);AT;22,4499
SP-3541406-EFF8B0B9A19F4CFA8D2DE4E5105E0DC9;SP;Presidente Prudente;2025-07-16;2025-07-16;1;0,2670;Área do imóvel;IRU;Aguardando análise;AT;5,8731
SP-3541406-F03A6A7954264653BE2A90B57A795204;SP;Presidente Prudente;2022-09-30;2023-08-31;3;7,5657;Área do imóvel;IRU;Analisado, aguardando regularização ambiental (Lei nº 12.651/2012);AT;166,5753
SP-3541406-F0550A1BD9BA48899E1013B2E0BBE82B;SP;Presidente Prudente;2025-03-11;2025-03-12;2;0,2058;Área do imóvel;IRU;Analisado, em conformidade com a Lei nº 12.651/2012, com ativos ambientais;AT;4,5305
SP-3541406-F0719C5B7E2641B787AC1FE07E1DE514;SP;Presidente Prudente;2024-07-26;2024-08-14;1;0,0931;Área do imóvel;IRU;Analisado, em conformidade com a Lei nº 12.651/2012;AT;2,0490
SP-3541406-F08E069A520A4471B7AF8AE71562D709;SP;Presidente Prudente;2023-06-20;2023-07-13;0;0,1876;Área do imóvel;IRU;Analisado, aguardando atendimento a notificação;AT;4,1270
SP-3541406-F0D04DC29E2A433B97A3F4479D4184BD;SP;Presidente Prudente;2024-12-05;2024-12-06;1;0,0969;Área do imóvel;IRU;Analisado, em conformidade com a Lei nº 12.651/2012, com ativos ambientais;AT;2,1328
SP-3541406-F0E4214DDD4A495094646B412BF8B3D1;SP;Presidente Prudente;2025-05-06;2025-05-06;1;2,2636;Área do imóvel;IRU;Analisado, em conformidade com a Lei nº 12.651/2012, com ativos ambientais;AT;49,8364
SP-3541406-F0F7FF1AE9E34804925BF60D62A19F42;SP;Presidente Prudente;2015-03-06;2025-02-19;0;0,1944;Área do imóvel;IRU;Aguardando análise, após revisão ou atendimento da notificação;AT;4,2762
SP-3541406-F118C02ECF4F40198722A4C7E1ACACD2;SP;Presidente Prudente;2025-03-18;2025-03-19;3;0,6416;Área do imóvel;IRU;Aguardando análise;AT;14,1258
SP-3541406-F1496B194583479F92738C00EA41BC4E;SP;Presidente Prudente;2022-07-25;2023-09-10;2;0,1009;Área do imóvel;IRU;Aguardando análise;AT;2,2209
SP-3541406-F16FCFAB60E546EDB44C6D13EC34B8D6;SP;Presidente Prudente;2023-06-19;2023-09-12;1;0,6186;Área do imóvel;IRU;Aguardando análise, após revisão ou atendimento da notificação;AT;13,6200
SP-3541406-F184514087C44398ABC2FB6C0CDF8388;SP;Presidente Prudente;2025-02-12;2025-02-12;23;1,1037;Área do imóvel;IRU;Aguardando análise;AT;24,2809
SP-3541406-F1AF08CD14934889B9743C1EBB22B89B;SP;Presidente Prudente;2025-06-22;2025-06-23;1;1,2153;Área do imóvel;IRU;Aguardando análise;AT;26,7576
SP-3541406-F1DCF56BA4AC460988CCA07B77952630;SP;Presidente Prudente;2025-06-24;2025-09-19;1;0,4646;Área do imóvel;IRU;Analisado, aguardando regularização ambiental (Lei nº 12.651/2012);AT;10,2299
SP-3541406-F202122D0736406C887F0B9CDA8A4D5C;SP;Presidente Prudente;2023-07-04;2023-07-04;0;0,9693;Área do imóvel;IRU;Aguardando análise;AT;21,3241
SP-3541406-F2299CC1052345E9A6DC0524E4F838F4;SP;Presidente Prudente;2023-06-07;2023-09-12;1;0,5961;Área do imóvel;IRU;Aguardando análise, após revisão ou atendimento da notificação;AT;13,1239
SP-3541406-F241FB49AFFC4A649A49893A9E6DA784;SP;Presidente Prudente;2025-07-30;2025-11-05;0;0,9497;Área do imóvel;IRU;Analisado, aguardando atendimento a notificação;AT;20,8927
SP-3541406-F26C3F9FEBCE483081C14EC9C52BFEFB;SP;Presidente Prudente;2025-06-24;2025-06-24;1;1,1922;Área do imóvel;IRU;Aguardando análise;PE;26,2484
SP-3541406-F2FF2A7597F840E6A3C316E3B301CFDE;SP;Presidente Prudente;2025-07-22;2025-07-23;0;0,3354;Área do imóvel;IRU;Analisado, em conformidade com a Lei nº 12.651/2012;AT;7,3797
SP-3541406-F30CDA6680064B8A9AEB7F7E270C0B92;SP;Presidente Prudente;2020-09-10;2024-09-12;0;1,0435;Área do imóvel;IRU;Aguardando análise, após revisão ou atendimento da notificação;AT;22,9570
SP-3541406-F3A4AEE65C8D4752B26CCE0E9707F6A4;SP;Presidente Prudente;2023-06-07;2023-09-12;3;0,4055;Área do imóvel;IRU;Aguardando análise, após revisão ou atendimento da notificação;AT;8,9270
SP-3541406-F3B466CFA0A84D08B91216F2AF492BA6;SP;Presidente Prudente;2024-10-04;2024-11-11;2;0,1320;Área do imóvel;IRU;Analisado, em conformidade com a Lei nº 12.651/2012;AT;2,9070
SP-3541406-F3BBCF44F04E4899A60AFB55FB0E4440;SP;Presidente Prudente;2025-06-27;2025-06-27;1;1,1696;Área do imóvel;IRU;Analisado, em conformidade com a Lei nº 12.651/2012, com ativos ambientais;AT;25,7320
SP-3541406-F3DE599745624F0CB9677410D1B2E939;SP;Presidente Prudente;2023-06-14;2023-09-12;1;0,7945;Área do imóvel;IRU;Aguardando análise;AT;17,4788
SP-3541406-F3F07FD0AE454C5A9221793088AEFAD1;SP;Presidente Prudente;2021-10-12;2022-12-01;5;0,1342;Área do imóvel;IRU;Aguardando análise;AT;2,9523
SP-3541406-F40384D1E1AA48BCB513B5A754A75070;SP;Presidente Prudente;2025-01-25;2025-01-25;1;0,7968;Área do imóvel;IRU;Aguardando análise;AT;17,5420
SP-3541406-F408C2ECB25540C2AD8AF6C6A2B0018E;SP;Presidente Prudente;2022-12-05;2023-09-10;1;0,4273;Área do imóvel;IRU;Aguardando análise, após revisão ou atendimento da notificação;AT;9,4083
SP-3541406-F41145578BE74E4BB1A4F612761CA231;SP;Presidente Prudente;2024-07-17;2024-07-17;1;0,1127;Área do imóvel;IRU;Analisado, em conformidade com a Lei nº 12.651/2012;AT;2,4806
SP-3541406-F427C2F53FE54863BAD4FD2EA8DF2F76;SP;Presidente Prudente;2022-01-27;2022-12-01;2;5,1929;Área do imóvel;IRU;Analisado, aguardando atendimento a notificação;AT;114,2429
SP-3541406-F43C01B21AF64102B1DD1F8C0848C17C;SP;Presidente Prudente;2025-08-17;2025-08-20;1;1,0506;Área do imóvel;IRU;Aguardando análise;AT;23,1321
SP-3541406-F43F8368754B49079BF41149C31CCDAC;SP;Presidente Prudente;2024-11-14;2024-11-17;1;0,3273;Área do imóvel;IRU;Analisado, em conformidade com a Lei nº 12.651/2012, com ativos ambientais;AT;7,2055
SP-3541406-F4492C6C89EC41298E2DF44EC665713B;SP;Presidente Prudente;2024-09-03;2024-10-30;0;0,1645;Área do imóvel;IRU;Analisado, aguardando atendimento a notificação;AT;3,6189
SP-3541406-F44B133D703742A3A4B7A6D6E73E7044;SP;Presidente Prudente;2024-02-03;2024-02-03;0;0,4764;Área do imóvel;IRU;Aguardando análise;AT;10,4810
SP-3541406-F467FD8D5951494E9C059BEEAF921771;SP;Presidente Prudente;2023-12-02;2023-12-02;1;0,1252;Área do imóvel;IRU;Aguardando análise;AT;2,7223
SP-3541406-F497CB9A40E3459E875375ECDAEAFC6A;SP;Presidente Prudente;2025-05-15;2025-05-16;1;0,2208;Área do imóvel;IRU;Aguardando análise;AT;4,8568
SP-3541406-F4AACC54ADF24CEF8AA6D21872508521;SP;Presidente Prudente;2015-06-23;2022-12-01;0;0,1083;Área do imóvel;IRU;Analisado, aguardando atendimento a notificação;AT;2,3817
SP-3541406-F4CAA1670D2C472AAEC3A1D2C81EC6FE;SP;Presidente Prudente;2024-08-16;2024-08-24;1;0,7502;Área do imóvel;IRU;Analisado, em conformidade com a Lei nº 12.651/2012;AT;16,5174
SP-3541406-F4D8922135FF4190B5D7712D653F241A;SP;Presidente Prudente;2024-08-07;2024-09-06;0;0,1359;Área do imóvel;IRU;Analisado, em conformidade com a Lei nº 12.651/2012;AT;2,9894
SP-3541406-F502ECC630BA4336AAEA097300A748D4;SP;Presidente Prudente;2024-12-05;2024-12-13;2;0,8628;Área do imóvel;IRU;Analisado, aguardando atendimento a notificação;AT;18,9812
SP-3541406-F508241558124A4A9C40D5CCF2EE2520;SP;Presidente Prudente;2024-11-15;2024-11-19;2;1,2782;Área do imóvel;IRU;Analisado, em conformidade com a Lei nº 12.651/2012, com ativos ambientais;AT;28,1205
SP-3541406-F52BC20AC9374A1FACB3C4FC642B6FAB;SP;Presidente Prudente;2015-06-23;2022-12-01;0;0,5275;Área do imóvel;IRU;Analisado, aguardando atendimento a notificação;AT;11,6057
SP-3541406-F54B3418FF894199940180117C6DF73A;SP;Presidente Prudente;2025-08-13;2025-08-18;2;1,2707;Área do imóvel;IRU;Aguardando análise;AT;27,9830
SP-3541406-F55B3F27F4B04EEE88230C1FCF2A1074;SP;Presidente Prudente;2025-07-16;2025-07-16;1;0,4290;Área do imóvel;IRU;Analisado, em conformidade com a Lei nº 12.651/2012, com ativos ambientais;AT;9,4450
SP-3541406-F57B58516CE94C43810D0FA879EE0D23;SP;Presidente Prudente;2025-05-08;2025-07-15;1;0,8570;Área do imóvel;IRU;Analisado, aguardando regularização ambiental (Lei nº 12.651/2012);AT;18,8683
SP-3541406-F58E5721AEDF42DF8FA53E1986712201;SP;Presidente Prudente;2024-11-15;2024-11-18;2;0,1294;Área do imóvel;IRU;Analisado, em conformidade com a Lei nº 12.651/2012;AT;2,8480
SP-3541406-F5BEB7C1563648F5A74DA91392069E6B;SP;Presidente Prudente;2023-02-08;2023-09-11;3;1,0880;Área do imóvel;IRU;Aguardando análise, após revisão ou atendimento da notificação;AT;23,9555
SP-3541406-F5F6C7B78A374D4BB20111AE151189DC;SP;Presidente Prudente;2023-05-09;2023-09-11;1;0,5639;Área do imóvel;IRU;Aguardando análise, após revisão ou atendimento da notificação;AT;12,4156
SP-3541406-F5F91A840E0B4F4884A57903F4FB9B55;SP;Presidente Prudente;2023-03-08;2023-03-14;0;1,1950;Área do imóvel;IRU;Analisado, aguardando atendimento a notificação;AT;26,2902
SP-3541406-F63227EEA279453AA1FDF2ED52147DCB;SP;Presidente Prudente;2023-09-19;2023-09-19;2;0,1736;Área do imóvel;IRU;Aguardando análise;AT;3,8183
SP-3541406-F663ED43C9674946949F5B1FD645C98F;SP;Presidente Prudente;2024-09-27;2024-09-28;1;0,2288;Área do imóvel;IRU;Analisado, em conformidade com a Lei nº 12.651/2012;AT;5,0382
SP-3541406-F6813D71D4334FA58FD81028E671F3A9;SP;Presidente Prudente;2025-07-03;2025-07-04;1;1,4407;Área do imóvel;IRU;Analisado, aguardando regularização ambiental (Lei nº 12.651/2012);AT;31,7190
SP-3541406-F688844631EC418F89F087304D69D2E0;SP;Presidente Prudente;2025-06-22;2025-06-23;1;0,2956;Área do imóvel;IRU;Aguardando análise;AT;6,5092
SP-3541406-F68FB8A36BB649A084369F747211E87C;SP;Presidente Prudente;2025-07-29;2025-07-29;3;0,2386;Área do imóvel;IRU;Analisado, em conformidade com a Lei nº 12.651/2012, com ativos ambientais;AT;5,2482
SP-3541406-F6A4628400304035B650D5BD0E13A615;SP;Presidente Prudente;2024-11-14;2024-11-17;1;0,1808;Área do imóvel;IRU;Analisado, em conformidade com a Lei nº 12.651/2012, com ativos ambientais;AT;3,9801
SP-3541406-F6F15A5202134FB0B8FCED884DB2C247;SP;Presidente Prudente;2018-10-20;2022-12-01;1;2,9009;Área do imóvel;IRU;Analisado, aguardando atendimento a notificação;AT;64,3268
SP-3541406-F71FF7258DE24AAA9EBB026E716AEAC7;SP;Presidente Prudente;2022-12-26;2022-12-26;4;3,5142;Área do imóvel;IRU;Aguardando análise;AT;77,3130
SP-3541406-F73D58CAAB4C4BFE98BC5150BCE3CFC1;SP;Presidente Prudente;2017-12-19;2022-12-01;0;0,3246;Área do imóvel;IRU;Analisado, aguardando atendimento a notificação;AT;7,1804
SP-3541406-F781B58056A64E4B9D01EB569898CE27;SP;Presidente Prudente;2025-07-17;2025-08-08;3;1,4155;Área do imóvel;IRU;Analisado, aguardando regularização ambiental (Lei nº 12.651/2012);AT;31,1638
SP-3541406-F78DA18B13BF4317A3E40705AAC8A45A;SP;Presidente Prudente;2023-05-09;2023-09-11;1;0,7283;Área do imóvel;IRU;Aguardando análise, após revisão ou atendimento da notificação;AT;16,0348
SP-3541406-F7F9549ECAFF4CE7B40DABB0D6A83191;SP;Presidente Prudente;2024-11-15;2024-11-18;1;1,0439;Área do imóvel;IRU;Analisado, em conformidade com a Lei nº 12.651/2012, com ativos ambientais;AT;22,9827
SP-3541406-F82056B54BEB49C0851E214C25C858ED;SP;Presidente Prudente;2025-08-17;2025-08-20;1;0,5776;Área do imóvel;IRU;Analisado, em conformidade com a Lei nº 12.651/2012, com ativos ambientais;AT;12,7163
SP-3541406-F842614BB2214BD5B258FB4E23EB6E3F;SP;Presidente Prudente;2024-11-26;2024-12-23;1;0,1608;Área do imóvel;IRU;Analisado, em conformidade com a Lei nº 12.651/2012;AT;3,5413
SP-3541406-F86A411FA1D04AF898893199E4EA1450;SP;Presidente Prudente;2023-02-08;2023-03-08;0;0,0909;Área do imóvel;IRU;Analisado, em conformidade com a Lei nº 12.651/2012;AT;1,9990
SP-3541406-F876D9BB0887496F83FDC75BB1227318;SP;Presidente Prudente;2024-11-14;2024-11-17;2;0,0949;Área do imóvel;IRU;Analisado, em conformidade com a Lei nº 12.651/2012, com ativos ambientais;AT;2,0901
SP-3541406-F87EF0F57BD242D7A232066ED95754C0;SP;Presidente Prudente;2020-09-30;2022-12-01;2;42,7205;Área do imóvel;IRU;Analisado, aguardando atendimento a notificação;AT;939,8504
SP-3541406-F880E8F81A664FDB91310E35AE7AE6B2;SP;Presidente Prudente;2024-11-17;2024-11-26;1;0,1326;Área do imóvel;IRU;Analisado, em conformidade com a Lei nº 12.651/2012;AT;2,9193
SP-3541406-F884C19473954FFD922FAE05B9EE1765;SP;Presidente Prudente;2020-10-15;2022-12-01;0;0,9641;Área do imóvel;IRU;Analisado, aguardando atendimento a notificação;AT;21,2106
SP-3541406-F8A64888CC2C427CAFD0070D421C6530;SP;Presidente Prudente;2025-07-01;2025-07-02;1;0,4304;Área do imóvel;IRU;Analisado, em conformidade com a Lei nº 12.651/2012, com ativos ambientais;AT;9,4759
SP-3541406-F8B0160A282041E3BE6033A75513E857;SP;Presidente Prudente;2024-07-20;2024-08-14;2;0,2646;Área do imóvel;IRU;Analisado, em conformidade com a Lei nº 12.651/2012;AT;5,8258
SP-3541406-F8B162E8736D4DC9932B6C9402CA5138;SP;Presidente Prudente;2023-02-27;2023-09-11;5;1,1161;Área do imóvel;IRU;Aguardando análise, após revisão ou atendimento da notificação;AT;24,5730
SP-3541406-F8CA466AD9BE4D728FA07838E5A6EB0A;SP;Presidente Prudente;2023-12-29;2023-12-29;8;0,1839;Área do imóvel;IRU;Aguardando análise;AT;4,0454
SP-3541406-F8D83E3DDF8446E0ADD68E1876198CEA;SP;Presidente Prudente;2025-03-18;2025-03-19;4;0,7447;Área do imóvel;IRU;Aguardando análise;AT;16,3961
SP-3541406-F903385297D04F3299464EC509035B33;SP;Presidente Prudente;2022-03-28;2022-12-01;1;1,1518;Área do imóvel;IRU;Analisado, aguardando atendimento a notificação;AT;25,3388
SP-3541406-F90E911DBFA84DC58FE3F68002D49ED3;SP;Presidente Prudente;2023-07-29;2023-07-29;1;1,3886;Área do imóvel;IRU;Aguardando análise;AT;30,5722
SP-3541406-F90FF0C844C648DAAAE7F101BA498540;SP;Presidente Prudente;2024-11-15;2024-11-18;1;0,0872;Área do imóvel;IRU;Analisado, em conformidade com a Lei nº 12.651/2012;AT;1,9195
SP-3541406-F91326A8746B469BB72D1C629CE64129;SP;Presidente Prudente;2015-06-27;2023-09-06;0;4,3986;Área do imóvel;IRU;Aguardando análise;AT;96,7697
SP-3541406-F94F304524714C9BBC4487704FE0017F;SP;Presidente Prudente;2024-07-13;2024-07-16;1;0,0960;Área do imóvel;IRU;Analisado, em conformidade com a Lei nº 12.651/2012;AT;2,1137
SP-3541406-F97EC1404F2D4480A9821FE0633A7442;SP;Presidente Prudente;2019-04-13;2022-12-01;0;1,4177;Área do imóvel;IRU;Analisado, aguardando atendimento a notificação;AT;31,1894
SP-3541406-F99D907EC8AC4A6C9E8DD8F37EC76DD8;SP;Presidente Prudente;2015-09-02;2025-11-03;0;0,3251;Área do imóvel;IRU;Aguardando análise;AT;7,1524
SP-3541406-F9D2653621FF4C91AA90B6CE65B2F086;SP;Presidente Prudente;2023-08-17;2023-09-12;1;0,4361;Área do imóvel;IRU;Aguardando análise, após revisão ou atendimento da notificação;AT;9,6011
SP-3541406-FA33140C85A84B9F8E3E76701CC4E98E;SP;Presidente Prudente;2025-07-01;2025-07-02;2;1,1412;Área do imóvel;IRU;Analisado, aguardando atendimento a notificação;AT;25,1256
SP-3541406-FA48CF2B1A2B495A82847961E4CC46B4;SP;Presidente Prudente;2023-02-27;2023-06-20;0;0,2192;Área do imóvel;IRU;Aguardando análise, após revisão ou atendimento da notificação;AT;4,8221
SP-3541406-FA646B5427A0488BBD14C2DB73794F14;SP;Presidente Prudente;2025-07-01;2025-07-02;1;1,1627;Área do imóvel;IRU;Analisado, aguardando regularização ambiental (Lei nº 12.651/2012);AT;25,6002
SP-3541406-FA88BB0448EF46D987A4AD747AB470FA;SP;Presidente Prudente;2016-08-24;2022-12-01;0;0,1652;Área do imóvel;IRU;Analisado, aguardando atendimento a notificação;AT;3,6337
SP-3541406-FAB05EFE8B4B41A1A1A2D9FED9B88748;SP;Presidente Prudente;2025-02-27;2025-02-27;2;0,3570;Área do imóvel;IRU;Analisado, em conformidade com a Lei nº 12.651/2012, com ativos ambientais;AT;7,8600
SP-3541406-FACB09326C0A44A28DEC01CB8D440EEC;SP;Presidente Prudente;2022-11-04;2023-09-01;2;1,1536;Área do imóvel;IRU;Aguardando análise, após revisão ou atendimento da notificação;AT;25,3993
SP-3541406-FACF73025C554507AAB4E1D7586B2489;SP;Presidente Prudente;2025-08-06;2025-08-09;1;0,1333;Área do imóvel;IRU;Aguardando análise;AT;2,9331
SP-3541406-FB09F090AA45425183836B6C571136FA;SP;Presidente Prudente;2024-11-16;2024-11-25;2;0,2201;Área do imóvel;IRU;Analisado, aguardando regularização ambiental (Lei nº 12.651/2012);AT;4,8456
SP-3541406-FB19A59A50F14171A354E472B9F33B88;SP;Presidente Prudente;2025-03-18;2025-07-15;4;0,8139;Área do imóvel;IRU;Analisado, aguardando regularização ambiental (Lei nº 12.651/2012);AT;17,9192
SP-3541406-FB1CA611C8424EFDB0F5AA82455080EA;SP;Presidente Prudente;2015-06-21;2022-12-01;0;0,7637;Área do imóvel;IRU;Analisado, aguardando atendimento a notificação;AT;17,1189
SP-3541406-FB43782FBCB64392865A9290953FB025;SP;Presidente Prudente;2015-02-06;;0;0,5477;Área do imóvel;IRU;Aguardando análise;AT;12,0505
SP-3541406-FBA8CA7343DE4F499F280FD828C73216;SP;Presidente Prudente;2016-08-15;2022-12-01;0;1,2732;Área do imóvel;IRU;Analisado, aguardando atendimento a notificação;AT;28,0094
SP-3541406-FBA9221953884CC9A3B2EE835CB06ABE;SP;Presidente Prudente;2025-05-16;2025-05-16;1;0,1355;Área do imóvel;IRU;Analisado, em conformidade com a Lei nº 12.651/2012, com ativos ambientais;AT;2,9802
SP-3541406-FBC2BA76D5494738ABDA3EDA24EA458E;SP;Presidente Prudente;2024-11-15;2024-11-18;1;0,1932;Área do imóvel;IRU;Analisado, em conformidade com a Lei nº 12.651/2012, com ativos ambientais;AT;4,2542
SP-3541406-FBD8352B8B2646F8B8E6F94CBB2D8DC1;SP;Presidente Prudente;2025-08-17;2025-08-20;1;2,1126;Área do imóvel;IRU;Analisado, aguardando regularização ambiental (Lei nº 12.651/2012);AT;46,5122
SP-3541406-FBE629E73FB74543AB90FF3E50629537;SP;Presidente Prudente;2025-07-01;2025-07-02;1;2,8477;Área do imóvel;IRU;Analisado, aguardando regularização ambiental (Lei nº 12.651/2012);AT;62,6974
SP-3541406-FBFF1DAF3C7E48BA8EDE5896DDCD89E8;SP;Presidente Prudente;2023-09-06;2024-07-02;1;0,2200;Área do imóvel;IRU;Analisado, em conformidade com a Lei nº 12.651/2012;AT;4,8433
SP-3541406-FC097450BEC94BA2BC950B3D291DE49F;SP;Presidente Prudente;2023-06-22;2023-06-28;0;0,1324;Área do imóvel;IRU;Aguardando análise, após revisão ou atendimento da notificação;AT;2,9128
SP-3541406-FC0C717191DD4CDDAAAF265644ED0748;SP;Presidente Prudente;2025-02-27;2025-02-27;1;0,4313;Área do imóvel;IRU;Analisado, em conformidade com a Lei nº 12.651/2012, com ativos ambientais;AT;9,4964
SP-3541406-FC14381A4200481795CFDD2BB9923724;SP;Presidente Prudente;2020-02-20;2022-12-01;0;0,3134;Área do imóvel;IRU;Analisado, aguardando atendimento a notificação;AT;6,8945
SP-3541406-FC249C89C6BD4037B79B1FDAC8B16514;SP;Presidente Prudente;2022-01-14;2023-06-16;0;0,2196;Área do imóvel;IRU;Aguardando análise, após revisão ou atendimento da notificação;AT;4,8305
SP-3541406-FC8A13FD597444E6B7AFD4D0496271C6;SP;Presidente Prudente;2019-04-25;2022-12-01;6;0,7058;Área do imóvel;IRU;Aguardando análise;AT;15,5271
SP-3541406-FC953A6C60614A2FA10A82BAF30EA069;SP;Presidente Prudente;2025-07-21;2025-07-21;1;2,2920;Área do imóvel;IRU;Aguardando análise;AT;50,4622
SP-3541406-FD004B476FBB4173A2BE5672A815D42C;SP;Presidente Prudente;2025-07-14;2025-07-15;5;3,4301;Área do imóvel;IRU;Analisado, aguardando atendimento a notificação;AT;75,4613
SP-3541406-FD07A870B4284A59A0B011DA42B0395B;SP;Presidente Prudente;2024-08-07;2024-08-14;2;0,5634;Área do imóvel;IRU;Analisado, em conformidade com a Lei nº 12.651/2012;AT;12,4051
SP-3541406-FD0E0085B5F8400DAD526F82750279DC;SP;Presidente Prudente;2024-08-30;2024-09-06;2;0,1604;Área do imóvel;IRU;Analisado, em conformidade com a Lei nº 12.651/2012;AT;3,5298
SP-3541406-FD847D09BF4B40FB8D45755CE4C67DBD;SP;Presidente Prudente;2023-04-20;2023-04-20;0;0,8447;Área do imóvel;IRU;Aguardando análise;AT;18,5844
SP-3541406-FD94D05BCDBD466E8C60260010532C56;SP;Presidente Prudente;2024-05-22;2025-06-27;5;0,1294;Área do imóvel;IRU;Analisado, em conformidade com a Lei nº 12.651/2012, com ativos ambientais;AT;2,8466
SP-3541406-FDB949B58A9E44EA86991AF85E74ECCC;SP;Presidente Prudente;2016-08-07;2022-12-01;0;0,5169;Área do imóvel;IRU;Analisado, aguardando atendimento a notificação;AT;11,3712
SP-3541406-FDC0A15188D5433B86DC7A13392692EE;SP;Presidente Prudente;2015-02-25;2022-12-01;0;0,1576;Área do imóvel;IRU;Analisado, aguardando atendimento a notificação;AT;3,4675
SP-3541406-FE2165C01C684D039627C1B632CD6A2B;SP;Presidente Prudente;2022-12-31;2023-09-11;1;2,1941;Área do imóvel;IRU;Aguardando análise, após revisão ou atendimento da notificação;AT;48,3080
SP-3541406-FE37E041AD99408ABEA83F257D8D6182;SP;Presidente Prudente;2023-06-13;2023-09-12;1;3,8159;Área do imóvel;IRU;Aguardando análise, após revisão ou atendimento da notificação;AT;84,0149
SP-3541406-FE900B3115704F0F917801785C45FE99;SP;Presidente Prudente;2025-06-24;2025-06-24;1;0,6603;Área do imóvel;IRU;Analisado, em conformidade com a Lei nº 12.651/2012, com ativos ambientais;AT;14,5264
SP-3541406-FE97FFE83072405D9733021480081563;SP;Presidente Prudente;2025-06-23;2025-06-23;2;1,1245;Área do imóvel;IRU;Aguardando análise;AT;24,7575
SP-3541406-FEDF873107A44641895ADF737552C47F;SP;Presidente Prudente;2025-03-17;2025-03-17;1;0,1831;Área do imóvel;IRU;Aguardando análise;AT;4,0283
SP-3541406-FF25B513747C49D9B34C9DE0E226CDE4;SP;Presidente Prudente;2025-07-22;2025-07-22;3;0,2524;Área do imóvel;IRU;Analisado, em conformidade com a Lei nº 12.651/2012, com ativos ambientais;AT;5,5566
SP-3541406-FF4379254DBC4FCEBC329545124B4599;SP;Presidente Prudente;2023-06-29;2023-09-12;1;0,3283;Área do imóvel;IRU;Analisado, em conformidade com a Lei nº 12.651/2012;AT;7,2283
SP-3541406-FF72A62A4010457398F0961DBCED07C6;SP;Presidente Prudente;2025-07-22;2025-07-22;3;0,5027;Área do imóvel;IRU;Analisado, aguardando regularização ambiental (Lei nº 12.651/2012);AT;11,0681
SP-3541406-FF9308A2CF5E4E3880E728F860F3618D;SP;Presidente Prudente;2025-03-15;2025-03-15;2;0,3100;Área do imóvel;IRU;Aguardando análise;AT;6,8250
SP-3541406-32F082775EFA4BFB880D3FFF589CB8AD;SP;Presidente Prudente;2015-06-18;2025-11-03;0;0,4298;Área do imóvel;AST;Aguardando análise;AT;9,5506
SP-3501301-ABF7A48AD9FE4B42955329E4207C8274;SP;Presidente Prudente;2025-08-27;2025-09-07;3;0,1197;Área do imóvel;IRU;Analisado, em conformidade com a Lei nº 12.651/2012;AT;2,6363
SP-3541406-01153D6BC2E249E88E4CC963728D2A3F;SP;Presidente Prudente;2026-09-02;2026-09-02;11;0,3201;Área do imóvel;IRU;Aguardando análise;AT;7,0432
SP-3541406-01995986E3794E1EB609D3A5A07145DD;SP;Presidente Prudente;2026-02-25;2026-03-03;3;4,3015;Área do imóvel;IRU;Analisado, aguardando atendimento a notificação;AT;94,6337
SP-3541406-073856EF4B9443CCBF67874B46FC9423;SP;Presidente Prudente;2026-09-16;2026-09-18;2;0,3219;Área do imóvel;IRU;Analisado, aguardando atendimento a notificação;AT;7,0823
SP-3541406-08749A89DB594728824A3C28CBBD998D;SP;Presidente Prudente;2025-11-19;2025-11-19;1;1,0949;Área do imóvel;IRU;Aguardando análise;AT;24,1060
SP-3541406-08D99DBBB74D4105AF328C676EF0E704;SP;Presidente Prudente;2025-09-10;2025-09-10;1;0,1432;Área do imóvel;IRU;Aguardando análise;AT;3,1502
SP-3541406-09BA85B94E0E4F44B4BB49AC1D3DF2B7;SP;Presidente Prudente;2025-11-19;2025-11-19;3;0,5236;Área do imóvel;IRU;Analisado, em conformidade com a Lei nº 12.651/2012, com ativos ambientais;AT;11,5277
SP-3541406-0D38C88769174EC6BA04F5724E4FB6F3;SP;Presidente Prudente;2026-06-17;2026-06-19;7;0,2815;Área do imóvel;IRU;Analisado, aguardando atendimento a notificação;AT;6,1931
SP-3541406-0FF7EBE19449477BAEBFF109E8D588F0;SP;Presidente Prudente;2025-09-05;2025-09-08;2;0,4073;Área do imóvel;IRU;Analisado, em conformidade com a Lei nº 12.651/2012, com ativos ambientais;AT;8,9609
SP-3541406-109793F754584298BC678CC06EF0BEE8;SP;Presidente Prudente;2026-01-07;2026-01-08;0;0,3128;Área do imóvel;IRU;Analisado, aguardando atendimento a notificação;AT;6,8819
SP-3541406-116528849C2F42DC98B1ED4A075A8DBF;SP;Presidente Prudente;2025-10-22;2025-10-22;2;5,2459;Área do imóvel;IRU;Aguardando análise;AT;115,4089
SP-3541406-11C45D600A61431C9E2B88718D49A086;SP;Presidente Prudente;2025-09-06;2025-09-09;0;0,0236;Área do imóvel;IRU;Analisado, em conformidade com a Lei nº 12.651/2012;AT;0,5191
SP-3541406-11E9DA6B4A364A3A8E0383D7EDECBB79;SP;Presidente Prudente;2026-08-13;2026-08-13;4;0,6046;Área do imóvel;IRU;Aguardando análise;AT;13,3017
SP-3541406-1207C53DEDD44D6088C8301E86CD5639;SP;Presidente Prudente;2026-09-15;2026-09-15;4;0,8784;Área do imóvel;IRU;Aguardando análise;AT;19,3244
SP-3541406-1309B64555DF49D3A4317B0894295E74;SP;Presidente Prudente;2026-06-19;2026-06-19;2;1,1045;Área do imóvel;IRU;Aguardando análise;AT;24,2979
SP-3541406-1376619CC914419E9752DD11C59F41C0;SP;Presidente Prudente;2026-07-22;2026-07-22;0;0,2377;Área do imóvel;IRU;Aguardando análise, após revisão ou atendimento da notificação;AT;5,2301
SP-3541406-1447DBBFC8934A2CA7DEA36EBA8A9A34;SP;Presidente Prudente;2025-08-21;2025-09-06;4;1,4585;Área do imóvel;IRU;Analisado, aguardando regularização ambiental (Lei nº 12.651/2012);AT;32,0873
SP-3541406-1559F1BECC1340C58978CC47D203636E;SP;Presidente Prudente;2026-01-09;2026-01-12;3;1,9359;Área do imóvel;IRU;Analisado, aguardando atendimento a notificação;AT;42,5901
SP-3541406-1691DC5FBBDC446C84CD63B29913AC09;SP;Presidente Prudente;2026-07-20;2026-08-25;8;27,2705;Área do imóvel;IRU;Em análise;AT;599,9503
SP-3541406-176C4A40DEEE43DFAAD8EBE9E3319E12;SP;Presidente Prudente;2025-11-10;2025-11-14;0;0,1113;Área do imóvel;IRU;Analisado, em conformidade com a Lei nº 12.651/2012;AT;2,4479
SP-3541406-17DD7D8FD1DA48E5BEC8009EB0DF80A2;SP;Presidente Prudente;2025-11-19;2025-11-19;4;0,5861;Área do imóvel;IRU;Analisado, em conformidade com a Lei nº 12.651/2012;AT;12,8951
SP-3541406-182D1B1A63F5472B8C8B77CEFF024F35;SP;Presidente Prudente;2025-11-10;2025-11-10;0;0,8321;Área do imóvel;IRU;Aguardando análise;AT;18,3065
SP-3541406-1877B6844B3C4EE594B783156DC3B0C2;SP;Presidente Prudente;2026-04-28;2026-04-28;0;0,1600;Área do imóvel;IRU;Analisado, em conformidade com a Lei nº 12.651/2012;AT;3,4870
SP-3541406-194871CE1E58488C8D3AF7804DC81B70;SP;Presidente Prudente;2025-09-12;2025-09-22;5;1,4054;Área do imóvel;IRU;Analisado, em conformidade com a Lei nº 12.651/2012, com ativos ambientais;AT;30,9181
SP-3541406-1AA19E140AB84DDDA25B116774D6E561;SP;Presidente Prudente;2025-08-27;2025-09-07;2;0,3847;Área do imóvel;IRU;Analisado, em conformidade com a Lei nº 12.651/2012, com ativos ambientais;AT;8,4697
SP-3541406-1AF9BBE30C0A4D238405B3ACA40D67CA;SP;Presidente Prudente;2025-10-24;2025-10-27;3;1,4342;Área do imóvel;IRU;Analisado, aguardando regularização ambiental (Lei nº 12.651/2012);AT;31,5776
SP-3541406-1F7F30F1CA69435BA3750FA4259F74B0;SP;Presidente Prudente;2026-07-08;2026-07-09;2;0,5937;Área do imóvel;IRU;Analisado, aguardando atendimento a notificação;AT;13,0625
SP-3541406-2456B8E4E3634F7CBE94C7043D4F2AAD;SP;Presidente Prudente;2025-10-30;2025-10-30;8;1,9551;Área do imóvel;IRU;Analisado, aguardando regularização ambiental (Lei nº 12.651/2012);AT;43,0119
SP-3541406-26B1C076C7FC4437AE9F43E5F0571CE5;SP;Presidente Prudente;2026-04-01;2026-04-15;2;0,8711;Área do imóvel;IRU;Aguardando análise, após revisão ou atendimento da notificação;AT;19,1638
SP-3541406-28371536E33B4801AD5AB99C76D1EE1E;SP;Presidente Prudente;2026-02-19;2026-03-19;0;0,5491;Área do imóvel;IRU;Analisado, aguardando atendimento a notificação;AT;12,0791
SP-3541406-294E60107DF94FEA83F7D17AF29A8540;SP;Presidente Prudente;2025-09-08;2025-09-19;6;2,0718;Área do imóvel;IRU;Analisado, aguardando regularização ambiental (Lei nº 12.651/2012);AT;45,6133
SP-3541406-2984A2CC51CD4A328F0E5DA48CA1200D;SP;Presidente Prudente;2025-10-15;2026-01-12;2;1,5539;Área do imóvel;IRU;Analisado, aguardando atendimento a notificação;AT;34,1865
SP-3541406-2D88BDD28E4F461481287B48022D5546;SP;Presidente Prudente;2025-11-19;2026-06-11;2;0,9078;Área do imóvel;IRU;Analisado, aguardando atendimento a notificação;AT;19,9712
SP-3541406-2F9D96994F8146C59DB8D2C634294D6A;SP;Presidente Prudente;2026-03-28;2026-03-30;0;0,2251;Área do imóvel;IRU;Analisado, em conformidade com a Lei nº 12.651/2012;AT;4,9514
SP-3541406-2FBB0CDC7E2F4A57BBF30A731EA46766;SP;Presidente Prudente;2026-07-20;2026-07-22;3;0,6200;Área do imóvel;IRU;Aguardando análise, após revisão ou atendimento da notificação;AT;13,6738
SP-3541406-30A2F214ED084984AE1FC671AC9C1AEE;SP;Presidente Prudente;2026-03-23;2026-03-23;1;2,6602;Área do imóvel;IRU;Aguardando análise;AT;58,5248
SP-3541406-319F8091D86E4773A865EE503567AF90;SP;Presidente Prudente;2026-04-10;2026-04-16;6;3,4000;Área do imóvel;IRU;Aguardando análise;AT;74,7022
SP-3541406-32C50C15F897400199E52DB38AC107EA;SP;Presidente Prudente;2026-05-05;2026-08-14;4;0,2191;Área do imóvel;IRU;Em análise;AT;4,8193
SP-3541406-3447DBC63F984DD3B1F4F01676BE8669;SP;Presidente Prudente;2026-07-20;2026-07-22;0;0,2600;Área do imóvel;IRU;Aguardando análise, após revisão ou atendimento da notificação;AT;5,6306
SP-3541406-372698C7BEF64ED381B0811E39B11478;SP;Presidente Prudente;2025-09-06;2025-09-09;2;1,3908;Área do imóvel;IRU;Aguardando análise;AT;30,6220
SP-3541406-386375E378CB40C18E8ADB742FDA0ABB;SP;Presidente Prudente;2026-08-27;2026-08-27;4;1,4667;Área do imóvel;IRU;Analisado, aguardando atendimento a notificação;AT;32,2933
SP-3541406-389D02A07315489885BF06C888626F86;SP;Presidente Prudente;2026-03-19;2026-03-19;0;1,1855;Área do imóvel;IRU;Aguardando análise;AT;26,0814
SP-3541406-3B4CF72C39034AC58933AA1544A7260E;SP;Presidente Prudente;2025-08-27;2025-09-07;2;0,9964;Área do imóvel;IRU;Aguardando análise;AT;21,9938
SP-3541406-3BF8477D6ABC4B3B82DD887D4C2DC18E;SP;Presidente Prudente;2025-08-29;2025-09-07;2;1,1371;Área do imóvel;IRU;Analisado, aguardando regularização ambiental (Lei nº 12.651/2012);AT;25,0345
SP-3541406-3D23756BC1E24419B73AB1F45B7E3785;SP;Presidente Prudente;2025-09-03;2025-09-08;1;0,9009;Área do imóvel;IRU;Analisado, aguardando atendimento a notificação;AT;19,8191
SP-3541406-3F94700FA9484D35BF2FCA285BC1B322;SP;Presidente Prudente;2025-09-22;2025-09-22;3;0,7063;Área do imóvel;IRU;Aguardando análise;AT;15,5390
SP-3541406-40D8C68D93ED44CA9071773A36CB9980;SP;Presidente Prudente;2026-09-16;2026-09-16;3;0,4325;Área do imóvel;IRU;Aguardando análise;AT;9,5149
SP-3541406-42CF1A627F004C38845417214A30CD30;SP;Presidente Prudente;2025-11-20;2025-11-20;3;2,2872;Área do imóvel;IRU;Aguardando análise;AT;50,3175
SP-3541406-4403869F24434ACCA651AB9E3AE0B566;SP;Presidente Prudente;2025-09-05;2025-09-08;7;1,3198;Área do imóvel;IRU;Analisado, em conformidade com a Lei nº 12.651/2012, com ativos ambientais;AT;29,0362
SP-3541406-44788888325F4D1EBBF4D681C2DB1944;SP;Presidente Prudente;2026-09-10;2026-09-10;0;0,7700;Área do imóvel;IRU;Aguardando análise;AT;16,9109
SP-3541406-4926EC334F674C9693B1A5325EE948B5;SP;Presidente Prudente;2026-08-11;2026-08-13;0;0,0900;Área do imóvel;IRU;Analisado, em conformidade com a Lei nº 12.651/2012;AT;1,9883
SP-3541406-4930F413FC8648BC927373669F2B88D9;SP;Presidente Prudente;2025-08-26;2025-09-06;1;0,2537;Área do imóvel;IRU;Analisado, em conformidade com a Lei nº 12.651/2012;AT;5,5852
SP-3541406-4B014121EB2347B9A6D482C4C405A6FE;SP;Presidente Prudente;2025-10-27;2025-10-27;1;0,1764;Área do imóvel;IRU;Aguardando análise;AT;3,8805
SP-3541406-4B53D004BAF94EDFA54BFA8CF0F6367B;SP;Presidente Prudente;2025-09-13;2025-09-18;3;0,1876;Área do imóvel;IRU;Aguardando análise, após revisão ou atendimento da notificação;AT;4,1274
SP-3541406-4B6B6A4BBF74454A8367F39758B81930;SP;Presidente Prudente;2025-09-16;2025-09-16;3;0,7281;Área do imóvel;IRU;Aguardando análise;AT;16,0299
SP-3541406-4B7D3CD4945146DF940966DA19D48992;SP;Presidente Prudente;2025-08-27;2025-09-06;8;0,2896;Área do imóvel;IRU;Analisado, em conformidade com a Lei nº 12.651/2012, com ativos ambientais;AT;6,3720
SP-3541406-4C120ED1A1FF49548BF463E47D0572C5;SP;Presidente Prudente;2026-08-14;2026-08-27;1;42,6861;Área do imóvel;IRU;Aguardando análise, após revisão ou atendimento da notificação;AT;939,0937
SP-3541406-4D78D45D374245279263113FF2BF9730;SP;Presidente Prudente;2025-09-17;2025-09-18;0;0,1185;Área do imóvel;IRU;Analisado, aguardando atendimento a notificação;AT;2,6060
SP-3541406-4E2B8315DDFA465EB9F77E61C60DDBD1;SP;Presidente Prudente;2025-08-27;2025-09-07;1;1,4350;Área do imóvel;IRU;Aguardando análise;AT;31,5937
SP-3541406-4E6D419F5FBB4B1CBF8DEFBD1702C182;SP;Presidente Prudente;2025-11-12;2025-11-12;3;0,6067;Área do imóvel;IRU;Aguardando análise;AT;13,3473
SP-3541406-4F2DA9D3BE274296B2AEBC916C381741;SP;Presidente Prudente;2025-09-08;2025-09-09;0;0,2906;Área do imóvel;IRU;Aguardando análise;AT;6,3939
SP-3541406-4FA4AB2661D64DB894ECF0DF9C718D32;SP;Presidente Prudente;2025-08-27;2025-09-07;2;0,5534;Área do imóvel;IRU;Analisado, em conformidade com a Lei nº 12.651/2012, com ativos ambientais;AT;12,1840
SP-3541406-5089A365A5FC44BEA59BFC4A69604110;SP;Presidente Prudente;2025-10-24;2025-10-27;3;1,0871;Área do imóvel;IRU;Analisado, em conformidade com a Lei nº 12.651/2012, com ativos ambientais;AT;23,9156
SP-3541406-50CE230EBAC74E8EAC83FE976E78D2C3;SP;Presidente Prudente;2026-08-04;2026-08-04;2;0,3474;Área do imóvel;IRU;Analisado, aguardando atendimento a notificação;AT;7,6428
SP-3541406-516703FC128C489D820C4A58AFE88DC9;SP;Presidente Prudente;2026-03-25;2026-03-25;4;0,0914;Área do imóvel;IRU;Aguardando análise;AT;2,0126
SP-3541406-51C97C224118448E912D74691D30CBFA;SP;Presidente Prudente;2025-11-14;2025-11-15;0;0,1237;Área do imóvel;IRU;Aguardando análise, após revisão ou atendimento da notificação;AT;2,7217
SP-3541406-52F752BA2E5A4D9D8A8DA576CBC0DD02;SP;Presidente Prudente;2025-11-12;2025-11-14;2;1,1220;Área do imóvel;IRU;Analisado, aguardando regularização ambiental (Lei nº 12.651/2012);AT;24,7220
SP-3541406-541E1575869646FBA161804E9E40EAC4;SP;Presidente Prudente;2026-06-10;2026-06-10;0;0,1135;Área do imóvel;IRU;Analisado, aguardando atendimento a notificação;AT;2,4974
SP-3541406-5894B8B49AB2428C8F1EB81CB25813D1;SP;Presidente Prudente;2025-08-27;2025-09-07;2;0,5699;Área do imóvel;IRU;Analisado, em conformidade com a Lei nº 12.651/2012;AT;12,5462
SP-3541406-59FECB293DC949DE91F7D094D2426C37;SP;Presidente Prudente;2025-09-26;2025-10-02;2;0,4625;Área do imóvel;IRU;Aguardando análise;AT;10,1750
SP-3541406-5CC75E32D7094874B6A1C1259671C7C3;SP;Presidente Prudente;2026-09-07;2026-09-07;6;0,3286;Área do imóvel;IRU;Aguardando análise;AT;7,2300
SP-3541406-609DE3BC01DE46E09675DD01D77C396D;SP;Presidente Prudente;2026-04-17;2026-04-18;2;0,5323;Área do imóvel;IRU;Aguardando análise, após revisão ou atendimento da notificação;AT;11,7103
SP-3541406-6205ADC7374C4795910E41ACC2889318;SP;Presidente Prudente;2026-03-30;2026-03-30;9;2,8359;Área do imóvel;IRU;Aguardando análise;AT;62,3900
SP-3541406-62BCC8E215184D10BB595D471894E377;SP;Presidente Prudente;2026-03-24;2026-03-24;1;0,3272;Área do imóvel;IRU;Aguardando análise;AT;7,2048
SP-3541406-642005124DE84EEAA6B5A078BA04B169;SP;Presidente Prudente;2026-03-10;2026-03-11;2;12,0610;Área do imóvel;IRU;Analisado, aguardando atendimento a notificação;AT;265,3411
SP-3541406-645DD37D145D49D59561F9E8ED75EF21;SP;Presidente Prudente;2025-11-12;2025-11-14;4;0,3307;Área do imóvel;IRU;Analisado, aguardando atendimento a notificação;AT;7,2762
SP-3541406-65A54E5F37C4407A8D95679F349BCFAA;SP;Presidente Prudente;2025-11-20;2025-11-20;3;0,2498;Área do imóvel;IRU;Aguardando análise;AT;5,4962
SP-3541406-6712F82AF51F4BAA9F6BA87891346A72;SP;Presidente Prudente;2026-09-09;2026-09-09;3;0,9309;Área do imóvel;IRU;Aguardando análise;AT;20,4805
SP-3541406-6811EBF3648145C1955BB646DFC38E0E;SP;Presidente Prudente;2025-09-10;2025-09-10;3;0,0609;Área do imóvel;IRU;Aguardando análise;AT;1,3388
SP-3541406-6C4AD1AD0DA845DAABE2890A009E9B17;SP;Presidente Prudente;2025-11-14;2025-11-15;1;0,1237;Área do imóvel;IRU;Aguardando análise, após revisão ou atendimento da notificação;AT;2,7217
SP-3541406-6DF1691156FA4C759CDFA3877A74A28A;SP;Presidente Prudente;2026-02-27;2026-03-03;0;0,6867;Área do imóvel;IRU;Analisado, aguardando atendimento a notificação;AT;15,1080
SP-3541406-6F0448C5A2234BFBA7B4E61F95C4B445;SP;Presidente Prudente;2026-04-15;2026-04-16;1;0,2455;Área do imóvel;IRU;Aguardando análise, após revisão ou atendimento da notificação;AT;5,4020
SP-3541406-6FDDAB4B943B474AB6B07F5946986606;SP;Presidente Prudente;2026-09-02;2026-09-03;0;0,2300;Área do imóvel;IRU;Analisado, em conformidade com a Lei nº 12.651/2012;AT;5,0750
SP-3541406-710A6180582A4572894368F8394BF9F8;SP;Presidente Prudente;2026-04-15;2026-04-16;3;0,6949;Área do imóvel;IRU;Analisado, aguardando atendimento a notificação;AT;15,2873
SP-3541406-72DA0ECEB9724A84ADDF9FF5F2E31661;SP;Presidente Prudente;2025-09-10;2025-09-10;4;0,8849;Área do imóvel;IRU;Analisado, em conformidade com a Lei nº 12.651/2012, com ativos ambientais;AT;19,4835
SP-3541406-7312EBCC1AD94B39A7DB861B449EB010;SP;Presidente Prudente;2025-09-08;2025-09-09;0;0,1566;Área do imóvel;IRU;Analisado, aguardando atendimento a notificação;AT;3,4453
SP-3541406-734112BB3F154305BC5546EEEABD8E90;SP;Presidente Prudente;2026-01-06;2026-01-06;0;0,9414;Área do imóvel;IRU;Aguardando análise;PE;20,7101
SP-3541406-73588A9E8D7848109BB532A3C07F0E40;SP;Presidente Prudente;2025-09-08;2025-09-09;3;0,8980;Área do imóvel;IRU;Analisado, em conformidade com a Lei nº 12.651/2012, com ativos ambientais;AT;19,7557
SP-3541406-7402C5F13C8B4B28863C9C61271D746D;SP;Presidente Prudente;2025-09-24;2025-09-26;3;1,7152;Área do imóvel;IRU;Analisado, aguardando atendimento a notificação;AT;37,7334
SP-3541406-74907A9EA2FF476D80B9C10B96AC3D04;SP;Presidente Prudente;2025-12-18;2025-12-22;0;1,0941;Área do imóvel;IRU;Analisado, aguardando atendimento a notificação;AT;24,0708
SP-3541406-767463A4C9C64F00878979C46758CFCA;SP;Presidente Prudente;2025-09-17;2025-09-18;0;0,1278;Área do imóvel;IRU;Analisado, aguardando atendimento a notificação;AT;2,8112
SP-3541406-788E7EC6F19F4044B88FB607AD2A1F73;SP;Presidente Prudente;2025-09-12;2025-09-13;7;3,8663;Área do imóvel;IRU;Analisado, aguardando regularização ambiental (Lei nº 12.651/2012);AT;85,1561
SP-3541406-793C105BD0F74B409606028472672C1F;SP;Presidente Prudente;2025-08-27;2025-09-07;1;0,5824;Área do imóvel;IRU;Aguardando análise;AT;12,8220
SP-3541406-7B8B3C6CBE894D5096ED1E15A71C6045;SP;Presidente Prudente;2025-08-21;2025-09-06;4;2,5456;Área do imóvel;IRU;Analisado, aguardando regularização ambiental (Lei nº 12.651/2012);AT;56,0030
SP-3541406-7E8112EAE7194C53B6BA43A45015D838;SP;Presidente Prudente;2026-03-23;2026-04-15;10;23,0207;Área do imóvel;IRU;Aguardando análise, após revisão ou atendimento da notificação;AT;511,3078
SP-3541406-7EEA5F5D2FD642EEBE6CBBC93059B2A1;SP;Presidente Prudente;2026-08-19;2026-08-19;0;0,1200;Área do imóvel;IRU;Analisado, em conformidade com a Lei nº 12.651/2012;AT;2,7046
SP-3541406-80A141BB862C484FA5242A6A69B667F6;SP;Presidente Prudente;2025-11-05;2025-11-06;2;1,0948;Área do imóvel;IRU;Analisado, em conformidade com a Lei nº 12.651/2012, com ativos ambientais;AT;24,1035
SP-3541406-81371C2CE5F94E4AB81F9483970B3F2E;SP;Presidente Prudente;2025-08-29;2025-09-07;3;0,7493;Área do imóvel;IRU;Analisado, em conformidade com a Lei nº 12.651/2012, com ativos ambientais;AT;16,4964
SP-3541406-8486DF4EDB77495FB9B2463543DF97D7;SP;Presidente Prudente;2025-12-05;2026-01-29;4;4,6823;Área do imóvel;IRU;Aguardando análise, após revisão ou atendimento da notificação;AT;103,0115
SP-3541406-84DA62387C1E4049BF3B59D02F88C905;SP;Presidente Prudente;2025-11-19;2025-11-19;2;0,4694;Área do imóvel;IRU;Analisado, em conformidade com a Lei nº 12.651/2012, com ativos ambientais;AT;10,3257
SP-3541406-86CADBF821F241BAAE12114CD91DDB5B;SP;Presidente Prudente;2025-10-27;2025-10-27;1;0,1636;Área do imóvel;IRU;Aguardando análise;AT;3,6001
SP-3541406-88965ABA535D483F90389B2B1BC5EF00;SP;Presidente Prudente;2026-03-24;2026-03-24;3;2,6445;Área do imóvel;IRU;Aguardando análise;AT;58,1792
SP-3541406-895B74CE1DFC43C8BE5816D6090D1FA1;SP;Presidente Prudente;2026-07-22;2026-07-22;0;0,1583;Área do imóvel;IRU;Analisado, aguardando atendimento a notificação;AT;3,4836
SP-3541406-89F96C1155B2471A9A1EF8AD591E9B8A;SP;Presidente Prudente;2026-07-30;2026-07-30;7;126,0726;Área do imóvel;IRU;Aguardando análise;AT;2775,7687
SP-3541406-8A18D28E11664A7393B28D7E978177D3;SP;Presidente Prudente;2026-07-20;2026-07-29;2;3,9967;Área do imóvel;IRU;Aguardando análise;AT;87,9270
SP-3541406-8BFE4F76CC714FE5A2A61D625FCCD880;SP;Presidente Prudente;2025-11-19;2025-11-19;2;2,2114;Área do imóvel;IRU;Aguardando análise;AT;48,6883
SP-3541406-8E828F1538414BF0AD7AE32BE9D4C770;SP;Presidente Prudente;2025-09-24;2025-09-26;4;0,1719;Área do imóvel;IRU;Analisado, em conformidade com a Lei nº 12.651/2012;AT;3,7811
SP-3541406-9225FD0E21F4498D8C5126AC1D5E9D20;SP;Presidente Prudente;2026-05-20;2026-05-20;2;0,3600;Área do imóvel;IRU;Aguardando análise;AT;8,4538
SP-3541406-93523F738CBB4CFC894211E23E63FC2C;SP;Presidente Prudente;2025-08-27;2025-09-07;2;0,7122;Área do imóvel;IRU;Aguardando análise;AT;15,6825
SP-3541406-94BB8F72095240A4B069B3EA73B13C71;SP;Presidente Prudente;2025-11-13;2025-11-14;0;0,1101;Área do imóvel;IRU;Analisado, aguardando atendimento a notificação;AT;2,4216
SP-3541406-95A2D5BDA50E4606A6C58A9EC9405235;SP;Presidente Prudente;2025-11-14;2025-11-15;1;0,1237;Área do imóvel;IRU;Aguardando análise, após revisão ou atendimento da notificação;AT;2,7217
SP-3541406-96B62E42C9E849E5ADCEF816A5D9C862;SP;Presidente Prudente;2025-09-05;2025-09-09;5;0,6788;Área do imóvel;IRU;Analisado, em conformidade com a Lei nº 12.651/2012, com ativos ambientais;AT;14,9434
SP-3541406-98D94C7596E34BC1A29AE7CEA7056DFA;SP;Presidente Prudente;2026-04-21;2026-04-21;4;0,1100;Área do imóvel;IRU;Aguardando análise;AT;2,4219
SP-3541406-9952A8C242C243F4A9D0805401EC7F93;SP;Presidente Prudente;2025-12-15;2025-12-22;0;0,2141;Área do imóvel;IRU;Analisado, aguardando atendimento a notificação;AT;4,7104
SP-3541406-9BA3629AB72B4AB493FDCC7979403C79;SP;Presidente Prudente;2025-12-04;2025-12-05;3;9,2721;Área do imóvel;IRU;Analisado, aguardando atendimento a notificação;AT;203,9859
SP-3541406-9D851895C0F4431A9EF245C4A8566C7C;SP;Presidente Prudente;2025-10-15;2025-10-15;5;0,8915;Área do imóvel;IRU;Analisado, aguardando atendimento a notificação;AT;19,6128
SP-3541406-9EDD7ED6BA014E7487B8504B45157313;SP;Presidente Prudente;2026-09-11;2026-09-11;3;0,2505;Área do imóvel;IRU;Aguardando análise;AT;5,5109
SP-3541406-A0236C1357054E768B24A30435A8CE8C;SP;Presidente Prudente;2025-09-11;2025-09-11;6;1,6207;Área do imóvel;IRU;Aguardando análise;AT;35,7043
SP-3541406-A54FF74D989C4E04B2A7B0A1D9977425;SP;Presidente Prudente;2026-06-08;2026-06-11;2;1,3431;Área do imóvel;IRU;Analisado, aguardando atendimento a notificação;AT;29,5479
SP-3541406-A5A84BB44C9D464EBF37FD475E089177;SP;Presidente Prudente;2026-07-16;2026-07-17;0;0,0976;Área do imóvel;IRU;Analisado, aguardando atendimento a notificação;AT;2,1463
SP-3541406-A88943A7A46C441AA0FF92A8A762E468;SP;Presidente Prudente;2026-07-31;2026-08-01;0;0,3447;Área do imóvel;IRU;Aguardando análise, após revisão ou atendimento da notificação;AT;7,8602
SP-3541406-ABF8DB324A7640E79FD2F0CFAB3FC3CC;SP;Presidente Prudente;2025-11-28;2026-08-26;2;1,5014;Área do imóvel;IRU;Analisado, em conformidade com a Lei nº 12.651/2012, com ativos ambientais;AT;33,0299
SP-3541406-AFB744F2C2554077AD056F139782D3FE;SP;Presidente Prudente;2025-11-10;2025-11-14;0;1,0321;Área do imóvel;IRU;Analisado, aguardando regularização ambiental (Lei nº 12.651/2012);AT;22,7069
SP-3541406-B4B165DEB771479181CD63C2A08C9F28;SP;Presidente Prudente;2026-03-26;2026-03-26;2;6,1597;Área do imóvel;IRU;Aguardando análise;AT;135,5137
SP-3541406-B58BCA00E60548D0B0F93431FB852E38;SP;Presidente Prudente;2025-08-21;2025-09-06;3;1,2140;Área do imóvel;IRU;Analisado, aguardando atendimento a notificação;AT;26,7076
SP-3541406-B60C1EBCE5014F2289A65C86A5C736D0;SP;Presidente Prudente;2025-10-08;2025-10-08;1;0,1883;Área do imóvel;IRU;Aguardando análise;AT;4,1424
SP-3541406-B73BA5BACFE740A998B9D5A8A9C0CBD4;SP;Presidente Prudente;2025-10-15;2025-10-15;2;2,1036;Área do imóvel;IRU;Aguardando análise;AT;46,3143
SP-3541406-B7CF040816674E7B83792B9C2E7BC2AB;SP;Presidente Prudente;2025-10-22;2025-10-23;2;1,1323;Área do imóvel;IRU;Analisado, aguardando atendimento a notificação;AT;24,9309
SP-3541406-B8B30A502C20434087C357B12627D2C9;SP;Presidente Prudente;2026-02-26;2026-03-03;0;0,1239;Área do imóvel;IRU;Analisado, aguardando atendimento a notificação;AT;2,7264
SP-3541406-B93F0EAFF45940A4889B48C739B19173;SP;Presidente Prudente;2025-11-19;2025-11-19;5;3,9716;Área do imóvel;IRU;Aguardando análise;AT;92,2973
SP-3541406-BAB51EBB1E954722BF39C7CFB43C6188;SP;Presidente Prudente;2026-02-05;2026-02-05;0;0,1873;Área do imóvel;IRU;Aguardando análise, após revisão ou atendimento da notificação;AT;4,1196
SP-3541406-BEDF9247AB3B465F8A96EA68C5DF5F84;SP;Presidente Prudente;2026-03-19;2026-03-20;2;0,5387;Área do imóvel;IRU;Aguardando análise, após revisão ou atendimento da notificação;AT;11,8510
SP-3541406-C0934584A57D411292D0915B085DC584;SP;Presidente Prudente;2025-09-12;2025-10-29;0;0,9900;Área do imóvel;IRU;Aguardando análise, após revisão ou atendimento da notificação;AT;21,7797
SP-3541406-C4B40419EBC24CFD9399982D13F8299F;SP;Presidente Prudente;2025-09-25;2025-09-25;1;0,3322;Área do imóvel;IRU;Analisado, aguardando atendimento a notificação;AT;7,3083
SP-3541406-C57D729CDCD245358E22640BF8FCDECC;SP;Presidente Prudente;2026-07-22;2026-07-22;3;0,1412;Área do imóvel;IRU;Aguardando análise, após revisão ou atendimento da notificação;AT;3,1069
SP-3541406-C61E147DA851462C84B2A2FBF6F45765;SP;Presidente Prudente;2025-12-19;2025-12-22;0;0,1306;Área do imóvel;IRU;Aguardando análise, após revisão ou atendimento da notificação;AT;2,8733
SP-3541406-C6BAE4DEFB134FF98E9F94DE3C5C6F44;SP;Presidente Prudente;2025-11-03;2025-11-03;5;0,6840;Área do imóvel;IRU;Analisado, aguardando regularização ambiental (Lei nº 12.651/2012);AT;15,0588
SP-3541406-C7FB27422C89445CB7B4123F6BDDFB77;SP;Presidente Prudente;2025-11-19;2025-11-19;3;0,5493;Área do imóvel;IRU;Aguardando análise;AT;12,0838
SP-3541406-CA3E9174D05741D0951049059AFF1C57;SP;Presidente Prudente;2025-10-27;2025-10-27;1;0,3827;Área do imóvel;IRU;Aguardando análise;AT;8,4189
SP-3541406-CE4B640CF8D04CB18BC99E28C97777A3;SP;Presidente Prudente;2025-09-16;2025-09-16;1;2,7082;Área do imóvel;IRU;Aguardando análise;AT;59,6262
SP-3541406-CFDDD0B47C554FFE9CC987BF54CD452D;SP;Presidente Prudente;2025-08-27;2025-09-06;2;0,0936;Área do imóvel;IRU;Aguardando análise;AT;2,0602
SP-3541406-D43F2320565F43C0AE7A7BA018532762;SP;Presidente Prudente;2026-06-19;2026-06-19;10;0,2558;Área do imóvel;IRU;Aguardando análise;AT;5,6285
SP-3541406-D7CDCD35ADB1470DA6F002355AD37F44;SP;Presidente Prudente;2025-08-26;2025-09-06;1;1,0972;Área do imóvel;IRU;Aguardando análise;AT;24,1570
SP-3541406-D940A835F8D94743B8F02E099CED062A;SP;Presidente Prudente;2025-09-03;2025-09-08;0;0,1031;Área do imóvel;IRU;Analisado, aguardando atendimento a notificação;AT;2,2678
SP-3541406-DA26A1D7D17E4A968F1528AE2F6FD042;SP;Presidente Prudente;2025-10-28;2025-10-28;2;1,3069;Área do imóvel;IRU;Aguardando análise;AT;28,7511
SP-3541406-DC0CFD33CC9845C5AB69591AF713D602;SP;Presidente Prudente;2025-11-26;2025-11-26;0;0,3508;Área do imóvel;IRU;Analisado, aguardando atendimento a notificação;AT;7,7170
SP-3541406-DCC7E862C4EA41D38C21E340298B7FDE;SP;Presidente Prudente;2026-09-14;2026-09-14;0;0,0899;Área do imóvel;IRU;Aguardando análise;AT;1,9785
SP-3541406-DCEA71D74D6D45F79AAE8C2806A4BC1E;SP;Presidente Prudente;2025-10-09;2025-10-09;1;0,4045;Área do imóvel;IRU;Aguardando análise;AT;8,8991
SP-3541406-DEBE2078759A4D0C94C7B777074368E6;SP;Presidente Prudente;2025-10-27;2025-10-27;2;0,4445;Área do imóvel;IRU;Aguardando análise;AT;9,7863
SP-3541406-DF6238EF0E4C486EBF1A704E838B5E69;SP;Presidente Prudente;2026-06-19;2026-06-19;3;1,8197;Área do imóvel;IRU;Analisado, aguardando atendimento a notificação;AT;40,0342
SP-3541406-DFB14216DFF6401781731DB79CD73EA9;SP;Presidente Prudente;2026-03-18;2026-03-18;7;5,8167;Área do imóvel;IRU;Aguardando análise;AT;127,9670
SP-3541406-E0A8C6C8E5084376BDAEF0E0E8066FE3;SP;Presidente Prudente;2026-05-20;2026-09-04;0;11,7081;Área do imóvel;IRU;Analisado, aguardando atendimento a notificação;AT;257,6070
SP-3541406-E6A42CB21DF7473FBB6C93AD5D16BB3B;SP;Presidente Prudente;2026-08-21;2026-08-22;0;0,0885;Área do imóvel;IRU;Analisado, em conformidade com a Lei nº 12.651/2012;AT;1,9465
SP-3541406-E817BEED651D4E1E9CC0E5001077AE91;SP;Presidente Prudente;2025-08-26;2025-09-06;1;0,3349;Área do imóvel;IRU;Analisado, aguardando regularização ambiental (Lei nº 12.651/2012);AT;7,3740
SP-3541406-E825C65C8E9648A3BE7E3EF853C7E933;SP;Presidente Prudente;2025-11-26;2025-11-26;7;2,6406;Área do imóvel;IRU;Analisado, aguardando atendimento a notificação;AT;58,0939
SP-3541406-EADDD650336A425C98A20EEC72B145B6;SP;Presidente Prudente;2026-08-03;2026-08-24;15;3,2838;Área do imóvel;IRU;Analisado, aguardando regularização ambiental (Lei nº 12.651/2012);AT;72,2984
SP-3541406-EBFA40BCBAC84F7C973A4F84F821411F;SP;Presidente Prudente;2025-12-10;2025-12-11;0;0,5371;Área do imóvel;IRU;Analisado, aguardando atendimento a notificação;AT;11,8152
SP-3541406-F0C3C66AEBFA453E8E2C6F54060BC7E3;SP;Presidente Prudente;2026-09-11;2026-09-11;0;0,2352;Área do imóvel;IRU;Aguardando análise;AT;5,1751
SP-3541406-F237282668CC4A298845900759F474BA;SP;Presidente Prudente;2026-08-13;2026-08-13;1;7,1531;Área do imóvel;IRU;Aguardando análise, após revisão ou atendimento da notificação;AT;157,4893
SP-3541406-F26F3AF8C7E145B19F13F110BB43EFB3;SP;Presidente Prudente;2025-10-04;2025-10-04;2;0,1658;Área do imóvel;IRU;Analisado, aguardando atendimento a notificação;AT;3,6482
SP-3541406-F3C0EA8271D349E1BD10FED4C32C102D;SP;Presidente Prudente;2026-06-01;2026-06-01;6;0,8164;Área do imóvel;IRU;Aguardando análise;AT;17,9598
SP-3541406-F97CA4BD2F84497CBF6E722CDC7B00BB;SP;Presidente Prudente;2025-11-14;2025-11-14;1;1,1007;Área do imóvel;IRU;Analisado, aguardando regularização ambiental (Lei nº 12.651/2012);AT;24,2162
SP-3541406-FF99AE2D383E45709A7ECD647E3A83C9;SP;Presidente Prudente;2025-10-20;2025-10-20;2;0,4192;Área do imóvel;IRU;Analisado, em conformidade com a Lei nº 12.651/2012, com ativos ambientais;AT;9,2220
