support,itemsets
0.4282186948853616,frozenset({'APP=nao'})
0.5717813051146384,frozenset({'APP=sim'})
0.2661375661375661,frozenset({'AREA=100-1000 ha'})
0.48245149911816576,frozenset({'AREA=15-100 ha'})
0.11155202821869488,frozenset({'AREA=4-15 ha'})
0.08342151675485009,frozenset({'AREA=<4 ha'})
0.0564373897707231,frozenset({'AREA=>=1000 ha'})
0.07557319223985891,frozenset({'AREA_CONSOLIDADA=nao'})
0.9244268077601411,frozenset({'AREA_CONSOLIDADA=sim'})
0.9943562610229277,frozenset({'AREA_POUSIO=nao'})
0.4560846560846561,frozenset({'HIDROGRAFIA=nao'})
0.5439153439153439,frozenset({'HIDROGRAFIA=sim'})
0.3313932980599647,frozenset({'MOD_FISCAL=1-4 módulos'})
0.05740740740740741,frozenset({'MOD_FISCAL=4-10 módulos'})
0.5372134038800706,frozenset({'MOD_FISCAL=<1 módulo'})
0.07398589065255731,frozenset({'MOD_FISCAL=>=10 módulos'})
0.15026455026455027,frozenset({'MUNICIPIO=Presidente Prudente'})
0.8497354497354498,frozenset({'MUNICIPIO=São Félix do Xingu'})
0.4354497354497355,frozenset({'RESERVA_LEGAL=nao'})
0.5645502645502646,frozenset({'RESERVA_LEGAL=sim'})
0.8902116402116402,frozenset({'SERVIDAO_ADMINISTRATIVA=nao'})
0.10978835978835978,frozenset({'SERVIDAO_ADMINISTRATIVA=sim'})
0.34074074074074073,frozenset({'STATUS=AT'})
0.6261904761904762,frozenset({'STATUS=PE'})
0.03306878306878307,frozenset({'STATUS=SU'})
0.9972663139329806,frozenset({'TIPO=IRU'})
0.8497354497354498,frozenset({'UF=PA'})
0.15026455026455027,frozenset({'UF=SP'})
0.9962081128747795,frozenset({'USO_RESTRITO=nao'})
0.405026455026455,frozenset({'VEGETACAO_NATIVA=nao'})
0.5949735449735449,frozenset({'VEGETACAO_NATIVA=sim'})
0.0791005291005291,"frozenset({'APP=nao', 'AREA=100-1000 ha'})"
0.21772486772486774,"frozenset({'APP=nao', 'AREA=15-100 ha'})"
0.055908289241622576,"frozenset({'APP=nao', 'AREA=4-15 ha'})"
0.06754850088183421,"frozenset({'APP=nao', 'AREA=<4 ha'})"
0.0490299823633157,"frozenset({'APP=nao', 'AREA_CONSOLIDADA=nao'})"
0.37918871252204583,"frozenset({'APP=nao', 'AREA_CONSOLIDADA=sim'})"
0.42601410934744266,"frozenset({'APP=nao', 'AREA_POUSIO=nao'})"
0.42583774250440914,"frozenset({'APP=nao', 'HIDROGRAFIA=nao'})"
0.10970017636684304,"frozenset({'APP=nao', 'MOD_FISCAL=1-4 módulos'})"
0.013227513227513227,"frozenset({'APP=nao', 'MOD_FISCAL=4-10 módulos'})"
0.29462081128747797,"frozenset({'APP=nao', 'MOD_FISCAL=<1 módulo'})"
0.010670194003527337,"frozenset({'APP=nao', 'MOD_FISCAL=>=10 módulos'})"
0.0435626102292769,"frozenset({'APP=nao', 'MUNICIPIO=Presidente Prudente'})"
0.38465608465608464,"frozenset({'APP=nao', 'MUNICIPIO=São Félix do Xingu'})"
0.23421516754850089,"frozenset({'APP=nao', 'RESERVA_LEGAL=nao'})"
0.19400352733686066,"frozenset({'APP=nao', 'RESERVA_LEGAL=sim'})"
0.4141093474426808,"frozenset({'APP=nao', 'SERVIDAO_ADMINISTRATIVA=nao'})"
0.014109347442680775,"frozenset({'APP=nao', 'SERVIDAO_ADMINISTRATIVA=sim'})"
0.11164021164021164,"frozenset({'APP=nao', 'STATUS=AT'})"
0.3052910052910053,"frozenset({'APP=nao', 'STATUS=PE'})"
0.011287477954144622,"frozenset({'APP=nao', 'STATUS=SU'})"
0.4271604938271605,"frozenset({'APP=nao', 'TIPO=IRU'})"
0.38465608465608464,"frozenset({'APP=nao', 'UF=PA'})"
0.0435626102292769,"frozenset({'APP=nao', 'UF=SP'})"
0.42777777777777776,"frozenset({'APP=nao', 'USO_RESTRITO=nao'})"
0.24029982363315697,"frozenset({'APP=nao', 'VEGETACAO_NATIVA=nao'})"
0.18791887125220458,"frozenset({'APP=nao', 'VEGETACAO_NATIVA=sim'})"
0.18703703703703703,"frozenset({'APP=sim', 'AREA=100-1000 ha'})"
0.26472663139329805,"frozenset({'APP=sim', 'AREA=15-100 ha'})"
0.05564373897707231,"frozenset({'APP=sim', 'AREA=4-15 ha'})"
0.015873015873015872,"frozenset({'AREA=<4 ha', 'APP=sim'})"
0.048500881834215165,"frozenset({'AREA=>=1000 ha', 'APP=sim'})"
0.02654320987654321,"frozenset({'AREA_CONSOLIDADA=nao', 'APP=sim'})"
0.5452380952380952,"frozenset({'AREA_CONSOLIDADA=sim', 'APP=sim'})"
0.568342151675485,"frozenset({'AREA_POUSIO=nao', 'APP=sim'})"
0.030246913580246913,"frozenset({'HIDROGRAFIA=nao', 'APP=sim'})"
0.5415343915343915,"frozenset({'HIDROGRAFIA=sim', 'APP=sim'})"
0.2216931216931217,"frozenset({'MOD_FISCAL=1-4 módulos', 'APP=sim'})"
0.04417989417989418,"frozenset({'MOD_FISCAL=4-10 módulos', 'APP=sim'})"
0.24259259259259258,"frozenset({'MOD_FISCAL=<1 módulo', 'APP=sim'})"
0.06331569664902999,"frozenset({'MOD_FISCAL=>=10 módulos', 'APP=sim'})"
0.10670194003527336,"frozenset({'MUNICIPIO=Presidente Prudente', 'APP=sim'})"
0.4650793650793651,"frozenset({'MUNICIPIO=São Félix do Xingu', 'APP=sim'})"
0.20123456790123456,"frozenset({'RESERVA_LEGAL=nao', 'APP=sim'})"
0.37054673721340387,"frozenset({'RESERVA_LEGAL=sim', 'APP=sim'})"
0.47610229276895943,"frozenset({'SERVIDAO_ADMINISTRATIVA=nao', 'APP=sim'})"
0.09567901234567901,"frozenset({'APP=sim', 'SERVIDAO_ADMINISTRATIVA=sim'})"
0.2291005291005291,"frozenset({'STATUS=AT', 'APP=sim'})"
0.3208994708994709,"frozenset({'STATUS=PE', 'APP=sim'})"
0.02178130511463845,"frozenset({'STATUS=SU', 'APP=sim'})"
0.5701058201058201,"frozenset({'TIPO=IRU', 'APP=sim'})"
0.4650793650793651,"frozenset({'UF=PA', 'APP=sim'})"
0.10670194003527336,"frozenset({'UF=SP', 'APP=sim'})"
0.5684303350970018,"frozenset({'APP=sim', 'USO_RESTRITO=nao'})"
0.16472663139329807,"frozenset({'VEGETACAO_NATIVA=nao', 'APP=sim'})"
0.4070546737213404,"frozenset({'VEGETACAO_NATIVA=sim', 'APP=sim'})"
0.011552028218694886,"frozenset({'AREA_CONSOLIDADA=nao', 'AREA=100-1000 ha'})"
0.25458553791887123,"frozenset({'AREA_CONSOLIDADA=sim', 'AREA=100-1000 ha'})"
0.26499118165784835,"frozenset({'AREA_POUSIO=nao', 'AREA=100-1000 ha'})"
0.08527336860670194,"frozenset({'HIDROGRAFIA=nao', 'AREA=100-1000 ha'})"
0.1808641975308642,"frozenset({'HIDROGRAFIA=sim', 'AREA=100-1000 ha'})"
0.19074074074074074,"frozenset({'MOD_FISCAL=1-4 módulos', 'AREA=100-1000 ha'})"
0.05626102292768959,"frozenset({'MOD_FISCAL=4-10 módulos', 'AREA=100-1000 ha'})"
0.019135802469135803,"frozenset({'MOD_FISCAL=>=10 módulos', 'AREA=100-1000 ha'})"
0.2606701940035273,"frozenset({'MUNICIPIO=São Félix do Xingu', 'AREA=100-1000 ha'})"
0.08042328042328042,"frozenset({'RESERVA_LEGAL=nao', 'AREA=100-1000 ha'})"
0.18571428571428572,"frozenset({'RESERVA_LEGAL=sim', 'AREA=100-1000 ha'})"
0.22663139329805995,"frozenset({'SERVIDAO_ADMINISTRATIVA=nao', 'AREA=100-1000 ha'})"
0.03950617283950617,"frozenset({'SERVIDAO_ADMINISTRATIVA=sim', 'AREA=100-1000 ha'})"
0.06631393298059965,"frozenset({'STATUS=AT', 'AREA=100-1000 ha'})"
0.17998236331569664,"frozenset({'STATUS=PE', 'AREA=100-1000 ha'})"
0.01984126984126984,"frozenset({'STATUS=SU', 'AREA=100-1000 ha'})"
0.2661375661375661,"frozenset({'TIPO=IRU', 'AREA=100-1000 ha'})"
0.2606701940035273,"frozenset({'UF=PA', 'AREA=100-1000 ha'})"
0.2652557319223986,"frozenset({'USO_RESTRITO=nao', 'AREA=100-1000 ha'})"
0.08024691358024691,"frozenset({'VEGETACAO_NATIVA=nao', 'AREA=100-1000 ha'})"
0.18589065255731924,"frozenset({'VEGETACAO_NATIVA=sim', 'AREA=100-1000 ha'})"
0.02292768959435626,"frozenset({'AREA_CONSOLIDADA=nao', 'AREA=15-100 ha'})"
0.4595238095238095,"frozenset({'AREA_CONSOLIDADA=sim', 'AREA=15-100 ha'})"
0.47998236331569666,"frozenset({'AREA_POUSIO=nao', 'AREA=15-100 ha'})"
0.23333333333333334,"frozenset({'HIDROGRAFIA=nao', 'AREA=15-100 ha'})"
0.24911816578483245,"frozenset({'HIDROGRAFIA=sim', 'AREA=15-100 ha'})"
0.14029982363315696,"frozenset({'MOD_FISCAL=1-4 módulos', 'AREA=15-100 ha'})"
0.341005291005291,"frozenset({'MOD_FISCAL=<1 módulo', 'AREA=15-100 ha'})"
0.0509700176366843,"frozenset({'MUNICIPIO=Presidente Prudente', 'AREA=15-100 ha'})"
0.43148148148148147,"frozenset({'MUNICIPIO=São Félix do Xingu', 'AREA=15-100 ha'})"
0.22328042328042327,"frozenset({'RESERVA_LEGAL=nao', 'AREA=15-100 ha'})"
0.2591710758377425,"frozenset({'RESERVA_LEGAL=sim', 'AREA=15-100 ha'})"
0.44320987654320987,"frozenset({'SERVIDAO_ADMINISTRATIVA=nao', 'AREA=15-100 ha'})"
0.039241622574955906,"frozenset({'AREA=15-100 ha', 'SERVIDAO_ADMINISTRATIVA=sim'})"
0.12865961199294532,"frozenset({'STATUS=AT', 'AREA=15-100 ha'})"
0.3464726631393298,"frozenset({'STATUS=PE', 'AREA=15-100 ha'})"
0.48245149911816576,"frozenset({'TIPO=IRU', 'AREA=15-100 ha'})"
0.43148148148148147,"frozenset({'UF=PA', 'AREA=15-100 ha'})"
0.0509700176366843,"frozenset({'UF=SP', 'AREA=15-100 ha'})"
0.48156966490299824,"frozenset({'AREA=15-100 ha', 'USO_RESTRITO=nao'})"
0.20582010582010582,"frozenset({'VEGETACAO_NATIVA=nao', 'AREA=15-100 ha'})"
0.27663139329805997,"frozenset({'VEGETACAO_NATIVA=sim', 'AREA=15-100 ha'})"
0.014373897707231041,"frozenset({'AREA_CONSOLIDADA=nao', 'AREA=4-15 ha'})"
0.09717813051146384,"frozenset({'AREA_CONSOLIDADA=sim', 'AREA=4-15 ha'})"
0.11075837742504409,"frozenset({'AREA_POUSIO=nao', 'AREA=4-15 ha'})"
0.06049382716049383,"frozenset({'HIDROGRAFIA=nao', 'AREA=4-15 ha'})"
0.05105820105820106,"frozenset({'HIDROGRAFIA=sim', 'AREA=4-15 ha'})"
0.11155202821869488,"frozenset({'MOD_FISCAL=<1 módulo', 'AREA=4-15 ha'})"
0.059788359788359786,"frozenset({'MUNICIPIO=Presidente Prudente', 'AREA=4-15 ha'})"
0.0517636684303351,"frozenset({'MUNICIPIO=São Félix do Xingu', 'AREA=4-15 ha'})"
0.06261022927689594,"frozenset({'RESERVA_LEGAL=nao', 'AREA=4-15 ha'})"
0.04894179894179894,"frozenset({'RESERVA_LEGAL=sim', 'AREA=4-15 ha'})"
0.09929453262786596,"frozenset({'SERVIDAO_ADMINISTRATIVA=nao', 'AREA=4-15 ha'})"
0.012257495590828924,"frozenset({'SERVIDAO_ADMINISTRATIVA=sim', 'AREA=4-15 ha'})"
0.0716931216931217,"frozenset({'STATUS=AT', 'AREA=4-15 ha'})"
0.039329805996472664,"frozenset({'STATUS=PE', 'AREA=4-15 ha'})"
0.11146384479717814,"frozenset({'TIPO=IRU', 'AREA=4-15 ha'})"
0.0517636684303351,"frozenset({'UF=PA', 'AREA=4-15 ha'})"
0.059788359788359786,"frozenset({'UF=SP', 'AREA=4-15 ha'})"
0.11058201058201059,"frozenset({'USO_RESTRITO=nao', 'AREA=4-15 ha'})"
0.0509700176366843,"frozenset({'VEGETACAO_NATIVA=nao', 'AREA=4-15 ha'})"
0.060582010582010584,"frozenset({'VEGETACAO_NATIVA=sim', 'AREA=4-15 ha'})"
0.02275132275132275,"frozenset({'AREA=<4 ha', 'AREA_CONSOLIDADA=nao'})"
0.060670194003527335,"frozenset({'AREA_CONSOLIDADA=sim', 'AREA=<4 ha'})"
0.08315696649029983,"frozenset({'AREA_POUSIO=nao', 'AREA=<4 ha'})"
0.068342151675485,"frozenset({'HIDROGRAFIA=nao', 'AREA=<4 ha'})"
0.01507936507936508,"frozenset({'HIDROGRAFIA=sim', 'AREA=<4 ha'})"
0.08342151675485009,"frozenset({'MOD_FISCAL=<1 módulo', 'AREA=<4 ha'})"
0.0335978835978836,"frozenset({'AREA=<4 ha', 'MUNICIPIO=Presidente Prudente'})"
0.04982363315696649,"frozenset({'MUNICIPIO=São Félix do Xingu', 'AREA=<4 ha'})"
0.061375661375661375,"frozenset({'RESERVA_LEGAL=nao', 'AREA=<4 ha'})"
0.02204585537918871,"frozenset({'AREA=<4 ha', 'RESERVA_LEGAL=sim'})"
0.0808641975308642,"frozenset({'SERVIDAO_ADMINISTRATIVA=nao', 'AREA=<4 ha'})"
0.04638447971781305,"frozenset({'STATUS=AT', 'AREA=<4 ha'})"
0.03641975308641975,"frozenset({'AREA=<4 ha', 'STATUS=PE'})"
0.08342151675485009,"frozenset({'AREA=<4 ha', 'TIPO=IRU'})"
0.04982363315696649,"frozenset({'AREA=<4 ha', 'UF=PA'})"
0.0335978835978836,"frozenset({'AREA=<4 ha', 'UF=SP'})"
0.08271604938271605,"frozenset({'AREA=<4 ha', 'USO_RESTRITO=nao'})"
0.05943562610229277,"frozenset({'VEGETACAO_NATIVA=nao', 'AREA=<4 ha'})"
0.02398589065255732,"frozenset({'VEGETACAO_NATIVA=sim', 'AREA=<4 ha'})"
0.05246913580246913,"frozenset({'AREA_CONSOLIDADA=sim', 'AREA=>=1000 ha'})"
0.0554673721340388,"frozenset({'AREA_POUSIO=nao', 'AREA=>=1000 ha'})"
0.04779541446208113,"frozenset({'HIDROGRAFIA=sim', 'AREA=>=1000 ha'})"
0.05485008818342152,"frozenset({'MOD_FISCAL=>=10 módulos', 'AREA=>=1000 ha'})"
0.05599647266313933,"frozenset({'MUNICIPIO=São Félix do Xingu', 'AREA=>=1000 ha'})"
0.04867724867724868,"frozenset({'AREA=>=1000 ha', 'RESERVA_LEGAL=sim'})"
0.04021164021164021,"frozenset({'SERVIDAO_ADMINISTRATIVA=nao', 'AREA=>=1000 ha'})"
0.016225749559082892,"frozenset({'AREA=>=1000 ha', 'SERVIDAO_ADMINISTRATIVA=sim'})"
0.027689594356261022,"frozenset({'STATUS=AT', 'AREA=>=1000 ha'})"
0.02398589065255732,"frozenset({'AREA=>=1000 ha', 'STATUS=PE'})"
0.053791887125220456,"frozenset({'AREA=>=1000 ha', 'TIPO=IRU'})"
0.05599647266313933,"frozenset({'AREA=>=1000 ha', 'UF=PA'})"
0.056084656084656084,"frozenset({'AREA=>=1000 ha', 'USO_RESTRITO=nao'})"
0.04788359788359788,"frozenset({'AREA=>=1000 ha', 'VEGETACAO_NATIVA=sim'})"
0.07513227513227513,"frozenset({'AREA_POUSIO=nao', 'AREA_CONSOLIDADA=nao'})"
0.04947089947089947,"frozenset({'HIDROGRAFIA=nao', 'AREA_CONSOLIDADA=nao'})"
0.026102292768959437,"frozenset({'HIDROGRAFIA=sim', 'AREA_CONSOLIDADA=nao'})"
0.014373897707231041,"frozenset({'MOD_FISCAL=1-4 módulos', 'AREA_CONSOLIDADA=nao'})"
0.05202821869488536,"frozenset({'MOD_FISCAL=<1 módulo', 'AREA_CONSOLIDADA=nao'})"
0.02328042328042328,"frozenset({'MUNICIPIO=Presidente Prudente', 'AREA_CONSOLIDADA=nao'})"
0.052292768959435625,"frozenset({'MUNICIPIO=São Félix do Xingu', 'AREA_CONSOLIDADA=nao'})"
0.04091710758377425,"frozenset({'RESERVA_LEGAL=nao', 'AREA_CONSOLIDADA=nao'})"
0.034656084656084656,"frozenset({'AREA_CONSOLIDADA=nao', 'RESERVA_LEGAL=sim'})"
0.07054673721340388,"frozenset({'SERVIDAO_ADMINISTRATIVA=nao', 'AREA_CONSOLIDADA=nao'})"
0.03738977072310406,"frozenset({'STATUS=AT', 'AREA_CONSOLIDADA=nao'})"
0.03597883597883598,"frozenset({'STATUS=PE', 'AREA_CONSOLIDADA=nao'})"
0.07548500881834215,"frozenset({'AREA_CONSOLIDADA=nao', 'TIPO=IRU'})"
0.052292768959435625,"frozenset({'UF=PA', 'AREA_CONSOLIDADA=nao'})"
0.02328042328042328,"frozenset({'UF=SP', 'AREA_CONSOLIDADA=nao'})"
0.07513227513227513,"frozenset({'AREA_CONSOLIDADA=nao', 'USO_RESTRITO=nao'})"
0.039153439153439155,"frozenset({'VEGETACAO_NATIVA=nao', 'AREA_CONSOLIDADA=nao'})"
0.03641975308641975,"frozenset({'VEGETACAO_NATIVA=sim', 'AREA_CONSOLIDADA=nao'})"
0.9192239858906526,"frozenset({'AREA_POUSIO=nao', 'AREA_CONSOLIDADA=sim'})"
0.4066137566137566,"frozenset({'HIDROGRAFIA=nao', 'AREA_CONSOLIDADA=sim'})"
0.5178130511463844,"frozenset({'AREA_CONSOLIDADA=sim', 'HIDROGRAFIA=sim'})"
0.3170194003527337,"frozenset({'MOD_FISCAL=1-4 módulos', 'AREA_CONSOLIDADA=sim'})"
0.05335097001763668,"frozenset({'AREA_CONSOLIDADA=sim', 'MOD_FISCAL=4-10 módulos'})"
0.48518518518518516,"frozenset({'AREA_CONSOLIDADA=sim', 'MOD_FISCAL=<1 módulo'})"
0.06887125220458554,"frozenset({'MOD_FISCAL=>=10 módulos', 'AREA_CONSOLIDADA=sim'})"
0.12698412698412698,"frozenset({'AREA_CONSOLIDADA=sim', 'MUNICIPIO=Presidente Prudente'})"
0.7974426807760141,"frozenset({'MUNICIPIO=São Félix do Xingu', 'AREA_CONSOLIDADA=sim'})"
0.3945326278659612,"frozenset({'RESERVA_LEGAL=nao', 'AREA_CONSOLIDADA=sim'})"
0.5298941798941799,"frozenset({'AREA_CONSOLIDADA=sim', 'RESERVA_LEGAL=sim'})"
0.8196649029982364,"frozenset({'SERVIDAO_ADMINISTRATIVA=nao', 'AREA_CONSOLIDADA=sim'})"
0.10476190476190476,"frozenset({'AREA_CONSOLIDADA=sim', 'SERVIDAO_ADMINISTRATIVA=sim'})"
0.30335097001763667,"frozenset({'AREA_CONSOLIDADA=sim', 'STATUS=AT'})"
0.5902116402116402,"frozenset({'AREA_CONSOLIDADA=sim', 'STATUS=PE'})"
0.030864197530864196,"frozenset({'STATUS=SU', 'AREA_CONSOLIDADA=sim'})"
0.9217813051146384,"frozenset({'AREA_CONSOLIDADA=sim', 'TIPO=IRU'})"
0.7974426807760141,"frozenset({'AREA_CONSOLIDADA=sim', 'UF=PA'})"
0.12698412698412698,"frozenset({'AREA_CONSOLIDADA=sim', 'UF=SP'})"
0.9210758377425045,"frozenset({'AREA_CONSOLIDADA=sim', 'USO_RESTRITO=nao'})"
0.36587301587301585,"frozenset({'AREA_CONSOLIDADA=sim', 'VEGETACAO_NATIVA=nao'})"
0.5585537918871252,"frozenset({'AREA_CONSOLIDADA=sim', 'VEGETACAO_NATIVA=sim'})"
0.45379188712522045,"frozenset({'HIDROGRAFIA=nao', 'AREA_POUSIO=nao'})"
0.5405643738977073,"frozenset({'AREA_POUSIO=nao', 'HIDROGRAFIA=sim'})"
0.3300705467372134,"frozenset({'MOD_FISCAL=1-4 módulos', 'AREA_POUSIO=nao'})"
0.05731922398589065,"frozenset({'AREA_POUSIO=nao', 'MOD_FISCAL=4-10 módulos'})"
0.5336860670194004,"frozenset({'AREA_POUSIO=nao', 'MOD_FISCAL=<1 módulo'})"
0.07328042328042328,"frozenset({'AREA_POUSIO=nao', 'MOD_FISCAL=>=10 módulos'})"
0.1501763668430335,"frozenset({'AREA_POUSIO=nao', 'MUNICIPIO=Presidente Prudente'})"
0.8441798941798941,"frozenset({'MUNICIPIO=São Félix do Xingu', 'AREA_POUSIO=nao'})"
0.4329805996472663,"frozenset({'AREA_POUSIO=nao', 'RESERVA_LEGAL=nao'})"
0.5613756613756614,"frozenset({'AREA_POUSIO=nao', 'RESERVA_LEGAL=sim'})"
0.8850088183421517,"frozenset({'AREA_POUSIO=nao', 'SERVIDAO_ADMINISTRATIVA=nao'})"
0.10934744268077601,"frozenset({'AREA_POUSIO=nao', 'SERVIDAO_ADMINISTRATIVA=sim'})"
0.33915343915343915,"frozenset({'AREA_POUSIO=nao', 'STATUS=AT'})"
0.6221340388007055,"frozenset({'AREA_POUSIO=nao', 'STATUS=PE'})"
0.03306878306878307,"frozenset({'STATUS=SU', 'AREA_POUSIO=nao'})"
0.9922398589065256,"frozenset({'AREA_POUSIO=nao', 'TIPO=IRU'})"
0.8441798941798941,"frozenset({'AREA_POUSIO=nao', 'UF=PA'})"
0.1501763668430335,"frozenset({'AREA_POUSIO=nao', 'UF=SP'})"
0.990652557319224,"frozenset({'AREA_POUSIO=nao', 'USO_RESTRITO=nao'})"
0.4022927689594356,"frozenset({'AREA_POUSIO=nao', 'VEGETACAO_NATIVA=nao'})"
0.5920634920634921,"frozenset({'AREA_POUSIO=nao', 'VEGETACAO_NATIVA=sim'})"
0.11992945326278659,"frozenset({'HIDROGRAFIA=nao', 'MOD_FISCAL=1-4 módulos'})"
0.014814814814814815,"frozenset({'HIDROGRAFIA=nao', 'MOD_FISCAL=4-10 módulos'})"
0.3097883597883598,"frozenset({'HIDROGRAFIA=nao', 'MOD_FISCAL=<1 módulo'})"
0.011552028218694886,"frozenset({'HIDROGRAFIA=nao', 'MOD_FISCAL=>=10 módulos'})"
0.05167548500881834,"frozenset({'HIDROGRAFIA=nao', 'MUNICIPIO=Presidente Prudente'})"
0.40440917107583774,"frozenset({'MUNICIPIO=São Félix do Xingu', 'HIDROGRAFIA=nao'})"
0.23871252204585539,"frozenset({'HIDROGRAFIA=nao', 'RESERVA_LEGAL=nao'})"
0.2173721340388007,"frozenset({'HIDROGRAFIA=nao', 'RESERVA_LEGAL=sim'})"
0.4400352733686067,"frozenset({'HIDROGRAFIA=nao', 'SERVIDAO_ADMINISTRATIVA=nao'})"
0.016049382716049384,"frozenset({'HIDROGRAFIA=nao', 'SERVIDAO_ADMINISTRATIVA=sim'})"
0.12081128747795414,"frozenset({'HIDROGRAFIA=nao', 'STATUS=AT'})"
0.32319223985890655,"frozenset({'HIDROGRAFIA=nao', 'STATUS=PE'})"
0.012081128747795414,"frozenset({'STATUS=SU', 'HIDROGRAFIA=nao'})"
0.455026455026455,"frozenset({'HIDROGRAFIA=nao', 'TIPO=IRU'})"
0.40440917107583774,"frozenset({'HIDROGRAFIA=nao', 'UF=PA'})"
0.05167548500881834,"frozenset({'HIDROGRAFIA=nao', 'UF=SP'})"
0.45537918871252203,"frozenset({'HIDROGRAFIA=nao', 'USO_RESTRITO=nao'})"
0.24365079365079365,"frozenset({'HIDROGRAFIA=nao', 'VEGETACAO_NATIVA=nao'})"
0.21243386243386245,"frozenset({'HIDROGRAFIA=nao', 'VEGETACAO_NATIVA=sim'})"
0.21146384479717814,"frozenset({'MOD_FISCAL=1-4 módulos', 'HIDROGRAFIA=sim'})"
0.04259259259259259,"frozenset({'HIDROGRAFIA=sim', 'MOD_FISCAL=4-10 módulos'})"
0.22742504409171077,"frozenset({'MOD_FISCAL=<1 módulo', 'HIDROGRAFIA=sim'})"
0.06243386243386243,"frozenset({'MOD_FISCAL=>=10 módulos', 'HIDROGRAFIA=sim'})"
0.09858906525573193,"frozenset({'HIDROGRAFIA=sim', 'MUNICIPIO=Presidente Prudente'})"
0.445326278659612,"frozenset({'MUNICIPIO=São Félix do Xingu', 'HIDROGRAFIA=sim'})"
0.19673721340388006,"frozenset({'RESERVA_LEGAL=nao', 'HIDROGRAFIA=sim'})"
0.34717813051146384,"frozenset({'HIDROGRAFIA=sim', 'RESERVA_LEGAL=sim'})"
0.4501763668430335,"frozenset({'SERVIDAO_ADMINISTRATIVA=nao', 'HIDROGRAFIA=sim'})"
0.09373897707231041,"frozenset({'HIDROGRAFIA=sim', 'SERVIDAO_ADMINISTRATIVA=sim'})"
0.2199294532627866,"frozenset({'STATUS=AT', 'HIDROGRAFIA=sim'})"
0.3029982363315697,"frozenset({'HIDROGRAFIA=sim', 'STATUS=PE'})"
0.020987654320987655,"frozenset({'STATUS=SU', 'HIDROGRAFIA=sim'})"
0.5422398589065256,"frozenset({'HIDROGRAFIA=sim', 'TIPO=IRU'})"
0.445326278659612,"frozenset({'HIDROGRAFIA=sim', 'UF=PA'})"
0.09858906525573193,"frozenset({'HIDROGRAFIA=sim', 'UF=SP'})"
0.5408289241622575,"frozenset({'HIDROGRAFIA=sim', 'USO_RESTRITO=nao'})"
0.16137566137566137,"frozenset({'HIDROGRAFIA=sim', 'VEGETACAO_NATIVA=nao'})"
0.3825396825396825,"frozenset({'HIDROGRAFIA=sim', 'VEGETACAO_NATIVA=sim'})"
0.0335978835978836,"frozenset({'MOD_FISCAL=1-4 módulos', 'MUNICIPIO=Presidente Prudente'})"
0.29779541446208113,"frozenset({'MUNICIPIO=São Félix do Xingu', 'MOD_FISCAL=1-4 módulos'})"
0.11684303350970017,"frozenset({'MOD_FISCAL=1-4 módulos', 'RESERVA_LEGAL=nao'})"
0.21455026455026455,"frozenset({'MOD_FISCAL=1-4 módulos', 'RESERVA_LEGAL=sim'})"
0.2895061728395062,"frozenset({'MOD_FISCAL=1-4 módulos', 'SERVIDAO_ADMINISTRATIVA=nao'})"
0.04188712522045855,"frozenset({'MOD_FISCAL=1-4 módulos', 'SERVIDAO_ADMINISTRATIVA=sim'})"
0.09409171075837743,"frozenset({'MOD_FISCAL=1-4 módulos', 'STATUS=AT'})"
0.22178130511463845,"frozenset({'MOD_FISCAL=1-4 módulos', 'STATUS=PE'})"
0.015520282186948854,"frozenset({'STATUS=SU', 'MOD_FISCAL=1-4 módulos'})"
0.3310405643738977,"frozenset({'MOD_FISCAL=1-4 módulos', 'TIPO=IRU'})"
0.29779541446208113,"frozenset({'MOD_FISCAL=1-4 módulos', 'UF=PA'})"
0.0335978835978836,"frozenset({'MOD_FISCAL=1-4 módulos', 'UF=SP'})"
0.3305996472663139,"frozenset({'MOD_FISCAL=1-4 módulos', 'USO_RESTRITO=nao'})"
0.10520282186948854,"frozenset({'MOD_FISCAL=1-4 módulos', 'VEGETACAO_NATIVA=nao'})"
0.2261904761904762,"frozenset({'MOD_FISCAL=1-4 módulos', 'VEGETACAO_NATIVA=sim'})"
0.052204585537918874,"frozenset({'MUNICIPIO=São Félix do Xingu', 'MOD_FISCAL=4-10 módulos'})"
0.014373897707231041,"frozenset({'RESERVA_LEGAL=nao', 'MOD_FISCAL=4-10 módulos'})"
0.043033509700176366,"frozenset({'MOD_FISCAL=4-10 módulos', 'RESERVA_LEGAL=sim'})"
0.046825396825396826,"frozenset({'SERVIDAO_ADMINISTRATIVA=nao', 'MOD_FISCAL=4-10 módulos'})"
0.010582010582010581,"frozenset({'MOD_FISCAL=4-10 módulos', 'SERVIDAO_ADMINISTRATIVA=sim'})"
0.018871252204585538,"frozenset({'STATUS=AT', 'MOD_FISCAL=4-10 módulos'})"
0.03253968253968254,"frozenset({'MOD_FISCAL=4-10 módulos', 'STATUS=PE'})"
0.05740740740740741,"frozenset({'MOD_FISCAL=4-10 módulos', 'TIPO=IRU'})"
0.052204585537918874,"frozenset({'MOD_FISCAL=4-10 módulos', 'UF=PA'})"
0.0572310405643739,"frozenset({'MOD_FISCAL=4-10 módulos', 'USO_RESTRITO=nao'})"
0.014462081128747795,"frozenset({'MOD_FISCAL=4-10 módulos', 'VEGETACAO_NATIVA=nao'})"
0.042945326278659615,"frozenset({'MOD_FISCAL=4-10 módulos', 'VEGETACAO_NATIVA=sim'})"
0.10961199294532628,"frozenset({'MOD_FISCAL=<1 módulo', 'MUNICIPIO=Presidente Prudente'})"
0.42760141093474424,"frozenset({'MUNICIPIO=São Félix do Xingu', 'MOD_FISCAL=<1 módulo'})"
0.2932098765432099,"frozenset({'RESERVA_LEGAL=nao', 'MOD_FISCAL=<1 módulo'})"
0.24400352733686068,"frozenset({'MOD_FISCAL=<1 módulo', 'RESERVA_LEGAL=sim'})"
0.5009700176366843,"frozenset({'SERVIDAO_ADMINISTRATIVA=nao', 'MOD_FISCAL=<1 módulo'})"
0.036243386243386244,"frozenset({'MOD_FISCAL=<1 módulo', 'SERVIDAO_ADMINISTRATIVA=sim'})"
0.1943562610229277,"frozenset({'MOD_FISCAL=<1 módulo', 'STATUS=AT'})"
0.33800705467372133,"frozenset({'MOD_FISCAL=<1 módulo', 'STATUS=PE'})"
0.5358906525573193,"frozenset({'MOD_FISCAL=<1 módulo', 'TIPO=IRU'})"
0.42760141093474424,"frozenset({'MOD_FISCAL=<1 módulo', 'UF=PA'})"
0.10961199294532628,"frozenset({'MOD_FISCAL=<1 módulo', 'UF=SP'})"
0.5350970017636685,"frozenset({'MOD_FISCAL=<1 módulo', 'USO_RESTRITO=nao'})"
0.2732804232804233,"frozenset({'MOD_FISCAL=<1 módulo', 'VEGETACAO_NATIVA=nao'})"
0.26393298059964726,"frozenset({'MOD_FISCAL=<1 módulo', 'VEGETACAO_NATIVA=sim'})"
0.07213403880070547,"frozenset({'MUNICIPIO=São Félix do Xingu', 'MOD_FISCAL=>=10 módulos'})"
0.011022927689594356,"frozenset({'RESERVA_LEGAL=nao', 'MOD_FISCAL=>=10 módulos'})"
0.06296296296296296,"frozenset({'MOD_FISCAL=>=10 módulos', 'RESERVA_LEGAL=sim'})"
0.05291005291005291,"frozenset({'SERVIDAO_ADMINISTRATIVA=nao', 'MOD_FISCAL=>=10 módulos'})"
0.02107583774250441,"frozenset({'MOD_FISCAL=>=10 módulos', 'SERVIDAO_ADMINISTRATIVA=sim'})"
0.03342151675485009,"frozenset({'MOD_FISCAL=>=10 módulos', 'STATUS=AT'})"
0.033862433862433865,"frozenset({'MOD_FISCAL=>=10 módulos', 'STATUS=PE'})"
0.07292768959435626,"frozenset({'MOD_FISCAL=>=10 módulos', 'TIPO=IRU'})"
0.07213403880070547,"frozenset({'MOD_FISCAL=>=10 módulos', 'UF=PA'})"
0.07328042328042328,"frozenset({'MOD_FISCAL=>=10 módulos', 'USO_RESTRITO=nao'})"
0.012081128747795414,"frozenset({'MOD_FISCAL=>=10 módulos', 'VEGETACAO_NATIVA=nao'})"
0.06190476190476191,"frozenset({'MOD_FISCAL=>=10 módulos', 'VEGETACAO_NATIVA=sim'})"
0.07945326278659612,"frozenset({'RESERVA_LEGAL=nao', 'MUNICIPIO=Presidente Prudente'})"
0.07081128747795415,"frozenset({'MUNICIPIO=Presidente Prudente', 'RESERVA_LEGAL=sim'})"
0.12354497354497354,"frozenset({'SERVIDAO_ADMINISTRATIVA=nao', 'MUNICIPIO=Presidente Prudente'})"
0.02671957671957672,"frozenset({'MUNICIPIO=Presidente Prudente', 'SERVIDAO_ADMINISTRATIVA=sim'})"
0.14982363315696648,"frozenset({'STATUS=AT', 'MUNICIPIO=Presidente Prudente'})"
0.1501763668430335,"frozenset({'MUNICIPIO=Presidente Prudente', 'TIPO=IRU'})"
0.15026455026455027,"frozenset({'MUNICIPIO=Presidente Prudente', 'UF=SP'})"
0.14761904761904762,"frozenset({'MUNICIPIO=Presidente Prudente', 'USO_RESTRITO=nao'})"
0.04691358024691358,"frozenset({'VEGETACAO_NATIVA=nao', 'MUNICIPIO=Presidente Prudente'})"
0.10335097001763668,"frozenset({'VEGETACAO_NATIVA=sim', 'MUNICIPIO=Presidente Prudente'})"
0.35599647266313933,"frozenset({'MUNICIPIO=São Félix do Xingu', 'RESERVA_LEGAL=nao'})"
0.4937389770723104,"frozenset({'MUNICIPIO=São Félix do Xingu', 'RESERVA_LEGAL=sim'})"
0.7666666666666667,"frozenset({'MUNICIPIO=São Félix do Xingu', 'SERVIDAO_ADMINISTRATIVA=nao'})"
0.08306878306878307,"frozenset({'MUNICIPIO=São Félix do Xingu', 'SERVIDAO_ADMINISTRATIVA=sim'})"
0.19091710758377425,"frozenset({'MUNICIPIO=São Félix do Xingu', 'STATUS=AT'})"
0.6257495590828924,"frozenset({'MUNICIPIO=São Félix do Xingu', 'STATUS=PE'})"
0.03306878306878307,"frozenset({'STATUS=SU', 'MUNICIPIO=São Félix do Xingu'})"
0.8470899470899471,"frozenset({'MUNICIPIO=São Félix do Xingu', 'TIPO=IRU'})"
0.8497354497354498,"frozenset({'MUNICIPIO=São Félix do Xingu', 'UF=PA'})"
0.848589065255732,"frozenset({'MUNICIPIO=São Félix do Xingu', 'USO_RESTRITO=nao'})"
0.35811287477954146,"frozenset({'MUNICIPIO=São Félix do Xingu', 'VEGETACAO_NATIVA=nao'})"
0.4916225749559083,"frozenset({'MUNICIPIO=São Félix do Xingu', 'VEGETACAO_NATIVA=sim'})"
0.40299823633156967,"frozenset({'RESERVA_LEGAL=nao', 'SERVIDAO_ADMINISTRATIVA=nao'})"
0.032451499118165784,"frozenset({'RESERVA_LEGAL=nao', 'SERVIDAO_ADMINISTRATIVA=sim'})"
0.14135802469135803,"frozenset({'RESERVA_LEGAL=nao', 'STATUS=AT'})"
0.2783068783068783,"frozenset({'RESERVA_LEGAL=nao', 'STATUS=PE'})"
0.015784832451499118,"frozenset({'STATUS=SU', 'RESERVA_LEGAL=nao'})"
0.43412698412698414,"frozenset({'RESERVA_LEGAL=nao', 'TIPO=IRU'})"
0.35599647266313933,"frozenset({'RESERVA_LEGAL=nao', 'UF=PA'})"
0.07945326278659612,"frozenset({'RESERVA_LEGAL=nao', 'UF=SP'})"
0.43483245149911814,"frozenset({'RESERVA_LEGAL=nao', 'USO_RESTRITO=nao'})"
0.30440917107583776,"frozenset({'RESERVA_LEGAL=nao', 'VEGETACAO_NATIVA=nao'})"
0.13104056437389772,"frozenset({'RESERVA_LEGAL=nao', 'VEGETACAO_NATIVA=sim'})"
0.48721340388007056,"frozenset({'SERVIDAO_ADMINISTRATIVA=nao', 'RESERVA_LEGAL=sim'})"
0.077336860670194,"frozenset({'RESERVA_LEGAL=sim', 'SERVIDAO_ADMINISTRATIVA=sim'})"
0.1993827160493827,"frozenset({'STATUS=AT', 'RESERVA_LEGAL=sim'})"
0.3478835978835979,"frozenset({'STATUS=PE', 'RESERVA_LEGAL=sim'})"
0.01728395061728395,"frozenset({'STATUS=SU', 'RESERVA_LEGAL=sim'})"
0.5631393298059965,"frozenset({'RESERVA_LEGAL=sim', 'TIPO=IRU'})"
0.4937389770723104,"frozenset({'UF=PA', 'RESERVA_LEGAL=sim'})"
0.07081128747795415,"frozenset({'UF=SP', 'RESERVA_LEGAL=sim'})"
0.5613756613756614,"frozenset({'RESERVA_LEGAL=sim', 'USO_RESTRITO=nao'})"
0.10061728395061728,"frozenset({'VEGETACAO_NATIVA=nao', 'RESERVA_LEGAL=sim'})"
0.46393298059964727,"frozenset({'VEGETACAO_NATIVA=sim', 'RESERVA_LEGAL=sim'})"
0.2814814814814815,"frozenset({'SERVIDAO_ADMINISTRATIVA=nao', 'STATUS=AT'})"
0.5803350970017637,"frozenset({'SERVIDAO_ADMINISTRATIVA=nao', 'STATUS=PE'})"
0.028395061728395062,"frozenset({'STATUS=SU', 'SERVIDAO_ADMINISTRATIVA=nao'})"
0.8875661375661376,"frozenset({'SERVIDAO_ADMINISTRATIVA=nao', 'TIPO=IRU'})"
0.7666666666666667,"frozenset({'SERVIDAO_ADMINISTRATIVA=nao', 'UF=PA'})"
0.12354497354497354,"frozenset({'SERVIDAO_ADMINISTRATIVA=nao', 'UF=SP'})"
0.8874779541446208,"frozenset({'SERVIDAO_ADMINISTRATIVA=nao', 'USO_RESTRITO=nao'})"
0.38095238095238093,"frozenset({'SERVIDAO_ADMINISTRATIVA=nao', 'VEGETACAO_NATIVA=nao'})"
0.5092592592592593,"frozenset({'SERVIDAO_ADMINISTRATIVA=nao', 'VEGETACAO_NATIVA=sim'})"
0.05925925925925926,"frozenset({'STATUS=AT', 'SERVIDAO_ADMINISTRATIVA=sim'})"
0.04585537918871252,"frozenset({'STATUS=PE', 'SERVIDAO_ADMINISTRATIVA=sim'})"
0.10970017636684304,"frozenset({'TIPO=IRU', 'SERVIDAO_ADMINISTRATIVA=sim'})"
0.08306878306878307,"frozenset({'UF=PA', 'SERVIDAO_ADMINISTRATIVA=sim'})"
0.02671957671957672,"frozenset({'UF=SP', 'SERVIDAO_ADMINISTRATIVA=sim'})"
0.10873015873015873,"frozenset({'USO_RESTRITO=nao', 'SERVIDAO_ADMINISTRATIVA=sim'})"
0.024074074074074074,"frozenset({'VEGETACAO_NATIVA=nao', 'SERVIDAO_ADMINISTRATIVA=sim'})"
0.08571428571428572,"frozenset({'VEGETACAO_NATIVA=sim', 'SERVIDAO_ADMINISTRATIVA=sim'})"
0.33818342151675485,"frozenset({'STATUS=AT', 'TIPO=IRU'})"
0.19091710758377425,"frozenset({'STATUS=AT', 'UF=PA'})"
0.14982363315696648,"frozenset({'STATUS=AT', 'UF=SP'})"
0.3374779541446208,"frozenset({'STATUS=AT', 'USO_RESTRITO=nao'})"
0.11305114638447972,"frozenset({'STATUS=AT', 'VEGETACAO_NATIVA=nao'})"
0.22768959435626102,"frozenset({'STATUS=AT', 'VEGETACAO_NATIVA=sim'})"
0.6261022927689595,"frozenset({'STATUS=PE', 'TIPO=IRU'})"
0.6257495590828924,"frozenset({'STATUS=PE', 'UF=PA'})"
0.6259259259259259,"frozenset({'STATUS=PE', 'USO_RESTRITO=nao'})"
0.27901234567901234,"frozenset({'VEGETACAO_NATIVA=nao', 'STATUS=PE'})"
0.34717813051146384,"frozenset({'VEGETACAO_NATIVA=sim', 'STATUS=PE'})"
0.032980599647266316,"frozenset({'STATUS=SU', 'TIPO=IRU'})"
0.03306878306878307,"frozenset({'STATUS=SU', 'UF=PA'})"
0.0328042328042328,"frozenset({'STATUS=SU', 'USO_RESTRITO=nao'})"
0.012962962962962963,"frozenset({'STATUS=SU', 'VEGETACAO_NATIVA=nao'})"
0.020105820105820106,"frozenset({'STATUS=SU', 'VEGETACAO_NATIVA=sim'})"
0.8470899470899471,"frozenset({'UF=PA', 'TIPO=IRU'})"
0.1501763668430335,"frozenset({'UF=SP', 'TIPO=IRU'})"
0.9934744268077601,"frozenset({'TIPO=IRU', 'USO_RESTRITO=nao'})"
0.403968253968254,"frozenset({'VEGETACAO_NATIVA=nao', 'TIPO=IRU'})"
0.5932980599647266,"frozenset({'VEGETACAO_NATIVA=sim', 'TIPO=IRU'})"
0.848589065255732,"frozenset({'UF=PA', 'USO_RESTRITO=nao'})"
0.35811287477954146,"frozenset({'VEGETACAO_NATIVA=nao', 'UF=PA'})"
0.4916225749559083,"frozenset({'VEGETACAO_NATIVA=sim', 'UF=PA'})"
0.14761904761904762,"frozenset({'UF=SP', 'USO_RESTRITO=nao'})"
0.04691358024691358,"frozenset({'VEGETACAO_NATIVA=nao', 'UF=SP'})"
0.10335097001763668,"frozenset({'VEGETACAO_NATIVA=sim', 'UF=SP'})"
0.404673721340388,"frozenset({'VEGETACAO_NATIVA=nao', 'USO_RESTRITO=nao'})"
0.5915343915343916,"frozenset({'VEGETACAO_NATIVA=sim', 'USO_RESTRITO=nao'})"
0.07486772486772486,"frozenset({'APP=nao', 'AREA_CONSOLIDADA=sim', 'AREA=100-1000 ha'})"
0.07883597883597884,"frozenset({'APP=nao', 'AREA_POUSIO=nao', 'AREA=100-1000 ha'})"
0.07874779541446209,"frozenset({'APP=nao', 'HIDROGRAFIA=nao', 'AREA=100-1000 ha'})"
0.06313932980599647,"frozenset({'APP=nao', 'MOD_FISCAL=1-4 módulos', 'AREA=100-1000 ha'})"
0.013227513227513227,"frozenset({'APP=nao', 'MOD_FISCAL=4-10 módulos', 'AREA=100-1000 ha'})"
0.07892416225749559,"frozenset({'APP=nao', 'MUNICIPIO=São Félix do Xingu', 'AREA=100-1000 ha'})"
0.030599647266313933,"frozenset({'APP=nao', 'RESERVA_LEGAL=nao', 'AREA=100-1000 ha'})"
0.048500881834215165,"frozenset({'APP=nao', 'RESERVA_LEGAL=sim', 'AREA=100-1000 ha'})"
0.07592592592592592,"frozenset({'APP=nao', 'SERVIDAO_ADMINISTRATIVA=nao', 'AREA=100-1000 ha'})"
0.012433862433862434,"frozenset({'APP=nao', 'STATUS=AT', 'AREA=100-1000 ha'})"
0.06040564373897707,"frozenset({'APP=nao', 'STATUS=PE', 'AREA=100-1000 ha'})"
0.0791005291005291,"frozenset({'APP=nao', 'TIPO=IRU', 'AREA=100-1000 ha'})"
0.07892416225749559,"frozenset({'APP=nao', 'UF=PA', 'AREA=100-1000 ha'})"
0.07892416225749559,"frozenset({'APP=nao', 'USO_RESTRITO=nao', 'AREA=100-1000 ha'})"
0.033156966490299825,"frozenset({'APP=nao', 'VEGETACAO_NATIVA=nao', 'AREA=100-1000 ha'})"
0.04594356261022928,"frozenset({'APP=nao', 'VEGETACAO_NATIVA=sim', 'AREA=100-1000 ha'})"
0.012522045855379188,"frozenset({'APP=nao', 'AREA_CONSOLIDADA=nao', 'AREA=15-100 ha'})"
0.20520282186948854,"frozenset({'APP=nao', 'AREA_CONSOLIDADA=sim', 'AREA=15-100 ha'})"
0.21657848324514992,"frozenset({'APP=nao', 'AREA_POUSIO=nao', 'AREA=15-100 ha'})"
0.2168430335097002,"frozenset({'APP=nao', 'HIDROGRAFIA=nao', 'AREA=15-100 ha'})"
0.04656084656084656,"frozenset({'APP=nao', 'AREA=15-100 ha', 'MOD_FISCAL=1-4 módulos'})"
0.17116402116402116,"frozenset({'APP=nao', 'MOD_FISCAL=<1 módulo', 'AREA=15-100 ha'})"
0.21208112874779542,"frozenset({'APP=nao', 'MUNICIPIO=São Félix do Xingu', 'AREA=15-100 ha'})"
0.10811287477954144,"frozenset({'APP=nao', 'RESERVA_LEGAL=nao', 'AREA=15-100 ha'})"
0.10961199294532628,"frozenset({'APP=nao', 'RESERVA_LEGAL=sim', 'AREA=15-100 ha'})"
0.2115520282186949,"frozenset({'APP=nao', 'SERVIDAO_ADMINISTRATIVA=nao', 'AREA=15-100 ha'})"
0.03880070546737213,"frozenset({'APP=nao', 'STATUS=AT', 'AREA=15-100 ha'})"
0.17548500881834214,"frozenset({'APP=nao', 'STATUS=PE', 'AREA=15-100 ha'})"
0.21772486772486774,"frozenset({'APP=nao', 'TIPO=IRU', 'AREA=15-100 ha'})"
0.21208112874779542,"frozenset({'APP=nao', 'UF=PA', 'AREA=15-100 ha'})"
0.21754850088183422,"frozenset({'APP=nao', 'AREA=15-100 ha', 'USO_RESTRITO=nao'})"
0.11146384479717814,"frozenset({'APP=nao', 'VEGETACAO_NATIVA=nao', 'AREA=15-100 ha'})"
0.10626102292768959,"frozenset({'APP=nao', 'VEGETACAO_NATIVA=sim', 'AREA=15-100 ha'})"
0.010229276895943563,"frozenset({'APP=nao', 'AREA_CONSOLIDADA=nao', 'AREA=4-15 ha'})"
0.04567901234567901,"frozenset({'APP=nao', 'AREA_CONSOLIDADA=sim', 'AREA=4-15 ha'})"
0.055291005291005293,"frozenset({'APP=nao', 'AREA_POUSIO=nao', 'AREA=4-15 ha'})"
0.05564373897707231,"frozenset({'APP=nao', 'HIDROGRAFIA=nao', 'AREA=4-15 ha'})"
0.055908289241622576,"frozenset({'APP=nao', 'MOD_FISCAL=<1 módulo', 'AREA=4-15 ha'})"
0.01728395061728395,"frozenset({'APP=nao', 'MUNICIPIO=Presidente Prudente', 'AREA=4-15 ha'})"
0.038624338624338624,"frozenset({'APP=nao', 'MUNICIPIO=São Félix do Xingu', 'AREA=4-15 ha'})"
0.039241622574955906,"frozenset({'APP=nao', 'RESERVA_LEGAL=nao', 'AREA=4-15 ha'})"
0.016666666666666666,"frozenset({'APP=nao', 'RESERVA_LEGAL=sim', 'AREA=4-15 ha'})"
0.052292768959435625,"frozenset({'APP=nao', 'SERVIDAO_ADMINISTRATIVA=nao', 'AREA=4-15 ha'})"
0.025044091710758377,"frozenset({'APP=nao', 'STATUS=AT', 'AREA=4-15 ha'})"
0.03051146384479718,"frozenset({'APP=nao', 'STATUS=PE', 'AREA=4-15 ha'})"
0.055908289241622576,"frozenset({'APP=nao', 'TIPO=IRU', 'AREA=4-15 ha'})"
0.038624338624338624,"frozenset({'APP=nao', 'UF=PA', 'AREA=4-15 ha'})"
0.01728395061728395,"frozenset({'APP=nao', 'UF=SP', 'AREA=4-15 ha'})"
0.055908289241622576,"frozenset({'APP=nao', 'USO_RESTRITO=nao', 'AREA=4-15 ha'})"
0.0373015873015873,"frozenset({'APP=nao', 'VEGETACAO_NATIVA=nao', 'AREA=4-15 ha'})"
0.01860670194003527,"frozenset({'APP=nao', 'VEGETACAO_NATIVA=sim', 'AREA=4-15 ha'})"
0.0208994708994709,"frozenset({'APP=nao', 'AREA=<4 ha', 'AREA_CONSOLIDADA=nao'})"
0.04664902998236332,"frozenset({'APP=nao', 'AREA_CONSOLIDADA=sim', 'AREA=<4 ha'})"
0.0673721340388007,"frozenset({'APP=nao', 'AREA_POUSIO=nao', 'AREA=<4 ha'})"
0.06666666666666667,"frozenset({'APP=nao', 'HIDROGRAFIA=nao', 'AREA=<4 ha'})"
0.06754850088183421,"frozenset({'APP=nao', 'MOD_FISCAL=<1 módulo', 'AREA=<4 ha'})"
0.020458553791887126,"frozenset({'APP=nao', 'AREA=<4 ha', 'MUNICIPIO=Presidente Prudente'})"
0.04708994708994709,"frozenset({'APP=nao', 'AREA=<4 ha', 'MUNICIPIO=São Félix do Xingu'})"
0.05326278659611993,"frozenset({'APP=nao', 'RESERVA_LEGAL=nao', 'AREA=<4 ha'})"
0.014285714285714285,"frozenset({'APP=nao', 'AREA=<4 ha', 'RESERVA_LEGAL=sim'})"
0.06657848324514991,"frozenset({'APP=nao', 'SERVIDAO_ADMINISTRATIVA=nao', 'AREA=<4 ha'})"
0.03218694885361552,"frozenset({'APP=nao', 'STATUS=AT', 'AREA=<4 ha'})"
0.03474426807760141,"frozenset({'APP=nao', 'AREA=<4 ha', 'STATUS=PE'})"
0.06754850088183421,"frozenset({'APP=nao', 'AREA=<4 ha', 'TIPO=IRU'})"
0.04708994708994709,"frozenset({'APP=nao', 'AREA=<4 ha', 'UF=PA'})"
0.020458553791887126,"frozenset({'APP=nao', 'AREA=<4 ha', 'UF=SP'})"
0.06746031746031746,"frozenset({'APP=nao', 'AREA=<4 ha', 'USO_RESTRITO=nao'})"
0.054497354497354496,"frozenset({'APP=nao', 'VEGETACAO_NATIVA=nao', 'AREA=<4 ha'})"
0.013051146384479718,"frozenset({'APP=nao', 'VEGETACAO_NATIVA=sim', 'AREA=<4 ha'})"
0.04867724867724868,"frozenset({'APP=nao', 'AREA_POUSIO=nao', 'AREA_CONSOLIDADA=nao'})"
0.04797178130511464,"frozenset({'APP=nao', 'HIDROGRAFIA=nao', 'AREA_CONSOLIDADA=nao'})"
0.04038800705467372,"frozenset({'APP=nao', 'MOD_FISCAL=<1 módulo', 'AREA_CONSOLIDADA=nao'})"
0.012610229276895944,"frozenset({'APP=nao', 'MUNICIPIO=Presidente Prudente', 'AREA_CONSOLIDADA=nao'})"
0.03641975308641975,"frozenset({'APP=nao', 'AREA_CONSOLIDADA=nao', 'MUNICIPIO=São Félix do Xingu'})"
0.03192239858906525,"frozenset({'APP=nao', 'RESERVA_LEGAL=nao', 'AREA_CONSOLIDADA=nao'})"
0.01710758377425044,"frozenset({'APP=nao', 'AREA_CONSOLIDADA=nao', 'RESERVA_LEGAL=sim'})"
0.046825396825396826,"frozenset({'APP=nao', 'SERVIDAO_ADMINISTRATIVA=nao', 'AREA_CONSOLIDADA=nao'})"
0.020811287477954146,"frozenset({'APP=nao', 'STATUS=AT', 'AREA_CONSOLIDADA=nao'})"
0.026895943562610228,"frozenset({'APP=nao', 'STATUS=PE', 'AREA_CONSOLIDADA=nao'})"
0.04894179894179894,"frozenset({'APP=nao', 'AREA_CONSOLIDADA=nao', 'TIPO=IRU'})"
0.03641975308641975,"frozenset({'APP=nao', 'UF=PA', 'AREA_CONSOLIDADA=nao'})"
0.012610229276895944,"frozenset({'APP=nao', 'UF=SP', 'AREA_CONSOLIDADA=nao'})"
0.04876543209876543,"frozenset({'APP=nao', 'AREA_CONSOLIDADA=nao', 'USO_RESTRITO=nao'})"
0.03262786596119929,"frozenset({'APP=nao', 'VEGETACAO_NATIVA=nao', 'AREA_CONSOLIDADA=nao'})"
0.0164021164021164,"frozenset({'APP=nao', 'VEGETACAO_NATIVA=sim', 'AREA_CONSOLIDADA=nao'})"
0.377336860670194,"frozenset({'APP=nao', 'AREA_POUSIO=nao', 'AREA_CONSOLIDADA=sim'})"
0.37786596119929455,"frozenset({'APP=nao', 'AREA_CONSOLIDADA=sim', 'HIDROGRAFIA=nao'})"
0.10335097001763668,"frozenset({'APP=nao', 'AREA_CONSOLIDADA=sim', 'MOD_FISCAL=1-4 módulos'})"
0.012345679012345678,"frozenset({'APP=nao', 'AREA_CONSOLIDADA=sim', 'MOD_FISCAL=4-10 módulos'})"
0.25423280423280425,"frozenset({'APP=nao', 'AREA_CONSOLIDADA=sim', 'MOD_FISCAL=<1 módulo'})"
0.030952380952380953,"frozenset({'APP=nao', 'AREA_CONSOLIDADA=sim', 'MUNICIPIO=Presidente Prudente'})"
0.3482363315696649,"frozenset({'APP=nao', 'AREA_CONSOLIDADA=sim', 'MUNICIPIO=São Félix do Xingu'})"
0.20229276895943563,"frozenset({'APP=nao', 'RESERVA_LEGAL=nao', 'AREA_CONSOLIDADA=sim'})"
0.17689594356261024,"frozenset({'APP=nao', 'AREA_CONSOLIDADA=sim', 'RESERVA_LEGAL=sim'})"
0.36728395061728397,"frozenset({'APP=nao', 'SERVIDAO_ADMINISTRATIVA=nao', 'AREA_CONSOLIDADA=sim'})"
0.011904761904761904,"frozenset({'APP=nao', 'AREA_CONSOLIDADA=sim', 'SERVIDAO_ADMINISTRATIVA=sim'})"
0.09082892416225749,"frozenset({'APP=nao', 'AREA_CONSOLIDADA=sim', 'STATUS=AT'})"
0.27839506172839507,"frozenset({'APP=nao', 'AREA_CONSOLIDADA=sim', 'STATUS=PE'})"
0.37821869488536153,"frozenset({'APP=nao', 'AREA_CONSOLIDADA=sim', 'TIPO=IRU'})"
0.3482363315696649,"frozenset({'APP=nao', 'AREA_CONSOLIDADA=sim', 'UF=PA'})"
0.030952380952380953,"frozenset({'APP=nao', 'AREA_CONSOLIDADA=sim', 'UF=SP'})"
0.3790123456790123,"frozenset({'APP=nao', 'AREA_CONSOLIDADA=sim', 'USO_RESTRITO=nao'})"
0.20767195767195767,"frozenset({'APP=nao', 'AREA_CONSOLIDADA=sim', 'VEGETACAO_NATIVA=nao'})"
0.1715167548500882,"frozenset({'APP=nao', 'AREA_CONSOLIDADA=sim', 'VEGETACAO_NATIVA=sim'})"
0.4236331569664903,"frozenset({'APP=nao', 'AREA_POUSIO=nao', 'HIDROGRAFIA=nao'})"
0.10943562610229277,"frozenset({'APP=nao', 'AREA_POUSIO=nao', 'MOD_FISCAL=1-4 módulos'})"
0.013227513227513227,"frozenset({'APP=nao', 'AREA_POUSIO=nao', 'MOD_FISCAL=4-10 módulos'})"
0.29268077601410936,"frozenset({'APP=nao', 'AREA_POUSIO=nao', 'MOD_FISCAL=<1 módulo'})"
0.010670194003527337,"frozenset({'APP=nao', 'AREA_POUSIO=nao', 'MOD_FISCAL=>=10 módulos'})"
0.04347442680776014,"frozenset({'APP=nao', 'AREA_POUSIO=nao', 'MUNICIPIO=Presidente Prudente'})"
0.3825396825396825,"frozenset({'APP=nao', 'AREA_POUSIO=nao', 'MUNICIPIO=São Félix do Xingu'})"
0.23289241622574955,"frozenset({'APP=nao', 'AREA_POUSIO=nao', 'RESERVA_LEGAL=nao'})"
0.1931216931216931,"frozenset({'APP=nao', 'AREA_POUSIO=nao', 'RESERVA_LEGAL=sim'})"
0.4120811287477954,"frozenset({'APP=nao', 'AREA_POUSIO=nao', 'SERVIDAO_ADMINISTRATIVA=nao'})"
0.013932980599647267,"frozenset({'APP=nao', 'AREA_POUSIO=nao', 'SERVIDAO_ADMINISTRATIVA=sim'})"
0.11119929453262786,"frozenset({'APP=nao', 'AREA_POUSIO=nao', 'STATUS=AT'})"
0.3035273368606702,"frozenset({'APP=nao', 'AREA_POUSIO=nao', 'STATUS=PE'})"
0.011287477954144622,"frozenset({'APP=nao', 'AREA_POUSIO=nao', 'STATUS=SU'})"
0.4249559082892416,"frozenset({'APP=nao', 'AREA_POUSIO=nao', 'TIPO=IRU'})"
0.3825396825396825,"frozenset({'APP=nao', 'AREA_POUSIO=nao', 'UF=PA'})"
0.04347442680776014,"frozenset({'APP=nao', 'AREA_POUSIO=nao', 'UF=SP'})"
0.4255731922398589,"frozenset({'APP=nao', 'AREA_POUSIO=nao', 'USO_RESTRITO=nao'})"
0.23862433862433863,"frozenset({'APP=nao', 'AREA_POUSIO=nao', 'VEGETACAO_NATIVA=nao'})"
0.18738977072310406,"frozenset({'APP=nao', 'AREA_POUSIO=nao', 'VEGETACAO_NATIVA=sim'})"
0.10925925925925926,"frozenset({'APP=nao', 'HIDROGRAFIA=nao', 'MOD_FISCAL=1-4 módulos'})"
0.013051146384479718,"frozenset({'APP=nao', 'HIDROGRAFIA=nao', 'MOD_FISCAL=4-10 módulos'})"
0.29285714285714287,"frozenset({'APP=nao', 'MOD_FISCAL=<1 módulo', 'HIDROGRAFIA=nao'})"
0.010670194003527337,"frozenset({'APP=nao', 'MOD_FISCAL=>=10 módulos', 'HIDROGRAFIA=nao'})"
0.042945326278659615,"frozenset({'APP=nao', 'HIDROGRAFIA=nao', 'MUNICIPIO=Presidente Prudente'})"
0.38289241622574954,"frozenset({'APP=nao', 'HIDROGRAFIA=nao', 'MUNICIPIO=São Félix do Xingu'})"
0.2324514991181658,"frozenset({'APP=nao', 'RESERVA_LEGAL=nao', 'HIDROGRAFIA=nao'})"
0.19338624338624338,"frozenset({'APP=nao', 'HIDROGRAFIA=nao', 'RESERVA_LEGAL=sim'})"
0.41199294532627867,"frozenset({'APP=nao', 'SERVIDAO_ADMINISTRATIVA=nao', 'HIDROGRAFIA=nao'})"
0.013844797178130511,"frozenset({'APP=nao', 'HIDROGRAFIA=nao', 'SERVIDAO_ADMINISTRATIVA=sim'})"
0.11075837742504409,"frozenset({'APP=nao', 'STATUS=AT', 'HIDROGRAFIA=nao'})"
0.3038800705467372,"frozenset({'APP=nao', 'HIDROGRAFIA=nao', 'STATUS=PE'})"
0.011199294532627866,"frozenset({'APP=nao', 'HIDROGRAFIA=nao', 'STATUS=SU'})"
0.4247795414462081,"frozenset({'APP=nao', 'HIDROGRAFIA=nao', 'TIPO=IRU'})"
0.38289241622574954,"frozenset({'APP=nao', 'HIDROGRAFIA=nao', 'UF=PA'})"
0.042945326278659615,"frozenset({'APP=nao', 'HIDROGRAFIA=nao', 'UF=SP'})"
0.4253968253968254,"frozenset({'APP=nao', 'HIDROGRAFIA=nao', 'USO_RESTRITO=nao'})"
0.23853615520282187,"frozenset({'APP=nao', 'HIDROGRAFIA=nao', 'VEGETACAO_NATIVA=nao'})"
0.1873015873015873,"frozenset({'APP=nao', 'HIDROGRAFIA=nao', 'VEGETACAO_NATIVA=sim'})"
0.10687830687830688,"frozenset({'APP=nao', 'MUNICIPIO=São Félix do Xingu', 'MOD_FISCAL=1-4 módulos'})"
0.04417989417989418,"frozenset({'APP=nao', 'RESERVA_LEGAL=nao', 'MOD_FISCAL=1-4 módulos'})"
0.06552028218694886,"frozenset({'APP=nao', 'RESERVA_LEGAL=sim', 'MOD_FISCAL=1-4 módulos'})"
0.10573192239858907,"frozenset({'APP=nao', 'SERVIDAO_ADMINISTRATIVA=nao', 'MOD_FISCAL=1-4 módulos'})"
0.018077601410934743,"frozenset({'APP=nao', 'STATUS=AT', 'MOD_FISCAL=1-4 módulos'})"
0.08562610229276896,"frozenset({'APP=nao', 'STATUS=PE', 'MOD_FISCAL=1-4 módulos'})"
0.10970017636684304,"frozenset({'APP=nao', 'TIPO=IRU', 'MOD_FISCAL=1-4 módulos'})"
0.10687830687830688,"frozenset({'APP=nao', 'UF=PA', 'MOD_FISCAL=1-4 módulos'})"
0.10952380952380952,"frozenset({'APP=nao', 'USO_RESTRITO=nao', 'MOD_FISCAL=1-4 módulos'})"
0.046296296296296294,"frozenset({'APP=nao', 'VEGETACAO_NATIVA=nao', 'MOD_FISCAL=1-4 módulos'})"
0.06340388007054673,"frozenset({'APP=nao', 'VEGETACAO_NATIVA=sim', 'MOD_FISCAL=1-4 módulos'})"
0.013139329805996473,"frozenset({'APP=nao', 'MOD_FISCAL=4-10 módulos', 'MUNICIPIO=São Félix do Xingu'})"
0.012786596119929453,"frozenset({'APP=nao', 'SERVIDAO_ADMINISTRATIVA=nao', 'MOD_FISCAL=4-10 módulos'})"
0.013227513227513227,"frozenset({'APP=nao', 'MOD_FISCAL=4-10 módulos', 'TIPO=IRU'})"
0.013139329805996473,"frozenset({'APP=nao', 'MOD_FISCAL=4-10 módulos', 'UF=PA'})"
0.013227513227513227,"frozenset({'APP=nao', 'MOD_FISCAL=4-10 módulos', 'USO_RESTRITO=nao'})"
0.04056437389770723,"frozenset({'APP=nao', 'MOD_FISCAL=<1 módulo', 'MUNICIPIO=Presidente Prudente'})"
0.25405643738977074,"frozenset({'APP=nao', 'MOD_FISCAL=<1 módulo', 'MUNICIPIO=São Félix do Xingu'})"
0.18156966490299822,"frozenset({'APP=nao', 'RESERVA_LEGAL=nao', 'MOD_FISCAL=<1 módulo'})"
0.11305114638447972,"frozenset({'APP=nao', 'MOD_FISCAL=<1 módulo', 'RESERVA_LEGAL=sim'})"
0.28527336860670194,"frozenset({'APP=nao', 'SERVIDAO_ADMINISTRATIVA=nao', 'MOD_FISCAL=<1 módulo'})"
0.08765432098765433,"frozenset({'APP=nao', 'MOD_FISCAL=<1 módulo', 'STATUS=AT'})"
0.204320987654321,"frozenset({'APP=nao', 'MOD_FISCAL=<1 módulo', 'STATUS=PE'})"
0.29462081128747797,"frozenset({'APP=nao', 'MOD_FISCAL=<1 módulo', 'TIPO=IRU'})"
0.25405643738977074,"frozenset({'APP=nao', 'MOD_FISCAL=<1 módulo', 'UF=PA'})"
0.04056437389770723,"frozenset({'APP=nao', 'MOD_FISCAL=<1 módulo', 'UF=SP'})"
0.29444444444444445,"frozenset({'APP=nao', 'MOD_FISCAL=<1 módulo', 'USO_RESTRITO=nao'})"
0.1837742504409171,"frozenset({'APP=nao', 'MOD_FISCAL=<1 módulo', 'VEGETACAO_NATIVA=nao'})"
0.11084656084656085,"frozenset({'APP=nao', 'MOD_FISCAL=<1 módulo', 'VEGETACAO_NATIVA=sim'})"
0.010582010582010581,"frozenset({'APP=nao', 'MOD_FISCAL=>=10 módulos', 'MUNICIPIO=São Félix do Xingu'})"
0.010317460317460317,"frozenset({'APP=nao', 'SERVIDAO_ADMINISTRATIVA=nao', 'MOD_FISCAL=>=10 módulos'})"
0.010582010582010581,"frozenset({'APP=nao', 'MOD_FISCAL=>=10 módulos', 'UF=PA'})"
0.010582010582010581,"frozenset({'APP=nao', 'MOD_FISCAL=>=10 módulos', 'USO_RESTRITO=nao'})"
0.036155202821869487,"frozenset({'APP=nao', 'RESERVA_LEGAL=nao', 'MUNICIPIO=Presidente Prudente'})"
0.03888888888888889,"frozenset({'APP=nao', 'SERVIDAO_ADMINISTRATIVA=nao', 'MUNICIPIO=Presidente Prudente'})"
0.04347442680776014,"frozenset({'APP=nao', 'STATUS=AT', 'MUNICIPIO=Presidente Prudente'})"
0.0435626102292769,"frozenset({'APP=nao', 'MUNICIPIO=Presidente Prudente', 'TIPO=IRU'})"
0.0435626102292769,"frozenset({'APP=nao', 'MUNICIPIO=Presidente Prudente', 'UF=SP'})"
0.043209876543209874,"frozenset({'APP=nao', 'MUNICIPIO=Presidente Prudente', 'USO_RESTRITO=nao'})"
0.029717813051146385,"frozenset({'APP=nao', 'VEGETACAO_NATIVA=nao', 'MUNICIPIO=Presidente Prudente'})"
0.013844797178130511,"frozenset({'APP=nao', 'VEGETACAO_NATIVA=sim', 'MUNICIPIO=Presidente Prudente'})"
0.1980599647266314,"frozenset({'APP=nao', 'RESERVA_LEGAL=nao', 'MUNICIPIO=São Félix do Xingu'})"
0.18659611992945327,"frozenset({'APP=nao', 'RESERVA_LEGAL=sim', 'MUNICIPIO=São Félix do Xingu'})"
0.3752204585537919,"frozenset({'APP=nao', 'SERVIDAO_ADMINISTRATIVA=nao', 'MUNICIPIO=São Félix do Xingu'})"
0.0681657848324515,"frozenset({'APP=nao', 'STATUS=AT', 'MUNICIPIO=São Félix do Xingu'})"
0.30520282186948855,"frozenset({'APP=nao', 'STATUS=PE', 'MUNICIPIO=São Félix do Xingu'})"
0.011287477954144622,"frozenset({'APP=nao', 'STATUS=SU', 'MUNICIPIO=São Félix do Xingu'})"
0.3835978835978836,"frozenset({'APP=nao', 'TIPO=IRU', 'MUNICIPIO=São Félix do Xingu'})"
0.38465608465608464,"frozenset({'APP=nao', 'UF=PA', 'MUNICIPIO=São Félix do Xingu'})"
0.3845679012345679,"frozenset({'APP=nao', 'MUNICIPIO=São Félix do Xingu', 'USO_RESTRITO=nao'})"
0.2105820105820106,"frozenset({'APP=nao', 'VEGETACAO_NATIVA=nao', 'MUNICIPIO=São Félix do Xingu'})"
0.17407407407407408,"frozenset({'APP=nao', 'VEGETACAO_NATIVA=sim', 'MUNICIPIO=São Félix do Xingu'})"
0.2261904761904762,"frozenset({'APP=nao', 'RESERVA_LEGAL=nao', 'SERVIDAO_ADMINISTRATIVA=nao'})"
0.07433862433862434,"frozenset({'APP=nao', 'RESERVA_LEGAL=nao', 'STATUS=AT'})"
0.1523809523809524,"frozenset({'APP=nao', 'RESERVA_LEGAL=nao', 'STATUS=PE'})"
0.23315696649029982,"frozenset({'APP=nao', 'RESERVA_LEGAL=nao', 'TIPO=IRU'})"
0.1980599647266314,"frozenset({'APP=nao', 'RESERVA_LEGAL=nao', 'UF=PA'})"
0.036155202821869487,"frozenset({'APP=nao', 'RESERVA_LEGAL=nao', 'UF=SP'})"
0.2339506172839506,"frozenset({'APP=nao', 'RESERVA_LEGAL=nao', 'USO_RESTRITO=nao'})"
0.18791887125220458,"frozenset({'APP=nao', 'RESERVA_LEGAL=nao', 'VEGETACAO_NATIVA=nao'})"
0.046296296296296294,"frozenset({'APP=nao', 'RESERVA_LEGAL=nao', 'VEGETACAO_NATIVA=sim'})"
0.18791887125220458,"frozenset({'APP=nao', 'SERVIDAO_ADMINISTRATIVA=nao', 'RESERVA_LEGAL=sim'})"
0.0373015873015873,"frozenset({'APP=nao', 'STATUS=AT', 'RESERVA_LEGAL=sim'})"
0.1529100529100529,"frozenset({'APP=nao', 'STATUS=PE', 'RESERVA_LEGAL=sim'})"
0.19400352733686066,"frozenset({'APP=nao', 'RESERVA_LEGAL=sim', 'TIPO=IRU'})"
0.18659611992945327,"frozenset({'APP=nao', 'UF=PA', 'RESERVA_LEGAL=sim'})"
0.19382716049382717,"frozenset({'APP=nao', 'RESERVA_LEGAL=sim', 'USO_RESTRITO=nao'})"
0.05238095238095238,"frozenset({'APP=nao', 'VEGETACAO_NATIVA=nao', 'RESERVA_LEGAL=sim'})"
0.1416225749559083,"frozenset({'APP=nao', 'VEGETACAO_NATIVA=sim', 'RESERVA_LEGAL=sim'})"
0.10485008818342152,"frozenset({'APP=nao', 'SERVIDAO_ADMINISTRATIVA=nao', 'STATUS=AT'})"
0.2985890652557319,"frozenset({'APP=nao', 'SERVIDAO_ADMINISTRATIVA=nao', 'STATUS=PE'})"
0.010670194003527337,"frozenset({'APP=nao', 'SERVIDAO_ADMINISTRATIVA=nao', 'STATUS=SU'})"
0.4130511463844797,"frozenset({'APP=nao', 'SERVIDAO_ADMINISTRATIVA=nao', 'TIPO=IRU'})"
0.3752204585537919,"frozenset({'APP=nao', 'SERVIDAO_ADMINISTRATIVA=nao', 'UF=PA'})"
0.03888888888888889,"frozenset({'APP=nao', 'SERVIDAO_ADMINISTRATIVA=nao', 'UF=SP'})"
0.4138447971781305,"frozenset({'APP=nao', 'SERVIDAO_ADMINISTRATIVA=nao', 'USO_RESTRITO=nao'})"
0.23315696649029982,"frozenset({'APP=nao', 'SERVIDAO_ADMINISTRATIVA=nao', 'VEGETACAO_NATIVA=nao'})"
0.18095238095238095,"frozenset({'APP=nao', 'SERVIDAO_ADMINISTRATIVA=nao', 'VEGETACAO_NATIVA=sim'})"
0.014109347442680775,"frozenset({'APP=nao', 'TIPO=IRU', 'SERVIDAO_ADMINISTRATIVA=sim'})"
0.013932980599647267,"frozenset({'APP=nao', 'USO_RESTRITO=nao', 'SERVIDAO_ADMINISTRATIVA=sim'})"
0.11075837742504409,"frozenset({'APP=nao', 'STATUS=AT', 'TIPO=IRU'})"
0.0681657848324515,"frozenset({'APP=nao', 'STATUS=AT', 'UF=PA'})"
0.04347442680776014,"frozenset({'APP=nao', 'STATUS=AT', 'UF=SP'})"
0.11119929453262786,"frozenset({'APP=nao', 'STATUS=AT', 'USO_RESTRITO=nao'})"
0.07054673721340388,"frozenset({'APP=nao', 'STATUS=AT', 'VEGETACAO_NATIVA=nao'})"
0.04109347442680776,"frozenset({'APP=nao', 'STATUS=AT', 'VEGETACAO_NATIVA=sim'})"
0.30520282186948855,"frozenset({'APP=nao', 'STATUS=PE', 'TIPO=IRU'})"
0.30520282186948855,"frozenset({'APP=nao', 'STATUS=PE', 'UF=PA'})"
0.3052910052910053,"frozenset({'APP=nao', 'STATUS=PE', 'USO_RESTRITO=nao'})"
0.16261022927689595,"frozenset({'APP=nao', 'VEGETACAO_NATIVA=nao', 'STATUS=PE'})"
0.14268077601410933,"frozenset({'APP=nao', 'VEGETACAO_NATIVA=sim', 'STATUS=PE'})"
0.011199294532627866,"frozenset({'APP=nao', 'STATUS=SU', 'TIPO=IRU'})"
0.011287477954144622,"frozenset({'APP=nao', 'STATUS=SU', 'UF=PA'})"
0.011287477954144622,"frozenset({'APP=nao', 'STATUS=SU', 'USO_RESTRITO=nao'})"
0.3835978835978836,"frozenset({'APP=nao', 'UF=PA', 'TIPO=IRU'})"
0.0435626102292769,"frozenset({'APP=nao', 'UF=SP', 'TIPO=IRU'})"
0.4267195767195767,"frozenset({'APP=nao', 'TIPO=IRU', 'USO_RESTRITO=nao'})"
0.2392416225749559,"frozenset({'APP=nao', 'VEGETACAO_NATIVA=nao', 'TIPO=IRU'})"
0.18791887125220458,"frozenset({'APP=nao', 'VEGETACAO_NATIVA=sim', 'TIPO=IRU'})"
0.3845679012345679,"frozenset({'APP=nao', 'UF=PA', 'USO_RESTRITO=nao'})"
0.2105820105820106,"frozenset({'APP=nao', 'VEGETACAO_NATIVA=nao', 'UF=PA'})"
0.17407407407407408,"frozenset({'APP=nao', 'VEGETACAO_NATIVA=sim', 'UF=PA'})"
0.043209876543209874,"frozenset({'APP=nao', 'UF=SP', 'USO_RESTRITO=nao'})"
0.029717813051146385,"frozenset({'APP=nao', 'VEGETACAO_NATIVA=nao', 'UF=SP'})"
0.013844797178130511,"frozenset({'APP=nao', 'VEGETACAO_NATIVA=sim', 'UF=SP'})"
0.24012345679012345,"frozenset({'APP=nao', 'VEGETACAO_NATIVA=nao', 'USO_RESTRITO=nao'})"
0.18765432098765433,"frozenset({'APP=nao', 'VEGETACAO_NATIVA=sim', 'USO_RESTRITO=nao'})"
0.1797178130511464,"frozenset({'AREA_CONSOLIDADA=sim', 'APP=sim', 'AREA=100-1000 ha'})"
0.18615520282186948,"frozenset({'AREA_POUSIO=nao', 'APP=sim', 'AREA=100-1000 ha'})"
0.1805114638447972,"frozenset({'HIDROGRAFIA=sim', 'APP=sim', 'AREA=100-1000 ha'})"
0.12760141093474428,"frozenset({'MOD_FISCAL=1-4 módulos', 'APP=sim', 'AREA=100-1000 ha'})"
0.043033509700176366,"frozenset({'MOD_FISCAL=4-10 módulos', 'APP=sim', 'AREA=100-1000 ha'})"
0.0164021164021164,"frozenset({'MOD_FISCAL=>=10 módulos', 'APP=sim', 'AREA=100-1000 ha'})"
0.18174603174603174,"frozenset({'MUNICIPIO=São Félix do Xingu', 'APP=sim', 'AREA=100-1000 ha'})"
0.04982363315696649,"frozenset({'RESERVA_LEGAL=nao', 'APP=sim', 'AREA=100-1000 ha'})"
0.13721340388007056,"frozenset({'RESERVA_LEGAL=sim', 'APP=sim', 'AREA=100-1000 ha'})"
0.15070546737213403,"frozenset({'SERVIDAO_ADMINISTRATIVA=nao', 'APP=sim', 'AREA=100-1000 ha'})"
0.036331569664902995,"frozenset({'SERVIDAO_ADMINISTRATIVA=sim', 'APP=sim', 'AREA=100-1000 ha'})"
0.05388007054673721,"frozenset({'STATUS=AT', 'APP=sim', 'AREA=100-1000 ha'})"
0.11957671957671957,"frozenset({'STATUS=PE', 'APP=sim', 'AREA=100-1000 ha'})"
0.013580246913580247,"frozenset({'STATUS=SU', 'APP=sim', 'AREA=100-1000 ha'})"
0.18703703703703703,"frozenset({'TIPO=IRU', 'APP=sim', 'AREA=100-1000 ha'})"
0.18174603174603174,"frozenset({'UF=PA', 'APP=sim', 'AREA=100-1000 ha'})"
0.186331569664903,"frozenset({'USO_RESTRITO=nao', 'APP=sim', 'AREA=100-1000 ha'})"
0.04708994708994709,"frozenset({'VEGETACAO_NATIVA=nao', 'APP=sim', 'AREA=100-1000 ha'})"
0.13994708994708996,"frozenset({'VEGETACAO_NATIVA=sim', 'APP=sim', 'AREA=100-1000 ha'})"
0.010405643738977073,"frozenset({'AREA_CONSOLIDADA=nao', 'APP=sim', 'AREA=15-100 ha'})"
0.254320987654321,"frozenset({'AREA_CONSOLIDADA=sim', 'APP=sim', 'AREA=15-100 ha'})"
0.2634038800705467,"frozenset({'AREA_POUSIO=nao', 'APP=sim', 'AREA=15-100 ha'})"
0.016490299823633158,"frozenset({'HIDROGRAFIA=nao', 'APP=sim', 'AREA=15-100 ha'})"
0.2482363315696649,"frozenset({'HIDROGRAFIA=sim', 'APP=sim', 'AREA=15-100 ha'})"
0.09373897707231041,"frozenset({'MOD_FISCAL=1-4 módulos', 'APP=sim', 'AREA=15-100 ha'})"
0.16984126984126985,"frozenset({'MOD_FISCAL=<1 módulo', 'APP=sim', 'AREA=15-100 ha'})"
0.045326278659611995,"frozenset({'MUNICIPIO=Presidente Prudente', 'APP=sim', 'AREA=15-100 ha'})"
0.21940035273368608,"frozenset({'MUNICIPIO=São Félix do Xingu', 'APP=sim', 'AREA=15-100 ha'})"
0.11516754850088183,"frozenset({'RESERVA_LEGAL=nao', 'APP=sim', 'AREA=15-100 ha'})"
0.14955908289241623,"frozenset({'RESERVA_LEGAL=sim', 'APP=sim', 'AREA=15-100 ha'})"
0.231657848324515,"frozenset({'SERVIDAO_ADMINISTRATIVA=nao', 'APP=sim', 'AREA=15-100 ha'})"
0.03306878306878307,"frozenset({'SERVIDAO_ADMINISTRATIVA=sim', 'APP=sim', 'AREA=15-100 ha'})"
0.0898589065255732,"frozenset({'STATUS=AT', 'APP=sim', 'AREA=15-100 ha'})"
0.17098765432098764,"frozenset({'STATUS=PE', 'APP=sim', 'AREA=15-100 ha'})"
0.26472663139329805,"frozenset({'AREA=15-100 ha', 'TIPO=IRU', 'APP=sim'})"
0.21940035273368608,"frozenset({'UF=PA', 'APP=sim', 'AREA=15-100 ha'})"
0.045326278659611995,"frozenset({'UF=SP', 'APP=sim', 'AREA=15-100 ha'})"
0.26402116402116405,"frozenset({'USO_RESTRITO=nao', 'APP=sim', 'AREA=15-100 ha'})"
0.09435626102292768,"frozenset({'VEGETACAO_NATIVA=nao', 'APP=sim', 'AREA=15-100 ha'})"
0.17037037037037037,"frozenset({'VEGETACAO_NATIVA=sim', 'APP=sim', 'AREA=15-100 ha'})"
0.051499118165784834,"frozenset({'AREA_CONSOLIDADA=sim', 'APP=sim', 'AREA=4-15 ha'})"
0.0554673721340388,"frozenset({'AREA_POUSIO=nao', 'APP=sim', 'AREA=4-15 ha'})"
0.050793650793650794,"frozenset({'HIDROGRAFIA=sim', 'APP=sim', 'AREA=4-15 ha'})"
0.05564373897707231,"frozenset({'MOD_FISCAL=<1 módulo', 'APP=sim', 'AREA=4-15 ha'})"
0.04250440917107584,"frozenset({'MUNICIPIO=Presidente Prudente', 'APP=sim', 'AREA=4-15 ha'})"
0.013139329805996473,"frozenset({'MUNICIPIO=São Félix do Xingu', 'APP=sim', 'AREA=4-15 ha'})"
0.023368606701940034,"frozenset({'RESERVA_LEGAL=nao', 'APP=sim', 'AREA=4-15 ha'})"
0.032275132275132276,"frozenset({'RESERVA_LEGAL=sim', 'APP=sim', 'AREA=4-15 ha'})"
0.047001763668430334,"frozenset({'SERVIDAO_ADMINISTRATIVA=nao', 'APP=sim', 'AREA=4-15 ha'})"
0.04664902998236332,"frozenset({'STATUS=AT', 'APP=sim', 'AREA=4-15 ha'})"
0.05555555555555555,"frozenset({'TIPO=IRU', 'APP=sim', 'AREA=4-15 ha'})"
0.013139329805996473,"frozenset({'UF=PA', 'APP=sim', 'AREA=4-15 ha'})"
0.04250440917107584,"frozenset({'UF=SP', 'APP=sim', 'AREA=4-15 ha'})"
0.054673721340388004,"frozenset({'USO_RESTRITO=nao', 'APP=sim', 'AREA=4-15 ha'})"
0.013668430335097001,"frozenset({'VEGETACAO_NATIVA=nao', 'APP=sim', 'AREA=4-15 ha'})"
0.04197530864197531,"frozenset({'VEGETACAO_NATIVA=sim', 'APP=sim', 'AREA=4-15 ha'})"
0.014021164021164021,"frozenset({'AREA_CONSOLIDADA=sim', 'AREA=<4 ha', 'APP=sim'})"
0.015784832451499118,"frozenset({'AREA_POUSIO=nao', 'AREA=<4 ha', 'APP=sim'})"
0.014197530864197531,"frozenset({'HIDROGRAFIA=sim', 'AREA=<4 ha', 'APP=sim'})"
0.015873015873015872,"frozenset({'MOD_FISCAL=<1 módulo', 'AREA=<4 ha', 'APP=sim'})"
0.013139329805996473,"frozenset({'AREA=<4 ha', 'APP=sim', 'MUNICIPIO=Presidente Prudente'})"
0.014285714285714285,"frozenset({'SERVIDAO_ADMINISTRATIVA=nao', 'AREA=<4 ha', 'APP=sim'})"
0.014197530864197531,"frozenset({'STATUS=AT', 'AREA=<4 ha', 'APP=sim'})"
0.015873015873015872,"frozenset({'TIPO=IRU', 'AREA=<4 ha', 'APP=sim'})"
0.013139329805996473,"frozenset({'AREA=<4 ha', 'UF=SP', 'APP=sim'})"
0.01525573192239859,"frozenset({'AREA=<4 ha', 'APP=sim', 'USO_RESTRITO=nao'})"
0.010934744268077601,"frozenset({'VEGETACAO_NATIVA=sim', 'AREA=<4 ha', 'APP=sim'})"
0.04567901234567901,"frozenset({'AREA_CONSOLIDADA=sim', 'AREA=>=1000 ha', 'APP=sim'})"
0.047530864197530866,"frozenset({'AREA_POUSIO=nao', 'AREA=>=1000 ha', 'APP=sim'})"
0.04779541446208113,"frozenset({'HIDROGRAFIA=sim', 'AREA=>=1000 ha', 'APP=sim'})"
0.04691358024691358,"frozenset({'MOD_FISCAL=>=10 módulos', 'AREA=>=1000 ha', 'APP=sim'})"
0.04805996472663139,"frozenset({'MUNICIPIO=São Félix do Xingu', 'AREA=>=1000 ha', 'APP=sim'})"
0.043738977072310406,"frozenset({'RESERVA_LEGAL=sim', 'AREA=>=1000 ha', 'APP=sim'})"
0.032451499118165784,"frozenset({'SERVIDAO_ADMINISTRATIVA=nao', 'AREA=>=1000 ha', 'APP=sim'})"
0.016049382716049384,"frozenset({'AREA=>=1000 ha', 'APP=sim', 'SERVIDAO_ADMINISTRATIVA=sim'})"
0.02451499118165785,"frozenset({'STATUS=AT', 'AREA=>=1000 ha', 'APP=sim'})"
0.01984126984126984,"frozenset({'AREA=>=1000 ha', 'STATUS=PE', 'APP=sim'})"
0.04691358024691358,"frozenset({'TIPO=IRU', 'AREA=>=1000 ha', 'APP=sim'})"
0.04805996472663139,"frozenset({'AREA=>=1000 ha', 'UF=PA', 'APP=sim'})"
0.04814814814814815,"frozenset({'AREA=>=1000 ha', 'APP=sim', 'USO_RESTRITO=nao'})"
0.043827160493827164,"frozenset({'AREA=>=1000 ha', 'VEGETACAO_NATIVA=sim', 'APP=sim'})"
0.026455026455026454,"frozenset({'AREA_CONSOLIDADA=nao', 'AREA_POUSIO=nao', 'APP=sim'})"
0.025044091710758377,"frozenset({'AREA_CONSOLIDADA=nao', 'HIDROGRAFIA=sim', 'APP=sim'})"
0.01164021164021164,"frozenset({'AREA_CONSOLIDADA=nao', 'MOD_FISCAL=<1 módulo', 'APP=sim'})"
0.010670194003527337,"frozenset({'AREA_CONSOLIDADA=nao', 'MUNICIPIO=Presidente Prudente', 'APP=sim'})"
0.015873015873015872,"frozenset({'MUNICIPIO=São Félix do Xingu', 'AREA_CONSOLIDADA=nao', 'APP=sim'})"
0.017548500881834215,"frozenset({'AREA_CONSOLIDADA=nao', 'RESERVA_LEGAL=sim', 'APP=sim'})"
0.023721340388007054,"frozenset({'AREA_CONSOLIDADA=nao', 'SERVIDAO_ADMINISTRATIVA=nao', 'APP=sim'})"
0.016578483245149912,"frozenset({'AREA_CONSOLIDADA=nao', 'STATUS=AT', 'APP=sim'})"
0.02654320987654321,"frozenset({'AREA_CONSOLIDADA=nao', 'TIPO=IRU', 'APP=sim'})"
0.015873015873015872,"frozenset({'AREA_CONSOLIDADA=nao', 'UF=PA', 'APP=sim'})"
0.010670194003527337,"frozenset({'AREA_CONSOLIDADA=nao', 'UF=SP', 'APP=sim'})"
0.0263668430335097,"frozenset({'AREA_CONSOLIDADA=nao', 'APP=sim', 'USO_RESTRITO=nao'})"
0.020017636684303352,"frozenset({'AREA_CONSOLIDADA=nao', 'VEGETACAO_NATIVA=sim', 'APP=sim'})"
0.5418871252204586,"frozenset({'AREA_POUSIO=nao', 'AREA_CONSOLIDADA=sim', 'APP=sim'})"
0.028747795414462082,"frozenset({'HIDROGRAFIA=nao', 'AREA_CONSOLIDADA=sim', 'APP=sim'})"
0.5164902998236331,"frozenset({'AREA_CONSOLIDADA=sim', 'HIDROGRAFIA=sim', 'APP=sim'})"
0.213668430335097,"frozenset({'MOD_FISCAL=1-4 módulos', 'AREA_CONSOLIDADA=sim', 'APP=sim'})"
0.041005291005291,"frozenset({'AREA_CONSOLIDADA=sim', 'MOD_FISCAL=4-10 módulos', 'APP=sim'})"
0.23095238095238096,"frozenset({'AREA_CONSOLIDADA=sim', 'APP=sim', 'MOD_FISCAL=<1 módulo'})"
0.05961199294532628,"frozenset({'MOD_FISCAL=>=10 módulos', 'AREA_CONSOLIDADA=sim', 'APP=sim'})"
0.09603174603174604,"frozenset({'AREA_CONSOLIDADA=sim', 'MUNICIPIO=Presidente Prudente', 'APP=sim'})"
0.4492063492063492,"frozenset({'MUNICIPIO=São Félix do Xingu', 'AREA_CONSOLIDADA=sim', 'APP=sim'})"
0.19223985890652556,"frozenset({'RESERVA_LEGAL=nao', 'AREA_CONSOLIDADA=sim', 'APP=sim'})"
0.3529982363315697,"frozenset({'AREA_CONSOLIDADA=sim', 'RESERVA_LEGAL=sim', 'APP=sim'})"
0.4523809523809524,"frozenset({'SERVIDAO_ADMINISTRATIVA=nao', 'AREA_CONSOLIDADA=sim', 'APP=sim'})"
0.09285714285714286,"frozenset({'AREA_CONSOLIDADA=sim', 'APP=sim', 'SERVIDAO_ADMINISTRATIVA=sim'})"
0.21252204585537918,"frozenset({'AREA_CONSOLIDADA=sim', 'STATUS=AT', 'APP=sim'})"
0.3118165784832452,"frozenset({'AREA_CONSOLIDADA=sim', 'STATUS=PE', 'APP=sim'})"
0.0208994708994709,"frozenset({'STATUS=SU', 'AREA_CONSOLIDADA=sim', 'APP=sim'})"
0.5435626102292769,"frozenset({'TIPO=IRU', 'AREA_CONSOLIDADA=sim', 'APP=sim'})"
0.4492063492063492,"frozenset({'AREA_CONSOLIDADA=sim', 'UF=PA', 'APP=sim'})"
0.09603174603174604,"frozenset({'AREA_CONSOLIDADA=sim', 'UF=SP', 'APP=sim'})"
0.542063492063492,"frozenset({'AREA_CONSOLIDADA=sim', 'APP=sim', 'USO_RESTRITO=nao'})"
0.1582010582010582,"frozenset({'AREA_CONSOLIDADA=sim', 'VEGETACAO_NATIVA=nao', 'APP=sim'})"
0.387037037037037,"frozenset({'AREA_CONSOLIDADA=sim', 'VEGETACAO_NATIVA=sim', 'APP=sim'})"
0.03015873015873016,"frozenset({'HIDROGRAFIA=nao', 'AREA_POUSIO=nao', 'APP=sim'})"
0.5381834215167548,"frozenset({'AREA_POUSIO=nao', 'HIDROGRAFIA=sim', 'APP=sim'})"
0.22063492063492063,"frozenset({'MOD_FISCAL=1-4 módulos', 'AREA_POUSIO=nao', 'APP=sim'})"
0.04409171075837742,"frozenset({'AREA_POUSIO=nao', 'MOD_FISCAL=4-10 módulos', 'APP=sim'})"
0.241005291005291,"frozenset({'AREA_POUSIO=nao', 'MOD_FISCAL=<1 módulo', 'APP=sim'})"
0.06261022927689594,"frozenset({'AREA_POUSIO=nao', 'MOD_FISCAL=>=10 módulos', 'APP=sim'})"
0.10670194003527336,"frozenset({'AREA_POUSIO=nao', 'MUNICIPIO=Presidente Prudente', 'APP=sim'})"
0.46164021164021163,"frozenset({'MUNICIPIO=São Félix do Xingu', 'AREA_POUSIO=nao', 'APP=sim'})"
0.20008818342151677,"frozenset({'RESERVA_LEGAL=nao', 'APP=sim', 'AREA_POUSIO=nao'})"
0.3682539682539683,"frozenset({'AREA_POUSIO=nao', 'RESERVA_LEGAL=sim', 'APP=sim'})"
0.47292768959435627,"frozenset({'SERVIDAO_ADMINISTRATIVA=nao', 'APP=sim', 'AREA_POUSIO=nao'})"
0.09541446208112875,"frozenset({'AREA_POUSIO=nao', 'APP=sim', 'SERVIDAO_ADMINISTRATIVA=sim'})"
0.2279541446208113,"frozenset({'AREA_POUSIO=nao', 'STATUS=AT', 'APP=sim'})"
0.31860670194003526,"frozenset({'AREA_POUSIO=nao', 'STATUS=PE', 'APP=sim'})"
0.02178130511463845,"frozenset({'STATUS=SU', 'AREA_POUSIO=nao', 'APP=sim'})"
0.567283950617284,"frozenset({'TIPO=IRU', 'APP=sim', 'AREA_POUSIO=nao'})"
0.46164021164021163,"frozenset({'AREA_POUSIO=nao', 'UF=PA', 'APP=sim'})"
0.10670194003527336,"frozenset({'AREA_POUSIO=nao', 'UF=SP', 'APP=sim'})"
0.5650793650793651,"frozenset({'AREA_POUSIO=nao', 'APP=sim', 'USO_RESTRITO=nao'})"
0.163668430335097,"frozenset({'AREA_POUSIO=nao', 'VEGETACAO_NATIVA=nao', 'APP=sim'})"
0.404673721340388,"frozenset({'AREA_POUSIO=nao', 'VEGETACAO_NATIVA=sim', 'APP=sim'})"
0.010670194003527337,"frozenset({'HIDROGRAFIA=nao', 'APP=sim', 'MOD_FISCAL=1-4 módulos'})"
0.016931216931216932,"frozenset({'HIDROGRAFIA=nao', 'MOD_FISCAL=<1 módulo', 'APP=sim'})"
0.021516754850088183,"frozenset({'MUNICIPIO=São Félix do Xingu', 'HIDROGRAFIA=nao', 'APP=sim'})"
0.02398589065255732,"frozenset({'HIDROGRAFIA=nao', 'RESERVA_LEGAL=sim', 'APP=sim'})"
0.028042328042328042,"frozenset({'HIDROGRAFIA=nao', 'SERVIDAO_ADMINISTRATIVA=nao', 'APP=sim'})"
0.010052910052910053,"frozenset({'HIDROGRAFIA=nao', 'STATUS=AT', 'APP=sim'})"
0.019312169312169312,"frozenset({'HIDROGRAFIA=nao', 'STATUS=PE', 'APP=sim'})"
0.030246913580246913,"frozenset({'HIDROGRAFIA=nao', 'TIPO=IRU', 'APP=sim'})"
0.021516754850088183,"frozenset({'HIDROGRAFIA=nao', 'UF=PA', 'APP=sim'})"
0.029982363315696647,"frozenset({'HIDROGRAFIA=nao', 'APP=sim', 'USO_RESTRITO=nao'})"
0.02513227513227513,"frozenset({'HIDROGRAFIA=nao', 'VEGETACAO_NATIVA=sim', 'APP=sim'})"
0.21102292768959435,"frozenset({'MOD_FISCAL=1-4 módulos', 'HIDROGRAFIA=sim', 'APP=sim'})"
0.04241622574955908,"frozenset({'HIDROGRAFIA=sim', 'APP=sim', 'MOD_FISCAL=4-10 módulos'})"
0.22566137566137567,"frozenset({'MOD_FISCAL=<1 módulo', 'HIDROGRAFIA=sim', 'APP=sim'})"
0.06243386243386243,"frozenset({'MOD_FISCAL=>=10 módulos', 'HIDROGRAFIA=sim', 'APP=sim'})"
0.09797178130511464,"frozenset({'HIDROGRAFIA=sim', 'MUNICIPIO=Presidente Prudente', 'APP=sim'})"
0.4435626102292769,"frozenset({'MUNICIPIO=São Félix do Xingu', 'HIDROGRAFIA=sim', 'APP=sim'})"
0.19497354497354497,"frozenset({'RESERVA_LEGAL=nao', 'HIDROGRAFIA=sim', 'APP=sim'})"
0.34656084656084657,"frozenset({'HIDROGRAFIA=sim', 'RESERVA_LEGAL=sim', 'APP=sim'})"
0.4480599647266314,"frozenset({'SERVIDAO_ADMINISTRATIVA=nao', 'HIDROGRAFIA=sim', 'APP=sim'})"
0.09347442680776014,"frozenset({'HIDROGRAFIA=sim', 'APP=sim', 'SERVIDAO_ADMINISTRATIVA=sim'})"
0.21904761904761905,"frozenset({'STATUS=AT', 'HIDROGRAFIA=sim', 'APP=sim'})"
0.30158730158730157,"frozenset({'HIDROGRAFIA=sim', 'STATUS=PE', 'APP=sim'})"
0.0208994708994709,"frozenset({'STATUS=SU', 'HIDROGRAFIA=sim', 'APP=sim'})"
0.5398589065255732,"frozenset({'TIPO=IRU', 'HIDROGRAFIA=sim', 'APP=sim'})"
0.4435626102292769,"frozenset({'HIDROGRAFIA=sim', 'UF=PA', 'APP=sim'})"
0.09797178130511464,"frozenset({'HIDROGRAFIA=sim', 'UF=SP', 'APP=sim'})"
0.5384479717813051,"frozenset({'HIDROGRAFIA=sim', 'APP=sim', 'USO_RESTRITO=nao'})"
0.15961199294532627,"frozenset({'HIDROGRAFIA=sim', 'VEGETACAO_NATIVA=nao', 'APP=sim'})"
0.38192239858906524,"frozenset({'HIDROGRAFIA=sim', 'VEGETACAO_NATIVA=sim', 'APP=sim'})"
0.03077601410934744,"frozenset({'MOD_FISCAL=1-4 módulos', 'MUNICIPIO=Presidente Prudente', 'APP=sim'})"
0.19091710758377425,"frozenset({'MUNICIPIO=São Félix do Xingu', 'APP=sim', 'MOD_FISCAL=1-4 módulos'})"
0.07266313932980599,"frozenset({'MOD_FISCAL=1-4 módulos', 'RESERVA_LEGAL=nao', 'APP=sim'})"
0.1490299823633157,"frozenset({'MOD_FISCAL=1-4 módulos', 'RESERVA_LEGAL=sim', 'APP=sim'})"
0.1837742504409171,"frozenset({'MOD_FISCAL=1-4 módulos', 'SERVIDAO_ADMINISTRATIVA=nao', 'APP=sim'})"
0.03791887125220458,"frozenset({'MOD_FISCAL=1-4 módulos', 'APP=sim', 'SERVIDAO_ADMINISTRATIVA=sim'})"
0.07601410934744268,"frozenset({'MOD_FISCAL=1-4 módulos', 'STATUS=AT', 'APP=sim'})"
0.1361552028218695,"frozenset({'MOD_FISCAL=1-4 módulos', 'STATUS=PE', 'APP=sim'})"
0.22134038800705466,"frozenset({'MOD_FISCAL=1-4 módulos', 'TIPO=IRU', 'APP=sim'})"
0.19091710758377425,"frozenset({'MOD_FISCAL=1-4 módulos', 'UF=PA', 'APP=sim'})"
0.03077601410934744,"frozenset({'MOD_FISCAL=1-4 módulos', 'UF=SP', 'APP=sim'})"
0.22107583774250442,"frozenset({'MOD_FISCAL=1-4 módulos', 'APP=sim', 'USO_RESTRITO=nao'})"
0.05890652557319224,"frozenset({'MOD_FISCAL=1-4 módulos', 'VEGETACAO_NATIVA=nao', 'APP=sim'})"
0.16278659611992946,"frozenset({'MOD_FISCAL=1-4 módulos', 'VEGETACAO_NATIVA=sim', 'APP=sim'})"
0.0390652557319224,"frozenset({'MUNICIPIO=São Félix do Xingu', 'MOD_FISCAL=4-10 módulos', 'APP=sim'})"
0.03421516754850088,"frozenset({'RESERVA_LEGAL=sim', 'APP=sim', 'MOD_FISCAL=4-10 módulos'})"
0.03403880070546737,"frozenset({'SERVIDAO_ADMINISTRATIVA=nao', 'MOD_FISCAL=4-10 módulos', 'APP=sim'})"
0.010141093474426807,"frozenset({'MOD_FISCAL=4-10 módulos', 'APP=sim', 'SERVIDAO_ADMINISTRATIVA=sim'})"
0.01675485008818342,"frozenset({'STATUS=AT', 'MOD_FISCAL=4-10 módulos', 'APP=sim'})"
0.02292768959435626,"frozenset({'MOD_FISCAL=4-10 módulos', 'STATUS=PE', 'APP=sim'})"
0.04417989417989418,"frozenset({'TIPO=IRU', 'MOD_FISCAL=4-10 módulos', 'APP=sim'})"
0.0390652557319224,"frozenset({'MOD_FISCAL=4-10 módulos', 'UF=PA', 'APP=sim'})"
0.04400352733686067,"frozenset({'MOD_FISCAL=4-10 módulos', 'APP=sim', 'USO_RESTRITO=nao'})"
0.03492063492063492,"frozenset({'MOD_FISCAL=4-10 módulos', 'VEGETACAO_NATIVA=sim', 'APP=sim'})"
0.06904761904761905,"frozenset({'MOD_FISCAL=<1 módulo', 'MUNICIPIO=Presidente Prudente', 'APP=sim'})"
0.17354497354497356,"frozenset({'MUNICIPIO=São Félix do Xingu', 'MOD_FISCAL=<1 módulo', 'APP=sim'})"
0.11164021164021164,"frozenset({'RESERVA_LEGAL=nao', 'MOD_FISCAL=<1 módulo', 'APP=sim'})"
0.13095238095238096,"frozenset({'MOD_FISCAL=<1 módulo', 'RESERVA_LEGAL=sim', 'APP=sim'})"
0.21569664902998237,"frozenset({'SERVIDAO_ADMINISTRATIVA=nao', 'MOD_FISCAL=<1 módulo', 'APP=sim'})"
0.026895943562610228,"frozenset({'MOD_FISCAL=<1 módulo', 'APP=sim', 'SERVIDAO_ADMINISTRATIVA=sim'})"
0.10670194003527336,"frozenset({'MOD_FISCAL=<1 módulo', 'STATUS=AT', 'APP=sim'})"
0.13368606701940036,"frozenset({'MOD_FISCAL=<1 módulo', 'STATUS=PE', 'APP=sim'})"
0.24126984126984127,"frozenset({'TIPO=IRU', 'MOD_FISCAL=<1 módulo', 'APP=sim'})"
0.17354497354497356,"frozenset({'MOD_FISCAL=<1 módulo', 'UF=PA', 'APP=sim'})"
0.06904761904761905,"frozenset({'MOD_FISCAL=<1 módulo', 'UF=SP', 'APP=sim'})"
0.240652557319224,"frozenset({'MOD_FISCAL=<1 módulo', 'APP=sim', 'USO_RESTRITO=nao'})"
0.08950617283950617,"frozenset({'MOD_FISCAL=<1 módulo', 'VEGETACAO_NATIVA=nao', 'APP=sim'})"
0.15308641975308643,"frozenset({'MOD_FISCAL=<1 módulo', 'VEGETACAO_NATIVA=sim', 'APP=sim'})"
0.06155202821869488,"frozenset({'MUNICIPIO=São Félix do Xingu', 'MOD_FISCAL=>=10 módulos', 'APP=sim'})"
0.05634920634920635,"frozenset({'MOD_FISCAL=>=10 módulos', 'RESERVA_LEGAL=sim', 'APP=sim'})"
0.04259259259259259,"frozenset({'SERVIDAO_ADMINISTRATIVA=nao', 'MOD_FISCAL=>=10 módulos', 'APP=sim'})"
0.02072310405643739,"frozenset({'MOD_FISCAL=>=10 módulos', 'APP=sim', 'SERVIDAO_ADMINISTRATIVA=sim'})"
0.02962962962962963,"frozenset({'MOD_FISCAL=>=10 módulos', 'STATUS=AT', 'APP=sim'})"
0.028130511463844796,"frozenset({'MOD_FISCAL=>=10 módulos', 'STATUS=PE', 'APP=sim'})"
0.06331569664902999,"frozenset({'TIPO=IRU', 'MOD_FISCAL=>=10 módulos', 'APP=sim'})"
0.06155202821869488,"frozenset({'MOD_FISCAL=>=10 módulos', 'UF=PA', 'APP=sim'})"
0.0626984126984127,"frozenset({'MOD_FISCAL=>=10 módulos', 'APP=sim', 'USO_RESTRITO=nao'})"
0.05626102292768959,"frozenset({'MOD_FISCAL=>=10 módulos', 'VEGETACAO_NATIVA=sim', 'APP=sim'})"
0.04329805996472663,"frozenset({'RESERVA_LEGAL=nao', 'MUNICIPIO=Presidente Prudente', 'APP=sim'})"
0.06340388007054673,"frozenset({'RESERVA_LEGAL=sim', 'MUNICIPIO=Presidente Prudente', 'APP=sim'})"
0.08465608465608465,"frozenset({'SERVIDAO_ADMINISTRATIVA=nao', 'MUNICIPIO=Presidente Prudente', 'APP=sim'})"
0.02204585537918871,"frozenset({'MUNICIPIO=Presidente Prudente', 'APP=sim', 'SERVIDAO_ADMINISTRATIVA=sim'})"
0.10634920634920635,"frozenset({'STATUS=AT', 'MUNICIPIO=Presidente Prudente', 'APP=sim'})"
0.10661375661375662,"frozenset({'TIPO=IRU', 'MUNICIPIO=Presidente Prudente', 'APP=sim'})"
0.10670194003527336,"frozenset({'UF=SP', 'APP=sim', 'MUNICIPIO=Presidente Prudente'})"
0.10440917107583775,"frozenset({'MUNICIPIO=Presidente Prudente', 'APP=sim', 'USO_RESTRITO=nao'})"
0.017195767195767195,"frozenset({'VEGETACAO_NATIVA=nao', 'MUNICIPIO=Presidente Prudente', 'APP=sim'})"
0.08950617283950617,"frozenset({'VEGETACAO_NATIVA=sim', 'MUNICIPIO=Presidente Prudente', 'APP=sim'})"
0.15793650793650793,"frozenset({'MUNICIPIO=São Félix do Xingu', 'RESERVA_LEGAL=nao', 'APP=sim'})"
0.30714285714285716,"frozenset({'MUNICIPIO=São Félix do Xingu', 'RESERVA_LEGAL=sim', 'APP=sim'})"
0.3914462081128748,"frozenset({'MUNICIPIO=São Félix do Xingu', 'SERVIDAO_ADMINISTRATIVA=nao', 'APP=sim'})"
0.0736331569664903,"frozenset({'MUNICIPIO=São Félix do Xingu', 'APP=sim', 'SERVIDAO_ADMINISTRATIVA=sim'})"
0.12275132275132275,"frozenset({'MUNICIPIO=São Félix do Xingu', 'STATUS=AT', 'APP=sim'})"
0.3205467372134039,"frozenset({'MUNICIPIO=São Félix do Xingu', 'STATUS=PE', 'APP=sim'})"
0.02178130511463845,"frozenset({'MUNICIPIO=São Félix do Xingu', 'STATUS=SU', 'APP=sim'})"
0.4634920634920635,"frozenset({'MUNICIPIO=São Félix do Xingu', 'TIPO=IRU', 'APP=sim'})"
0.4650793650793651,"frozenset({'MUNICIPIO=São Félix do Xingu', 'UF=PA', 'APP=sim'})"
0.464021164021164,"frozenset({'MUNICIPIO=São Félix do Xingu', 'APP=sim', 'USO_RESTRITO=nao'})"
0.14753086419753086,"frozenset({'MUNICIPIO=São Félix do Xingu', 'VEGETACAO_NATIVA=nao', 'APP=sim'})"
0.31754850088183423,"frozenset({'MUNICIPIO=São Félix do Xingu', 'VEGETACAO_NATIVA=sim', 'APP=sim'})"
0.17680776014109348,"frozenset({'SERVIDAO_ADMINISTRATIVA=nao', 'RESERVA_LEGAL=nao', 'APP=sim'})"
0.024426807760141094,"frozenset({'RESERVA_LEGAL=nao', 'APP=sim', 'SERVIDAO_ADMINISTRATIVA=sim'})"
0.06701940035273368,"frozenset({'RESERVA_LEGAL=nao', 'STATUS=AT', 'APP=sim'})"
0.1259259259259259,"frozenset({'RESERVA_LEGAL=nao', 'STATUS=PE', 'APP=sim'})"
0.20097001763668432,"frozenset({'RESERVA_LEGAL=nao', 'TIPO=IRU', 'APP=sim'})"
0.15793650793650793,"frozenset({'RESERVA_LEGAL=nao', 'UF=PA', 'APP=sim'})"
0.04329805996472663,"frozenset({'RESERVA_LEGAL=nao', 'UF=SP', 'APP=sim'})"
0.20088183421516756,"frozenset({'RESERVA_LEGAL=nao', 'APP=sim', 'USO_RESTRITO=nao'})"
0.11649029982363315,"frozenset({'RESERVA_LEGAL=nao', 'VEGETACAO_NATIVA=nao', 'APP=sim'})"
0.08474426807760141,"frozenset({'RESERVA_LEGAL=nao', 'VEGETACAO_NATIVA=sim', 'APP=sim'})"
0.299294532627866,"frozenset({'SERVIDAO_ADMINISTRATIVA=nao', 'RESERVA_LEGAL=sim', 'APP=sim'})"
0.07125220458553792,"frozenset({'RESERVA_LEGAL=sim', 'APP=sim', 'SERVIDAO_ADMINISTRATIVA=sim'})"
0.16208112874779543,"frozenset({'STATUS=AT', 'RESERVA_LEGAL=sim', 'APP=sim'})"
0.19497354497354497,"frozenset({'RESERVA_LEGAL=sim', 'STATUS=PE', 'APP=sim'})"
0.013492063492063493,"frozenset({'STATUS=SU', 'RESERVA_LEGAL=sim', 'APP=sim'})"
0.3691358024691358,"frozenset({'TIPO=IRU', 'RESERVA_LEGAL=sim', 'APP=sim'})"
0.30714285714285716,"frozenset({'RESERVA_LEGAL=sim', 'UF=PA', 'APP=sim'})"
0.06340388007054673,"frozenset({'RESERVA_LEGAL=sim', 'UF=SP', 'APP=sim'})"
0.3675485008818342,"frozenset({'RESERVA_LEGAL=sim', 'APP=sim', 'USO_RESTRITO=nao'})"
0.048236331569664906,"frozenset({'RESERVA_LEGAL=sim', 'VEGETACAO_NATIVA=nao', 'APP=sim'})"
0.322310405643739,"frozenset({'RESERVA_LEGAL=sim', 'VEGETACAO_NATIVA=sim', 'APP=sim'})"
0.17663139329805996,"frozenset({'SERVIDAO_ADMINISTRATIVA=nao', 'STATUS=AT', 'APP=sim'})"
0.28174603174603174,"frozenset({'SERVIDAO_ADMINISTRATIVA=nao', 'STATUS=PE', 'APP=sim'})"
0.017724867724867723,"frozenset({'STATUS=SU', 'SERVIDAO_ADMINISTRATIVA=nao', 'APP=sim'})"
0.47451499118165785,"frozenset({'SERVIDAO_ADMINISTRATIVA=nao', 'TIPO=IRU', 'APP=sim'})"
0.3914462081128748,"frozenset({'SERVIDAO_ADMINISTRATIVA=nao', 'UF=PA', 'APP=sim'})"
0.08465608465608465,"frozenset({'SERVIDAO_ADMINISTRATIVA=nao', 'UF=SP', 'APP=sim'})"
0.4736331569664903,"frozenset({'SERVIDAO_ADMINISTRATIVA=nao', 'APP=sim', 'USO_RESTRITO=nao'})"
0.14779541446208114,"frozenset({'SERVIDAO_ADMINISTRATIVA=nao', 'VEGETACAO_NATIVA=nao', 'APP=sim'})"
0.3283068783068783,"frozenset({'SERVIDAO_ADMINISTRATIVA=nao', 'VEGETACAO_NATIVA=sim', 'APP=sim'})"
0.05246913580246913,"frozenset({'STATUS=AT', 'APP=sim', 'SERVIDAO_ADMINISTRATIVA=sim'})"
0.039153439153439155,"frozenset({'STATUS=PE', 'APP=sim', 'SERVIDAO_ADMINISTRATIVA=sim'})"
0.09559082892416226,"frozenset({'TIPO=IRU', 'APP=sim', 'SERVIDAO_ADMINISTRATIVA=sim'})"
0.0736331569664903,"frozenset({'UF=PA', 'APP=sim', 'SERVIDAO_ADMINISTRATIVA=sim'})"
0.02204585537918871,"frozenset({'UF=SP', 'APP=sim', 'SERVIDAO_ADMINISTRATIVA=sim'})"
0.09479717813051146,"frozenset({'USO_RESTRITO=nao', 'APP=sim', 'SERVIDAO_ADMINISTRATIVA=sim'})"
0.016931216931216932,"frozenset({'VEGETACAO_NATIVA=nao', 'APP=sim', 'SERVIDAO_ADMINISTRATIVA=sim'})"
0.07874779541446209,"frozenset({'VEGETACAO_NATIVA=sim', 'APP=sim', 'SERVIDAO_ADMINISTRATIVA=sim'})"
0.22742504409171077,"frozenset({'TIPO=IRU', 'STATUS=AT', 'APP=sim'})"
0.12275132275132275,"frozenset({'STATUS=AT', 'UF=PA', 'APP=sim'})"
0.10634920634920635,"frozenset({'STATUS=AT', 'UF=SP', 'APP=sim'})"
0.22627865961199295,"frozenset({'STATUS=AT', 'APP=sim', 'USO_RESTRITO=nao'})"
0.04250440917107584,"frozenset({'STATUS=AT', 'VEGETACAO_NATIVA=nao', 'APP=sim'})"
0.18659611992945327,"frozenset({'STATUS=AT', 'VEGETACAO_NATIVA=sim', 'APP=sim'})"
0.3208994708994709,"frozenset({'TIPO=IRU', 'STATUS=PE', 'APP=sim'})"
0.3205467372134039,"frozenset({'STATUS=PE', 'APP=sim', 'UF=PA'})"
0.32063492063492066,"frozenset({'STATUS=PE', 'APP=sim', 'USO_RESTRITO=nao'})"
0.1164021164021164,"frozenset({'VEGETACAO_NATIVA=nao', 'STATUS=PE', 'APP=sim'})"
0.2044973544973545,"frozenset({'VEGETACAO_NATIVA=sim', 'STATUS=PE', 'APP=sim'})"
0.02178130511463845,"frozenset({'STATUS=SU', 'TIPO=IRU', 'APP=sim'})"
0.02178130511463845,"frozenset({'STATUS=SU', 'UF=PA', 'APP=sim'})"
0.021516754850088183,"frozenset({'STATUS=SU', 'APP=sim', 'USO_RESTRITO=nao'})"
0.015961199294532626,"frozenset({'STATUS=SU', 'VEGETACAO_NATIVA=sim', 'APP=sim'})"
0.4634920634920635,"frozenset({'TIPO=IRU', 'UF=PA', 'APP=sim'})"
0.10661375661375662,"frozenset({'TIPO=IRU', 'UF=SP', 'APP=sim'})"
0.5667548500881834,"frozenset({'TIPO=IRU', 'APP=sim', 'USO_RESTRITO=nao'})"
0.16472663139329807,"frozenset({'TIPO=IRU', 'VEGETACAO_NATIVA=nao', 'APP=sim'})"
0.40537918871252204,"frozenset({'TIPO=IRU', 'VEGETACAO_NATIVA=sim', 'APP=sim'})"
0.464021164021164,"frozenset({'UF=PA', 'APP=sim', 'USO_RESTRITO=nao'})"
0.14753086419753086,"frozenset({'VEGETACAO_NATIVA=nao', 'UF=PA', 'APP=sim'})"
0.31754850088183423,"frozenset({'VEGETACAO_NATIVA=sim', 'UF=PA', 'APP=sim'})"
0.10440917107583775,"frozenset({'UF=SP', 'APP=sim', 'USO_RESTRITO=nao'})"
0.017195767195767195,"frozenset({'VEGETACAO_NATIVA=nao', 'UF=SP', 'APP=sim'})"
0.08950617283950617,"frozenset({'VEGETACAO_NATIVA=sim', 'UF=SP', 'APP=sim'})"
0.16455026455026456,"frozenset({'VEGETACAO_NATIVA=nao', 'APP=sim', 'USO_RESTRITO=nao'})"
0.4038800705467372,"frozenset({'VEGETACAO_NATIVA=sim', 'APP=sim', 'USO_RESTRITO=nao'})"
0.011552028218694886,"frozenset({'AREA_POUSIO=nao', 'AREA_CONSOLIDADA=nao', 'AREA=100-1000 ha'})"
0.010317460317460317,"frozenset({'MUNICIPIO=São Félix do Xingu', 'AREA_CONSOLIDADA=nao', 'AREA=100-1000 ha'})"
0.010934744268077601,"frozenset({'SERVIDAO_ADMINISTRATIVA=nao', 'AREA_CONSOLIDADA=nao', 'AREA=100-1000 ha'})"
0.011552028218694886,"frozenset({'AREA_CONSOLIDADA=nao', 'TIPO=IRU', 'AREA=100-1000 ha'})"
0.010317460317460317,"frozenset({'UF=PA', 'AREA_CONSOLIDADA=nao', 'AREA=100-1000 ha'})"
0.011375661375661376,"frozenset({'USO_RESTRITO=nao', 'AREA_CONSOLIDADA=nao', 'AREA=100-1000 ha'})"
0.25343915343915346,"frozenset({'AREA_POUSIO=nao', 'AREA_CONSOLIDADA=sim', 'AREA=100-1000 ha'})"
0.08095238095238096,"frozenset({'HIDROGRAFIA=nao', 'AREA_CONSOLIDADA=sim', 'AREA=100-1000 ha'})"
0.1736331569664903,"frozenset({'AREA_CONSOLIDADA=sim', 'HIDROGRAFIA=sim', 'AREA=100-1000 ha'})"
0.18386243386243387,"frozenset({'MOD_FISCAL=1-4 módulos', 'AREA_CONSOLIDADA=sim', 'AREA=100-1000 ha'})"
0.0527336860670194,"frozenset({'AREA_CONSOLIDADA=sim', 'MOD_FISCAL=4-10 módulos', 'AREA=100-1000 ha'})"
0.01798941798941799,"frozenset({'MOD_FISCAL=>=10 módulos', 'AREA_CONSOLIDADA=sim', 'AREA=100-1000 ha'})"
0.25035273368606703,"frozenset({'MUNICIPIO=São Félix do Xingu', 'AREA_CONSOLIDADA=sim', 'AREA=100-1000 ha'})"
0.07716049382716049,"frozenset({'RESERVA_LEGAL=nao', 'AREA_CONSOLIDADA=sim', 'AREA=100-1000 ha'})"
0.17742504409171075,"frozenset({'AREA_CONSOLIDADA=sim', 'RESERVA_LEGAL=sim', 'AREA=100-1000 ha'})"
0.21569664902998237,"frozenset({'SERVIDAO_ADMINISTRATIVA=nao', 'AREA_CONSOLIDADA=sim', 'AREA=100-1000 ha'})"
0.03888888888888889,"frozenset({'AREA_CONSOLIDADA=sim', 'SERVIDAO_ADMINISTRATIVA=sim', 'AREA=100-1000 ha'})"
0.06199294532627866,"frozenset({'AREA_CONSOLIDADA=sim', 'STATUS=AT', 'AREA=100-1000 ha'})"
0.17389770723104056,"frozenset({'AREA_CONSOLIDADA=sim', 'STATUS=PE', 'AREA=100-1000 ha'})"
0.01869488536155203,"frozenset({'STATUS=SU', 'AREA_CONSOLIDADA=sim', 'AREA=100-1000 ha'})"
0.25458553791887123,"frozenset({'AREA_CONSOLIDADA=sim', 'TIPO=IRU', 'AREA=100-1000 ha'})"
0.25035273368606703,"frozenset({'AREA_CONSOLIDADA=sim', 'UF=PA', 'AREA=100-1000 ha'})"
0.2538800705467372,"frozenset({'USO_RESTRITO=nao', 'AREA_CONSOLIDADA=sim', 'AREA=100-1000 ha'})"
0.07671957671957672,"frozenset({'AREA_CONSOLIDADA=sim', 'VEGETACAO_NATIVA=nao', 'AREA=100-1000 ha'})"
0.17786596119929454,"frozenset({'AREA_CONSOLIDADA=sim', 'VEGETACAO_NATIVA=sim', 'AREA=100-1000 ha'})"
0.08500881834215168,"frozenset({'HIDROGRAFIA=nao', 'AREA_POUSIO=nao', 'AREA=100-1000 ha'})"
0.17998236331569664,"frozenset({'AREA_POUSIO=nao', 'HIDROGRAFIA=sim', 'AREA=100-1000 ha'})"
0.1900352733686067,"frozenset({'MOD_FISCAL=1-4 módulos', 'AREA_POUSIO=nao', 'AREA=100-1000 ha'})"
0.05617283950617284,"frozenset({'AREA_POUSIO=nao', 'MOD_FISCAL=4-10 módulos', 'AREA=100-1000 ha'})"
0.018783068783068783,"frozenset({'AREA_POUSIO=nao', 'MOD_FISCAL=>=10 módulos', 'AREA=100-1000 ha'})"
0.25952380952380955,"frozenset({'MUNICIPIO=São Félix do Xingu', 'AREA_POUSIO=nao', 'AREA=100-1000 ha'})"
0.08015873015873017,"frozenset({'AREA_POUSIO=nao', 'RESERVA_LEGAL=nao', 'AREA=100-1000 ha'})"
0.18483245149911817,"frozenset({'AREA_POUSIO=nao', 'RESERVA_LEGAL=sim', 'AREA=100-1000 ha'})"
0.22557319223985892,"frozenset({'AREA_POUSIO=nao', 'SERVIDAO_ADMINISTRATIVA=nao', 'AREA=100-1000 ha'})"
0.03941798941798942,"frozenset({'AREA_POUSIO=nao', 'SERVIDAO_ADMINISTRATIVA=sim', 'AREA=100-1000 ha'})"
0.06596119929453263,"frozenset({'AREA_POUSIO=nao', 'STATUS=AT', 'AREA=100-1000 ha'})"
0.17918871252204585,"frozenset({'AREA_POUSIO=nao', 'STATUS=PE', 'AREA=100-1000 ha'})"
0.01984126984126984,"frozenset({'STATUS=SU', 'AREA_POUSIO=nao', 'AREA=100-1000 ha'})"
0.26499118165784835,"frozenset({'AREA_POUSIO=nao', 'TIPO=IRU', 'AREA=100-1000 ha'})"
0.25952380952380955,"frozenset({'AREA_POUSIO=nao', 'UF=PA', 'AREA=100-1000 ha'})"
0.2641975308641975,"frozenset({'USO_RESTRITO=nao', 'AREA_POUSIO=nao', 'AREA=100-1000 ha'})"
0.07998236331569665,"frozenset({'AREA_POUSIO=nao', 'VEGETACAO_NATIVA=nao', 'AREA=100-1000 ha'})"
0.1850088183421517,"frozenset({'AREA_POUSIO=nao', 'VEGETACAO_NATIVA=sim', 'AREA=100-1000 ha'})"
0.06763668430335097,"frozenset({'HIDROGRAFIA=nao', 'MOD_FISCAL=1-4 módulos', 'AREA=100-1000 ha'})"
0.01472663139329806,"frozenset({'HIDROGRAFIA=nao', 'MOD_FISCAL=4-10 módulos', 'AREA=100-1000 ha'})"
0.08509700176366843,"frozenset({'MUNICIPIO=São Félix do Xingu', 'HIDROGRAFIA=nao', 'AREA=100-1000 ha'})"
0.031128747795414462,"frozenset({'HIDROGRAFIA=nao', 'RESERVA_LEGAL=nao', 'AREA=100-1000 ha'})"
0.05414462081128748,"frozenset({'HIDROGRAFIA=nao', 'RESERVA_LEGAL=sim', 'AREA=100-1000 ha'})"
0.08192239858906526,"frozenset({'HIDROGRAFIA=nao', 'SERVIDAO_ADMINISTRATIVA=nao', 'AREA=100-1000 ha'})"
0.012962962962962963,"frozenset({'HIDROGRAFIA=nao', 'STATUS=AT', 'AREA=100-1000 ha'})"
0.06569664902998236,"frozenset({'HIDROGRAFIA=nao', 'STATUS=PE', 'AREA=100-1000 ha'})"
0.08527336860670194,"frozenset({'HIDROGRAFIA=nao', 'TIPO=IRU', 'AREA=100-1000 ha'})"
0.08509700176366843,"frozenset({'HIDROGRAFIA=nao', 'UF=PA', 'AREA=100-1000 ha'})"
0.08509700176366843,"frozenset({'HIDROGRAFIA=nao', 'USO_RESTRITO=nao', 'AREA=100-1000 ha'})"
0.033950617283950615,"frozenset({'HIDROGRAFIA=nao', 'VEGETACAO_NATIVA=nao', 'AREA=100-1000 ha'})"
0.051322751322751325,"frozenset({'HIDROGRAFIA=nao', 'VEGETACAO_NATIVA=sim', 'AREA=100-1000 ha'})"
0.12310405643738977,"frozenset({'MOD_FISCAL=1-4 módulos', 'HIDROGRAFIA=sim', 'AREA=100-1000 ha'})"
0.041534391534391535,"frozenset({'MOD_FISCAL=4-10 módulos', 'HIDROGRAFIA=sim', 'AREA=100-1000 ha'})"
0.016225749559082892,"frozenset({'MOD_FISCAL=>=10 módulos', 'HIDROGRAFIA=sim', 'AREA=100-1000 ha'})"
0.1755731922398589,"frozenset({'MUNICIPIO=São Félix do Xingu', 'HIDROGRAFIA=sim', 'AREA=100-1000 ha'})"
0.04929453262786596,"frozenset({'RESERVA_LEGAL=nao', 'HIDROGRAFIA=sim', 'AREA=100-1000 ha'})"
0.13156966490299823,"frozenset({'HIDROGRAFIA=sim', 'RESERVA_LEGAL=sim', 'AREA=100-1000 ha'})"
0.1447089947089947,"frozenset({'SERVIDAO_ADMINISTRATIVA=nao', 'HIDROGRAFIA=sim', 'AREA=100-1000 ha'})"
0.036155202821869487,"frozenset({'HIDROGRAFIA=sim', 'SERVIDAO_ADMINISTRATIVA=sim', 'AREA=100-1000 ha'})"
0.05335097001763668,"frozenset({'STATUS=AT', 'HIDROGRAFIA=sim', 'AREA=100-1000 ha'})"
0.11428571428571428,"frozenset({'HIDROGRAFIA=sim', 'STATUS=PE', 'AREA=100-1000 ha'})"
0.013227513227513227,"frozenset({'STATUS=SU', 'HIDROGRAFIA=sim', 'AREA=100-1000 ha'})"
0.1808641975308642,"frozenset({'HIDROGRAFIA=sim', 'TIPO=IRU', 'AREA=100-1000 ha'})"
0.1755731922398589,"frozenset({'HIDROGRAFIA=sim', 'UF=PA', 'AREA=100-1000 ha'})"
0.18015873015873016,"frozenset({'USO_RESTRITO=nao', 'HIDROGRAFIA=sim', 'AREA=100-1000 ha'})"
0.046296296296296294,"frozenset({'HIDROGRAFIA=sim', 'VEGETACAO_NATIVA=nao', 'AREA=100-1000 ha'})"
0.1345679012345679,"frozenset({'HIDROGRAFIA=sim', 'VEGETACAO_NATIVA=sim', 'AREA=100-1000 ha'})"
0.19074074074074074,"frozenset({'MUNICIPIO=São Félix do Xingu', 'MOD_FISCAL=1-4 módulos', 'AREA=100-1000 ha'})"
0.06349206349206349,"frozenset({'MOD_FISCAL=1-4 módulos', 'RESERVA_LEGAL=nao', 'AREA=100-1000 ha'})"
0.12724867724867725,"frozenset({'MOD_FISCAL=1-4 módulos', 'RESERVA_LEGAL=sim', 'AREA=100-1000 ha'})"
0.1664021164021164,"frozenset({'MOD_FISCAL=1-4 módulos', 'SERVIDAO_ADMINISTRATIVA=nao', 'AREA=100-1000 ha'})"
0.02433862433862434,"frozenset({'MOD_FISCAL=1-4 módulos', 'SERVIDAO_ADMINISTRATIVA=sim', 'AREA=100-1000 ha'})"
0.04126984126984127,"frozenset({'MOD_FISCAL=1-4 módulos', 'STATUS=AT', 'AREA=100-1000 ha'})"
0.13756613756613756,"frozenset({'MOD_FISCAL=1-4 módulos', 'STATUS=PE', 'AREA=100-1000 ha'})"
0.011904761904761904,"frozenset({'STATUS=SU', 'MOD_FISCAL=1-4 módulos', 'AREA=100-1000 ha'})"
0.19074074074074074,"frozenset({'MOD_FISCAL=1-4 módulos', 'TIPO=IRU', 'AREA=100-1000 ha'})"
0.19074074074074074,"frozenset({'MOD_FISCAL=1-4 módulos', 'UF=PA', 'AREA=100-1000 ha'})"
0.1903880070546737,"frozenset({'MOD_FISCAL=1-4 módulos', 'USO_RESTRITO=nao', 'AREA=100-1000 ha'})"
0.06261022927689594,"frozenset({'MOD_FISCAL=1-4 módulos', 'VEGETACAO_NATIVA=nao', 'AREA=100-1000 ha'})"
0.1281305114638448,"frozenset({'MOD_FISCAL=1-4 módulos', 'VEGETACAO_NATIVA=sim', 'AREA=100-1000 ha'})"
0.052204585537918874,"frozenset({'MUNICIPIO=São Félix do Xingu', 'MOD_FISCAL=4-10 módulos', 'AREA=100-1000 ha'})"
0.013492063492063493,"frozenset({'RESERVA_LEGAL=nao', 'MOD_FISCAL=4-10 módulos', 'AREA=100-1000 ha'})"
0.0427689594356261,"frozenset({'MOD_FISCAL=4-10 módulos', 'RESERVA_LEGAL=sim', 'AREA=100-1000 ha'})"
0.04594356261022928,"frozenset({'SERVIDAO_ADMINISTRATIVA=nao', 'MOD_FISCAL=4-10 módulos', 'AREA=100-1000 ha'})"
0.010317460317460317,"frozenset({'MOD_FISCAL=4-10 módulos', 'SERVIDAO_ADMINISTRATIVA=sim', 'AREA=100-1000 ha'})"
0.017724867724867723,"frozenset({'STATUS=AT', 'MOD_FISCAL=4-10 módulos', 'AREA=100-1000 ha'})"
0.03253968253968254,"frozenset({'MOD_FISCAL=4-10 módulos', 'STATUS=PE', 'AREA=100-1000 ha'})"
0.05626102292768959,"frozenset({'MOD_FISCAL=4-10 módulos', 'TIPO=IRU', 'AREA=100-1000 ha'})"
0.052204585537918874,"frozenset({'MOD_FISCAL=4-10 módulos', 'UF=PA', 'AREA=100-1000 ha'})"
0.056084656084656084,"frozenset({'USO_RESTRITO=nao', 'MOD_FISCAL=4-10 módulos', 'AREA=100-1000 ha'})"
0.014109347442680775,"frozenset({'MOD_FISCAL=4-10 módulos', 'VEGETACAO_NATIVA=nao', 'AREA=100-1000 ha'})"
0.04215167548500882,"frozenset({'MOD_FISCAL=4-10 módulos', 'VEGETACAO_NATIVA=sim', 'AREA=100-1000 ha'})"
0.017724867724867723,"frozenset({'MUNICIPIO=São Félix do Xingu', 'MOD_FISCAL=>=10 módulos', 'AREA=100-1000 ha'})"
0.015696649029982364,"frozenset({'MOD_FISCAL=>=10 módulos', 'RESERVA_LEGAL=sim', 'AREA=100-1000 ha'})"
0.014285714285714285,"frozenset({'SERVIDAO_ADMINISTRATIVA=nao', 'MOD_FISCAL=>=10 módulos', 'AREA=100-1000 ha'})"
0.019135802469135803,"frozenset({'MOD_FISCAL=>=10 módulos', 'TIPO=IRU', 'AREA=100-1000 ha'})"
0.017724867724867723,"frozenset({'MOD_FISCAL=>=10 módulos', 'UF=PA', 'AREA=100-1000 ha'})"
0.018783068783068783,"frozenset({'USO_RESTRITO=nao', 'MOD_FISCAL=>=10 módulos', 'AREA=100-1000 ha'})"
0.015608465608465608,"frozenset({'MOD_FISCAL=>=10 módulos', 'VEGETACAO_NATIVA=sim', 'AREA=100-1000 ha'})"
0.07830687830687831,"frozenset({'MUNICIPIO=São Félix do Xingu', 'RESERVA_LEGAL=nao', 'AREA=100-1000 ha'})"
0.18236331569664904,"frozenset({'MUNICIPIO=São Félix do Xingu', 'RESERVA_LEGAL=sim', 'AREA=100-1000 ha'})"
0.22301587301587303,"frozenset({'MUNICIPIO=São Félix do Xingu', 'SERVIDAO_ADMINISTRATIVA=nao', 'AREA=100-1000 ha'})"
0.037654320987654324,"frozenset({'MUNICIPIO=São Félix do Xingu', 'SERVIDAO_ADMINISTRATIVA=sim', 'AREA=100-1000 ha'})"
0.06084656084656084,"frozenset({'MUNICIPIO=São Félix do Xingu', 'STATUS=AT', 'AREA=100-1000 ha'})"
0.17998236331569664,"frozenset({'MUNICIPIO=São Félix do Xingu', 'STATUS=PE', 'AREA=100-1000 ha'})"
0.01984126984126984,"frozenset({'STATUS=SU', 'MUNICIPIO=São Félix do Xingu', 'AREA=100-1000 ha'})"
0.2606701940035273,"frozenset({'MUNICIPIO=São Félix do Xingu', 'TIPO=IRU', 'AREA=100-1000 ha'})"
0.2606701940035273,"frozenset({'MUNICIPIO=São Félix do Xingu', 'UF=PA', 'AREA=100-1000 ha'})"
0.2599647266313933,"frozenset({'MUNICIPIO=São Félix do Xingu', 'USO_RESTRITO=nao', 'AREA=100-1000 ha'})"
0.07980599647266313,"frozenset({'MUNICIPIO=São Félix do Xingu', 'VEGETACAO_NATIVA=nao', 'AREA=100-1000 ha'})"
0.1808641975308642,"frozenset({'MUNICIPIO=São Félix do Xingu', 'VEGETACAO_NATIVA=sim', 'AREA=100-1000 ha'})"
0.07072310405643739,"frozenset({'RESERVA_LEGAL=nao', 'SERVIDAO_ADMINISTRATIVA=nao', 'AREA=100-1000 ha'})"
0.013315696649029983,"frozenset({'RESERVA_LEGAL=nao', 'STATUS=AT', 'AREA=100-1000 ha'})"
0.05793650793650794,"frozenset({'RESERVA_LEGAL=nao', 'STATUS=PE', 'AREA=100-1000 ha'})"
0.08042328042328042,"frozenset({'RESERVA_LEGAL=nao', 'TIPO=IRU', 'AREA=100-1000 ha'})"
0.07830687830687831,"frozenset({'RESERVA_LEGAL=nao', 'UF=PA', 'AREA=100-1000 ha'})"
0.08015873015873017,"frozenset({'USO_RESTRITO=nao', 'RESERVA_LEGAL=nao', 'AREA=100-1000 ha'})"
0.04638447971781305,"frozenset({'RESERVA_LEGAL=nao', 'VEGETACAO_NATIVA=nao', 'AREA=100-1000 ha'})"
0.03403880070546737,"frozenset({'RESERVA_LEGAL=nao', 'VEGETACAO_NATIVA=sim', 'AREA=100-1000 ha'})"
0.1559082892416226,"frozenset({'SERVIDAO_ADMINISTRATIVA=nao', 'RESERVA_LEGAL=sim', 'AREA=100-1000 ha'})"
0.02980599647266314,"frozenset({'SERVIDAO_ADMINISTRATIVA=sim', 'RESERVA_LEGAL=sim', 'AREA=100-1000 ha'})"
0.052998236331569665,"frozenset({'STATUS=AT', 'RESERVA_LEGAL=sim', 'AREA=100-1000 ha'})"
0.12204585537918872,"frozenset({'STATUS=PE', 'RESERVA_LEGAL=sim', 'AREA=100-1000 ha'})"
0.010670194003527337,"frozenset({'STATUS=SU', 'RESERVA_LEGAL=sim', 'AREA=100-1000 ha'})"
0.18571428571428572,"frozenset({'RESERVA_LEGAL=sim', 'TIPO=IRU', 'AREA=100-1000 ha'})"
0.18236331569664904,"frozenset({'UF=PA', 'RESERVA_LEGAL=sim', 'AREA=100-1000 ha'})"
0.18509700176366842,"frozenset({'USO_RESTRITO=nao', 'RESERVA_LEGAL=sim', 'AREA=100-1000 ha'})"
0.033862433862433865,"frozenset({'VEGETACAO_NATIVA=nao', 'RESERVA_LEGAL=sim', 'AREA=100-1000 ha'})"
0.15185185185185185,"frozenset({'VEGETACAO_NATIVA=sim', 'RESERVA_LEGAL=sim', 'AREA=100-1000 ha'})"
0.05123456790123457,"frozenset({'SERVIDAO_ADMINISTRATIVA=nao', 'STATUS=AT', 'AREA=100-1000 ha'})"
0.15881834215167548,"frozenset({'SERVIDAO_ADMINISTRATIVA=nao', 'STATUS=PE', 'AREA=100-1000 ha'})"
0.016578483245149912,"frozenset({'STATUS=SU', 'SERVIDAO_ADMINISTRATIVA=nao', 'AREA=100-1000 ha'})"
0.22663139329805995,"frozenset({'SERVIDAO_ADMINISTRATIVA=nao', 'TIPO=IRU', 'AREA=100-1000 ha'})"
0.22301587301587303,"frozenset({'SERVIDAO_ADMINISTRATIVA=nao', 'UF=PA', 'AREA=100-1000 ha'})"
0.22601410934744268,"frozenset({'USO_RESTRITO=nao', 'SERVIDAO_ADMINISTRATIVA=nao', 'AREA=100-1000 ha'})"
0.07239858906525573,"frozenset({'SERVIDAO_ADMINISTRATIVA=nao', 'VEGETACAO_NATIVA=nao', 'AREA=100-1000 ha'})"
0.15423280423280422,"frozenset({'SERVIDAO_ADMINISTRATIVA=nao', 'VEGETACAO_NATIVA=sim', 'AREA=100-1000 ha'})"
0.01507936507936508,"frozenset({'STATUS=AT', 'SERVIDAO_ADMINISTRATIVA=sim', 'AREA=100-1000 ha'})"
0.021164021164021163,"frozenset({'SERVIDAO_ADMINISTRATIVA=sim', 'STATUS=PE', 'AREA=100-1000 ha'})"
0.03950617283950617,"frozenset({'SERVIDAO_ADMINISTRATIVA=sim', 'TIPO=IRU', 'AREA=100-1000 ha'})"
0.037654320987654324,"frozenset({'SERVIDAO_ADMINISTRATIVA=sim', 'UF=PA', 'AREA=100-1000 ha'})"
0.039241622574955906,"frozenset({'USO_RESTRITO=nao', 'SERVIDAO_ADMINISTRATIVA=sim', 'AREA=100-1000 ha'})"
0.031657848324514994,"frozenset({'SERVIDAO_ADMINISTRATIVA=sim', 'VEGETACAO_NATIVA=sim', 'AREA=100-1000 ha'})"
0.06631393298059965,"frozenset({'STATUS=AT', 'TIPO=IRU', 'AREA=100-1000 ha'})"
0.06084656084656084,"frozenset({'STATUS=AT', 'UF=PA', 'AREA=100-1000 ha'})"
0.06578483245149912,"frozenset({'USO_RESTRITO=nao', 'STATUS=AT', 'AREA=100-1000 ha'})"
0.014021164021164021,"frozenset({'STATUS=AT', 'VEGETACAO_NATIVA=nao', 'AREA=100-1000 ha'})"
0.052292768959435625,"frozenset({'STATUS=AT', 'VEGETACAO_NATIVA=sim', 'AREA=100-1000 ha'})"
0.17998236331569664,"frozenset({'STATUS=PE', 'TIPO=IRU', 'AREA=100-1000 ha'})"
0.17998236331569664,"frozenset({'UF=PA', 'STATUS=PE', 'AREA=100-1000 ha'})"
0.17980599647266313,"frozenset({'USO_RESTRITO=nao', 'STATUS=PE', 'AREA=100-1000 ha'})"
0.05952380952380952,"frozenset({'VEGETACAO_NATIVA=nao', 'STATUS=PE', 'AREA=100-1000 ha'})"
0.12045855379188712,"frozenset({'VEGETACAO_NATIVA=sim', 'STATUS=PE', 'AREA=100-1000 ha'})"
0.01984126984126984,"frozenset({'STATUS=SU', 'TIPO=IRU', 'AREA=100-1000 ha'})"
0.01984126984126984,"frozenset({'STATUS=SU', 'UF=PA', 'AREA=100-1000 ha'})"
0.019664902998236332,"frozenset({'STATUS=SU', 'USO_RESTRITO=nao', 'AREA=100-1000 ha'})"
0.013139329805996473,"frozenset({'STATUS=SU', 'VEGETACAO_NATIVA=sim', 'AREA=100-1000 ha'})"
0.2606701940035273,"frozenset({'UF=PA', 'TIPO=IRU', 'AREA=100-1000 ha'})"
0.2652557319223986,"frozenset({'USO_RESTRITO=nao', 'TIPO=IRU', 'AREA=100-1000 ha'})"
0.08024691358024691,"frozenset({'VEGETACAO_NATIVA=nao', 'TIPO=IRU', 'AREA=100-1000 ha'})"
0.18589065255731924,"frozenset({'VEGETACAO_NATIVA=sim', 'TIPO=IRU', 'AREA=100-1000 ha'})"
0.2599647266313933,"frozenset({'USO_RESTRITO=nao', 'UF=PA', 'AREA=100-1000 ha'})"
0.07980599647266313,"frozenset({'VEGETACAO_NATIVA=nao', 'UF=PA', 'AREA=100-1000 ha'})"
0.1808641975308642,"frozenset({'VEGETACAO_NATIVA=sim', 'UF=PA', 'AREA=100-1000 ha'})"
0.08024691358024691,"frozenset({'USO_RESTRITO=nao', 'VEGETACAO_NATIVA=nao', 'AREA=100-1000 ha'})"
0.1850088183421517,"frozenset({'USO_RESTRITO=nao', 'VEGETACAO_NATIVA=sim', 'AREA=100-1000 ha'})"
0.022839506172839506,"frozenset({'AREA_CONSOLIDADA=nao', 'AREA_POUSIO=nao', 'AREA=15-100 ha'})"
0.012786596119929453,"frozenset({'HIDROGRAFIA=nao', 'AREA_CONSOLIDADA=nao', 'AREA=15-100 ha'})"
0.010141093474426807,"frozenset({'AREA_CONSOLIDADA=nao', 'HIDROGRAFIA=sim', 'AREA=15-100 ha'})"
0.01490299823633157,"frozenset({'AREA_CONSOLIDADA=nao', 'MOD_FISCAL=<1 módulo', 'AREA=15-100 ha'})"
0.015873015873015872,"frozenset({'MUNICIPIO=São Félix do Xingu', 'AREA_CONSOLIDADA=nao', 'AREA=15-100 ha'})"
0.012257495590828924,"frozenset({'AREA_CONSOLIDADA=nao', 'RESERVA_LEGAL=nao', 'AREA=15-100 ha'})"
0.010670194003527337,"frozenset({'AREA_CONSOLIDADA=nao', 'RESERVA_LEGAL=sim', 'AREA=15-100 ha'})"
0.021340388007054675,"frozenset({'AREA_CONSOLIDADA=nao', 'SERVIDAO_ADMINISTRATIVA=nao', 'AREA=15-100 ha'})"
0.011375661375661376,"frozenset({'AREA_CONSOLIDADA=nao', 'STATUS=AT', 'AREA=15-100 ha'})"
0.011199294532627866,"frozenset({'AREA_CONSOLIDADA=nao', 'STATUS=PE', 'AREA=15-100 ha'})"
0.02292768959435626,"frozenset({'AREA_CONSOLIDADA=nao', 'TIPO=IRU', 'AREA=15-100 ha'})"
0.015873015873015872,"frozenset({'AREA_CONSOLIDADA=nao', 'UF=PA', 'AREA=15-100 ha'})"
0.02275132275132275,"frozenset({'AREA_CONSOLIDADA=nao', 'AREA=15-100 ha', 'USO_RESTRITO=nao'})"
0.010405643738977073,"frozenset({'AREA_CONSOLIDADA=nao', 'VEGETACAO_NATIVA=nao', 'AREA=15-100 ha'})"
0.012522045855379188,"frozenset({'AREA_CONSOLIDADA=nao', 'VEGETACAO_NATIVA=sim', 'AREA=15-100 ha'})"
0.45714285714285713,"frozenset({'AREA_POUSIO=nao', 'AREA_CONSOLIDADA=sim', 'AREA=15-100 ha'})"
0.22054673721340387,"frozenset({'HIDROGRAFIA=nao', 'AREA_CONSOLIDADA=sim', 'AREA=15-100 ha'})"
0.23897707231040563,"frozenset({'AREA_CONSOLIDADA=sim', 'HIDROGRAFIA=sim', 'AREA=15-100 ha'})"
0.1328042328042328,"frozenset({'MOD_FISCAL=1-4 módulos', 'AREA_CONSOLIDADA=sim', 'AREA=15-100 ha'})"
0.3261022927689594,"frozenset({'AREA_CONSOLIDADA=sim', 'AREA=15-100 ha', 'MOD_FISCAL=<1 módulo'})"
0.043915343915343914,"frozenset({'AREA_CONSOLIDADA=sim', 'MUNICIPIO=Presidente Prudente', 'AREA=15-100 ha'})"
0.4156084656084656,"frozenset({'MUNICIPIO=São Félix do Xingu', 'AREA_CONSOLIDADA=sim', 'AREA=15-100 ha'})"
0.21102292768959435,"frozenset({'RESERVA_LEGAL=nao', 'AREA_CONSOLIDADA=sim', 'AREA=15-100 ha'})"
0.24850088183421518,"frozenset({'AREA_CONSOLIDADA=sim', 'RESERVA_LEGAL=sim', 'AREA=15-100 ha'})"
0.4218694885361552,"frozenset({'SERVIDAO_ADMINISTRATIVA=nao', 'AREA_CONSOLIDADA=sim', 'AREA=15-100 ha'})"
0.037654320987654324,"frozenset({'AREA_CONSOLIDADA=sim', 'AREA=15-100 ha', 'SERVIDAO_ADMINISTRATIVA=sim'})"
0.11728395061728394,"frozenset({'AREA_CONSOLIDADA=sim', 'STATUS=AT', 'AREA=15-100 ha'})"
0.3352733686067019,"frozenset({'AREA_CONSOLIDADA=sim', 'STATUS=PE', 'AREA=15-100 ha'})"
0.4595238095238095,"frozenset({'AREA_CONSOLIDADA=sim', 'TIPO=IRU', 'AREA=15-100 ha'})"
0.4156084656084656,"frozenset({'AREA_CONSOLIDADA=sim', 'UF=PA', 'AREA=15-100 ha'})"
0.043915343915343914,"frozenset({'AREA_CONSOLIDADA=sim', 'UF=SP', 'AREA=15-100 ha'})"
0.4588183421516755,"frozenset({'AREA_CONSOLIDADA=sim', 'AREA=15-100 ha', 'USO_RESTRITO=nao'})"
0.19541446208112875,"frozenset({'AREA_CONSOLIDADA=sim', 'VEGETACAO_NATIVA=nao', 'AREA=15-100 ha'})"
0.2641093474426808,"frozenset({'AREA_CONSOLIDADA=sim', 'VEGETACAO_NATIVA=sim', 'AREA=15-100 ha'})"
0.23218694885361552,"frozenset({'HIDROGRAFIA=nao', 'AREA_POUSIO=nao', 'AREA=15-100 ha'})"
0.24779541446208111,"frozenset({'AREA_POUSIO=nao', 'HIDROGRAFIA=sim', 'AREA=15-100 ha'})"
0.13968253968253969,"frozenset({'MOD_FISCAL=1-4 módulos', 'AREA_POUSIO=nao', 'AREA=15-100 ha'})"
0.33915343915343915,"frozenset({'AREA_POUSIO=nao', 'MOD_FISCAL=<1 módulo', 'AREA=15-100 ha'})"
0.0509700176366843,"frozenset({'AREA_POUSIO=nao', 'MUNICIPIO=Presidente Prudente', 'AREA=15-100 ha'})"
0.42901234567901236,"frozenset({'MUNICIPIO=São Félix do Xingu', 'AREA_POUSIO=nao', 'AREA=15-100 ha'})"
0.22213403880070548,"frozenset({'RESERVA_LEGAL=nao', 'AREA=15-100 ha', 'AREA_POUSIO=nao'})"
0.2578483245149912,"frozenset({'AREA_POUSIO=nao', 'RESERVA_LEGAL=sim', 'AREA=15-100 ha'})"
0.441005291005291,"frozenset({'SERVIDAO_ADMINISTRATIVA=nao', 'AREA_POUSIO=nao', 'AREA=15-100 ha'})"
0.03897707231040565,"frozenset({'AREA_POUSIO=nao', 'AREA=15-100 ha', 'SERVIDAO_ADMINISTRATIVA=sim'})"
0.12821869488536156,"frozenset({'AREA_POUSIO=nao', 'STATUS=AT', 'AREA=15-100 ha'})"
0.34444444444444444,"frozenset({'AREA_POUSIO=nao', 'STATUS=PE', 'AREA=15-100 ha'})"
0.47998236331569666,"frozenset({'AREA_POUSIO=nao', 'TIPO=IRU', 'AREA=15-100 ha'})"
0.42901234567901236,"frozenset({'AREA_POUSIO=nao', 'UF=PA', 'AREA=15-100 ha'})"
0.0509700176366843,"frozenset({'AREA_POUSIO=nao', 'UF=SP', 'AREA=15-100 ha'})"
0.4791005291005291,"frozenset({'AREA_POUSIO=nao', 'AREA=15-100 ha', 'USO_RESTRITO=nao'})"
0.20423280423280424,"frozenset({'AREA_POUSIO=nao', 'VEGETACAO_NATIVA=nao', 'AREA=15-100 ha'})"
0.2757495590828924,"frozenset({'AREA_POUSIO=nao', 'VEGETACAO_NATIVA=sim', 'AREA=15-100 ha'})"
0.052292768959435625,"frozenset({'HIDROGRAFIA=nao', 'AREA=15-100 ha', 'MOD_FISCAL=1-4 módulos'})"
0.18095238095238095,"frozenset({'HIDROGRAFIA=nao', 'MOD_FISCAL=<1 módulo', 'AREA=15-100 ha'})"
0.22566137566137567,"frozenset({'HIDROGRAFIA=nao', 'MUNICIPIO=São Félix do Xingu', 'AREA=15-100 ha'})"
0.1099647266313933,"frozenset({'HIDROGRAFIA=nao', 'RESERVA_LEGAL=nao', 'AREA=15-100 ha'})"
0.12336860670194004,"frozenset({'HIDROGRAFIA=nao', 'RESERVA_LEGAL=sim', 'AREA=15-100 ha'})"
0.2267195767195767,"frozenset({'HIDROGRAFIA=nao', 'SERVIDAO_ADMINISTRATIVA=nao', 'AREA=15-100 ha'})"
0.04135802469135803,"frozenset({'HIDROGRAFIA=nao', 'STATUS=AT', 'AREA=15-100 ha'})"
0.1882716049382716,"frozenset({'HIDROGRAFIA=nao', 'STATUS=PE', 'AREA=15-100 ha'})"
0.23333333333333334,"frozenset({'HIDROGRAFIA=nao', 'TIPO=IRU', 'AREA=15-100 ha'})"
0.22566137566137567,"frozenset({'HIDROGRAFIA=nao', 'UF=PA', 'AREA=15-100 ha'})"
0.23315696649029982,"frozenset({'HIDROGRAFIA=nao', 'AREA=15-100 ha', 'USO_RESTRITO=nao'})"
0.11261022927689594,"frozenset({'HIDROGRAFIA=nao', 'VEGETACAO_NATIVA=nao', 'AREA=15-100 ha'})"
0.1207231040564374,"frozenset({'HIDROGRAFIA=nao', 'VEGETACAO_NATIVA=sim', 'AREA=15-100 ha'})"
0.08800705467372134,"frozenset({'MOD_FISCAL=1-4 módulos', 'HIDROGRAFIA=sim', 'AREA=15-100 ha'})"
0.16005291005291006,"frozenset({'MOD_FISCAL=<1 módulo', 'HIDROGRAFIA=sim', 'AREA=15-100 ha'})"
0.04329805996472663,"frozenset({'HIDROGRAFIA=sim', 'MUNICIPIO=Presidente Prudente', 'AREA=15-100 ha'})"
0.20582010582010582,"frozenset({'MUNICIPIO=São Félix do Xingu', 'HIDROGRAFIA=sim', 'AREA=15-100 ha'})"
0.11331569664902998,"frozenset({'RESERVA_LEGAL=nao', 'HIDROGRAFIA=sim', 'AREA=15-100 ha'})"
0.13580246913580246,"frozenset({'HIDROGRAFIA=sim', 'RESERVA_LEGAL=sim', 'AREA=15-100 ha'})"
0.21649029982363316,"frozenset({'SERVIDAO_ADMINISTRATIVA=nao', 'HIDROGRAFIA=sim', 'AREA=15-100 ha'})"
0.03262786596119929,"frozenset({'HIDROGRAFIA=sim', 'AREA=15-100 ha', 'SERVIDAO_ADMINISTRATIVA=sim'})"
0.0873015873015873,"frozenset({'STATUS=AT', 'HIDROGRAFIA=sim', 'AREA=15-100 ha'})"
0.1582010582010582,"frozenset({'HIDROGRAFIA=sim', 'STATUS=PE', 'AREA=15-100 ha'})"
0.24911816578483245,"frozenset({'HIDROGRAFIA=sim', 'TIPO=IRU', 'AREA=15-100 ha'})"
0.20582010582010582,"frozenset({'HIDROGRAFIA=sim', 'UF=PA', 'AREA=15-100 ha'})"
0.04329805996472663,"frozenset({'HIDROGRAFIA=sim', 'UF=SP', 'AREA=15-100 ha'})"
0.24841269841269842,"frozenset({'HIDROGRAFIA=sim', 'AREA=15-100 ha', 'USO_RESTRITO=nao'})"
0.09320987654320988,"frozenset({'HIDROGRAFIA=sim', 'VEGETACAO_NATIVA=nao', 'AREA=15-100 ha'})"
0.1559082892416226,"frozenset({'HIDROGRAFIA=sim', 'VEGETACAO_NATIVA=sim', 'AREA=15-100 ha'})"
0.0335978835978836,"frozenset({'MOD_FISCAL=1-4 módulos', 'MUNICIPIO=Presidente Prudente', 'AREA=15-100 ha'})"
0.10670194003527336,"frozenset({'MUNICIPIO=São Félix do Xingu', 'AREA=15-100 ha', 'MOD_FISCAL=1-4 módulos'})"
0.05326278659611993,"frozenset({'MOD_FISCAL=1-4 módulos', 'RESERVA_LEGAL=nao', 'AREA=15-100 ha'})"
0.08703703703703704,"frozenset({'MOD_FISCAL=1-4 módulos', 'RESERVA_LEGAL=sim', 'AREA=15-100 ha'})"
0.12275132275132275,"frozenset({'MOD_FISCAL=1-4 módulos', 'SERVIDAO_ADMINISTRATIVA=nao', 'AREA=15-100 ha'})"
0.017548500881834215,"frozenset({'MOD_FISCAL=1-4 módulos', 'AREA=15-100 ha', 'SERVIDAO_ADMINISTRATIVA=sim'})"
0.05246913580246913,"frozenset({'MOD_FISCAL=1-4 módulos', 'STATUS=AT', 'AREA=15-100 ha'})"
0.08421516754850088,"frozenset({'MOD_FISCAL=1-4 módulos', 'STATUS=PE', 'AREA=15-100 ha'})"
0.14029982363315696,"frozenset({'MOD_FISCAL=1-4 módulos', 'TIPO=IRU', 'AREA=15-100 ha'})"
0.10670194003527336,"frozenset({'MOD_FISCAL=1-4 módulos', 'UF=PA', 'AREA=15-100 ha'})"
0.0335978835978836,"frozenset({'MOD_FISCAL=1-4 módulos', 'UF=SP', 'AREA=15-100 ha'})"
0.1398589065255732,"frozenset({'MOD_FISCAL=1-4 módulos', 'AREA=15-100 ha', 'USO_RESTRITO=nao'})"
0.04259259259259259,"frozenset({'MOD_FISCAL=1-4 módulos', 'VEGETACAO_NATIVA=nao', 'AREA=15-100 ha'})"
0.09770723104056438,"frozenset({'MOD_FISCAL=1-4 módulos', 'VEGETACAO_NATIVA=sim', 'AREA=15-100 ha'})"
0.016225749559082892,"frozenset({'MOD_FISCAL=<1 módulo', 'MUNICIPIO=Presidente Prudente', 'AREA=15-100 ha'})"
0.32477954144620813,"frozenset({'MUNICIPIO=São Félix do Xingu', 'MOD_FISCAL=<1 módulo', 'AREA=15-100 ha'})"
0.16913580246913582,"frozenset({'RESERVA_LEGAL=nao', 'MOD_FISCAL=<1 módulo', 'AREA=15-100 ha'})"
0.1718694885361552,"frozenset({'MOD_FISCAL=<1 módulo', 'RESERVA_LEGAL=sim', 'AREA=15-100 ha'})"
0.31957671957671957,"frozenset({'SERVIDAO_ADMINISTRATIVA=nao', 'MOD_FISCAL=<1 módulo', 'AREA=15-100 ha'})"
0.02142857142857143,"frozenset({'MOD_FISCAL=<1 módulo', 'AREA=15-100 ha', 'SERVIDAO_ADMINISTRATIVA=sim'})"
0.07504409171075838,"frozenset({'MOD_FISCAL=<1 módulo', 'STATUS=AT', 'AREA=15-100 ha'})"
0.26225749559082895,"frozenset({'MOD_FISCAL=<1 módulo', 'STATUS=PE', 'AREA=15-100 ha'})"
0.341005291005291,"frozenset({'MOD_FISCAL=<1 módulo', 'TIPO=IRU', 'AREA=15-100 ha'})"
0.32477954144620813,"frozenset({'MOD_FISCAL=<1 módulo', 'UF=PA', 'AREA=15-100 ha'})"
0.016225749559082892,"frozenset({'MOD_FISCAL=<1 módulo', 'UF=SP', 'AREA=15-100 ha'})"
0.3405643738977072,"frozenset({'MOD_FISCAL=<1 módulo', 'AREA=15-100 ha', 'USO_RESTRITO=nao'})"
0.16287477954144622,"frozenset({'MOD_FISCAL=<1 módulo', 'VEGETACAO_NATIVA=nao', 'AREA=15-100 ha'})"
0.1781305114638448,"frozenset({'MOD_FISCAL=<1 módulo', 'VEGETACAO_NATIVA=sim', 'AREA=15-100 ha'})"
0.023015873015873017,"frozenset({'RESERVA_LEGAL=nao', 'MUNICIPIO=Presidente Prudente', 'AREA=15-100 ha'})"
0.027954144620811288,"frozenset({'RESERVA_LEGAL=sim', 'MUNICIPIO=Presidente Prudente', 'AREA=15-100 ha'})"
0.038447971781305115,"frozenset({'SERVIDAO_ADMINISTRATIVA=nao', 'MUNICIPIO=Presidente Prudente', 'AREA=15-100 ha'})"
0.012522045855379188,"frozenset({'MUNICIPIO=Presidente Prudente', 'AREA=15-100 ha', 'SERVIDAO_ADMINISTRATIVA=sim'})"
0.050793650793650794,"frozenset({'STATUS=AT', 'MUNICIPIO=Presidente Prudente', 'AREA=15-100 ha'})"
0.0509700176366843,"frozenset({'MUNICIPIO=Presidente Prudente', 'TIPO=IRU', 'AREA=15-100 ha'})"
0.0509700176366843,"frozenset({'UF=SP', 'MUNICIPIO=Presidente Prudente', 'AREA=15-100 ha'})"
0.05017636684303351,"frozenset({'MUNICIPIO=Presidente Prudente', 'AREA=15-100 ha', 'USO_RESTRITO=nao'})"
0.041534391534391535,"frozenset({'VEGETACAO_NATIVA=sim', 'MUNICIPIO=Presidente Prudente', 'AREA=15-100 ha'})"
0.20026455026455026,"frozenset({'MUNICIPIO=São Félix do Xingu', 'RESERVA_LEGAL=nao', 'AREA=15-100 ha'})"
0.2312169312169312,"frozenset({'MUNICIPIO=São Félix do Xingu', 'RESERVA_LEGAL=sim', 'AREA=15-100 ha'})"
0.40476190476190477,"frozenset({'MUNICIPIO=São Félix do Xingu', 'SERVIDAO_ADMINISTRATIVA=nao', 'AREA=15-100 ha'})"
0.02671957671957672,"frozenset({'MUNICIPIO=São Félix do Xingu', 'AREA=15-100 ha', 'SERVIDAO_ADMINISTRATIVA=sim'})"
0.07786596119929454,"frozenset({'MUNICIPIO=São Félix do Xingu', 'STATUS=AT', 'AREA=15-100 ha'})"
0.34629629629629627,"frozenset({'MUNICIPIO=São Félix do Xingu', 'STATUS=PE', 'AREA=15-100 ha'})"
0.43148148148148147,"frozenset({'MUNICIPIO=São Félix do Xingu', 'TIPO=IRU', 'AREA=15-100 ha'})"
0.43148148148148147,"frozenset({'MUNICIPIO=São Félix do Xingu', 'UF=PA', 'AREA=15-100 ha'})"
0.43139329805996474,"frozenset({'MUNICIPIO=São Félix do Xingu', 'AREA=15-100 ha', 'USO_RESTRITO=nao'})"
0.19638447971781306,"frozenset({'MUNICIPIO=São Félix do Xingu', 'VEGETACAO_NATIVA=nao', 'AREA=15-100 ha'})"
0.23509700176366843,"frozenset({'MUNICIPIO=São Félix do Xingu', 'VEGETACAO_NATIVA=sim', 'AREA=15-100 ha'})"
0.20970017636684304,"frozenset({'SERVIDAO_ADMINISTRATIVA=nao', 'RESERVA_LEGAL=nao', 'AREA=15-100 ha'})"
0.013580246913580247,"frozenset({'RESERVA_LEGAL=nao', 'AREA=15-100 ha', 'SERVIDAO_ADMINISTRATIVA=sim'})"
0.05502645502645503,"frozenset({'RESERVA_LEGAL=nao', 'STATUS=AT', 'AREA=15-100 ha'})"
0.16393298059964725,"frozenset({'RESERVA_LEGAL=nao', 'STATUS=PE', 'AREA=15-100 ha'})"
0.22328042328042327,"frozenset({'RESERVA_LEGAL=nao', 'TIPO=IRU', 'AREA=15-100 ha'})"
0.20026455026455026,"frozenset({'RESERVA_LEGAL=nao', 'UF=PA', 'AREA=15-100 ha'})"
0.023015873015873017,"frozenset({'RESERVA_LEGAL=nao', 'UF=SP', 'AREA=15-100 ha'})"
0.22319223985890652,"frozenset({'RESERVA_LEGAL=nao', 'AREA=15-100 ha', 'USO_RESTRITO=nao'})"
0.15749559082892417,"frozenset({'RESERVA_LEGAL=nao', 'VEGETACAO_NATIVA=nao', 'AREA=15-100 ha'})"
0.06578483245149912,"frozenset({'RESERVA_LEGAL=nao', 'VEGETACAO_NATIVA=sim', 'AREA=15-100 ha'})"
0.23350970017636685,"frozenset({'SERVIDAO_ADMINISTRATIVA=nao', 'RESERVA_LEGAL=sim', 'AREA=15-100 ha'})"
0.025661375661375663,"frozenset({'RESERVA_LEGAL=sim', 'AREA=15-100 ha', 'SERVIDAO_ADMINISTRATIVA=sim'})"
0.0736331569664903,"frozenset({'STATUS=AT', 'RESERVA_LEGAL=sim', 'AREA=15-100 ha'})"
0.18253968253968253,"frozenset({'RESERVA_LEGAL=sim', 'STATUS=PE', 'AREA=15-100 ha'})"
0.2591710758377425,"frozenset({'RESERVA_LEGAL=sim', 'TIPO=IRU', 'AREA=15-100 ha'})"
0.2312169312169312,"frozenset({'RESERVA_LEGAL=sim', 'UF=PA', 'AREA=15-100 ha'})"
0.027954144620811288,"frozenset({'RESERVA_LEGAL=sim', 'UF=SP', 'AREA=15-100 ha'})"
0.2583774250440917,"frozenset({'RESERVA_LEGAL=sim', 'AREA=15-100 ha', 'USO_RESTRITO=nao'})"
0.04832451499118166,"frozenset({'RESERVA_LEGAL=sim', 'VEGETACAO_NATIVA=nao', 'AREA=15-100 ha'})"
0.21084656084656084,"frozenset({'RESERVA_LEGAL=sim', 'VEGETACAO_NATIVA=sim', 'AREA=15-100 ha'})"
0.10749559082892417,"frozenset({'SERVIDAO_ADMINISTRATIVA=nao', 'STATUS=AT', 'AREA=15-100 ha'})"
0.3288359788359788,"frozenset({'SERVIDAO_ADMINISTRATIVA=nao', 'STATUS=PE', 'AREA=15-100 ha'})"
0.44320987654320987,"frozenset({'SERVIDAO_ADMINISTRATIVA=nao', 'TIPO=IRU', 'AREA=15-100 ha'})"
0.40476190476190477,"frozenset({'SERVIDAO_ADMINISTRATIVA=nao', 'UF=PA', 'AREA=15-100 ha'})"
0.038447971781305115,"frozenset({'SERVIDAO_ADMINISTRATIVA=nao', 'UF=SP', 'AREA=15-100 ha'})"
0.4427689594356261,"frozenset({'SERVIDAO_ADMINISTRATIVA=nao', 'AREA=15-100 ha', 'USO_RESTRITO=nao'})"
0.19594356261022927,"frozenset({'SERVIDAO_ADMINISTRATIVA=nao', 'VEGETACAO_NATIVA=nao', 'AREA=15-100 ha'})"
0.2472663139329806,"frozenset({'SERVIDAO_ADMINISTRATIVA=nao', 'VEGETACAO_NATIVA=sim', 'AREA=15-100 ha'})"
0.021164021164021163,"frozenset({'STATUS=AT', 'AREA=15-100 ha', 'SERVIDAO_ADMINISTRATIVA=sim'})"
0.01763668430335097,"frozenset({'STATUS=PE', 'AREA=15-100 ha', 'SERVIDAO_ADMINISTRATIVA=sim'})"
0.039241622574955906,"frozenset({'SERVIDAO_ADMINISTRATIVA=sim', 'TIPO=IRU', 'AREA=15-100 ha'})"
0.02671957671957672,"frozenset({'UF=PA', 'AREA=15-100 ha', 'SERVIDAO_ADMINISTRATIVA=sim'})"
0.012522045855379188,"frozenset({'UF=SP', 'AREA=15-100 ha', 'SERVIDAO_ADMINISTRATIVA=sim'})"
0.03880070546737213,"frozenset({'USO_RESTRITO=nao', 'AREA=15-100 ha', 'SERVIDAO_ADMINISTRATIVA=sim'})"
0.029365079365079365,"frozenset({'VEGETACAO_NATIVA=sim', 'AREA=15-100 ha', 'SERVIDAO_ADMINISTRATIVA=sim'})"
0.12865961199294532,"frozenset({'STATUS=AT', 'TIPO=IRU', 'AREA=15-100 ha'})"
0.07786596119929454,"frozenset({'STATUS=AT', 'UF=PA', 'AREA=15-100 ha'})"
0.050793650793650794,"frozenset({'STATUS=AT', 'UF=SP', 'AREA=15-100 ha'})"
0.12777777777777777,"frozenset({'STATUS=AT', 'AREA=15-100 ha', 'USO_RESTRITO=nao'})"
0.0417989417989418,"frozenset({'STATUS=AT', 'VEGETACAO_NATIVA=nao', 'AREA=15-100 ha'})"
0.08686067019400352,"frozenset({'STATUS=AT', 'VEGETACAO_NATIVA=sim', 'AREA=15-100 ha'})"
0.3464726631393298,"frozenset({'STATUS=PE', 'TIPO=IRU', 'AREA=15-100 ha'})"
0.34629629629629627,"frozenset({'STATUS=PE', 'AREA=15-100 ha', 'UF=PA'})"
0.3464726631393298,"frozenset({'STATUS=PE', 'AREA=15-100 ha', 'USO_RESTRITO=nao'})"
0.15987654320987654,"frozenset({'VEGETACAO_NATIVA=nao', 'STATUS=PE', 'AREA=15-100 ha'})"
0.18659611992945327,"frozenset({'VEGETACAO_NATIVA=sim', 'STATUS=PE', 'AREA=15-100 ha'})"
0.43148148148148147,"frozenset({'UF=PA', 'TIPO=IRU', 'AREA=15-100 ha'})"
0.0509700176366843,"frozenset({'UF=SP', 'TIPO=IRU', 'AREA=15-100 ha'})"
0.48156966490299824,"frozenset({'USO_RESTRITO=nao', 'TIPO=IRU', 'AREA=15-100 ha'})"
0.20582010582010582,"frozenset({'VEGETACAO_NATIVA=nao', 'TIPO=IRU', 'AREA=15-100 ha'})"
0.27663139329805997,"frozenset({'VEGETACAO_NATIVA=sim', 'TIPO=IRU', 'AREA=15-100 ha'})"
0.43139329805996474,"frozenset({'UF=PA', 'AREA=15-100 ha', 'USO_RESTRITO=nao'})"
0.19638447971781306,"frozenset({'VEGETACAO_NATIVA=nao', 'UF=PA', 'AREA=15-100 ha'})"
0.23509700176366843,"frozenset({'VEGETACAO_NATIVA=sim', 'UF=PA', 'AREA=15-100 ha'})"
0.05017636684303351,"frozenset({'UF=SP', 'AREA=15-100 ha', 'USO_RESTRITO=nao'})"
0.041534391534391535,"frozenset({'VEGETACAO_NATIVA=sim', 'UF=SP', 'AREA=15-100 ha'})"
0.20573192239858906,"frozenset({'VEGETACAO_NATIVA=nao', 'AREA=15-100 ha', 'USO_RESTRITO=nao'})"
0.2758377425044092,"frozenset({'VEGETACAO_NATIVA=sim', 'AREA=15-100 ha', 'USO_RESTRITO=nao'})"
0.014285714285714285,"frozenset({'AREA_POUSIO=nao', 'AREA_CONSOLIDADA=nao', 'AREA=4-15 ha'})"
0.010229276895943563,"frozenset({'HIDROGRAFIA=nao', 'AREA_CONSOLIDADA=nao', 'AREA=4-15 ha'})"
0.014373897707231041,"frozenset({'MOD_FISCAL=<1 módulo', 'AREA_CONSOLIDADA=nao', 'AREA=4-15 ha'})"
0.012786596119929453,"frozenset({'SERVIDAO_ADMINISTRATIVA=nao', 'AREA_CONSOLIDADA=nao', 'AREA=4-15 ha'})"
0.010052910052910053,"frozenset({'STATUS=AT', 'AREA_CONSOLIDADA=nao', 'AREA=4-15 ha'})"
0.014373897707231041,"frozenset({'AREA_CONSOLIDADA=nao', 'TIPO=IRU', 'AREA=4-15 ha'})"
0.014285714285714285,"frozenset({'USO_RESTRITO=nao', 'AREA_CONSOLIDADA=nao', 'AREA=4-15 ha'})"
0.09647266313932981,"frozenset({'AREA_POUSIO=nao', 'AREA_CONSOLIDADA=sim', 'AREA=4-15 ha'})"
0.05026455026455026,"frozenset({'HIDROGRAFIA=nao', 'AREA_CONSOLIDADA=sim', 'AREA=4-15 ha'})"
0.04691358024691358,"frozenset({'AREA_CONSOLIDADA=sim', 'HIDROGRAFIA=sim', 'AREA=4-15 ha'})"
0.09717813051146384,"frozenset({'AREA_CONSOLIDADA=sim', 'MOD_FISCAL=<1 módulo', 'AREA=4-15 ha'})"
0.05194003527336861,"frozenset({'AREA_CONSOLIDADA=sim', 'MUNICIPIO=Presidente Prudente', 'AREA=4-15 ha'})"
0.04523809523809524,"frozenset({'MUNICIPIO=São Félix do Xingu', 'AREA_CONSOLIDADA=sim', 'AREA=4-15 ha'})"
0.0535273368606702,"frozenset({'RESERVA_LEGAL=nao', 'AREA_CONSOLIDADA=sim', 'AREA=4-15 ha'})"
0.04365079365079365,"frozenset({'AREA_CONSOLIDADA=sim', 'RESERVA_LEGAL=sim', 'AREA=4-15 ha'})"
0.0865079365079365,"frozenset({'SERVIDAO_ADMINISTRATIVA=nao', 'AREA_CONSOLIDADA=sim', 'AREA=4-15 ha'})"
0.010670194003527337,"frozenset({'AREA_CONSOLIDADA=sim', 'SERVIDAO_ADMINISTRATIVA=sim', 'AREA=4-15 ha'})"
0.06164021164021164,"frozenset({'AREA_CONSOLIDADA=sim', 'STATUS=AT', 'AREA=4-15 ha'})"
0.03509700176366843,"frozenset({'AREA_CONSOLIDADA=sim', 'STATUS=PE', 'AREA=4-15 ha'})"
0.09708994708994709,"frozenset({'AREA_CONSOLIDADA=sim', 'TIPO=IRU', 'AREA=4-15 ha'})"
0.04523809523809524,"frozenset({'AREA_CONSOLIDADA=sim', 'UF=PA', 'AREA=4-15 ha'})"
0.05194003527336861,"frozenset({'AREA_CONSOLIDADA=sim', 'UF=SP', 'AREA=4-15 ha'})"
0.0962962962962963,"frozenset({'USO_RESTRITO=nao', 'AREA_CONSOLIDADA=sim', 'AREA=4-15 ha'})"
0.04312169312169312,"frozenset({'AREA_CONSOLIDADA=sim', 'VEGETACAO_NATIVA=nao', 'AREA=4-15 ha'})"
0.05405643738977072,"frozenset({'AREA_CONSOLIDADA=sim', 'VEGETACAO_NATIVA=sim', 'AREA=4-15 ha'})"
0.059876543209876544,"frozenset({'HIDROGRAFIA=nao', 'AREA_POUSIO=nao', 'AREA=4-15 ha'})"
0.05088183421516755,"frozenset({'AREA_POUSIO=nao', 'HIDROGRAFIA=sim', 'AREA=4-15 ha'})"
0.11075837742504409,"frozenset({'AREA_POUSIO=nao', 'MOD_FISCAL=<1 módulo', 'AREA=4-15 ha'})"
0.059700176366843036,"frozenset({'AREA_POUSIO=nao', 'MUNICIPIO=Presidente Prudente', 'AREA=4-15 ha'})"
0.05105820105820106,"frozenset({'MUNICIPIO=São Félix do Xingu', 'AREA_POUSIO=nao', 'AREA=4-15 ha'})"
0.06190476190476191,"frozenset({'AREA_POUSIO=nao', 'RESERVA_LEGAL=nao', 'AREA=4-15 ha'})"
0.04885361552028219,"frozenset({'AREA_POUSIO=nao', 'RESERVA_LEGAL=sim', 'AREA=4-15 ha'})"
0.09858906525573193,"frozenset({'AREA_POUSIO=nao', 'SERVIDAO_ADMINISTRATIVA=nao', 'AREA=4-15 ha'})"
0.01216931216931217,"frozenset({'AREA_POUSIO=nao', 'SERVIDAO_ADMINISTRATIVA=sim', 'AREA=4-15 ha'})"
0.07151675485008818,"frozenset({'AREA_POUSIO=nao', 'STATUS=AT', 'AREA=4-15 ha'})"
0.03871252204585538,"frozenset({'AREA_POUSIO=nao', 'STATUS=PE', 'AREA=4-15 ha'})"
0.11067019400352733,"frozenset({'AREA_POUSIO=nao', 'TIPO=IRU', 'AREA=4-15 ha'})"
0.05105820105820106,"frozenset({'AREA_POUSIO=nao', 'UF=PA', 'AREA=4-15 ha'})"
0.059700176366843036,"frozenset({'AREA_POUSIO=nao', 'UF=SP', 'AREA=4-15 ha'})"
0.10978835978835978,"frozenset({'USO_RESTRITO=nao', 'AREA_POUSIO=nao', 'AREA=4-15 ha'})"
0.05035273368606702,"frozenset({'AREA_POUSIO=nao', 'VEGETACAO_NATIVA=nao', 'AREA=4-15 ha'})"
0.06040564373897707,"frozenset({'AREA_POUSIO=nao', 'VEGETACAO_NATIVA=sim', 'AREA=4-15 ha'})"
0.06049382716049383,"frozenset({'HIDROGRAFIA=nao', 'MOD_FISCAL=<1 módulo', 'AREA=4-15 ha'})"
0.02178130511463845,"frozenset({'HIDROGRAFIA=nao', 'MUNICIPIO=Presidente Prudente', 'AREA=4-15 ha'})"
0.03871252204585538,"frozenset({'MUNICIPIO=São Félix do Xingu', 'HIDROGRAFIA=nao', 'AREA=4-15 ha'})"
0.04109347442680776,"frozenset({'HIDROGRAFIA=nao', 'RESERVA_LEGAL=nao', 'AREA=4-15 ha'})"
0.019400352733686066,"frozenset({'HIDROGRAFIA=nao', 'RESERVA_LEGAL=sim', 'AREA=4-15 ha'})"
0.055908289241622576,"frozenset({'HIDROGRAFIA=nao', 'SERVIDAO_ADMINISTRATIVA=nao', 'AREA=4-15 ha'})"
0.029541446208112873,"frozenset({'HIDROGRAFIA=nao', 'STATUS=AT', 'AREA=4-15 ha'})"
0.030599647266313933,"frozenset({'HIDROGRAFIA=nao', 'STATUS=PE', 'AREA=4-15 ha'})"
0.06049382716049383,"frozenset({'HIDROGRAFIA=nao', 'TIPO=IRU', 'AREA=4-15 ha'})"
0.03871252204585538,"frozenset({'HIDROGRAFIA=nao', 'UF=PA', 'AREA=4-15 ha'})"
0.02178130511463845,"frozenset({'HIDROGRAFIA=nao', 'UF=SP', 'AREA=4-15 ha'})"
0.06040564373897707,"frozenset({'HIDROGRAFIA=nao', 'USO_RESTRITO=nao', 'AREA=4-15 ha'})"
0.03880070546737213,"frozenset({'HIDROGRAFIA=nao', 'VEGETACAO_NATIVA=nao', 'AREA=4-15 ha'})"
0.021693121693121695,"frozenset({'HIDROGRAFIA=nao', 'VEGETACAO_NATIVA=sim', 'AREA=4-15 ha'})"
0.05105820105820106,"frozenset({'MOD_FISCAL=<1 módulo', 'HIDROGRAFIA=sim', 'AREA=4-15 ha'})"
0.03800705467372134,"frozenset({'HIDROGRAFIA=sim', 'MUNICIPIO=Presidente Prudente', 'AREA=4-15 ha'})"
0.013051146384479718,"frozenset({'MUNICIPIO=São Félix do Xingu', 'HIDROGRAFIA=sim', 'AREA=4-15 ha'})"
0.021516754850088183,"frozenset({'RESERVA_LEGAL=nao', 'HIDROGRAFIA=sim', 'AREA=4-15 ha'})"
0.029541446208112873,"frozenset({'HIDROGRAFIA=sim', 'RESERVA_LEGAL=sim', 'AREA=4-15 ha'})"
0.04338624338624339,"frozenset({'SERVIDAO_ADMINISTRATIVA=nao', 'HIDROGRAFIA=sim', 'AREA=4-15 ha'})"
0.04215167548500882,"frozenset({'STATUS=AT', 'HIDROGRAFIA=sim', 'AREA=4-15 ha'})"
0.0509700176366843,"frozenset({'HIDROGRAFIA=sim', 'TIPO=IRU', 'AREA=4-15 ha'})"
0.013051146384479718,"frozenset({'HIDROGRAFIA=sim', 'UF=PA', 'AREA=4-15 ha'})"
0.03800705467372134,"frozenset({'HIDROGRAFIA=sim', 'UF=SP', 'AREA=4-15 ha'})"
0.05017636684303351,"frozenset({'USO_RESTRITO=nao', 'HIDROGRAFIA=sim', 'AREA=4-15 ha'})"
0.01216931216931217,"frozenset({'HIDROGRAFIA=sim', 'VEGETACAO_NATIVA=nao', 'AREA=4-15 ha'})"
0.03888888888888889,"frozenset({'HIDROGRAFIA=sim', 'VEGETACAO_NATIVA=sim', 'AREA=4-15 ha'})"
0.059788359788359786,"frozenset({'MOD_FISCAL=<1 módulo', 'MUNICIPIO=Presidente Prudente', 'AREA=4-15 ha'})"
0.0517636684303351,"frozenset({'MUNICIPIO=São Félix do Xingu', 'MOD_FISCAL=<1 módulo', 'AREA=4-15 ha'})"
0.06261022927689594,"frozenset({'RESERVA_LEGAL=nao', 'MOD_FISCAL=<1 módulo', 'AREA=4-15 ha'})"
0.04894179894179894,"frozenset({'MOD_FISCAL=<1 módulo', 'RESERVA_LEGAL=sim', 'AREA=4-15 ha'})"
0.09929453262786596,"frozenset({'SERVIDAO_ADMINISTRATIVA=nao', 'MOD_FISCAL=<1 módulo', 'AREA=4-15 ha'})"
0.012257495590828924,"frozenset({'MOD_FISCAL=<1 módulo', 'SERVIDAO_ADMINISTRATIVA=sim', 'AREA=4-15 ha'})"
0.0716931216931217,"frozenset({'MOD_FISCAL=<1 módulo', 'STATUS=AT', 'AREA=4-15 ha'})"
0.039329805996472664,"frozenset({'MOD_FISCAL=<1 módulo', 'STATUS=PE', 'AREA=4-15 ha'})"
0.11146384479717814,"frozenset({'MOD_FISCAL=<1 módulo', 'TIPO=IRU', 'AREA=4-15 ha'})"
0.0517636684303351,"frozenset({'MOD_FISCAL=<1 módulo', 'UF=PA', 'AREA=4-15 ha'})"
0.059788359788359786,"frozenset({'MOD_FISCAL=<1 módulo', 'UF=SP', 'AREA=4-15 ha'})"
0.11058201058201059,"frozenset({'USO_RESTRITO=nao', 'MOD_FISCAL=<1 módulo', 'AREA=4-15 ha'})"
0.0509700176366843,"frozenset({'MOD_FISCAL=<1 módulo', 'VEGETACAO_NATIVA=nao', 'AREA=4-15 ha'})"
0.060582010582010584,"frozenset({'MOD_FISCAL=<1 módulo', 'VEGETACAO_NATIVA=sim', 'AREA=4-15 ha'})"
0.029894179894179893,"frozenset({'RESERVA_LEGAL=nao', 'MUNICIPIO=Presidente Prudente', 'AREA=4-15 ha'})"
0.029894179894179893,"frozenset({'MUNICIPIO=Presidente Prudente', 'RESERVA_LEGAL=sim', 'AREA=4-15 ha'})"
0.05026455026455026,"frozenset({'SERVIDAO_ADMINISTRATIVA=nao', 'MUNICIPIO=Presidente Prudente', 'AREA=4-15 ha'})"
0.05961199294532628,"frozenset({'STATUS=AT', 'MUNICIPIO=Presidente Prudente', 'AREA=4-15 ha'})"
0.059700176366843036,"frozenset({'MUNICIPIO=Presidente Prudente', 'TIPO=IRU', 'AREA=4-15 ha'})"
0.059788359788359786,"frozenset({'MUNICIPIO=Presidente Prudente', 'UF=SP', 'AREA=4-15 ha'})"
0.05881834215167549,"frozenset({'USO_RESTRITO=nao', 'MUNICIPIO=Presidente Prudente', 'AREA=4-15 ha'})"
0.018077601410934743,"frozenset({'VEGETACAO_NATIVA=nao', 'MUNICIPIO=Presidente Prudente', 'AREA=4-15 ha'})"
0.04171075837742504,"frozenset({'VEGETACAO_NATIVA=sim', 'MUNICIPIO=Presidente Prudente', 'AREA=4-15 ha'})"
0.03271604938271605,"frozenset({'MUNICIPIO=São Félix do Xingu', 'RESERVA_LEGAL=nao', 'AREA=4-15 ha'})"
0.01904761904761905,"frozenset({'MUNICIPIO=São Félix do Xingu', 'RESERVA_LEGAL=sim', 'AREA=4-15 ha'})"
0.0490299823633157,"frozenset({'MUNICIPIO=São Félix do Xingu', 'SERVIDAO_ADMINISTRATIVA=nao', 'AREA=4-15 ha'})"
0.012081128747795414,"frozenset({'MUNICIPIO=São Félix do Xingu', 'STATUS=AT', 'AREA=4-15 ha'})"
0.039153439153439155,"frozenset({'MUNICIPIO=São Félix do Xingu', 'STATUS=PE', 'AREA=4-15 ha'})"
0.0517636684303351,"frozenset({'MUNICIPIO=São Félix do Xingu', 'TIPO=IRU', 'AREA=4-15 ha'})"
0.0517636684303351,"frozenset({'MUNICIPIO=São Félix do Xingu', 'UF=PA', 'AREA=4-15 ha'})"
0.0517636684303351,"frozenset({'MUNICIPIO=São Félix do Xingu', 'USO_RESTRITO=nao', 'AREA=4-15 ha'})"
0.03289241622574956,"frozenset({'MUNICIPIO=São Félix do Xingu', 'VEGETACAO_NATIVA=nao', 'AREA=4-15 ha'})"
0.018871252204585538,"frozenset({'MUNICIPIO=São Félix do Xingu', 'VEGETACAO_NATIVA=sim', 'AREA=4-15 ha'})"
0.05617283950617284,"frozenset({'RESERVA_LEGAL=nao', 'SERVIDAO_ADMINISTRATIVA=nao', 'AREA=4-15 ha'})"
0.03589065255731922,"frozenset({'RESERVA_LEGAL=nao', 'STATUS=AT', 'AREA=4-15 ha'})"
0.0263668430335097,"frozenset({'RESERVA_LEGAL=nao', 'STATUS=PE', 'AREA=4-15 ha'})"
0.06252204585537918,"frozenset({'RESERVA_LEGAL=nao', 'TIPO=IRU', 'AREA=4-15 ha'})"
0.03271604938271605,"frozenset({'RESERVA_LEGAL=nao', 'UF=PA', 'AREA=4-15 ha'})"
0.029894179894179893,"frozenset({'RESERVA_LEGAL=nao', 'UF=SP', 'AREA=4-15 ha'})"
0.06252204585537918,"frozenset({'USO_RESTRITO=nao', 'RESERVA_LEGAL=nao', 'AREA=4-15 ha'})"
0.04409171075837742,"frozenset({'RESERVA_LEGAL=nao', 'VEGETACAO_NATIVA=nao', 'AREA=4-15 ha'})"
0.018518518518518517,"frozenset({'RESERVA_LEGAL=nao', 'VEGETACAO_NATIVA=sim', 'AREA=4-15 ha'})"
0.04312169312169312,"frozenset({'SERVIDAO_ADMINISTRATIVA=nao', 'RESERVA_LEGAL=sim', 'AREA=4-15 ha'})"
0.03580246913580247,"frozenset({'STATUS=AT', 'RESERVA_LEGAL=sim', 'AREA=4-15 ha'})"
0.012962962962962963,"frozenset({'STATUS=PE', 'RESERVA_LEGAL=sim', 'AREA=4-15 ha'})"
0.04894179894179894,"frozenset({'RESERVA_LEGAL=sim', 'TIPO=IRU', 'AREA=4-15 ha'})"
0.01904761904761905,"frozenset({'UF=PA', 'RESERVA_LEGAL=sim', 'AREA=4-15 ha'})"
0.029894179894179893,"frozenset({'UF=SP', 'RESERVA_LEGAL=sim', 'AREA=4-15 ha'})"
0.04805996472663139,"frozenset({'USO_RESTRITO=nao', 'RESERVA_LEGAL=sim', 'AREA=4-15 ha'})"
0.04206349206349207,"frozenset({'VEGETACAO_NATIVA=sim', 'RESERVA_LEGAL=sim', 'AREA=4-15 ha'})"
0.06111111111111111,"frozenset({'SERVIDAO_ADMINISTRATIVA=nao', 'STATUS=AT', 'AREA=4-15 ha'})"
0.03783068783068783,"frozenset({'SERVIDAO_ADMINISTRATIVA=nao', 'STATUS=PE', 'AREA=4-15 ha'})"
0.09929453262786596,"frozenset({'SERVIDAO_ADMINISTRATIVA=nao', 'TIPO=IRU', 'AREA=4-15 ha'})"
0.0490299823633157,"frozenset({'SERVIDAO_ADMINISTRATIVA=nao', 'UF=PA', 'AREA=4-15 ha'})"
0.05026455026455026,"frozenset({'SERVIDAO_ADMINISTRATIVA=nao', 'UF=SP', 'AREA=4-15 ha'})"
0.09841269841269841,"frozenset({'USO_RESTRITO=nao', 'SERVIDAO_ADMINISTRATIVA=nao', 'AREA=4-15 ha'})"
0.047001763668430334,"frozenset({'SERVIDAO_ADMINISTRATIVA=nao', 'VEGETACAO_NATIVA=nao', 'AREA=4-15 ha'})"
0.052292768959435625,"frozenset({'SERVIDAO_ADMINISTRATIVA=nao', 'VEGETACAO_NATIVA=sim', 'AREA=4-15 ha'})"
0.010582010582010581,"frozenset({'STATUS=AT', 'SERVIDAO_ADMINISTRATIVA=sim', 'AREA=4-15 ha'})"
0.01216931216931217,"frozenset({'SERVIDAO_ADMINISTRATIVA=sim', 'TIPO=IRU', 'AREA=4-15 ha'})"
0.01216931216931217,"frozenset({'USO_RESTRITO=nao', 'SERVIDAO_ADMINISTRATIVA=sim', 'AREA=4-15 ha'})"
0.07160493827160494,"frozenset({'STATUS=AT', 'TIPO=IRU', 'AREA=4-15 ha'})"
0.012081128747795414,"frozenset({'STATUS=AT', 'UF=PA', 'AREA=4-15 ha'})"
0.05961199294532628,"frozenset({'STATUS=AT', 'UF=SP', 'AREA=4-15 ha'})"
0.07072310405643739,"frozenset({'USO_RESTRITO=nao', 'STATUS=AT', 'AREA=4-15 ha'})"
0.024603174603174603,"frozenset({'STATUS=AT', 'VEGETACAO_NATIVA=nao', 'AREA=4-15 ha'})"
0.04708994708994709,"frozenset({'STATUS=AT', 'VEGETACAO_NATIVA=sim', 'AREA=4-15 ha'})"
0.039329805996472664,"frozenset({'STATUS=PE', 'TIPO=IRU', 'AREA=4-15 ha'})"
0.039153439153439155,"frozenset({'UF=PA', 'STATUS=PE', 'AREA=4-15 ha'})"
0.039329805996472664,"frozenset({'USO_RESTRITO=nao', 'STATUS=PE', 'AREA=4-15 ha'})"
0.02601410934744268,"frozenset({'VEGETACAO_NATIVA=nao', 'STATUS=PE', 'AREA=4-15 ha'})"
0.013315696649029983,"frozenset({'VEGETACAO_NATIVA=sim', 'STATUS=PE', 'AREA=4-15 ha'})"
0.0517636684303351,"frozenset({'UF=PA', 'TIPO=IRU', 'AREA=4-15 ha'})"
0.059700176366843036,"frozenset({'UF=SP', 'TIPO=IRU', 'AREA=4-15 ha'})"
0.11049382716049383,"frozenset({'USO_RESTRITO=nao', 'TIPO=IRU', 'AREA=4-15 ha'})"
0.0509700176366843,"frozenset({'VEGETACAO_NATIVA=nao', 'TIPO=IRU', 'AREA=4-15 ha'})"
0.06049382716049383,"frozenset({'VEGETACAO_NATIVA=sim', 'TIPO=IRU', 'AREA=4-15 ha'})"
0.0517636684303351,"frozenset({'USO_RESTRITO=nao', 'UF=PA', 'AREA=4-15 ha'})"
0.03289241622574956,"frozenset({'VEGETACAO_NATIVA=nao', 'UF=PA', 'AREA=4-15 ha'})"
0.018871252204585538,"frozenset({'VEGETACAO_NATIVA=sim', 'UF=PA', 'AREA=4-15 ha'})"
0.05881834215167549,"frozenset({'USO_RESTRITO=nao', 'UF=SP', 'AREA=4-15 ha'})"
0.018077601410934743,"frozenset({'VEGETACAO_NATIVA=nao', 'UF=SP', 'AREA=4-15 ha'})"
0.04171075837742504,"frozenset({'VEGETACAO_NATIVA=sim', 'UF=SP', 'AREA=4-15 ha'})"
0.05088183421516755,"frozenset({'USO_RESTRITO=nao', 'VEGETACAO_NATIVA=nao', 'AREA=4-15 ha'})"
0.059700176366843036,"frozenset({'USO_RESTRITO=nao', 'VEGETACAO_NATIVA=sim', 'AREA=4-15 ha'})"
0.022486772486772486,"frozenset({'AREA_POUSIO=nao', 'AREA=<4 ha', 'AREA_CONSOLIDADA=nao'})"
0.0208994708994709,"frozenset({'HIDROGRAFIA=nao', 'AREA=<4 ha', 'AREA_CONSOLIDADA=nao'})"
0.02275132275132275,"frozenset({'MOD_FISCAL=<1 módulo', 'AREA=<4 ha', 'AREA_CONSOLIDADA=nao'})"
0.015784832451499118,"frozenset({'MUNICIPIO=São Félix do Xingu', 'AREA=<4 ha', 'AREA_CONSOLIDADA=nao'})"
0.015520282186948854,"frozenset({'RESERVA_LEGAL=nao', 'AREA=<4 ha', 'AREA_CONSOLIDADA=nao'})"
0.02204585537918871,"frozenset({'SERVIDAO_ADMINISTRATIVA=nao', 'AREA=<4 ha', 'AREA_CONSOLIDADA=nao'})"
0.013403880070546737,"frozenset({'AREA=<4 ha', 'STATUS=PE', 'AREA_CONSOLIDADA=nao'})"
0.02275132275132275,"frozenset({'AREA_CONSOLIDADA=nao', 'AREA=<4 ha', 'TIPO=IRU'})"
0.015784832451499118,"frozenset({'AREA=<4 ha', 'UF=PA', 'AREA_CONSOLIDADA=nao'})"
0.02275132275132275,"frozenset({'AREA=<4 ha', 'AREA_CONSOLIDADA=nao', 'USO_RESTRITO=nao'})"
0.016578483245149912,"frozenset({'VEGETACAO_NATIVA=nao', 'AREA=<4 ha', 'AREA_CONSOLIDADA=nao'})"
0.060670194003527335,"frozenset({'AREA_POUSIO=nao', 'AREA_CONSOLIDADA=sim', 'AREA=<4 ha'})"
0.04744268077601411,"frozenset({'HIDROGRAFIA=nao', 'AREA_CONSOLIDADA=sim', 'AREA=<4 ha'})"
0.013227513227513227,"frozenset({'AREA_CONSOLIDADA=sim', 'HIDROGRAFIA=sim', 'AREA=<4 ha'})"
0.060670194003527335,"frozenset({'AREA_CONSOLIDADA=sim', 'AREA=<4 ha', 'MOD_FISCAL=<1 módulo'})"
0.026631393298059965,"frozenset({'AREA_CONSOLIDADA=sim', 'AREA=<4 ha', 'MUNICIPIO=Presidente Prudente'})"
0.03403880070546737,"frozenset({'MUNICIPIO=São Félix do Xingu', 'AREA_CONSOLIDADA=sim', 'AREA=<4 ha'})"
0.04585537918871252,"frozenset({'RESERVA_LEGAL=nao', 'AREA_CONSOLIDADA=sim', 'AREA=<4 ha'})"
0.014814814814814815,"frozenset({'AREA_CONSOLIDADA=sim', 'AREA=<4 ha', 'RESERVA_LEGAL=sim'})"
0.05881834215167549,"frozenset({'SERVIDAO_ADMINISTRATIVA=nao', 'AREA_CONSOLIDADA=sim', 'AREA=<4 ha'})"
0.03721340388007054,"frozenset({'AREA_CONSOLIDADA=sim', 'STATUS=AT', 'AREA=<4 ha'})"
0.023015873015873017,"frozenset({'AREA_CONSOLIDADA=sim', 'AREA=<4 ha', 'STATUS=PE'})"
0.060670194003527335,"frozenset({'AREA_CONSOLIDADA=sim', 'AREA=<4 ha', 'TIPO=IRU'})"
0.03403880070546737,"frozenset({'AREA_CONSOLIDADA=sim', 'AREA=<4 ha', 'UF=PA'})"
0.026631393298059965,"frozenset({'AREA_CONSOLIDADA=sim', 'AREA=<4 ha', 'UF=SP'})"
0.059964726631393295,"frozenset({'AREA_CONSOLIDADA=sim', 'AREA=<4 ha', 'USO_RESTRITO=nao'})"
0.04285714285714286,"frozenset({'AREA_CONSOLIDADA=sim', 'VEGETACAO_NATIVA=nao', 'AREA=<4 ha'})"
0.01781305114638448,"frozenset({'AREA_CONSOLIDADA=sim', 'VEGETACAO_NATIVA=sim', 'AREA=<4 ha'})"
0.06807760141093475,"frozenset({'HIDROGRAFIA=nao', 'AREA_POUSIO=nao', 'AREA=<4 ha'})"
0.01507936507936508,"frozenset({'AREA_POUSIO=nao', 'HIDROGRAFIA=sim', 'AREA=<4 ha'})"
0.08315696649029983,"frozenset({'AREA_POUSIO=nao', 'MOD_FISCAL=<1 módulo', 'AREA=<4 ha'})"
0.0335978835978836,"frozenset({'AREA_POUSIO=nao', 'AREA=<4 ha', 'MUNICIPIO=Presidente Prudente'})"
0.04955908289241623,"frozenset({'MUNICIPIO=São Félix do Xingu', 'AREA_POUSIO=nao', 'AREA=<4 ha'})"
0.06111111111111111,"frozenset({'AREA_POUSIO=nao', 'RESERVA_LEGAL=nao', 'AREA=<4 ha'})"
0.02204585537918871,"frozenset({'AREA_POUSIO=nao', 'AREA=<4 ha', 'RESERVA_LEGAL=sim'})"
0.08059964726631394,"frozenset({'AREA_POUSIO=nao', 'AREA=<4 ha', 'SERVIDAO_ADMINISTRATIVA=nao'})"
0.04638447971781305,"frozenset({'AREA_POUSIO=nao', 'STATUS=AT', 'AREA=<4 ha'})"
0.036155202821869487,"frozenset({'AREA_POUSIO=nao', 'AREA=<4 ha', 'STATUS=PE'})"
0.08315696649029983,"frozenset({'AREA_POUSIO=nao', 'AREA=<4 ha', 'TIPO=IRU'})"
0.04955908289241623,"frozenset({'AREA_POUSIO=nao', 'AREA=<4 ha', 'UF=PA'})"
0.0335978835978836,"frozenset({'AREA_POUSIO=nao', 'AREA=<4 ha', 'UF=SP'})"
0.08245149911816578,"frozenset({'AREA_POUSIO=nao', 'AREA=<4 ha', 'USO_RESTRITO=nao'})"
0.059171075837742504,"frozenset({'AREA_POUSIO=nao', 'VEGETACAO_NATIVA=nao', 'AREA=<4 ha'})"
0.02398589065255732,"frozenset({'AREA_POUSIO=nao', 'VEGETACAO_NATIVA=sim', 'AREA=<4 ha'})"
0.068342151675485,"frozenset({'HIDROGRAFIA=nao', 'MOD_FISCAL=<1 módulo', 'AREA=<4 ha'})"
0.02204585537918871,"frozenset({'HIDROGRAFIA=nao', 'AREA=<4 ha', 'MUNICIPIO=Presidente Prudente'})"
0.046296296296296294,"frozenset({'MUNICIPIO=São Félix do Xingu', 'HIDROGRAFIA=nao', 'AREA=<4 ha'})"
0.05317460317460317,"frozenset({'HIDROGRAFIA=nao', 'RESERVA_LEGAL=nao', 'AREA=<4 ha'})"
0.015167548500881834,"frozenset({'HIDROGRAFIA=nao', 'AREA=<4 ha', 'RESERVA_LEGAL=sim'})"
0.06701940035273368,"frozenset({'HIDROGRAFIA=nao', 'SERVIDAO_ADMINISTRATIVA=nao', 'AREA=<4 ha'})"
0.0335978835978836,"frozenset({'HIDROGRAFIA=nao', 'STATUS=AT', 'AREA=<4 ha'})"
0.034126984126984124,"frozenset({'HIDROGRAFIA=nao', 'AREA=<4 ha', 'STATUS=PE'})"
0.068342151675485,"frozenset({'HIDROGRAFIA=nao', 'AREA=<4 ha', 'TIPO=IRU'})"
0.046296296296296294,"frozenset({'HIDROGRAFIA=nao', 'AREA=<4 ha', 'UF=PA'})"
0.02204585537918871,"frozenset({'HIDROGRAFIA=nao', 'AREA=<4 ha', 'UF=SP'})"
0.06807760141093475,"frozenset({'HIDROGRAFIA=nao', 'AREA=<4 ha', 'USO_RESTRITO=nao'})"
0.05423280423280423,"frozenset({'HIDROGRAFIA=nao', 'VEGETACAO_NATIVA=nao', 'AREA=<4 ha'})"
0.014109347442680775,"frozenset({'HIDROGRAFIA=nao', 'VEGETACAO_NATIVA=sim', 'AREA=<4 ha'})"
0.01507936507936508,"frozenset({'MOD_FISCAL=<1 módulo', 'HIDROGRAFIA=sim', 'AREA=<4 ha'})"
0.011552028218694886,"frozenset({'AREA=<4 ha', 'HIDROGRAFIA=sim', 'MUNICIPIO=Presidente Prudente'})"
0.013844797178130511,"frozenset({'SERVIDAO_ADMINISTRATIVA=nao', 'HIDROGRAFIA=sim', 'AREA=<4 ha'})"
0.012786596119929453,"frozenset({'STATUS=AT', 'HIDROGRAFIA=sim', 'AREA=<4 ha'})"
0.01507936507936508,"frozenset({'HIDROGRAFIA=sim', 'AREA=<4 ha', 'TIPO=IRU'})"
0.011552028218694886,"frozenset({'AREA=<4 ha', 'HIDROGRAFIA=sim', 'UF=SP'})"
0.014638447971781305,"frozenset({'HIDROGRAFIA=sim', 'AREA=<4 ha', 'USO_RESTRITO=nao'})"
0.0335978835978836,"frozenset({'AREA=<4 ha', 'MUNICIPIO=Presidente Prudente', 'MOD_FISCAL=<1 módulo'})"
0.04982363315696649,"frozenset({'MUNICIPIO=São Félix do Xingu', 'MOD_FISCAL=<1 módulo', 'AREA=<4 ha'})"
0.061375661375661375,"frozenset({'RESERVA_LEGAL=nao', 'MOD_FISCAL=<1 módulo', 'AREA=<4 ha'})"
0.02204585537918871,"frozenset({'MOD_FISCAL=<1 módulo', 'AREA=<4 ha', 'RESERVA_LEGAL=sim'})"
0.0808641975308642,"frozenset({'SERVIDAO_ADMINISTRATIVA=nao', 'MOD_FISCAL=<1 módulo', 'AREA=<4 ha'})"
0.04638447971781305,"frozenset({'MOD_FISCAL=<1 módulo', 'STATUS=AT', 'AREA=<4 ha'})"
0.03641975308641975,"frozenset({'AREA=<4 ha', 'STATUS=PE', 'MOD_FISCAL=<1 módulo'})"
0.08342151675485009,"frozenset({'MOD_FISCAL=<1 módulo', 'AREA=<4 ha', 'TIPO=IRU'})"
0.04982363315696649,"frozenset({'AREA=<4 ha', 'UF=PA', 'MOD_FISCAL=<1 módulo'})"
0.0335978835978836,"frozenset({'AREA=<4 ha', 'UF=SP', 'MOD_FISCAL=<1 módulo'})"
0.08271604938271605,"frozenset({'MOD_FISCAL=<1 módulo', 'AREA=<4 ha', 'USO_RESTRITO=nao'})"
0.05943562610229277,"frozenset({'MOD_FISCAL=<1 módulo', 'VEGETACAO_NATIVA=nao', 'AREA=<4 ha'})"
0.02398589065255732,"frozenset({'MOD_FISCAL=<1 módulo', 'VEGETACAO_NATIVA=sim', 'AREA=<4 ha'})"
0.02433862433862434,"frozenset({'RESERVA_LEGAL=nao', 'AREA=<4 ha', 'MUNICIPIO=Presidente Prudente'})"
0.031128747795414462,"frozenset({'SERVIDAO_ADMINISTRATIVA=nao', 'AREA=<4 ha', 'MUNICIPIO=Presidente Prudente'})"
0.03350970017636684,"frozenset({'AREA=<4 ha', 'STATUS=AT', 'MUNICIPIO=Presidente Prudente'})"
0.0335978835978836,"frozenset({'AREA=<4 ha', 'MUNICIPIO=Presidente Prudente', 'TIPO=IRU'})"
0.0335978835978836,"frozenset({'AREA=<4 ha', 'MUNICIPIO=Presidente Prudente', 'UF=SP'})"
0.03289241622574956,"frozenset({'AREA=<4 ha', 'MUNICIPIO=Presidente Prudente', 'USO_RESTRITO=nao'})"
0.01895943562610229,"frozenset({'AREA=<4 ha', 'VEGETACAO_NATIVA=nao', 'MUNICIPIO=Presidente Prudente'})"
0.014638447971781305,"frozenset({'AREA=<4 ha', 'VEGETACAO_NATIVA=sim', 'MUNICIPIO=Presidente Prudente'})"
0.037037037037037035,"frozenset({'MUNICIPIO=São Félix do Xingu', 'RESERVA_LEGAL=nao', 'AREA=<4 ha'})"
0.012786596119929453,"frozenset({'MUNICIPIO=São Félix do Xingu', 'AREA=<4 ha', 'RESERVA_LEGAL=sim'})"
0.04973544973544974,"frozenset({'MUNICIPIO=São Félix do Xingu', 'SERVIDAO_ADMINISTRATIVA=nao', 'AREA=<4 ha'})"
0.012874779541446208,"frozenset({'MUNICIPIO=São Félix do Xingu', 'STATUS=AT', 'AREA=<4 ha'})"
0.036331569664902995,"frozenset({'MUNICIPIO=São Félix do Xingu', 'AREA=<4 ha', 'STATUS=PE'})"
0.04982363315696649,"frozenset({'MUNICIPIO=São Félix do Xingu', 'AREA=<4 ha', 'TIPO=IRU'})"
0.04982363315696649,"frozenset({'MUNICIPIO=São Félix do Xingu', 'AREA=<4 ha', 'UF=PA'})"
0.04982363315696649,"frozenset({'MUNICIPIO=São Félix do Xingu', 'AREA=<4 ha', 'USO_RESTRITO=nao'})"
0.04047619047619048,"frozenset({'MUNICIPIO=São Félix do Xingu', 'VEGETACAO_NATIVA=nao', 'AREA=<4 ha'})"
0.05934744268077601,"frozenset({'SERVIDAO_ADMINISTRATIVA=nao', 'RESERVA_LEGAL=nao', 'AREA=<4 ha'})"
0.03439153439153439,"frozenset({'RESERVA_LEGAL=nao', 'STATUS=AT', 'AREA=<4 ha'})"
0.0263668430335097,"frozenset({'RESERVA_LEGAL=nao', 'AREA=<4 ha', 'STATUS=PE'})"
0.061375661375661375,"frozenset({'RESERVA_LEGAL=nao', 'AREA=<4 ha', 'TIPO=IRU'})"
0.037037037037037035,"frozenset({'RESERVA_LEGAL=nao', 'AREA=<4 ha', 'UF=PA'})"
0.02433862433862434,"frozenset({'RESERVA_LEGAL=nao', 'AREA=<4 ha', 'UF=SP'})"
0.06119929453262787,"frozenset({'RESERVA_LEGAL=nao', 'AREA=<4 ha', 'USO_RESTRITO=nao'})"
0.0527336860670194,"frozenset({'RESERVA_LEGAL=nao', 'VEGETACAO_NATIVA=nao', 'AREA=<4 ha'})"
0.021516754850088183,"frozenset({'SERVIDAO_ADMINISTRATIVA=nao', 'AREA=<4 ha', 'RESERVA_LEGAL=sim'})"
0.01199294532627866,"frozenset({'STATUS=AT', 'AREA=<4 ha', 'RESERVA_LEGAL=sim'})"
0.010052910052910053,"frozenset({'AREA=<4 ha', 'STATUS=PE', 'RESERVA_LEGAL=sim'})"
0.02204585537918871,"frozenset({'RESERVA_LEGAL=sim', 'AREA=<4 ha', 'TIPO=IRU'})"
0.012786596119929453,"frozenset({'AREA=<4 ha', 'UF=PA', 'RESERVA_LEGAL=sim'})"
0.021516754850088183,"frozenset({'AREA=<4 ha', 'RESERVA_LEGAL=sim', 'USO_RESTRITO=nao'})"
0.015343915343915344,"frozenset({'VEGETACAO_NATIVA=sim', 'AREA=<4 ha', 'RESERVA_LEGAL=sim'})"
0.043915343915343914,"frozenset({'SERVIDAO_ADMINISTRATIVA=nao', 'STATUS=AT', 'AREA=<4 ha'})"
0.036331569664902995,"frozenset({'SERVIDAO_ADMINISTRATIVA=nao', 'AREA=<4 ha', 'STATUS=PE'})"
0.0808641975308642,"frozenset({'SERVIDAO_ADMINISTRATIVA=nao', 'AREA=<4 ha', 'TIPO=IRU'})"
0.04973544973544974,"frozenset({'SERVIDAO_ADMINISTRATIVA=nao', 'AREA=<4 ha', 'UF=PA'})"
0.031128747795414462,"frozenset({'SERVIDAO_ADMINISTRATIVA=nao', 'AREA=<4 ha', 'UF=SP'})"
0.08015873015873017,"frozenset({'SERVIDAO_ADMINISTRATIVA=nao', 'AREA=<4 ha', 'USO_RESTRITO=nao'})"
0.05802469135802469,"frozenset({'SERVIDAO_ADMINISTRATIVA=nao', 'VEGETACAO_NATIVA=nao', 'AREA=<4 ha'})"
0.022839506172839506,"frozenset({'SERVIDAO_ADMINISTRATIVA=nao', 'VEGETACAO_NATIVA=sim', 'AREA=<4 ha'})"
0.04638447971781305,"frozenset({'STATUS=AT', 'AREA=<4 ha', 'TIPO=IRU'})"
0.012874779541446208,"frozenset({'AREA=<4 ha', 'STATUS=AT', 'UF=PA'})"
0.03350970017636684,"frozenset({'AREA=<4 ha', 'STATUS=AT', 'UF=SP'})"
0.04567901234567901,"frozenset({'STATUS=AT', 'AREA=<4 ha', 'USO_RESTRITO=nao'})"
0.029365079365079365,"frozenset({'STATUS=AT', 'VEGETACAO_NATIVA=nao', 'AREA=<4 ha'})"
0.017019400352733687,"frozenset({'STATUS=AT', 'VEGETACAO_NATIVA=sim', 'AREA=<4 ha'})"
0.03641975308641975,"frozenset({'AREA=<4 ha', 'STATUS=PE', 'TIPO=IRU'})"
0.036331569664902995,"frozenset({'AREA=<4 ha', 'STATUS=PE', 'UF=PA'})"
0.03641975308641975,"frozenset({'AREA=<4 ha', 'STATUS=PE', 'USO_RESTRITO=nao'})"
0.029541446208112873,"frozenset({'AREA=<4 ha', 'VEGETACAO_NATIVA=nao', 'STATUS=PE'})"
0.04982363315696649,"frozenset({'AREA=<4 ha', 'UF=PA', 'TIPO=IRU'})"
0.0335978835978836,"frozenset({'AREA=<4 ha', 'UF=SP', 'TIPO=IRU'})"
0.08271604938271605,"frozenset({'AREA=<4 ha', 'TIPO=IRU', 'USO_RESTRITO=nao'})"
0.05943562610229277,"frozenset({'VEGETACAO_NATIVA=nao', 'AREA=<4 ha', 'TIPO=IRU'})"
0.02398589065255732,"frozenset({'VEGETACAO_NATIVA=sim', 'AREA=<4 ha', 'TIPO=IRU'})"
0.04982363315696649,"frozenset({'AREA=<4 ha', 'UF=PA', 'USO_RESTRITO=nao'})"
0.04047619047619048,"frozenset({'AREA=<4 ha', 'VEGETACAO_NATIVA=nao', 'UF=PA'})"
0.03289241622574956,"frozenset({'AREA=<4 ha', 'UF=SP', 'USO_RESTRITO=nao'})"
0.01895943562610229,"frozenset({'AREA=<4 ha', 'VEGETACAO_NATIVA=nao', 'UF=SP'})"
0.014638447971781305,"frozenset({'AREA=<4 ha', 'VEGETACAO_NATIVA=sim', 'UF=SP'})"
0.05925925925925926,"frozenset({'VEGETACAO_NATIVA=nao', 'AREA=<4 ha', 'USO_RESTRITO=nao'})"
0.02345679012345679,"frozenset({'VEGETACAO_NATIVA=sim', 'AREA=<4 ha', 'USO_RESTRITO=nao'})"
0.051499118165784834,"frozenset({'AREA_POUSIO=nao', 'AREA_CONSOLIDADA=sim', 'AREA=>=1000 ha'})"
0.04506172839506173,"frozenset({'AREA_CONSOLIDADA=sim', 'HIDROGRAFIA=sim', 'AREA=>=1000 ha'})"
0.05088183421516755,"frozenset({'MOD_FISCAL=>=10 módulos', 'AREA_CONSOLIDADA=sim', 'AREA=>=1000 ha'})"
0.052204585537918874,"frozenset({'MUNICIPIO=São Félix do Xingu', 'AREA_CONSOLIDADA=sim', 'AREA=>=1000 ha'})"
0.0455026455026455,"frozenset({'AREA_CONSOLIDADA=sim', 'AREA=>=1000 ha', 'RESERVA_LEGAL=sim'})"
0.03677248677248677,"frozenset({'SERVIDAO_ADMINISTRATIVA=nao', 'AREA_CONSOLIDADA=sim', 'AREA=>=1000 ha'})"
0.015696649029982364,"frozenset({'AREA_CONSOLIDADA=sim', 'AREA=>=1000 ha', 'SERVIDAO_ADMINISTRATIVA=sim'})"
0.02522045855379189,"frozenset({'STATUS=AT', 'AREA_CONSOLIDADA=sim', 'AREA=>=1000 ha'})"
0.02292768959435626,"frozenset({'AREA_CONSOLIDADA=sim', 'AREA=>=1000 ha', 'STATUS=PE'})"
0.049911816578483245,"frozenset({'AREA_CONSOLIDADA=sim', 'AREA=>=1000 ha', 'TIPO=IRU'})"
0.052204585537918874,"frozenset({'AREA_CONSOLIDADA=sim', 'AREA=>=1000 ha', 'UF=PA'})"
0.052116402116402116,"frozenset({'AREA_CONSOLIDADA=sim', 'AREA=>=1000 ha', 'USO_RESTRITO=nao'})"
0.04470899470899471,"frozenset({'AREA_CONSOLIDADA=sim', 'AREA=>=1000 ha', 'VEGETACAO_NATIVA=sim'})"
0.046825396825396826,"frozenset({'AREA_POUSIO=nao', 'HIDROGRAFIA=sim', 'AREA=>=1000 ha'})"
0.054497354497354496,"frozenset({'AREA_POUSIO=nao', 'MOD_FISCAL=>=10 módulos', 'AREA=>=1000 ha'})"
0.05502645502645503,"frozenset({'MUNICIPIO=São Félix do Xingu', 'AREA_POUSIO=nao', 'AREA=>=1000 ha'})"
0.04779541446208113,"frozenset({'AREA_POUSIO=nao', 'AREA=>=1000 ha', 'RESERVA_LEGAL=sim'})"
0.039241622574955906,"frozenset({'AREA_POUSIO=nao', 'AREA=>=1000 ha', 'SERVIDAO_ADMINISTRATIVA=nao'})"
0.016225749559082892,"frozenset({'AREA_POUSIO=nao', 'AREA=>=1000 ha', 'SERVIDAO_ADMINISTRATIVA=sim'})"
0.02707231040564374,"frozenset({'STATUS=AT', 'AREA_POUSIO=nao', 'AREA=>=1000 ha'})"
0.0236331569664903,"frozenset({'AREA_POUSIO=nao', 'AREA=>=1000 ha', 'STATUS=PE'})"
0.05343915343915344,"frozenset({'AREA_POUSIO=nao', 'AREA=>=1000 ha', 'TIPO=IRU'})"
0.05502645502645503,"frozenset({'AREA_POUSIO=nao', 'AREA=>=1000 ha', 'UF=PA'})"
0.05511463844797178,"frozenset({'AREA_POUSIO=nao', 'AREA=>=1000 ha', 'USO_RESTRITO=nao'})"
0.04691358024691358,"frozenset({'AREA_POUSIO=nao', 'AREA=>=1000 ha', 'VEGETACAO_NATIVA=sim'})"
0.04620811287477954,"frozenset({'MOD_FISCAL=>=10 módulos', 'HIDROGRAFIA=sim', 'AREA=>=1000 ha'})"
0.04735449735449736,"frozenset({'MUNICIPIO=São Félix do Xingu', 'HIDROGRAFIA=sim', 'AREA=>=1000 ha'})"
0.04338624338624339,"frozenset({'HIDROGRAFIA=sim', 'AREA=>=1000 ha', 'RESERVA_LEGAL=sim'})"
0.031746031746031744,"frozenset({'SERVIDAO_ADMINISTRATIVA=nao', 'HIDROGRAFIA=sim', 'AREA=>=1000 ha'})"
0.016049382716049384,"frozenset({'HIDROGRAFIA=sim', 'AREA=>=1000 ha', 'SERVIDAO_ADMINISTRATIVA=sim'})"
0.02433862433862434,"frozenset({'STATUS=AT', 'HIDROGRAFIA=sim', 'AREA=>=1000 ha'})"
0.019488536155202824,"frozenset({'HIDROGRAFIA=sim', 'STATUS=PE', 'AREA=>=1000 ha'})"
0.04620811287477954,"frozenset({'HIDROGRAFIA=sim', 'AREA=>=1000 ha', 'TIPO=IRU'})"
0.04735449735449736,"frozenset({'HIDROGRAFIA=sim', 'UF=PA', 'AREA=>=1000 ha'})"
0.04744268077601411,"frozenset({'HIDROGRAFIA=sim', 'AREA=>=1000 ha', 'USO_RESTRITO=nao'})"
0.04329805996472663,"frozenset({'HIDROGRAFIA=sim', 'VEGETACAO_NATIVA=sim', 'AREA=>=1000 ha'})"
0.054409171075837745,"frozenset({'MUNICIPIO=São Félix do Xingu', 'MOD_FISCAL=>=10 módulos', 'AREA=>=1000 ha'})"
0.0472663139329806,"frozenset({'MOD_FISCAL=>=10 módulos', 'AREA=>=1000 ha', 'RESERVA_LEGAL=sim'})"
0.038624338624338624,"frozenset({'SERVIDAO_ADMINISTRATIVA=nao', 'MOD_FISCAL=>=10 módulos', 'AREA=>=1000 ha'})"
0.016225749559082892,"frozenset({'MOD_FISCAL=>=10 módulos', 'AREA=>=1000 ha', 'SERVIDAO_ADMINISTRATIVA=sim'})"
0.026102292768959437,"frozenset({'STATUS=AT', 'MOD_FISCAL=>=10 módulos', 'AREA=>=1000 ha'})"
0.02398589065255732,"frozenset({'MOD_FISCAL=>=10 módulos', 'AREA=>=1000 ha', 'STATUS=PE'})"
0.053791887125220456,"frozenset({'MOD_FISCAL=>=10 módulos', 'AREA=>=1000 ha', 'TIPO=IRU'})"
0.054409171075837745,"frozenset({'MOD_FISCAL=>=10 módulos', 'AREA=>=1000 ha', 'UF=PA'})"
0.054497354497354496,"frozenset({'MOD_FISCAL=>=10 módulos', 'AREA=>=1000 ha', 'USO_RESTRITO=nao'})"
0.046296296296296294,"frozenset({'MOD_FISCAL=>=10 módulos', 'AREA=>=1000 ha', 'VEGETACAO_NATIVA=sim'})"
0.04832451499118166,"frozenset({'MUNICIPIO=São Félix do Xingu', 'AREA=>=1000 ha', 'RESERVA_LEGAL=sim'})"
0.040123456790123455,"frozenset({'MUNICIPIO=São Félix do Xingu', 'SERVIDAO_ADMINISTRATIVA=nao', 'AREA=>=1000 ha'})"
0.015873015873015872,"frozenset({'MUNICIPIO=São Félix do Xingu', 'AREA=>=1000 ha', 'SERVIDAO_ADMINISTRATIVA=sim'})"
0.027248677248677248,"frozenset({'MUNICIPIO=São Félix do Xingu', 'STATUS=AT', 'AREA=>=1000 ha'})"
0.02398589065255732,"frozenset({'MUNICIPIO=São Félix do Xingu', 'AREA=>=1000 ha', 'STATUS=PE'})"
0.05335097001763668,"frozenset({'MUNICIPIO=São Félix do Xingu', 'AREA=>=1000 ha', 'TIPO=IRU'})"
0.05599647266313933,"frozenset({'MUNICIPIO=São Félix do Xingu', 'AREA=>=1000 ha', 'UF=PA'})"
0.05564373897707231,"frozenset({'MUNICIPIO=São Félix do Xingu', 'AREA=>=1000 ha', 'USO_RESTRITO=nao'})"
0.04744268077601411,"frozenset({'MUNICIPIO=São Félix do Xingu', 'AREA=>=1000 ha', 'VEGETACAO_NATIVA=sim'})"
0.033156966490299825,"frozenset({'SERVIDAO_ADMINISTRATIVA=nao', 'AREA=>=1000 ha', 'RESERVA_LEGAL=sim'})"
0.015520282186948854,"frozenset({'AREA=>=1000 ha', 'RESERVA_LEGAL=sim', 'SERVIDAO_ADMINISTRATIVA=sim'})"
0.024955908289241623,"frozenset({'STATUS=AT', 'AREA=>=1000 ha', 'RESERVA_LEGAL=sim'})"
0.020282186948853614,"frozenset({'AREA=>=1000 ha', 'STATUS=PE', 'RESERVA_LEGAL=sim'})"
0.0472663139329806,"frozenset({'RESERVA_LEGAL=sim', 'AREA=>=1000 ha', 'TIPO=IRU'})"
0.04832451499118166,"frozenset({'AREA=>=1000 ha', 'UF=PA', 'RESERVA_LEGAL=sim'})"
0.04832451499118166,"frozenset({'AREA=>=1000 ha', 'RESERVA_LEGAL=sim', 'USO_RESTRITO=nao'})"
0.043827160493827164,"frozenset({'AREA=>=1000 ha', 'VEGETACAO_NATIVA=sim', 'RESERVA_LEGAL=sim'})"
0.017724867724867723,"frozenset({'STATUS=AT', 'SERVIDAO_ADMINISTRATIVA=nao', 'AREA=>=1000 ha'})"
0.018518518518518517,"frozenset({'SERVIDAO_ADMINISTRATIVA=nao', 'AREA=>=1000 ha', 'STATUS=PE'})"
0.03756613756613757,"frozenset({'SERVIDAO_ADMINISTRATIVA=nao', 'AREA=>=1000 ha', 'TIPO=IRU'})"
0.040123456790123455,"frozenset({'SERVIDAO_ADMINISTRATIVA=nao', 'AREA=>=1000 ha', 'UF=PA'})"
0.040123456790123455,"frozenset({'SERVIDAO_ADMINISTRATIVA=nao', 'AREA=>=1000 ha', 'USO_RESTRITO=nao'})"
0.03262786596119929,"frozenset({'SERVIDAO_ADMINISTRATIVA=nao', 'AREA=>=1000 ha', 'VEGETACAO_NATIVA=sim'})"
0.016225749559082892,"frozenset({'AREA=>=1000 ha', 'TIPO=IRU', 'SERVIDAO_ADMINISTRATIVA=sim'})"
0.015873015873015872,"frozenset({'AREA=>=1000 ha', 'UF=PA', 'SERVIDAO_ADMINISTRATIVA=sim'})"
0.015961199294532626,"frozenset({'AREA=>=1000 ha', 'SERVIDAO_ADMINISTRATIVA=sim', 'USO_RESTRITO=nao'})"
0.01525573192239859,"frozenset({'AREA=>=1000 ha', 'VEGETACAO_NATIVA=sim', 'SERVIDAO_ADMINISTRATIVA=sim'})"
0.02522045855379189,"frozenset({'STATUS=AT', 'AREA=>=1000 ha', 'TIPO=IRU'})"
0.027248677248677248,"frozenset({'STATUS=AT', 'AREA=>=1000 ha', 'UF=PA'})"
0.027513227513227514,"frozenset({'STATUS=AT', 'AREA=>=1000 ha', 'USO_RESTRITO=nao'})"
0.024426807760141094,"frozenset({'STATUS=AT', 'AREA=>=1000 ha', 'VEGETACAO_NATIVA=sim'})"
0.023897707231040566,"frozenset({'AREA=>=1000 ha', 'STATUS=PE', 'TIPO=IRU'})"
0.02398589065255732,"frozenset({'AREA=>=1000 ha', 'STATUS=PE', 'UF=PA'})"
0.023897707231040566,"frozenset({'AREA=>=1000 ha', 'STATUS=PE', 'USO_RESTRITO=nao'})"
0.019929453262786598,"frozenset({'AREA=>=1000 ha', 'VEGETACAO_NATIVA=sim', 'STATUS=PE'})"
0.05335097001763668,"frozenset({'AREA=>=1000 ha', 'UF=PA', 'TIPO=IRU'})"
0.05343915343915344,"frozenset({'AREA=>=1000 ha', 'TIPO=IRU', 'USO_RESTRITO=nao'})"
0.046296296296296294,"frozenset({'AREA=>=1000 ha', 'VEGETACAO_NATIVA=sim', 'TIPO=IRU'})"
0.05564373897707231,"frozenset({'AREA=>=1000 ha', 'UF=PA', 'USO_RESTRITO=nao'})"
0.04744268077601411,"frozenset({'AREA=>=1000 ha', 'VEGETACAO_NATIVA=sim', 'UF=PA'})"
0.047530864197530866,"frozenset({'AREA=>=1000 ha', 'VEGETACAO_NATIVA=sim', 'USO_RESTRITO=nao'})"
0.0490299823633157,"frozenset({'HIDROGRAFIA=nao', 'AREA_POUSIO=nao', 'AREA_CONSOLIDADA=nao'})"
0.026102292768959437,"frozenset({'AREA_POUSIO=nao', 'HIDROGRAFIA=sim', 'AREA_CONSOLIDADA=nao'})"
0.014373897707231041,"frozenset({'MOD_FISCAL=1-4 módulos', 'AREA_POUSIO=nao', 'AREA_CONSOLIDADA=nao'})"
0.051587301587301584,"frozenset({'AREA_POUSIO=nao', 'MOD_FISCAL=<1 módulo', 'AREA_CONSOLIDADA=nao'})"
0.02328042328042328,"frozenset({'AREA_POUSIO=nao', 'MUNICIPIO=Presidente Prudente', 'AREA_CONSOLIDADA=nao'})"
0.05185185185185185,"frozenset({'MUNICIPIO=São Félix do Xingu', 'AREA_POUSIO=nao', 'AREA_CONSOLIDADA=nao'})"
0.04056437389770723,"frozenset({'AREA_POUSIO=nao', 'RESERVA_LEGAL=nao', 'AREA_CONSOLIDADA=nao'})"
0.0345679012345679,"frozenset({'AREA_CONSOLIDADA=nao', 'AREA_POUSIO=nao', 'RESERVA_LEGAL=sim'})"
0.0701058201058201,"frozenset({'AREA_CONSOLIDADA=nao', 'AREA_POUSIO=nao', 'SERVIDAO_ADMINISTRATIVA=nao'})"
0.0373015873015873,"frozenset({'AREA_POUSIO=nao', 'STATUS=AT', 'AREA_CONSOLIDADA=nao'})"
0.03562610229276896,"frozenset({'AREA_POUSIO=nao', 'STATUS=PE', 'AREA_CONSOLIDADA=nao'})"
0.07504409171075838,"frozenset({'AREA_CONSOLIDADA=nao', 'AREA_POUSIO=nao', 'TIPO=IRU'})"
0.05185185185185185,"frozenset({'AREA_POUSIO=nao', 'UF=PA', 'AREA_CONSOLIDADA=nao'})"
0.02328042328042328,"frozenset({'AREA_POUSIO=nao', 'UF=SP', 'AREA_CONSOLIDADA=nao'})"
0.07469135802469136,"frozenset({'AREA_POUSIO=nao', 'AREA_CONSOLIDADA=nao', 'USO_RESTRITO=nao'})"
0.03871252204585538,"frozenset({'AREA_POUSIO=nao', 'VEGETACAO_NATIVA=nao', 'AREA_CONSOLIDADA=nao'})"
0.03641975308641975,"frozenset({'AREA_POUSIO=nao', 'VEGETACAO_NATIVA=sim', 'AREA_CONSOLIDADA=nao'})"
0.040123456790123455,"frozenset({'HIDROGRAFIA=nao', 'MOD_FISCAL=<1 módulo', 'AREA_CONSOLIDADA=nao'})"
0.013051146384479718,"frozenset({'HIDROGRAFIA=nao', 'MUNICIPIO=Presidente Prudente', 'AREA_CONSOLIDADA=nao'})"
0.03641975308641975,"frozenset({'MUNICIPIO=São Félix do Xingu', 'HIDROGRAFIA=nao', 'AREA_CONSOLIDADA=nao'})"
0.03209876543209877,"frozenset({'HIDROGRAFIA=nao', 'RESERVA_LEGAL=nao', 'AREA_CONSOLIDADA=nao'})"
0.017372134038800707,"frozenset({'HIDROGRAFIA=nao', 'AREA_CONSOLIDADA=nao', 'RESERVA_LEGAL=sim'})"
0.04717813051146384,"frozenset({'HIDROGRAFIA=nao', 'SERVIDAO_ADMINISTRATIVA=nao', 'AREA_CONSOLIDADA=nao'})"
0.02125220458553792,"frozenset({'HIDROGRAFIA=nao', 'STATUS=AT', 'AREA_CONSOLIDADA=nao'})"
0.02671957671957672,"frozenset({'HIDROGRAFIA=nao', 'STATUS=PE', 'AREA_CONSOLIDADA=nao'})"
0.04938271604938271,"frozenset({'HIDROGRAFIA=nao', 'AREA_CONSOLIDADA=nao', 'TIPO=IRU'})"
0.03641975308641975,"frozenset({'HIDROGRAFIA=nao', 'UF=PA', 'AREA_CONSOLIDADA=nao'})"
0.013051146384479718,"frozenset({'HIDROGRAFIA=nao', 'UF=SP', 'AREA_CONSOLIDADA=nao'})"
0.049206349206349205,"frozenset({'HIDROGRAFIA=nao', 'AREA_CONSOLIDADA=nao', 'USO_RESTRITO=nao'})"
0.03253968253968254,"frozenset({'HIDROGRAFIA=nao', 'VEGETACAO_NATIVA=nao', 'AREA_CONSOLIDADA=nao'})"
0.016931216931216932,"frozenset({'HIDROGRAFIA=nao', 'VEGETACAO_NATIVA=sim', 'AREA_CONSOLIDADA=nao'})"
0.011904761904761904,"frozenset({'MOD_FISCAL=<1 módulo', 'HIDROGRAFIA=sim', 'AREA_CONSOLIDADA=nao'})"
0.010229276895943563,"frozenset({'HIDROGRAFIA=sim', 'MUNICIPIO=Presidente Prudente', 'AREA_CONSOLIDADA=nao'})"
0.015873015873015872,"frozenset({'MUNICIPIO=São Félix do Xingu', 'HIDROGRAFIA=sim', 'AREA_CONSOLIDADA=nao'})"
0.01728395061728395,"frozenset({'AREA_CONSOLIDADA=nao', 'HIDROGRAFIA=sim', 'RESERVA_LEGAL=sim'})"
0.023368606701940034,"frozenset({'SERVIDAO_ADMINISTRATIVA=nao', 'HIDROGRAFIA=sim', 'AREA_CONSOLIDADA=nao'})"
0.016137566137566138,"frozenset({'STATUS=AT', 'HIDROGRAFIA=sim', 'AREA_CONSOLIDADA=nao'})"
0.026102292768959437,"frozenset({'AREA_CONSOLIDADA=nao', 'HIDROGRAFIA=sim', 'TIPO=IRU'})"
0.015873015873015872,"frozenset({'HIDROGRAFIA=sim', 'UF=PA', 'AREA_CONSOLIDADA=nao'})"
0.010229276895943563,"frozenset({'HIDROGRAFIA=sim', 'UF=SP', 'AREA_CONSOLIDADA=nao'})"
0.025925925925925925,"frozenset({'HIDROGRAFIA=sim', 'AREA_CONSOLIDADA=nao', 'USO_RESTRITO=nao'})"
0.019488536155202824,"frozenset({'HIDROGRAFIA=sim', 'VEGETACAO_NATIVA=sim', 'AREA_CONSOLIDADA=nao'})"
0.013227513227513227,"frozenset({'MOD_FISCAL=1-4 módulos', 'SERVIDAO_ADMINISTRATIVA=nao', 'AREA_CONSOLIDADA=nao'})"
0.014373897707231041,"frozenset({'MOD_FISCAL=1-4 módulos', 'AREA_CONSOLIDADA=nao', 'TIPO=IRU'})"
0.014285714285714285,"frozenset({'MOD_FISCAL=1-4 módulos', 'AREA_CONSOLIDADA=nao', 'USO_RESTRITO=nao'})"
0.016931216931216932,"frozenset({'MOD_FISCAL=<1 módulo', 'MUNICIPIO=Presidente Prudente', 'AREA_CONSOLIDADA=nao'})"
0.03509700176366843,"frozenset({'MUNICIPIO=São Félix do Xingu', 'MOD_FISCAL=<1 módulo', 'AREA_CONSOLIDADA=nao'})"
0.031746031746031744,"frozenset({'RESERVA_LEGAL=nao', 'MOD_FISCAL=<1 módulo', 'AREA_CONSOLIDADA=nao'})"
0.020282186948853614,"frozenset({'AREA_CONSOLIDADA=nao', 'MOD_FISCAL=<1 módulo', 'RESERVA_LEGAL=sim'})"
0.049118165784832454,"frozenset({'SERVIDAO_ADMINISTRATIVA=nao', 'MOD_FISCAL=<1 módulo', 'AREA_CONSOLIDADA=nao'})"
0.024779541446208114,"frozenset({'MOD_FISCAL=<1 módulo', 'STATUS=AT', 'AREA_CONSOLIDADA=nao'})"
0.026807760141093474,"frozenset({'MOD_FISCAL=<1 módulo', 'STATUS=PE', 'AREA_CONSOLIDADA=nao'})"
0.05202821869488536,"frozenset({'AREA_CONSOLIDADA=nao', 'MOD_FISCAL=<1 módulo', 'TIPO=IRU'})"
0.03509700176366843,"frozenset({'MOD_FISCAL=<1 módulo', 'UF=PA', 'AREA_CONSOLIDADA=nao'})"
0.016931216931216932,"frozenset({'MOD_FISCAL=<1 módulo', 'UF=SP', 'AREA_CONSOLIDADA=nao'})"
0.05185185185185185,"frozenset({'MOD_FISCAL=<1 módulo', 'AREA_CONSOLIDADA=nao', 'USO_RESTRITO=nao'})"
0.03218694885361552,"frozenset({'MOD_FISCAL=<1 módulo', 'VEGETACAO_NATIVA=nao', 'AREA_CONSOLIDADA=nao'})"
0.01984126984126984,"frozenset({'MOD_FISCAL=<1 módulo', 'VEGETACAO_NATIVA=sim', 'AREA_CONSOLIDADA=nao'})"
0.018871252204585538,"frozenset({'RESERVA_LEGAL=nao', 'MUNICIPIO=Presidente Prudente', 'AREA_CONSOLIDADA=nao'})"
0.019576719576719578,"frozenset({'SERVIDAO_ADMINISTRATIVA=nao', 'MUNICIPIO=Presidente Prudente', 'AREA_CONSOLIDADA=nao'})"
0.02328042328042328,"frozenset({'STATUS=AT', 'MUNICIPIO=Presidente Prudente', 'AREA_CONSOLIDADA=nao'})"
0.02328042328042328,"frozenset({'AREA_CONSOLIDADA=nao', 'MUNICIPIO=Presidente Prudente', 'TIPO=IRU'})"
0.02328042328042328,"frozenset({'AREA_CONSOLIDADA=nao', 'MUNICIPIO=Presidente Prudente', 'UF=SP'})"
0.022839506172839506,"frozenset({'MUNICIPIO=Presidente Prudente', 'AREA_CONSOLIDADA=nao', 'USO_RESTRITO=nao'})"
0.013227513227513227,"frozenset({'VEGETACAO_NATIVA=nao', 'MUNICIPIO=Presidente Prudente', 'AREA_CONSOLIDADA=nao'})"
0.010052910052910053,"frozenset({'VEGETACAO_NATIVA=sim', 'MUNICIPIO=Presidente Prudente', 'AREA_CONSOLIDADA=nao'})"
0.02204585537918871,"frozenset({'MUNICIPIO=São Félix do Xingu', 'RESERVA_LEGAL=nao', 'AREA_CONSOLIDADA=nao'})"
0.030246913580246913,"frozenset({'MUNICIPIO=São Félix do Xingu', 'AREA_CONSOLIDADA=nao', 'RESERVA_LEGAL=sim'})"
0.0509700176366843,"frozenset({'MUNICIPIO=São Félix do Xingu', 'SERVIDAO_ADMINISTRATIVA=nao', 'AREA_CONSOLIDADA=nao'})"
0.014109347442680775,"frozenset({'MUNICIPIO=São Félix do Xingu', 'STATUS=AT', 'AREA_CONSOLIDADA=nao'})"
0.03597883597883598,"frozenset({'MUNICIPIO=São Félix do Xingu', 'STATUS=PE', 'AREA_CONSOLIDADA=nao'})"
0.052204585537918874,"frozenset({'MUNICIPIO=São Félix do Xingu', 'AREA_CONSOLIDADA=nao', 'TIPO=IRU'})"
0.052292768959435625,"frozenset({'MUNICIPIO=São Félix do Xingu', 'UF=PA', 'AREA_CONSOLIDADA=nao'})"
0.052292768959435625,"frozenset({'MUNICIPIO=São Félix do Xingu', 'AREA_CONSOLIDADA=nao', 'USO_RESTRITO=nao'})"
0.025925925925925925,"frozenset({'MUNICIPIO=São Félix do Xingu', 'VEGETACAO_NATIVA=nao', 'AREA_CONSOLIDADA=nao'})"
0.0263668430335097,"frozenset({'MUNICIPIO=São Félix do Xingu', 'VEGETACAO_NATIVA=sim', 'AREA_CONSOLIDADA=nao'})"
0.037654320987654324,"frozenset({'AREA_CONSOLIDADA=nao', 'RESERVA_LEGAL=nao', 'SERVIDAO_ADMINISTRATIVA=nao'})"
0.0236331569664903,"frozenset({'RESERVA_LEGAL=nao', 'STATUS=AT', 'AREA_CONSOLIDADA=nao'})"
0.016225749559082892,"frozenset({'RESERVA_LEGAL=nao', 'STATUS=PE', 'AREA_CONSOLIDADA=nao'})"
0.040828924162257495,"frozenset({'AREA_CONSOLIDADA=nao', 'RESERVA_LEGAL=nao', 'TIPO=IRU'})"
0.02204585537918871,"frozenset({'RESERVA_LEGAL=nao', 'UF=PA', 'AREA_CONSOLIDADA=nao'})"
0.018871252204585538,"frozenset({'RESERVA_LEGAL=nao', 'UF=SP', 'AREA_CONSOLIDADA=nao'})"
0.04056437389770723,"frozenset({'RESERVA_LEGAL=nao', 'AREA_CONSOLIDADA=nao', 'USO_RESTRITO=nao'})"
0.027689594356261022,"frozenset({'RESERVA_LEGAL=nao', 'VEGETACAO_NATIVA=nao', 'AREA_CONSOLIDADA=nao'})"
0.013227513227513227,"frozenset({'RESERVA_LEGAL=nao', 'VEGETACAO_NATIVA=sim', 'AREA_CONSOLIDADA=nao'})"
0.03289241622574956,"frozenset({'AREA_CONSOLIDADA=nao', 'SERVIDAO_ADMINISTRATIVA=nao', 'RESERVA_LEGAL=sim'})"
0.013756613756613757,"frozenset({'AREA_CONSOLIDADA=nao', 'STATUS=AT', 'RESERVA_LEGAL=sim'})"
0.019753086419753086,"frozenset({'AREA_CONSOLIDADA=nao', 'STATUS=PE', 'RESERVA_LEGAL=sim'})"
0.034656084656084656,"frozenset({'AREA_CONSOLIDADA=nao', 'RESERVA_LEGAL=sim', 'TIPO=IRU'})"
0.030246913580246913,"frozenset({'AREA_CONSOLIDADA=nao', 'UF=PA', 'RESERVA_LEGAL=sim'})"
0.0345679012345679,"frozenset({'AREA_CONSOLIDADA=nao', 'RESERVA_LEGAL=sim', 'USO_RESTRITO=nao'})"
0.01146384479717813,"frozenset({'AREA_CONSOLIDADA=nao', 'VEGETACAO_NATIVA=nao', 'RESERVA_LEGAL=sim'})"
0.023192239858906526,"frozenset({'AREA_CONSOLIDADA=nao', 'VEGETACAO_NATIVA=sim', 'RESERVA_LEGAL=sim'})"
0.032980599647266316,"frozenset({'SERVIDAO_ADMINISTRATIVA=nao', 'STATUS=AT', 'AREA_CONSOLIDADA=nao'})"
0.035361552028218696,"frozenset({'SERVIDAO_ADMINISTRATIVA=nao', 'STATUS=PE', 'AREA_CONSOLIDADA=nao'})"
0.07045855379188712,"frozenset({'AREA_CONSOLIDADA=nao', 'SERVIDAO_ADMINISTRATIVA=nao', 'TIPO=IRU'})"
0.0509700176366843,"frozenset({'SERVIDAO_ADMINISTRATIVA=nao', 'UF=PA', 'AREA_CONSOLIDADA=nao'})"
0.019576719576719578,"frozenset({'SERVIDAO_ADMINISTRATIVA=nao', 'UF=SP', 'AREA_CONSOLIDADA=nao'})"
0.07028218694885362,"frozenset({'SERVIDAO_ADMINISTRATIVA=nao', 'AREA_CONSOLIDADA=nao', 'USO_RESTRITO=nao'})"
0.03659611992945326,"frozenset({'SERVIDAO_ADMINISTRATIVA=nao', 'VEGETACAO_NATIVA=nao', 'AREA_CONSOLIDADA=nao'})"
0.033950617283950615,"frozenset({'SERVIDAO_ADMINISTRATIVA=nao', 'VEGETACAO_NATIVA=sim', 'AREA_CONSOLIDADA=nao'})"
0.0373015873015873,"frozenset({'AREA_CONSOLIDADA=nao', 'STATUS=AT', 'TIPO=IRU'})"
0.014109347442680775,"frozenset({'STATUS=AT', 'UF=PA', 'AREA_CONSOLIDADA=nao'})"
0.02328042328042328,"frozenset({'STATUS=AT', 'UF=SP', 'AREA_CONSOLIDADA=nao'})"
0.036948853615520284,"frozenset({'STATUS=AT', 'AREA_CONSOLIDADA=nao', 'USO_RESTRITO=nao'})"
0.017901234567901235,"frozenset({'STATUS=AT', 'VEGETACAO_NATIVA=nao', 'AREA_CONSOLIDADA=nao'})"
0.019488536155202824,"frozenset({'STATUS=AT', 'VEGETACAO_NATIVA=sim', 'AREA_CONSOLIDADA=nao'})"
0.03597883597883598,"frozenset({'AREA_CONSOLIDADA=nao', 'STATUS=PE', 'TIPO=IRU'})"
0.03597883597883598,"frozenset({'STATUS=PE', 'AREA_CONSOLIDADA=nao', 'UF=PA'})"
0.03597883597883598,"frozenset({'STATUS=PE', 'AREA_CONSOLIDADA=nao', 'USO_RESTRITO=nao'})"
0.02019400352733686,"frozenset({'VEGETACAO_NATIVA=nao', 'STATUS=PE', 'AREA_CONSOLIDADA=nao'})"
0.015784832451499118,"frozenset({'VEGETACAO_NATIVA=sim', 'STATUS=PE', 'AREA_CONSOLIDADA=nao'})"
0.052204585537918874,"frozenset({'AREA_CONSOLIDADA=nao', 'UF=PA', 'TIPO=IRU'})"
0.02328042328042328,"frozenset({'AREA_CONSOLIDADA=nao', 'UF=SP', 'TIPO=IRU'})"
0.07504409171075838,"frozenset({'AREA_CONSOLIDADA=nao', 'TIPO=IRU', 'USO_RESTRITO=nao'})"
0.0390652557319224,"frozenset({'AREA_CONSOLIDADA=nao', 'VEGETACAO_NATIVA=nao', 'TIPO=IRU'})"
0.03641975308641975,"frozenset({'AREA_CONSOLIDADA=nao', 'VEGETACAO_NATIVA=sim', 'TIPO=IRU'})"
0.052292768959435625,"frozenset({'UF=PA', 'AREA_CONSOLIDADA=nao', 'USO_RESTRITO=nao'})"
0.025925925925925925,"frozenset({'VEGETACAO_NATIVA=nao', 'UF=PA', 'AREA_CONSOLIDADA=nao'})"
0.0263668430335097,"frozenset({'VEGETACAO_NATIVA=sim', 'UF=PA', 'AREA_CONSOLIDADA=nao'})"
0.022839506172839506,"frozenset({'UF=SP', 'AREA_CONSOLIDADA=nao', 'USO_RESTRITO=nao'})"
0.013227513227513227,"frozenset({'VEGETACAO_NATIVA=nao', 'UF=SP', 'AREA_CONSOLIDADA=nao'})"
0.010052910052910053,"frozenset({'VEGETACAO_NATIVA=sim', 'UF=SP', 'AREA_CONSOLIDADA=nao'})"
0.03897707231040565,"frozenset({'VEGETACAO_NATIVA=nao', 'AREA_CONSOLIDADA=nao', 'USO_RESTRITO=nao'})"
0.036155202821869487,"frozenset({'VEGETACAO_NATIVA=sim', 'AREA_CONSOLIDADA=nao', 'USO_RESTRITO=nao'})"
0.40476190476190477,"frozenset({'HIDROGRAFIA=nao', 'AREA_POUSIO=nao', 'AREA_CONSOLIDADA=sim'})"
0.5144620811287478,"frozenset({'AREA_POUSIO=nao', 'AREA_CONSOLIDADA=sim', 'HIDROGRAFIA=sim'})"
0.31569664902998235,"frozenset({'MOD_FISCAL=1-4 módulos', 'AREA_POUSIO=nao', 'AREA_CONSOLIDADA=sim'})"
0.05326278659611993,"frozenset({'AREA_POUSIO=nao', 'AREA_CONSOLIDADA=sim', 'MOD_FISCAL=4-10 módulos'})"
0.4820987654320988,"frozenset({'AREA_POUSIO=nao', 'AREA_CONSOLIDADA=sim', 'MOD_FISCAL=<1 módulo'})"
0.0681657848324515,"frozenset({'MOD_FISCAL=>=10 módulos', 'AREA_POUSIO=nao', 'AREA_CONSOLIDADA=sim'})"
0.12689594356261022,"frozenset({'AREA_POUSIO=nao', 'AREA_CONSOLIDADA=sim', 'MUNICIPIO=Presidente Prudente'})"
0.7923280423280423,"frozenset({'MUNICIPIO=São Félix do Xingu', 'AREA_POUSIO=nao', 'AREA_CONSOLIDADA=sim'})"
0.3924162257495591,"frozenset({'AREA_POUSIO=nao', 'AREA_CONSOLIDADA=sim', 'RESERVA_LEGAL=nao'})"
0.5268077601410934,"frozenset({'AREA_POUSIO=nao', 'AREA_CONSOLIDADA=sim', 'RESERVA_LEGAL=sim'})"
0.8149029982363316,"frozenset({'AREA_POUSIO=nao', 'AREA_CONSOLIDADA=sim', 'SERVIDAO_ADMINISTRATIVA=nao'})"
0.10432098765432099,"frozenset({'AREA_POUSIO=nao', 'AREA_CONSOLIDADA=sim', 'SERVIDAO_ADMINISTRATIVA=sim'})"
0.30185185185185187,"frozenset({'AREA_POUSIO=nao', 'AREA_CONSOLIDADA=sim', 'STATUS=AT'})"
0.5865079365079365,"frozenset({'AREA_POUSIO=nao', 'AREA_CONSOLIDADA=sim', 'STATUS=PE'})"
0.030864197530864196,"frozenset({'STATUS=SU', 'AREA_POUSIO=nao', 'AREA_CONSOLIDADA=sim'})"
0.9171957671957672,"frozenset({'AREA_POUSIO=nao', 'AREA_CONSOLIDADA=sim', 'TIPO=IRU'})"
0.7923280423280423,"frozenset({'AREA_POUSIO=nao', 'AREA_CONSOLIDADA=sim', 'UF=PA'})"
0.12689594356261022,"frozenset({'AREA_POUSIO=nao', 'AREA_CONSOLIDADA=sim', 'UF=SP'})"
0.9159611992945327,"frozenset({'AREA_POUSIO=nao', 'AREA_CONSOLIDADA=sim', 'USO_RESTRITO=nao'})"
0.36358024691358026,"frozenset({'AREA_POUSIO=nao', 'AREA_CONSOLIDADA=sim', 'VEGETACAO_NATIVA=nao'})"
0.5556437389770723,"frozenset({'AREA_POUSIO=nao', 'AREA_CONSOLIDADA=sim', 'VEGETACAO_NATIVA=sim'})"
0.11313932980599647,"frozenset({'HIDROGRAFIA=nao', 'AREA_CONSOLIDADA=sim', 'MOD_FISCAL=1-4 módulos'})"
0.013756613756613757,"frozenset({'HIDROGRAFIA=nao', 'AREA_CONSOLIDADA=sim', 'MOD_FISCAL=4-10 módulos'})"
0.2696649029982363,"frozenset({'HIDROGRAFIA=nao', 'AREA_CONSOLIDADA=sim', 'MOD_FISCAL=<1 módulo'})"
0.010052910052910053,"frozenset({'MOD_FISCAL=>=10 módulos', 'AREA_CONSOLIDADA=sim', 'HIDROGRAFIA=nao'})"
0.038624338624338624,"frozenset({'HIDROGRAFIA=nao', 'AREA_CONSOLIDADA=sim', 'MUNICIPIO=Presidente Prudente'})"
0.367989417989418,"frozenset({'MUNICIPIO=São Félix do Xingu', 'AREA_CONSOLIDADA=sim', 'HIDROGRAFIA=nao'})"
0.2066137566137566,"frozenset({'HIDROGRAFIA=nao', 'RESERVA_LEGAL=nao', 'AREA_CONSOLIDADA=sim'})"
0.2,"frozenset({'HIDROGRAFIA=nao', 'AREA_CONSOLIDADA=sim', 'RESERVA_LEGAL=sim'})"
0.39285714285714285,"frozenset({'HIDROGRAFIA=nao', 'SERVIDAO_ADMINISTRATIVA=nao', 'AREA_CONSOLIDADA=sim'})"
0.013756613756613757,"frozenset({'HIDROGRAFIA=nao', 'AREA_CONSOLIDADA=sim', 'SERVIDAO_ADMINISTRATIVA=sim'})"
0.09955908289241623,"frozenset({'HIDROGRAFIA=nao', 'AREA_CONSOLIDADA=sim', 'STATUS=AT'})"
0.2964726631393298,"frozenset({'HIDROGRAFIA=nao', 'AREA_CONSOLIDADA=sim', 'STATUS=PE'})"
0.010582010582010581,"frozenset({'STATUS=SU', 'AREA_CONSOLIDADA=sim', 'HIDROGRAFIA=nao'})"
0.4056437389770723,"frozenset({'HIDROGRAFIA=nao', 'AREA_CONSOLIDADA=sim', 'TIPO=IRU'})"
0.367989417989418,"frozenset({'HIDROGRAFIA=nao', 'AREA_CONSOLIDADA=sim', 'UF=PA'})"
0.038624338624338624,"frozenset({'HIDROGRAFIA=nao', 'AREA_CONSOLIDADA=sim', 'UF=SP'})"
0.40617283950617283,"frozenset({'HIDROGRAFIA=nao', 'AREA_CONSOLIDADA=sim', 'USO_RESTRITO=nao'})"
0.2111111111111111,"frozenset({'HIDROGRAFIA=nao', 'AREA_CONSOLIDADA=sim', 'VEGETACAO_NATIVA=nao'})"
0.1955026455026455,"frozenset({'HIDROGRAFIA=nao', 'AREA_CONSOLIDADA=sim', 'VEGETACAO_NATIVA=sim'})"
0.2038800705467372,"frozenset({'MOD_FISCAL=1-4 módulos', 'AREA_CONSOLIDADA=sim', 'HIDROGRAFIA=sim'})"
0.03959435626102293,"frozenset({'AREA_CONSOLIDADA=sim', 'HIDROGRAFIA=sim', 'MOD_FISCAL=4-10 módulos'})"
0.21552028218694885,"frozenset({'AREA_CONSOLIDADA=sim', 'HIDROGRAFIA=sim', 'MOD_FISCAL=<1 módulo'})"
0.05881834215167549,"frozenset({'MOD_FISCAL=>=10 módulos', 'AREA_CONSOLIDADA=sim', 'HIDROGRAFIA=sim'})"
0.08835978835978836,"frozenset({'AREA_CONSOLIDADA=sim', 'HIDROGRAFIA=sim', 'MUNICIPIO=Presidente Prudente'})"
0.4294532627865961,"frozenset({'MUNICIPIO=São Félix do Xingu', 'AREA_CONSOLIDADA=sim', 'HIDROGRAFIA=sim'})"
0.18791887125220458,"frozenset({'RESERVA_LEGAL=nao', 'AREA_CONSOLIDADA=sim', 'HIDROGRAFIA=sim'})"
0.3298941798941799,"frozenset({'AREA_CONSOLIDADA=sim', 'HIDROGRAFIA=sim', 'RESERVA_LEGAL=sim'})"
0.42680776014109345,"frozenset({'SERVIDAO_ADMINISTRATIVA=nao', 'AREA_CONSOLIDADA=sim', 'HIDROGRAFIA=sim'})"
0.091005291005291,"frozenset({'AREA_CONSOLIDADA=sim', 'HIDROGRAFIA=sim', 'SERVIDAO_ADMINISTRATIVA=sim'})"
0.20379188712522045,"frozenset({'STATUS=AT', 'AREA_CONSOLIDADA=sim', 'HIDROGRAFIA=sim'})"
0.2937389770723104,"frozenset({'AREA_CONSOLIDADA=sim', 'HIDROGRAFIA=sim', 'STATUS=PE'})"
0.020282186948853614,"frozenset({'STATUS=SU', 'AREA_CONSOLIDADA=sim', 'HIDROGRAFIA=sim'})"
0.5161375661375661,"frozenset({'AREA_CONSOLIDADA=sim', 'HIDROGRAFIA=sim', 'TIPO=IRU'})"
0.4294532627865961,"frozenset({'AREA_CONSOLIDADA=sim', 'HIDROGRAFIA=sim', 'UF=PA'})"
0.08835978835978836,"frozenset({'AREA_CONSOLIDADA=sim', 'HIDROGRAFIA=sim', 'UF=SP'})"
0.5149029982363316,"frozenset({'AREA_CONSOLIDADA=sim', 'HIDROGRAFIA=sim', 'USO_RESTRITO=nao'})"
0.15476190476190477,"frozenset({'AREA_CONSOLIDADA=sim', 'HIDROGRAFIA=sim', 'VEGETACAO_NATIVA=nao'})"
0.3630511463844797,"frozenset({'AREA_CONSOLIDADA=sim', 'HIDROGRAFIA=sim', 'VEGETACAO_NATIVA=sim'})"
0.029188712522045857,"frozenset({'MOD_FISCAL=1-4 módulos', 'AREA_CONSOLIDADA=sim', 'MUNICIPIO=Presidente Prudente'})"
0.2878306878306878,"frozenset({'MUNICIPIO=São Félix do Xingu', 'AREA_CONSOLIDADA=sim', 'MOD_FISCAL=1-4 módulos'})"
0.11022927689594356,"frozenset({'MOD_FISCAL=1-4 módulos', 'RESERVA_LEGAL=nao', 'AREA_CONSOLIDADA=sim'})"
0.20679012345679013,"frozenset({'MOD_FISCAL=1-4 módulos', 'AREA_CONSOLIDADA=sim', 'RESERVA_LEGAL=sim'})"
0.27627865961199294,"frozenset({'MOD_FISCAL=1-4 módulos', 'SERVIDAO_ADMINISTRATIVA=nao', 'AREA_CONSOLIDADA=sim'})"
0.040740740740740744,"frozenset({'MOD_FISCAL=1-4 módulos', 'AREA_CONSOLIDADA=sim', 'SERVIDAO_ADMINISTRATIVA=sim'})"
0.08659611992945326,"frozenset({'MOD_FISCAL=1-4 módulos', 'AREA_CONSOLIDADA=sim', 'STATUS=AT'})"
0.21569664902998237,"frozenset({'MOD_FISCAL=1-4 módulos', 'AREA_CONSOLIDADA=sim', 'STATUS=PE'})"
0.01472663139329806,"frozenset({'STATUS=SU', 'AREA_CONSOLIDADA=sim', 'MOD_FISCAL=1-4 módulos'})"
0.31666666666666665,"frozenset({'MOD_FISCAL=1-4 módulos', 'AREA_CONSOLIDADA=sim', 'TIPO=IRU'})"
0.2878306878306878,"frozenset({'MOD_FISCAL=1-4 módulos', 'AREA_CONSOLIDADA=sim', 'UF=PA'})"
0.029188712522045857,"frozenset({'MOD_FISCAL=1-4 módulos', 'AREA_CONSOLIDADA=sim', 'UF=SP'})"
0.3163139329805996,"frozenset({'MOD_FISCAL=1-4 módulos', 'AREA_CONSOLIDADA=sim', 'USO_RESTRITO=nao'})"
0.1001763668430335,"frozenset({'MOD_FISCAL=1-4 módulos', 'AREA_CONSOLIDADA=sim', 'VEGETACAO_NATIVA=nao'})"
0.2168430335097002,"frozenset({'MOD_FISCAL=1-4 módulos', 'AREA_CONSOLIDADA=sim', 'VEGETACAO_NATIVA=sim'})"
0.04973544973544974,"frozenset({'MUNICIPIO=São Félix do Xingu', 'AREA_CONSOLIDADA=sim', 'MOD_FISCAL=4-10 módulos'})"
0.012962962962962963,"frozenset({'RESERVA_LEGAL=nao', 'AREA_CONSOLIDADA=sim', 'MOD_FISCAL=4-10 módulos'})"
0.04038800705467372,"frozenset({'AREA_CONSOLIDADA=sim', 'MOD_FISCAL=4-10 módulos', 'RESERVA_LEGAL=sim'})"
0.043033509700176366,"frozenset({'SERVIDAO_ADMINISTRATIVA=nao', 'AREA_CONSOLIDADA=sim', 'MOD_FISCAL=4-10 módulos'})"
0.010317460317460317,"frozenset({'AREA_CONSOLIDADA=sim', 'MOD_FISCAL=4-10 módulos', 'SERVIDAO_ADMINISTRATIVA=sim'})"
0.016666666666666666,"frozenset({'STATUS=AT', 'AREA_CONSOLIDADA=sim', 'MOD_FISCAL=4-10 módulos'})"
0.031040564373897708,"frozenset({'AREA_CONSOLIDADA=sim', 'MOD_FISCAL=4-10 módulos', 'STATUS=PE'})"
0.05335097001763668,"frozenset({'AREA_CONSOLIDADA=sim', 'MOD_FISCAL=4-10 módulos', 'TIPO=IRU'})"
0.04973544973544974,"frozenset({'AREA_CONSOLIDADA=sim', 'MOD_FISCAL=4-10 módulos', 'UF=PA'})"
0.05326278659611993,"frozenset({'AREA_CONSOLIDADA=sim', 'MOD_FISCAL=4-10 módulos', 'USO_RESTRITO=nao'})"
0.013580246913580247,"frozenset({'AREA_CONSOLIDADA=sim', 'MOD_FISCAL=4-10 módulos', 'VEGETACAO_NATIVA=nao'})"
0.03977072310405644,"frozenset({'AREA_CONSOLIDADA=sim', 'MOD_FISCAL=4-10 módulos', 'VEGETACAO_NATIVA=sim'})"
0.09268077601410935,"frozenset({'AREA_CONSOLIDADA=sim', 'MUNICIPIO=Presidente Prudente', 'MOD_FISCAL=<1 módulo'})"
0.3925044091710758,"frozenset({'MUNICIPIO=São Félix do Xingu', 'AREA_CONSOLIDADA=sim', 'MOD_FISCAL=<1 módulo'})"
0.26146384479717816,"frozenset({'RESERVA_LEGAL=nao', 'AREA_CONSOLIDADA=sim', 'MOD_FISCAL=<1 módulo'})"
0.22372134038800706,"frozenset({'AREA_CONSOLIDADA=sim', 'RESERVA_LEGAL=sim', 'MOD_FISCAL=<1 módulo'})"
0.45185185185185184,"frozenset({'SERVIDAO_ADMINISTRATIVA=nao', 'AREA_CONSOLIDADA=sim', 'MOD_FISCAL=<1 módulo'})"
0.03333333333333333,"frozenset({'AREA_CONSOLIDADA=sim', 'MOD_FISCAL=<1 módulo', 'SERVIDAO_ADMINISTRATIVA=sim'})"
0.16957671957671958,"frozenset({'AREA_CONSOLIDADA=sim', 'STATUS=AT', 'MOD_FISCAL=<1 módulo'})"
0.31119929453262785,"frozenset({'AREA_CONSOLIDADA=sim', 'STATUS=PE', 'MOD_FISCAL=<1 módulo'})"
0.4838624338624339,"frozenset({'AREA_CONSOLIDADA=sim', 'TIPO=IRU', 'MOD_FISCAL=<1 módulo'})"
0.3925044091710758,"frozenset({'AREA_CONSOLIDADA=sim', 'UF=PA', 'MOD_FISCAL=<1 módulo'})"
0.09268077601410935,"frozenset({'AREA_CONSOLIDADA=sim', 'UF=SP', 'MOD_FISCAL=<1 módulo'})"
0.48324514991181655,"frozenset({'AREA_CONSOLIDADA=sim', 'MOD_FISCAL=<1 módulo', 'USO_RESTRITO=nao'})"
0.24109347442680776,"frozenset({'AREA_CONSOLIDADA=sim', 'VEGETACAO_NATIVA=nao', 'MOD_FISCAL=<1 módulo'})"
0.24409171075837743,"frozenset({'AREA_CONSOLIDADA=sim', 'VEGETACAO_NATIVA=sim', 'MOD_FISCAL=<1 módulo'})"
0.0673721340388007,"frozenset({'MOD_FISCAL=>=10 módulos', 'AREA_CONSOLIDADA=sim', 'MUNICIPIO=São Félix do Xingu'})"
0.058994708994708996,"frozenset({'MOD_FISCAL=>=10 módulos', 'AREA_CONSOLIDADA=sim', 'RESERVA_LEGAL=sim'})"
0.048500881834215165,"frozenset({'MOD_FISCAL=>=10 módulos', 'SERVIDAO_ADMINISTRATIVA=nao', 'AREA_CONSOLIDADA=sim'})"
0.020370370370370372,"frozenset({'MOD_FISCAL=>=10 módulos', 'AREA_CONSOLIDADA=sim', 'SERVIDAO_ADMINISTRATIVA=sim'})"
0.03051146384479718,"frozenset({'MOD_FISCAL=>=10 módulos', 'AREA_CONSOLIDADA=sim', 'STATUS=AT'})"
0.032275132275132276,"frozenset({'MOD_FISCAL=>=10 módulos', 'AREA_CONSOLIDADA=sim', 'STATUS=PE'})"
0.06790123456790123,"frozenset({'MOD_FISCAL=>=10 módulos', 'AREA_CONSOLIDADA=sim', 'TIPO=IRU'})"
0.0673721340388007,"frozenset({'MOD_FISCAL=>=10 módulos', 'AREA_CONSOLIDADA=sim', 'UF=PA'})"
0.06825396825396825,"frozenset({'MOD_FISCAL=>=10 módulos', 'AREA_CONSOLIDADA=sim', 'USO_RESTRITO=nao'})"
0.011022927689594356,"frozenset({'MOD_FISCAL=>=10 módulos', 'AREA_CONSOLIDADA=sim', 'VEGETACAO_NATIVA=nao'})"
0.05784832451499118,"frozenset({'MOD_FISCAL=>=10 módulos', 'AREA_CONSOLIDADA=sim', 'VEGETACAO_NATIVA=sim'})"
0.060582010582010584,"frozenset({'RESERVA_LEGAL=nao', 'AREA_CONSOLIDADA=sim', 'MUNICIPIO=Presidente Prudente'})"
0.0664021164021164,"frozenset({'AREA_CONSOLIDADA=sim', 'MUNICIPIO=Presidente Prudente', 'RESERVA_LEGAL=sim'})"
0.10396825396825397,"frozenset({'SERVIDAO_ADMINISTRATIVA=nao', 'AREA_CONSOLIDADA=sim', 'MUNICIPIO=Presidente Prudente'})"
0.023015873015873017,"frozenset({'AREA_CONSOLIDADA=sim', 'MUNICIPIO=Presidente Prudente', 'SERVIDAO_ADMINISTRATIVA=sim'})"
0.12654320987654322,"frozenset({'AREA_CONSOLIDADA=sim', 'STATUS=AT', 'MUNICIPIO=Presidente Prudente'})"
0.12689594356261022,"frozenset({'AREA_CONSOLIDADA=sim', 'MUNICIPIO=Presidente Prudente', 'TIPO=IRU'})"
0.12698412698412698,"frozenset({'AREA_CONSOLIDADA=sim', 'MUNICIPIO=Presidente Prudente', 'UF=SP'})"
0.1247795414462081,"frozenset({'AREA_CONSOLIDADA=sim', 'MUNICIPIO=Presidente Prudente', 'USO_RESTRITO=nao'})"
0.03368606701940035,"frozenset({'AREA_CONSOLIDADA=sim', 'VEGETACAO_NATIVA=nao', 'MUNICIPIO=Presidente Prudente'})"
0.09329805996472663,"frozenset({'AREA_CONSOLIDADA=sim', 'VEGETACAO_NATIVA=sim', 'MUNICIPIO=Presidente Prudente'})"
0.3339506172839506,"frozenset({'MUNICIPIO=São Félix do Xingu', 'RESERVA_LEGAL=nao', 'AREA_CONSOLIDADA=sim'})"
0.4634920634920635,"frozenset({'MUNICIPIO=São Félix do Xingu', 'AREA_CONSOLIDADA=sim', 'RESERVA_LEGAL=sim'})"
0.7156966490299823,"frozenset({'MUNICIPIO=São Félix do Xingu', 'SERVIDAO_ADMINISTRATIVA=nao', 'AREA_CONSOLIDADA=sim'})"
0.08174603174603175,"frozenset({'MUNICIPIO=São Félix do Xingu', 'AREA_CONSOLIDADA=sim', 'SERVIDAO_ADMINISTRATIVA=sim'})"
0.17680776014109348,"frozenset({'MUNICIPIO=São Félix do Xingu', 'AREA_CONSOLIDADA=sim', 'STATUS=AT'})"
0.5897707231040564,"frozenset({'MUNICIPIO=São Félix do Xingu', 'AREA_CONSOLIDADA=sim', 'STATUS=PE'})"
0.030864197530864196,"frozenset({'STATUS=SU', 'AREA_CONSOLIDADA=sim', 'MUNICIPIO=São Félix do Xingu'})"
0.7948853615520283,"frozenset({'MUNICIPIO=São Félix do Xingu', 'AREA_CONSOLIDADA=sim', 'TIPO=IRU'})"
0.7974426807760141,"frozenset({'MUNICIPIO=São Félix do Xingu', 'AREA_CONSOLIDADA=sim', 'UF=PA'})"
0.7962962962962963,"frozenset({'MUNICIPIO=São Félix do Xingu', 'AREA_CONSOLIDADA=sim', 'USO_RESTRITO=nao'})"
0.3321869488536155,"frozenset({'MUNICIPIO=São Félix do Xingu', 'AREA_CONSOLIDADA=sim', 'VEGETACAO_NATIVA=nao'})"
0.4652557319223986,"frozenset({'MUNICIPIO=São Félix do Xingu', 'AREA_CONSOLIDADA=sim', 'VEGETACAO_NATIVA=sim'})"
0.36534391534391536,"frozenset({'RESERVA_LEGAL=nao', 'AREA_CONSOLIDADA=sim', 'SERVIDAO_ADMINISTRATIVA=nao'})"
0.029188712522045857,"frozenset({'RESERVA_LEGAL=nao', 'AREA_CONSOLIDADA=sim', 'SERVIDAO_ADMINISTRATIVA=sim'})"
0.11772486772486772,"frozenset({'RESERVA_LEGAL=nao', 'AREA_CONSOLIDADA=sim', 'STATUS=AT'})"
0.26208112874779543,"frozenset({'RESERVA_LEGAL=nao', 'AREA_CONSOLIDADA=sim', 'STATUS=PE'})"
0.01472663139329806,"frozenset({'STATUS=SU', 'RESERVA_LEGAL=nao', 'AREA_CONSOLIDADA=sim'})"
0.3932980599647266,"frozenset({'RESERVA_LEGAL=nao', 'AREA_CONSOLIDADA=sim', 'TIPO=IRU'})"
0.3339506172839506,"frozenset({'RESERVA_LEGAL=nao', 'AREA_CONSOLIDADA=sim', 'UF=PA'})"
0.060582010582010584,"frozenset({'RESERVA_LEGAL=nao', 'AREA_CONSOLIDADA=sim', 'UF=SP'})"
0.3942680776014109,"frozenset({'RESERVA_LEGAL=nao', 'AREA_CONSOLIDADA=sim', 'USO_RESTRITO=nao'})"
0.2767195767195767,"frozenset({'RESERVA_LEGAL=nao', 'AREA_CONSOLIDADA=sim', 'VEGETACAO_NATIVA=nao'})"
0.11781305114638448,"frozenset({'RESERVA_LEGAL=nao', 'AREA_CONSOLIDADA=sim', 'VEGETACAO_NATIVA=sim'})"
0.454320987654321,"frozenset({'SERVIDAO_ADMINISTRATIVA=nao', 'AREA_CONSOLIDADA=sim', 'RESERVA_LEGAL=sim'})"
0.07557319223985891,"frozenset({'AREA_CONSOLIDADA=sim', 'RESERVA_LEGAL=sim', 'SERVIDAO_ADMINISTRATIVA=sim'})"
0.18562610229276896,"frozenset({'AREA_CONSOLIDADA=sim', 'STATUS=AT', 'RESERVA_LEGAL=sim'})"
0.3281305114638448,"frozenset({'AREA_CONSOLIDADA=sim', 'STATUS=PE', 'RESERVA_LEGAL=sim'})"
0.016137566137566138,"frozenset({'STATUS=SU', 'AREA_CONSOLIDADA=sim', 'RESERVA_LEGAL=sim'})"
0.5284832451499119,"frozenset({'AREA_CONSOLIDADA=sim', 'RESERVA_LEGAL=sim', 'TIPO=IRU'})"
0.4634920634920635,"frozenset({'AREA_CONSOLIDADA=sim', 'UF=PA', 'RESERVA_LEGAL=sim'})"
0.0664021164021164,"frozenset({'AREA_CONSOLIDADA=sim', 'UF=SP', 'RESERVA_LEGAL=sim'})"
0.5268077601410934,"frozenset({'AREA_CONSOLIDADA=sim', 'RESERVA_LEGAL=sim', 'USO_RESTRITO=nao'})"
0.08915343915343915,"frozenset({'AREA_CONSOLIDADA=sim', 'VEGETACAO_NATIVA=nao', 'RESERVA_LEGAL=sim'})"
0.44074074074074077,"frozenset({'AREA_CONSOLIDADA=sim', 'VEGETACAO_NATIVA=sim', 'RESERVA_LEGAL=sim'})"
0.24850088183421518,"frozenset({'SERVIDAO_ADMINISTRATIVA=nao', 'AREA_CONSOLIDADA=sim', 'STATUS=AT'})"
0.544973544973545,"frozenset({'SERVIDAO_ADMINISTRATIVA=nao', 'AREA_CONSOLIDADA=sim', 'STATUS=PE'})"
0.02619047619047619,"frozenset({'STATUS=SU', 'SERVIDAO_ADMINISTRATIVA=nao', 'AREA_CONSOLIDADA=sim'})"
0.8171075837742504,"frozenset({'SERVIDAO_ADMINISTRATIVA=nao', 'AREA_CONSOLIDADA=sim', 'TIPO=IRU'})"
0.7156966490299823,"frozenset({'SERVIDAO_ADMINISTRATIVA=nao', 'AREA_CONSOLIDADA=sim', 'UF=PA'})"
0.10396825396825397,"frozenset({'SERVIDAO_ADMINISTRATIVA=nao', 'AREA_CONSOLIDADA=sim', 'UF=SP'})"
0.8171957671957671,"frozenset({'SERVIDAO_ADMINISTRATIVA=nao', 'AREA_CONSOLIDADA=sim', 'USO_RESTRITO=nao'})"
0.3443562610229277,"frozenset({'SERVIDAO_ADMINISTRATIVA=nao', 'AREA_CONSOLIDADA=sim', 'VEGETACAO_NATIVA=nao'})"
0.47530864197530864,"frozenset({'SERVIDAO_ADMINISTRATIVA=nao', 'AREA_CONSOLIDADA=sim', 'VEGETACAO_NATIVA=sim'})"
0.05485008818342152,"frozenset({'AREA_CONSOLIDADA=sim', 'STATUS=AT', 'SERVIDAO_ADMINISTRATIVA=sim'})"
0.04523809523809524,"frozenset({'AREA_CONSOLIDADA=sim', 'STATUS=PE', 'SERVIDAO_ADMINISTRATIVA=sim'})"
0.104673721340388,"frozenset({'AREA_CONSOLIDADA=sim', 'TIPO=IRU', 'SERVIDAO_ADMINISTRATIVA=sim'})"
0.08174603174603175,"frozenset({'AREA_CONSOLIDADA=sim', 'UF=PA', 'SERVIDAO_ADMINISTRATIVA=sim'})"
0.023015873015873017,"frozenset({'AREA_CONSOLIDADA=sim', 'UF=SP', 'SERVIDAO_ADMINISTRATIVA=sim'})"
0.10388007054673722,"frozenset({'USO_RESTRITO=nao', 'AREA_CONSOLIDADA=sim', 'SERVIDAO_ADMINISTRATIVA=sim'})"
0.021516754850088183,"frozenset({'AREA_CONSOLIDADA=sim', 'VEGETACAO_NATIVA=nao', 'SERVIDAO_ADMINISTRATIVA=sim'})"
0.08324514991181658,"frozenset({'AREA_CONSOLIDADA=sim', 'VEGETACAO_NATIVA=sim', 'SERVIDAO_ADMINISTRATIVA=sim'})"
0.30088183421516757,"frozenset({'AREA_CONSOLIDADA=sim', 'STATUS=AT', 'TIPO=IRU'})"
0.17680776014109348,"frozenset({'AREA_CONSOLIDADA=sim', 'STATUS=AT', 'UF=PA'})"
0.12654320987654322,"frozenset({'AREA_CONSOLIDADA=sim', 'STATUS=AT', 'UF=SP'})"
0.30052910052910053,"frozenset({'AREA_CONSOLIDADA=sim', 'STATUS=AT', 'USO_RESTRITO=nao'})"
0.09514991181657849,"frozenset({'AREA_CONSOLIDADA=sim', 'STATUS=AT', 'VEGETACAO_NATIVA=nao'})"
0.2082010582010582,"frozenset({'AREA_CONSOLIDADA=sim', 'STATUS=AT', 'VEGETACAO_NATIVA=sim'})"
0.5901234567901235,"frozenset({'AREA_CONSOLIDADA=sim', 'STATUS=PE', 'TIPO=IRU'})"
0.5897707231040564,"frozenset({'AREA_CONSOLIDADA=sim', 'STATUS=PE', 'UF=PA'})"
0.58994708994709,"frozenset({'AREA_CONSOLIDADA=sim', 'STATUS=PE', 'USO_RESTRITO=nao'})"
0.2588183421516755,"frozenset({'AREA_CONSOLIDADA=sim', 'VEGETACAO_NATIVA=nao', 'STATUS=PE'})"
0.3313932980599647,"frozenset({'AREA_CONSOLIDADA=sim', 'VEGETACAO_NATIVA=sim', 'STATUS=PE'})"
0.03077601410934744,"frozenset({'STATUS=SU', 'AREA_CONSOLIDADA=sim', 'TIPO=IRU'})"
0.030864197530864196,"frozenset({'STATUS=SU', 'AREA_CONSOLIDADA=sim', 'UF=PA'})"
0.030599647266313933,"frozenset({'STATUS=SU', 'AREA_CONSOLIDADA=sim', 'USO_RESTRITO=nao'})"
0.011904761904761904,"frozenset({'STATUS=SU', 'AREA_CONSOLIDADA=sim', 'VEGETACAO_NATIVA=nao'})"
0.01895943562610229,"frozenset({'STATUS=SU', 'AREA_CONSOLIDADA=sim', 'VEGETACAO_NATIVA=sim'})"
0.7948853615520283,"frozenset({'AREA_CONSOLIDADA=sim', 'UF=PA', 'TIPO=IRU'})"
0.12689594356261022,"frozenset({'AREA_CONSOLIDADA=sim', 'UF=SP', 'TIPO=IRU'})"
0.9184303350970018,"frozenset({'AREA_CONSOLIDADA=sim', 'TIPO=IRU', 'USO_RESTRITO=nao'})"
0.36490299823633154,"frozenset({'AREA_CONSOLIDADA=sim', 'VEGETACAO_NATIVA=nao', 'TIPO=IRU'})"
0.5568783068783069,"frozenset({'AREA_CONSOLIDADA=sim', 'VEGETACAO_NATIVA=sim', 'TIPO=IRU'})"
0.7962962962962963,"frozenset({'AREA_CONSOLIDADA=sim', 'UF=PA', 'USO_RESTRITO=nao'})"
0.3321869488536155,"frozenset({'AREA_CONSOLIDADA=sim', 'VEGETACAO_NATIVA=nao', 'UF=PA'})"
0.4652557319223986,"frozenset({'AREA_CONSOLIDADA=sim', 'VEGETACAO_NATIVA=sim', 'UF=PA'})"
0.1247795414462081,"frozenset({'AREA_CONSOLIDADA=sim', 'UF=SP', 'USO_RESTRITO=nao'})"
0.03368606701940035,"frozenset({'AREA_CONSOLIDADA=sim', 'VEGETACAO_NATIVA=nao', 'UF=SP'})"
0.09329805996472663,"frozenset({'AREA_CONSOLIDADA=sim', 'VEGETACAO_NATIVA=sim', 'UF=SP'})"
0.3656966490299824,"frozenset({'AREA_CONSOLIDADA=sim', 'VEGETACAO_NATIVA=nao', 'USO_RESTRITO=nao'})"
0.555379188712522,"frozenset({'AREA_CONSOLIDADA=sim', 'VEGETACAO_NATIVA=sim', 'USO_RESTRITO=nao'})"
0.11966490299823633,"frozenset({'HIDROGRAFIA=nao', 'AREA_POUSIO=nao', 'MOD_FISCAL=1-4 módulos'})"
0.014814814814814815,"frozenset({'HIDROGRAFIA=nao', 'AREA_POUSIO=nao', 'MOD_FISCAL=4-10 módulos'})"
0.30776014109347444,"frozenset({'HIDROGRAFIA=nao', 'AREA_POUSIO=nao', 'MOD_FISCAL=<1 módulo'})"
0.011552028218694886,"frozenset({'HIDROGRAFIA=nao', 'AREA_POUSIO=nao', 'MOD_FISCAL=>=10 módulos'})"
0.051587301587301584,"frozenset({'HIDROGRAFIA=nao', 'AREA_POUSIO=nao', 'MUNICIPIO=Presidente Prudente'})"
0.4022045855379189,"frozenset({'MUNICIPIO=São Félix do Xingu', 'AREA_POUSIO=nao', 'HIDROGRAFIA=nao'})"
0.2373015873015873,"frozenset({'HIDROGRAFIA=nao', 'RESERVA_LEGAL=nao', 'AREA_POUSIO=nao'})"
0.21649029982363316,"frozenset({'HIDROGRAFIA=nao', 'AREA_POUSIO=nao', 'RESERVA_LEGAL=sim'})"
0.4379188712522046,"frozenset({'HIDROGRAFIA=nao', 'AREA_POUSIO=nao', 'SERVIDAO_ADMINISTRATIVA=nao'})"
0.015873015873015872,"frozenset({'HIDROGRAFIA=nao', 'AREA_POUSIO=nao', 'SERVIDAO_ADMINISTRATIVA=sim'})"
0.12037037037037036,"frozenset({'HIDROGRAFIA=nao', 'AREA_POUSIO=nao', 'STATUS=AT'})"
0.32134038800705467,"frozenset({'HIDROGRAFIA=nao', 'AREA_POUSIO=nao', 'STATUS=PE'})"
0.012081128747795414,"frozenset({'HIDROGRAFIA=nao', 'AREA_POUSIO=nao', 'STATUS=SU'})"
0.4527336860670194,"frozenset({'HIDROGRAFIA=nao', 'AREA_POUSIO=nao', 'TIPO=IRU'})"
0.4022045855379189,"frozenset({'HIDROGRAFIA=nao', 'AREA_POUSIO=nao', 'UF=PA'})"
0.051587301587301584,"frozenset({'HIDROGRAFIA=nao', 'AREA_POUSIO=nao', 'UF=SP'})"
0.45308641975308644,"frozenset({'HIDROGRAFIA=nao', 'AREA_POUSIO=nao', 'USO_RESTRITO=nao'})"
0.24188712522045855,"frozenset({'HIDROGRAFIA=nao', 'AREA_POUSIO=nao', 'VEGETACAO_NATIVA=nao'})"
0.2119047619047619,"frozenset({'HIDROGRAFIA=nao', 'AREA_POUSIO=nao', 'VEGETACAO_NATIVA=sim'})"
0.21040564373897708,"frozenset({'MOD_FISCAL=1-4 módulos', 'AREA_POUSIO=nao', 'HIDROGRAFIA=sim'})"
0.04250440917107584,"frozenset({'AREA_POUSIO=nao', 'HIDROGRAFIA=sim', 'MOD_FISCAL=4-10 módulos'})"
0.22592592592592592,"frozenset({'AREA_POUSIO=nao', 'MOD_FISCAL=<1 módulo', 'HIDROGRAFIA=sim'})"
0.06172839506172839,"frozenset({'AREA_POUSIO=nao', 'MOD_FISCAL=>=10 módulos', 'HIDROGRAFIA=sim'})"
0.09858906525573193,"frozenset({'AREA_POUSIO=nao', 'HIDROGRAFIA=sim', 'MUNICIPIO=Presidente Prudente'})"
0.4419753086419753,"frozenset({'MUNICIPIO=São Félix do Xingu', 'AREA_POUSIO=nao', 'HIDROGRAFIA=sim'})"
0.195679012345679,"frozenset({'AREA_POUSIO=nao', 'HIDROGRAFIA=sim', 'RESERVA_LEGAL=nao'})"
0.3448853615520282,"frozenset({'AREA_POUSIO=nao', 'HIDROGRAFIA=sim', 'RESERVA_LEGAL=sim'})"
0.4470899470899471,"frozenset({'AREA_POUSIO=nao', 'HIDROGRAFIA=sim', 'SERVIDAO_ADMINISTRATIVA=nao'})"
0.09347442680776014,"frozenset({'AREA_POUSIO=nao', 'HIDROGRAFIA=sim', 'SERVIDAO_ADMINISTRATIVA=sim'})"
0.21878306878306877,"frozenset({'STATUS=AT', 'AREA_POUSIO=nao', 'HIDROGRAFIA=sim'})"
0.3007936507936508,"frozenset({'AREA_POUSIO=nao', 'HIDROGRAFIA=sim', 'STATUS=PE'})"
0.020987654320987655,"frozenset({'STATUS=SU', 'AREA_POUSIO=nao', 'HIDROGRAFIA=sim'})"
0.5395061728395062,"frozenset({'AREA_POUSIO=nao', 'HIDROGRAFIA=sim', 'TIPO=IRU'})"
0.4419753086419753,"frozenset({'AREA_POUSIO=nao', 'HIDROGRAFIA=sim', 'UF=PA'})"
0.09858906525573193,"frozenset({'AREA_POUSIO=nao', 'HIDROGRAFIA=sim', 'UF=SP'})"
0.5375661375661376,"frozenset({'AREA_POUSIO=nao', 'HIDROGRAFIA=sim', 'USO_RESTRITO=nao'})"
0.16040564373897706,"frozenset({'AREA_POUSIO=nao', 'HIDROGRAFIA=sim', 'VEGETACAO_NATIVA=nao'})"
0.38015873015873014,"frozenset({'AREA_POUSIO=nao', 'HIDROGRAFIA=sim', 'VEGETACAO_NATIVA=sim'})"
0.0335978835978836,"frozenset({'MOD_FISCAL=1-4 módulos', 'AREA_POUSIO=nao', 'MUNICIPIO=Presidente Prudente'})"
0.2964726631393298,"frozenset({'MUNICIPIO=São Félix do Xingu', 'AREA_POUSIO=nao', 'MOD_FISCAL=1-4 módulos'})"
0.11649029982363315,"frozenset({'MOD_FISCAL=1-4 módulos', 'AREA_POUSIO=nao', 'RESERVA_LEGAL=nao'})"
0.21358024691358024,"frozenset({'MOD_FISCAL=1-4 módulos', 'AREA_POUSIO=nao', 'RESERVA_LEGAL=sim'})"
0.2884479717813051,"frozenset({'MOD_FISCAL=1-4 módulos', 'AREA_POUSIO=nao', 'SERVIDAO_ADMINISTRATIVA=nao'})"
0.04162257495590829,"frozenset({'MOD_FISCAL=1-4 módulos', 'AREA_POUSIO=nao', 'SERVIDAO_ADMINISTRATIVA=sim'})"
0.09373897707231041,"frozenset({'MOD_FISCAL=1-4 módulos', 'AREA_POUSIO=nao', 'STATUS=AT'})"
0.22081128747795414,"frozenset({'MOD_FISCAL=1-4 módulos', 'AREA_POUSIO=nao', 'STATUS=PE'})"
0.015520282186948854,"frozenset({'MOD_FISCAL=1-4 módulos', 'AREA_POUSIO=nao', 'STATUS=SU'})"
0.3297178130511464,"frozenset({'MOD_FISCAL=1-4 módulos', 'AREA_POUSIO=nao', 'TIPO=IRU'})"
0.2964726631393298,"frozenset({'MOD_FISCAL=1-4 módulos', 'AREA_POUSIO=nao', 'UF=PA'})"
0.0335978835978836,"frozenset({'MOD_FISCAL=1-4 módulos', 'AREA_POUSIO=nao', 'UF=SP'})"
0.32936507936507936,"frozenset({'MOD_FISCAL=1-4 módulos', 'AREA_POUSIO=nao', 'USO_RESTRITO=nao'})"
0.10458553791887125,"frozenset({'MOD_FISCAL=1-4 módulos', 'AREA_POUSIO=nao', 'VEGETACAO_NATIVA=nao'})"
0.22548500881834216,"frozenset({'MOD_FISCAL=1-4 módulos', 'AREA_POUSIO=nao', 'VEGETACAO_NATIVA=sim'})"
0.052116402116402116,"frozenset({'MUNICIPIO=São Félix do Xingu', 'AREA_POUSIO=nao', 'MOD_FISCAL=4-10 módulos'})"
0.014285714285714285,"frozenset({'AREA_POUSIO=nao', 'MOD_FISCAL=4-10 módulos', 'RESERVA_LEGAL=nao'})"
0.043033509700176366,"frozenset({'AREA_POUSIO=nao', 'MOD_FISCAL=4-10 módulos', 'RESERVA_LEGAL=sim'})"
0.04673721340388007,"frozenset({'AREA_POUSIO=nao', 'MOD_FISCAL=4-10 módulos', 'SERVIDAO_ADMINISTRATIVA=nao'})"
0.010582010582010581,"frozenset({'AREA_POUSIO=nao', 'MOD_FISCAL=4-10 módulos', 'SERVIDAO_ADMINISTRATIVA=sim'})"
0.018871252204585538,"frozenset({'STATUS=AT', 'AREA_POUSIO=nao', 'MOD_FISCAL=4-10 módulos'})"
0.032451499118165784,"frozenset({'AREA_POUSIO=nao', 'MOD_FISCAL=4-10 módulos', 'STATUS=PE'})"
0.05731922398589065,"frozenset({'AREA_POUSIO=nao', 'MOD_FISCAL=4-10 módulos', 'TIPO=IRU'})"
0.052116402116402116,"frozenset({'AREA_POUSIO=nao', 'MOD_FISCAL=4-10 módulos', 'UF=PA'})"
0.05714285714285714,"frozenset({'AREA_POUSIO=nao', 'MOD_FISCAL=4-10 módulos', 'USO_RESTRITO=nao'})"
0.014462081128747795,"frozenset({'AREA_POUSIO=nao', 'MOD_FISCAL=4-10 módulos', 'VEGETACAO_NATIVA=nao'})"
0.04285714285714286,"frozenset({'AREA_POUSIO=nao', 'MOD_FISCAL=4-10 módulos', 'VEGETACAO_NATIVA=sim'})"
0.10952380952380952,"frozenset({'AREA_POUSIO=nao', 'MOD_FISCAL=<1 módulo', 'MUNICIPIO=Presidente Prudente'})"
0.42416225749559083,"frozenset({'MUNICIPIO=São Félix do Xingu', 'AREA_POUSIO=nao', 'MOD_FISCAL=<1 módulo'})"
0.2912698412698413,"frozenset({'AREA_POUSIO=nao', 'MOD_FISCAL=<1 módulo', 'RESERVA_LEGAL=nao'})"
0.2424162257495591,"frozenset({'AREA_POUSIO=nao', 'MOD_FISCAL=<1 módulo', 'RESERVA_LEGAL=sim'})"
0.4976190476190476,"frozenset({'AREA_POUSIO=nao', 'MOD_FISCAL=<1 módulo', 'SERVIDAO_ADMINISTRATIVA=nao'})"
0.036067019400352736,"frozenset({'AREA_POUSIO=nao', 'MOD_FISCAL=<1 módulo', 'SERVIDAO_ADMINISTRATIVA=sim'})"
0.19320987654320987,"frozenset({'AREA_POUSIO=nao', 'MOD_FISCAL=<1 módulo', 'STATUS=AT'})"
0.33562610229276896,"frozenset({'AREA_POUSIO=nao', 'MOD_FISCAL=<1 módulo', 'STATUS=PE'})"
0.5329805996472663,"frozenset({'AREA_POUSIO=nao', 'MOD_FISCAL=<1 módulo', 'TIPO=IRU'})"
0.42416225749559083,"frozenset({'AREA_POUSIO=nao', 'MOD_FISCAL=<1 módulo', 'UF=PA'})"
0.10952380952380952,"frozenset({'AREA_POUSIO=nao', 'MOD_FISCAL=<1 módulo', 'UF=SP'})"
0.5315696649029983,"frozenset({'AREA_POUSIO=nao', 'MOD_FISCAL=<1 módulo', 'USO_RESTRITO=nao'})"
0.27116402116402116,"frozenset({'AREA_POUSIO=nao', 'MOD_FISCAL=<1 módulo', 'VEGETACAO_NATIVA=nao'})"
0.2625220458553792,"frozenset({'AREA_POUSIO=nao', 'MOD_FISCAL=<1 módulo', 'VEGETACAO_NATIVA=sim'})"
0.07142857142857142,"frozenset({'MUNICIPIO=São Félix do Xingu', 'AREA_POUSIO=nao', 'MOD_FISCAL=>=10 módulos'})"
0.010934744268077601,"frozenset({'AREA_POUSIO=nao', 'MOD_FISCAL=>=10 módulos', 'RESERVA_LEGAL=nao'})"
0.06234567901234568,"frozenset({'AREA_POUSIO=nao', 'MOD_FISCAL=>=10 módulos', 'RESERVA_LEGAL=sim'})"
0.052204585537918874,"frozenset({'AREA_POUSIO=nao', 'MOD_FISCAL=>=10 módulos', 'SERVIDAO_ADMINISTRATIVA=nao'})"
0.02107583774250441,"frozenset({'AREA_POUSIO=nao', 'MOD_FISCAL=>=10 módulos', 'SERVIDAO_ADMINISTRATIVA=sim'})"
0.03333333333333333,"frozenset({'AREA_POUSIO=nao', 'MOD_FISCAL=>=10 módulos', 'STATUS=AT'})"
0.033245149911816575,"frozenset({'AREA_POUSIO=nao', 'MOD_FISCAL=>=10 módulos', 'STATUS=PE'})"
0.07222222222222222,"frozenset({'AREA_POUSIO=nao', 'MOD_FISCAL=>=10 módulos', 'TIPO=IRU'})"
0.07142857142857142,"frozenset({'AREA_POUSIO=nao', 'MOD_FISCAL=>=10 módulos', 'UF=PA'})"
0.07257495590828925,"frozenset({'AREA_POUSIO=nao', 'MOD_FISCAL=>=10 módulos', 'USO_RESTRITO=nao'})"
0.012081128747795414,"frozenset({'AREA_POUSIO=nao', 'MOD_FISCAL=>=10 módulos', 'VEGETACAO_NATIVA=nao'})"
0.06119929453262787,"frozenset({'AREA_POUSIO=nao', 'MOD_FISCAL=>=10 módulos', 'VEGETACAO_NATIVA=sim'})"
0.07936507936507936,"frozenset({'AREA_POUSIO=nao', 'RESERVA_LEGAL=nao', 'MUNICIPIO=Presidente Prudente'})"
0.07081128747795415,"frozenset({'AREA_POUSIO=nao', 'MUNICIPIO=Presidente Prudente', 'RESERVA_LEGAL=sim'})"
0.12345679012345678,"frozenset({'AREA_POUSIO=nao', 'MUNICIPIO=Presidente Prudente', 'SERVIDAO_ADMINISTRATIVA=nao'})"
0.02671957671957672,"frozenset({'AREA_POUSIO=nao', 'MUNICIPIO=Presidente Prudente', 'SERVIDAO_ADMINISTRATIVA=sim'})"
0.14973544973544972,"frozenset({'AREA_POUSIO=nao', 'STATUS=AT', 'MUNICIPIO=Presidente Prudente'})"
0.15008818342151675,"frozenset({'AREA_POUSIO=nao', 'MUNICIPIO=Presidente Prudente', 'TIPO=IRU'})"
0.1501763668430335,"frozenset({'AREA_POUSIO=nao', 'UF=SP', 'MUNICIPIO=Presidente Prudente'})"
0.14753086419753086,"frozenset({'AREA_POUSIO=nao', 'MUNICIPIO=Presidente Prudente', 'USO_RESTRITO=nao'})"
0.046825396825396826,"frozenset({'AREA_POUSIO=nao', 'VEGETACAO_NATIVA=nao', 'MUNICIPIO=Presidente Prudente'})"
0.10335097001763668,"frozenset({'AREA_POUSIO=nao', 'VEGETACAO_NATIVA=sim', 'MUNICIPIO=Presidente Prudente'})"
0.35361552028218696,"frozenset({'MUNICIPIO=São Félix do Xingu', 'AREA_POUSIO=nao', 'RESERVA_LEGAL=nao'})"
0.49056437389770724,"frozenset({'MUNICIPIO=São Félix do Xingu', 'AREA_POUSIO=nao', 'RESERVA_LEGAL=sim'})"
0.7615520282186948,"frozenset({'MUNICIPIO=São Félix do Xingu', 'AREA_POUSIO=nao', 'SERVIDAO_ADMINISTRATIVA=nao'})"
0.0826278659611993,"frozenset({'MUNICIPIO=São Félix do Xingu', 'AREA_POUSIO=nao', 'SERVIDAO_ADMINISTRATIVA=sim'})"
0.18941798941798943,"frozenset({'MUNICIPIO=São Félix do Xingu', 'AREA_POUSIO=nao', 'STATUS=AT'})"
0.6216931216931217,"frozenset({'MUNICIPIO=São Félix do Xingu', 'AREA_POUSIO=nao', 'STATUS=PE'})"
0.03306878306878307,"frozenset({'MUNICIPIO=São Félix do Xingu', 'AREA_POUSIO=nao', 'STATUS=SU'})"
0.8421516754850088,"frozenset({'MUNICIPIO=São Félix do Xingu', 'AREA_POUSIO=nao', 'TIPO=IRU'})"
0.8441798941798941,"frozenset({'MUNICIPIO=São Félix do Xingu', 'AREA_POUSIO=nao', 'UF=PA'})"
0.8431216931216932,"frozenset({'MUNICIPIO=São Félix do Xingu', 'AREA_POUSIO=nao', 'USO_RESTRITO=nao'})"
0.3554673721340388,"frozenset({'MUNICIPIO=São Félix do Xingu', 'AREA_POUSIO=nao', 'VEGETACAO_NATIVA=nao'})"
0.48871252204585536,"frozenset({'MUNICIPIO=São Félix do Xingu', 'AREA_POUSIO=nao', 'VEGETACAO_NATIVA=sim'})"
0.4007936507936508,"frozenset({'AREA_POUSIO=nao', 'RESERVA_LEGAL=nao', 'SERVIDAO_ADMINISTRATIVA=nao'})"
0.03218694885361552,"frozenset({'AREA_POUSIO=nao', 'RESERVA_LEGAL=nao', 'SERVIDAO_ADMINISTRATIVA=sim'})"
0.14091710758377424,"frozenset({'AREA_POUSIO=nao', 'STATUS=AT', 'RESERVA_LEGAL=nao'})"
0.27627865961199294,"frozenset({'AREA_POUSIO=nao', 'RESERVA_LEGAL=nao', 'STATUS=PE'})"
0.015784832451499118,"frozenset({'STATUS=SU', 'AREA_POUSIO=nao', 'RESERVA_LEGAL=nao'})"
0.431657848324515,"frozenset({'AREA_POUSIO=nao', 'RESERVA_LEGAL=nao', 'TIPO=IRU'})"
0.35361552028218696,"frozenset({'AREA_POUSIO=nao', 'RESERVA_LEGAL=nao', 'UF=PA'})"
0.07936507936507936,"frozenset({'AREA_POUSIO=nao', 'RESERVA_LEGAL=nao', 'UF=SP'})"
0.43236331569664904,"frozenset({'AREA_POUSIO=nao', 'RESERVA_LEGAL=nao', 'USO_RESTRITO=nao'})"
0.3028218694885362,"frozenset({'AREA_POUSIO=nao', 'RESERVA_LEGAL=nao', 'VEGETACAO_NATIVA=nao'})"
0.13015873015873017,"frozenset({'AREA_POUSIO=nao', 'VEGETACAO_NATIVA=sim', 'RESERVA_LEGAL=nao'})"
0.48421516754850086,"frozenset({'SERVIDAO_ADMINISTRATIVA=nao', 'AREA_POUSIO=nao', 'RESERVA_LEGAL=sim'})"
0.07716049382716049,"frozenset({'AREA_POUSIO=nao', 'RESERVA_LEGAL=sim', 'SERVIDAO_ADMINISTRATIVA=sim'})"
0.19823633156966491,"frozenset({'AREA_POUSIO=nao', 'STATUS=AT', 'RESERVA_LEGAL=sim'})"
0.3458553791887125,"frozenset({'AREA_POUSIO=nao', 'STATUS=PE', 'RESERVA_LEGAL=sim'})"
0.01728395061728395,"frozenset({'STATUS=SU', 'AREA_POUSIO=nao', 'RESERVA_LEGAL=sim'})"
0.5605820105820106,"frozenset({'AREA_POUSIO=nao', 'RESERVA_LEGAL=sim', 'TIPO=IRU'})"
0.49056437389770724,"frozenset({'AREA_POUSIO=nao', 'UF=PA', 'RESERVA_LEGAL=sim'})"
0.07081128747795415,"frozenset({'AREA_POUSIO=nao', 'UF=SP', 'RESERVA_LEGAL=sim'})"
0.558289241622575,"frozenset({'AREA_POUSIO=nao', 'RESERVA_LEGAL=sim', 'USO_RESTRITO=nao'})"
0.09947089947089947,"frozenset({'AREA_POUSIO=nao', 'VEGETACAO_NATIVA=nao', 'RESERVA_LEGAL=sim'})"
0.46190476190476193,"frozenset({'AREA_POUSIO=nao', 'VEGETACAO_NATIVA=sim', 'RESERVA_LEGAL=sim'})"
0.28015873015873016,"frozenset({'AREA_POUSIO=nao', 'STATUS=AT', 'SERVIDAO_ADMINISTRATIVA=nao'})"
0.5764550264550264,"frozenset({'AREA_POUSIO=nao', 'STATUS=PE', 'SERVIDAO_ADMINISTRATIVA=nao'})"
0.028395061728395062,"frozenset({'STATUS=SU', 'AREA_POUSIO=nao', 'SERVIDAO_ADMINISTRATIVA=nao'})"
0.8829805996472663,"frozenset({'SERVIDAO_ADMINISTRATIVA=nao', 'AREA_POUSIO=nao', 'TIPO=IRU'})"
0.7615520282186948,"frozenset({'AREA_POUSIO=nao', 'UF=PA', 'SERVIDAO_ADMINISTRATIVA=nao'})"
0.12345679012345678,"frozenset({'AREA_POUSIO=nao', 'UF=SP', 'SERVIDAO_ADMINISTRATIVA=nao'})"
0.882363315696649,"frozenset({'AREA_POUSIO=nao', 'SERVIDAO_ADMINISTRATIVA=nao', 'USO_RESTRITO=nao'})"
0.37839506172839504,"frozenset({'AREA_POUSIO=nao', 'VEGETACAO_NATIVA=nao', 'SERVIDAO_ADMINISTRATIVA=nao'})"
0.5066137566137566,"frozenset({'AREA_POUSIO=nao', 'VEGETACAO_NATIVA=sim', 'SERVIDAO_ADMINISTRATIVA=nao'})"
0.058994708994708996,"frozenset({'AREA_POUSIO=nao', 'STATUS=AT', 'SERVIDAO_ADMINISTRATIVA=sim'})"
0.04567901234567901,"frozenset({'AREA_POUSIO=nao', 'STATUS=PE', 'SERVIDAO_ADMINISTRATIVA=sim'})"
0.10925925925925926,"frozenset({'AREA_POUSIO=nao', 'TIPO=IRU', 'SERVIDAO_ADMINISTRATIVA=sim'})"
0.0826278659611993,"frozenset({'AREA_POUSIO=nao', 'UF=PA', 'SERVIDAO_ADMINISTRATIVA=sim'})"
0.02671957671957672,"frozenset({'AREA_POUSIO=nao', 'UF=SP', 'SERVIDAO_ADMINISTRATIVA=sim'})"
0.10828924162257496,"frozenset({'USO_RESTRITO=nao', 'AREA_POUSIO=nao', 'SERVIDAO_ADMINISTRATIVA=sim'})"
0.023897707231040566,"frozenset({'AREA_POUSIO=nao', 'VEGETACAO_NATIVA=nao', 'SERVIDAO_ADMINISTRATIVA=sim'})"
0.08544973544973546,"frozenset({'AREA_POUSIO=nao', 'VEGETACAO_NATIVA=sim', 'SERVIDAO_ADMINISTRATIVA=sim'})"
0.33721340388007054,"frozenset({'AREA_POUSIO=nao', 'STATUS=AT', 'TIPO=IRU'})"
0.18941798941798943,"frozenset({'AREA_POUSIO=nao', 'STATUS=AT', 'UF=PA'})"
0.14973544973544972,"frozenset({'AREA_POUSIO=nao', 'STATUS=AT', 'UF=SP'})"
0.3358906525573192,"frozenset({'AREA_POUSIO=nao', 'STATUS=AT', 'USO_RESTRITO=nao'})"
0.11252204585537919,"frozenset({'AREA_POUSIO=nao', 'STATUS=AT', 'VEGETACAO_NATIVA=nao'})"
0.22663139329805995,"frozenset({'AREA_POUSIO=nao', 'STATUS=AT', 'VEGETACAO_NATIVA=sim'})"
0.6220458553791887,"frozenset({'AREA_POUSIO=nao', 'STATUS=PE', 'TIPO=IRU'})"
0.6216931216931217,"frozenset({'AREA_POUSIO=nao', 'STATUS=PE', 'UF=PA'})"
0.6219576719576719,"frozenset({'AREA_POUSIO=nao', 'STATUS=PE', 'USO_RESTRITO=nao'})"
0.2768077601410935,"frozenset({'AREA_POUSIO=nao', 'VEGETACAO_NATIVA=nao', 'STATUS=PE'})"
0.345326278659612,"frozenset({'AREA_POUSIO=nao', 'VEGETACAO_NATIVA=sim', 'STATUS=PE'})"
0.032980599647266316,"frozenset({'STATUS=SU', 'AREA_POUSIO=nao', 'TIPO=IRU'})"
0.03306878306878307,"frozenset({'STATUS=SU', 'AREA_POUSIO=nao', 'UF=PA'})"
0.0328042328042328,"frozenset({'STATUS=SU', 'AREA_POUSIO=nao', 'USO_RESTRITO=nao'})"
0.012962962962962963,"frozenset({'STATUS=SU', 'AREA_POUSIO=nao', 'VEGETACAO_NATIVA=nao'})"
0.020105820105820106,"frozenset({'STATUS=SU', 'AREA_POUSIO=nao', 'VEGETACAO_NATIVA=sim'})"
0.8421516754850088,"frozenset({'AREA_POUSIO=nao', 'UF=PA', 'TIPO=IRU'})"
0.15008818342151675,"frozenset({'AREA_POUSIO=nao', 'UF=SP', 'TIPO=IRU'})"
0.9885361552028219,"frozenset({'AREA_POUSIO=nao', 'TIPO=IRU', 'USO_RESTRITO=nao'})"
0.4012345679012346,"frozenset({'AREA_POUSIO=nao', 'VEGETACAO_NATIVA=nao', 'TIPO=IRU'})"
0.591005291005291,"frozenset({'AREA_POUSIO=nao', 'VEGETACAO_NATIVA=sim', 'TIPO=IRU'})"
0.8431216931216932,"frozenset({'AREA_POUSIO=nao', 'UF=PA', 'USO_RESTRITO=nao'})"
0.3554673721340388,"frozenset({'AREA_POUSIO=nao', 'VEGETACAO_NATIVA=nao', 'UF=PA'})"
0.48871252204585536,"frozenset({'AREA_POUSIO=nao', 'VEGETACAO_NATIVA=sim', 'UF=PA'})"
0.14753086419753086,"frozenset({'AREA_POUSIO=nao', 'UF=SP', 'USO_RESTRITO=nao'})"
0.046825396825396826,"frozenset({'AREA_POUSIO=nao', 'VEGETACAO_NATIVA=nao', 'UF=SP'})"
0.10335097001763668,"frozenset({'AREA_POUSIO=nao', 'VEGETACAO_NATIVA=sim', 'UF=SP'})"
0.40194003527336863,"frozenset({'AREA_POUSIO=nao', 'VEGETACAO_NATIVA=nao', 'USO_RESTRITO=nao'})"
0.5887125220458553,"frozenset({'AREA_POUSIO=nao', 'VEGETACAO_NATIVA=sim', 'USO_RESTRITO=nao'})"
0.11569664902998236,"frozenset({'MUNICIPIO=São Félix do Xingu', 'HIDROGRAFIA=nao', 'MOD_FISCAL=1-4 módulos'})"
0.0455026455026455,"frozenset({'HIDROGRAFIA=nao', 'RESERVA_LEGAL=nao', 'MOD_FISCAL=1-4 módulos'})"
0.07442680776014109,"frozenset({'HIDROGRAFIA=nao', 'RESERVA_LEGAL=sim', 'MOD_FISCAL=1-4 módulos'})"
0.1156084656084656,"frozenset({'HIDROGRAFIA=nao', 'SERVIDAO_ADMINISTRATIVA=nao', 'MOD_FISCAL=1-4 módulos'})"
0.01984126984126984,"frozenset({'HIDROGRAFIA=nao', 'STATUS=AT', 'MOD_FISCAL=1-4 módulos'})"
0.09382716049382717,"frozenset({'HIDROGRAFIA=nao', 'STATUS=PE', 'MOD_FISCAL=1-4 módulos'})"
0.11992945326278659,"frozenset({'HIDROGRAFIA=nao', 'TIPO=IRU', 'MOD_FISCAL=1-4 módulos'})"
0.11569664902998236,"frozenset({'HIDROGRAFIA=nao', 'UF=PA', 'MOD_FISCAL=1-4 módulos'})"
0.11975308641975309,"frozenset({'HIDROGRAFIA=nao', 'USO_RESTRITO=nao', 'MOD_FISCAL=1-4 módulos'})"
0.047619047619047616,"frozenset({'HIDROGRAFIA=nao', 'VEGETACAO_NATIVA=nao', 'MOD_FISCAL=1-4 módulos'})"
0.07231040564373897,"frozenset({'HIDROGRAFIA=nao', 'VEGETACAO_NATIVA=sim', 'MOD_FISCAL=1-4 módulos'})"
0.01472663139329806,"frozenset({'MUNICIPIO=São Félix do Xingu', 'HIDROGRAFIA=nao', 'MOD_FISCAL=4-10 módulos'})"
0.010141093474426807,"frozenset({'HIDROGRAFIA=nao', 'MOD_FISCAL=4-10 módulos', 'RESERVA_LEGAL=sim'})"
0.014373897707231041,"frozenset({'HIDROGRAFIA=nao', 'SERVIDAO_ADMINISTRATIVA=nao', 'MOD_FISCAL=4-10 módulos'})"
0.010846560846560847,"frozenset({'HIDROGRAFIA=nao', 'MOD_FISCAL=4-10 módulos', 'STATUS=PE'})"
0.014814814814814815,"frozenset({'HIDROGRAFIA=nao', 'MOD_FISCAL=4-10 módulos', 'TIPO=IRU'})"
0.01472663139329806,"frozenset({'HIDROGRAFIA=nao', 'MOD_FISCAL=4-10 módulos', 'UF=PA'})"
0.014814814814814815,"frozenset({'HIDROGRAFIA=nao', 'MOD_FISCAL=4-10 módulos', 'USO_RESTRITO=nao'})"
0.04717813051146384,"frozenset({'HIDROGRAFIA=nao', 'MOD_FISCAL=<1 módulo', 'MUNICIPIO=Presidente Prudente'})"
0.2626102292768959,"frozenset({'MUNICIPIO=São Félix do Xingu', 'MOD_FISCAL=<1 módulo', 'HIDROGRAFIA=nao'})"
0.18403880070546738,"frozenset({'HIDROGRAFIA=nao', 'RESERVA_LEGAL=nao', 'MOD_FISCAL=<1 módulo'})"
0.12574955908289243,"frozenset({'HIDROGRAFIA=nao', 'MOD_FISCAL=<1 módulo', 'RESERVA_LEGAL=sim'})"
0.29894179894179895,"frozenset({'HIDROGRAFIA=nao', 'SERVIDAO_ADMINISTRATIVA=nao', 'MOD_FISCAL=<1 módulo'})"
0.010846560846560847,"frozenset({'HIDROGRAFIA=nao', 'MOD_FISCAL=<1 módulo', 'SERVIDAO_ADMINISTRATIVA=sim'})"
0.09462081128747796,"frozenset({'HIDROGRAFIA=nao', 'MOD_FISCAL=<1 módulo', 'STATUS=AT'})"
0.21243386243386245,"frozenset({'HIDROGRAFIA=nao', 'MOD_FISCAL=<1 módulo', 'STATUS=PE'})"
0.3097883597883598,"frozenset({'HIDROGRAFIA=nao', 'MOD_FISCAL=<1 módulo', 'TIPO=IRU'})"
0.2626102292768959,"frozenset({'HIDROGRAFIA=nao', 'MOD_FISCAL=<1 módulo', 'UF=PA'})"
0.04717813051146384,"frozenset({'HIDROGRAFIA=nao', 'MOD_FISCAL=<1 módulo', 'UF=SP'})"
0.309347442680776,"frozenset({'HIDROGRAFIA=nao', 'MOD_FISCAL=<1 módulo', 'USO_RESTRITO=nao'})"
0.1855379188712522,"frozenset({'HIDROGRAFIA=nao', 'MOD_FISCAL=<1 módulo', 'VEGETACAO_NATIVA=nao'})"
0.12425044091710759,"frozenset({'HIDROGRAFIA=nao', 'MOD_FISCAL=<1 módulo', 'VEGETACAO_NATIVA=sim'})"
0.011375661375661376,"frozenset({'MUNICIPIO=São Félix do Xingu', 'MOD_FISCAL=>=10 módulos', 'HIDROGRAFIA=nao'})"
0.011111111111111112,"frozenset({'HIDROGRAFIA=nao', 'SERVIDAO_ADMINISTRATIVA=nao', 'MOD_FISCAL=>=10 módulos'})"
0.010493827160493827,"frozenset({'HIDROGRAFIA=nao', 'MOD_FISCAL=>=10 módulos', 'TIPO=IRU'})"
0.011375661375661376,"frozenset({'HIDROGRAFIA=nao', 'MOD_FISCAL=>=10 módulos', 'UF=PA'})"
0.01146384479717813,"frozenset({'HIDROGRAFIA=nao', 'MOD_FISCAL=>=10 módulos', 'USO_RESTRITO=nao'})"
0.03977072310405644,"frozenset({'HIDROGRAFIA=nao', 'RESERVA_LEGAL=nao', 'MUNICIPIO=Presidente Prudente'})"
0.011904761904761904,"frozenset({'HIDROGRAFIA=nao', 'MUNICIPIO=Presidente Prudente', 'RESERVA_LEGAL=sim'})"
0.045149911816578486,"frozenset({'HIDROGRAFIA=nao', 'SERVIDAO_ADMINISTRATIVA=nao', 'MUNICIPIO=Presidente Prudente'})"
0.051499118165784834,"frozenset({'HIDROGRAFIA=nao', 'STATUS=AT', 'MUNICIPIO=Presidente Prudente'})"
0.05167548500881834,"frozenset({'HIDROGRAFIA=nao', 'MUNICIPIO=Presidente Prudente', 'TIPO=IRU'})"
0.05167548500881834,"frozenset({'HIDROGRAFIA=nao', 'MUNICIPIO=Presidente Prudente', 'UF=SP'})"
0.05105820105820106,"frozenset({'HIDROGRAFIA=nao', 'MUNICIPIO=Presidente Prudente', 'USO_RESTRITO=nao'})"
0.03218694885361552,"frozenset({'HIDROGRAFIA=nao', 'VEGETACAO_NATIVA=nao', 'MUNICIPIO=Presidente Prudente'})"
0.019488536155202824,"frozenset({'HIDROGRAFIA=nao', 'VEGETACAO_NATIVA=sim', 'MUNICIPIO=Presidente Prudente'})"
0.19894179894179895,"frozenset({'MUNICIPIO=São Félix do Xingu', 'RESERVA_LEGAL=nao', 'HIDROGRAFIA=nao'})"
0.2054673721340388,"frozenset({'MUNICIPIO=São Félix do Xingu', 'HIDROGRAFIA=nao', 'RESERVA_LEGAL=sim'})"
0.3948853615520282,"frozenset({'MUNICIPIO=São Félix do Xingu', 'SERVIDAO_ADMINISTRATIVA=nao', 'HIDROGRAFIA=nao'})"
0.06931216931216931,"frozenset({'MUNICIPIO=São Félix do Xingu', 'STATUS=AT', 'HIDROGRAFIA=nao'})"
0.32301587301587303,"frozenset({'MUNICIPIO=São Félix do Xingu', 'HIDROGRAFIA=nao', 'STATUS=PE'})"
0.012081128747795414,"frozenset({'STATUS=SU', 'HIDROGRAFIA=nao', 'MUNICIPIO=São Félix do Xingu'})"
0.4033509700176367,"frozenset({'MUNICIPIO=São Félix do Xingu', 'HIDROGRAFIA=nao', 'TIPO=IRU'})"
0.40440917107583774,"frozenset({'MUNICIPIO=São Félix do Xingu', 'HIDROGRAFIA=nao', 'UF=PA'})"
0.404320987654321,"frozenset({'MUNICIPIO=São Félix do Xingu', 'HIDROGRAFIA=nao', 'USO_RESTRITO=nao'})"
0.21146384479717814,"frozenset({'MUNICIPIO=São Félix do Xingu', 'HIDROGRAFIA=nao', 'VEGETACAO_NATIVA=nao'})"
0.19294532627865962,"frozenset({'MUNICIPIO=São Félix do Xingu', 'HIDROGRAFIA=nao', 'VEGETACAO_NATIVA=sim'})"
0.23015873015873015,"frozenset({'HIDROGRAFIA=nao', 'RESERVA_LEGAL=nao', 'SERVIDAO_ADMINISTRATIVA=nao'})"
0.07786596119929454,"frozenset({'HIDROGRAFIA=nao', 'RESERVA_LEGAL=nao', 'STATUS=AT'})"
0.15317460317460319,"frozenset({'HIDROGRAFIA=nao', 'RESERVA_LEGAL=nao', 'STATUS=PE'})"
0.23765432098765432,"frozenset({'HIDROGRAFIA=nao', 'RESERVA_LEGAL=nao', 'TIPO=IRU'})"
0.19894179894179895,"frozenset({'HIDROGRAFIA=nao', 'RESERVA_LEGAL=nao', 'UF=PA'})"
0.03977072310405644,"frozenset({'HIDROGRAFIA=nao', 'RESERVA_LEGAL=nao', 'UF=SP'})"
0.2384479717813051,"frozenset({'HIDROGRAFIA=nao', 'RESERVA_LEGAL=nao', 'USO_RESTRITO=nao'})"
0.19047619047619047,"frozenset({'HIDROGRAFIA=nao', 'RESERVA_LEGAL=nao', 'VEGETACAO_NATIVA=nao'})"
0.048236331569664906,"frozenset({'HIDROGRAFIA=nao', 'RESERVA_LEGAL=nao', 'VEGETACAO_NATIVA=sim'})"
0.20987654320987653,"frozenset({'HIDROGRAFIA=nao', 'SERVIDAO_ADMINISTRATIVA=nao', 'RESERVA_LEGAL=sim'})"
0.042945326278659615,"frozenset({'HIDROGRAFIA=nao', 'STATUS=AT', 'RESERVA_LEGAL=sim'})"
0.17001763668430336,"frozenset({'HIDROGRAFIA=nao', 'STATUS=PE', 'RESERVA_LEGAL=sim'})"
0.2173721340388007,"frozenset({'HIDROGRAFIA=nao', 'RESERVA_LEGAL=sim', 'TIPO=IRU'})"
0.2054673721340388,"frozenset({'HIDROGRAFIA=nao', 'UF=PA', 'RESERVA_LEGAL=sim'})"
0.011904761904761904,"frozenset({'HIDROGRAFIA=nao', 'UF=SP', 'RESERVA_LEGAL=sim'})"
0.21693121693121692,"frozenset({'HIDROGRAFIA=nao', 'RESERVA_LEGAL=sim', 'USO_RESTRITO=nao'})"
0.05317460317460317,"frozenset({'HIDROGRAFIA=nao', 'VEGETACAO_NATIVA=nao', 'RESERVA_LEGAL=sim'})"
0.16419753086419753,"frozenset({'HIDROGRAFIA=nao', 'VEGETACAO_NATIVA=sim', 'RESERVA_LEGAL=sim'})"
0.11208112874779541,"frozenset({'HIDROGRAFIA=nao', 'SERVIDAO_ADMINISTRATIVA=nao', 'STATUS=AT'})"
0.31649029982363314,"frozenset({'HIDROGRAFIA=nao', 'SERVIDAO_ADMINISTRATIVA=nao', 'STATUS=PE'})"
0.01146384479717813,"frozenset({'STATUS=SU', 'SERVIDAO_ADMINISTRATIVA=nao', 'HIDROGRAFIA=nao'})"
0.43897707231040567,"frozenset({'HIDROGRAFIA=nao', 'SERVIDAO_ADMINISTRATIVA=nao', 'TIPO=IRU'})"
0.3948853615520282,"frozenset({'HIDROGRAFIA=nao', 'SERVIDAO_ADMINISTRATIVA=nao', 'UF=PA'})"
0.045149911816578486,"frozenset({'HIDROGRAFIA=nao', 'SERVIDAO_ADMINISTRATIVA=nao', 'UF=SP'})"
0.43959435626102294,"frozenset({'HIDROGRAFIA=nao', 'SERVIDAO_ADMINISTRATIVA=nao', 'USO_RESTRITO=nao'})"
0.2361552028218695,"frozenset({'HIDROGRAFIA=nao', 'SERVIDAO_ADMINISTRATIVA=nao', 'VEGETACAO_NATIVA=nao'})"
0.2038800705467372,"frozenset({'HIDROGRAFIA=nao', 'SERVIDAO_ADMINISTRATIVA=nao', 'VEGETACAO_NATIVA=sim'})"
0.016049382716049384,"frozenset({'HIDROGRAFIA=nao', 'TIPO=IRU', 'SERVIDAO_ADMINISTRATIVA=sim'})"
0.015784832451499118,"frozenset({'HIDROGRAFIA=nao', 'USO_RESTRITO=nao', 'SERVIDAO_ADMINISTRATIVA=sim'})"
0.11992945326278659,"frozenset({'HIDROGRAFIA=nao', 'STATUS=AT', 'TIPO=IRU'})"
0.06931216931216931,"frozenset({'HIDROGRAFIA=nao', 'STATUS=AT', 'UF=PA'})"
0.051499118165784834,"frozenset({'HIDROGRAFIA=nao', 'STATUS=AT', 'UF=SP'})"
0.1201058201058201,"frozenset({'HIDROGRAFIA=nao', 'STATUS=AT', 'USO_RESTRITO=nao'})"
0.07301587301587302,"frozenset({'HIDROGRAFIA=nao', 'STATUS=AT', 'VEGETACAO_NATIVA=nao'})"
0.04779541446208113,"frozenset({'HIDROGRAFIA=nao', 'STATUS=AT', 'VEGETACAO_NATIVA=sim'})"
0.32310405643738976,"frozenset({'HIDROGRAFIA=nao', 'STATUS=PE', 'TIPO=IRU'})"
0.32301587301587303,"frozenset({'HIDROGRAFIA=nao', 'STATUS=PE', 'UF=PA'})"
0.32319223985890655,"frozenset({'HIDROGRAFIA=nao', 'STATUS=PE', 'USO_RESTRITO=nao'})"
0.16358024691358025,"frozenset({'HIDROGRAFIA=nao', 'VEGETACAO_NATIVA=nao', 'STATUS=PE'})"
0.15961199294532627,"frozenset({'HIDROGRAFIA=nao', 'VEGETACAO_NATIVA=sim', 'STATUS=PE'})"
0.01199294532627866,"frozenset({'STATUS=SU', 'HIDROGRAFIA=nao', 'TIPO=IRU'})"
0.012081128747795414,"frozenset({'STATUS=SU', 'HIDROGRAFIA=nao', 'UF=PA'})"
0.012081128747795414,"frozenset({'STATUS=SU', 'HIDROGRAFIA=nao', 'USO_RESTRITO=nao'})"
0.4033509700176367,"frozenset({'HIDROGRAFIA=nao', 'UF=PA', 'TIPO=IRU'})"
0.05167548500881834,"frozenset({'HIDROGRAFIA=nao', 'UF=SP', 'TIPO=IRU'})"
0.454320987654321,"frozenset({'HIDROGRAFIA=nao', 'TIPO=IRU', 'USO_RESTRITO=nao'})"
0.24259259259259258,"frozenset({'HIDROGRAFIA=nao', 'VEGETACAO_NATIVA=nao', 'TIPO=IRU'})"
0.21243386243386245,"frozenset({'HIDROGRAFIA=nao', 'VEGETACAO_NATIVA=sim', 'TIPO=IRU'})"
0.404320987654321,"frozenset({'HIDROGRAFIA=nao', 'UF=PA', 'USO_RESTRITO=nao'})"
0.21146384479717814,"frozenset({'HIDROGRAFIA=nao', 'VEGETACAO_NATIVA=nao', 'UF=PA'})"
0.19294532627865962,"frozenset({'HIDROGRAFIA=nao', 'VEGETACAO_NATIVA=sim', 'UF=PA'})"
0.05105820105820106,"frozenset({'HIDROGRAFIA=nao', 'UF=SP', 'USO_RESTRITO=nao'})"
0.03218694885361552,"frozenset({'HIDROGRAFIA=nao', 'VEGETACAO_NATIVA=nao', 'UF=SP'})"
0.019488536155202824,"frozenset({'HIDROGRAFIA=nao', 'VEGETACAO_NATIVA=sim', 'UF=SP'})"
0.24347442680776013,"frozenset({'HIDROGRAFIA=nao', 'VEGETACAO_NATIVA=nao', 'USO_RESTRITO=nao'})"
0.2119047619047619,"frozenset({'HIDROGRAFIA=nao', 'VEGETACAO_NATIVA=sim', 'USO_RESTRITO=nao'})"
0.029365079365079365,"frozenset({'MOD_FISCAL=1-4 módulos', 'HIDROGRAFIA=sim', 'MUNICIPIO=Presidente Prudente'})"
0.18209876543209877,"frozenset({'MUNICIPIO=São Félix do Xingu', 'HIDROGRAFIA=sim', 'MOD_FISCAL=1-4 módulos'})"
0.07134038800705467,"frozenset({'MOD_FISCAL=1-4 módulos', 'RESERVA_LEGAL=nao', 'HIDROGRAFIA=sim'})"
0.14012345679012345,"frozenset({'MOD_FISCAL=1-4 módulos', 'HIDROGRAFIA=sim', 'RESERVA_LEGAL=sim'})"
0.17389770723104056,"frozenset({'MOD_FISCAL=1-4 módulos', 'SERVIDAO_ADMINISTRATIVA=nao', 'HIDROGRAFIA=sim'})"
0.03756613756613757,"frozenset({'MOD_FISCAL=1-4 módulos', 'HIDROGRAFIA=sim', 'SERVIDAO_ADMINISTRATIVA=sim'})"
0.07425044091710759,"frozenset({'MOD_FISCAL=1-4 módulos', 'STATUS=AT', 'HIDROGRAFIA=sim'})"
0.12795414462081128,"frozenset({'MOD_FISCAL=1-4 módulos', 'HIDROGRAFIA=sim', 'STATUS=PE'})"
0.2111111111111111,"frozenset({'MOD_FISCAL=1-4 módulos', 'HIDROGRAFIA=sim', 'TIPO=IRU'})"
0.18209876543209877,"frozenset({'MOD_FISCAL=1-4 módulos', 'HIDROGRAFIA=sim', 'UF=PA'})"
0.029365079365079365,"frozenset({'MOD_FISCAL=1-4 módulos', 'HIDROGRAFIA=sim', 'UF=SP'})"
0.21084656084656084,"frozenset({'MOD_FISCAL=1-4 módulos', 'HIDROGRAFIA=sim', 'USO_RESTRITO=nao'})"
0.057583774250440915,"frozenset({'MOD_FISCAL=1-4 módulos', 'HIDROGRAFIA=sim', 'VEGETACAO_NATIVA=nao'})"
0.15388007054673722,"frozenset({'MOD_FISCAL=1-4 módulos', 'HIDROGRAFIA=sim', 'VEGETACAO_NATIVA=sim'})"
0.03747795414462081,"frozenset({'MUNICIPIO=São Félix do Xingu', 'HIDROGRAFIA=sim', 'MOD_FISCAL=4-10 módulos'})"
0.03289241622574956,"frozenset({'HIDROGRAFIA=sim', 'RESERVA_LEGAL=sim', 'MOD_FISCAL=4-10 módulos'})"
0.032451499118165784,"frozenset({'SERVIDAO_ADMINISTRATIVA=nao', 'HIDROGRAFIA=sim', 'MOD_FISCAL=4-10 módulos'})"
0.010141093474426807,"frozenset({'HIDROGRAFIA=sim', 'SERVIDAO_ADMINISTRATIVA=sim', 'MOD_FISCAL=4-10 módulos'})"
0.016578483245149912,"frozenset({'STATUS=AT', 'HIDROGRAFIA=sim', 'MOD_FISCAL=4-10 módulos'})"
0.021693121693121695,"frozenset({'HIDROGRAFIA=sim', 'STATUS=PE', 'MOD_FISCAL=4-10 módulos'})"
0.04259259259259259,"frozenset({'HIDROGRAFIA=sim', 'TIPO=IRU', 'MOD_FISCAL=4-10 módulos'})"
0.03747795414462081,"frozenset({'HIDROGRAFIA=sim', 'UF=PA', 'MOD_FISCAL=4-10 módulos'})"
0.04241622574955908,"frozenset({'USO_RESTRITO=nao', 'HIDROGRAFIA=sim', 'MOD_FISCAL=4-10 módulos'})"
0.03342151675485009,"frozenset({'HIDROGRAFIA=sim', 'VEGETACAO_NATIVA=sim', 'MOD_FISCAL=4-10 módulos'})"
0.06243386243386243,"frozenset({'MOD_FISCAL=<1 módulo', 'HIDROGRAFIA=sim', 'MUNICIPIO=Presidente Prudente'})"
0.16499118165784832,"frozenset({'MUNICIPIO=São Félix do Xingu', 'MOD_FISCAL=<1 módulo', 'HIDROGRAFIA=sim'})"
0.1091710758377425,"frozenset({'RESERVA_LEGAL=nao', 'MOD_FISCAL=<1 módulo', 'HIDROGRAFIA=sim'})"
0.11825396825396825,"frozenset({'MOD_FISCAL=<1 módulo', 'HIDROGRAFIA=sim', 'RESERVA_LEGAL=sim'})"
0.20202821869488535,"frozenset({'SERVIDAO_ADMINISTRATIVA=nao', 'MOD_FISCAL=<1 módulo', 'HIDROGRAFIA=sim'})"
0.025396825396825397,"frozenset({'MOD_FISCAL=<1 módulo', 'HIDROGRAFIA=sim', 'SERVIDAO_ADMINISTRATIVA=sim'})"
0.09973544973544973,"frozenset({'STATUS=AT', 'MOD_FISCAL=<1 módulo', 'HIDROGRAFIA=sim'})"
0.1255731922398589,"frozenset({'MOD_FISCAL=<1 módulo', 'HIDROGRAFIA=sim', 'STATUS=PE'})"
0.22610229276895943,"frozenset({'MOD_FISCAL=<1 módulo', 'HIDROGRAFIA=sim', 'TIPO=IRU'})"
0.16499118165784832,"frozenset({'MOD_FISCAL=<1 módulo', 'HIDROGRAFIA=sim', 'UF=PA'})"
0.06243386243386243,"frozenset({'MOD_FISCAL=<1 módulo', 'HIDROGRAFIA=sim', 'UF=SP'})"
0.2257495590828924,"frozenset({'MOD_FISCAL=<1 módulo', 'HIDROGRAFIA=sim', 'USO_RESTRITO=nao'})"
0.08774250440917107,"frozenset({'MOD_FISCAL=<1 módulo', 'HIDROGRAFIA=sim', 'VEGETACAO_NATIVA=nao'})"
0.13968253968253969,"frozenset({'MOD_FISCAL=<1 módulo', 'HIDROGRAFIA=sim', 'VEGETACAO_NATIVA=sim'})"
0.06075837742504409,"frozenset({'MUNICIPIO=São Félix do Xingu', 'MOD_FISCAL=>=10 módulos', 'HIDROGRAFIA=sim'})"
0.055908289241622576,"frozenset({'MOD_FISCAL=>=10 módulos', 'HIDROGRAFIA=sim', 'RESERVA_LEGAL=sim'})"
0.0417989417989418,"frozenset({'SERVIDAO_ADMINISTRATIVA=nao', 'MOD_FISCAL=>=10 módulos', 'HIDROGRAFIA=sim'})"
0.020634920634920634,"frozenset({'MOD_FISCAL=>=10 módulos', 'HIDROGRAFIA=sim', 'SERVIDAO_ADMINISTRATIVA=sim'})"
0.029365079365079365,"frozenset({'STATUS=AT', 'MOD_FISCAL=>=10 módulos', 'HIDROGRAFIA=sim'})"
0.027777777777777776,"frozenset({'MOD_FISCAL=>=10 módulos', 'HIDROGRAFIA=sim', 'STATUS=PE'})"
0.06243386243386243,"frozenset({'MOD_FISCAL=>=10 módulos', 'HIDROGRAFIA=sim', 'TIPO=IRU'})"
0.06075837742504409,"frozenset({'MOD_FISCAL=>=10 módulos', 'HIDROGRAFIA=sim', 'UF=PA'})"
0.06181657848324515,"frozenset({'MOD_FISCAL=>=10 módulos', 'HIDROGRAFIA=sim', 'USO_RESTRITO=nao'})"
0.05555555555555555,"frozenset({'MOD_FISCAL=>=10 módulos', 'HIDROGRAFIA=sim', 'VEGETACAO_NATIVA=sim'})"
0.03968253968253968,"frozenset({'RESERVA_LEGAL=nao', 'HIDROGRAFIA=sim', 'MUNICIPIO=Presidente Prudente'})"
0.05890652557319224,"frozenset({'HIDROGRAFIA=sim', 'MUNICIPIO=Presidente Prudente', 'RESERVA_LEGAL=sim'})"
0.07839506172839507,"frozenset({'SERVIDAO_ADMINISTRATIVA=nao', 'HIDROGRAFIA=sim', 'MUNICIPIO=Presidente Prudente'})"
0.02019400352733686,"frozenset({'HIDROGRAFIA=sim', 'MUNICIPIO=Presidente Prudente', 'SERVIDAO_ADMINISTRATIVA=sim'})"
0.09832451499118165,"frozenset({'STATUS=AT', 'HIDROGRAFIA=sim', 'MUNICIPIO=Presidente Prudente'})"
0.09850088183421517,"frozenset({'HIDROGRAFIA=sim', 'MUNICIPIO=Presidente Prudente', 'TIPO=IRU'})"
0.09858906525573193,"frozenset({'HIDROGRAFIA=sim', 'MUNICIPIO=Presidente Prudente', 'UF=SP'})"
0.09656084656084656,"frozenset({'HIDROGRAFIA=sim', 'MUNICIPIO=Presidente Prudente', 'USO_RESTRITO=nao'})"
0.01472663139329806,"frozenset({'HIDROGRAFIA=sim', 'VEGETACAO_NATIVA=nao', 'MUNICIPIO=Presidente Prudente'})"
0.08386243386243386,"frozenset({'HIDROGRAFIA=sim', 'VEGETACAO_NATIVA=sim', 'MUNICIPIO=Presidente Prudente'})"
0.15705467372134038,"frozenset({'MUNICIPIO=São Félix do Xingu', 'RESERVA_LEGAL=nao', 'HIDROGRAFIA=sim'})"
0.2882716049382716,"frozenset({'MUNICIPIO=São Félix do Xingu', 'HIDROGRAFIA=sim', 'RESERVA_LEGAL=sim'})"
0.37178130511463847,"frozenset({'MUNICIPIO=São Félix do Xingu', 'SERVIDAO_ADMINISTRATIVA=nao', 'HIDROGRAFIA=sim'})"
0.07354497354497354,"frozenset({'MUNICIPIO=São Félix do Xingu', 'HIDROGRAFIA=sim', 'SERVIDAO_ADMINISTRATIVA=sim'})"
0.12160493827160494,"frozenset({'MUNICIPIO=São Félix do Xingu', 'STATUS=AT', 'HIDROGRAFIA=sim'})"
0.3027336860670194,"frozenset({'MUNICIPIO=São Félix do Xingu', 'HIDROGRAFIA=sim', 'STATUS=PE'})"
0.020987654320987655,"frozenset({'STATUS=SU', 'HIDROGRAFIA=sim', 'MUNICIPIO=São Félix do Xingu'})"
0.4437389770723104,"frozenset({'MUNICIPIO=São Félix do Xingu', 'HIDROGRAFIA=sim', 'TIPO=IRU'})"
0.445326278659612,"frozenset({'MUNICIPIO=São Félix do Xingu', 'HIDROGRAFIA=sim', 'UF=PA'})"
0.44426807760141096,"frozenset({'MUNICIPIO=São Félix do Xingu', 'HIDROGRAFIA=sim', 'USO_RESTRITO=nao'})"
0.14664902998236332,"frozenset({'MUNICIPIO=São Félix do Xingu', 'HIDROGRAFIA=sim', 'VEGETACAO_NATIVA=nao'})"
0.29867724867724865,"frozenset({'MUNICIPIO=São Félix do Xingu', 'HIDROGRAFIA=sim', 'VEGETACAO_NATIVA=sim'})"
0.1728395061728395,"frozenset({'RESERVA_LEGAL=nao', 'HIDROGRAFIA=sim', 'SERVIDAO_ADMINISTRATIVA=nao'})"
0.023897707231040566,"frozenset({'RESERVA_LEGAL=nao', 'HIDROGRAFIA=sim', 'SERVIDAO_ADMINISTRATIVA=sim'})"
0.06349206349206349,"frozenset({'STATUS=AT', 'RESERVA_LEGAL=nao', 'HIDROGRAFIA=sim'})"
0.12513227513227512,"frozenset({'RESERVA_LEGAL=nao', 'HIDROGRAFIA=sim', 'STATUS=PE'})"
0.19647266313932982,"frozenset({'RESERVA_LEGAL=nao', 'HIDROGRAFIA=sim', 'TIPO=IRU'})"
0.15705467372134038,"frozenset({'RESERVA_LEGAL=nao', 'HIDROGRAFIA=sim', 'UF=PA'})"
0.03968253968253968,"frozenset({'RESERVA_LEGAL=nao', 'HIDROGRAFIA=sim', 'UF=SP'})"
0.19638447971781306,"frozenset({'RESERVA_LEGAL=nao', 'HIDROGRAFIA=sim', 'USO_RESTRITO=nao'})"
0.11393298059964727,"frozenset({'RESERVA_LEGAL=nao', 'HIDROGRAFIA=sim', 'VEGETACAO_NATIVA=nao'})"
0.08280423280423281,"frozenset({'RESERVA_LEGAL=nao', 'HIDROGRAFIA=sim', 'VEGETACAO_NATIVA=sim'})"
0.27733686067019403,"frozenset({'SERVIDAO_ADMINISTRATIVA=nao', 'HIDROGRAFIA=sim', 'RESERVA_LEGAL=sim'})"
0.06984126984126984,"frozenset({'HIDROGRAFIA=sim', 'RESERVA_LEGAL=sim', 'SERVIDAO_ADMINISTRATIVA=sim'})"
0.1564373897707231,"frozenset({'STATUS=AT', 'HIDROGRAFIA=sim', 'RESERVA_LEGAL=sim'})"
0.17786596119929454,"frozenset({'HIDROGRAFIA=sim', 'STATUS=PE', 'RESERVA_LEGAL=sim'})"
0.012874779541446208,"frozenset({'STATUS=SU', 'HIDROGRAFIA=sim', 'RESERVA_LEGAL=sim'})"
0.3457671957671958,"frozenset({'HIDROGRAFIA=sim', 'RESERVA_LEGAL=sim', 'TIPO=IRU'})"
0.2882716049382716,"frozenset({'HIDROGRAFIA=sim', 'UF=PA', 'RESERVA_LEGAL=sim'})"
0.05890652557319224,"frozenset({'HIDROGRAFIA=sim', 'UF=SP', 'RESERVA_LEGAL=sim'})"
0.34444444444444444,"frozenset({'HIDROGRAFIA=sim', 'RESERVA_LEGAL=sim', 'USO_RESTRITO=nao'})"
0.04744268077601411,"frozenset({'HIDROGRAFIA=sim', 'VEGETACAO_NATIVA=nao', 'RESERVA_LEGAL=sim'})"
0.29973544973544974,"frozenset({'HIDROGRAFIA=sim', 'VEGETACAO_NATIVA=sim', 'RESERVA_LEGAL=sim'})"
0.16940035273368606,"frozenset({'STATUS=AT', 'SERVIDAO_ADMINISTRATIVA=nao', 'HIDROGRAFIA=sim'})"
0.26384479717813053,"frozenset({'SERVIDAO_ADMINISTRATIVA=nao', 'HIDROGRAFIA=sim', 'STATUS=PE'})"
0.016931216931216932,"frozenset({'STATUS=SU', 'SERVIDAO_ADMINISTRATIVA=nao', 'HIDROGRAFIA=sim'})"
0.44858906525573194,"frozenset({'SERVIDAO_ADMINISTRATIVA=nao', 'HIDROGRAFIA=sim', 'TIPO=IRU'})"
0.37178130511463847,"frozenset({'SERVIDAO_ADMINISTRATIVA=nao', 'HIDROGRAFIA=sim', 'UF=PA'})"
0.07839506172839507,"frozenset({'SERVIDAO_ADMINISTRATIVA=nao', 'HIDROGRAFIA=sim', 'UF=SP'})"
0.4478835978835979,"frozenset({'SERVIDAO_ADMINISTRATIVA=nao', 'HIDROGRAFIA=sim', 'USO_RESTRITO=nao'})"
0.14479717813051146,"frozenset({'SERVIDAO_ADMINISTRATIVA=nao', 'HIDROGRAFIA=sim', 'VEGETACAO_NATIVA=nao'})"
0.30537918871252206,"frozenset({'SERVIDAO_ADMINISTRATIVA=nao', 'HIDROGRAFIA=sim', 'VEGETACAO_NATIVA=sim'})"
0.05052910052910053,"frozenset({'STATUS=AT', 'HIDROGRAFIA=sim', 'SERVIDAO_ADMINISTRATIVA=sim'})"
0.039153439153439155,"frozenset({'HIDROGRAFIA=sim', 'STATUS=PE', 'SERVIDAO_ADMINISTRATIVA=sim'})"
0.09365079365079365,"frozenset({'HIDROGRAFIA=sim', 'TIPO=IRU', 'SERVIDAO_ADMINISTRATIVA=sim'})"
0.07354497354497354,"frozenset({'HIDROGRAFIA=sim', 'UF=PA', 'SERVIDAO_ADMINISTRATIVA=sim'})"
0.02019400352733686,"frozenset({'HIDROGRAFIA=sim', 'UF=SP', 'SERVIDAO_ADMINISTRATIVA=sim'})"
0.09294532627865962,"frozenset({'USO_RESTRITO=nao', 'HIDROGRAFIA=sim', 'SERVIDAO_ADMINISTRATIVA=sim'})"
0.016578483245149912,"frozenset({'HIDROGRAFIA=sim', 'VEGETACAO_NATIVA=nao', 'SERVIDAO_ADMINISTRATIVA=sim'})"
0.07716049382716049,"frozenset({'HIDROGRAFIA=sim', 'VEGETACAO_NATIVA=sim', 'SERVIDAO_ADMINISTRATIVA=sim'})"
0.21825396825396826,"frozenset({'STATUS=AT', 'HIDROGRAFIA=sim', 'TIPO=IRU'})"
0.12160493827160494,"frozenset({'STATUS=AT', 'HIDROGRAFIA=sim', 'UF=PA'})"
0.09832451499118165,"frozenset({'STATUS=AT', 'HIDROGRAFIA=sim', 'UF=SP'})"
0.2173721340388007,"frozenset({'STATUS=AT', 'HIDROGRAFIA=sim', 'USO_RESTRITO=nao'})"
0.040035273368606704,"frozenset({'STATUS=AT', 'HIDROGRAFIA=sim', 'VEGETACAO_NATIVA=nao'})"
0.17989417989417988,"frozenset({'STATUS=AT', 'HIDROGRAFIA=sim', 'VEGETACAO_NATIVA=sim'})"
0.3029982363315697,"frozenset({'HIDROGRAFIA=sim', 'STATUS=PE', 'TIPO=IRU'})"
0.3027336860670194,"frozenset({'HIDROGRAFIA=sim', 'STATUS=PE', 'UF=PA'})"
0.3027336860670194,"frozenset({'HIDROGRAFIA=sim', 'STATUS=PE', 'USO_RESTRITO=nao'})"
0.1154320987654321,"frozenset({'HIDROGRAFIA=sim', 'VEGETACAO_NATIVA=nao', 'STATUS=PE'})"
0.18756613756613758,"frozenset({'HIDROGRAFIA=sim', 'VEGETACAO_NATIVA=sim', 'STATUS=PE'})"
0.020987654320987655,"frozenset({'STATUS=SU', 'HIDROGRAFIA=sim', 'TIPO=IRU'})"
0.020987654320987655,"frozenset({'STATUS=SU', 'HIDROGRAFIA=sim', 'UF=PA'})"
0.02072310405643739,"frozenset({'STATUS=SU', 'HIDROGRAFIA=sim', 'USO_RESTRITO=nao'})"
0.01507936507936508,"frozenset({'STATUS=SU', 'HIDROGRAFIA=sim', 'VEGETACAO_NATIVA=sim'})"
0.4437389770723104,"frozenset({'HIDROGRAFIA=sim', 'UF=PA', 'TIPO=IRU'})"
0.09850088183421517,"frozenset({'HIDROGRAFIA=sim', 'UF=SP', 'TIPO=IRU'})"
0.5391534391534392,"frozenset({'HIDROGRAFIA=sim', 'TIPO=IRU', 'USO_RESTRITO=nao'})"
0.16137566137566137,"frozenset({'HIDROGRAFIA=sim', 'VEGETACAO_NATIVA=nao', 'TIPO=IRU'})"
0.3808641975308642,"frozenset({'HIDROGRAFIA=sim', 'VEGETACAO_NATIVA=sim', 'TIPO=IRU'})"
0.44426807760141096,"frozenset({'HIDROGRAFIA=sim', 'UF=PA', 'USO_RESTRITO=nao'})"
0.14664902998236332,"frozenset({'HIDROGRAFIA=sim', 'VEGETACAO_NATIVA=nao', 'UF=PA'})"
0.29867724867724865,"frozenset({'HIDROGRAFIA=sim', 'VEGETACAO_NATIVA=sim', 'UF=PA'})"
0.09656084656084656,"frozenset({'HIDROGRAFIA=sim', 'UF=SP', 'USO_RESTRITO=nao'})"
0.01472663139329806,"frozenset({'HIDROGRAFIA=sim', 'VEGETACAO_NATIVA=nao', 'UF=SP'})"
0.08386243386243386,"frozenset({'HIDROGRAFIA=sim', 'VEGETACAO_NATIVA=sim', 'UF=SP'})"
0.16119929453262788,"frozenset({'HIDROGRAFIA=sim', 'VEGETACAO_NATIVA=nao', 'USO_RESTRITO=nao'})"
0.37962962962962965,"frozenset({'HIDROGRAFIA=sim', 'VEGETACAO_NATIVA=sim', 'USO_RESTRITO=nao'})"
0.014021164021164021,"frozenset({'MOD_FISCAL=1-4 módulos', 'RESERVA_LEGAL=nao', 'MUNICIPIO=Presidente Prudente'})"
0.019576719576719578,"frozenset({'MOD_FISCAL=1-4 módulos', 'MUNICIPIO=Presidente Prudente', 'RESERVA_LEGAL=sim'})"
0.02548500881834215,"frozenset({'MOD_FISCAL=1-4 módulos', 'SERVIDAO_ADMINISTRATIVA=nao', 'MUNICIPIO=Presidente Prudente'})"
0.03350970017636684,"frozenset({'MOD_FISCAL=1-4 módulos', 'STATUS=AT', 'MUNICIPIO=Presidente Prudente'})"
0.0335978835978836,"frozenset({'MOD_FISCAL=1-4 módulos', 'MUNICIPIO=Presidente Prudente', 'TIPO=IRU'})"
0.0335978835978836,"frozenset({'MOD_FISCAL=1-4 módulos', 'MUNICIPIO=Presidente Prudente', 'UF=SP'})"
0.033156966490299825,"frozenset({'MOD_FISCAL=1-4 módulos', 'MUNICIPIO=Presidente Prudente', 'USO_RESTRITO=nao'})"
0.028306878306878308,"frozenset({'MOD_FISCAL=1-4 módulos', 'VEGETACAO_NATIVA=sim', 'MUNICIPIO=Presidente Prudente'})"
0.10282186948853615,"frozenset({'MUNICIPIO=São Félix do Xingu', 'RESERVA_LEGAL=nao', 'MOD_FISCAL=1-4 módulos'})"
0.19497354497354497,"frozenset({'MUNICIPIO=São Félix do Xingu', 'RESERVA_LEGAL=sim', 'MOD_FISCAL=1-4 módulos'})"
0.26402116402116405,"frozenset({'MUNICIPIO=São Félix do Xingu', 'SERVIDAO_ADMINISTRATIVA=nao', 'MOD_FISCAL=1-4 módulos'})"
0.03377425044091711,"frozenset({'MUNICIPIO=São Félix do Xingu', 'SERVIDAO_ADMINISTRATIVA=sim', 'MOD_FISCAL=1-4 módulos'})"
0.060582010582010584,"frozenset({'MUNICIPIO=São Félix do Xingu', 'STATUS=AT', 'MOD_FISCAL=1-4 módulos'})"
0.2216931216931217,"frozenset({'MUNICIPIO=São Félix do Xingu', 'STATUS=PE', 'MOD_FISCAL=1-4 módulos'})"
0.015520282186948854,"frozenset({'STATUS=SU', 'MUNICIPIO=São Félix do Xingu', 'MOD_FISCAL=1-4 módulos'})"
0.2974426807760141,"frozenset({'MUNICIPIO=São Félix do Xingu', 'TIPO=IRU', 'MOD_FISCAL=1-4 módulos'})"
0.29779541446208113,"frozenset({'MUNICIPIO=São Félix do Xingu', 'UF=PA', 'MOD_FISCAL=1-4 módulos'})"
0.2974426807760141,"frozenset({'MUNICIPIO=São Félix do Xingu', 'USO_RESTRITO=nao', 'MOD_FISCAL=1-4 módulos'})"
0.09991181657848325,"frozenset({'MUNICIPIO=São Félix do Xingu', 'VEGETACAO_NATIVA=nao', 'MOD_FISCAL=1-4 módulos'})"
0.19788359788359788,"frozenset({'MUNICIPIO=São Félix do Xingu', 'VEGETACAO_NATIVA=sim', 'MOD_FISCAL=1-4 módulos'})"
0.104673721340388,"frozenset({'MOD_FISCAL=1-4 módulos', 'SERVIDAO_ADMINISTRATIVA=nao', 'RESERVA_LEGAL=nao'})"
0.01216931216931217,"frozenset({'MOD_FISCAL=1-4 módulos', 'RESERVA_LEGAL=nao', 'SERVIDAO_ADMINISTRATIVA=sim'})"
0.0291005291005291,"frozenset({'MOD_FISCAL=1-4 módulos', 'RESERVA_LEGAL=nao', 'STATUS=AT'})"
0.07927689594356262,"frozenset({'MOD_FISCAL=1-4 módulos', 'RESERVA_LEGAL=nao', 'STATUS=PE'})"
0.11675485008818343,"frozenset({'MOD_FISCAL=1-4 módulos', 'RESERVA_LEGAL=nao', 'TIPO=IRU'})"
0.10282186948853615,"frozenset({'MOD_FISCAL=1-4 módulos', 'RESERVA_LEGAL=nao', 'UF=PA'})"
0.014021164021164021,"frozenset({'MOD_FISCAL=1-4 módulos', 'RESERVA_LEGAL=nao', 'UF=SP'})"
0.11675485008818343,"frozenset({'MOD_FISCAL=1-4 módulos', 'RESERVA_LEGAL=nao', 'USO_RESTRITO=nao'})"
0.06922398589065255,"frozenset({'MOD_FISCAL=1-4 módulos', 'RESERVA_LEGAL=nao', 'VEGETACAO_NATIVA=nao'})"
0.047619047619047616,"frozenset({'MOD_FISCAL=1-4 módulos', 'RESERVA_LEGAL=nao', 'VEGETACAO_NATIVA=sim'})"
0.18483245149911817,"frozenset({'MOD_FISCAL=1-4 módulos', 'SERVIDAO_ADMINISTRATIVA=nao', 'RESERVA_LEGAL=sim'})"
0.029717813051146385,"frozenset({'MOD_FISCAL=1-4 módulos', 'RESERVA_LEGAL=sim', 'SERVIDAO_ADMINISTRATIVA=sim'})"
0.06499118165784833,"frozenset({'MOD_FISCAL=1-4 módulos', 'STATUS=AT', 'RESERVA_LEGAL=sim'})"
0.14250440917107585,"frozenset({'MOD_FISCAL=1-4 módulos', 'STATUS=PE', 'RESERVA_LEGAL=sim'})"
0.21428571428571427,"frozenset({'MOD_FISCAL=1-4 módulos', 'RESERVA_LEGAL=sim', 'TIPO=IRU'})"
0.19497354497354497,"frozenset({'MOD_FISCAL=1-4 módulos', 'UF=PA', 'RESERVA_LEGAL=sim'})"
0.019576719576719578,"frozenset({'MOD_FISCAL=1-4 módulos', 'UF=SP', 'RESERVA_LEGAL=sim'})"
0.2138447971781305,"frozenset({'MOD_FISCAL=1-4 módulos', 'RESERVA_LEGAL=sim', 'USO_RESTRITO=nao'})"
0.03597883597883598,"frozenset({'MOD_FISCAL=1-4 módulos', 'VEGETACAO_NATIVA=nao', 'RESERVA_LEGAL=sim'})"
0.17857142857142858,"frozenset({'MOD_FISCAL=1-4 módulos', 'VEGETACAO_NATIVA=sim', 'RESERVA_LEGAL=sim'})"
0.07433862433862434,"frozenset({'MOD_FISCAL=1-4 módulos', 'SERVIDAO_ADMINISTRATIVA=nao', 'STATUS=AT'})"
0.2015873015873016,"frozenset({'MOD_FISCAL=1-4 módulos', 'SERVIDAO_ADMINISTRATIVA=nao', 'STATUS=PE'})"
0.013580246913580247,"frozenset({'STATUS=SU', 'SERVIDAO_ADMINISTRATIVA=nao', 'MOD_FISCAL=1-4 módulos'})"
0.28915343915343916,"frozenset({'MOD_FISCAL=1-4 módulos', 'SERVIDAO_ADMINISTRATIVA=nao', 'TIPO=IRU'})"
0.26402116402116405,"frozenset({'MOD_FISCAL=1-4 módulos', 'SERVIDAO_ADMINISTRATIVA=nao', 'UF=PA'})"
0.02548500881834215,"frozenset({'MOD_FISCAL=1-4 módulos', 'SERVIDAO_ADMINISTRATIVA=nao', 'UF=SP'})"
0.28880070546737213,"frozenset({'MOD_FISCAL=1-4 módulos', 'SERVIDAO_ADMINISTRATIVA=nao', 'USO_RESTRITO=nao'})"
0.09682539682539683,"frozenset({'MOD_FISCAL=1-4 módulos', 'SERVIDAO_ADMINISTRATIVA=nao', 'VEGETACAO_NATIVA=nao'})"
0.19268077601410935,"frozenset({'MOD_FISCAL=1-4 módulos', 'SERVIDAO_ADMINISTRATIVA=nao', 'VEGETACAO_NATIVA=sim'})"
0.019753086419753086,"frozenset({'MOD_FISCAL=1-4 módulos', 'STATUS=AT', 'SERVIDAO_ADMINISTRATIVA=sim'})"
0.02019400352733686,"frozenset({'MOD_FISCAL=1-4 módulos', 'STATUS=PE', 'SERVIDAO_ADMINISTRATIVA=sim'})"
0.04188712522045855,"frozenset({'MOD_FISCAL=1-4 módulos', 'TIPO=IRU', 'SERVIDAO_ADMINISTRATIVA=sim'})"
0.03377425044091711,"frozenset({'MOD_FISCAL=1-4 módulos', 'UF=PA', 'SERVIDAO_ADMINISTRATIVA=sim'})"
0.0417989417989418,"frozenset({'MOD_FISCAL=1-4 módulos', 'USO_RESTRITO=nao', 'SERVIDAO_ADMINISTRATIVA=sim'})"
0.03350970017636684,"frozenset({'MOD_FISCAL=1-4 módulos', 'VEGETACAO_NATIVA=sim', 'SERVIDAO_ADMINISTRATIVA=sim'})"
0.09373897707231041,"frozenset({'MOD_FISCAL=1-4 módulos', 'STATUS=AT', 'TIPO=IRU'})"
0.060582010582010584,"frozenset({'MOD_FISCAL=1-4 módulos', 'STATUS=AT', 'UF=PA'})"
0.03350970017636684,"frozenset({'MOD_FISCAL=1-4 módulos', 'STATUS=AT', 'UF=SP'})"
0.09347442680776014,"frozenset({'MOD_FISCAL=1-4 módulos', 'STATUS=AT', 'USO_RESTRITO=nao'})"
0.021693121693121695,"frozenset({'MOD_FISCAL=1-4 módulos', 'STATUS=AT', 'VEGETACAO_NATIVA=nao'})"
0.07239858906525573,"frozenset({'MOD_FISCAL=1-4 módulos', 'STATUS=AT', 'VEGETACAO_NATIVA=sim'})"
0.22178130511463845,"frozenset({'MOD_FISCAL=1-4 módulos', 'STATUS=PE', 'TIPO=IRU'})"
0.2216931216931217,"frozenset({'MOD_FISCAL=1-4 módulos', 'STATUS=PE', 'UF=PA'})"
0.22160493827160493,"frozenset({'MOD_FISCAL=1-4 módulos', 'STATUS=PE', 'USO_RESTRITO=nao'})"
0.07698412698412699,"frozenset({'MOD_FISCAL=1-4 módulos', 'VEGETACAO_NATIVA=nao', 'STATUS=PE'})"
0.14479717813051146,"frozenset({'MOD_FISCAL=1-4 módulos', 'VEGETACAO_NATIVA=sim', 'STATUS=PE'})"
0.015520282186948854,"frozenset({'STATUS=SU', 'TIPO=IRU', 'MOD_FISCAL=1-4 módulos'})"
0.015520282186948854,"frozenset({'STATUS=SU', 'UF=PA', 'MOD_FISCAL=1-4 módulos'})"
0.015520282186948854,"frozenset({'STATUS=SU', 'USO_RESTRITO=nao', 'MOD_FISCAL=1-4 módulos'})"
0.2974426807760141,"frozenset({'MOD_FISCAL=1-4 módulos', 'UF=PA', 'TIPO=IRU'})"
0.0335978835978836,"frozenset({'MOD_FISCAL=1-4 módulos', 'UF=SP', 'TIPO=IRU'})"
0.33024691358024694,"frozenset({'MOD_FISCAL=1-4 módulos', 'TIPO=IRU', 'USO_RESTRITO=nao'})"
0.10520282186948854,"frozenset({'MOD_FISCAL=1-4 módulos', 'VEGETACAO_NATIVA=nao', 'TIPO=IRU'})"
0.22583774250440916,"frozenset({'MOD_FISCAL=1-4 módulos', 'VEGETACAO_NATIVA=sim', 'TIPO=IRU'})"
0.2974426807760141,"frozenset({'MOD_FISCAL=1-4 módulos', 'UF=PA', 'USO_RESTRITO=nao'})"
0.09991181657848325,"frozenset({'MOD_FISCAL=1-4 módulos', 'VEGETACAO_NATIVA=nao', 'UF=PA'})"
0.19788359788359788,"frozenset({'MOD_FISCAL=1-4 módulos', 'VEGETACAO_NATIVA=sim', 'UF=PA'})"
0.033156966490299825,"frozenset({'MOD_FISCAL=1-4 módulos', 'UF=SP', 'USO_RESTRITO=nao'})"
0.028306878306878308,"frozenset({'MOD_FISCAL=1-4 módulos', 'VEGETACAO_NATIVA=sim', 'UF=SP'})"
0.10511463844797178,"frozenset({'MOD_FISCAL=1-4 módulos', 'VEGETACAO_NATIVA=nao', 'USO_RESTRITO=nao'})"
0.22548500881834216,"frozenset({'MOD_FISCAL=1-4 módulos', 'VEGETACAO_NATIVA=sim', 'USO_RESTRITO=nao'})"
0.011904761904761904,"frozenset({'MUNICIPIO=São Félix do Xingu', 'RESERVA_LEGAL=nao', 'MOD_FISCAL=4-10 módulos'})"
0.04029982363315697,"frozenset({'MUNICIPIO=São Félix do Xingu', 'MOD_FISCAL=4-10 módulos', 'RESERVA_LEGAL=sim'})"
0.043033509700176366,"frozenset({'MUNICIPIO=São Félix do Xingu', 'SERVIDAO_ADMINISTRATIVA=nao', 'MOD_FISCAL=4-10 módulos'})"
0.013668430335097001,"frozenset({'MUNICIPIO=São Félix do Xingu', 'STATUS=AT', 'MOD_FISCAL=4-10 módulos'})"
0.03253968253968254,"frozenset({'MUNICIPIO=São Félix do Xingu', 'MOD_FISCAL=4-10 módulos', 'STATUS=PE'})"
0.052204585537918874,"frozenset({'MUNICIPIO=São Félix do Xingu', 'MOD_FISCAL=4-10 módulos', 'TIPO=IRU'})"
0.052204585537918874,"frozenset({'MUNICIPIO=São Félix do Xingu', 'MOD_FISCAL=4-10 módulos', 'UF=PA'})"
0.052116402116402116,"frozenset({'MUNICIPIO=São Félix do Xingu', 'MOD_FISCAL=4-10 módulos', 'USO_RESTRITO=nao'})"
0.013668430335097001,"frozenset({'MUNICIPIO=São Félix do Xingu', 'MOD_FISCAL=4-10 módulos', 'VEGETACAO_NATIVA=nao'})"
0.03853615520282187,"frozenset({'MUNICIPIO=São Félix do Xingu', 'MOD_FISCAL=4-10 módulos', 'VEGETACAO_NATIVA=sim'})"
0.01216931216931217,"frozenset({'RESERVA_LEGAL=nao', 'MOD_FISCAL=4-10 módulos', 'SERVIDAO_ADMINISTRATIVA=nao'})"
0.014373897707231041,"frozenset({'RESERVA_LEGAL=nao', 'MOD_FISCAL=4-10 módulos', 'TIPO=IRU'})"
0.011904761904761904,"frozenset({'RESERVA_LEGAL=nao', 'MOD_FISCAL=4-10 módulos', 'UF=PA'})"
0.014197530864197531,"frozenset({'RESERVA_LEGAL=nao', 'MOD_FISCAL=4-10 módulos', 'USO_RESTRITO=nao'})"
0.034656084656084656,"frozenset({'SERVIDAO_ADMINISTRATIVA=nao', 'MOD_FISCAL=4-10 módulos', 'RESERVA_LEGAL=sim'})"
0.015432098765432098,"frozenset({'STATUS=AT', 'MOD_FISCAL=4-10 módulos', 'RESERVA_LEGAL=sim'})"
0.0236331569664903,"frozenset({'MOD_FISCAL=4-10 módulos', 'STATUS=PE', 'RESERVA_LEGAL=sim'})"
0.043033509700176366,"frozenset({'RESERVA_LEGAL=sim', 'TIPO=IRU', 'MOD_FISCAL=4-10 módulos'})"
0.04029982363315697,"frozenset({'MOD_FISCAL=4-10 módulos', 'UF=PA', 'RESERVA_LEGAL=sim'})"
0.043033509700176366,"frozenset({'MOD_FISCAL=4-10 módulos', 'RESERVA_LEGAL=sim', 'USO_RESTRITO=nao'})"
0.035537918871252204,"frozenset({'MOD_FISCAL=4-10 módulos', 'VEGETACAO_NATIVA=sim', 'RESERVA_LEGAL=sim'})"
0.014021164021164021,"frozenset({'STATUS=AT', 'SERVIDAO_ADMINISTRATIVA=nao', 'MOD_FISCAL=4-10 módulos'})"
0.028042328042328042,"frozenset({'SERVIDAO_ADMINISTRATIVA=nao', 'MOD_FISCAL=4-10 módulos', 'STATUS=PE'})"
0.046825396825396826,"frozenset({'SERVIDAO_ADMINISTRATIVA=nao', 'MOD_FISCAL=4-10 módulos', 'TIPO=IRU'})"
0.043033509700176366,"frozenset({'SERVIDAO_ADMINISTRATIVA=nao', 'MOD_FISCAL=4-10 módulos', 'UF=PA'})"
0.04673721340388007,"frozenset({'SERVIDAO_ADMINISTRATIVA=nao', 'MOD_FISCAL=4-10 módulos', 'USO_RESTRITO=nao'})"
0.012874779541446208,"frozenset({'SERVIDAO_ADMINISTRATIVA=nao', 'MOD_FISCAL=4-10 módulos', 'VEGETACAO_NATIVA=nao'})"
0.033950617283950615,"frozenset({'SERVIDAO_ADMINISTRATIVA=nao', 'MOD_FISCAL=4-10 módulos', 'VEGETACAO_NATIVA=sim'})"
0.010582010582010581,"frozenset({'MOD_FISCAL=4-10 módulos', 'TIPO=IRU', 'SERVIDAO_ADMINISTRATIVA=sim'})"
0.010493827160493827,"frozenset({'MOD_FISCAL=4-10 módulos', 'SERVIDAO_ADMINISTRATIVA=sim', 'USO_RESTRITO=nao'})"
0.018871252204585538,"frozenset({'STATUS=AT', 'MOD_FISCAL=4-10 módulos', 'TIPO=IRU'})"
0.013668430335097001,"frozenset({'STATUS=AT', 'MOD_FISCAL=4-10 módulos', 'UF=PA'})"
0.018783068783068783,"frozenset({'STATUS=AT', 'MOD_FISCAL=4-10 módulos', 'USO_RESTRITO=nao'})"
0.016490299823633158,"frozenset({'STATUS=AT', 'MOD_FISCAL=4-10 módulos', 'VEGETACAO_NATIVA=sim'})"
0.03253968253968254,"frozenset({'MOD_FISCAL=4-10 módulos', 'STATUS=PE', 'TIPO=IRU'})"
0.03253968253968254,"frozenset({'MOD_FISCAL=4-10 módulos', 'STATUS=PE', 'UF=PA'})"
0.03253968253968254,"frozenset({'MOD_FISCAL=4-10 módulos', 'STATUS=PE', 'USO_RESTRITO=nao'})"
0.010582010582010581,"frozenset({'MOD_FISCAL=4-10 módulos', 'VEGETACAO_NATIVA=nao', 'STATUS=PE'})"
0.021957671957671957,"frozenset({'MOD_FISCAL=4-10 módulos', 'VEGETACAO_NATIVA=sim', 'STATUS=PE'})"
0.052204585537918874,"frozenset({'MOD_FISCAL=4-10 módulos', 'UF=PA', 'TIPO=IRU'})"
0.0572310405643739,"frozenset({'MOD_FISCAL=4-10 módulos', 'TIPO=IRU', 'USO_RESTRITO=nao'})"
0.014462081128747795,"frozenset({'MOD_FISCAL=4-10 módulos', 'VEGETACAO_NATIVA=nao', 'TIPO=IRU'})"
0.042945326278659615,"frozenset({'MOD_FISCAL=4-10 módulos', 'VEGETACAO_NATIVA=sim', 'TIPO=IRU'})"
0.052116402116402116,"frozenset({'MOD_FISCAL=4-10 módulos', 'UF=PA', 'USO_RESTRITO=nao'})"
0.013668430335097001,"frozenset({'MOD_FISCAL=4-10 módulos', 'VEGETACAO_NATIVA=nao', 'UF=PA'})"
0.03853615520282187,"frozenset({'MOD_FISCAL=4-10 módulos', 'VEGETACAO_NATIVA=sim', 'UF=PA'})"
0.014462081128747795,"frozenset({'MOD_FISCAL=4-10 módulos', 'VEGETACAO_NATIVA=nao', 'USO_RESTRITO=nao'})"
0.0427689594356261,"frozenset({'MOD_FISCAL=4-10 módulos', 'VEGETACAO_NATIVA=sim', 'USO_RESTRITO=nao'})"
0.06234567901234568,"frozenset({'RESERVA_LEGAL=nao', 'MOD_FISCAL=<1 módulo', 'MUNICIPIO=Presidente Prudente'})"
0.0472663139329806,"frozenset({'MOD_FISCAL=<1 módulo', 'MUNICIPIO=Presidente Prudente', 'RESERVA_LEGAL=sim'})"
0.09347442680776014,"frozenset({'SERVIDAO_ADMINISTRATIVA=nao', 'MOD_FISCAL=<1 módulo', 'MUNICIPIO=Presidente Prudente'})"
0.016137566137566138,"frozenset({'MOD_FISCAL=<1 módulo', 'MUNICIPIO=Presidente Prudente', 'SERVIDAO_ADMINISTRATIVA=sim'})"
0.10925925925925926,"frozenset({'MOD_FISCAL=<1 módulo', 'STATUS=AT', 'MUNICIPIO=Presidente Prudente'})"
0.10952380952380952,"frozenset({'MOD_FISCAL=<1 módulo', 'MUNICIPIO=Presidente Prudente', 'TIPO=IRU'})"
0.10961199294532628,"frozenset({'MOD_FISCAL=<1 módulo', 'MUNICIPIO=Presidente Prudente', 'UF=SP'})"
0.10758377425044091,"frozenset({'MOD_FISCAL=<1 módulo', 'MUNICIPIO=Presidente Prudente', 'USO_RESTRITO=nao'})"
0.040828924162257495,"frozenset({'MOD_FISCAL=<1 módulo', 'VEGETACAO_NATIVA=nao', 'MUNICIPIO=Presidente Prudente'})"
0.06878306878306878,"frozenset({'MOD_FISCAL=<1 módulo', 'VEGETACAO_NATIVA=sim', 'MUNICIPIO=Presidente Prudente'})"
0.2308641975308642,"frozenset({'MUNICIPIO=São Félix do Xingu', 'RESERVA_LEGAL=nao', 'MOD_FISCAL=<1 módulo'})"
0.19673721340388006,"frozenset({'MUNICIPIO=São Félix do Xingu', 'MOD_FISCAL=<1 módulo', 'RESERVA_LEGAL=sim'})"
0.40749559082892417,"frozenset({'MUNICIPIO=São Félix do Xingu', 'SERVIDAO_ADMINISTRATIVA=nao', 'MOD_FISCAL=<1 módulo'})"
0.020105820105820106,"frozenset({'MUNICIPIO=São Félix do Xingu', 'MOD_FISCAL=<1 módulo', 'SERVIDAO_ADMINISTRATIVA=sim'})"
0.08509700176366843,"frozenset({'MUNICIPIO=São Félix do Xingu', 'MOD_FISCAL=<1 módulo', 'STATUS=AT'})"
0.3376543209876543,"frozenset({'MUNICIPIO=São Félix do Xingu', 'MOD_FISCAL=<1 módulo', 'STATUS=PE'})"
0.4263668430335097,"frozenset({'MUNICIPIO=São Félix do Xingu', 'MOD_FISCAL=<1 módulo', 'TIPO=IRU'})"
0.42760141093474424,"frozenset({'MUNICIPIO=São Félix do Xingu', 'MOD_FISCAL=<1 módulo', 'UF=PA'})"
0.4275132275132275,"frozenset({'MUNICIPIO=São Félix do Xingu', 'MOD_FISCAL=<1 módulo', 'USO_RESTRITO=nao'})"
0.2324514991181658,"frozenset({'MUNICIPIO=São Félix do Xingu', 'MOD_FISCAL=<1 módulo', 'VEGETACAO_NATIVA=nao'})"
0.19514991181657848,"frozenset({'MUNICIPIO=São Félix do Xingu', 'MOD_FISCAL=<1 módulo', 'VEGETACAO_NATIVA=sim'})"
0.2765432098765432,"frozenset({'RESERVA_LEGAL=nao', 'MOD_FISCAL=<1 módulo', 'SERVIDAO_ADMINISTRATIVA=nao'})"
0.016666666666666666,"frozenset({'RESERVA_LEGAL=nao', 'MOD_FISCAL=<1 módulo', 'SERVIDAO_ADMINISTRATIVA=sim'})"
0.10502645502645502,"frozenset({'RESERVA_LEGAL=nao', 'MOD_FISCAL=<1 módulo', 'STATUS=AT'})"
0.18509700176366842,"frozenset({'RESERVA_LEGAL=nao', 'MOD_FISCAL=<1 módulo', 'STATUS=PE'})"
0.2930335097001764,"frozenset({'RESERVA_LEGAL=nao', 'MOD_FISCAL=<1 módulo', 'TIPO=IRU'})"
0.2308641975308642,"frozenset({'RESERVA_LEGAL=nao', 'MOD_FISCAL=<1 módulo', 'UF=PA'})"
0.06234567901234568,"frozenset({'RESERVA_LEGAL=nao', 'MOD_FISCAL=<1 módulo', 'UF=SP'})"
0.2929453262786596,"frozenset({'RESERVA_LEGAL=nao', 'MOD_FISCAL=<1 módulo', 'USO_RESTRITO=nao'})"
0.22301587301587303,"frozenset({'RESERVA_LEGAL=nao', 'MOD_FISCAL=<1 módulo', 'VEGETACAO_NATIVA=nao'})"
0.07019400352733686,"frozenset({'RESERVA_LEGAL=nao', 'MOD_FISCAL=<1 módulo', 'VEGETACAO_NATIVA=sim'})"
0.2244268077601411,"frozenset({'SERVIDAO_ADMINISTRATIVA=nao', 'MOD_FISCAL=<1 módulo', 'RESERVA_LEGAL=sim'})"
0.019576719576719578,"frozenset({'MOD_FISCAL=<1 módulo', 'RESERVA_LEGAL=sim', 'SERVIDAO_ADMINISTRATIVA=sim'})"
0.08932980599647267,"frozenset({'MOD_FISCAL=<1 módulo', 'STATUS=AT', 'RESERVA_LEGAL=sim'})"
0.1529100529100529,"frozenset({'MOD_FISCAL=<1 módulo', 'STATUS=PE', 'RESERVA_LEGAL=sim'})"
0.24285714285714285,"frozenset({'MOD_FISCAL=<1 módulo', 'RESERVA_LEGAL=sim', 'TIPO=IRU'})"
0.19673721340388006,"frozenset({'MOD_FISCAL=<1 módulo', 'UF=PA', 'RESERVA_LEGAL=sim'})"
0.0472663139329806,"frozenset({'MOD_FISCAL=<1 módulo', 'UF=SP', 'RESERVA_LEGAL=sim'})"
0.24215167548500882,"frozenset({'MOD_FISCAL=<1 módulo', 'RESERVA_LEGAL=sim', 'USO_RESTRITO=nao'})"
0.05026455026455026,"frozenset({'MOD_FISCAL=<1 módulo', 'VEGETACAO_NATIVA=nao', 'RESERVA_LEGAL=sim'})"
0.19373897707231041,"frozenset({'MOD_FISCAL=<1 módulo', 'VEGETACAO_NATIVA=sim', 'RESERVA_LEGAL=sim'})"
0.1720458553791887,"frozenset({'SERVIDAO_ADMINISTRATIVA=nao', 'MOD_FISCAL=<1 módulo', 'STATUS=AT'})"
0.32451499118165783,"frozenset({'SERVIDAO_ADMINISTRATIVA=nao', 'MOD_FISCAL=<1 módulo', 'STATUS=PE'})"
0.49973544973544975,"frozenset({'SERVIDAO_ADMINISTRATIVA=nao', 'MOD_FISCAL=<1 módulo', 'TIPO=IRU'})"
0.40749559082892417,"frozenset({'SERVIDAO_ADMINISTRATIVA=nao', 'MOD_FISCAL=<1 módulo', 'UF=PA'})"
0.09347442680776014,"frozenset({'SERVIDAO_ADMINISTRATIVA=nao', 'MOD_FISCAL=<1 módulo', 'UF=SP'})"
0.49929453262786594,"frozenset({'SERVIDAO_ADMINISTRATIVA=nao', 'MOD_FISCAL=<1 módulo', 'USO_RESTRITO=nao'})"
0.26040564373897707,"frozenset({'SERVIDAO_ADMINISTRATIVA=nao', 'MOD_FISCAL=<1 módulo', 'VEGETACAO_NATIVA=nao'})"
0.24056437389770724,"frozenset({'SERVIDAO_ADMINISTRATIVA=nao', 'MOD_FISCAL=<1 módulo', 'VEGETACAO_NATIVA=sim'})"
0.022310405643738977,"frozenset({'MOD_FISCAL=<1 módulo', 'STATUS=AT', 'SERVIDAO_ADMINISTRATIVA=sim'})"
0.013492063492063493,"frozenset({'MOD_FISCAL=<1 módulo', 'STATUS=PE', 'SERVIDAO_ADMINISTRATIVA=sim'})"
0.036155202821869487,"frozenset({'MOD_FISCAL=<1 módulo', 'TIPO=IRU', 'SERVIDAO_ADMINISTRATIVA=sim'})"
0.020105820105820106,"frozenset({'MOD_FISCAL=<1 módulo', 'UF=PA', 'SERVIDAO_ADMINISTRATIVA=sim'})"
0.016137566137566138,"frozenset({'MOD_FISCAL=<1 módulo', 'UF=SP', 'SERVIDAO_ADMINISTRATIVA=sim'})"
0.03580246913580247,"frozenset({'MOD_FISCAL=<1 módulo', 'SERVIDAO_ADMINISTRATIVA=sim', 'USO_RESTRITO=nao'})"
0.012874779541446208,"frozenset({'MOD_FISCAL=<1 módulo', 'VEGETACAO_NATIVA=nao', 'SERVIDAO_ADMINISTRATIVA=sim'})"
0.023368606701940034,"frozenset({'MOD_FISCAL=<1 módulo', 'VEGETACAO_NATIVA=sim', 'SERVIDAO_ADMINISTRATIVA=sim'})"
0.19303350970017635,"frozenset({'MOD_FISCAL=<1 módulo', 'STATUS=AT', 'TIPO=IRU'})"
0.08509700176366843,"frozenset({'MOD_FISCAL=<1 módulo', 'STATUS=AT', 'UF=PA'})"
0.10925925925925926,"frozenset({'MOD_FISCAL=<1 módulo', 'STATUS=AT', 'UF=SP'})"
0.19223985890652556,"frozenset({'MOD_FISCAL=<1 módulo', 'STATUS=AT', 'USO_RESTRITO=nao'})"
0.08474426807760141,"frozenset({'MOD_FISCAL=<1 módulo', 'STATUS=AT', 'VEGETACAO_NATIVA=nao'})"
0.10961199294532628,"frozenset({'MOD_FISCAL=<1 módulo', 'STATUS=AT', 'VEGETACAO_NATIVA=sim'})"
0.33800705467372133,"frozenset({'MOD_FISCAL=<1 módulo', 'STATUS=PE', 'TIPO=IRU'})"
0.3376543209876543,"frozenset({'MOD_FISCAL=<1 módulo', 'STATUS=PE', 'UF=PA'})"
0.33800705467372133,"frozenset({'MOD_FISCAL=<1 módulo', 'STATUS=PE', 'USO_RESTRITO=nao'})"
0.1853615520282187,"frozenset({'MOD_FISCAL=<1 módulo', 'VEGETACAO_NATIVA=nao', 'STATUS=PE'})"
0.15264550264550264,"frozenset({'MOD_FISCAL=<1 módulo', 'VEGETACAO_NATIVA=sim', 'STATUS=PE'})"
0.4263668430335097,"frozenset({'MOD_FISCAL=<1 módulo', 'UF=PA', 'TIPO=IRU'})"
0.10952380952380952,"frozenset({'MOD_FISCAL=<1 módulo', 'UF=SP', 'TIPO=IRU'})"
0.5337742504409171,"frozenset({'MOD_FISCAL=<1 módulo', 'TIPO=IRU', 'USO_RESTRITO=nao'})"
0.2732804232804233,"frozenset({'MOD_FISCAL=<1 módulo', 'VEGETACAO_NATIVA=nao', 'TIPO=IRU'})"
0.2626102292768959,"frozenset({'MOD_FISCAL=<1 módulo', 'VEGETACAO_NATIVA=sim', 'TIPO=IRU'})"
0.4275132275132275,"frozenset({'MOD_FISCAL=<1 módulo', 'UF=PA', 'USO_RESTRITO=nao'})"
0.2324514991181658,"frozenset({'MOD_FISCAL=<1 módulo', 'VEGETACAO_NATIVA=nao', 'UF=PA'})"
0.19514991181657848,"frozenset({'MOD_FISCAL=<1 módulo', 'VEGETACAO_NATIVA=sim', 'UF=PA'})"
0.10758377425044091,"frozenset({'MOD_FISCAL=<1 módulo', 'UF=SP', 'USO_RESTRITO=nao'})"
0.040828924162257495,"frozenset({'MOD_FISCAL=<1 módulo', 'VEGETACAO_NATIVA=nao', 'UF=SP'})"
0.06878306878306878,"frozenset({'MOD_FISCAL=<1 módulo', 'VEGETACAO_NATIVA=sim', 'UF=SP'})"
0.273015873015873,"frozenset({'MOD_FISCAL=<1 módulo', 'VEGETACAO_NATIVA=nao', 'USO_RESTRITO=nao'})"
0.26208112874779543,"frozenset({'MOD_FISCAL=<1 módulo', 'VEGETACAO_NATIVA=sim', 'USO_RESTRITO=nao'})"
0.010405643738977073,"frozenset({'MUNICIPIO=São Félix do Xingu', 'RESERVA_LEGAL=nao', 'MOD_FISCAL=>=10 módulos'})"
0.06172839506172839,"frozenset({'MUNICIPIO=São Félix do Xingu', 'MOD_FISCAL=>=10 módulos', 'RESERVA_LEGAL=sim'})"
0.052116402116402116,"frozenset({'MUNICIPIO=São Félix do Xingu', 'SERVIDAO_ADMINISTRATIVA=nao', 'MOD_FISCAL=>=10 módulos'})"
0.020017636684303352,"frozenset({'MUNICIPIO=São Félix do Xingu', 'MOD_FISCAL=>=10 módulos', 'SERVIDAO_ADMINISTRATIVA=sim'})"
0.031569664902998236,"frozenset({'MUNICIPIO=São Félix do Xingu', 'MOD_FISCAL=>=10 módulos', 'STATUS=AT'})"
0.033862433862433865,"frozenset({'MUNICIPIO=São Félix do Xingu', 'MOD_FISCAL=>=10 módulos', 'STATUS=PE'})"
0.07107583774250441,"frozenset({'MUNICIPIO=São Félix do Xingu', 'MOD_FISCAL=>=10 módulos', 'TIPO=IRU'})"
0.07213403880070547,"frozenset({'MUNICIPIO=São Félix do Xingu', 'MOD_FISCAL=>=10 módulos', 'UF=PA'})"
0.07151675485008818,"frozenset({'MUNICIPIO=São Félix do Xingu', 'MOD_FISCAL=>=10 módulos', 'USO_RESTRITO=nao'})"
0.012081128747795414,"frozenset({'MUNICIPIO=São Félix do Xingu', 'MOD_FISCAL=>=10 módulos', 'VEGETACAO_NATIVA=nao'})"
0.06005291005291005,"frozenset({'MUNICIPIO=São Félix do Xingu', 'MOD_FISCAL=>=10 módulos', 'VEGETACAO_NATIVA=sim'})"
0.010405643738977073,"frozenset({'RESERVA_LEGAL=nao', 'MOD_FISCAL=>=10 módulos', 'UF=PA'})"
0.010934744268077601,"frozenset({'RESERVA_LEGAL=nao', 'MOD_FISCAL=>=10 módulos', 'USO_RESTRITO=nao'})"
0.04329805996472663,"frozenset({'SERVIDAO_ADMINISTRATIVA=nao', 'MOD_FISCAL=>=10 módulos', 'RESERVA_LEGAL=sim'})"
0.019664902998236332,"frozenset({'MOD_FISCAL=>=10 módulos', 'RESERVA_LEGAL=sim', 'SERVIDAO_ADMINISTRATIVA=sim'})"
0.02962962962962963,"frozenset({'MOD_FISCAL=>=10 módulos', 'STATUS=AT', 'RESERVA_LEGAL=sim'})"
0.028835978835978836,"frozenset({'MOD_FISCAL=>=10 módulos', 'STATUS=PE', 'RESERVA_LEGAL=sim'})"
0.06296296296296296,"frozenset({'MOD_FISCAL=>=10 módulos', 'RESERVA_LEGAL=sim', 'TIPO=IRU'})"
0.06172839506172839,"frozenset({'MOD_FISCAL=>=10 módulos', 'UF=PA', 'RESERVA_LEGAL=sim'})"
0.06234567901234568,"frozenset({'MOD_FISCAL=>=10 módulos', 'RESERVA_LEGAL=sim', 'USO_RESTRITO=nao'})"
0.056084656084656084,"frozenset({'MOD_FISCAL=>=10 módulos', 'VEGETACAO_NATIVA=sim', 'RESERVA_LEGAL=sim'})"
0.02107583774250441,"frozenset({'SERVIDAO_ADMINISTRATIVA=nao', 'MOD_FISCAL=>=10 módulos', 'STATUS=AT'})"
0.02619047619047619,"frozenset({'SERVIDAO_ADMINISTRATIVA=nao', 'MOD_FISCAL=>=10 módulos', 'STATUS=PE'})"
0.05185185185185185,"frozenset({'SERVIDAO_ADMINISTRATIVA=nao', 'MOD_FISCAL=>=10 módulos', 'TIPO=IRU'})"
0.052116402116402116,"frozenset({'SERVIDAO_ADMINISTRATIVA=nao', 'MOD_FISCAL=>=10 módulos', 'UF=PA'})"
0.05264550264550265,"frozenset({'SERVIDAO_ADMINISTRATIVA=nao', 'MOD_FISCAL=>=10 módulos', 'USO_RESTRITO=nao'})"
0.010846560846560847,"frozenset({'SERVIDAO_ADMINISTRATIVA=nao', 'MOD_FISCAL=>=10 módulos', 'VEGETACAO_NATIVA=nao'})"
0.04206349206349207,"frozenset({'SERVIDAO_ADMINISTRATIVA=nao', 'MOD_FISCAL=>=10 módulos', 'VEGETACAO_NATIVA=sim'})"
0.012345679012345678,"frozenset({'MOD_FISCAL=>=10 módulos', 'STATUS=AT', 'SERVIDAO_ADMINISTRATIVA=sim'})"
0.02107583774250441,"frozenset({'MOD_FISCAL=>=10 módulos', 'TIPO=IRU', 'SERVIDAO_ADMINISTRATIVA=sim'})"
0.020017636684303352,"frozenset({'MOD_FISCAL=>=10 módulos', 'UF=PA', 'SERVIDAO_ADMINISTRATIVA=sim'})"
0.020634920634920634,"frozenset({'USO_RESTRITO=nao', 'MOD_FISCAL=>=10 módulos', 'SERVIDAO_ADMINISTRATIVA=sim'})"
0.01984126984126984,"frozenset({'MOD_FISCAL=>=10 módulos', 'VEGETACAO_NATIVA=sim', 'SERVIDAO_ADMINISTRATIVA=sim'})"
0.03253968253968254,"frozenset({'MOD_FISCAL=>=10 módulos', 'STATUS=AT', 'TIPO=IRU'})"
0.031569664902998236,"frozenset({'MOD_FISCAL=>=10 módulos', 'STATUS=AT', 'UF=PA'})"
0.032980599647266316,"frozenset({'MOD_FISCAL=>=10 módulos', 'STATUS=AT', 'USO_RESTRITO=nao'})"
0.029188712522045857,"frozenset({'MOD_FISCAL=>=10 módulos', 'STATUS=AT', 'VEGETACAO_NATIVA=sim'})"
0.03377425044091711,"frozenset({'MOD_FISCAL=>=10 módulos', 'STATUS=PE', 'TIPO=IRU'})"
0.033862433862433865,"frozenset({'MOD_FISCAL=>=10 módulos', 'STATUS=PE', 'UF=PA'})"
0.03377425044091711,"frozenset({'MOD_FISCAL=>=10 módulos', 'STATUS=PE', 'USO_RESTRITO=nao'})"
0.027777777777777776,"frozenset({'MOD_FISCAL=>=10 módulos', 'VEGETACAO_NATIVA=sim', 'STATUS=PE'})"
0.07107583774250441,"frozenset({'MOD_FISCAL=>=10 módulos', 'UF=PA', 'TIPO=IRU'})"
0.07222222222222222,"frozenset({'MOD_FISCAL=>=10 módulos', 'TIPO=IRU', 'USO_RESTRITO=nao'})"
0.011022927689594356,"frozenset({'MOD_FISCAL=>=10 módulos', 'VEGETACAO_NATIVA=nao', 'TIPO=IRU'})"
0.06190476190476191,"frozenset({'MOD_FISCAL=>=10 módulos', 'VEGETACAO_NATIVA=sim', 'TIPO=IRU'})"
0.07151675485008818,"frozenset({'MOD_FISCAL=>=10 módulos', 'UF=PA', 'USO_RESTRITO=nao'})"
0.012081128747795414,"frozenset({'MOD_FISCAL=>=10 módulos', 'VEGETACAO_NATIVA=nao', 'UF=PA'})"
0.06005291005291005,"frozenset({'MOD_FISCAL=>=10 módulos', 'VEGETACAO_NATIVA=sim', 'UF=PA'})"
0.012081128747795414,"frozenset({'MOD_FISCAL=>=10 módulos', 'VEGETACAO_NATIVA=nao', 'USO_RESTRITO=nao'})"
0.06119929453262787,"frozenset({'MOD_FISCAL=>=10 módulos', 'VEGETACAO_NATIVA=sim', 'USO_RESTRITO=nao'})"
0.06666666666666667,"frozenset({'RESERVA_LEGAL=nao', 'MUNICIPIO=Presidente Prudente', 'SERVIDAO_ADMINISTRATIVA=nao'})"
0.012786596119929453,"frozenset({'RESERVA_LEGAL=nao', 'MUNICIPIO=Presidente Prudente', 'SERVIDAO_ADMINISTRATIVA=sim'})"
0.07927689594356262,"frozenset({'RESERVA_LEGAL=nao', 'STATUS=AT', 'MUNICIPIO=Presidente Prudente'})"
0.07936507936507936,"frozenset({'RESERVA_LEGAL=nao', 'MUNICIPIO=Presidente Prudente', 'TIPO=IRU'})"
0.07945326278659612,"frozenset({'RESERVA_LEGAL=nao', 'MUNICIPIO=Presidente Prudente', 'UF=SP'})"
0.07892416225749559,"frozenset({'RESERVA_LEGAL=nao', 'MUNICIPIO=Presidente Prudente', 'USO_RESTRITO=nao'})"
0.04426807760141094,"frozenset({'RESERVA_LEGAL=nao', 'VEGETACAO_NATIVA=nao', 'MUNICIPIO=Presidente Prudente'})"
0.03518518518518519,"frozenset({'RESERVA_LEGAL=nao', 'VEGETACAO_NATIVA=sim', 'MUNICIPIO=Presidente Prudente'})"
0.056878306878306875,"frozenset({'SERVIDAO_ADMINISTRATIVA=nao', 'MUNICIPIO=Presidente Prudente', 'RESERVA_LEGAL=sim'})"
0.013932980599647267,"frozenset({'MUNICIPIO=Presidente Prudente', 'RESERVA_LEGAL=sim', 'SERVIDAO_ADMINISTRATIVA=sim'})"
0.07054673721340388,"frozenset({'STATUS=AT', 'MUNICIPIO=Presidente Prudente', 'RESERVA_LEGAL=sim'})"
0.07081128747795415,"frozenset({'RESERVA_LEGAL=sim', 'MUNICIPIO=Presidente Prudente', 'TIPO=IRU'})"
0.07081128747795415,"frozenset({'UF=SP', 'MUNICIPIO=Presidente Prudente', 'RESERVA_LEGAL=sim'})"
0.06869488536155202,"frozenset({'MUNICIPIO=Presidente Prudente', 'RESERVA_LEGAL=sim', 'USO_RESTRITO=nao'})"
0.0681657848324515,"frozenset({'VEGETACAO_NATIVA=sim', 'MUNICIPIO=Presidente Prudente', 'RESERVA_LEGAL=sim'})"
0.12336860670194004,"frozenset({'SERVIDAO_ADMINISTRATIVA=nao', 'STATUS=AT', 'MUNICIPIO=Presidente Prudente'})"
0.12354497354497354,"frozenset({'SERVIDAO_ADMINISTRATIVA=nao', 'MUNICIPIO=Presidente Prudente', 'TIPO=IRU'})"
0.12354497354497354,"frozenset({'SERVIDAO_ADMINISTRATIVA=nao', 'MUNICIPIO=Presidente Prudente', 'UF=SP'})"
0.12151675485008819,"frozenset({'SERVIDAO_ADMINISTRATIVA=nao', 'MUNICIPIO=Presidente Prudente', 'USO_RESTRITO=nao'})"
0.04162257495590829,"frozenset({'SERVIDAO_ADMINISTRATIVA=nao', 'VEGETACAO_NATIVA=nao', 'MUNICIPIO=Presidente Prudente'})"
0.08192239858906526,"frozenset({'SERVIDAO_ADMINISTRATIVA=nao', 'VEGETACAO_NATIVA=sim', 'MUNICIPIO=Presidente Prudente'})"
0.026455026455026454,"frozenset({'STATUS=AT', 'MUNICIPIO=Presidente Prudente', 'SERVIDAO_ADMINISTRATIVA=sim'})"
0.026631393298059965,"frozenset({'MUNICIPIO=Presidente Prudente', 'TIPO=IRU', 'SERVIDAO_ADMINISTRATIVA=sim'})"
0.02671957671957672,"frozenset({'MUNICIPIO=Presidente Prudente', 'UF=SP', 'SERVIDAO_ADMINISTRATIVA=sim'})"
0.026102292768959437,"frozenset({'USO_RESTRITO=nao', 'MUNICIPIO=Presidente Prudente', 'SERVIDAO_ADMINISTRATIVA=sim'})"
0.02142857142857143,"frozenset({'VEGETACAO_NATIVA=sim', 'MUNICIPIO=Presidente Prudente', 'SERVIDAO_ADMINISTRATIVA=sim'})"
0.14973544973544972,"frozenset({'STATUS=AT', 'MUNICIPIO=Presidente Prudente', 'TIPO=IRU'})"
0.14982363315696648,"frozenset({'STATUS=AT', 'MUNICIPIO=Presidente Prudente', 'UF=SP'})"
0.14717813051146383,"frozenset({'STATUS=AT', 'MUNICIPIO=Presidente Prudente', 'USO_RESTRITO=nao'})"
0.046825396825396826,"frozenset({'STATUS=AT', 'VEGETACAO_NATIVA=nao', 'MUNICIPIO=Presidente Prudente'})"
0.10299823633156967,"frozenset({'STATUS=AT', 'VEGETACAO_NATIVA=sim', 'MUNICIPIO=Presidente Prudente'})"
0.1501763668430335,"frozenset({'UF=SP', 'MUNICIPIO=Presidente Prudente', 'TIPO=IRU'})"
0.14753086419753086,"frozenset({'MUNICIPIO=Presidente Prudente', 'TIPO=IRU', 'USO_RESTRITO=nao'})"
0.04691358024691358,"frozenset({'VEGETACAO_NATIVA=nao', 'MUNICIPIO=Presidente Prudente', 'TIPO=IRU'})"
0.10326278659611993,"frozenset({'VEGETACAO_NATIVA=sim', 'MUNICIPIO=Presidente Prudente', 'TIPO=IRU'})"
0.14761904761904762,"frozenset({'MUNICIPIO=Presidente Prudente', 'UF=SP', 'USO_RESTRITO=nao'})"
0.04691358024691358,"frozenset({'VEGETACAO_NATIVA=nao', 'MUNICIPIO=Presidente Prudente', 'UF=SP'})"
0.10335097001763668,"frozenset({'VEGETACAO_NATIVA=sim', 'MUNICIPIO=Presidente Prudente', 'UF=SP'})"
0.04656084656084656,"frozenset({'VEGETACAO_NATIVA=nao', 'MUNICIPIO=Presidente Prudente', 'USO_RESTRITO=nao'})"
0.10105820105820106,"frozenset({'VEGETACAO_NATIVA=sim', 'MUNICIPIO=Presidente Prudente', 'USO_RESTRITO=nao'})"
0.336331569664903,"frozenset({'MUNICIPIO=São Félix do Xingu', 'RESERVA_LEGAL=nao', 'SERVIDAO_ADMINISTRATIVA=nao'})"
0.019664902998236332,"frozenset({'MUNICIPIO=São Félix do Xingu', 'RESERVA_LEGAL=nao', 'SERVIDAO_ADMINISTRATIVA=sim'})"
0.062081128747795415,"frozenset({'MUNICIPIO=São Félix do Xingu', 'RESERVA_LEGAL=nao', 'STATUS=AT'})"
0.2781305114638448,"frozenset({'MUNICIPIO=São Félix do Xingu', 'RESERVA_LEGAL=nao', 'STATUS=PE'})"
0.015784832451499118,"frozenset({'STATUS=SU', 'RESERVA_LEGAL=nao', 'MUNICIPIO=São Félix do Xingu'})"
0.3547619047619048,"frozenset({'MUNICIPIO=São Félix do Xingu', 'RESERVA_LEGAL=nao', 'TIPO=IRU'})"
0.35599647266313933,"frozenset({'MUNICIPIO=São Félix do Xingu', 'RESERVA_LEGAL=nao', 'UF=PA'})"
0.3559082892416226,"frozenset({'MUNICIPIO=São Félix do Xingu', 'RESERVA_LEGAL=nao', 'USO_RESTRITO=nao'})"
0.2601410934744268,"frozenset({'MUNICIPIO=São Félix do Xingu', 'RESERVA_LEGAL=nao', 'VEGETACAO_NATIVA=nao'})"
0.09585537918871252,"frozenset({'MUNICIPIO=São Félix do Xingu', 'RESERVA_LEGAL=nao', 'VEGETACAO_NATIVA=sim'})"
0.43033509700176364,"frozenset({'MUNICIPIO=São Félix do Xingu', 'SERVIDAO_ADMINISTRATIVA=nao', 'RESERVA_LEGAL=sim'})"
0.06340388007054673,"frozenset({'MUNICIPIO=São Félix do Xingu', 'RESERVA_LEGAL=sim', 'SERVIDAO_ADMINISTRATIVA=sim'})"
0.12883597883597883,"frozenset({'MUNICIPIO=São Félix do Xingu', 'STATUS=AT', 'RESERVA_LEGAL=sim'})"
0.3476190476190476,"frozenset({'MUNICIPIO=São Félix do Xingu', 'STATUS=PE', 'RESERVA_LEGAL=sim'})"
0.01728395061728395,"frozenset({'STATUS=SU', 'RESERVA_LEGAL=sim', 'MUNICIPIO=São Félix do Xingu'})"
0.49232804232804234,"frozenset({'MUNICIPIO=São Félix do Xingu', 'RESERVA_LEGAL=sim', 'TIPO=IRU'})"
0.4937389770723104,"frozenset({'MUNICIPIO=São Félix do Xingu', 'UF=PA', 'RESERVA_LEGAL=sim'})"
0.49268077601410937,"frozenset({'MUNICIPIO=São Félix do Xingu', 'RESERVA_LEGAL=sim', 'USO_RESTRITO=nao'})"
0.09797178130511464,"frozenset({'MUNICIPIO=São Félix do Xingu', 'VEGETACAO_NATIVA=nao', 'RESERVA_LEGAL=sim'})"
0.39576719576719577,"frozenset({'MUNICIPIO=São Félix do Xingu', 'VEGETACAO_NATIVA=sim', 'RESERVA_LEGAL=sim'})"
0.15811287477954145,"frozenset({'MUNICIPIO=São Félix do Xingu', 'SERVIDAO_ADMINISTRATIVA=nao', 'STATUS=AT'})"
0.5801587301587302,"frozenset({'MUNICIPIO=São Félix do Xingu', 'SERVIDAO_ADMINISTRATIVA=nao', 'STATUS=PE'})"
0.028395061728395062,"frozenset({'STATUS=SU', 'SERVIDAO_ADMINISTRATIVA=nao', 'MUNICIPIO=São Félix do Xingu'})"
0.764021164021164,"frozenset({'MUNICIPIO=São Félix do Xingu', 'SERVIDAO_ADMINISTRATIVA=nao', 'TIPO=IRU'})"
0.7666666666666667,"frozenset({'MUNICIPIO=São Félix do Xingu', 'SERVIDAO_ADMINISTRATIVA=nao', 'UF=PA'})"
0.7659611992945327,"frozenset({'MUNICIPIO=São Félix do Xingu', 'SERVIDAO_ADMINISTRATIVA=nao', 'USO_RESTRITO=nao'})"
0.33932980599647267,"frozenset({'MUNICIPIO=São Félix do Xingu', 'SERVIDAO_ADMINISTRATIVA=nao', 'VEGETACAO_NATIVA=nao'})"
0.427336860670194,"frozenset({'MUNICIPIO=São Félix do Xingu', 'SERVIDAO_ADMINISTRATIVA=nao', 'VEGETACAO_NATIVA=sim'})"
0.0328042328042328,"frozenset({'MUNICIPIO=São Félix do Xingu', 'STATUS=AT', 'SERVIDAO_ADMINISTRATIVA=sim'})"
0.04559082892416226,"frozenset({'MUNICIPIO=São Félix do Xingu', 'STATUS=PE', 'SERVIDAO_ADMINISTRATIVA=sim'})"
0.08306878306878307,"frozenset({'MUNICIPIO=São Félix do Xingu', 'TIPO=IRU', 'SERVIDAO_ADMINISTRATIVA=sim'})"
0.08306878306878307,"frozenset({'MUNICIPIO=São Félix do Xingu', 'UF=PA', 'SERVIDAO_ADMINISTRATIVA=sim'})"
0.0826278659611993,"frozenset({'MUNICIPIO=São Félix do Xingu', 'USO_RESTRITO=nao', 'SERVIDAO_ADMINISTRATIVA=sim'})"
0.018783068783068783,"frozenset({'MUNICIPIO=São Félix do Xingu', 'VEGETACAO_NATIVA=nao', 'SERVIDAO_ADMINISTRATIVA=sim'})"
0.06428571428571428,"frozenset({'MUNICIPIO=São Félix do Xingu', 'VEGETACAO_NATIVA=sim', 'SERVIDAO_ADMINISTRATIVA=sim'})"
0.18844797178130512,"frozenset({'MUNICIPIO=São Félix do Xingu', 'STATUS=AT', 'TIPO=IRU'})"
0.19091710758377425,"frozenset({'MUNICIPIO=São Félix do Xingu', 'STATUS=AT', 'UF=PA'})"
0.19029982363315698,"frozenset({'MUNICIPIO=São Félix do Xingu', 'STATUS=AT', 'USO_RESTRITO=nao'})"
0.06622574955908289,"frozenset({'MUNICIPIO=São Félix do Xingu', 'STATUS=AT', 'VEGETACAO_NATIVA=nao'})"
0.12469135802469136,"frozenset({'MUNICIPIO=São Félix do Xingu', 'STATUS=AT', 'VEGETACAO_NATIVA=sim'})"
0.6256613756613757,"frozenset({'MUNICIPIO=São Félix do Xingu', 'STATUS=PE', 'TIPO=IRU'})"
0.6257495590828924,"frozenset({'MUNICIPIO=São Félix do Xingu', 'STATUS=PE', 'UF=PA'})"
0.6254850088183421,"frozenset({'MUNICIPIO=São Félix do Xingu', 'STATUS=PE', 'USO_RESTRITO=nao'})"
0.2789241622574956,"frozenset({'MUNICIPIO=São Félix do Xingu', 'VEGETACAO_NATIVA=nao', 'STATUS=PE'})"
0.3468253968253968,"frozenset({'MUNICIPIO=São Félix do Xingu', 'VEGETACAO_NATIVA=sim', 'STATUS=PE'})"
0.032980599647266316,"frozenset({'STATUS=SU', 'TIPO=IRU', 'MUNICIPIO=São Félix do Xingu'})"
0.03306878306878307,"frozenset({'STATUS=SU', 'UF=PA', 'MUNICIPIO=São Félix do Xingu'})"
0.0328042328042328,"frozenset({'STATUS=SU', 'MUNICIPIO=São Félix do Xingu', 'USO_RESTRITO=nao'})"
0.012962962962962963,"frozenset({'STATUS=SU', 'VEGETACAO_NATIVA=nao', 'MUNICIPIO=São Félix do Xingu'})"
0.020105820105820106,"frozenset({'STATUS=SU', 'VEGETACAO_NATIVA=sim', 'MUNICIPIO=São Félix do Xingu'})"
0.8470899470899471,"frozenset({'MUNICIPIO=São Félix do Xingu', 'UF=PA', 'TIPO=IRU'})"
0.8459435626102293,"frozenset({'MUNICIPIO=São Félix do Xingu', 'TIPO=IRU', 'USO_RESTRITO=nao'})"
0.35705467372134037,"frozenset({'MUNICIPIO=São Félix do Xingu', 'VEGETACAO_NATIVA=nao', 'TIPO=IRU'})"
0.4900352733686067,"frozenset({'MUNICIPIO=São Félix do Xingu', 'VEGETACAO_NATIVA=sim', 'TIPO=IRU'})"
0.848589065255732,"frozenset({'MUNICIPIO=São Félix do Xingu', 'UF=PA', 'USO_RESTRITO=nao'})"
0.35811287477954146,"frozenset({'MUNICIPIO=São Félix do Xingu', 'VEGETACAO_NATIVA=nao', 'UF=PA'})"
0.4916225749559083,"frozenset({'MUNICIPIO=São Félix do Xingu', 'VEGETACAO_NATIVA=sim', 'UF=PA'})"
0.35811287477954146,"frozenset({'MUNICIPIO=São Félix do Xingu', 'VEGETACAO_NATIVA=nao', 'USO_RESTRITO=nao'})"
0.49047619047619045,"frozenset({'MUNICIPIO=São Félix do Xingu', 'VEGETACAO_NATIVA=sim', 'USO_RESTRITO=nao'})"
0.12566137566137567,"frozenset({'RESERVA_LEGAL=nao', 'STATUS=AT', 'SERVIDAO_ADMINISTRATIVA=nao'})"
0.2628747795414462,"frozenset({'RESERVA_LEGAL=nao', 'STATUS=PE', 'SERVIDAO_ADMINISTRATIVA=nao'})"
0.014462081128747795,"frozenset({'STATUS=SU', 'RESERVA_LEGAL=nao', 'SERVIDAO_ADMINISTRATIVA=nao'})"
0.4017636684303351,"frozenset({'SERVIDAO_ADMINISTRATIVA=nao', 'RESERVA_LEGAL=nao', 'TIPO=IRU'})"
0.336331569664903,"frozenset({'RESERVA_LEGAL=nao', 'UF=PA', 'SERVIDAO_ADMINISTRATIVA=nao'})"
0.06666666666666667,"frozenset({'RESERVA_LEGAL=nao', 'UF=SP', 'SERVIDAO_ADMINISTRATIVA=nao'})"
0.4025573192239859,"frozenset({'RESERVA_LEGAL=nao', 'SERVIDAO_ADMINISTRATIVA=nao', 'USO_RESTRITO=nao'})"
0.2875661375661376,"frozenset({'RESERVA_LEGAL=nao', 'VEGETACAO_NATIVA=nao', 'SERVIDAO_ADMINISTRATIVA=nao'})"
0.1154320987654321,"frozenset({'RESERVA_LEGAL=nao', 'VEGETACAO_NATIVA=sim', 'SERVIDAO_ADMINISTRATIVA=nao'})"
0.015696649029982364,"frozenset({'RESERVA_LEGAL=nao', 'STATUS=AT', 'SERVIDAO_ADMINISTRATIVA=sim'})"
0.015432098765432098,"frozenset({'RESERVA_LEGAL=nao', 'STATUS=PE', 'SERVIDAO_ADMINISTRATIVA=sim'})"
0.03236331569664903,"frozenset({'RESERVA_LEGAL=nao', 'TIPO=IRU', 'SERVIDAO_ADMINISTRATIVA=sim'})"
0.019664902998236332,"frozenset({'RESERVA_LEGAL=nao', 'UF=PA', 'SERVIDAO_ADMINISTRATIVA=sim'})"
0.012786596119929453,"frozenset({'RESERVA_LEGAL=nao', 'UF=SP', 'SERVIDAO_ADMINISTRATIVA=sim'})"
0.032275132275132276,"frozenset({'USO_RESTRITO=nao', 'RESERVA_LEGAL=nao', 'SERVIDAO_ADMINISTRATIVA=sim'})"
0.016843033509700175,"frozenset({'RESERVA_LEGAL=nao', 'VEGETACAO_NATIVA=nao', 'SERVIDAO_ADMINISTRATIVA=sim'})"
0.015608465608465608,"frozenset({'RESERVA_LEGAL=nao', 'VEGETACAO_NATIVA=sim', 'SERVIDAO_ADMINISTRATIVA=sim'})"
0.1402116402116402,"frozenset({'RESERVA_LEGAL=nao', 'STATUS=AT', 'TIPO=IRU'})"
0.062081128747795415,"frozenset({'RESERVA_LEGAL=nao', 'STATUS=AT', 'UF=PA'})"
0.07927689594356262,"frozenset({'RESERVA_LEGAL=nao', 'STATUS=AT', 'UF=SP'})"
0.1408289241622575,"frozenset({'RESERVA_LEGAL=nao', 'STATUS=AT', 'USO_RESTRITO=nao'})"
0.09373897707231041,"frozenset({'RESERVA_LEGAL=nao', 'STATUS=AT', 'VEGETACAO_NATIVA=nao'})"
0.047619047619047616,"frozenset({'RESERVA_LEGAL=nao', 'STATUS=AT', 'VEGETACAO_NATIVA=sim'})"
0.27821869488536155,"frozenset({'RESERVA_LEGAL=nao', 'STATUS=PE', 'TIPO=IRU'})"
0.2781305114638448,"frozenset({'RESERVA_LEGAL=nao', 'STATUS=PE', 'UF=PA'})"
0.2783068783068783,"frozenset({'RESERVA_LEGAL=nao', 'STATUS=PE', 'USO_RESTRITO=nao'})"
0.20149911816578484,"frozenset({'RESERVA_LEGAL=nao', 'VEGETACAO_NATIVA=nao', 'STATUS=PE'})"
0.07680776014109347,"frozenset({'RESERVA_LEGAL=nao', 'VEGETACAO_NATIVA=sim', 'STATUS=PE'})"
0.015696649029982364,"frozenset({'STATUS=SU', 'RESERVA_LEGAL=nao', 'TIPO=IRU'})"
0.015784832451499118,"frozenset({'STATUS=SU', 'RESERVA_LEGAL=nao', 'UF=PA'})"
0.015696649029982364,"frozenset({'STATUS=SU', 'RESERVA_LEGAL=nao', 'USO_RESTRITO=nao'})"
0.3547619047619048,"frozenset({'RESERVA_LEGAL=nao', 'UF=PA', 'TIPO=IRU'})"
0.07936507936507936,"frozenset({'RESERVA_LEGAL=nao', 'UF=SP', 'TIPO=IRU'})"
0.43350970017636686,"frozenset({'RESERVA_LEGAL=nao', 'TIPO=IRU', 'USO_RESTRITO=nao'})"
0.30335097001763667,"frozenset({'RESERVA_LEGAL=nao', 'VEGETACAO_NATIVA=nao', 'TIPO=IRU'})"
0.13077601410934744,"frozenset({'RESERVA_LEGAL=nao', 'VEGETACAO_NATIVA=sim', 'TIPO=IRU'})"
0.3559082892416226,"frozenset({'RESERVA_LEGAL=nao', 'UF=PA', 'USO_RESTRITO=nao'})"
0.2601410934744268,"frozenset({'RESERVA_LEGAL=nao', 'VEGETACAO_NATIVA=nao', 'UF=PA'})"
0.09585537918871252,"frozenset({'RESERVA_LEGAL=nao', 'VEGETACAO_NATIVA=sim', 'UF=PA'})"
0.07892416225749559,"frozenset({'RESERVA_LEGAL=nao', 'UF=SP', 'USO_RESTRITO=nao'})"
0.04426807760141094,"frozenset({'RESERVA_LEGAL=nao', 'VEGETACAO_NATIVA=nao', 'UF=SP'})"
0.03518518518518519,"frozenset({'RESERVA_LEGAL=nao', 'VEGETACAO_NATIVA=sim', 'UF=SP'})"
0.30405643738977073,"frozenset({'RESERVA_LEGAL=nao', 'VEGETACAO_NATIVA=nao', 'USO_RESTRITO=nao'})"
0.13077601410934744,"frozenset({'RESERVA_LEGAL=nao', 'VEGETACAO_NATIVA=sim', 'USO_RESTRITO=nao'})"
0.15582010582010583,"frozenset({'SERVIDAO_ADMINISTRATIVA=nao', 'STATUS=AT', 'RESERVA_LEGAL=sim'})"
0.31746031746031744,"frozenset({'SERVIDAO_ADMINISTRATIVA=nao', 'STATUS=PE', 'RESERVA_LEGAL=sim'})"
0.013932980599647267,"frozenset({'STATUS=SU', 'SERVIDAO_ADMINISTRATIVA=nao', 'RESERVA_LEGAL=sim'})"
0.4858024691358025,"frozenset({'SERVIDAO_ADMINISTRATIVA=nao', 'RESERVA_LEGAL=sim', 'TIPO=IRU'})"
0.43033509700176364,"frozenset({'SERVIDAO_ADMINISTRATIVA=nao', 'UF=PA', 'RESERVA_LEGAL=sim'})"
0.056878306878306875,"frozenset({'SERVIDAO_ADMINISTRATIVA=nao', 'UF=SP', 'RESERVA_LEGAL=sim'})"
0.4849206349206349,"frozenset({'SERVIDAO_ADMINISTRATIVA=nao', 'RESERVA_LEGAL=sim', 'USO_RESTRITO=nao'})"
0.09338624338624339,"frozenset({'SERVIDAO_ADMINISTRATIVA=nao', 'VEGETACAO_NATIVA=nao', 'RESERVA_LEGAL=sim'})"
0.39382716049382716,"frozenset({'SERVIDAO_ADMINISTRATIVA=nao', 'VEGETACAO_NATIVA=sim', 'RESERVA_LEGAL=sim'})"
0.0435626102292769,"frozenset({'STATUS=AT', 'RESERVA_LEGAL=sim', 'SERVIDAO_ADMINISTRATIVA=sim'})"
0.03042328042328042,"frozenset({'STATUS=PE', 'RESERVA_LEGAL=sim', 'SERVIDAO_ADMINISTRATIVA=sim'})"
0.077336860670194,"frozenset({'RESERVA_LEGAL=sim', 'TIPO=IRU', 'SERVIDAO_ADMINISTRATIVA=sim'})"
0.06340388007054673,"frozenset({'UF=PA', 'RESERVA_LEGAL=sim', 'SERVIDAO_ADMINISTRATIVA=sim'})"
0.013932980599647267,"frozenset({'UF=SP', 'RESERVA_LEGAL=sim', 'SERVIDAO_ADMINISTRATIVA=sim'})"
0.07645502645502646,"frozenset({'USO_RESTRITO=nao', 'RESERVA_LEGAL=sim', 'SERVIDAO_ADMINISTRATIVA=sim'})"
0.0701058201058201,"frozenset({'VEGETACAO_NATIVA=sim', 'RESERVA_LEGAL=sim', 'SERVIDAO_ADMINISTRATIVA=sim'})"
0.19797178130511464,"frozenset({'STATUS=AT', 'RESERVA_LEGAL=sim', 'TIPO=IRU'})"
0.12883597883597883,"frozenset({'STATUS=AT', 'UF=PA', 'RESERVA_LEGAL=sim'})"
0.07054673721340388,"frozenset({'STATUS=AT', 'UF=SP', 'RESERVA_LEGAL=sim'})"
0.1966490299823633,"frozenset({'STATUS=AT', 'RESERVA_LEGAL=sim', 'USO_RESTRITO=nao'})"
0.019312169312169312,"frozenset({'STATUS=AT', 'VEGETACAO_NATIVA=nao', 'RESERVA_LEGAL=sim'})"
0.1800705467372134,"frozenset({'STATUS=AT', 'VEGETACAO_NATIVA=sim', 'RESERVA_LEGAL=sim'})"
0.3478835978835979,"frozenset({'RESERVA_LEGAL=sim', 'STATUS=PE', 'TIPO=IRU'})"
0.3476190476190476,"frozenset({'STATUS=PE', 'RESERVA_LEGAL=sim', 'UF=PA'})"
0.3476190476190476,"frozenset({'STATUS=PE', 'RESERVA_LEGAL=sim', 'USO_RESTRITO=nao'})"
0.07751322751322752,"frozenset({'VEGETACAO_NATIVA=nao', 'STATUS=PE', 'RESERVA_LEGAL=sim'})"
0.27037037037037037,"frozenset({'VEGETACAO_NATIVA=sim', 'STATUS=PE', 'RESERVA_LEGAL=sim'})"
0.01728395061728395,"frozenset({'STATUS=SU', 'RESERVA_LEGAL=sim', 'TIPO=IRU'})"
0.01728395061728395,"frozenset({'STATUS=SU', 'UF=PA', 'RESERVA_LEGAL=sim'})"
0.01710758377425044,"frozenset({'STATUS=SU', 'RESERVA_LEGAL=sim', 'USO_RESTRITO=nao'})"
0.013492063492063493,"frozenset({'STATUS=SU', 'VEGETACAO_NATIVA=sim', 'RESERVA_LEGAL=sim'})"
0.49232804232804234,"frozenset({'RESERVA_LEGAL=sim', 'UF=PA', 'TIPO=IRU'})"
0.07081128747795415,"frozenset({'RESERVA_LEGAL=sim', 'UF=SP', 'TIPO=IRU'})"
0.5599647266313933,"frozenset({'RESERVA_LEGAL=sim', 'TIPO=IRU', 'USO_RESTRITO=nao'})"
0.10061728395061728,"frozenset({'RESERVA_LEGAL=sim', 'VEGETACAO_NATIVA=nao', 'TIPO=IRU'})"
0.4625220458553792,"frozenset({'RESERVA_LEGAL=sim', 'VEGETACAO_NATIVA=sim', 'TIPO=IRU'})"
0.49268077601410937,"frozenset({'UF=PA', 'RESERVA_LEGAL=sim', 'USO_RESTRITO=nao'})"
0.09797178130511464,"frozenset({'VEGETACAO_NATIVA=nao', 'UF=PA', 'RESERVA_LEGAL=sim'})"
0.39576719576719577,"frozenset({'VEGETACAO_NATIVA=sim', 'UF=PA', 'RESERVA_LEGAL=sim'})"
0.06869488536155202,"frozenset({'UF=SP', 'RESERVA_LEGAL=sim', 'USO_RESTRITO=nao'})"
0.0681657848324515,"frozenset({'VEGETACAO_NATIVA=sim', 'UF=SP', 'RESERVA_LEGAL=sim'})"
0.10061728395061728,"frozenset({'VEGETACAO_NATIVA=nao', 'RESERVA_LEGAL=sim', 'USO_RESTRITO=nao'})"
0.4607583774250441,"frozenset({'VEGETACAO_NATIVA=sim', 'RESERVA_LEGAL=sim', 'USO_RESTRITO=nao'})"
0.27901234567901234,"frozenset({'SERVIDAO_ADMINISTRATIVA=nao', 'STATUS=AT', 'TIPO=IRU'})"
0.15811287477954145,"frozenset({'SERVIDAO_ADMINISTRATIVA=nao', 'STATUS=AT', 'UF=PA'})"
0.12336860670194004,"frozenset({'SERVIDAO_ADMINISTRATIVA=nao', 'STATUS=AT', 'UF=SP'})"
0.2791005291005291,"frozenset({'SERVIDAO_ADMINISTRATIVA=nao', 'STATUS=AT', 'USO_RESTRITO=nao'})"
0.10361552028218694,"frozenset({'SERVIDAO_ADMINISTRATIVA=nao', 'STATUS=AT', 'VEGETACAO_NATIVA=nao'})"
0.17786596119929454,"frozenset({'SERVIDAO_ADMINISTRATIVA=nao', 'STATUS=AT', 'VEGETACAO_NATIVA=sim'})"
0.5802469135802469,"frozenset({'SERVIDAO_ADMINISTRATIVA=nao', 'STATUS=PE', 'TIPO=IRU'})"
0.5801587301587302,"frozenset({'SERVIDAO_ADMINISTRATIVA=nao', 'STATUS=PE', 'UF=PA'})"
0.5801587301587302,"frozenset({'SERVIDAO_ADMINISTRATIVA=nao', 'STATUS=PE', 'USO_RESTRITO=nao'})"
0.2653439153439153,"frozenset({'SERVIDAO_ADMINISTRATIVA=nao', 'VEGETACAO_NATIVA=nao', 'STATUS=PE'})"
0.31499118165784834,"frozenset({'SERVIDAO_ADMINISTRATIVA=nao', 'VEGETACAO_NATIVA=sim', 'STATUS=PE'})"
0.028306878306878308,"frozenset({'STATUS=SU', 'SERVIDAO_ADMINISTRATIVA=nao', 'TIPO=IRU'})"
0.028395061728395062,"frozenset({'STATUS=SU', 'SERVIDAO_ADMINISTRATIVA=nao', 'UF=PA'})"
0.02821869488536155,"frozenset({'STATUS=SU', 'SERVIDAO_ADMINISTRATIVA=nao', 'USO_RESTRITO=nao'})"
0.01199294532627866,"frozenset({'STATUS=SU', 'SERVIDAO_ADMINISTRATIVA=nao', 'VEGETACAO_NATIVA=nao'})"
0.0164021164021164,"frozenset({'STATUS=SU', 'SERVIDAO_ADMINISTRATIVA=nao', 'VEGETACAO_NATIVA=sim'})"
0.764021164021164,"frozenset({'SERVIDAO_ADMINISTRATIVA=nao', 'UF=PA', 'TIPO=IRU'})"
0.12354497354497354,"frozenset({'SERVIDAO_ADMINISTRATIVA=nao', 'UF=SP', 'TIPO=IRU'})"
0.8848324514991182,"frozenset({'SERVIDAO_ADMINISTRATIVA=nao', 'TIPO=IRU', 'USO_RESTRITO=nao'})"
0.3798941798941799,"frozenset({'SERVIDAO_ADMINISTRATIVA=nao', 'VEGETACAO_NATIVA=nao', 'TIPO=IRU'})"
0.5076719576719577,"frozenset({'SERVIDAO_ADMINISTRATIVA=nao', 'VEGETACAO_NATIVA=sim', 'TIPO=IRU'})"
0.7659611992945327,"frozenset({'SERVIDAO_ADMINISTRATIVA=nao', 'UF=PA', 'USO_RESTRITO=nao'})"
0.33932980599647267,"frozenset({'SERVIDAO_ADMINISTRATIVA=nao', 'VEGETACAO_NATIVA=nao', 'UF=PA'})"
0.427336860670194,"frozenset({'SERVIDAO_ADMINISTRATIVA=nao', 'VEGETACAO_NATIVA=sim', 'UF=PA'})"
0.12151675485008819,"frozenset({'SERVIDAO_ADMINISTRATIVA=nao', 'UF=SP', 'USO_RESTRITO=nao'})"
0.04162257495590829,"frozenset({'SERVIDAO_ADMINISTRATIVA=nao', 'VEGETACAO_NATIVA=nao', 'UF=SP'})"
0.08192239858906526,"frozenset({'SERVIDAO_ADMINISTRATIVA=nao', 'VEGETACAO_NATIVA=sim', 'UF=SP'})"
0.38059964726631396,"frozenset({'SERVIDAO_ADMINISTRATIVA=nao', 'VEGETACAO_NATIVA=nao', 'USO_RESTRITO=nao'})"
0.5068783068783069,"frozenset({'SERVIDAO_ADMINISTRATIVA=nao', 'VEGETACAO_NATIVA=sim', 'USO_RESTRITO=nao'})"
0.059171075837742504,"frozenset({'STATUS=AT', 'TIPO=IRU', 'SERVIDAO_ADMINISTRATIVA=sim'})"
0.0328042328042328,"frozenset({'STATUS=AT', 'UF=PA', 'SERVIDAO_ADMINISTRATIVA=sim'})"
0.026455026455026454,"frozenset({'STATUS=AT', 'UF=SP', 'SERVIDAO_ADMINISTRATIVA=sim'})"
0.05837742504409171,"frozenset({'STATUS=AT', 'SERVIDAO_ADMINISTRATIVA=sim', 'USO_RESTRITO=nao'})"
0.04982363315696649,"frozenset({'STATUS=AT', 'VEGETACAO_NATIVA=sim', 'SERVIDAO_ADMINISTRATIVA=sim'})"
0.04585537918871252,"frozenset({'STATUS=PE', 'TIPO=IRU', 'SERVIDAO_ADMINISTRATIVA=sim'})"
0.04559082892416226,"frozenset({'SERVIDAO_ADMINISTRATIVA=sim', 'STATUS=PE', 'UF=PA'})"
0.04576719576719577,"frozenset({'USO_RESTRITO=nao', 'STATUS=PE', 'SERVIDAO_ADMINISTRATIVA=sim'})"
0.013668430335097001,"frozenset({'VEGETACAO_NATIVA=nao', 'STATUS=PE', 'SERVIDAO_ADMINISTRATIVA=sim'})"
0.03218694885361552,"frozenset({'VEGETACAO_NATIVA=sim', 'STATUS=PE', 'SERVIDAO_ADMINISTRATIVA=sim'})"
0.08306878306878307,"frozenset({'UF=PA', 'TIPO=IRU', 'SERVIDAO_ADMINISTRATIVA=sim'})"
0.026631393298059965,"frozenset({'UF=SP', 'TIPO=IRU', 'SERVIDAO_ADMINISTRATIVA=sim'})"
0.10864197530864197,"frozenset({'USO_RESTRITO=nao', 'TIPO=IRU', 'SERVIDAO_ADMINISTRATIVA=sim'})"
0.024074074074074074,"frozenset({'VEGETACAO_NATIVA=nao', 'TIPO=IRU', 'SERVIDAO_ADMINISTRATIVA=sim'})"
0.08562610229276896,"frozenset({'VEGETACAO_NATIVA=sim', 'TIPO=IRU', 'SERVIDAO_ADMINISTRATIVA=sim'})"
0.0826278659611993,"frozenset({'USO_RESTRITO=nao', 'UF=PA', 'SERVIDAO_ADMINISTRATIVA=sim'})"
0.018783068783068783,"frozenset({'VEGETACAO_NATIVA=nao', 'UF=PA', 'SERVIDAO_ADMINISTRATIVA=sim'})"
0.06428571428571428,"frozenset({'VEGETACAO_NATIVA=sim', 'UF=PA', 'SERVIDAO_ADMINISTRATIVA=sim'})"
0.026102292768959437,"frozenset({'USO_RESTRITO=nao', 'UF=SP', 'SERVIDAO_ADMINISTRATIVA=sim'})"
0.02142857142857143,"frozenset({'VEGETACAO_NATIVA=sim', 'UF=SP', 'SERVIDAO_ADMINISTRATIVA=sim'})"
0.024074074074074074,"frozenset({'USO_RESTRITO=nao', 'VEGETACAO_NATIVA=nao', 'SERVIDAO_ADMINISTRATIVA=sim'})"
0.08465608465608465,"frozenset({'USO_RESTRITO=nao', 'VEGETACAO_NATIVA=sim', 'SERVIDAO_ADMINISTRATIVA=sim'})"
0.18844797178130512,"frozenset({'STATUS=AT', 'UF=PA', 'TIPO=IRU'})"
0.14973544973544972,"frozenset({'STATUS=AT', 'UF=SP', 'TIPO=IRU'})"
0.3349206349206349,"frozenset({'STATUS=AT', 'TIPO=IRU', 'USO_RESTRITO=nao'})"
0.11216931216931217,"frozenset({'STATUS=AT', 'VEGETACAO_NATIVA=nao', 'TIPO=IRU'})"
0.22601410934744268,"frozenset({'STATUS=AT', 'VEGETACAO_NATIVA=sim', 'TIPO=IRU'})"
0.19029982363315698,"frozenset({'STATUS=AT', 'UF=PA', 'USO_RESTRITO=nao'})"
0.06622574955908289,"frozenset({'STATUS=AT', 'VEGETACAO_NATIVA=nao', 'UF=PA'})"
0.12469135802469136,"frozenset({'STATUS=AT', 'VEGETACAO_NATIVA=sim', 'UF=PA'})"
0.14717813051146383,"frozenset({'STATUS=AT', 'UF=SP', 'USO_RESTRITO=nao'})"
0.046825396825396826,"frozenset({'STATUS=AT', 'VEGETACAO_NATIVA=nao', 'UF=SP'})"
0.10299823633156967,"frozenset({'STATUS=AT', 'VEGETACAO_NATIVA=sim', 'UF=SP'})"
0.1126984126984127,"frozenset({'STATUS=AT', 'VEGETACAO_NATIVA=nao', 'USO_RESTRITO=nao'})"
0.22477954144620813,"frozenset({'STATUS=AT', 'VEGETACAO_NATIVA=sim', 'USO_RESTRITO=nao'})"
0.6256613756613757,"frozenset({'STATUS=PE', 'TIPO=IRU', 'UF=PA'})"
0.6258377425044092,"frozenset({'STATUS=PE', 'TIPO=IRU', 'USO_RESTRITO=nao'})"
0.2789241622574956,"frozenset({'VEGETACAO_NATIVA=nao', 'STATUS=PE', 'TIPO=IRU'})"
0.34717813051146384,"frozenset({'VEGETACAO_NATIVA=sim', 'STATUS=PE', 'TIPO=IRU'})"
0.6254850088183421,"frozenset({'USO_RESTRITO=nao', 'STATUS=PE', 'UF=PA'})"
0.2789241622574956,"frozenset({'VEGETACAO_NATIVA=nao', 'STATUS=PE', 'UF=PA'})"
0.3468253968253968,"frozenset({'VEGETACAO_NATIVA=sim', 'STATUS=PE', 'UF=PA'})"
0.27901234567901234,"frozenset({'VEGETACAO_NATIVA=nao', 'STATUS=PE', 'USO_RESTRITO=nao'})"
0.3469135802469136,"frozenset({'VEGETACAO_NATIVA=sim', 'STATUS=PE', 'USO_RESTRITO=nao'})"
0.032980599647266316,"frozenset({'STATUS=SU', 'UF=PA', 'TIPO=IRU'})"
0.03271604938271605,"frozenset({'STATUS=SU', 'TIPO=IRU', 'USO_RESTRITO=nao'})"
0.012874779541446208,"frozenset({'STATUS=SU', 'VEGETACAO_NATIVA=nao', 'TIPO=IRU'})"
0.020105820105820106,"frozenset({'STATUS=SU', 'VEGETACAO_NATIVA=sim', 'TIPO=IRU'})"
0.0328042328042328,"frozenset({'STATUS=SU', 'UF=PA', 'USO_RESTRITO=nao'})"
0.012962962962962963,"frozenset({'STATUS=SU', 'VEGETACAO_NATIVA=nao', 'UF=PA'})"
0.020105820105820106,"frozenset({'STATUS=SU', 'VEGETACAO_NATIVA=sim', 'UF=PA'})"
0.012962962962962963,"frozenset({'STATUS=SU', 'VEGETACAO_NATIVA=nao', 'USO_RESTRITO=nao'})"
0.01984126984126984,"frozenset({'STATUS=SU', 'VEGETACAO_NATIVA=sim', 'USO_RESTRITO=nao'})"
0.8459435626102293,"frozenset({'UF=PA', 'TIPO=IRU', 'USO_RESTRITO=nao'})"
0.35705467372134037,"frozenset({'VEGETACAO_NATIVA=nao', 'UF=PA', 'TIPO=IRU'})"
0.4900352733686067,"frozenset({'VEGETACAO_NATIVA=sim', 'UF=PA', 'TIPO=IRU'})"
0.14753086419753086,"frozenset({'UF=SP', 'TIPO=IRU', 'USO_RESTRITO=nao'})"
0.04691358024691358,"frozenset({'VEGETACAO_NATIVA=nao', 'UF=SP', 'TIPO=IRU'})"
0.10326278659611993,"frozenset({'VEGETACAO_NATIVA=sim', 'UF=SP', 'TIPO=IRU'})"
0.40361552028218695,"frozenset({'VEGETACAO_NATIVA=nao', 'TIPO=IRU', 'USO_RESTRITO=nao'})"
0.5898589065255732,"frozenset({'VEGETACAO_NATIVA=sim', 'TIPO=IRU', 'USO_RESTRITO=nao'})"
0.35811287477954146,"frozenset({'VEGETACAO_NATIVA=nao', 'UF=PA', 'USO_RESTRITO=nao'})"
0.49047619047619045,"frozenset({'VEGETACAO_NATIVA=sim', 'UF=PA', 'USO_RESTRITO=nao'})"
0.04656084656084656,"frozenset({'VEGETACAO_NATIVA=nao', 'UF=SP', 'USO_RESTRITO=nao'})"
0.10105820105820106,"frozenset({'VEGETACAO_NATIVA=sim', 'UF=SP', 'USO_RESTRITO=nao'})"
