itemsets,support,length
TIPO=IRU,0.9972663139329806,1
USO_RESTRITO=nao,0.9962081128747795,1
AREA_POUSIO=nao,0.9943562610229277,1
TIPO=IRU; USO_RESTRITO=nao,0.9934744268077601,2
AREA_POUSIO=nao; TIPO=IRU,0.9922398589065256,2
AREA_POUSIO=nao; USO_RESTRITO=nao,0.990652557319224,2
AREA_POUSIO=nao; TIPO=IRU; USO_RESTRITO=nao,0.9885361552028219,3
AREA_CONSOLIDADA=sim,0.9244268077601411,1
AREA_CONSOLIDADA=sim; TIPO=IRU,0.9217813051146384,2
AREA_CONSOLIDADA=sim; USO_RESTRITO=nao,0.9210758377425045,2
AREA_CONSOLIDADA=sim; AREA_POUSIO=nao,0.9192239858906526,2
AREA_CONSOLIDADA=sim; TIPO=IRU; USO_RESTRITO=nao,0.9184303350970018,3
AREA_CONSOLIDADA=sim; AREA_POUSIO=nao; TIPO=IRU,0.9171957671957672,3
AREA_CONSOLIDADA=sim; AREA_POUSIO=nao; USO_RESTRITO=nao,0.9159611992945327,3
SERVIDAO_ADMINISTRATIVA=nao,0.8902116402116402,1
SERVIDAO_ADMINISTRATIVA=nao; TIPO=IRU,0.8875661375661376,2
SERVIDAO_ADMINISTRATIVA=nao; USO_RESTRITO=nao,0.8874779541446208,2
AREA_POUSIO=nao; SERVIDAO_ADMINISTRATIVA=nao,0.8850088183421517,2
SERVIDAO_ADMINISTRATIVA=nao; TIPO=IRU; USO_RESTRITO=nao,0.8848324514991182,3
AREA_POUSIO=nao; SERVIDAO_ADMINISTRATIVA=nao; TIPO=IRU,0.8829805996472663,3
AREA_POUSIO=nao; SERVIDAO_ADMINISTRATIVA=nao; USO_RESTRITO=nao,0.882363315696649,3
MUNICIPIO=São Félix do Xingu,0.8497354497354498,1
UF=PA,0.8497354497354498,1
MUNICIPIO=São Félix do Xingu; UF=PA,0.8497354497354498,2
MUNICIPIO=São Félix do Xingu; USO_RESTRITO=nao,0.848589065255732,2
UF=PA; USO_RESTRITO=nao,0.848589065255732,2
MUNICIPIO=São Félix do Xingu; UF=PA; USO_RESTRITO=nao,0.848589065255732,3
MUNICIPIO=São Félix do Xingu; TIPO=IRU,0.8470899470899471,2
TIPO=IRU; UF=PA,0.8470899470899471,2
MUNICIPIO=São Félix do Xingu; TIPO=IRU; UF=PA,0.8470899470899471,3
MUNICIPIO=São Félix do Xingu; TIPO=IRU; USO_RESTRITO=nao,0.8459435626102293,3
TIPO=IRU; UF=PA; USO_RESTRITO=nao,0.8459435626102293,3
AREA_POUSIO=nao; MUNICIPIO=São Félix do Xingu,0.8441798941798941,2
AREA_POUSIO=nao; UF=PA,0.8441798941798941,2
AREA_POUSIO=nao; MUNICIPIO=São Félix do Xingu; UF=PA,0.8441798941798941,3
AREA_POUSIO=nao; MUNICIPIO=São Félix do Xingu; USO_RESTRITO=nao,0.8431216931216932,3
AREA_POUSIO=nao; UF=PA; USO_RESTRITO=nao,0.8431216931216932,3
AREA_POUSIO=nao; MUNICIPIO=São Félix do Xingu; TIPO=IRU,0.8421516754850088,3
AREA_POUSIO=nao; TIPO=IRU; UF=PA,0.8421516754850088,3
AREA_CONSOLIDADA=sim; SERVIDAO_ADMINISTRATIVA=nao,0.8196649029982364,2
AREA_CONSOLIDADA=sim; SERVIDAO_ADMINISTRATIVA=nao; USO_RESTRITO=nao,0.8171957671957671,3
AREA_CONSOLIDADA=sim; SERVIDAO_ADMINISTRATIVA=nao; TIPO=IRU,0.8171075837742504,3
AREA_CONSOLIDADA=sim; AREA_POUSIO=nao; SERVIDAO_ADMINISTRATIVA=nao,0.8149029982363316,3
AREA_CONSOLIDADA=sim; MUNICIPIO=São Félix do Xingu,0.7974426807760141,2
AREA_CONSOLIDADA=sim; UF=PA,0.7974426807760141,2
AREA_CONSOLIDADA=sim; MUNICIPIO=São Félix do Xingu; UF=PA,0.7974426807760141,3
AREA_CONSOLIDADA=sim; MUNICIPIO=São Félix do Xingu; USO_RESTRITO=nao,0.7962962962962963,3
AREA_CONSOLIDADA=sim; UF=PA; USO_RESTRITO=nao,0.7962962962962963,3
AREA_CONSOLIDADA=sim; MUNICIPIO=São Félix do Xingu; TIPO=IRU,0.7948853615520283,3
AREA_CONSOLIDADA=sim; TIPO=IRU; UF=PA,0.7948853615520283,3
AREA_CONSOLIDADA=sim; AREA_POUSIO=nao; MUNICIPIO=São Félix do Xingu,0.7923280423280423,3
AREA_CONSOLIDADA=sim; AREA_POUSIO=nao; UF=PA,0.7923280423280423,3
MUNICIPIO=São Félix do Xingu; SERVIDAO_ADMINISTRATIVA=nao,0.7666666666666667,2
SERVIDAO_ADMINISTRATIVA=nao; UF=PA,0.7666666666666667,2
MUNICIPIO=São Félix do Xingu; SERVIDAO_ADMINISTRATIVA=nao; UF=PA,0.7666666666666667,3
MUNICIPIO=São Félix do Xingu; SERVIDAO_ADMINISTRATIVA=nao; USO_RESTRITO=nao,0.7659611992945327,3
SERVIDAO_ADMINISTRATIVA=nao; UF=PA; USO_RESTRITO=nao,0.7659611992945327,3
MUNICIPIO=São Félix do Xingu; SERVIDAO_ADMINISTRATIVA=nao; TIPO=IRU,0.764021164021164,3
SERVIDAO_ADMINISTRATIVA=nao; TIPO=IRU; UF=PA,0.764021164021164,3
AREA_POUSIO=nao; MUNICIPIO=São Félix do Xingu; SERVIDAO_ADMINISTRATIVA=nao,0.7615520282186948,3
AREA_POUSIO=nao; SERVIDAO_ADMINISTRATIVA=nao; UF=PA,0.7615520282186948,3
AREA_CONSOLIDADA=sim; MUNICIPIO=São Félix do Xingu; SERVIDAO_ADMINISTRATIVA=nao,0.7156966490299823,3
AREA_CONSOLIDADA=sim; SERVIDAO_ADMINISTRATIVA=nao; UF=PA,0.7156966490299823,3
STATUS=PE,0.6261904761904762,1
STATUS=PE; TIPO=IRU,0.6261022927689595,2
STATUS=PE; USO_RESTRITO=nao,0.6259259259259259,2
STATUS=PE; TIPO=IRU; USO_RESTRITO=nao,0.6258377425044092,3
MUNICIPIO=São Félix do Xingu; STATUS=PE,0.6257495590828924,2
STATUS=PE; UF=PA,0.6257495590828924,2
MUNICIPIO=São Félix do Xingu; STATUS=PE; UF=PA,0.6257495590828924,3
MUNICIPIO=São Félix do Xingu; STATUS=PE; TIPO=IRU,0.6256613756613757,3
STATUS=PE; TIPO=IRU; UF=PA,0.6256613756613757,3
MUNICIPIO=São Félix do Xingu; STATUS=PE; USO_RESTRITO=nao,0.6254850088183421,3
STATUS=PE; UF=PA; USO_RESTRITO=nao,0.6254850088183421,3
AREA_POUSIO=nao; STATUS=PE,0.6221340388007055,2
AREA_POUSIO=nao; STATUS=PE; TIPO=IRU,0.6220458553791887,3
AREA_POUSIO=nao; STATUS=PE; USO_RESTRITO=nao,0.6219576719576719,3
AREA_POUSIO=nao; MUNICIPIO=São Félix do Xingu; STATUS=PE,0.6216931216931217,3
AREA_POUSIO=nao; STATUS=PE; UF=PA,0.6216931216931217,3
VEGETACAO_NATIVA=sim,0.5949735449735449,1
TIPO=IRU; VEGETACAO_NATIVA=sim,0.5932980599647266,2
AREA_POUSIO=nao; VEGETACAO_NATIVA=sim,0.5920634920634921,2
USO_RESTRITO=nao; VEGETACAO_NATIVA=sim,0.5915343915343916,2
AREA_POUSIO=nao; TIPO=IRU; VEGETACAO_NATIVA=sim,0.591005291005291,3
AREA_CONSOLIDADA=sim; STATUS=PE,0.5902116402116402,2
AREA_CONSOLIDADA=sim; STATUS=PE; TIPO=IRU,0.5901234567901235,3
AREA_CONSOLIDADA=sim; STATUS=PE; USO_RESTRITO=nao,0.58994708994709,3
TIPO=IRU; USO_RESTRITO=nao; VEGETACAO_NATIVA=sim,0.5898589065255732,3
AREA_CONSOLIDADA=sim; MUNICIPIO=São Félix do Xingu; STATUS=PE,0.5897707231040564,3
AREA_CONSOLIDADA=sim; STATUS=PE; UF=PA,0.5897707231040564,3
AREA_POUSIO=nao; USO_RESTRITO=nao; VEGETACAO_NATIVA=sim,0.5887125220458553,3
AREA_CONSOLIDADA=sim; AREA_POUSIO=nao; STATUS=PE,0.5865079365079365,3
SERVIDAO_ADMINISTRATIVA=nao; STATUS=PE,0.5803350970017637,2
SERVIDAO_ADMINISTRATIVA=nao; STATUS=PE; TIPO=IRU,0.5802469135802469,3
MUNICIPIO=São Félix do Xingu; SERVIDAO_ADMINISTRATIVA=nao; STATUS=PE,0.5801587301587302,3
SERVIDAO_ADMINISTRATIVA=nao; STATUS=PE; UF=PA,0.5801587301587302,3
SERVIDAO_ADMINISTRATIVA=nao; STATUS=PE; USO_RESTRITO=nao,0.5801587301587302,3
AREA_POUSIO=nao; SERVIDAO_ADMINISTRATIVA=nao; STATUS=PE,0.5764550264550264,3
APP=sim,0.5717813051146384,1
APP=sim; TIPO=IRU,0.5701058201058201,2
APP=sim; USO_RESTRITO=nao,0.5684303350970018,2
APP=sim; AREA_POUSIO=nao,0.568342151675485,2
APP=sim; AREA_POUSIO=nao; TIPO=IRU,0.567283950617284,3
APP=sim; TIPO=IRU; USO_RESTRITO=nao,0.5667548500881834,3
APP=sim; AREA_POUSIO=nao; USO_RESTRITO=nao,0.5650793650793651,3
RESERVA_LEGAL=sim,0.5645502645502646,1
RESERVA_LEGAL=sim; TIPO=IRU,0.5631393298059965,2
AREA_POUSIO=nao; RESERVA_LEGAL=sim,0.5613756613756614,2
RESERVA_LEGAL=sim; USO_RESTRITO=nao,0.5613756613756614,2
AREA_POUSIO=nao; RESERVA_LEGAL=sim; TIPO=IRU,0.5605820105820106,3
RESERVA_LEGAL=sim; TIPO=IRU; USO_RESTRITO=nao,0.5599647266313933,3
AREA_CONSOLIDADA=sim; VEGETACAO_NATIVA=sim,0.5585537918871252,2
AREA_POUSIO=nao; RESERVA_LEGAL=sim; USO_RESTRITO=nao,0.558289241622575,3
AREA_CONSOLIDADA=sim; TIPO=IRU; VEGETACAO_NATIVA=sim,0.5568783068783069,3
AREA_CONSOLIDADA=sim; AREA_POUSIO=nao; VEGETACAO_NATIVA=sim,0.5556437389770723,3
AREA_CONSOLIDADA=sim; USO_RESTRITO=nao; VEGETACAO_NATIVA=sim,0.555379188712522,3
APP=sim; AREA_CONSOLIDADA=sim,0.5452380952380952,2
AREA_CONSOLIDADA=sim; SERVIDAO_ADMINISTRATIVA=nao; STATUS=PE,0.544973544973545,3
HIDROGRAFIA=sim,0.5439153439153439,1
APP=sim; AREA_CONSOLIDADA=sim; TIPO=IRU,0.5435626102292769,3
HIDROGRAFIA=sim; TIPO=IRU,0.5422398589065256,2
APP=sim; AREA_CONSOLIDADA=sim; USO_RESTRITO=nao,0.542063492063492,3
APP=sim; AREA_CONSOLIDADA=sim; AREA_POUSIO=nao,0.5418871252204586,3
APP=sim; HIDROGRAFIA=sim,0.5415343915343915,2
HIDROGRAFIA=sim; USO_RESTRITO=nao,0.5408289241622575,2
AREA_POUSIO=nao; HIDROGRAFIA=sim,0.5405643738977073,2
APP=sim; HIDROGRAFIA=sim; TIPO=IRU,0.5398589065255732,3
AREA_POUSIO=nao; HIDROGRAFIA=sim; TIPO=IRU,0.5395061728395062,3
HIDROGRAFIA=sim; TIPO=IRU; USO_RESTRITO=nao,0.5391534391534392,3
APP=sim; HIDROGRAFIA=sim; USO_RESTRITO=nao,0.5384479717813051,3
APP=sim; AREA_POUSIO=nao; HIDROGRAFIA=sim,0.5381834215167548,3
AREA_POUSIO=nao; HIDROGRAFIA=sim; USO_RESTRITO=nao,0.5375661375661376,3
MOD_FISCAL=<1 módulo,0.5372134038800706,1
MOD_FISCAL=<1 módulo; TIPO=IRU,0.5358906525573193,2
MOD_FISCAL=<1 módulo; USO_RESTRITO=nao,0.5350970017636685,2
MOD_FISCAL=<1 módulo; TIPO=IRU; USO_RESTRITO=nao,0.5337742504409171,3
AREA_POUSIO=nao; MOD_FISCAL=<1 módulo,0.5336860670194004,2
AREA_POUSIO=nao; MOD_FISCAL=<1 módulo; TIPO=IRU,0.5329805996472663,3
AREA_POUSIO=nao; MOD_FISCAL=<1 módulo; USO_RESTRITO=nao,0.5315696649029983,3
AREA_CONSOLIDADA=sim; RESERVA_LEGAL=sim,0.5298941798941799,2
AREA_CONSOLIDADA=sim; RESERVA_LEGAL=sim; TIPO=IRU,0.5284832451499119,3
AREA_CONSOLIDADA=sim; AREA_POUSIO=nao; RESERVA_LEGAL=sim,0.5268077601410934,3
AREA_CONSOLIDADA=sim; RESERVA_LEGAL=sim; USO_RESTRITO=nao,0.5268077601410934,3
AREA_CONSOLIDADA=sim; HIDROGRAFIA=sim,0.5178130511463844,2
APP=sim; AREA_CONSOLIDADA=sim; HIDROGRAFIA=sim,0.5164902998236331,3
AREA_CONSOLIDADA=sim; HIDROGRAFIA=sim; TIPO=IRU,0.5161375661375661,3
AREA_CONSOLIDADA=sim; HIDROGRAFIA=sim; USO_RESTRITO=nao,0.5149029982363316,3
AREA_CONSOLIDADA=sim; AREA_POUSIO=nao; HIDROGRAFIA=sim,0.5144620811287478,3
SERVIDAO_ADMINISTRATIVA=nao; VEGETACAO_NATIVA=sim,0.5092592592592593,2
SERVIDAO_ADMINISTRATIVA=nao; TIPO=IRU; VEGETACAO_NATIVA=sim,0.5076719576719577,3
SERVIDAO_ADMINISTRATIVA=nao; USO_RESTRITO=nao; VEGETACAO_NATIVA=sim,0.5068783068783069,3
AREA_POUSIO=nao; SERVIDAO_ADMINISTRATIVA=nao; VEGETACAO_NATIVA=sim,0.5066137566137566,3
MOD_FISCAL=<1 módulo; SERVIDAO_ADMINISTRATIVA=nao,0.5009700176366843,2
MOD_FISCAL=<1 módulo; SERVIDAO_ADMINISTRATIVA=nao; TIPO=IRU,0.49973544973544975,3
MOD_FISCAL=<1 módulo; SERVIDAO_ADMINISTRATIVA=nao; USO_RESTRITO=nao,0.49929453262786594,3
AREA_POUSIO=nao; MOD_FISCAL=<1 módulo; SERVIDAO_ADMINISTRATIVA=nao,0.4976190476190476,3
MUNICIPIO=São Félix do Xingu; RESERVA_LEGAL=sim,0.4937389770723104,2
RESERVA_LEGAL=sim; UF=PA,0.4937389770723104,2
MUNICIPIO=São Félix do Xingu; RESERVA_LEGAL=sim; UF=PA,0.4937389770723104,3
MUNICIPIO=São Félix do Xingu; RESERVA_LEGAL=sim; USO_RESTRITO=nao,0.49268077601410937,3
RESERVA_LEGAL=sim; UF=PA; USO_RESTRITO=nao,0.49268077601410937,3
MUNICIPIO=São Félix do Xingu; RESERVA_LEGAL=sim; TIPO=IRU,0.49232804232804234,3
RESERVA_LEGAL=sim; TIPO=IRU; UF=PA,0.49232804232804234,3
MUNICIPIO=São Félix do Xingu; VEGETACAO_NATIVA=sim,0.4916225749559083,2
UF=PA; VEGETACAO_NATIVA=sim,0.4916225749559083,2
MUNICIPIO=São Félix do Xingu; UF=PA; VEGETACAO_NATIVA=sim,0.4916225749559083,3
AREA_POUSIO=nao; MUNICIPIO=São Félix do Xingu; RESERVA_LEGAL=sim,0.49056437389770724,3
AREA_POUSIO=nao; RESERVA_LEGAL=sim; UF=PA,0.49056437389770724,3
MUNICIPIO=São Félix do Xingu; USO_RESTRITO=nao; VEGETACAO_NATIVA=sim,0.49047619047619045,3
UF=PA; USO_RESTRITO=nao; VEGETACAO_NATIVA=sim,0.49047619047619045,3
MUNICIPIO=São Félix do Xingu; TIPO=IRU; VEGETACAO_NATIVA=sim,0.4900352733686067,3
TIPO=IRU; UF=PA; VEGETACAO_NATIVA=sim,0.4900352733686067,3
AREA_POUSIO=nao; MUNICIPIO=São Félix do Xingu; VEGETACAO_NATIVA=sim,0.48871252204585536,3
AREA_POUSIO=nao; UF=PA; VEGETACAO_NATIVA=sim,0.48871252204585536,3
RESERVA_LEGAL=sim; SERVIDAO_ADMINISTRATIVA=nao,0.48721340388007056,2
RESERVA_LEGAL=sim; SERVIDAO_ADMINISTRATIVA=nao; TIPO=IRU,0.4858024691358025,3
AREA_CONSOLIDADA=sim; MOD_FISCAL=<1 módulo,0.48518518518518516,2
RESERVA_LEGAL=sim; SERVIDAO_ADMINISTRATIVA=nao; USO_RESTRITO=nao,0.4849206349206349,3
AREA_POUSIO=nao; RESERVA_LEGAL=sim; SERVIDAO_ADMINISTRATIVA=nao,0.48421516754850086,3
AREA_CONSOLIDADA=sim; MOD_FISCAL=<1 módulo; TIPO=IRU,0.4838624338624339,3
AREA_CONSOLIDADA=sim; MOD_FISCAL=<1 módulo; USO_RESTRITO=nao,0.48324514991181655,3
AREA=15-100 ha,0.48245149911816576,1
AREA=15-100 ha; TIPO=IRU,0.48245149911816576,2
AREA_CONSOLIDADA=sim; AREA_POUSIO=nao; MOD_FISCAL=<1 módulo,0.4820987654320988,3
AREA=15-100 ha; USO_RESTRITO=nao,0.48156966490299824,2
AREA=15-100 ha; TIPO=IRU; USO_RESTRITO=nao,0.48156966490299824,3
AREA=15-100 ha; AREA_POUSIO=nao,0.47998236331569666,2
AREA=15-100 ha; AREA_POUSIO=nao; TIPO=IRU,0.47998236331569666,3
AREA=15-100 ha; AREA_POUSIO=nao; USO_RESTRITO=nao,0.4791005291005291,3
APP=sim; SERVIDAO_ADMINISTRATIVA=nao,0.47610229276895943,2
AREA_CONSOLIDADA=sim; SERVIDAO_ADMINISTRATIVA=nao; VEGETACAO_NATIVA=sim,0.47530864197530864,3
APP=sim; SERVIDAO_ADMINISTRATIVA=nao; TIPO=IRU,0.47451499118165785,3
APP=sim; SERVIDAO_ADMINISTRATIVA=nao; USO_RESTRITO=nao,0.4736331569664903,3
APP=sim; AREA_POUSIO=nao; SERVIDAO_ADMINISTRATIVA=nao,0.47292768959435627,3
AREA_CONSOLIDADA=sim; MUNICIPIO=São Félix do Xingu; VEGETACAO_NATIVA=sim,0.4652557319223986,3
AREA_CONSOLIDADA=sim; UF=PA; VEGETACAO_NATIVA=sim,0.4652557319223986,3
APP=sim; MUNICIPIO=São Félix do Xingu,0.4650793650793651,2
APP=sim; UF=PA,0.4650793650793651,2
APP=sim; MUNICIPIO=São Félix do Xingu; UF=PA,0.4650793650793651,3
APP=sim; MUNICIPIO=São Félix do Xingu; USO_RESTRITO=nao,0.464021164021164,3
APP=sim; UF=PA; USO_RESTRITO=nao,0.464021164021164,3
RESERVA_LEGAL=sim; VEGETACAO_NATIVA=sim,0.46393298059964727,2
APP=sim; MUNICIPIO=São Félix do Xingu; TIPO=IRU,0.4634920634920635,3
APP=sim; TIPO=IRU; UF=PA,0.4634920634920635,3
AREA_CONSOLIDADA=sim; MUNICIPIO=São Félix do Xingu; RESERVA_LEGAL=sim,0.4634920634920635,3
AREA_CONSOLIDADA=sim; RESERVA_LEGAL=sim; UF=PA,0.4634920634920635,3
RESERVA_LEGAL=sim; TIPO=IRU; VEGETACAO_NATIVA=sim,0.4625220458553792,3
AREA_POUSIO=nao; RESERVA_LEGAL=sim; VEGETACAO_NATIVA=sim,0.46190476190476193,3
APP=sim; AREA_POUSIO=nao; MUNICIPIO=São Félix do Xingu,0.46164021164021163,3
APP=sim; AREA_POUSIO=nao; UF=PA,0.46164021164021163,3
RESERVA_LEGAL=sim; USO_RESTRITO=nao; VEGETACAO_NATIVA=sim,0.4607583774250441,3
AREA=15-100 ha; AREA_CONSOLIDADA=sim,0.4595238095238095,2
AREA=15-100 ha; AREA_CONSOLIDADA=sim; TIPO=IRU,0.4595238095238095,3
AREA=15-100 ha; AREA_CONSOLIDADA=sim; USO_RESTRITO=nao,0.4588183421516755,3
AREA=15-100 ha; AREA_CONSOLIDADA=sim; AREA_POUSIO=nao,0.45714285714285713,3
HIDROGRAFIA=nao,0.4560846560846561,1
HIDROGRAFIA=nao; USO_RESTRITO=nao,0.45537918871252203,2
HIDROGRAFIA=nao; TIPO=IRU,0.455026455026455,2
AREA_CONSOLIDADA=sim; RESERVA_LEGAL=sim; SERVIDAO_ADMINISTRATIVA=nao,0.454320987654321,3
HIDROGRAFIA=nao; TIPO=IRU; USO_RESTRITO=nao,0.454320987654321,3
AREA_POUSIO=nao; HIDROGRAFIA=nao,0.45379188712522045,2
AREA_POUSIO=nao; HIDROGRAFIA=nao; USO_RESTRITO=nao,0.45308641975308644,3
AREA_POUSIO=nao; HIDROGRAFIA=nao; TIPO=IRU,0.4527336860670194,3
APP=sim; AREA_CONSOLIDADA=sim; SERVIDAO_ADMINISTRATIVA=nao,0.4523809523809524,3
AREA_CONSOLIDADA=sim; MOD_FISCAL=<1 módulo; SERVIDAO_ADMINISTRATIVA=nao,0.45185185185185184,3
HIDROGRAFIA=sim; SERVIDAO_ADMINISTRATIVA=nao,0.4501763668430335,2
APP=sim; AREA_CONSOLIDADA=sim; MUNICIPIO=São Félix do Xingu,0.4492063492063492,3
APP=sim; AREA_CONSOLIDADA=sim; UF=PA,0.4492063492063492,3
HIDROGRAFIA=sim; SERVIDAO_ADMINISTRATIVA=nao; TIPO=IRU,0.44858906525573194,3
APP=sim; HIDROGRAFIA=sim; SERVIDAO_ADMINISTRATIVA=nao,0.4480599647266314,3
HIDROGRAFIA=sim; SERVIDAO_ADMINISTRATIVA=nao; USO_RESTRITO=nao,0.4478835978835979,3
AREA_POUSIO=nao; HIDROGRAFIA=sim; SERVIDAO_ADMINISTRATIVA=nao,0.4470899470899471,3
HIDROGRAFIA=sim; MUNICIPIO=São Félix do Xingu,0.445326278659612,2
HIDROGRAFIA=sim; UF=PA,0.445326278659612,2
HIDROGRAFIA=sim; MUNICIPIO=São Félix do Xingu; UF=PA,0.445326278659612,3
HIDROGRAFIA=sim; MUNICIPIO=São Félix do Xingu; USO_RESTRITO=nao,0.44426807760141096,3
HIDROGRAFIA=sim; UF=PA; USO_RESTRITO=nao,0.44426807760141096,3
HIDROGRAFIA=sim; MUNICIPIO=São Félix do Xingu; TIPO=IRU,0.4437389770723104,3
HIDROGRAFIA=sim; TIPO=IRU; UF=PA,0.4437389770723104,3
APP=sim; HIDROGRAFIA=sim; MUNICIPIO=São Félix do Xingu,0.4435626102292769,3
APP=sim; HIDROGRAFIA=sim; UF=PA,0.4435626102292769,3
AREA=15-100 ha; SERVIDAO_ADMINISTRATIVA=nao,0.44320987654320987,2
AREA=15-100 ha; SERVIDAO_ADMINISTRATIVA=nao; TIPO=IRU,0.44320987654320987,3
AREA=15-100 ha; SERVIDAO_ADMINISTRATIVA=nao; USO_RESTRITO=nao,0.4427689594356261,3
AREA_POUSIO=nao; HIDROGRAFIA=sim; MUNICIPIO=São Félix do Xingu,0.4419753086419753,3
AREA_POUSIO=nao; HIDROGRAFIA=sim; UF=PA,0.4419753086419753,3
AREA=15-100 ha; AREA_POUSIO=nao; SERVIDAO_ADMINISTRATIVA=nao,0.441005291005291,3
AREA_CONSOLIDADA=sim; RESERVA_LEGAL=sim; VEGETACAO_NATIVA=sim,0.44074074074074077,3
HIDROGRAFIA=nao; SERVIDAO_ADMINISTRATIVA=nao,0.4400352733686067,2
HIDROGRAFIA=nao; SERVIDAO_ADMINISTRATIVA=nao; USO_RESTRITO=nao,0.43959435626102294,3
HIDROGRAFIA=nao; SERVIDAO_ADMINISTRATIVA=nao; TIPO=IRU,0.43897707231040567,3
AREA_POUSIO=nao; HIDROGRAFIA=nao; SERVIDAO_ADMINISTRATIVA=nao,0.4379188712522046,3
RESERVA_LEGAL=nao,0.4354497354497355,1
RESERVA_LEGAL=nao; USO_RESTRITO=nao,0.43483245149911814,2
RESERVA_LEGAL=nao; TIPO=IRU,0.43412698412698414,2
RESERVA_LEGAL=nao; TIPO=IRU; USO_RESTRITO=nao,0.43350970017636686,3
AREA_POUSIO=nao; RESERVA_LEGAL=nao,0.4329805996472663,2
AREA_POUSIO=nao; RESERVA_LEGAL=nao; USO_RESTRITO=nao,0.43236331569664904,3
AREA_POUSIO=nao; RESERVA_LEGAL=nao; TIPO=IRU,0.431657848324515,3
AREA=15-100 ha; MUNICIPIO=São Félix do Xingu,0.43148148148148147,2
AREA=15-100 ha; UF=PA,0.43148148148148147,2
AREA=15-100 ha; MUNICIPIO=São Félix do Xingu; TIPO=IRU,0.43148148148148147,3
AREA=15-100 ha; MUNICIPIO=São Félix do Xingu; UF=PA,0.43148148148148147,3
AREA=15-100 ha; TIPO=IRU; UF=PA,0.43148148148148147,3
AREA=15-100 ha; MUNICIPIO=São Félix do Xingu; USO_RESTRITO=nao,0.43139329805996474,3
AREA=15-100 ha; UF=PA; USO_RESTRITO=nao,0.43139329805996474,3
MUNICIPIO=São Félix do Xingu; RESERVA_LEGAL=sim; SERVIDAO_ADMINISTRATIVA=nao,0.43033509700176364,3
RESERVA_LEGAL=sim; SERVIDAO_ADMINISTRATIVA=nao; UF=PA,0.43033509700176364,3
AREA_CONSOLIDADA=sim; HIDROGRAFIA=sim; MUNICIPIO=São Félix do Xingu,0.4294532627865961,3
AREA_CONSOLIDADA=sim; HIDROGRAFIA=sim; UF=PA,0.4294532627865961,3
AREA=15-100 ha; AREA_POUSIO=nao; MUNICIPIO=São Félix do Xingu,0.42901234567901236,3
AREA=15-100 ha; AREA_POUSIO=nao; UF=PA,0.42901234567901236,3
APP=nao,0.4282186948853616,1
APP=nao; USO_RESTRITO=nao,0.42777777777777776,2
MOD_FISCAL=<1 módulo; MUNICIPIO=São Félix do Xingu,0.42760141093474424,2
MOD_FISCAL=<1 módulo; UF=PA,0.42760141093474424,2
MOD_FISCAL=<1 módulo; MUNICIPIO=São Félix do Xingu; UF=PA,0.42760141093474424,3
MOD_FISCAL=<1 módulo; MUNICIPIO=São Félix do Xingu; USO_RESTRITO=nao,0.4275132275132275,3
MOD_FISCAL=<1 módulo; UF=PA; USO_RESTRITO=nao,0.4275132275132275,3
MUNICIPIO=São Félix do Xingu; SERVIDAO_ADMINISTRATIVA=nao; VEGETACAO_NATIVA=sim,0.427336860670194,3
SERVIDAO_ADMINISTRATIVA=nao; UF=PA; VEGETACAO_NATIVA=sim,0.427336860670194,3
APP=nao; TIPO=IRU,0.4271604938271605,2
AREA_CONSOLIDADA=sim; HIDROGRAFIA=sim; SERVIDAO_ADMINISTRATIVA=nao,0.42680776014109345,3
APP=nao; TIPO=IRU; USO_RESTRITO=nao,0.4267195767195767,3
MOD_FISCAL=<1 módulo; MUNICIPIO=São Félix do Xingu; TIPO=IRU,0.4263668430335097,3
MOD_FISCAL=<1 módulo; TIPO=IRU; UF=PA,0.4263668430335097,3
APP=nao; AREA_POUSIO=nao,0.42601410934744266,2
APP=nao; HIDROGRAFIA=nao,0.42583774250440914,2
APP=nao; AREA_POUSIO=nao; USO_RESTRITO=nao,0.4255731922398589,3
APP=nao; HIDROGRAFIA=nao; USO_RESTRITO=nao,0.4253968253968254,3
APP=nao; AREA_POUSIO=nao; TIPO=IRU,0.4249559082892416,3
APP=nao; HIDROGRAFIA=nao; TIPO=IRU,0.4247795414462081,3
AREA_POUSIO=nao; MOD_FISCAL=<1 módulo; MUNICIPIO=São Félix do Xingu,0.42416225749559083,3
AREA_POUSIO=nao; MOD_FISCAL=<1 módulo; UF=PA,0.42416225749559083,3
APP=nao; AREA_POUSIO=nao; HIDROGRAFIA=nao,0.4236331569664903,3
AREA=15-100 ha; AREA_CONSOLIDADA=sim; SERVIDAO_ADMINISTRATIVA=nao,0.4218694885361552,3
AREA=15-100 ha; AREA_CONSOLIDADA=sim; MUNICIPIO=São Félix do Xingu,0.4156084656084656,3
AREA=15-100 ha; AREA_CONSOLIDADA=sim; UF=PA,0.4156084656084656,3
APP=nao; SERVIDAO_ADMINISTRATIVA=nao,0.4141093474426808,2
APP=nao; SERVIDAO_ADMINISTRATIVA=nao; USO_RESTRITO=nao,0.4138447971781305,3
APP=nao; SERVIDAO_ADMINISTRATIVA=nao; TIPO=IRU,0.4130511463844797,3
APP=nao; AREA_POUSIO=nao; SERVIDAO_ADMINISTRATIVA=nao,0.4120811287477954,3
APP=nao; HIDROGRAFIA=nao; SERVIDAO_ADMINISTRATIVA=nao,0.41199294532627867,3
MOD_FISCAL=<1 módulo; MUNICIPIO=São Félix do Xingu; SERVIDAO_ADMINISTRATIVA=nao,0.40749559082892417,3
MOD_FISCAL=<1 módulo; SERVIDAO_ADMINISTRATIVA=nao; UF=PA,0.40749559082892417,3
APP=sim; VEGETACAO_NATIVA=sim,0.4070546737213404,2
AREA_CONSOLIDADA=sim; HIDROGRAFIA=nao,0.4066137566137566,2
AREA_CONSOLIDADA=sim; HIDROGRAFIA=nao; USO_RESTRITO=nao,0.40617283950617283,3
AREA_CONSOLIDADA=sim; HIDROGRAFIA=nao; TIPO=IRU,0.4056437389770723,3
APP=sim; TIPO=IRU; VEGETACAO_NATIVA=sim,0.40537918871252204,3
VEGETACAO_NATIVA=nao,0.405026455026455,1
AREA=15-100 ha; MUNICIPIO=São Félix do Xingu; SERVIDAO_ADMINISTRATIVA=nao,0.40476190476190477,3
AREA=15-100 ha; SERVIDAO_ADMINISTRATIVA=nao; UF=PA,0.40476190476190477,3
AREA_CONSOLIDADA=sim; AREA_POUSIO=nao; HIDROGRAFIA=nao,0.40476190476190477,3
USO_RESTRITO=nao; VEGETACAO_NATIVA=nao,0.404673721340388,2
APP=sim; AREA_POUSIO=nao; VEGETACAO_NATIVA=sim,0.404673721340388,3
HIDROGRAFIA=nao; MUNICIPIO=São Félix do Xingu,0.40440917107583774,2
HIDROGRAFIA=nao; UF=PA,0.40440917107583774,2
HIDROGRAFIA=nao; MUNICIPIO=São Félix do Xingu; UF=PA,0.40440917107583774,3
HIDROGRAFIA=nao; MUNICIPIO=São Félix do Xingu; USO_RESTRITO=nao,0.404320987654321,3
HIDROGRAFIA=nao; UF=PA; USO_RESTRITO=nao,0.404320987654321,3
TIPO=IRU; VEGETACAO_NATIVA=nao,0.403968253968254,2
APP=sim; USO_RESTRITO=nao; VEGETACAO_NATIVA=sim,0.4038800705467372,3
TIPO=IRU; USO_RESTRITO=nao; VEGETACAO_NATIVA=nao,0.40361552028218695,3
HIDROGRAFIA=nao; MUNICIPIO=São Félix do Xingu; TIPO=IRU,0.4033509700176367,3
HIDROGRAFIA=nao; TIPO=IRU; UF=PA,0.4033509700176367,3
RESERVA_LEGAL=nao; SERVIDAO_ADMINISTRATIVA=nao,0.40299823633156967,2
RESERVA_LEGAL=nao; SERVIDAO_ADMINISTRATIVA=nao; USO_RESTRITO=nao,0.4025573192239859,3
AREA_POUSIO=nao; VEGETACAO_NATIVA=nao,0.4022927689594356,2
AREA_POUSIO=nao; HIDROGRAFIA=nao; MUNICIPIO=São Félix do Xingu,0.4022045855379189,3
AREA_POUSIO=nao; HIDROGRAFIA=nao; UF=PA,0.4022045855379189,3
AREA_POUSIO=nao; USO_RESTRITO=nao; VEGETACAO_NATIVA=nao,0.40194003527336863,3
RESERVA_LEGAL=nao; SERVIDAO_ADMINISTRATIVA=nao; TIPO=IRU,0.4017636684303351,3
AREA_POUSIO=nao; TIPO=IRU; VEGETACAO_NATIVA=nao,0.4012345679012346,3
AREA_POUSIO=nao; RESERVA_LEGAL=nao; SERVIDAO_ADMINISTRATIVA=nao,0.4007936507936508,3
MUNICIPIO=São Félix do Xingu; RESERVA_LEGAL=sim; VEGETACAO_NATIVA=sim,0.39576719576719577,3
RESERVA_LEGAL=sim; UF=PA; VEGETACAO_NATIVA=sim,0.39576719576719577,3
HIDROGRAFIA=nao; MUNICIPIO=São Félix do Xingu; SERVIDAO_ADMINISTRATIVA=nao,0.3948853615520282,3
HIDROGRAFIA=nao; SERVIDAO_ADMINISTRATIVA=nao; UF=PA,0.3948853615520282,3
AREA_CONSOLIDADA=sim; RESERVA_LEGAL=nao,0.3945326278659612,2
AREA_CONSOLIDADA=sim; RESERVA_LEGAL=nao; USO_RESTRITO=nao,0.3942680776014109,3
RESERVA_LEGAL=sim; SERVIDAO_ADMINISTRATIVA=nao; VEGETACAO_NATIVA=sim,0.39382716049382716,3
AREA_CONSOLIDADA=sim; RESERVA_LEGAL=nao; TIPO=IRU,0.3932980599647266,3
AREA_CONSOLIDADA=sim; HIDROGRAFIA=nao; SERVIDAO_ADMINISTRATIVA=nao,0.39285714285714285,3
AREA_CONSOLIDADA=sim; MOD_FISCAL=<1 módulo; MUNICIPIO=São Félix do Xingu,0.3925044091710758,3
AREA_CONSOLIDADA=sim; MOD_FISCAL=<1 módulo; UF=PA,0.3925044091710758,3
AREA_CONSOLIDADA=sim; AREA_POUSIO=nao; RESERVA_LEGAL=nao,0.3924162257495591,3
APP=sim; MUNICIPIO=São Félix do Xingu; SERVIDAO_ADMINISTRATIVA=nao,0.3914462081128748,3
APP=sim; SERVIDAO_ADMINISTRATIVA=nao; UF=PA,0.3914462081128748,3
APP=sim; AREA_CONSOLIDADA=sim; VEGETACAO_NATIVA=sim,0.387037037037037,3
APP=nao; MUNICIPIO=São Félix do Xingu,0.38465608465608464,2
APP=nao; UF=PA,0.38465608465608464,2
APP=nao; MUNICIPIO=São Félix do Xingu; UF=PA,0.38465608465608464,3
APP=nao; MUNICIPIO=São Félix do Xingu; USO_RESTRITO=nao,0.3845679012345679,3
APP=nao; UF=PA; USO_RESTRITO=nao,0.3845679012345679,3
APP=nao; MUNICIPIO=São Félix do Xingu; TIPO=IRU,0.3835978835978836,3
APP=nao; TIPO=IRU; UF=PA,0.3835978835978836,3
APP=nao; HIDROGRAFIA=nao; MUNICIPIO=São Félix do Xingu,0.38289241622574954,3
APP=nao; HIDROGRAFIA=nao; UF=PA,0.38289241622574954,3
HIDROGRAFIA=sim; VEGETACAO_NATIVA=sim,0.3825396825396825,2
APP=nao; AREA_POUSIO=nao; MUNICIPIO=São Félix do Xingu,0.3825396825396825,3
APP=nao; AREA_POUSIO=nao; UF=PA,0.3825396825396825,3
APP=sim; HIDROGRAFIA=sim; VEGETACAO_NATIVA=sim,0.38192239858906524,3
SERVIDAO_ADMINISTRATIVA=nao; VEGETACAO_NATIVA=nao,0.38095238095238093,2
HIDROGRAFIA=sim; TIPO=IRU; VEGETACAO_NATIVA=sim,0.3808641975308642,3
SERVIDAO_ADMINISTRATIVA=nao; USO_RESTRITO=nao; VEGETACAO_NATIVA=nao,0.38059964726631396,3
AREA_POUSIO=nao; HIDROGRAFIA=sim; VEGETACAO_NATIVA=sim,0.38015873015873014,3
SERVIDAO_ADMINISTRATIVA=nao; TIPO=IRU; VEGETACAO_NATIVA=nao,0.3798941798941799,3
HIDROGRAFIA=sim; USO_RESTRITO=nao; VEGETACAO_NATIVA=sim,0.37962962962962965,3
APP=nao; AREA_CONSOLIDADA=sim,0.37918871252204583,2
APP=nao; AREA_CONSOLIDADA=sim; USO_RESTRITO=nao,0.3790123456790123,3
AREA_POUSIO=nao; SERVIDAO_ADMINISTRATIVA=nao; VEGETACAO_NATIVA=nao,0.37839506172839504,3
APP=nao; AREA_CONSOLIDADA=sim; TIPO=IRU,0.37821869488536153,3
APP=nao; AREA_CONSOLIDADA=sim; HIDROGRAFIA=nao,0.37786596119929455,3
APP=nao; AREA_CONSOLIDADA=sim; AREA_POUSIO=nao,0.377336860670194,3
APP=nao; MUNICIPIO=São Félix do Xingu; SERVIDAO_ADMINISTRATIVA=nao,0.3752204585537919,3
APP=nao; SERVIDAO_ADMINISTRATIVA=nao; UF=PA,0.3752204585537919,3
HIDROGRAFIA=sim; MUNICIPIO=São Félix do Xingu; SERVIDAO_ADMINISTRATIVA=nao,0.37178130511463847,3
HIDROGRAFIA=sim; SERVIDAO_ADMINISTRATIVA=nao; UF=PA,0.37178130511463847,3
APP=sim; RESERVA_LEGAL=sim,0.37054673721340387,2
APP=sim; RESERVA_LEGAL=sim; TIPO=IRU,0.3691358024691358,3
APP=sim; AREA_POUSIO=nao; RESERVA_LEGAL=sim,0.3682539682539683,3
AREA_CONSOLIDADA=sim; HIDROGRAFIA=nao; MUNICIPIO=São Félix do Xingu,0.367989417989418,3
AREA_CONSOLIDADA=sim; HIDROGRAFIA=nao; UF=PA,0.367989417989418,3
APP=sim; RESERVA_LEGAL=sim; USO_RESTRITO=nao,0.3675485008818342,3
APP=nao; AREA_CONSOLIDADA=sim; SERVIDAO_ADMINISTRATIVA=nao,0.36728395061728397,3
AREA_CONSOLIDADA=sim; VEGETACAO_NATIVA=nao,0.36587301587301585,2
AREA_CONSOLIDADA=sim; USO_RESTRITO=nao; VEGETACAO_NATIVA=nao,0.3656966490299824,3
AREA_CONSOLIDADA=sim; RESERVA_LEGAL=nao; SERVIDAO_ADMINISTRATIVA=nao,0.36534391534391536,3
AREA_CONSOLIDADA=sim; TIPO=IRU; VEGETACAO_NATIVA=nao,0.36490299823633154,3
AREA_CONSOLIDADA=sim; AREA_POUSIO=nao; VEGETACAO_NATIVA=nao,0.36358024691358026,3
AREA_CONSOLIDADA=sim; HIDROGRAFIA=sim; VEGETACAO_NATIVA=sim,0.3630511463844797,3
MUNICIPIO=São Félix do Xingu; VEGETACAO_NATIVA=nao,0.35811287477954146,2
UF=PA; VEGETACAO_NATIVA=nao,0.35811287477954146,2
MUNICIPIO=São Félix do Xingu; UF=PA; VEGETACAO_NATIVA=nao,0.35811287477954146,3
MUNICIPIO=São Félix do Xingu; USO_RESTRITO=nao; VEGETACAO_NATIVA=nao,0.35811287477954146,3
UF=PA; USO_RESTRITO=nao; VEGETACAO_NATIVA=nao,0.35811287477954146,3
MUNICIPIO=São Félix do Xingu; TIPO=IRU; VEGETACAO_NATIVA=nao,0.35705467372134037,3
TIPO=IRU; UF=PA; VEGETACAO_NATIVA=nao,0.35705467372134037,3
MUNICIPIO=São Félix do Xingu; RESERVA_LEGAL=nao,0.35599647266313933,2
RESERVA_LEGAL=nao; UF=PA,0.35599647266313933,2
MUNICIPIO=São Félix do Xingu; RESERVA_LEGAL=nao; UF=PA,0.35599647266313933,3
MUNICIPIO=São Félix do Xingu; RESERVA_LEGAL=nao; USO_RESTRITO=nao,0.3559082892416226,3
RESERVA_LEGAL=nao; UF=PA; USO_RESTRITO=nao,0.3559082892416226,3
AREA_POUSIO=nao; MUNICIPIO=São Félix do Xingu; VEGETACAO_NATIVA=nao,0.3554673721340388,3
AREA_POUSIO=nao; UF=PA; VEGETACAO_NATIVA=nao,0.3554673721340388,3
MUNICIPIO=São Félix do Xingu; RESERVA_LEGAL=nao; TIPO=IRU,0.3547619047619048,3
RESERVA_LEGAL=nao; TIPO=IRU; UF=PA,0.3547619047619048,3
AREA_POUSIO=nao; MUNICIPIO=São Félix do Xingu; RESERVA_LEGAL=nao,0.35361552028218696,3
AREA_POUSIO=nao; RESERVA_LEGAL=nao; UF=PA,0.35361552028218696,3
APP=sim; AREA_CONSOLIDADA=sim; RESERVA_LEGAL=sim,0.3529982363315697,3
APP=nao; AREA_CONSOLIDADA=sim; MUNICIPIO=São Félix do Xingu,0.3482363315696649,3
APP=nao; AREA_CONSOLIDADA=sim; UF=PA,0.3482363315696649,3
RESERVA_LEGAL=sim; STATUS=PE,0.3478835978835979,2
RESERVA_LEGAL=sim; STATUS=PE; TIPO=IRU,0.3478835978835979,3
MUNICIPIO=São Félix do Xingu; RESERVA_LEGAL=sim; STATUS=PE,0.3476190476190476,3
RESERVA_LEGAL=sim; STATUS=PE; UF=PA,0.3476190476190476,3
RESERVA_LEGAL=sim; STATUS=PE; USO_RESTRITO=nao,0.3476190476190476,3
HIDROGRAFIA=sim; RESERVA_LEGAL=sim,0.34717813051146384,2
STATUS=PE; VEGETACAO_NATIVA=sim,0.34717813051146384,2
STATUS=PE; TIPO=IRU; VEGETACAO_NATIVA=sim,0.34717813051146384,3
STATUS=PE; USO_RESTRITO=nao; VEGETACAO_NATIVA=sim,0.3469135802469136,3
MUNICIPIO=São Félix do Xingu; STATUS=PE; VEGETACAO_NATIVA=sim,0.3468253968253968,3
STATUS=PE; UF=PA; VEGETACAO_NATIVA=sim,0.3468253968253968,3
APP=sim; HIDROGRAFIA=sim; RESERVA_LEGAL=sim,0.34656084656084657,3
AREA=15-100 ha; STATUS=PE,0.3464726631393298,2
AREA=15-100 ha; STATUS=PE; TIPO=IRU,0.3464726631393298,3
AREA=15-100 ha; STATUS=PE; USO_RESTRITO=nao,0.3464726631393298,3
AREA=15-100 ha; MUNICIPIO=São Félix do Xingu; STATUS=PE,0.34629629629629627,3
AREA=15-100 ha; STATUS=PE; UF=PA,0.34629629629629627,3
AREA_POUSIO=nao; RESERVA_LEGAL=sim; STATUS=PE,0.3458553791887125,3
HIDROGRAFIA=sim; RESERVA_LEGAL=sim; TIPO=IRU,0.3457671957671958,3
AREA_POUSIO=nao; STATUS=PE; VEGETACAO_NATIVA=sim,0.345326278659612,3
AREA_POUSIO=nao; HIDROGRAFIA=sim; RESERVA_LEGAL=sim,0.3448853615520282,3
AREA=15-100 ha; AREA_POUSIO=nao; STATUS=PE,0.34444444444444444,3
HIDROGRAFIA=sim; RESERVA_LEGAL=sim; USO_RESTRITO=nao,0.34444444444444444,3
AREA_CONSOLIDADA=sim; SERVIDAO_ADMINISTRATIVA=nao; VEGETACAO_NATIVA=nao,0.3443562610229277,3
AREA=15-100 ha; MOD_FISCAL=<1 módulo,0.341005291005291,2
AREA=15-100 ha; MOD_FISCAL=<1 módulo; TIPO=IRU,0.341005291005291,3
STATUS=AT,0.34074074074074073,1
AREA=15-100 ha; MOD_FISCAL=<1 módulo; USO_RESTRITO=nao,0.3405643738977072,3
MUNICIPIO=São Félix do Xingu; SERVIDAO_ADMINISTRATIVA=nao; VEGETACAO_NATIVA=nao,0.33932980599647267,3
SERVIDAO_ADMINISTRATIVA=nao; UF=PA; VEGETACAO_NATIVA=nao,0.33932980599647267,3
AREA_POUSIO=nao; STATUS=AT,0.33915343915343915,2
AREA=15-100 ha; AREA_POUSIO=nao; MOD_FISCAL=<1 módulo,0.33915343915343915,3
STATUS=AT; TIPO=IRU,0.33818342151675485,2
MOD_FISCAL=<1 módulo; STATUS=PE,0.33800705467372133,2
MOD_FISCAL=<1 módulo; STATUS=PE; TIPO=IRU,0.33800705467372133,3
MOD_FISCAL=<1 módulo; STATUS=PE; USO_RESTRITO=nao,0.33800705467372133,3
MOD_FISCAL=<1 módulo; MUNICIPIO=São Félix do Xingu; STATUS=PE,0.3376543209876543,3
MOD_FISCAL=<1 módulo; STATUS=PE; UF=PA,0.3376543209876543,3
STATUS=AT; USO_RESTRITO=nao,0.3374779541446208,2
AREA_POUSIO=nao; STATUS=AT; TIPO=IRU,0.33721340388007054,3
MUNICIPIO=São Félix do Xingu; RESERVA_LEGAL=nao; SERVIDAO_ADMINISTRATIVA=nao,0.336331569664903,3
RESERVA_LEGAL=nao; SERVIDAO_ADMINISTRATIVA=nao; UF=PA,0.336331569664903,3
AREA_POUSIO=nao; STATUS=AT; USO_RESTRITO=nao,0.3358906525573192,3
AREA_POUSIO=nao; MOD_FISCAL=<1 módulo; STATUS=PE,0.33562610229276896,3
AREA=15-100 ha; AREA_CONSOLIDADA=sim; STATUS=PE,0.3352733686067019,3
STATUS=AT; TIPO=IRU; USO_RESTRITO=nao,0.3349206349206349,3
AREA_CONSOLIDADA=sim; MUNICIPIO=São Félix do Xingu; RESERVA_LEGAL=nao,0.3339506172839506,3
AREA_CONSOLIDADA=sim; RESERVA_LEGAL=nao; UF=PA,0.3339506172839506,3
AREA_CONSOLIDADA=sim; MUNICIPIO=São Félix do Xingu; VEGETACAO_NATIVA=nao,0.3321869488536155,3
AREA_CONSOLIDADA=sim; UF=PA; VEGETACAO_NATIVA=nao,0.3321869488536155,3
MOD_FISCAL=1-4 módulos,0.3313932980599647,1
AREA_CONSOLIDADA=sim; STATUS=PE; VEGETACAO_NATIVA=sim,0.3313932980599647,3
MOD_FISCAL=1-4 módulos; TIPO=IRU,0.3310405643738977,2
MOD_FISCAL=1-4 módulos; USO_RESTRITO=nao,0.3305996472663139,2
MOD_FISCAL=1-4 módulos; TIPO=IRU; USO_RESTRITO=nao,0.33024691358024694,3
AREA_POUSIO=nao; MOD_FISCAL=1-4 módulos,0.3300705467372134,2
AREA_CONSOLIDADA=sim; HIDROGRAFIA=sim; RESERVA_LEGAL=sim,0.3298941798941799,3
AREA_POUSIO=nao; MOD_FISCAL=1-4 módulos; TIPO=IRU,0.3297178130511464,3
AREA_POUSIO=nao; MOD_FISCAL=1-4 módulos; USO_RESTRITO=nao,0.32936507936507936,3
AREA=15-100 ha; SERVIDAO_ADMINISTRATIVA=nao; STATUS=PE,0.3288359788359788,3
APP=sim; SERVIDAO_ADMINISTRATIVA=nao; VEGETACAO_NATIVA=sim,0.3283068783068783,3
AREA_CONSOLIDADA=sim; RESERVA_LEGAL=sim; STATUS=PE,0.3281305114638448,3
AREA=15-100 ha; AREA_CONSOLIDADA=sim; MOD_FISCAL=<1 módulo,0.3261022927689594,3
AREA=15-100 ha; MOD_FISCAL=<1 módulo; MUNICIPIO=São Félix do Xingu,0.32477954144620813,3
AREA=15-100 ha; MOD_FISCAL=<1 módulo; UF=PA,0.32477954144620813,3
MOD_FISCAL=<1 módulo; SERVIDAO_ADMINISTRATIVA=nao; STATUS=PE,0.32451499118165783,3
HIDROGRAFIA=nao; STATUS=PE,0.32319223985890655,2
HIDROGRAFIA=nao; STATUS=PE; USO_RESTRITO=nao,0.32319223985890655,3
HIDROGRAFIA=nao; STATUS=PE; TIPO=IRU,0.32310405643738976,3
HIDROGRAFIA=nao; MUNICIPIO=São Félix do Xingu; STATUS=PE,0.32301587301587303,3
HIDROGRAFIA=nao; STATUS=PE; UF=PA,0.32301587301587303,3
APP=sim; RESERVA_LEGAL=sim; VEGETACAO_NATIVA=sim,0.322310405643739,3
AREA_POUSIO=nao; HIDROGRAFIA=nao; STATUS=PE,0.32134038800705467,3
APP=sim; STATUS=PE,0.3208994708994709,2
APP=sim; STATUS=PE; TIPO=IRU,0.3208994708994709,3
APP=sim; STATUS=PE; USO_RESTRITO=nao,0.32063492063492066,3
APP=sim; MUNICIPIO=São Félix do Xingu; STATUS=PE,0.3205467372134039,3
APP=sim; STATUS=PE; UF=PA,0.3205467372134039,3
AREA=15-100 ha; MOD_FISCAL=<1 módulo; SERVIDAO_ADMINISTRATIVA=nao,0.31957671957671957,3
APP=sim; AREA_POUSIO=nao; STATUS=PE,0.31860670194003526,3
APP=sim; MUNICIPIO=São Félix do Xingu; VEGETACAO_NATIVA=sim,0.31754850088183423,3
APP=sim; UF=PA; VEGETACAO_NATIVA=sim,0.31754850088183423,3
RESERVA_LEGAL=sim; SERVIDAO_ADMINISTRATIVA=nao; STATUS=PE,0.31746031746031744,3
AREA_CONSOLIDADA=sim; MOD_FISCAL=1-4 módulos,0.3170194003527337,2
AREA_CONSOLIDADA=sim; MOD_FISCAL=1-4 módulos; TIPO=IRU,0.31666666666666665,3
HIDROGRAFIA=nao; SERVIDAO_ADMINISTRATIVA=nao; STATUS=PE,0.31649029982363314,3
AREA_CONSOLIDADA=sim; MOD_FISCAL=1-4 módulos; USO_RESTRITO=nao,0.3163139329805996,3
AREA_CONSOLIDADA=sim; AREA_POUSIO=nao; MOD_FISCAL=1-4 módulos,0.31569664902998235,3
SERVIDAO_ADMINISTRATIVA=nao; STATUS=PE; VEGETACAO_NATIVA=sim,0.31499118165784834,3
APP=sim; AREA_CONSOLIDADA=sim; STATUS=PE,0.3118165784832452,3
AREA_CONSOLIDADA=sim; MOD_FISCAL=<1 módulo; STATUS=PE,0.31119929453262785,3
HIDROGRAFIA=nao; MOD_FISCAL=<1 módulo,0.3097883597883598,2
HIDROGRAFIA=nao; MOD_FISCAL=<1 módulo; TIPO=IRU,0.3097883597883598,3
HIDROGRAFIA=nao; MOD_FISCAL=<1 módulo; USO_RESTRITO=nao,0.309347442680776,3
AREA_POUSIO=nao; HIDROGRAFIA=nao; MOD_FISCAL=<1 módulo,0.30776014109347444,3
APP=sim; MUNICIPIO=São Félix do Xingu; RESERVA_LEGAL=sim,0.30714285714285716,3
APP=sim; RESERVA_LEGAL=sim; UF=PA,0.30714285714285716,3
HIDROGRAFIA=sim; SERVIDAO_ADMINISTRATIVA=nao; VEGETACAO_NATIVA=sim,0.30537918871252206,3
APP=nao; STATUS=PE,0.3052910052910053,2
APP=nao; STATUS=PE; USO_RESTRITO=nao,0.3052910052910053,3
APP=nao; MUNICIPIO=São Félix do Xingu; STATUS=PE,0.30520282186948855,3
APP=nao; STATUS=PE; TIPO=IRU,0.30520282186948855,3
APP=nao; STATUS=PE; UF=PA,0.30520282186948855,3
RESERVA_LEGAL=nao; VEGETACAO_NATIVA=nao,0.30440917107583776,2
RESERVA_LEGAL=nao; USO_RESTRITO=nao; VEGETACAO_NATIVA=nao,0.30405643738977073,3
APP=nao; HIDROGRAFIA=nao; STATUS=PE,0.3038800705467372,3
APP=nao; AREA_POUSIO=nao; STATUS=PE,0.3035273368606702,3
AREA_CONSOLIDADA=sim; STATUS=AT,0.30335097001763667,2
RESERVA_LEGAL=nao; TIPO=IRU; VEGETACAO_NATIVA=nao,0.30335097001763667,3
HIDROGRAFIA=sim; STATUS=PE,0.3029982363315697,2
HIDROGRAFIA=sim; STATUS=PE; TIPO=IRU,0.3029982363315697,3
AREA_POUSIO=nao; RESERVA_LEGAL=nao; VEGETACAO_NATIVA=nao,0.3028218694885362,3
HIDROGRAFIA=sim; MUNICIPIO=São Félix do Xingu; STATUS=PE,0.3027336860670194,3
HIDROGRAFIA=sim; STATUS=PE; UF=PA,0.3027336860670194,3
HIDROGRAFIA=sim; STATUS=PE; USO_RESTRITO=nao,0.3027336860670194,3
AREA_CONSOLIDADA=sim; AREA_POUSIO=nao; STATUS=AT,0.30185185185185187,3
APP=sim; HIDROGRAFIA=sim; STATUS=PE,0.30158730158730157,3
AREA_CONSOLIDADA=sim; STATUS=AT; TIPO=IRU,0.30088183421516757,3
AREA_POUSIO=nao; HIDROGRAFIA=sim; STATUS=PE,0.3007936507936508,3
AREA_CONSOLIDADA=sim; STATUS=AT; USO_RESTRITO=nao,0.30052910052910053,3
HIDROGRAFIA=sim; RESERVA_LEGAL=sim; VEGETACAO_NATIVA=sim,0.29973544973544974,3
APP=sim; RESERVA_LEGAL=sim; SERVIDAO_ADMINISTRATIVA=nao,0.299294532627866,3
HIDROGRAFIA=nao; MOD_FISCAL=<1 módulo; SERVIDAO_ADMINISTRATIVA=nao,0.29894179894179895,3
HIDROGRAFIA=sim; MUNICIPIO=São Félix do Xingu; VEGETACAO_NATIVA=sim,0.29867724867724865,3
HIDROGRAFIA=sim; UF=PA; VEGETACAO_NATIVA=sim,0.29867724867724865,3
APP=nao; SERVIDAO_ADMINISTRATIVA=nao; STATUS=PE,0.2985890652557319,3
MOD_FISCAL=1-4 módulos; MUNICIPIO=São Félix do Xingu,0.29779541446208113,2
MOD_FISCAL=1-4 módulos; UF=PA,0.29779541446208113,2
MOD_FISCAL=1-4 módulos; MUNICIPIO=São Félix do Xingu; UF=PA,0.29779541446208113,3
MOD_FISCAL=1-4 módulos; MUNICIPIO=São Félix do Xingu; TIPO=IRU,0.2974426807760141,3
MOD_FISCAL=1-4 módulos; MUNICIPIO=São Félix do Xingu; USO_RESTRITO=nao,0.2974426807760141,3
MOD_FISCAL=1-4 módulos; TIPO=IRU; UF=PA,0.2974426807760141,3
MOD_FISCAL=1-4 módulos; UF=PA; USO_RESTRITO=nao,0.2974426807760141,3
AREA_CONSOLIDADA=sim; HIDROGRAFIA=nao; STATUS=PE,0.2964726631393298,3
AREA_POUSIO=nao; MOD_FISCAL=1-4 módulos; MUNICIPIO=São Félix do Xingu,0.2964726631393298,3
AREA_POUSIO=nao; MOD_FISCAL=1-4 módulos; UF=PA,0.2964726631393298,3
APP=nao; MOD_FISCAL=<1 módulo,0.29462081128747797,2
APP=nao; MOD_FISCAL=<1 módulo; TIPO=IRU,0.29462081128747797,3
APP=nao; MOD_FISCAL=<1 módulo; USO_RESTRITO=nao,0.29444444444444445,3
AREA_CONSOLIDADA=sim; HIDROGRAFIA=sim; STATUS=PE,0.2937389770723104,3
MOD_FISCAL=<1 módulo; RESERVA_LEGAL=nao,0.2932098765432099,2
MOD_FISCAL=<1 módulo; RESERVA_LEGAL=nao; TIPO=IRU,0.2930335097001764,3
MOD_FISCAL=<1 módulo; RESERVA_LEGAL=nao; USO_RESTRITO=nao,0.2929453262786596,3
APP=nao; HIDROGRAFIA=nao; MOD_FISCAL=<1 módulo,0.29285714285714287,3
APP=nao; AREA_POUSIO=nao; MOD_FISCAL=<1 módulo,0.29268077601410936,3
AREA_POUSIO=nao; MOD_FISCAL=<1 módulo; RESERVA_LEGAL=nao,0.2912698412698413,3
MOD_FISCAL=1-4 módulos; SERVIDAO_ADMINISTRATIVA=nao,0.2895061728395062,2
MOD_FISCAL=1-4 módulos; SERVIDAO_ADMINISTRATIVA=nao; TIPO=IRU,0.28915343915343916,3
MOD_FISCAL=1-4 módulos; SERVIDAO_ADMINISTRATIVA=nao; USO_RESTRITO=nao,0.28880070546737213,3
AREA_POUSIO=nao; MOD_FISCAL=1-4 módulos; SERVIDAO_ADMINISTRATIVA=nao,0.2884479717813051,3
HIDROGRAFIA=sim; MUNICIPIO=São Félix do Xingu; RESERVA_LEGAL=sim,0.2882716049382716,3
HIDROGRAFIA=sim; RESERVA_LEGAL=sim; UF=PA,0.2882716049382716,3
AREA_CONSOLIDADA=sim; MOD_FISCAL=1-4 módulos; MUNICIPIO=São Félix do Xingu,0.2878306878306878,3
AREA_CONSOLIDADA=sim; MOD_FISCAL=1-4 módulos; UF=PA,0.2878306878306878,3
RESERVA_LEGAL=nao; SERVIDAO_ADMINISTRATIVA=nao; VEGETACAO_NATIVA=nao,0.2875661375661376,3
APP=nao; MOD_FISCAL=<1 módulo; SERVIDAO_ADMINISTRATIVA=nao,0.28527336860670194,3
APP=sim; SERVIDAO_ADMINISTRATIVA=nao; STATUS=PE,0.28174603174603174,3
SERVIDAO_ADMINISTRATIVA=nao; STATUS=AT,0.2814814814814815,2
AREA_POUSIO=nao; SERVIDAO_ADMINISTRATIVA=nao; STATUS=AT,0.28015873015873016,3
SERVIDAO_ADMINISTRATIVA=nao; STATUS=AT; USO_RESTRITO=nao,0.2791005291005291,3
STATUS=PE; VEGETACAO_NATIVA=nao,0.27901234567901234,2
SERVIDAO_ADMINISTRATIVA=nao; STATUS=AT; TIPO=IRU,0.27901234567901234,3
STATUS=PE; USO_RESTRITO=nao; VEGETACAO_NATIVA=nao,0.27901234567901234,3
MUNICIPIO=São Félix do Xingu; STATUS=PE; VEGETACAO_NATIVA=nao,0.2789241622574956,3
STATUS=PE; TIPO=IRU; VEGETACAO_NATIVA=nao,0.2789241622574956,3
STATUS=PE; UF=PA; VEGETACAO_NATIVA=nao,0.2789241622574956,3
APP=nao; AREA_CONSOLIDADA=sim; STATUS=PE,0.27839506172839507,3
RESERVA_LEGAL=nao; STATUS=PE,0.2783068783068783,2
RESERVA_LEGAL=nao; STATUS=PE; USO_RESTRITO=nao,0.2783068783068783,3
RESERVA_LEGAL=nao; STATUS=PE; TIPO=IRU,0.27821869488536155,3
MUNICIPIO=São Félix do Xingu; RESERVA_LEGAL=nao; STATUS=PE,0.2781305114638448,3
RESERVA_LEGAL=nao; STATUS=PE; UF=PA,0.2781305114638448,3
HIDROGRAFIA=sim; RESERVA_LEGAL=sim; SERVIDAO_ADMINISTRATIVA=nao,0.27733686067019403,3
AREA_POUSIO=nao; STATUS=PE; VEGETACAO_NATIVA=nao,0.2768077601410935,3
AREA_CONSOLIDADA=sim; RESERVA_LEGAL=nao; VEGETACAO_NATIVA=nao,0.2767195767195767,3
AREA=15-100 ha; VEGETACAO_NATIVA=sim,0.27663139329805997,2
AREA=15-100 ha; TIPO=IRU; VEGETACAO_NATIVA=sim,0.27663139329805997,3
MOD_FISCAL=<1 módulo; RESERVA_LEGAL=nao; SERVIDAO_ADMINISTRATIVA=nao,0.2765432098765432,3
AREA_CONSOLIDADA=sim; MOD_FISCAL=1-4 módulos; SERVIDAO_ADMINISTRATIVA=nao,0.27627865961199294,3
AREA_POUSIO=nao; RESERVA_LEGAL=nao; STATUS=PE,0.27627865961199294,3
AREA=15-100 ha; USO_RESTRITO=nao; VEGETACAO_NATIVA=sim,0.2758377425044092,3
AREA=15-100 ha; AREA_POUSIO=nao; VEGETACAO_NATIVA=sim,0.2757495590828924,3
MOD_FISCAL=<1 módulo; VEGETACAO_NATIVA=nao,0.2732804232804233,2
MOD_FISCAL=<1 módulo; TIPO=IRU; VEGETACAO_NATIVA=nao,0.2732804232804233,3
MOD_FISCAL=<1 módulo; USO_RESTRITO=nao; VEGETACAO_NATIVA=nao,0.273015873015873,3
AREA_POUSIO=nao; MOD_FISCAL=<1 módulo; VEGETACAO_NATIVA=nao,0.27116402116402116,3
RESERVA_LEGAL=sim; STATUS=PE; VEGETACAO_NATIVA=sim,0.27037037037037037,3
AREA_CONSOLIDADA=sim; HIDROGRAFIA=nao; MOD_FISCAL=<1 módulo,0.2696649029982363,3
AREA=100-1000 ha,0.2661375661375661,1
AREA=100-1000 ha; TIPO=IRU,0.2661375661375661,2
SERVIDAO_ADMINISTRATIVA=nao; STATUS=PE; VEGETACAO_NATIVA=nao,0.2653439153439153,3
AREA=100-1000 ha; USO_RESTRITO=nao,0.2652557319223986,2
AREA=100-1000 ha; TIPO=IRU; USO_RESTRITO=nao,0.2652557319223986,3
AREA=100-1000 ha; AREA_POUSIO=nao,0.26499118165784835,2
AREA=100-1000 ha; AREA_POUSIO=nao; TIPO=IRU,0.26499118165784835,3
APP=sim; AREA=15-100 ha,0.26472663139329805,2
APP=sim; AREA=15-100 ha; TIPO=IRU,0.26472663139329805,3
AREA=100-1000 ha; AREA_POUSIO=nao; USO_RESTRITO=nao,0.2641975308641975,3
AREA=15-100 ha; AREA_CONSOLIDADA=sim; VEGETACAO_NATIVA=sim,0.2641093474426808,3
APP=sim; AREA=15-100 ha; USO_RESTRITO=nao,0.26402116402116405,3
MOD_FISCAL=1-4 módulos; MUNICIPIO=São Félix do Xingu; SERVIDAO_ADMINISTRATIVA=nao,0.26402116402116405,3
MOD_FISCAL=1-4 módulos; SERVIDAO_ADMINISTRATIVA=nao; UF=PA,0.26402116402116405,3
MOD_FISCAL=<1 módulo; VEGETACAO_NATIVA=sim,0.26393298059964726,2
HIDROGRAFIA=sim; SERVIDAO_ADMINISTRATIVA=nao; STATUS=PE,0.26384479717813053,3
APP=sim; AREA=15-100 ha; AREA_POUSIO=nao,0.2634038800705467,3
RESERVA_LEGAL=nao; SERVIDAO_ADMINISTRATIVA=nao; STATUS=PE,0.2628747795414462,3
HIDROGRAFIA=nao; MOD_FISCAL=<1 módulo; MUNICIPIO=São Félix do Xingu,0.2626102292768959,3
HIDROGRAFIA=nao; MOD_FISCAL=<1 módulo; UF=PA,0.2626102292768959,3
MOD_FISCAL=<1 módulo; TIPO=IRU; VEGETACAO_NATIVA=sim,0.2626102292768959,3
AREA_POUSIO=nao; MOD_FISCAL=<1 módulo; VEGETACAO_NATIVA=sim,0.2625220458553792,3
AREA=15-100 ha; MOD_FISCAL=<1 módulo; STATUS=PE,0.26225749559082895,3
AREA_CONSOLIDADA=sim; RESERVA_LEGAL=nao; STATUS=PE,0.26208112874779543,3
MOD_FISCAL=<1 módulo; USO_RESTRITO=nao; VEGETACAO_NATIVA=sim,0.26208112874779543,3
AREA_CONSOLIDADA=sim; MOD_FISCAL=<1 módulo; RESERVA_LEGAL=nao,0.26146384479717816,3
AREA=100-1000 ha; MUNICIPIO=São Félix do Xingu,0.2606701940035273,2
AREA=100-1000 ha; UF=PA,0.2606701940035273,2
AREA=100-1000 ha; MUNICIPIO=São Félix do Xingu; TIPO=IRU,0.2606701940035273,3
AREA=100-1000 ha; MUNICIPIO=São Félix do Xingu; UF=PA,0.2606701940035273,3
AREA=100-1000 ha; TIPO=IRU; UF=PA,0.2606701940035273,3
MOD_FISCAL=<1 módulo; SERVIDAO_ADMINISTRATIVA=nao; VEGETACAO_NATIVA=nao,0.26040564373897707,3
MUNICIPIO=São Félix do Xingu; RESERVA_LEGAL=nao; VEGETACAO_NATIVA=nao,0.2601410934744268,3
RESERVA_LEGAL=nao; UF=PA; VEGETACAO_NATIVA=nao,0.2601410934744268,3
AREA=100-1000 ha; MUNICIPIO=São Félix do Xingu; USO_RESTRITO=nao,0.2599647266313933,3
AREA=100-1000 ha; UF=PA; USO_RESTRITO=nao,0.2599647266313933,3
AREA=100-1000 ha; AREA_POUSIO=nao; MUNICIPIO=São Félix do Xingu,0.25952380952380955,3
AREA=100-1000 ha; AREA_POUSIO=nao; UF=PA,0.25952380952380955,3
AREA=15-100 ha; RESERVA_LEGAL=sim,0.2591710758377425,2
AREA=15-100 ha; RESERVA_LEGAL=sim; TIPO=IRU,0.2591710758377425,3
AREA_CONSOLIDADA=sim; STATUS=PE; VEGETACAO_NATIVA=nao,0.2588183421516755,3
AREA=15-100 ha; RESERVA_LEGAL=sim; USO_RESTRITO=nao,0.2583774250440917,3
AREA=15-100 ha; AREA_POUSIO=nao; RESERVA_LEGAL=sim,0.2578483245149912,3
AREA=100-1000 ha; AREA_CONSOLIDADA=sim,0.25458553791887123,2
AREA=100-1000 ha; AREA_CONSOLIDADA=sim; TIPO=IRU,0.25458553791887123,3
APP=sim; AREA=15-100 ha; AREA_CONSOLIDADA=sim,0.254320987654321,3
APP=nao; AREA_CONSOLIDADA=sim; MOD_FISCAL=<1 módulo,0.25423280423280425,3
APP=nao; MOD_FISCAL=<1 módulo; MUNICIPIO=São Félix do Xingu,0.25405643738977074,3
APP=nao; MOD_FISCAL=<1 módulo; UF=PA,0.25405643738977074,3
AREA=100-1000 ha; AREA_CONSOLIDADA=sim; USO_RESTRITO=nao,0.2538800705467372,3
AREA=100-1000 ha; AREA_CONSOLIDADA=sim; AREA_POUSIO=nao,0.25343915343915346,3
AREA=100-1000 ha; AREA_CONSOLIDADA=sim; MUNICIPIO=São Félix do Xingu,0.25035273368606703,3
AREA=100-1000 ha; AREA_CONSOLIDADA=sim; UF=PA,0.25035273368606703,3
AREA=15-100 ha; HIDROGRAFIA=sim,0.24911816578483245,2
AREA=15-100 ha; HIDROGRAFIA=sim; TIPO=IRU,0.24911816578483245,3
AREA=15-100 ha; AREA_CONSOLIDADA=sim; RESERVA_LEGAL=sim,0.24850088183421518,3
AREA_CONSOLIDADA=sim; SERVIDAO_ADMINISTRATIVA=nao; STATUS=AT,0.24850088183421518,3
AREA=15-100 ha; HIDROGRAFIA=sim; USO_RESTRITO=nao,0.24841269841269842,3
APP=sim; AREA=15-100 ha; HIDROGRAFIA=sim,0.2482363315696649,3
AREA=15-100 ha; AREA_POUSIO=nao; HIDROGRAFIA=sim,0.24779541446208111,3
AREA=15-100 ha; SERVIDAO_ADMINISTRATIVA=nao; VEGETACAO_NATIVA=sim,0.2472663139329806,3
AREA_CONSOLIDADA=sim; MOD_FISCAL=<1 módulo; VEGETACAO_NATIVA=sim,0.24409171075837743,3
MOD_FISCAL=<1 módulo; RESERVA_LEGAL=sim,0.24400352733686068,2
HIDROGRAFIA=nao; VEGETACAO_NATIVA=nao,0.24365079365079365,2
HIDROGRAFIA=nao; USO_RESTRITO=nao; VEGETACAO_NATIVA=nao,0.24347442680776013,3
MOD_FISCAL=<1 módulo; RESERVA_LEGAL=sim; TIPO=IRU,0.24285714285714285,3
APP=sim; MOD_FISCAL=<1 módulo,0.24259259259259258,2
HIDROGRAFIA=nao; TIPO=IRU; VEGETACAO_NATIVA=nao,0.24259259259259258,3
AREA_POUSIO=nao; MOD_FISCAL=<1 módulo; RESERVA_LEGAL=sim,0.2424162257495591,3
MOD_FISCAL=<1 módulo; RESERVA_LEGAL=sim; USO_RESTRITO=nao,0.24215167548500882,3
AREA_POUSIO=nao; HIDROGRAFIA=nao; VEGETACAO_NATIVA=nao,0.24188712522045855,3
APP=sim; MOD_FISCAL=<1 módulo; TIPO=IRU,0.24126984126984127,3
AREA_CONSOLIDADA=sim; MOD_FISCAL=<1 módulo; VEGETACAO_NATIVA=nao,0.24109347442680776,3
APP=sim; AREA_POUSIO=nao; MOD_FISCAL=<1 módulo,0.241005291005291,3
APP=sim; MOD_FISCAL=<1 módulo; USO_RESTRITO=nao,0.240652557319224,3
MOD_FISCAL=<1 módulo; SERVIDAO_ADMINISTRATIVA=nao; VEGETACAO_NATIVA=sim,0.24056437389770724,3
APP=nao; VEGETACAO_NATIVA=nao,0.24029982363315697,2
APP=nao; USO_RESTRITO=nao; VEGETACAO_NATIVA=nao,0.24012345679012345,3
APP=nao; TIPO=IRU; VEGETACAO_NATIVA=nao,0.2392416225749559,3
AREA=15-100 ha; AREA_CONSOLIDADA=sim; HIDROGRAFIA=sim,0.23897707231040563,3
HIDROGRAFIA=nao; RESERVA_LEGAL=nao,0.23871252204585539,2
APP=nao; AREA_POUSIO=nao; VEGETACAO_NATIVA=nao,0.23862433862433863,3
APP=nao; HIDROGRAFIA=nao; VEGETACAO_NATIVA=nao,0.23853615520282187,3
HIDROGRAFIA=nao; RESERVA_LEGAL=nao; USO_RESTRITO=nao,0.2384479717813051,3
HIDROGRAFIA=nao; RESERVA_LEGAL=nao; TIPO=IRU,0.23765432098765432,3
AREA_POUSIO=nao; HIDROGRAFIA=nao; RESERVA_LEGAL=nao,0.2373015873015873,3
HIDROGRAFIA=nao; SERVIDAO_ADMINISTRATIVA=nao; VEGETACAO_NATIVA=nao,0.2361552028218695,3
AREA=15-100 ha; MUNICIPIO=São Félix do Xingu; VEGETACAO_NATIVA=sim,0.23509700176366843,3
AREA=15-100 ha; UF=PA; VEGETACAO_NATIVA=sim,0.23509700176366843,3
APP=nao; RESERVA_LEGAL=nao,0.23421516754850089,2
APP=nao; RESERVA_LEGAL=nao; USO_RESTRITO=nao,0.2339506172839506,3
AREA=15-100 ha; RESERVA_LEGAL=sim; SERVIDAO_ADMINISTRATIVA=nao,0.23350970017636685,3
AREA=15-100 ha; HIDROGRAFIA=nao,0.23333333333333334,2
AREA=15-100 ha; HIDROGRAFIA=nao; TIPO=IRU,0.23333333333333334,3
APP=nao; RESERVA_LEGAL=nao; TIPO=IRU,0.23315696649029982,3
APP=nao; SERVIDAO_ADMINISTRATIVA=nao; VEGETACAO_NATIVA=nao,0.23315696649029982,3
AREA=15-100 ha; HIDROGRAFIA=nao; USO_RESTRITO=nao,0.23315696649029982,3
APP=nao; AREA_POUSIO=nao; RESERVA_LEGAL=nao,0.23289241622574955,3
APP=nao; HIDROGRAFIA=nao; RESERVA_LEGAL=nao,0.2324514991181658,3
MOD_FISCAL=<1 módulo; MUNICIPIO=São Félix do Xingu; VEGETACAO_NATIVA=nao,0.2324514991181658,3
MOD_FISCAL=<1 módulo; UF=PA; VEGETACAO_NATIVA=nao,0.2324514991181658,3
AREA=15-100 ha; AREA_POUSIO=nao; HIDROGRAFIA=nao,0.23218694885361552,3
APP=sim; AREA=15-100 ha; SERVIDAO_ADMINISTRATIVA=nao,0.231657848324515,3
AREA=15-100 ha; MUNICIPIO=São Félix do Xingu; RESERVA_LEGAL=sim,0.2312169312169312,3
AREA=15-100 ha; RESERVA_LEGAL=sim; UF=PA,0.2312169312169312,3
APP=sim; AREA_CONSOLIDADA=sim; MOD_FISCAL=<1 módulo,0.23095238095238096,3
MOD_FISCAL=<1 módulo; MUNICIPIO=São Félix do Xingu; RESERVA_LEGAL=nao,0.2308641975308642,3
MOD_FISCAL=<1 módulo; RESERVA_LEGAL=nao; UF=PA,0.2308641975308642,3
HIDROGRAFIA=nao; RESERVA_LEGAL=nao; SERVIDAO_ADMINISTRATIVA=nao,0.23015873015873015,3
APP=sim; STATUS=AT,0.2291005291005291,2
APP=sim; AREA_POUSIO=nao; STATUS=AT,0.2279541446208113,3
STATUS=AT; VEGETACAO_NATIVA=sim,0.22768959435626102,2
HIDROGRAFIA=sim; MOD_FISCAL=<1 módulo,0.22742504409171077,2
APP=sim; STATUS=AT; TIPO=IRU,0.22742504409171077,3
AREA=15-100 ha; HIDROGRAFIA=nao; SERVIDAO_ADMINISTRATIVA=nao,0.2267195767195767,3
AREA=100-1000 ha; SERVIDAO_ADMINISTRATIVA=nao,0.22663139329805995,2
AREA=100-1000 ha; SERVIDAO_ADMINISTRATIVA=nao; TIPO=IRU,0.22663139329805995,3
AREA_POUSIO=nao; STATUS=AT; VEGETACAO_NATIVA=sim,0.22663139329805995,3
APP=sim; STATUS=AT; USO_RESTRITO=nao,0.22627865961199295,3
MOD_FISCAL=1-4 módulos; VEGETACAO_NATIVA=sim,0.2261904761904762,2
APP=nao; RESERVA_LEGAL=nao; SERVIDAO_ADMINISTRATIVA=nao,0.2261904761904762,3
HIDROGRAFIA=sim; MOD_FISCAL=<1 módulo; TIPO=IRU,0.22610229276895943,3
AREA=100-1000 ha; SERVIDAO_ADMINISTRATIVA=nao; USO_RESTRITO=nao,0.22601410934744268,3
STATUS=AT; TIPO=IRU; VEGETACAO_NATIVA=sim,0.22601410934744268,3
AREA_POUSIO=nao; HIDROGRAFIA=sim; MOD_FISCAL=<1 módulo,0.22592592592592592,3
MOD_FISCAL=1-4 módulos; TIPO=IRU; VEGETACAO_NATIVA=sim,0.22583774250440916,3
HIDROGRAFIA=sim; MOD_FISCAL=<1 módulo; USO_RESTRITO=nao,0.2257495590828924,3
APP=sim; HIDROGRAFIA=sim; MOD_FISCAL=<1 módulo,0.22566137566137567,3
AREA=15-100 ha; HIDROGRAFIA=nao; MUNICIPIO=São Félix do Xingu,0.22566137566137567,3
AREA=15-100 ha; HIDROGRAFIA=nao; UF=PA,0.22566137566137567,3
AREA=100-1000 ha; AREA_POUSIO=nao; SERVIDAO_ADMINISTRATIVA=nao,0.22557319223985892,3
AREA_POUSIO=nao; MOD_FISCAL=1-4 módulos; VEGETACAO_NATIVA=sim,0.22548500881834216,3
MOD_FISCAL=1-4 módulos; USO_RESTRITO=nao; VEGETACAO_NATIVA=sim,0.22548500881834216,3
STATUS=AT; USO_RESTRITO=nao; VEGETACAO_NATIVA=sim,0.22477954144620813,3
MOD_FISCAL=<1 módulo; RESERVA_LEGAL=sim; SERVIDAO_ADMINISTRATIVA=nao,0.2244268077601411,3
AREA_CONSOLIDADA=sim; MOD_FISCAL=<1 módulo; RESERVA_LEGAL=sim,0.22372134038800706,3
AREA=15-100 ha; RESERVA_LEGAL=nao,0.22328042328042327,2
AREA=15-100 ha; RESERVA_LEGAL=nao; TIPO=IRU,0.22328042328042327,3
AREA=15-100 ha; RESERVA_LEGAL=nao; USO_RESTRITO=nao,0.22319223985890652,3
AREA=100-1000 ha; MUNICIPIO=São Félix do Xingu; SERVIDAO_ADMINISTRATIVA=nao,0.22301587301587303,3
AREA=100-1000 ha; SERVIDAO_ADMINISTRATIVA=nao; UF=PA,0.22301587301587303,3
MOD_FISCAL=<1 módulo; RESERVA_LEGAL=nao; VEGETACAO_NATIVA=nao,0.22301587301587303,3
AREA=15-100 ha; AREA_POUSIO=nao; RESERVA_LEGAL=nao,0.22213403880070548,3
MOD_FISCAL=1-4 módulos; STATUS=PE,0.22178130511463845,2
MOD_FISCAL=1-4 módulos; STATUS=PE; TIPO=IRU,0.22178130511463845,3
APP=sim; MOD_FISCAL=1-4 módulos,0.2216931216931217,2
MOD_FISCAL=1-4 módulos; MUNICIPIO=São Félix do Xingu; STATUS=PE,0.2216931216931217,3
MOD_FISCAL=1-4 módulos; STATUS=PE; UF=PA,0.2216931216931217,3
MOD_FISCAL=1-4 módulos; STATUS=PE; USO_RESTRITO=nao,0.22160493827160493,3
APP=sim; MOD_FISCAL=1-4 módulos; TIPO=IRU,0.22134038800705466,3
APP=sim; MOD_FISCAL=1-4 módulos; USO_RESTRITO=nao,0.22107583774250442,3
AREA_POUSIO=nao; MOD_FISCAL=1-4 módulos; STATUS=PE,0.22081128747795414,3
APP=sim; AREA_POUSIO=nao; MOD_FISCAL=1-4 módulos,0.22063492063492063,3
AREA=15-100 ha; AREA_CONSOLIDADA=sim; HIDROGRAFIA=nao,0.22054673721340387,3
HIDROGRAFIA=sim; STATUS=AT,0.2199294532627866,2
APP=sim; AREA=15-100 ha; MUNICIPIO=São Félix do Xingu,0.21940035273368608,3
APP=sim; AREA=15-100 ha; UF=PA,0.21940035273368608,3
APP=sim; HIDROGRAFIA=sim; STATUS=AT,0.21904761904761905,3
AREA_POUSIO=nao; HIDROGRAFIA=sim; STATUS=AT,0.21878306878306877,3
HIDROGRAFIA=sim; STATUS=AT; TIPO=IRU,0.21825396825396826,3
APP=nao; AREA=15-100 ha,0.21772486772486774,2
APP=nao; AREA=15-100 ha; TIPO=IRU,0.21772486772486774,3
APP=nao; AREA=15-100 ha; USO_RESTRITO=nao,0.21754850088183422,3
HIDROGRAFIA=nao; RESERVA_LEGAL=sim,0.2173721340388007,2
HIDROGRAFIA=nao; RESERVA_LEGAL=sim; TIPO=IRU,0.2173721340388007,3
HIDROGRAFIA=sim; STATUS=AT; USO_RESTRITO=nao,0.2173721340388007,3
HIDROGRAFIA=nao; RESERVA_LEGAL=sim; USO_RESTRITO=nao,0.21693121693121692,3
APP=nao; AREA=15-100 ha; HIDROGRAFIA=nao,0.2168430335097002,3
AREA_CONSOLIDADA=sim; MOD_FISCAL=1-4 módulos; VEGETACAO_NATIVA=sim,0.2168430335097002,3
APP=nao; AREA=15-100 ha; AREA_POUSIO=nao,0.21657848324514992,3
AREA=15-100 ha; HIDROGRAFIA=sim; SERVIDAO_ADMINISTRATIVA=nao,0.21649029982363316,3
AREA_POUSIO=nao; HIDROGRAFIA=nao; RESERVA_LEGAL=sim,0.21649029982363316,3
APP=sim; MOD_FISCAL=<1 módulo; SERVIDAO_ADMINISTRATIVA=nao,0.21569664902998237,3
AREA=100-1000 ha; AREA_CONSOLIDADA=sim; SERVIDAO_ADMINISTRATIVA=nao,0.21569664902998237,3
AREA_CONSOLIDADA=sim; MOD_FISCAL=1-4 módulos; STATUS=PE,0.21569664902998237,3
AREA_CONSOLIDADA=sim; HIDROGRAFIA=sim; MOD_FISCAL=<1 módulo,0.21552028218694885,3
MOD_FISCAL=1-4 módulos; RESERVA_LEGAL=sim,0.21455026455026455,2
MOD_FISCAL=1-4 módulos; RESERVA_LEGAL=sim; TIPO=IRU,0.21428571428571427,3
MOD_FISCAL=1-4 módulos; RESERVA_LEGAL=sim; USO_RESTRITO=nao,0.2138447971781305,3
APP=sim; AREA_CONSOLIDADA=sim; MOD_FISCAL=1-4 módulos,0.213668430335097,3
AREA_POUSIO=nao; MOD_FISCAL=1-4 módulos; RESERVA_LEGAL=sim,0.21358024691358024,3
APP=sim; AREA_CONSOLIDADA=sim; STATUS=AT,0.21252204585537918,3
HIDROGRAFIA=nao; VEGETACAO_NATIVA=sim,0.21243386243386245,2
HIDROGRAFIA=nao; MOD_FISCAL=<1 módulo; STATUS=PE,0.21243386243386245,3
HIDROGRAFIA=nao; TIPO=IRU; VEGETACAO_NATIVA=sim,0.21243386243386245,3
APP=nao; AREA=15-100 ha; MUNICIPIO=São Félix do Xingu,0.21208112874779542,3
APP=nao; AREA=15-100 ha; UF=PA,0.21208112874779542,3
AREA_POUSIO=nao; HIDROGRAFIA=nao; VEGETACAO_NATIVA=sim,0.2119047619047619,3
HIDROGRAFIA=nao; USO_RESTRITO=nao; VEGETACAO_NATIVA=sim,0.2119047619047619,3
APP=nao; AREA=15-100 ha; SERVIDAO_ADMINISTRATIVA=nao,0.2115520282186949,3
HIDROGRAFIA=sim; MOD_FISCAL=1-4 módulos,0.21146384479717814,2
HIDROGRAFIA=nao; MUNICIPIO=São Félix do Xingu; VEGETACAO_NATIVA=nao,0.21146384479717814,3
HIDROGRAFIA=nao; UF=PA; VEGETACAO_NATIVA=nao,0.21146384479717814,3
AREA_CONSOLIDADA=sim; HIDROGRAFIA=nao; VEGETACAO_NATIVA=nao,0.2111111111111111,3
HIDROGRAFIA=sim; MOD_FISCAL=1-4 módulos; TIPO=IRU,0.2111111111111111,3
APP=sim; HIDROGRAFIA=sim; MOD_FISCAL=1-4 módulos,0.21102292768959435,3
AREA=15-100 ha; AREA_CONSOLIDADA=sim; RESERVA_LEGAL=nao,0.21102292768959435,3
AREA=15-100 ha; RESERVA_LEGAL=sim; VEGETACAO_NATIVA=sim,0.21084656084656084,3
HIDROGRAFIA=sim; MOD_FISCAL=1-4 módulos; USO_RESTRITO=nao,0.21084656084656084,3
APP=nao; MUNICIPIO=São Félix do Xingu; VEGETACAO_NATIVA=nao,0.2105820105820106,3
APP=nao; UF=PA; VEGETACAO_NATIVA=nao,0.2105820105820106,3
AREA_POUSIO=nao; HIDROGRAFIA=sim; MOD_FISCAL=1-4 módulos,0.21040564373897708,3
HIDROGRAFIA=nao; RESERVA_LEGAL=sim; SERVIDAO_ADMINISTRATIVA=nao,0.20987654320987653,3
AREA=15-100 ha; RESERVA_LEGAL=nao; SERVIDAO_ADMINISTRATIVA=nao,0.20970017636684304,3
AREA_CONSOLIDADA=sim; STATUS=AT; VEGETACAO_NATIVA=sim,0.2082010582010582,3
APP=nao; AREA_CONSOLIDADA=sim; VEGETACAO_NATIVA=nao,0.20767195767195767,3
AREA_CONSOLIDADA=sim; MOD_FISCAL=1-4 módulos; RESERVA_LEGAL=sim,0.20679012345679013,3
AREA_CONSOLIDADA=sim; HIDROGRAFIA=nao; RESERVA_LEGAL=nao,0.2066137566137566,3
AREA=15-100 ha; VEGETACAO_NATIVA=nao,0.20582010582010582,2
AREA=15-100 ha; HIDROGRAFIA=sim; MUNICIPIO=São Félix do Xingu,0.20582010582010582,3
AREA=15-100 ha; HIDROGRAFIA=sim; UF=PA,0.20582010582010582,3
AREA=15-100 ha; TIPO=IRU; VEGETACAO_NATIVA=nao,0.20582010582010582,3
AREA=15-100 ha; USO_RESTRITO=nao; VEGETACAO_NATIVA=nao,0.20573192239858906,3
HIDROGRAFIA=nao; MUNICIPIO=São Félix do Xingu; RESERVA_LEGAL=sim,0.2054673721340388,3
HIDROGRAFIA=nao; RESERVA_LEGAL=sim; UF=PA,0.2054673721340388,3
APP=nao; AREA=15-100 ha; AREA_CONSOLIDADA=sim,0.20520282186948854,3
APP=sim; STATUS=PE; VEGETACAO_NATIVA=sim,0.2044973544973545,3
APP=nao; MOD_FISCAL=<1 módulo; STATUS=PE,0.204320987654321,3
AREA=15-100 ha; AREA_POUSIO=nao; VEGETACAO_NATIVA=nao,0.20423280423280424,3
AREA_CONSOLIDADA=sim; HIDROGRAFIA=sim; MOD_FISCAL=1-4 módulos,0.2038800705467372,3
HIDROGRAFIA=nao; SERVIDAO_ADMINISTRATIVA=nao; VEGETACAO_NATIVA=sim,0.2038800705467372,3
AREA_CONSOLIDADA=sim; HIDROGRAFIA=sim; STATUS=AT,0.20379188712522045,3
APP=nao; AREA_CONSOLIDADA=sim; RESERVA_LEGAL=nao,0.20229276895943563,3
HIDROGRAFIA=sim; MOD_FISCAL=<1 módulo; SERVIDAO_ADMINISTRATIVA=nao,0.20202821869488535,3
MOD_FISCAL=1-4 módulos; SERVIDAO_ADMINISTRATIVA=nao; STATUS=PE,0.2015873015873016,3
RESERVA_LEGAL=nao; STATUS=PE; VEGETACAO_NATIVA=nao,0.20149911816578484,3
APP=sim; RESERVA_LEGAL=nao,0.20123456790123456,2
APP=sim; RESERVA_LEGAL=nao; TIPO=IRU,0.20097001763668432,3
APP=sim; RESERVA_LEGAL=nao; USO_RESTRITO=nao,0.20088183421516756,3
AREA=15-100 ha; MUNICIPIO=São Félix do Xingu; RESERVA_LEGAL=nao,0.20026455026455026,3
AREA=15-100 ha; RESERVA_LEGAL=nao; UF=PA,0.20026455026455026,3
APP=sim; AREA_POUSIO=nao; RESERVA_LEGAL=nao,0.20008818342151677,3
AREA_CONSOLIDADA=sim; HIDROGRAFIA=nao; RESERVA_LEGAL=sim,0.2,3
RESERVA_LEGAL=sim; STATUS=AT,0.1993827160493827,2
HIDROGRAFIA=nao; MUNICIPIO=São Félix do Xingu; RESERVA_LEGAL=nao,0.19894179894179895,3
HIDROGRAFIA=nao; RESERVA_LEGAL=nao; UF=PA,0.19894179894179895,3
AREA_POUSIO=nao; RESERVA_LEGAL=sim; STATUS=AT,0.19823633156966491,3
APP=nao; MUNICIPIO=São Félix do Xingu; RESERVA_LEGAL=nao,0.1980599647266314,3
APP=nao; RESERVA_LEGAL=nao; UF=PA,0.1980599647266314,3
RESERVA_LEGAL=sim; STATUS=AT; TIPO=IRU,0.19797178130511464,3
MOD_FISCAL=1-4 módulos; MUNICIPIO=São Félix do Xingu; VEGETACAO_NATIVA=sim,0.19788359788359788,3
MOD_FISCAL=1-4 módulos; UF=PA; VEGETACAO_NATIVA=sim,0.19788359788359788,3
HIDROGRAFIA=sim; RESERVA_LEGAL=nao,0.19673721340388006,2
MOD_FISCAL=<1 módulo; MUNICIPIO=São Félix do Xingu; RESERVA_LEGAL=sim,0.19673721340388006,3
MOD_FISCAL=<1 módulo; RESERVA_LEGAL=sim; UF=PA,0.19673721340388006,3
RESERVA_LEGAL=sim; STATUS=AT; USO_RESTRITO=nao,0.1966490299823633,3
HIDROGRAFIA=sim; RESERVA_LEGAL=nao; TIPO=IRU,0.19647266313932982,3
AREA=15-100 ha; MUNICIPIO=São Félix do Xingu; VEGETACAO_NATIVA=nao,0.19638447971781306,3
AREA=15-100 ha; UF=PA; VEGETACAO_NATIVA=nao,0.19638447971781306,3
HIDROGRAFIA=sim; RESERVA_LEGAL=nao; USO_RESTRITO=nao,0.19638447971781306,3
AREA=15-100 ha; SERVIDAO_ADMINISTRATIVA=nao; VEGETACAO_NATIVA=nao,0.19594356261022927,3
AREA_POUSIO=nao; HIDROGRAFIA=sim; RESERVA_LEGAL=nao,0.195679012345679,3
AREA_CONSOLIDADA=sim; HIDROGRAFIA=nao; VEGETACAO_NATIVA=sim,0.1955026455026455,3
AREA=15-100 ha; AREA_CONSOLIDADA=sim; VEGETACAO_NATIVA=nao,0.19541446208112875,3
MOD_FISCAL=<1 módulo; MUNICIPIO=São Félix do Xingu; VEGETACAO_NATIVA=sim,0.19514991181657848,3
MOD_FISCAL=<1 módulo; UF=PA; VEGETACAO_NATIVA=sim,0.19514991181657848,3
APP=sim; HIDROGRAFIA=sim; RESERVA_LEGAL=nao,0.19497354497354497,3
APP=sim; RESERVA_LEGAL=sim; STATUS=PE,0.19497354497354497,3
MOD_FISCAL=1-4 módulos; MUNICIPIO=São Félix do Xingu; RESERVA_LEGAL=sim,0.19497354497354497,3
MOD_FISCAL=1-4 módulos; RESERVA_LEGAL=sim; UF=PA,0.19497354497354497,3
MOD_FISCAL=<1 módulo; STATUS=AT,0.1943562610229277,2
APP=nao; RESERVA_LEGAL=sim,0.19400352733686066,2
APP=nao; RESERVA_LEGAL=sim; TIPO=IRU,0.19400352733686066,3
APP=nao; RESERVA_LEGAL=sim; USO_RESTRITO=nao,0.19382716049382717,3
MOD_FISCAL=<1 módulo; RESERVA_LEGAL=sim; VEGETACAO_NATIVA=sim,0.19373897707231041,3
APP=nao; HIDROGRAFIA=nao; RESERVA_LEGAL=sim,0.19338624338624338,3
AREA_POUSIO=nao; MOD_FISCAL=<1 módulo; STATUS=AT,0.19320987654320987,3
APP=nao; AREA_POUSIO=nao; RESERVA_LEGAL=sim,0.1931216931216931,3
MOD_FISCAL=<1 módulo; STATUS=AT; TIPO=IRU,0.19303350970017635,3
HIDROGRAFIA=nao; MUNICIPIO=São Félix do Xingu; VEGETACAO_NATIVA=sim,0.19294532627865962,3
HIDROGRAFIA=nao; UF=PA; VEGETACAO_NATIVA=sim,0.19294532627865962,3
MOD_FISCAL=1-4 módulos; SERVIDAO_ADMINISTRATIVA=nao; VEGETACAO_NATIVA=sim,0.19268077601410935,3
APP=sim; AREA_CONSOLIDADA=sim; RESERVA_LEGAL=nao,0.19223985890652556,3
MOD_FISCAL=<1 módulo; STATUS=AT; USO_RESTRITO=nao,0.19223985890652556,3
MUNICIPIO=São Félix do Xingu; STATUS=AT,0.19091710758377425,2
STATUS=AT; UF=PA,0.19091710758377425,2
APP=sim; MOD_FISCAL=1-4 módulos; MUNICIPIO=São Félix do Xingu,0.19091710758377425,3
APP=sim; MOD_FISCAL=1-4 módulos; UF=PA,0.19091710758377425,3
MUNICIPIO=São Félix do Xingu; STATUS=AT; UF=PA,0.19091710758377425,3
AREA=100-1000 ha; MOD_FISCAL=1-4 módulos,0.19074074074074074,2
AREA=100-1000 ha; MOD_FISCAL=1-4 módulos; MUNICIPIO=São Félix do Xingu,0.19074074074074074,3
AREA=100-1000 ha; MOD_FISCAL=1-4 módulos; TIPO=IRU,0.19074074074074074,3
AREA=100-1000 ha; MOD_FISCAL=1-4 módulos; UF=PA,0.19074074074074074,3
HIDROGRAFIA=nao; RESERVA_LEGAL=nao; VEGETACAO_NATIVA=nao,0.19047619047619047,3
AREA=100-1000 ha; MOD_FISCAL=1-4 módulos; USO_RESTRITO=nao,0.1903880070546737,3
MUNICIPIO=São Félix do Xingu; STATUS=AT; USO_RESTRITO=nao,0.19029982363315698,3
STATUS=AT; UF=PA; USO_RESTRITO=nao,0.19029982363315698,3
AREA=100-1000 ha; AREA_POUSIO=nao; MOD_FISCAL=1-4 módulos,0.1900352733686067,3
AREA_POUSIO=nao; MUNICIPIO=São Félix do Xingu; STATUS=AT,0.18941798941798943,3
AREA_POUSIO=nao; STATUS=AT; UF=PA,0.18941798941798943,3
MUNICIPIO=São Félix do Xingu; STATUS=AT; TIPO=IRU,0.18844797178130512,3
STATUS=AT; TIPO=IRU; UF=PA,0.18844797178130512,3
AREA=15-100 ha; HIDROGRAFIA=nao; STATUS=PE,0.1882716049382716,3
APP=nao; VEGETACAO_NATIVA=sim,0.18791887125220458,2
APP=nao; RESERVA_LEGAL=nao; VEGETACAO_NATIVA=nao,0.18791887125220458,3
APP=nao; RESERVA_LEGAL=sim; SERVIDAO_ADMINISTRATIVA=nao,0.18791887125220458,3
APP=nao; TIPO=IRU; VEGETACAO_NATIVA=sim,0.18791887125220458,3
AREA_CONSOLIDADA=sim; HIDROGRAFIA=sim; RESERVA_LEGAL=nao,0.18791887125220458,3
APP=nao; USO_RESTRITO=nao; VEGETACAO_NATIVA=sim,0.18765432098765433,3
HIDROGRAFIA=sim; STATUS=PE; VEGETACAO_NATIVA=sim,0.18756613756613758,3
APP=nao; AREA_POUSIO=nao; VEGETACAO_NATIVA=sim,0.18738977072310406,3
APP=nao; HIDROGRAFIA=nao; VEGETACAO_NATIVA=sim,0.1873015873015873,3
APP=sim; AREA=100-1000 ha,0.18703703703703703,2
APP=sim; AREA=100-1000 ha; TIPO=IRU,0.18703703703703703,3
APP=nao; MUNICIPIO=São Félix do Xingu; RESERVA_LEGAL=sim,0.18659611992945327,3
APP=nao; RESERVA_LEGAL=sim; UF=PA,0.18659611992945327,3
APP=sim; STATUS=AT; VEGETACAO_NATIVA=sim,0.18659611992945327,3
AREA=15-100 ha; STATUS=PE; VEGETACAO_NATIVA=sim,0.18659611992945327,3
APP=sim; AREA=100-1000 ha; USO_RESTRITO=nao,0.186331569664903,3
APP=sim; AREA=100-1000 ha; AREA_POUSIO=nao,0.18615520282186948,3
AREA=100-1000 ha; VEGETACAO_NATIVA=sim,0.18589065255731924,2
AREA=100-1000 ha; TIPO=IRU; VEGETACAO_NATIVA=sim,0.18589065255731924,3
AREA=100-1000 ha; RESERVA_LEGAL=sim,0.18571428571428572,2
AREA=100-1000 ha; RESERVA_LEGAL=sim; TIPO=IRU,0.18571428571428572,3
AREA_CONSOLIDADA=sim; RESERVA_LEGAL=sim; STATUS=AT,0.18562610229276896,3
HIDROGRAFIA=nao; MOD_FISCAL=<1 módulo; VEGETACAO_NATIVA=nao,0.1855379188712522,3
MOD_FISCAL=<1 módulo; STATUS=PE; VEGETACAO_NATIVA=nao,0.1853615520282187,3
AREA=100-1000 ha; RESERVA_LEGAL=sim; USO_RESTRITO=nao,0.18509700176366842,3
MOD_FISCAL=<1 módulo; RESERVA_LEGAL=nao; STATUS=PE,0.18509700176366842,3
AREA=100-1000 ha; AREA_POUSIO=nao; VEGETACAO_NATIVA=sim,0.1850088183421517,3
AREA=100-1000 ha; USO_RESTRITO=nao; VEGETACAO_NATIVA=sim,0.1850088183421517,3
AREA=100-1000 ha; AREA_POUSIO=nao; RESERVA_LEGAL=sim,0.18483245149911817,3
MOD_FISCAL=1-4 módulos; RESERVA_LEGAL=sim; SERVIDAO_ADMINISTRATIVA=nao,0.18483245149911817,3
HIDROGRAFIA=nao; MOD_FISCAL=<1 módulo; RESERVA_LEGAL=nao,0.18403880070546738,3
AREA=100-1000 ha; AREA_CONSOLIDADA=sim; MOD_FISCAL=1-4 módulos,0.18386243386243387,3
APP=nao; MOD_FISCAL=<1 módulo; VEGETACAO_NATIVA=nao,0.1837742504409171,3
APP=sim; MOD_FISCAL=1-4 módulos; SERVIDAO_ADMINISTRATIVA=nao,0.1837742504409171,3
AREA=15-100 ha; RESERVA_LEGAL=sim; STATUS=PE,0.18253968253968253,3
AREA=100-1000 ha; MUNICIPIO=São Félix do Xingu; RESERVA_LEGAL=sim,0.18236331569664904,3
AREA=100-1000 ha; RESERVA_LEGAL=sim; UF=PA,0.18236331569664904,3
HIDROGRAFIA=sim; MOD_FISCAL=1-4 módulos; MUNICIPIO=São Félix do Xingu,0.18209876543209877,3
HIDROGRAFIA=sim; MOD_FISCAL=1-4 módulos; UF=PA,0.18209876543209877,3
APP=sim; AREA=100-1000 ha; MUNICIPIO=São Félix do Xingu,0.18174603174603174,3
APP=sim; AREA=100-1000 ha; UF=PA,0.18174603174603174,3
APP=nao; MOD_FISCAL=<1 módulo; RESERVA_LEGAL=nao,0.18156966490299822,3
APP=nao; SERVIDAO_ADMINISTRATIVA=nao; VEGETACAO_NATIVA=sim,0.18095238095238095,3
AREA=15-100 ha; HIDROGRAFIA=nao; MOD_FISCAL=<1 módulo,0.18095238095238095,3
AREA=100-1000 ha; HIDROGRAFIA=sim,0.1808641975308642,2
AREA=100-1000 ha; HIDROGRAFIA=sim; TIPO=IRU,0.1808641975308642,3
AREA=100-1000 ha; MUNICIPIO=São Félix do Xingu; VEGETACAO_NATIVA=sim,0.1808641975308642,3
AREA=100-1000 ha; UF=PA; VEGETACAO_NATIVA=sim,0.1808641975308642,3
APP=sim; AREA=100-1000 ha; HIDROGRAFIA=sim,0.1805114638447972,3
AREA=100-1000 ha; HIDROGRAFIA=sim; USO_RESTRITO=nao,0.18015873015873016,3
RESERVA_LEGAL=sim; STATUS=AT; VEGETACAO_NATIVA=sim,0.1800705467372134,3
AREA=100-1000 ha; STATUS=PE,0.17998236331569664,2
AREA=100-1000 ha; AREA_POUSIO=nao; HIDROGRAFIA=sim,0.17998236331569664,3
AREA=100-1000 ha; MUNICIPIO=São Félix do Xingu; STATUS=PE,0.17998236331569664,3
AREA=100-1000 ha; STATUS=PE; TIPO=IRU,0.17998236331569664,3
AREA=100-1000 ha; STATUS=PE; UF=PA,0.17998236331569664,3
HIDROGRAFIA=sim; STATUS=AT; VEGETACAO_NATIVA=sim,0.17989417989417988,3
AREA=100-1000 ha; STATUS=PE; USO_RESTRITO=nao,0.17980599647266313,3
APP=sim; AREA=100-1000 ha; AREA_CONSOLIDADA=sim,0.1797178130511464,3
AREA=100-1000 ha; AREA_POUSIO=nao; STATUS=PE,0.17918871252204585,3
MOD_FISCAL=1-4 módulos; RESERVA_LEGAL=sim; VEGETACAO_NATIVA=sim,0.17857142857142858,3
AREA=15-100 ha; MOD_FISCAL=<1 módulo; VEGETACAO_NATIVA=sim,0.1781305114638448,3
AREA=100-1000 ha; AREA_CONSOLIDADA=sim; VEGETACAO_NATIVA=sim,0.17786596119929454,3
HIDROGRAFIA=sim; RESERVA_LEGAL=sim; STATUS=PE,0.17786596119929454,3
SERVIDAO_ADMINISTRATIVA=nao; STATUS=AT; VEGETACAO_NATIVA=sim,0.17786596119929454,3
AREA=100-1000 ha; AREA_CONSOLIDADA=sim; RESERVA_LEGAL=sim,0.17742504409171075,3
APP=nao; AREA_CONSOLIDADA=sim; RESERVA_LEGAL=sim,0.17689594356261024,3
APP=sim; RESERVA_LEGAL=nao; SERVIDAO_ADMINISTRATIVA=nao,0.17680776014109348,3
AREA_CONSOLIDADA=sim; MUNICIPIO=São Félix do Xingu; STATUS=AT,0.17680776014109348,3
AREA_CONSOLIDADA=sim; STATUS=AT; UF=PA,0.17680776014109348,3
APP=sim; SERVIDAO_ADMINISTRATIVA=nao; STATUS=AT,0.17663139329805996,3
AREA=100-1000 ha; HIDROGRAFIA=sim; MUNICIPIO=São Félix do Xingu,0.1755731922398589,3
AREA=100-1000 ha; HIDROGRAFIA=sim; UF=PA,0.1755731922398589,3
APP=nao; AREA=15-100 ha; STATUS=PE,0.17548500881834214,3
APP=nao; MUNICIPIO=São Félix do Xingu; VEGETACAO_NATIVA=sim,0.17407407407407408,3
APP=nao; UF=PA; VEGETACAO_NATIVA=sim,0.17407407407407408,3
AREA=100-1000 ha; AREA_CONSOLIDADA=sim; STATUS=PE,0.17389770723104056,3
HIDROGRAFIA=sim; MOD_FISCAL=1-4 módulos; SERVIDAO_ADMINISTRATIVA=nao,0.17389770723104056,3
AREA=100-1000 ha; AREA_CONSOLIDADA=sim; HIDROGRAFIA=sim,0.1736331569664903,3
APP=sim; MOD_FISCAL=<1 módulo; MUNICIPIO=São Félix do Xingu,0.17354497354497356,3
APP=sim; MOD_FISCAL=<1 módulo; UF=PA,0.17354497354497356,3
HIDROGRAFIA=sim; RESERVA_LEGAL=nao; SERVIDAO_ADMINISTRATIVA=nao,0.1728395061728395,3
MOD_FISCAL=<1 módulo; SERVIDAO_ADMINISTRATIVA=nao; STATUS=AT,0.1720458553791887,3
AREA=15-100 ha; MOD_FISCAL=<1 módulo; RESERVA_LEGAL=sim,0.1718694885361552,3
APP=nao; AREA_CONSOLIDADA=sim; VEGETACAO_NATIVA=sim,0.1715167548500882,3
APP=nao; AREA=15-100 ha; MOD_FISCAL=<1 módulo,0.17116402116402116,3
APP=sim; AREA=15-100 ha; STATUS=PE,0.17098765432098764,3
APP=sim; AREA=15-100 ha; VEGETACAO_NATIVA=sim,0.17037037037037037,3
HIDROGRAFIA=nao; RESERVA_LEGAL=sim; STATUS=PE,0.17001763668430336,3
APP=sim; AREA=15-100 ha; MOD_FISCAL=<1 módulo,0.16984126984126985,3
AREA_CONSOLIDADA=sim; MOD_FISCAL=<1 módulo; STATUS=AT,0.16957671957671958,3
HIDROGRAFIA=sim; SERVIDAO_ADMINISTRATIVA=nao; STATUS=AT,0.16940035273368606,3
AREA=15-100 ha; MOD_FISCAL=<1 módulo; RESERVA_LEGAL=nao,0.16913580246913582,3
AREA=100-1000 ha; MOD_FISCAL=1-4 módulos; SERVIDAO_ADMINISTRATIVA=nao,0.1664021164021164,3
HIDROGRAFIA=sim; MOD_FISCAL=<1 módulo; MUNICIPIO=São Félix do Xingu,0.16499118165784832,3
HIDROGRAFIA=sim; MOD_FISCAL=<1 módulo; UF=PA,0.16499118165784832,3
APP=sim; VEGETACAO_NATIVA=nao,0.16472663139329807,2
APP=sim; TIPO=IRU; VEGETACAO_NATIVA=nao,0.16472663139329807,3
APP=sim; USO_RESTRITO=nao; VEGETACAO_NATIVA=nao,0.16455026455026456,3
HIDROGRAFIA=nao; RESERVA_LEGAL=sim; VEGETACAO_NATIVA=sim,0.16419753086419753,3
AREA=15-100 ha; RESERVA_LEGAL=nao; STATUS=PE,0.16393298059964725,3
APP=sim; AREA_POUSIO=nao; VEGETACAO_NATIVA=nao,0.163668430335097,3
HIDROGRAFIA=nao; STATUS=PE; VEGETACAO_NATIVA=nao,0.16358024691358025,3
AREA=15-100 ha; MOD_FISCAL=<1 módulo; VEGETACAO_NATIVA=nao,0.16287477954144622,3
APP=sim; MOD_FISCAL=1-4 módulos; VEGETACAO_NATIVA=sim,0.16278659611992946,3
APP=nao; STATUS=PE; VEGETACAO_NATIVA=nao,0.16261022927689595,3
APP=sim; RESERVA_LEGAL=sim; STATUS=AT,0.16208112874779543,3
HIDROGRAFIA=sim; VEGETACAO_NATIVA=nao,0.16137566137566137,2
HIDROGRAFIA=sim; TIPO=IRU; VEGETACAO_NATIVA=nao,0.16137566137566137,3
HIDROGRAFIA=sim; USO_RESTRITO=nao; VEGETACAO_NATIVA=nao,0.16119929453262788,3
AREA_POUSIO=nao; HIDROGRAFIA=sim; VEGETACAO_NATIVA=nao,0.16040564373897706,3
AREA=15-100 ha; HIDROGRAFIA=sim; MOD_FISCAL=<1 módulo,0.16005291005291006,3
AREA=15-100 ha; STATUS=PE; VEGETACAO_NATIVA=nao,0.15987654320987654,3
APP=sim; HIDROGRAFIA=sim; VEGETACAO_NATIVA=nao,0.15961199294532627,3
HIDROGRAFIA=nao; STATUS=PE; VEGETACAO_NATIVA=sim,0.15961199294532627,3
AREA=100-1000 ha; SERVIDAO_ADMINISTRATIVA=nao; STATUS=PE,0.15881834215167548,3
APP=sim; AREA_CONSOLIDADA=sim; VEGETACAO_NATIVA=nao,0.1582010582010582,3
AREA=15-100 ha; HIDROGRAFIA=sim; STATUS=PE,0.1582010582010582,3
MUNICIPIO=São Félix do Xingu; SERVIDAO_ADMINISTRATIVA=nao; STATUS=AT,0.15811287477954145,3
SERVIDAO_ADMINISTRATIVA=nao; STATUS=AT; UF=PA,0.15811287477954145,3
APP=sim; MUNICIPIO=São Félix do Xingu; RESERVA_LEGAL=nao,0.15793650793650793,3
APP=sim; RESERVA_LEGAL=nao; UF=PA,0.15793650793650793,3
AREA=15-100 ha; RESERVA_LEGAL=nao; VEGETACAO_NATIVA=nao,0.15749559082892417,3
HIDROGRAFIA=sim; MUNICIPIO=São Félix do Xingu; RESERVA_LEGAL=nao,0.15705467372134038,3
HIDROGRAFIA=sim; RESERVA_LEGAL=nao; UF=PA,0.15705467372134038,3
HIDROGRAFIA=sim; RESERVA_LEGAL=sim; STATUS=AT,0.1564373897707231,3
AREA=100-1000 ha; RESERVA_LEGAL=sim; SERVIDAO_ADMINISTRATIVA=nao,0.1559082892416226,3
AREA=15-100 ha; HIDROGRAFIA=sim; VEGETACAO_NATIVA=sim,0.1559082892416226,3
RESERVA_LEGAL=sim; SERVIDAO_ADMINISTRATIVA=nao; STATUS=AT,0.15582010582010583,3
AREA_CONSOLIDADA=sim; HIDROGRAFIA=sim; VEGETACAO_NATIVA=nao,0.15476190476190477,3
AREA=100-1000 ha; SERVIDAO_ADMINISTRATIVA=nao; VEGETACAO_NATIVA=sim,0.15423280423280422,3
HIDROGRAFIA=sim; MOD_FISCAL=1-4 módulos; VEGETACAO_NATIVA=sim,0.15388007054673722,3
HIDROGRAFIA=nao; RESERVA_LEGAL=nao; STATUS=PE,0.15317460317460319,3
APP=sim; MOD_FISCAL=<1 módulo; VEGETACAO_NATIVA=sim,0.15308641975308643,3
APP=nao; RESERVA_LEGAL=sim; STATUS=PE,0.1529100529100529,3
MOD_FISCAL=<1 módulo; RESERVA_LEGAL=sim; STATUS=PE,0.1529100529100529,3
MOD_FISCAL=<1 módulo; STATUS=PE; VEGETACAO_NATIVA=sim,0.15264550264550264,3
APP=nao; RESERVA_LEGAL=nao; STATUS=PE,0.1523809523809524,3
AREA=100-1000 ha; RESERVA_LEGAL=sim; VEGETACAO_NATIVA=sim,0.15185185185185185,3
APP=sim; AREA=100-1000 ha; SERVIDAO_ADMINISTRATIVA=nao,0.15070546737213403,3
MUNICIPIO=Presidente Prudente,0.15026455026455027,1
UF=SP,0.15026455026455027,1
MUNICIPIO=Presidente Prudente; UF=SP,0.15026455026455027,2
AREA_POUSIO=nao; MUNICIPIO=Presidente Prudente,0.1501763668430335,2
AREA_POUSIO=nao; UF=SP,0.1501763668430335,2
MUNICIPIO=Presidente Prudente; TIPO=IRU,0.1501763668430335,2
TIPO=IRU; UF=SP,0.1501763668430335,2
AREA_POUSIO=nao; MUNICIPIO=Presidente Prudente; UF=SP,0.1501763668430335,3
MUNICIPIO=Presidente Prudente; TIPO=IRU; UF=SP,0.1501763668430335,3
AREA_POUSIO=nao; MUNICIPIO=Presidente Prudente; TIPO=IRU,0.15008818342151675,3
AREA_POUSIO=nao; TIPO=IRU; UF=SP,0.15008818342151675,3
MUNICIPIO=Presidente Prudente; STATUS=AT,0.14982363315696648,2
STATUS=AT; UF=SP,0.14982363315696648,2
MUNICIPIO=Presidente Prudente; STATUS=AT; UF=SP,0.14982363315696648,3
AREA_POUSIO=nao; MUNICIPIO=Presidente Prudente; STATUS=AT,0.14973544973544972,3
AREA_POUSIO=nao; STATUS=AT; UF=SP,0.14973544973544972,3
MUNICIPIO=Presidente Prudente; STATUS=AT; TIPO=IRU,0.14973544973544972,3
STATUS=AT; TIPO=IRU; UF=SP,0.14973544973544972,3
APP=sim; AREA=15-100 ha; RESERVA_LEGAL=sim,0.14955908289241623,3
APP=sim; MOD_FISCAL=1-4 módulos; RESERVA_LEGAL=sim,0.1490299823633157,3
APP=sim; SERVIDAO_ADMINISTRATIVA=nao; VEGETACAO_NATIVA=nao,0.14779541446208114,3
MUNICIPIO=Presidente Prudente; USO_RESTRITO=nao,0.14761904761904762,2
UF=SP; USO_RESTRITO=nao,0.14761904761904762,2
MUNICIPIO=Presidente Prudente; UF=SP; USO_RESTRITO=nao,0.14761904761904762,3
APP=sim; MUNICIPIO=São Félix do Xingu; VEGETACAO_NATIVA=nao,0.14753086419753086,3
APP=sim; UF=PA; VEGETACAO_NATIVA=nao,0.14753086419753086,3
AREA_POUSIO=nao; MUNICIPIO=Presidente Prudente; USO_RESTRITO=nao,0.14753086419753086,3
AREA_POUSIO=nao; UF=SP; USO_RESTRITO=nao,0.14753086419753086,3
MUNICIPIO=Presidente Prudente; TIPO=IRU; USO_RESTRITO=nao,0.14753086419753086,3
TIPO=IRU; UF=SP; USO_RESTRITO=nao,0.14753086419753086,3
MUNICIPIO=Presidente Prudente; STATUS=AT; USO_RESTRITO=nao,0.14717813051146383,3
STATUS=AT; UF=SP; USO_RESTRITO=nao,0.14717813051146383,3
HIDROGRAFIA=sim; MUNICIPIO=São Félix do Xingu; VEGETACAO_NATIVA=nao,0.14664902998236332,3
HIDROGRAFIA=sim; UF=PA; VEGETACAO_NATIVA=nao,0.14664902998236332,3
HIDROGRAFIA=sim; SERVIDAO_ADMINISTRATIVA=nao; VEGETACAO_NATIVA=nao,0.14479717813051146,3
MOD_FISCAL=1-4 módulos; STATUS=PE; VEGETACAO_NATIVA=sim,0.14479717813051146,3
AREA=100-1000 ha; HIDROGRAFIA=sim; SERVIDAO_ADMINISTRATIVA=nao,0.1447089947089947,3
APP=nao; STATUS=PE; VEGETACAO_NATIVA=sim,0.14268077601410933,3
MOD_FISCAL=1-4 módulos; RESERVA_LEGAL=sim; STATUS=PE,0.14250440917107585,3
APP=nao; RESERVA_LEGAL=sim; VEGETACAO_NATIVA=sim,0.1416225749559083,3
RESERVA_LEGAL=nao; STATUS=AT,0.14135802469135803,2
AREA_POUSIO=nao; RESERVA_LEGAL=nao; STATUS=AT,0.14091710758377424,3
RESERVA_LEGAL=nao; STATUS=AT; USO_RESTRITO=nao,0.1408289241622575,3
AREA=15-100 ha; MOD_FISCAL=1-4 módulos,0.14029982363315696,2
AREA=15-100 ha; MOD_FISCAL=1-4 módulos; TIPO=IRU,0.14029982363315696,3
RESERVA_LEGAL=nao; STATUS=AT; TIPO=IRU,0.1402116402116402,3
HIDROGRAFIA=sim; MOD_FISCAL=1-4 módulos; RESERVA_LEGAL=sim,0.14012345679012345,3
APP=sim; AREA=100-1000 ha; VEGETACAO_NATIVA=sim,0.13994708994708996,3
AREA=15-100 ha; MOD_FISCAL=1-4 módulos; USO_RESTRITO=nao,0.1398589065255732,3
AREA=15-100 ha; AREA_POUSIO=nao; MOD_FISCAL=1-4 módulos,0.13968253968253969,3
HIDROGRAFIA=sim; MOD_FISCAL=<1 módulo; VEGETACAO_NATIVA=sim,0.13968253968253969,3
AREA=100-1000 ha; MOD_FISCAL=1-4 módulos; STATUS=PE,0.13756613756613756,3
APP=sim; AREA=100-1000 ha; RESERVA_LEGAL=sim,0.13721340388007056,3
APP=sim; MOD_FISCAL=1-4 módulos; STATUS=PE,0.1361552028218695,3
AREA=15-100 ha; HIDROGRAFIA=sim; RESERVA_LEGAL=sim,0.13580246913580246,3
AREA=100-1000 ha; HIDROGRAFIA=sim; VEGETACAO_NATIVA=sim,0.1345679012345679,3
APP=sim; MOD_FISCAL=<1 módulo; STATUS=PE,0.13368606701940036,3
AREA=15-100 ha; AREA_CONSOLIDADA=sim; MOD_FISCAL=1-4 módulos,0.1328042328042328,3
AREA=100-1000 ha; HIDROGRAFIA=sim; RESERVA_LEGAL=sim,0.13156966490299823,3
RESERVA_LEGAL=nao; VEGETACAO_NATIVA=sim,0.13104056437389772,2
APP=sim; MOD_FISCAL=<1 módulo; RESERVA_LEGAL=sim,0.13095238095238096,3
RESERVA_LEGAL=nao; TIPO=IRU; VEGETACAO_NATIVA=sim,0.13077601410934744,3
RESERVA_LEGAL=nao; USO_RESTRITO=nao; VEGETACAO_NATIVA=sim,0.13077601410934744,3
AREA_POUSIO=nao; RESERVA_LEGAL=nao; VEGETACAO_NATIVA=sim,0.13015873015873017,3
MUNICIPIO=São Félix do Xingu; RESERVA_LEGAL=sim; STATUS=AT,0.12883597883597883,3
RESERVA_LEGAL=sim; STATUS=AT; UF=PA,0.12883597883597883,3
AREA=15-100 ha; STATUS=AT,0.12865961199294532,2
AREA=15-100 ha; STATUS=AT; TIPO=IRU,0.12865961199294532,3
AREA=15-100 ha; AREA_POUSIO=nao; STATUS=AT,0.12821869488536156,3
AREA=100-1000 ha; MOD_FISCAL=1-4 módulos; VEGETACAO_NATIVA=sim,0.1281305114638448,3
HIDROGRAFIA=sim; MOD_FISCAL=1-4 módulos; STATUS=PE,0.12795414462081128,3
AREA=15-100 ha; STATUS=AT; USO_RESTRITO=nao,0.12777777777777777,3
APP=sim; AREA=100-1000 ha; MOD_FISCAL=1-4 módulos,0.12760141093474428,3
AREA=100-1000 ha; MOD_FISCAL=1-4 módulos; RESERVA_LEGAL=sim,0.12724867724867725,3
AREA_CONSOLIDADA=sim; MUNICIPIO=Presidente Prudente,0.12698412698412698,2
AREA_CONSOLIDADA=sim; UF=SP,0.12698412698412698,2
AREA_CONSOLIDADA=sim; MUNICIPIO=Presidente Prudente; UF=SP,0.12698412698412698,3
AREA_CONSOLIDADA=sim; AREA_POUSIO=nao; MUNICIPIO=Presidente Prudente,0.12689594356261022,3
AREA_CONSOLIDADA=sim; AREA_POUSIO=nao; UF=SP,0.12689594356261022,3
AREA_CONSOLIDADA=sim; MUNICIPIO=Presidente Prudente; TIPO=IRU,0.12689594356261022,3
AREA_CONSOLIDADA=sim; TIPO=IRU; UF=SP,0.12689594356261022,3
AREA_CONSOLIDADA=sim; MUNICIPIO=Presidente Prudente; STATUS=AT,0.12654320987654322,3
AREA_CONSOLIDADA=sim; STATUS=AT; UF=SP,0.12654320987654322,3
APP=sim; RESERVA_LEGAL=nao; STATUS=PE,0.1259259259259259,3
HIDROGRAFIA=nao; MOD_FISCAL=<1 módulo; RESERVA_LEGAL=sim,0.12574955908289243,3
RESERVA_LEGAL=nao; SERVIDAO_ADMINISTRATIVA=nao; STATUS=AT,0.12566137566137567,3
HIDROGRAFIA=sim; MOD_FISCAL=<1 módulo; STATUS=PE,0.1255731922398589,3
HIDROGRAFIA=sim; RESERVA_LEGAL=nao; STATUS=PE,0.12513227513227512,3
AREA_CONSOLIDADA=sim; MUNICIPIO=Presidente Prudente; USO_RESTRITO=nao,0.1247795414462081,3
AREA_CONSOLIDADA=sim; UF=SP; USO_RESTRITO=nao,0.1247795414462081,3
MUNICIPIO=São Félix do Xingu; STATUS=AT; VEGETACAO_NATIVA=sim,0.12469135802469136,3
STATUS=AT; UF=PA; VEGETACAO_NATIVA=sim,0.12469135802469136,3
HIDROGRAFIA=nao; MOD_FISCAL=<1 módulo; VEGETACAO_NATIVA=sim,0.12425044091710759,3
MUNICIPIO=Presidente Prudente; SERVIDAO_ADMINISTRATIVA=nao,0.12354497354497354,2
SERVIDAO_ADMINISTRATIVA=nao; UF=SP,0.12354497354497354,2
MUNICIPIO=Presidente Prudente; SERVIDAO_ADMINISTRATIVA=nao; TIPO=IRU,0.12354497354497354,3
MUNICIPIO=Presidente Prudente; SERVIDAO_ADMINISTRATIVA=nao; UF=SP,0.12354497354497354,3
SERVIDAO_ADMINISTRATIVA=nao; TIPO=IRU; UF=SP,0.12354497354497354,3
AREA_POUSIO=nao; MUNICIPIO=Presidente Prudente; SERVIDAO_ADMINISTRATIVA=nao,0.12345679012345678,3
AREA_POUSIO=nao; SERVIDAO_ADMINISTRATIVA=nao; UF=SP,0.12345679012345678,3
AREA=15-100 ha; HIDROGRAFIA=nao; RESERVA_LEGAL=sim,0.12336860670194004,3
MUNICIPIO=Presidente Prudente; SERVIDAO_ADMINISTRATIVA=nao; STATUS=AT,0.12336860670194004,3
SERVIDAO_ADMINISTRATIVA=nao; STATUS=AT; UF=SP,0.12336860670194004,3
AREA=100-1000 ha; HIDROGRAFIA=sim; MOD_FISCAL=1-4 módulos,0.12310405643738977,3
APP=sim; MUNICIPIO=São Félix do Xingu; STATUS=AT,0.12275132275132275,3
APP=sim; STATUS=AT; UF=PA,0.12275132275132275,3
AREA=15-100 ha; MOD_FISCAL=1-4 módulos; SERVIDAO_ADMINISTRATIVA=nao,0.12275132275132275,3
AREA=100-1000 ha; RESERVA_LEGAL=sim; STATUS=PE,0.12204585537918872,3
HIDROGRAFIA=sim; MUNICIPIO=São Félix do Xingu; STATUS=AT,0.12160493827160494,3
HIDROGRAFIA=sim; STATUS=AT; UF=PA,0.12160493827160494,3
MUNICIPIO=Presidente Prudente; SERVIDAO_ADMINISTRATIVA=nao; USO_RESTRITO=nao,0.12151675485008819,3
SERVIDAO_ADMINISTRATIVA=nao; UF=SP; USO_RESTRITO=nao,0.12151675485008819,3
HIDROGRAFIA=nao; STATUS=AT,0.12081128747795414,2
AREA=15-100 ha; HIDROGRAFIA=nao; VEGETACAO_NATIVA=sim,0.1207231040564374,3
AREA=100-1000 ha; STATUS=PE; VEGETACAO_NATIVA=sim,0.12045855379188712,3
AREA_POUSIO=nao; HIDROGRAFIA=nao; STATUS=AT,0.12037037037037036,3
HIDROGRAFIA=nao; STATUS=AT; USO_RESTRITO=nao,0.1201058201058201,3
HIDROGRAFIA=nao; MOD_FISCAL=1-4 módulos,0.11992945326278659,2
HIDROGRAFIA=nao; MOD_FISCAL=1-4 módulos; TIPO=IRU,0.11992945326278659,3
HIDROGRAFIA=nao; STATUS=AT; TIPO=IRU,0.11992945326278659,3
HIDROGRAFIA=nao; MOD_FISCAL=1-4 módulos; USO_RESTRITO=nao,0.11975308641975309,3
AREA_POUSIO=nao; HIDROGRAFIA=nao; MOD_FISCAL=1-4 módulos,0.11966490299823633,3
APP=sim; AREA=100-1000 ha; STATUS=PE,0.11957671957671957,3
HIDROGRAFIA=sim; MOD_FISCAL=<1 módulo; RESERVA_LEGAL=sim,0.11825396825396825,3
AREA_CONSOLIDADA=sim; RESERVA_LEGAL=nao; VEGETACAO_NATIVA=sim,0.11781305114638448,3
AREA_CONSOLIDADA=sim; RESERVA_LEGAL=nao; STATUS=AT,0.11772486772486772,3
AREA=15-100 ha; AREA_CONSOLIDADA=sim; STATUS=AT,0.11728395061728394,3
MOD_FISCAL=1-4 módulos; RESERVA_LEGAL=nao,0.11684303350970017,2
MOD_FISCAL=1-4 módulos; RESERVA_LEGAL=nao; TIPO=IRU,0.11675485008818343,3
MOD_FISCAL=1-4 módulos; RESERVA_LEGAL=nao; USO_RESTRITO=nao,0.11675485008818343,3
APP=sim; RESERVA_LEGAL=nao; VEGETACAO_NATIVA=nao,0.11649029982363315,3
AREA_POUSIO=nao; MOD_FISCAL=1-4 módulos; RESERVA_LEGAL=nao,0.11649029982363315,3
APP=sim; STATUS=PE; VEGETACAO_NATIVA=nao,0.1164021164021164,3
HIDROGRAFIA=nao; MOD_FISCAL=1-4 módulos; MUNICIPIO=São Félix do Xingu,0.11569664902998236,3
HIDROGRAFIA=nao; MOD_FISCAL=1-4 módulos; UF=PA,0.11569664902998236,3
HIDROGRAFIA=nao; MOD_FISCAL=1-4 módulos; SERVIDAO_ADMINISTRATIVA=nao,0.1156084656084656,3
HIDROGRAFIA=sim; STATUS=PE; VEGETACAO_NATIVA=nao,0.1154320987654321,3
RESERVA_LEGAL=nao; SERVIDAO_ADMINISTRATIVA=nao; VEGETACAO_NATIVA=sim,0.1154320987654321,3
APP=sim; AREA=15-100 ha; RESERVA_LEGAL=nao,0.11516754850088183,3
AREA=100-1000 ha; HIDROGRAFIA=sim; STATUS=PE,0.11428571428571428,3
HIDROGRAFIA=sim; RESERVA_LEGAL=nao; VEGETACAO_NATIVA=nao,0.11393298059964727,3
AREA=15-100 ha; HIDROGRAFIA=sim; RESERVA_LEGAL=nao,0.11331569664902998,3
AREA_CONSOLIDADA=sim; HIDROGRAFIA=nao; MOD_FISCAL=1-4 módulos,0.11313932980599647,3
STATUS=AT; VEGETACAO_NATIVA=nao,0.11305114638447972,2
APP=nao; MOD_FISCAL=<1 módulo; RESERVA_LEGAL=sim,0.11305114638447972,3
STATUS=AT; USO_RESTRITO=nao; VEGETACAO_NATIVA=nao,0.1126984126984127,3
AREA=15-100 ha; HIDROGRAFIA=nao; VEGETACAO_NATIVA=nao,0.11261022927689594,3
AREA_POUSIO=nao; STATUS=AT; VEGETACAO_NATIVA=nao,0.11252204585537919,3
STATUS=AT; TIPO=IRU; VEGETACAO_NATIVA=nao,0.11216931216931217,3
HIDROGRAFIA=nao; SERVIDAO_ADMINISTRATIVA=nao; STATUS=AT,0.11208112874779541,3
APP=nao; STATUS=AT,0.11164021164021164,2
APP=sim; MOD_FISCAL=<1 módulo; RESERVA_LEGAL=nao,0.11164021164021164,3
AREA=4-15 ha,0.11155202821869488,1
AREA=4-15 ha; MOD_FISCAL=<1 módulo,0.11155202821869488,2
AREA=4-15 ha; TIPO=IRU,0.11146384479717814,2
APP=nao; AREA=15-100 ha; VEGETACAO_NATIVA=nao,0.11146384479717814,3
AREA=4-15 ha; MOD_FISCAL=<1 módulo; TIPO=IRU,0.11146384479717814,3
APP=nao; AREA_POUSIO=nao; STATUS=AT,0.11119929453262786,3
APP=nao; STATUS=AT; USO_RESTRITO=nao,0.11119929453262786,3
APP=nao; MOD_FISCAL=<1 módulo; VEGETACAO_NATIVA=sim,0.11084656084656085,3
AREA=4-15 ha; AREA_POUSIO=nao,0.11075837742504409,2
APP=nao; HIDROGRAFIA=nao; STATUS=AT,0.11075837742504409,3
APP=nao; STATUS=AT; TIPO=IRU,0.11075837742504409,3
AREA=4-15 ha; AREA_POUSIO=nao; MOD_FISCAL=<1 módulo,0.11075837742504409,3
AREA=4-15 ha; AREA_POUSIO=nao; TIPO=IRU,0.11067019400352733,3
AREA=4-15 ha; USO_RESTRITO=nao,0.11058201058201059,2
AREA=4-15 ha; MOD_FISCAL=<1 módulo; USO_RESTRITO=nao,0.11058201058201059,3
AREA=4-15 ha; TIPO=IRU; USO_RESTRITO=nao,0.11049382716049383,3
AREA_CONSOLIDADA=sim; MOD_FISCAL=1-4 módulos; RESERVA_LEGAL=nao,0.11022927689594356,3
AREA=15-100 ha; HIDROGRAFIA=nao; RESERVA_LEGAL=nao,0.1099647266313933,3
SERVIDAO_ADMINISTRATIVA=sim,0.10978835978835978,1
AREA=4-15 ha; AREA_POUSIO=nao; USO_RESTRITO=nao,0.10978835978835978,3
APP=nao; MOD_FISCAL=1-4 módulos,0.10970017636684304,2
SERVIDAO_ADMINISTRATIVA=sim; TIPO=IRU,0.10970017636684304,2
APP=nao; MOD_FISCAL=1-4 módulos; TIPO=IRU,0.10970017636684304,3
MOD_FISCAL=<1 módulo; MUNICIPIO=Presidente Prudente,0.10961199294532628,2
MOD_FISCAL=<1 módulo; UF=SP,0.10961199294532628,2
APP=nao; AREA=15-100 ha; RESERVA_LEGAL=sim,0.10961199294532628,3
MOD_FISCAL=<1 módulo; MUNICIPIO=Presidente Prudente; UF=SP,0.10961199294532628,3
MOD_FISCAL=<1 módulo; STATUS=AT; VEGETACAO_NATIVA=sim,0.10961199294532628,3
APP=nao; MOD_FISCAL=1-4 módulos; USO_RESTRITO=nao,0.10952380952380952,3
AREA_POUSIO=nao; MOD_FISCAL=<1 módulo; MUNICIPIO=Presidente Prudente,0.10952380952380952,3
AREA_POUSIO=nao; MOD_FISCAL=<1 módulo; UF=SP,0.10952380952380952,3
MOD_FISCAL=<1 módulo; MUNICIPIO=Presidente Prudente; TIPO=IRU,0.10952380952380952,3
MOD_FISCAL=<1 módulo; TIPO=IRU; UF=SP,0.10952380952380952,3
APP=nao; AREA_POUSIO=nao; MOD_FISCAL=1-4 módulos,0.10943562610229277,3
AREA_POUSIO=nao; SERVIDAO_ADMINISTRATIVA=sim,0.10934744268077601,2
APP=nao; HIDROGRAFIA=nao; MOD_FISCAL=1-4 módulos,0.10925925925925926,3
AREA_POUSIO=nao; SERVIDAO_ADMINISTRATIVA=sim; TIPO=IRU,0.10925925925925926,3
MOD_FISCAL=<1 módulo; MUNICIPIO=Presidente Prudente; STATUS=AT,0.10925925925925926,3
MOD_FISCAL=<1 módulo; STATUS=AT; UF=SP,0.10925925925925926,3
HIDROGRAFIA=sim; MOD_FISCAL=<1 módulo; RESERVA_LEGAL=nao,0.1091710758377425,3
SERVIDAO_ADMINISTRATIVA=sim; USO_RESTRITO=nao,0.10873015873015873,2
SERVIDAO_ADMINISTRATIVA=sim; TIPO=IRU; USO_RESTRITO=nao,0.10864197530864197,3
AREA_POUSIO=nao; SERVIDAO_ADMINISTRATIVA=sim; USO_RESTRITO=nao,0.10828924162257496,3
APP=nao; AREA=15-100 ha; RESERVA_LEGAL=nao,0.10811287477954144,3
MOD_FISCAL=<1 módulo; MUNICIPIO=Presidente Prudente; USO_RESTRITO=nao,0.10758377425044091,3
MOD_FISCAL=<1 módulo; UF=SP; USO_RESTRITO=nao,0.10758377425044091,3
AREA=15-100 ha; SERVIDAO_ADMINISTRATIVA=nao; STATUS=AT,0.10749559082892417,3
APP=nao; MOD_FISCAL=1-4 módulos; MUNICIPIO=São Félix do Xingu,0.10687830687830688,3
APP=nao; MOD_FISCAL=1-4 módulos; UF=PA,0.10687830687830688,3
APP=sim; MUNICIPIO=Presidente Prudente,0.10670194003527336,2
APP=sim; UF=SP,0.10670194003527336,2
APP=sim; AREA_POUSIO=nao; MUNICIPIO=Presidente Prudente,0.10670194003527336,3
APP=sim; AREA_POUSIO=nao; UF=SP,0.10670194003527336,3
APP=sim; MOD_FISCAL=<1 módulo; STATUS=AT,0.10670194003527336,3
APP=sim; MUNICIPIO=Presidente Prudente; UF=SP,0.10670194003527336,3
AREA=15-100 ha; MOD_FISCAL=1-4 módulos; MUNICIPIO=São Félix do Xingu,0.10670194003527336,3
AREA=15-100 ha; MOD_FISCAL=1-4 módulos; UF=PA,0.10670194003527336,3
APP=sim; MUNICIPIO=Presidente Prudente; TIPO=IRU,0.10661375661375662,3
APP=sim; TIPO=IRU; UF=SP,0.10661375661375662,3
APP=sim; MUNICIPIO=Presidente Prudente; STATUS=AT,0.10634920634920635,3
APP=sim; STATUS=AT; UF=SP,0.10634920634920635,3
APP=nao; AREA=15-100 ha; VEGETACAO_NATIVA=sim,0.10626102292768959,3
APP=nao; MOD_FISCAL=1-4 módulos; SERVIDAO_ADMINISTRATIVA=nao,0.10573192239858907,3
MOD_FISCAL=1-4 módulos; VEGETACAO_NATIVA=nao,0.10520282186948854,2
MOD_FISCAL=1-4 módulos; TIPO=IRU; VEGETACAO_NATIVA=nao,0.10520282186948854,3
MOD_FISCAL=1-4 módulos; USO_RESTRITO=nao; VEGETACAO_NATIVA=nao,0.10511463844797178,3
MOD_FISCAL=<1 módulo; RESERVA_LEGAL=nao; STATUS=AT,0.10502645502645502,3
APP=nao; SERVIDAO_ADMINISTRATIVA=nao; STATUS=AT,0.10485008818342152,3
AREA_CONSOLIDADA=sim; SERVIDAO_ADMINISTRATIVA=sim,0.10476190476190476,2
AREA_CONSOLIDADA=sim; SERVIDAO_ADMINISTRATIVA=sim; TIPO=IRU,0.104673721340388,3
MOD_FISCAL=1-4 módulos; RESERVA_LEGAL=nao; SERVIDAO_ADMINISTRATIVA=nao,0.104673721340388,3
AREA_POUSIO=nao; MOD_FISCAL=1-4 módulos; VEGETACAO_NATIVA=nao,0.10458553791887125,3
APP=sim; MUNICIPIO=Presidente Prudente; USO_RESTRITO=nao,0.10440917107583775,3
APP=sim; UF=SP; USO_RESTRITO=nao,0.10440917107583775,3
AREA_CONSOLIDADA=sim; AREA_POUSIO=nao; SERVIDAO_ADMINISTRATIVA=sim,0.10432098765432099,3
AREA_CONSOLIDADA=sim; MUNICIPIO=Presidente Prudente; SERVIDAO_ADMINISTRATIVA=nao,0.10396825396825397,3
AREA_CONSOLIDADA=sim; SERVIDAO_ADMINISTRATIVA=nao; UF=SP,0.10396825396825397,3
AREA_CONSOLIDADA=sim; SERVIDAO_ADMINISTRATIVA=sim; USO_RESTRITO=nao,0.10388007054673722,3
SERVIDAO_ADMINISTRATIVA=nao; STATUS=AT; VEGETACAO_NATIVA=nao,0.10361552028218694,3
MUNICIPIO=Presidente Prudente; VEGETACAO_NATIVA=sim,0.10335097001763668,2
UF=SP; VEGETACAO_NATIVA=sim,0.10335097001763668,2
APP=nao; AREA_CONSOLIDADA=sim; MOD_FISCAL=1-4 módulos,0.10335097001763668,3
AREA_POUSIO=nao; MUNICIPIO=Presidente Prudente; VEGETACAO_NATIVA=sim,0.10335097001763668,3
AREA_POUSIO=nao; UF=SP; VEGETACAO_NATIVA=sim,0.10335097001763668,3
MUNICIPIO=Presidente Prudente; UF=SP; VEGETACAO_NATIVA=sim,0.10335097001763668,3
MUNICIPIO=Presidente Prudente; TIPO=IRU; VEGETACAO_NATIVA=sim,0.10326278659611993,3
TIPO=IRU; UF=SP; VEGETACAO_NATIVA=sim,0.10326278659611993,3
MUNICIPIO=Presidente Prudente; STATUS=AT; VEGETACAO_NATIVA=sim,0.10299823633156967,3
STATUS=AT; UF=SP; VEGETACAO_NATIVA=sim,0.10299823633156967,3
MOD_FISCAL=1-4 módulos; MUNICIPIO=São Félix do Xingu; RESERVA_LEGAL=nao,0.10282186948853615,3
MOD_FISCAL=1-4 módulos; RESERVA_LEGAL=nao; UF=PA,0.10282186948853615,3
MUNICIPIO=Presidente Prudente; USO_RESTRITO=nao; VEGETACAO_NATIVA=sim,0.10105820105820106,3
UF=SP; USO_RESTRITO=nao; VEGETACAO_NATIVA=sim,0.10105820105820106,3
RESERVA_LEGAL=sim; VEGETACAO_NATIVA=nao,0.10061728395061728,2
RESERVA_LEGAL=sim; TIPO=IRU; VEGETACAO_NATIVA=nao,0.10061728395061728,3
RESERVA_LEGAL=sim; USO_RESTRITO=nao; VEGETACAO_NATIVA=nao,0.10061728395061728,3
AREA_CONSOLIDADA=sim; MOD_FISCAL=1-4 módulos; VEGETACAO_NATIVA=nao,0.1001763668430335,3
MOD_FISCAL=1-4 módulos; MUNICIPIO=São Félix do Xingu; VEGETACAO_NATIVA=nao,0.09991181657848325,3
MOD_FISCAL=1-4 módulos; UF=PA; VEGETACAO_NATIVA=nao,0.09991181657848325,3
HIDROGRAFIA=sim; MOD_FISCAL=<1 módulo; STATUS=AT,0.09973544973544973,3
AREA_CONSOLIDADA=sim; HIDROGRAFIA=nao; STATUS=AT,0.09955908289241623,3
AREA_POUSIO=nao; RESERVA_LEGAL=sim; VEGETACAO_NATIVA=nao,0.09947089947089947,3
AREA=4-15 ha; SERVIDAO_ADMINISTRATIVA=nao,0.09929453262786596,2
AREA=4-15 ha; MOD_FISCAL=<1 módulo; SERVIDAO_ADMINISTRATIVA=nao,0.09929453262786596,3
AREA=4-15 ha; SERVIDAO_ADMINISTRATIVA=nao; TIPO=IRU,0.09929453262786596,3
HIDROGRAFIA=sim; MUNICIPIO=Presidente Prudente,0.09858906525573193,2
HIDROGRAFIA=sim; UF=SP,0.09858906525573193,2
AREA=4-15 ha; AREA_POUSIO=nao; SERVIDAO_ADMINISTRATIVA=nao,0.09858906525573193,3
AREA_POUSIO=nao; HIDROGRAFIA=sim; MUNICIPIO=Presidente Prudente,0.09858906525573193,3
AREA_POUSIO=nao; HIDROGRAFIA=sim; UF=SP,0.09858906525573193,3
HIDROGRAFIA=sim; MUNICIPIO=Presidente Prudente; UF=SP,0.09858906525573193,3
HIDROGRAFIA=sim; MUNICIPIO=Presidente Prudente; TIPO=IRU,0.09850088183421517,3
HIDROGRAFIA=sim; TIPO=IRU; UF=SP,0.09850088183421517,3
AREA=4-15 ha; SERVIDAO_ADMINISTRATIVA=nao; USO_RESTRITO=nao,0.09841269841269841,3
HIDROGRAFIA=sim; MUNICIPIO=Presidente Prudente; STATUS=AT,0.09832451499118165,3
HIDROGRAFIA=sim; STATUS=AT; UF=SP,0.09832451499118165,3
APP=sim; HIDROGRAFIA=sim; MUNICIPIO=Presidente Prudente,0.09797178130511464,3
APP=sim; HIDROGRAFIA=sim; UF=SP,0.09797178130511464,3
MUNICIPIO=São Félix do Xingu; RESERVA_LEGAL=sim; VEGETACAO_NATIVA=nao,0.09797178130511464,3
RESERVA_LEGAL=sim; UF=PA; VEGETACAO_NATIVA=nao,0.09797178130511464,3
AREA=15-100 ha; MOD_FISCAL=1-4 módulos; VEGETACAO_NATIVA=sim,0.09770723104056438,3
AREA=4-15 ha; AREA_CONSOLIDADA=sim,0.09717813051146384,2
AREA=4-15 ha; AREA_CONSOLIDADA=sim; MOD_FISCAL=<1 módulo,0.09717813051146384,3
AREA=4-15 ha; AREA_CONSOLIDADA=sim; TIPO=IRU,0.09708994708994709,3
MOD_FISCAL=1-4 módulos; SERVIDAO_ADMINISTRATIVA=nao; VEGETACAO_NATIVA=nao,0.09682539682539683,3
HIDROGRAFIA=sim; MUNICIPIO=Presidente Prudente; USO_RESTRITO=nao,0.09656084656084656,3
HIDROGRAFIA=sim; UF=SP; USO_RESTRITO=nao,0.09656084656084656,3
AREA=4-15 ha; AREA_CONSOLIDADA=sim; AREA_POUSIO=nao,0.09647266313932981,3
AREA=4-15 ha; AREA_CONSOLIDADA=sim; USO_RESTRITO=nao,0.0962962962962963,3
APP=sim; AREA_CONSOLIDADA=sim; MUNICIPIO=Presidente Prudente,0.09603174603174604,3
APP=sim; AREA_CONSOLIDADA=sim; UF=SP,0.09603174603174604,3
MUNICIPIO=São Félix do Xingu; RESERVA_LEGAL=nao; VEGETACAO_NATIVA=sim,0.09585537918871252,3
RESERVA_LEGAL=nao; UF=PA; VEGETACAO_NATIVA=sim,0.09585537918871252,3
APP=sim; SERVIDAO_ADMINISTRATIVA=sim,0.09567901234567901,2
APP=sim; SERVIDAO_ADMINISTRATIVA=sim; TIPO=IRU,0.09559082892416226,3
APP=sim; AREA_POUSIO=nao; SERVIDAO_ADMINISTRATIVA=sim,0.09541446208112875,3
AREA_CONSOLIDADA=sim; STATUS=AT; VEGETACAO_NATIVA=nao,0.09514991181657849,3
APP=sim; SERVIDAO_ADMINISTRATIVA=sim; USO_RESTRITO=nao,0.09479717813051146,3
HIDROGRAFIA=nao; MOD_FISCAL=<1 módulo; STATUS=AT,0.09462081128747796,3
APP=sim; AREA=15-100 ha; VEGETACAO_NATIVA=nao,0.09435626102292768,3
MOD_FISCAL=1-4 módulos; STATUS=AT,0.09409171075837743,2
HIDROGRAFIA=nao; MOD_FISCAL=1-4 módulos; STATUS=PE,0.09382716049382717,3
HIDROGRAFIA=sim; SERVIDAO_ADMINISTRATIVA=sim,0.09373897707231041,2
APP=sim; AREA=15-100 ha; MOD_FISCAL=1-4 módulos,0.09373897707231041,3
AREA_POUSIO=nao; MOD_FISCAL=1-4 módulos; STATUS=AT,0.09373897707231041,3
MOD_FISCAL=1-4 módulos; STATUS=AT; TIPO=IRU,0.09373897707231041,3
RESERVA_LEGAL=nao; STATUS=AT; VEGETACAO_NATIVA=nao,0.09373897707231041,3
HIDROGRAFIA=sim; SERVIDAO_ADMINISTRATIVA=sim; TIPO=IRU,0.09365079365079365,3
APP=sim; HIDROGRAFIA=sim; SERVIDAO_ADMINISTRATIVA=sim,0.09347442680776014,3
AREA_POUSIO=nao; HIDROGRAFIA=sim; SERVIDAO_ADMINISTRATIVA=sim,0.09347442680776014,3
MOD_FISCAL=1-4 módulos; STATUS=AT; USO_RESTRITO=nao,0.09347442680776014,3
MOD_FISCAL=<1 módulo; MUNICIPIO=Presidente Prudente; SERVIDAO_ADMINISTRATIVA=nao,0.09347442680776014,3
MOD_FISCAL=<1 módulo; SERVIDAO_ADMINISTRATIVA=nao; UF=SP,0.09347442680776014,3
RESERVA_LEGAL=sim; SERVIDAO_ADMINISTRATIVA=nao; VEGETACAO_NATIVA=nao,0.09338624338624339,3
AREA_CONSOLIDADA=sim; MUNICIPIO=Presidente Prudente; VEGETACAO_NATIVA=sim,0.09329805996472663,3
AREA_CONSOLIDADA=sim; UF=SP; VEGETACAO_NATIVA=sim,0.09329805996472663,3
AREA=15-100 ha; HIDROGRAFIA=sim; VEGETACAO_NATIVA=nao,0.09320987654320988,3
HIDROGRAFIA=sim; SERVIDAO_ADMINISTRATIVA=sim; USO_RESTRITO=nao,0.09294532627865962,3
APP=sim; AREA_CONSOLIDADA=sim; SERVIDAO_ADMINISTRATIVA=sim,0.09285714285714286,3
AREA_CONSOLIDADA=sim; MOD_FISCAL=<1 módulo; MUNICIPIO=Presidente Prudente,0.09268077601410935,3
AREA_CONSOLIDADA=sim; MOD_FISCAL=<1 módulo; UF=SP,0.09268077601410935,3
AREA_CONSOLIDADA=sim; HIDROGRAFIA=sim; SERVIDAO_ADMINISTRATIVA=sim,0.091005291005291,3
APP=nao; AREA_CONSOLIDADA=sim; STATUS=AT,0.09082892416225749,3
APP=sim; AREA=15-100 ha; STATUS=AT,0.0898589065255732,3
APP=sim; MOD_FISCAL=<1 módulo; VEGETACAO_NATIVA=nao,0.08950617283950617,3
APP=sim; MUNICIPIO=Presidente Prudente; VEGETACAO_NATIVA=sim,0.08950617283950617,3
APP=sim; UF=SP; VEGETACAO_NATIVA=sim,0.08950617283950617,3
MOD_FISCAL=<1 módulo; RESERVA_LEGAL=sim; STATUS=AT,0.08932980599647267,3
AREA_CONSOLIDADA=sim; RESERVA_LEGAL=sim; VEGETACAO_NATIVA=nao,0.08915343915343915,3
AREA_CONSOLIDADA=sim; HIDROGRAFIA=sim; MUNICIPIO=Presidente Prudente,0.08835978835978836,3
AREA_CONSOLIDADA=sim; HIDROGRAFIA=sim; UF=SP,0.08835978835978836,3
AREA=15-100 ha; HIDROGRAFIA=sim; MOD_FISCAL=1-4 módulos,0.08800705467372134,3
HIDROGRAFIA=sim; MOD_FISCAL=<1 módulo; VEGETACAO_NATIVA=nao,0.08774250440917107,3
APP=nao; MOD_FISCAL=<1 módulo; STATUS=AT,0.08765432098765433,3
AREA=15-100 ha; HIDROGRAFIA=sim; STATUS=AT,0.0873015873015873,3
AREA=15-100 ha; MOD_FISCAL=1-4 módulos; RESERVA_LEGAL=sim,0.08703703703703704,3
AREA=15-100 ha; STATUS=AT; VEGETACAO_NATIVA=sim,0.08686067019400352,3
AREA_CONSOLIDADA=sim; MOD_FISCAL=1-4 módulos; STATUS=AT,0.08659611992945326,3
AREA=4-15 ha; AREA_CONSOLIDADA=sim; SERVIDAO_ADMINISTRATIVA=nao,0.0865079365079365,3
SERVIDAO_ADMINISTRATIVA=sim; VEGETACAO_NATIVA=sim,0.08571428571428572,2
APP=nao; MOD_FISCAL=1-4 módulos; STATUS=PE,0.08562610229276896,3
SERVIDAO_ADMINISTRATIVA=sim; TIPO=IRU; VEGETACAO_NATIVA=sim,0.08562610229276896,3
AREA_POUSIO=nao; SERVIDAO_ADMINISTRATIVA=sim; VEGETACAO_NATIVA=sim,0.08544973544973546,3
AREA=100-1000 ha; HIDROGRAFIA=nao,0.08527336860670194,2
AREA=100-1000 ha; HIDROGRAFIA=nao; TIPO=IRU,0.08527336860670194,3
AREA=100-1000 ha; HIDROGRAFIA=nao; MUNICIPIO=São Félix do Xingu,0.08509700176366843,3
AREA=100-1000 ha; HIDROGRAFIA=nao; UF=PA,0.08509700176366843,3
AREA=100-1000 ha; HIDROGRAFIA=nao; USO_RESTRITO=nao,0.08509700176366843,3
MOD_FISCAL=<1 módulo; MUNICIPIO=São Félix do Xingu; STATUS=AT,0.08509700176366843,3
MOD_FISCAL=<1 módulo; STATUS=AT; UF=PA,0.08509700176366843,3
AREA=100-1000 ha; AREA_POUSIO=nao; HIDROGRAFIA=nao,0.08500881834215168,3
APP=sim; RESERVA_LEGAL=nao; VEGETACAO_NATIVA=sim,0.08474426807760141,3
MOD_FISCAL=<1 módulo; STATUS=AT; VEGETACAO_NATIVA=nao,0.08474426807760141,3
APP=sim; MUNICIPIO=Presidente Prudente; SERVIDAO_ADMINISTRATIVA=nao,0.08465608465608465,3
APP=sim; SERVIDAO_ADMINISTRATIVA=nao; UF=SP,0.08465608465608465,3
SERVIDAO_ADMINISTRATIVA=sim; USO_RESTRITO=nao; VEGETACAO_NATIVA=sim,0.08465608465608465,3
AREA=15-100 ha; MOD_FISCAL=1-4 módulos; STATUS=PE,0.08421516754850088,3
HIDROGRAFIA=sim; MUNICIPIO=Presidente Prudente; VEGETACAO_NATIVA=sim,0.08386243386243386,3
HIDROGRAFIA=sim; UF=SP; VEGETACAO_NATIVA=sim,0.08386243386243386,3
AREA=<4 ha,0.08342151675485009,1
AREA=<4 ha; MOD_FISCAL=<1 módulo,0.08342151675485009,2
AREA=<4 ha; TIPO=IRU,0.08342151675485009,2
AREA=<4 ha; MOD_FISCAL=<1 módulo; TIPO=IRU,0.08342151675485009,3
AREA_CONSOLIDADA=sim; SERVIDAO_ADMINISTRATIVA=sim; VEGETACAO_NATIVA=sim,0.08324514991181658,3
AREA=<4 ha; AREA_POUSIO=nao,0.08315696649029983,2
AREA=<4 ha; AREA_POUSIO=nao; MOD_FISCAL=<1 módulo,0.08315696649029983,3
AREA=<4 ha; AREA_POUSIO=nao; TIPO=IRU,0.08315696649029983,3
MUNICIPIO=São Félix do Xingu; SERVIDAO_ADMINISTRATIVA=sim,0.08306878306878307,2
SERVIDAO_ADMINISTRATIVA=sim; UF=PA,0.08306878306878307,2
MUNICIPIO=São Félix do Xingu; SERVIDAO_ADMINISTRATIVA=sim; TIPO=IRU,0.08306878306878307,3
MUNICIPIO=São Félix do Xingu; SERVIDAO_ADMINISTRATIVA=sim; UF=PA,0.08306878306878307,3
SERVIDAO_ADMINISTRATIVA=sim; TIPO=IRU; UF=PA,0.08306878306878307,3
HIDROGRAFIA=sim; RESERVA_LEGAL=nao; VEGETACAO_NATIVA=sim,0.08280423280423281,3
AREA=<4 ha; USO_RESTRITO=nao,0.08271604938271605,2
AREA=<4 ha; MOD_FISCAL=<1 módulo; USO_RESTRITO=nao,0.08271604938271605,3
AREA=<4 ha; TIPO=IRU; USO_RESTRITO=nao,0.08271604938271605,3
AREA_POUSIO=nao; MUNICIPIO=São Félix do Xingu; SERVIDAO_ADMINISTRATIVA=sim,0.0826278659611993,3
AREA_POUSIO=nao; SERVIDAO_ADMINISTRATIVA=sim; UF=PA,0.0826278659611993,3
MUNICIPIO=São Félix do Xingu; SERVIDAO_ADMINISTRATIVA=sim; USO_RESTRITO=nao,0.0826278659611993,3
SERVIDAO_ADMINISTRATIVA=sim; UF=PA; USO_RESTRITO=nao,0.0826278659611993,3
AREA=<4 ha; AREA_POUSIO=nao; USO_RESTRITO=nao,0.08245149911816578,3
AREA=100-1000 ha; HIDROGRAFIA=nao; SERVIDAO_ADMINISTRATIVA=nao,0.08192239858906526,3
MUNICIPIO=Presidente Prudente; SERVIDAO_ADMINISTRATIVA=nao; VEGETACAO_NATIVA=sim,0.08192239858906526,3
SERVIDAO_ADMINISTRATIVA=nao; UF=SP; VEGETACAO_NATIVA=sim,0.08192239858906526,3
AREA_CONSOLIDADA=sim; MUNICIPIO=São Félix do Xingu; SERVIDAO_ADMINISTRATIVA=sim,0.08174603174603175,3
AREA_CONSOLIDADA=sim; SERVIDAO_ADMINISTRATIVA=sim; UF=PA,0.08174603174603175,3
AREA=100-1000 ha; AREA_CONSOLIDADA=sim; HIDROGRAFIA=nao,0.08095238095238096,3
AREA=<4 ha; SERVIDAO_ADMINISTRATIVA=nao,0.0808641975308642,2
AREA=<4 ha; MOD_FISCAL=<1 módulo; SERVIDAO_ADMINISTRATIVA=nao,0.0808641975308642,3
AREA=<4 ha; SERVIDAO_ADMINISTRATIVA=nao; TIPO=IRU,0.0808641975308642,3
AREA=<4 ha; AREA_POUSIO=nao; SERVIDAO_ADMINISTRATIVA=nao,0.08059964726631394,3
AREA=100-1000 ha; RESERVA_LEGAL=nao,0.08042328042328042,2
AREA=100-1000 ha; RESERVA_LEGAL=nao; TIPO=IRU,0.08042328042328042,3
AREA=100-1000 ha; VEGETACAO_NATIVA=nao,0.08024691358024691,2
AREA=100-1000 ha; TIPO=IRU; VEGETACAO_NATIVA=nao,0.08024691358024691,3
AREA=100-1000 ha; USO_RESTRITO=nao; VEGETACAO_NATIVA=nao,0.08024691358024691,3
AREA=100-1000 ha; AREA_POUSIO=nao; RESERVA_LEGAL=nao,0.08015873015873017,3
AREA=100-1000 ha; RESERVA_LEGAL=nao; USO_RESTRITO=nao,0.08015873015873017,3
AREA=<4 ha; SERVIDAO_ADMINISTRATIVA=nao; USO_RESTRITO=nao,0.08015873015873017,3
AREA=100-1000 ha; AREA_POUSIO=nao; VEGETACAO_NATIVA=nao,0.07998236331569665,3
AREA=100-1000 ha; MUNICIPIO=São Félix do Xingu; VEGETACAO_NATIVA=nao,0.07980599647266313,3
AREA=100-1000 ha; UF=PA; VEGETACAO_NATIVA=nao,0.07980599647266313,3
MUNICIPIO=Presidente Prudente; RESERVA_LEGAL=nao,0.07945326278659612,2
RESERVA_LEGAL=nao; UF=SP,0.07945326278659612,2
MUNICIPIO=Presidente Prudente; RESERVA_LEGAL=nao; UF=SP,0.07945326278659612,3
AREA_POUSIO=nao; MUNICIPIO=Presidente Prudente; RESERVA_LEGAL=nao,0.07936507936507936,3
AREA_POUSIO=nao; RESERVA_LEGAL=nao; UF=SP,0.07936507936507936,3
MUNICIPIO=Presidente Prudente; RESERVA_LEGAL=nao; TIPO=IRU,0.07936507936507936,3
RESERVA_LEGAL=nao; TIPO=IRU; UF=SP,0.07936507936507936,3
MOD_FISCAL=1-4 módulos; RESERVA_LEGAL=nao; STATUS=PE,0.07927689594356262,3
MUNICIPIO=Presidente Prudente; RESERVA_LEGAL=nao; STATUS=AT,0.07927689594356262,3
RESERVA_LEGAL=nao; STATUS=AT; UF=SP,0.07927689594356262,3
APP=nao; AREA=100-1000 ha,0.0791005291005291,2
APP=nao; AREA=100-1000 ha; TIPO=IRU,0.0791005291005291,3
APP=nao; AREA=100-1000 ha; MUNICIPIO=São Félix do Xingu,0.07892416225749559,3
APP=nao; AREA=100-1000 ha; UF=PA,0.07892416225749559,3
APP=nao; AREA=100-1000 ha; USO_RESTRITO=nao,0.07892416225749559,3
MUNICIPIO=Presidente Prudente; RESERVA_LEGAL=nao; USO_RESTRITO=nao,0.07892416225749559,3
RESERVA_LEGAL=nao; UF=SP; USO_RESTRITO=nao,0.07892416225749559,3
APP=nao; AREA=100-1000 ha; AREA_POUSIO=nao,0.07883597883597884,3
APP=nao; AREA=100-1000 ha; HIDROGRAFIA=nao,0.07874779541446209,3
APP=sim; SERVIDAO_ADMINISTRATIVA=sim; VEGETACAO_NATIVA=sim,0.07874779541446209,3
HIDROGRAFIA=sim; MUNICIPIO=Presidente Prudente; SERVIDAO_ADMINISTRATIVA=nao,0.07839506172839507,3
HIDROGRAFIA=sim; SERVIDAO_ADMINISTRATIVA=nao; UF=SP,0.07839506172839507,3
AREA=100-1000 ha; MUNICIPIO=São Félix do Xingu; RESERVA_LEGAL=nao,0.07830687830687831,3
AREA=100-1000 ha; RESERVA_LEGAL=nao; UF=PA,0.07830687830687831,3
AREA=15-100 ha; MUNICIPIO=São Félix do Xingu; STATUS=AT,0.07786596119929454,3
AREA=15-100 ha; STATUS=AT; UF=PA,0.07786596119929454,3
HIDROGRAFIA=nao; RESERVA_LEGAL=nao; STATUS=AT,0.07786596119929454,3
RESERVA_LEGAL=sim; STATUS=PE; VEGETACAO_NATIVA=nao,0.07751322751322752,3
RESERVA_LEGAL=sim; SERVIDAO_ADMINISTRATIVA=sim,0.077336860670194,2
RESERVA_LEGAL=sim; SERVIDAO_ADMINISTRATIVA=sim; TIPO=IRU,0.077336860670194,3
AREA=100-1000 ha; AREA_CONSOLIDADA=sim; RESERVA_LEGAL=nao,0.07716049382716049,3
AREA_POUSIO=nao; RESERVA_LEGAL=sim; SERVIDAO_ADMINISTRATIVA=sim,0.07716049382716049,3
HIDROGRAFIA=sim; SERVIDAO_ADMINISTRATIVA=sim; VEGETACAO_NATIVA=sim,0.07716049382716049,3
MOD_FISCAL=1-4 módulos; STATUS=PE; VEGETACAO_NATIVA=nao,0.07698412698412699,3
RESERVA_LEGAL=nao; STATUS=PE; VEGETACAO_NATIVA=sim,0.07680776014109347,3
AREA=100-1000 ha; AREA_CONSOLIDADA=sim; VEGETACAO_NATIVA=nao,0.07671957671957672,3
RESERVA_LEGAL=sim; SERVIDAO_ADMINISTRATIVA=sim; USO_RESTRITO=nao,0.07645502645502646,3
APP=sim; MOD_FISCAL=1-4 módulos; STATUS=AT,0.07601410934744268,3
APP=nao; AREA=100-1000 ha; SERVIDAO_ADMINISTRATIVA=nao,0.07592592592592592,3
AREA_CONSOLIDADA=nao,0.07557319223985891,1
AREA_CONSOLIDADA=sim; RESERVA_LEGAL=sim; SERVIDAO_ADMINISTRATIVA=sim,0.07557319223985891,3
AREA_CONSOLIDADA=nao; TIPO=IRU,0.07548500881834215,2
AREA_CONSOLIDADA=nao; AREA_POUSIO=nao,0.07513227513227513,2
AREA_CONSOLIDADA=nao; USO_RESTRITO=nao,0.07513227513227513,2
AREA=15-100 ha; MOD_FISCAL=<1 módulo; STATUS=AT,0.07504409171075838,3
AREA_CONSOLIDADA=nao; AREA_POUSIO=nao; TIPO=IRU,0.07504409171075838,3
AREA_CONSOLIDADA=nao; TIPO=IRU; USO_RESTRITO=nao,0.07504409171075838,3
APP=nao; AREA=100-1000 ha; AREA_CONSOLIDADA=sim,0.07486772486772486,3
AREA_CONSOLIDADA=nao; AREA_POUSIO=nao; USO_RESTRITO=nao,0.07469135802469136,3
HIDROGRAFIA=nao; MOD_FISCAL=1-4 módulos; RESERVA_LEGAL=sim,0.07442680776014109,3
APP=nao; RESERVA_LEGAL=nao; STATUS=AT,0.07433862433862434,3
MOD_FISCAL=1-4 módulos; SERVIDAO_ADMINISTRATIVA=nao; STATUS=AT,0.07433862433862434,3
HIDROGRAFIA=sim; MOD_FISCAL=1-4 módulos; STATUS=AT,0.07425044091710759,3
MOD_FISCAL=>=10 módulos,0.07398589065255731,1
APP=sim; MUNICIPIO=São Félix do Xingu; SERVIDAO_ADMINISTRATIVA=sim,0.0736331569664903,3
APP=sim; SERVIDAO_ADMINISTRATIVA=sim; UF=PA,0.0736331569664903,3
AREA=15-100 ha; RESERVA_LEGAL=sim; STATUS=AT,0.0736331569664903,3
HIDROGRAFIA=sim; MUNICIPIO=São Félix do Xingu; SERVIDAO_ADMINISTRATIVA=sim,0.07354497354497354,3
HIDROGRAFIA=sim; SERVIDAO_ADMINISTRATIVA=sim; UF=PA,0.07354497354497354,3
AREA_POUSIO=nao; MOD_FISCAL=>=10 módulos,0.07328042328042328,2
MOD_FISCAL=>=10 módulos; USO_RESTRITO=nao,0.07328042328042328,2
HIDROGRAFIA=nao; STATUS=AT; VEGETACAO_NATIVA=nao,0.07301587301587302,3
MOD_FISCAL=>=10 módulos; TIPO=IRU,0.07292768959435626,2
APP=sim; MOD_FISCAL=1-4 módulos; RESERVA_LEGAL=nao,0.07266313932980599,3
AREA_POUSIO=nao; MOD_FISCAL=>=10 módulos; USO_RESTRITO=nao,0.07257495590828925,3
AREA=100-1000 ha; SERVIDAO_ADMINISTRATIVA=nao; VEGETACAO_NATIVA=nao,0.07239858906525573,3
MOD_FISCAL=1-4 módulos; STATUS=AT; VEGETACAO_NATIVA=sim,0.07239858906525573,3
HIDROGRAFIA=nao; MOD_FISCAL=1-4 módulos; VEGETACAO_NATIVA=sim,0.07231040564373897,3
AREA_POUSIO=nao; MOD_FISCAL=>=10 módulos; TIPO=IRU,0.07222222222222222,3
MOD_FISCAL=>=10 módulos; TIPO=IRU; USO_RESTRITO=nao,0.07222222222222222,3
MOD_FISCAL=>=10 módulos; MUNICIPIO=São Félix do Xingu,0.07213403880070547,2
MOD_FISCAL=>=10 módulos; UF=PA,0.07213403880070547,2
MOD_FISCAL=>=10 módulos; MUNICIPIO=São Félix do Xingu; UF=PA,0.07213403880070547,3
AREA=4-15 ha; STATUS=AT,0.0716931216931217,2
AREA=4-15 ha; MOD_FISCAL=<1 módulo; STATUS=AT,0.0716931216931217,3
AREA=4-15 ha; STATUS=AT; TIPO=IRU,0.07160493827160494,3
AREA=4-15 ha; AREA_POUSIO=nao; STATUS=AT,0.07151675485008818,3
MOD_FISCAL=>=10 módulos; MUNICIPIO=São Félix do Xingu; USO_RESTRITO=nao,0.07151675485008818,3
MOD_FISCAL=>=10 módulos; UF=PA; USO_RESTRITO=nao,0.07151675485008818,3
AREA_POUSIO=nao; MOD_FISCAL=>=10 módulos; MUNICIPIO=São Félix do Xingu,0.07142857142857142,3
AREA_POUSIO=nao; MOD_FISCAL=>=10 módulos; UF=PA,0.07142857142857142,3
HIDROGRAFIA=sim; MOD_FISCAL=1-4 módulos; RESERVA_LEGAL=nao,0.07134038800705467,3
APP=sim; RESERVA_LEGAL=sim; SERVIDAO_ADMINISTRATIVA=sim,0.07125220458553792,3
MOD_FISCAL=>=10 módulos; MUNICIPIO=São Félix do Xingu; TIPO=IRU,0.07107583774250441,3
MOD_FISCAL=>=10 módulos; TIPO=IRU; UF=PA,0.07107583774250441,3
MUNICIPIO=Presidente Prudente; RESERVA_LEGAL=sim,0.07081128747795415,2
RESERVA_LEGAL=sim; UF=SP,0.07081128747795415,2
AREA_POUSIO=nao; MUNICIPIO=Presidente Prudente; RESERVA_LEGAL=sim,0.07081128747795415,3
AREA_POUSIO=nao; RESERVA_LEGAL=sim; UF=SP,0.07081128747795415,3
MUNICIPIO=Presidente Prudente; RESERVA_LEGAL=sim; TIPO=IRU,0.07081128747795415,3
MUNICIPIO=Presidente Prudente; RESERVA_LEGAL=sim; UF=SP,0.07081128747795415,3
RESERVA_LEGAL=sim; TIPO=IRU; UF=SP,0.07081128747795415,3
AREA=100-1000 ha; RESERVA_LEGAL=nao; SERVIDAO_ADMINISTRATIVA=nao,0.07072310405643739,3
AREA=4-15 ha; STATUS=AT; USO_RESTRITO=nao,0.07072310405643739,3
AREA_CONSOLIDADA=nao; SERVIDAO_ADMINISTRATIVA=nao,0.07054673721340388,2
APP=nao; STATUS=AT; VEGETACAO_NATIVA=nao,0.07054673721340388,3
MUNICIPIO=Presidente Prudente; RESERVA_LEGAL=sim; STATUS=AT,0.07054673721340388,3
RESERVA_LEGAL=sim; STATUS=AT; UF=SP,0.07054673721340388,3
AREA_CONSOLIDADA=nao; SERVIDAO_ADMINISTRATIVA=nao; TIPO=IRU,0.07045855379188712,3
AREA_CONSOLIDADA=nao; SERVIDAO_ADMINISTRATIVA=nao; USO_RESTRITO=nao,0.07028218694885362,3
MOD_FISCAL=<1 módulo; RESERVA_LEGAL=nao; VEGETACAO_NATIVA=sim,0.07019400352733686,3
AREA_CONSOLIDADA=nao; AREA_POUSIO=nao; SERVIDAO_ADMINISTRATIVA=nao,0.0701058201058201,3
RESERVA_LEGAL=sim; SERVIDAO_ADMINISTRATIVA=sim; VEGETACAO_NATIVA=sim,0.0701058201058201,3
HIDROGRAFIA=sim; RESERVA_LEGAL=sim; SERVIDAO_ADMINISTRATIVA=sim,0.06984126984126984,3
HIDROGRAFIA=nao; MUNICIPIO=São Félix do Xingu; STATUS=AT,0.06931216931216931,3
HIDROGRAFIA=nao; STATUS=AT; UF=PA,0.06931216931216931,3
MOD_FISCAL=1-4 módulos; RESERVA_LEGAL=nao; VEGETACAO_NATIVA=nao,0.06922398589065255,3
APP=sim; MOD_FISCAL=<1 módulo; MUNICIPIO=Presidente Prudente,0.06904761904761905,3
APP=sim; MOD_FISCAL=<1 módulo; UF=SP,0.06904761904761905,3
AREA_CONSOLIDADA=sim; MOD_FISCAL=>=10 módulos,0.06887125220458554,2
MOD_FISCAL=<1 módulo; MUNICIPIO=Presidente Prudente; VEGETACAO_NATIVA=sim,0.06878306878306878,3
MOD_FISCAL=<1 módulo; UF=SP; VEGETACAO_NATIVA=sim,0.06878306878306878,3
MUNICIPIO=Presidente Prudente; RESERVA_LEGAL=sim; USO_RESTRITO=nao,0.06869488536155202,3
RESERVA_LEGAL=sim; UF=SP; USO_RESTRITO=nao,0.06869488536155202,3
AREA=<4 ha; HIDROGRAFIA=nao,0.068342151675485,2
AREA=<4 ha; HIDROGRAFIA=nao; MOD_FISCAL=<1 módulo,0.068342151675485,3
AREA=<4 ha; HIDROGRAFIA=nao; TIPO=IRU,0.068342151675485,3
AREA_CONSOLIDADA=sim; MOD_FISCAL=>=10 módulos; USO_RESTRITO=nao,0.06825396825396825,3
APP=nao; MUNICIPIO=São Félix do Xingu; STATUS=AT,0.0681657848324515,3
APP=nao; STATUS=AT; UF=PA,0.0681657848324515,3
AREA_CONSOLIDADA=sim; AREA_POUSIO=nao; MOD_FISCAL=>=10 módulos,0.0681657848324515,3
MUNICIPIO=Presidente Prudente; RESERVA_LEGAL=sim; VEGETACAO_NATIVA=sim,0.0681657848324515,3
RESERVA_LEGAL=sim; UF=SP; VEGETACAO_NATIVA=sim,0.0681657848324515,3
AREA=<4 ha; AREA_POUSIO=nao; HIDROGRAFIA=nao,0.06807760141093475,3
AREA=<4 ha; HIDROGRAFIA=nao; USO_RESTRITO=nao,0.06807760141093475,3
AREA_CONSOLIDADA=sim; MOD_FISCAL=>=10 módulos; TIPO=IRU,0.06790123456790123,3
AREA=100-1000 ha; HIDROGRAFIA=nao; MOD_FISCAL=1-4 módulos,0.06763668430335097,3
APP=nao; AREA=<4 ha,0.06754850088183421,2
APP=nao; AREA=<4 ha; MOD_FISCAL=<1 módulo,0.06754850088183421,3
APP=nao; AREA=<4 ha; TIPO=IRU,0.06754850088183421,3
APP=nao; AREA=<4 ha; USO_RESTRITO=nao,0.06746031746031746,3
APP=nao; AREA=<4 ha; AREA_POUSIO=nao,0.0673721340388007,3
AREA_CONSOLIDADA=sim; MOD_FISCAL=>=10 módulos; MUNICIPIO=São Félix do Xingu,0.0673721340388007,3
AREA_CONSOLIDADA=sim; MOD_FISCAL=>=10 módulos; UF=PA,0.0673721340388007,3
APP=sim; RESERVA_LEGAL=nao; STATUS=AT,0.06701940035273368,3
AREA=<4 ha; HIDROGRAFIA=nao; SERVIDAO_ADMINISTRATIVA=nao,0.06701940035273368,3
APP=nao; AREA=<4 ha; HIDROGRAFIA=nao,0.06666666666666667,3
MUNICIPIO=Presidente Prudente; RESERVA_LEGAL=nao; SERVIDAO_ADMINISTRATIVA=nao,0.06666666666666667,3
RESERVA_LEGAL=nao; SERVIDAO_ADMINISTRATIVA=nao; UF=SP,0.06666666666666667,3
APP=nao; AREA=<4 ha; SERVIDAO_ADMINISTRATIVA=nao,0.06657848324514991,3
AREA_CONSOLIDADA=sim; MUNICIPIO=Presidente Prudente; RESERVA_LEGAL=sim,0.0664021164021164,3
AREA_CONSOLIDADA=sim; RESERVA_LEGAL=sim; UF=SP,0.0664021164021164,3
AREA=100-1000 ha; STATUS=AT,0.06631393298059965,2
AREA=100-1000 ha; STATUS=AT; TIPO=IRU,0.06631393298059965,3
MUNICIPIO=São Félix do Xingu; STATUS=AT; VEGETACAO_NATIVA=nao,0.06622574955908289,3
STATUS=AT; UF=PA; VEGETACAO_NATIVA=nao,0.06622574955908289,3
AREA=100-1000 ha; AREA_POUSIO=nao; STATUS=AT,0.06596119929453263,3
AREA=100-1000 ha; STATUS=AT; USO_RESTRITO=nao,0.06578483245149912,3
AREA=15-100 ha; RESERVA_LEGAL=nao; VEGETACAO_NATIVA=sim,0.06578483245149912,3
AREA=100-1000 ha; HIDROGRAFIA=nao; STATUS=PE,0.06569664902998236,3
APP=nao; MOD_FISCAL=1-4 módulos; RESERVA_LEGAL=sim,0.06552028218694886,3
MOD_FISCAL=1-4 módulos; RESERVA_LEGAL=sim; STATUS=AT,0.06499118165784833,3
MUNICIPIO=São Félix do Xingu; SERVIDAO_ADMINISTRATIVA=sim; VEGETACAO_NATIVA=sim,0.06428571428571428,3
SERVIDAO_ADMINISTRATIVA=sim; UF=PA; VEGETACAO_NATIVA=sim,0.06428571428571428,3
AREA=100-1000 ha; MOD_FISCAL=1-4 módulos; RESERVA_LEGAL=nao,0.06349206349206349,3
HIDROGRAFIA=sim; RESERVA_LEGAL=nao; STATUS=AT,0.06349206349206349,3
APP=nao; MOD_FISCAL=1-4 módulos; VEGETACAO_NATIVA=sim,0.06340388007054673,3
APP=sim; MUNICIPIO=Presidente Prudente; RESERVA_LEGAL=sim,0.06340388007054673,3
APP=sim; RESERVA_LEGAL=sim; UF=SP,0.06340388007054673,3
MUNICIPIO=São Félix do Xingu; RESERVA_LEGAL=sim; SERVIDAO_ADMINISTRATIVA=sim,0.06340388007054673,3
RESERVA_LEGAL=sim; SERVIDAO_ADMINISTRATIVA=sim; UF=PA,0.06340388007054673,3
APP=sim; MOD_FISCAL=>=10 módulos,0.06331569664902999,2
APP=sim; MOD_FISCAL=>=10 módulos; TIPO=IRU,0.06331569664902999,3
APP=nao; AREA=100-1000 ha; MOD_FISCAL=1-4 módulos,0.06313932980599647,3
MOD_FISCAL=>=10 módulos; RESERVA_LEGAL=sim,0.06296296296296296,2
MOD_FISCAL=>=10 módulos; RESERVA_LEGAL=sim; TIPO=IRU,0.06296296296296296,3
APP=sim; MOD_FISCAL=>=10 módulos; USO_RESTRITO=nao,0.0626984126984127,3
AREA=4-15 ha; RESERVA_LEGAL=nao,0.06261022927689594,2
APP=sim; AREA_POUSIO=nao; MOD_FISCAL=>=10 módulos,0.06261022927689594,3
AREA=100-1000 ha; MOD_FISCAL=1-4 módulos; VEGETACAO_NATIVA=nao,0.06261022927689594,3
AREA=4-15 ha; MOD_FISCAL=<1 módulo; RESERVA_LEGAL=nao,0.06261022927689594,3
AREA=4-15 ha; RESERVA_LEGAL=nao; TIPO=IRU,0.06252204585537918,3
AREA=4-15 ha; RESERVA_LEGAL=nao; USO_RESTRITO=nao,0.06252204585537918,3
HIDROGRAFIA=sim; MOD_FISCAL=>=10 módulos,0.06243386243386243,2
APP=sim; HIDROGRAFIA=sim; MOD_FISCAL=>=10 módulos,0.06243386243386243,3
HIDROGRAFIA=sim; MOD_FISCAL=<1 módulo; MUNICIPIO=Presidente Prudente,0.06243386243386243,3
HIDROGRAFIA=sim; MOD_FISCAL=<1 módulo; UF=SP,0.06243386243386243,3
HIDROGRAFIA=sim; MOD_FISCAL=>=10 módulos; TIPO=IRU,0.06243386243386243,3
AREA_POUSIO=nao; MOD_FISCAL=>=10 módulos; RESERVA_LEGAL=sim,0.06234567901234568,3
MOD_FISCAL=<1 módulo; MUNICIPIO=Presidente Prudente; RESERVA_LEGAL=nao,0.06234567901234568,3
MOD_FISCAL=<1 módulo; RESERVA_LEGAL=nao; UF=SP,0.06234567901234568,3
MOD_FISCAL=>=10 módulos; RESERVA_LEGAL=sim; USO_RESTRITO=nao,0.06234567901234568,3
MUNICIPIO=São Félix do Xingu; RESERVA_LEGAL=nao; STATUS=AT,0.062081128747795415,3
RESERVA_LEGAL=nao; STATUS=AT; UF=PA,0.062081128747795415,3
AREA=100-1000 ha; AREA_CONSOLIDADA=sim; STATUS=AT,0.06199294532627866,3
MOD_FISCAL=>=10 módulos; VEGETACAO_NATIVA=sim,0.06190476190476191,2
AREA=4-15 ha; AREA_POUSIO=nao; RESERVA_LEGAL=nao,0.06190476190476191,3
MOD_FISCAL=>=10 módulos; TIPO=IRU; VEGETACAO_NATIVA=sim,0.06190476190476191,3
HIDROGRAFIA=sim; MOD_FISCAL=>=10 módulos; USO_RESTRITO=nao,0.06181657848324515,3
AREA_POUSIO=nao; HIDROGRAFIA=sim; MOD_FISCAL=>=10 módulos,0.06172839506172839,3
MOD_FISCAL=>=10 módulos; MUNICIPIO=São Félix do Xingu; RESERVA_LEGAL=sim,0.06172839506172839,3
MOD_FISCAL=>=10 módulos; RESERVA_LEGAL=sim; UF=PA,0.06172839506172839,3
AREA=4-15 ha; AREA_CONSOLIDADA=sim; STATUS=AT,0.06164021164021164,3
APP=sim; MOD_FISCAL=>=10 módulos; MUNICIPIO=São Félix do Xingu,0.06155202821869488,3
APP=sim; MOD_FISCAL=>=10 módulos; UF=PA,0.06155202821869488,3
AREA=<4 ha; RESERVA_LEGAL=nao,0.061375661375661375,2
AREA=<4 ha; MOD_FISCAL=<1 módulo; RESERVA_LEGAL=nao,0.061375661375661375,3
AREA=<4 ha; RESERVA_LEGAL=nao; TIPO=IRU,0.061375661375661375,3
AREA=<4 ha; RESERVA_LEGAL=nao; USO_RESTRITO=nao,0.06119929453262787,3
AREA_POUSIO=nao; MOD_FISCAL=>=10 módulos; VEGETACAO_NATIVA=sim,0.06119929453262787,3
MOD_FISCAL=>=10 módulos; USO_RESTRITO=nao; VEGETACAO_NATIVA=sim,0.06119929453262787,3
AREA=4-15 ha; SERVIDAO_ADMINISTRATIVA=nao; STATUS=AT,0.06111111111111111,3
AREA=<4 ha; AREA_POUSIO=nao; RESERVA_LEGAL=nao,0.06111111111111111,3
AREA=100-1000 ha; MUNICIPIO=São Félix do Xingu; STATUS=AT,0.06084656084656084,3
AREA=100-1000 ha; STATUS=AT; UF=PA,0.06084656084656084,3
HIDROGRAFIA=sim; MOD_FISCAL=>=10 módulos; MUNICIPIO=São Félix do Xingu,0.06075837742504409,3
HIDROGRAFIA=sim; MOD_FISCAL=>=10 módulos; UF=PA,0.06075837742504409,3
AREA=<4 ha; AREA_CONSOLIDADA=sim,0.060670194003527335,2
AREA=<4 ha; AREA_CONSOLIDADA=sim; AREA_POUSIO=nao,0.060670194003527335,3
AREA=<4 ha; AREA_CONSOLIDADA=sim; MOD_FISCAL=<1 módulo,0.060670194003527335,3
AREA=<4 ha; AREA_CONSOLIDADA=sim; TIPO=IRU,0.060670194003527335,3
AREA=4-15 ha; VEGETACAO_NATIVA=sim,0.060582010582010584,2
AREA=4-15 ha; MOD_FISCAL=<1 módulo; VEGETACAO_NATIVA=sim,0.060582010582010584,3
AREA_CONSOLIDADA=sim; MUNICIPIO=Presidente Prudente; RESERVA_LEGAL=nao,0.060582010582010584,3
AREA_CONSOLIDADA=sim; RESERVA_LEGAL=nao; UF=SP,0.060582010582010584,3
MOD_FISCAL=1-4 módulos; MUNICIPIO=São Félix do Xingu; STATUS=AT,0.060582010582010584,3
MOD_FISCAL=1-4 módulos; STATUS=AT; UF=PA,0.060582010582010584,3
AREA=4-15 ha; HIDROGRAFIA=nao,0.06049382716049383,2
AREA=4-15 ha; HIDROGRAFIA=nao; MOD_FISCAL=<1 módulo,0.06049382716049383,3
AREA=4-15 ha; HIDROGRAFIA=nao; TIPO=IRU,0.06049382716049383,3
AREA=4-15 ha; TIPO=IRU; VEGETACAO_NATIVA=sim,0.06049382716049383,3
APP=nao; AREA=100-1000 ha; STATUS=PE,0.06040564373897707,3
AREA=4-15 ha; AREA_POUSIO=nao; VEGETACAO_NATIVA=sim,0.06040564373897707,3
AREA=4-15 ha; HIDROGRAFIA=nao; USO_RESTRITO=nao,0.06040564373897707,3
MOD_FISCAL=>=10 módulos; MUNICIPIO=São Félix do Xingu; VEGETACAO_NATIVA=sim,0.06005291005291005,3
MOD_FISCAL=>=10 módulos; UF=PA; VEGETACAO_NATIVA=sim,0.06005291005291005,3
AREA=<4 ha; AREA_CONSOLIDADA=sim; USO_RESTRITO=nao,0.059964726631393295,3
AREA=4-15 ha; AREA_POUSIO=nao; HIDROGRAFIA=nao,0.059876543209876544,3
AREA=4-15 ha; MUNICIPIO=Presidente Prudente,0.059788359788359786,2
AREA=4-15 ha; UF=SP,0.059788359788359786,2
AREA=4-15 ha; MOD_FISCAL=<1 módulo; MUNICIPIO=Presidente Prudente,0.059788359788359786,3
AREA=4-15 ha; MOD_FISCAL=<1 módulo; UF=SP,0.059788359788359786,3
AREA=4-15 ha; MUNICIPIO=Presidente Prudente; UF=SP,0.059788359788359786,3
AREA=4-15 ha; AREA_POUSIO=nao; MUNICIPIO=Presidente Prudente,0.059700176366843036,3
AREA=4-15 ha; AREA_POUSIO=nao; UF=SP,0.059700176366843036,3
AREA=4-15 ha; MUNICIPIO=Presidente Prudente; TIPO=IRU,0.059700176366843036,3
AREA=4-15 ha; TIPO=IRU; UF=SP,0.059700176366843036,3
AREA=4-15 ha; USO_RESTRITO=nao; VEGETACAO_NATIVA=sim,0.059700176366843036,3
APP=sim; AREA_CONSOLIDADA=sim; MOD_FISCAL=>=10 módulos,0.05961199294532628,3
AREA=4-15 ha; MUNICIPIO=Presidente Prudente; STATUS=AT,0.05961199294532628,3
AREA=4-15 ha; STATUS=AT; UF=SP,0.05961199294532628,3
AREA=100-1000 ha; STATUS=PE; VEGETACAO_NATIVA=nao,0.05952380952380952,3
AREA=<4 ha; VEGETACAO_NATIVA=nao,0.05943562610229277,2
AREA=<4 ha; MOD_FISCAL=<1 módulo; VEGETACAO_NATIVA=nao,0.05943562610229277,3
AREA=<4 ha; TIPO=IRU; VEGETACAO_NATIVA=nao,0.05943562610229277,3
AREA=<4 ha; RESERVA_LEGAL=nao; SERVIDAO_ADMINISTRATIVA=nao,0.05934744268077601,3
SERVIDAO_ADMINISTRATIVA=sim; STATUS=AT,0.05925925925925926,2
AREA=<4 ha; USO_RESTRITO=nao; VEGETACAO_NATIVA=nao,0.05925925925925926,3
AREA=<4 ha; AREA_POUSIO=nao; VEGETACAO_NATIVA=nao,0.059171075837742504,3
SERVIDAO_ADMINISTRATIVA=sim; STATUS=AT; TIPO=IRU,0.059171075837742504,3
AREA_CONSOLIDADA=sim; MOD_FISCAL=>=10 módulos; RESERVA_LEGAL=sim,0.058994708994708996,3
AREA_POUSIO=nao; SERVIDAO_ADMINISTRATIVA=sim; STATUS=AT,0.058994708994708996,3
APP=sim; MOD_FISCAL=1-4 módulos; VEGETACAO_NATIVA=nao,0.05890652557319224,3
HIDROGRAFIA=sim; MUNICIPIO=Presidente Prudente; RESERVA_LEGAL=sim,0.05890652557319224,3
HIDROGRAFIA=sim; RESERVA_LEGAL=sim; UF=SP,0.05890652557319224,3
AREA=4-15 ha; MUNICIPIO=Presidente Prudente; USO_RESTRITO=nao,0.05881834215167549,3
AREA=4-15 ha; UF=SP; USO_RESTRITO=nao,0.05881834215167549,3
AREA=<4 ha; AREA_CONSOLIDADA=sim; SERVIDAO_ADMINISTRATIVA=nao,0.05881834215167549,3
AREA_CONSOLIDADA=sim; HIDROGRAFIA=sim; MOD_FISCAL=>=10 módulos,0.05881834215167549,3
SERVIDAO_ADMINISTRATIVA=sim; STATUS=AT; USO_RESTRITO=nao,0.05837742504409171,3
AREA=<4 ha; SERVIDAO_ADMINISTRATIVA=nao; VEGETACAO_NATIVA=nao,0.05802469135802469,3
AREA=100-1000 ha; RESERVA_LEGAL=nao; STATUS=PE,0.05793650793650794,3
AREA_CONSOLIDADA=sim; MOD_FISCAL=>=10 módulos; VEGETACAO_NATIVA=sim,0.05784832451499118,3
HIDROGRAFIA=sim; MOD_FISCAL=1-4 módulos; VEGETACAO_NATIVA=nao,0.057583774250440915,3
MOD_FISCAL=4-10 módulos,0.05740740740740741,1
MOD_FISCAL=4-10 módulos; TIPO=IRU,0.05740740740740741,2
AREA_POUSIO=nao; MOD_FISCAL=4-10 módulos,0.05731922398589065,2
AREA_POUSIO=nao; MOD_FISCAL=4-10 módulos; TIPO=IRU,0.05731922398589065,3
MOD_FISCAL=4-10 módulos; USO_RESTRITO=nao,0.0572310405643739,2
MOD_FISCAL=4-10 módulos; TIPO=IRU; USO_RESTRITO=nao,0.0572310405643739,3
AREA_POUSIO=nao; MOD_FISCAL=4-10 módulos; USO_RESTRITO=nao,0.05714285714285714,3
MUNICIPIO=Presidente Prudente; RESERVA_LEGAL=sim; SERVIDAO_ADMINISTRATIVA=nao,0.056878306878306875,3
RESERVA_LEGAL=sim; SERVIDAO_ADMINISTRATIVA=nao; UF=SP,0.056878306878306875,3
AREA=>=1000 ha,0.0564373897707231,1
APP=sim; MOD_FISCAL=>=10 módulos; RESERVA_LEGAL=sim,0.05634920634920635,3
AREA=100-1000 ha; MOD_FISCAL=4-10 módulos,0.05626102292768959,2
APP=sim; MOD_FISCAL=>=10 módulos; VEGETACAO_NATIVA=sim,0.05626102292768959,3
AREA=100-1000 ha; MOD_FISCAL=4-10 módulos; TIPO=IRU,0.05626102292768959,3
AREA=100-1000 ha; AREA_POUSIO=nao; MOD_FISCAL=4-10 módulos,0.05617283950617284,3
AREA=4-15 ha; RESERVA_LEGAL=nao; SERVIDAO_ADMINISTRATIVA=nao,0.05617283950617284,3
AREA=>=1000 ha; USO_RESTRITO=nao,0.056084656084656084,2
AREA=100-1000 ha; MOD_FISCAL=4-10 módulos; USO_RESTRITO=nao,0.056084656084656084,3
MOD_FISCAL=>=10 módulos; RESERVA_LEGAL=sim; VEGETACAO_NATIVA=sim,0.056084656084656084,3
AREA=>=1000 ha; MUNICIPIO=São Félix do Xingu,0.05599647266313933,2
AREA=>=1000 ha; UF=PA,0.05599647266313933,2
AREA=>=1000 ha; MUNICIPIO=São Félix do Xingu; UF=PA,0.05599647266313933,3
APP=nao; AREA=4-15 ha,0.055908289241622576,2
APP=nao; AREA=4-15 ha; MOD_FISCAL=<1 módulo,0.055908289241622576,3
APP=nao; AREA=4-15 ha; TIPO=IRU,0.055908289241622576,3
APP=nao; AREA=4-15 ha; USO_RESTRITO=nao,0.055908289241622576,3
AREA=4-15 ha; HIDROGRAFIA=nao; SERVIDAO_ADMINISTRATIVA=nao,0.055908289241622576,3
HIDROGRAFIA=sim; MOD_FISCAL=>=10 módulos; RESERVA_LEGAL=sim,0.055908289241622576,3
APP=sim; AREA=4-15 ha,0.05564373897707231,2
APP=nao; AREA=4-15 ha; HIDROGRAFIA=nao,0.05564373897707231,3
APP=sim; AREA=4-15 ha; MOD_FISCAL=<1 módulo,0.05564373897707231,3
AREA=>=1000 ha; MUNICIPIO=São Félix do Xingu; USO_RESTRITO=nao,0.05564373897707231,3
AREA=>=1000 ha; UF=PA; USO_RESTRITO=nao,0.05564373897707231,3
APP=sim; AREA=4-15 ha; TIPO=IRU,0.05555555555555555,3
HIDROGRAFIA=sim; MOD_FISCAL=>=10 módulos; VEGETACAO_NATIVA=sim,0.05555555555555555,3
AREA=>=1000 ha; AREA_POUSIO=nao,0.0554673721340388,2
APP=sim; AREA=4-15 ha; AREA_POUSIO=nao,0.0554673721340388,3
APP=nao; AREA=4-15 ha; AREA_POUSIO=nao,0.055291005291005293,3
AREA=>=1000 ha; AREA_POUSIO=nao; USO_RESTRITO=nao,0.05511463844797178,3
AREA=15-100 ha; RESERVA_LEGAL=nao; STATUS=AT,0.05502645502645503,3
AREA=>=1000 ha; AREA_POUSIO=nao; MUNICIPIO=São Félix do Xingu,0.05502645502645503,3
AREA=>=1000 ha; AREA_POUSIO=nao; UF=PA,0.05502645502645503,3
AREA=>=1000 ha; MOD_FISCAL=>=10 módulos,0.05485008818342152,2
AREA_CONSOLIDADA=sim; SERVIDAO_ADMINISTRATIVA=sim; STATUS=AT,0.05485008818342152,3
APP=sim; AREA=4-15 ha; USO_RESTRITO=nao,0.054673721340388004,3
APP=nao; AREA=<4 ha; VEGETACAO_NATIVA=nao,0.054497354497354496,3
AREA=>=1000 ha; AREA_POUSIO=nao; MOD_FISCAL=>=10 módulos,0.054497354497354496,3
AREA=>=1000 ha; MOD_FISCAL=>=10 módulos; USO_RESTRITO=nao,0.054497354497354496,3
AREA=>=1000 ha; MOD_FISCAL=>=10 módulos; MUNICIPIO=São Félix do Xingu,0.054409171075837745,3
AREA=>=1000 ha; MOD_FISCAL=>=10 módulos; UF=PA,0.054409171075837745,3
AREA=<4 ha; HIDROGRAFIA=nao; VEGETACAO_NATIVA=nao,0.05423280423280423,3
AREA=100-1000 ha; HIDROGRAFIA=nao; RESERVA_LEGAL=sim,0.05414462081128748,3
AREA=4-15 ha; AREA_CONSOLIDADA=sim; VEGETACAO_NATIVA=sim,0.05405643738977072,3
APP=sim; AREA=100-1000 ha; STATUS=AT,0.05388007054673721,3
AREA=>=1000 ha; TIPO=IRU,0.053791887125220456,2
AREA=>=1000 ha; MOD_FISCAL=>=10 módulos; TIPO=IRU,0.053791887125220456,3
AREA=4-15 ha; AREA_CONSOLIDADA=sim; RESERVA_LEGAL=nao,0.0535273368606702,3
AREA=>=1000 ha; AREA_POUSIO=nao; TIPO=IRU,0.05343915343915344,3
AREA=>=1000 ha; TIPO=IRU; USO_RESTRITO=nao,0.05343915343915344,3
AREA_CONSOLIDADA=sim; MOD_FISCAL=4-10 módulos,0.05335097001763668,2
AREA=100-1000 ha; HIDROGRAFIA=sim; STATUS=AT,0.05335097001763668,3
AREA=>=1000 ha; MUNICIPIO=São Félix do Xingu; TIPO=IRU,0.05335097001763668,3
AREA=>=1000 ha; TIPO=IRU; UF=PA,0.05335097001763668,3
AREA_CONSOLIDADA=sim; MOD_FISCAL=4-10 módulos; TIPO=IRU,0.05335097001763668,3
APP=nao; AREA=<4 ha; RESERVA_LEGAL=nao,0.05326278659611993,3
AREA=15-100 ha; MOD_FISCAL=1-4 módulos; RESERVA_LEGAL=nao,0.05326278659611993,3
AREA_CONSOLIDADA=sim; AREA_POUSIO=nao; MOD_FISCAL=4-10 módulos,0.05326278659611993,3
AREA_CONSOLIDADA=sim; MOD_FISCAL=4-10 módulos; USO_RESTRITO=nao,0.05326278659611993,3
AREA=<4 ha; HIDROGRAFIA=nao; RESERVA_LEGAL=nao,0.05317460317460317,3
HIDROGRAFIA=nao; RESERVA_LEGAL=sim; VEGETACAO_NATIVA=nao,0.05317460317460317,3
AREA=100-1000 ha; RESERVA_LEGAL=sim; STATUS=AT,0.052998236331569665,3
MOD_FISCAL=>=10 módulos; SERVIDAO_ADMINISTRATIVA=nao,0.05291005291005291,2
AREA=100-1000 ha; AREA_CONSOLIDADA=sim; MOD_FISCAL=4-10 módulos,0.0527336860670194,3
AREA=<4 ha; RESERVA_LEGAL=nao; VEGETACAO_NATIVA=nao,0.0527336860670194,3
MOD_FISCAL=>=10 módulos; SERVIDAO_ADMINISTRATIVA=nao; USO_RESTRITO=nao,0.05264550264550265,3
AREA=>=1000 ha; AREA_CONSOLIDADA=sim,0.05246913580246913,2
APP=sim; SERVIDAO_ADMINISTRATIVA=sim; STATUS=AT,0.05246913580246913,3
AREA=15-100 ha; MOD_FISCAL=1-4 módulos; STATUS=AT,0.05246913580246913,3
APP=nao; RESERVA_LEGAL=sim; VEGETACAO_NATIVA=nao,0.05238095238095238,3
AREA_CONSOLIDADA=nao; MUNICIPIO=São Félix do Xingu,0.052292768959435625,2
AREA_CONSOLIDADA=nao; UF=PA,0.052292768959435625,2
APP=nao; AREA=4-15 ha; SERVIDAO_ADMINISTRATIVA=nao,0.052292768959435625,3
AREA=100-1000 ha; STATUS=AT; VEGETACAO_NATIVA=sim,0.052292768959435625,3
AREA=15-100 ha; HIDROGRAFIA=nao; MOD_FISCAL=1-4 módulos,0.052292768959435625,3
AREA=4-15 ha; SERVIDAO_ADMINISTRATIVA=nao; VEGETACAO_NATIVA=sim,0.052292768959435625,3
AREA_CONSOLIDADA=nao; MUNICIPIO=São Félix do Xingu; UF=PA,0.052292768959435625,3
AREA_CONSOLIDADA=nao; MUNICIPIO=São Félix do Xingu; USO_RESTRITO=nao,0.052292768959435625,3
AREA_CONSOLIDADA=nao; UF=PA; USO_RESTRITO=nao,0.052292768959435625,3
MOD_FISCAL=4-10 módulos; MUNICIPIO=São Félix do Xingu,0.052204585537918874,2
MOD_FISCAL=4-10 módulos; UF=PA,0.052204585537918874,2
AREA=100-1000 ha; MOD_FISCAL=4-10 módulos; MUNICIPIO=São Félix do Xingu,0.052204585537918874,3
AREA=100-1000 ha; MOD_FISCAL=4-10 módulos; UF=PA,0.052204585537918874,3
AREA=>=1000 ha; AREA_CONSOLIDADA=sim; MUNICIPIO=São Félix do Xingu,0.052204585537918874,3
AREA=>=1000 ha; AREA_CONSOLIDADA=sim; UF=PA,0.052204585537918874,3
AREA_CONSOLIDADA=nao; MUNICIPIO=São Félix do Xingu; TIPO=IRU,0.052204585537918874,3
AREA_CONSOLIDADA=nao; TIPO=IRU; UF=PA,0.052204585537918874,3
AREA_POUSIO=nao; MOD_FISCAL=>=10 módulos; SERVIDAO_ADMINISTRATIVA=nao,0.052204585537918874,3
MOD_FISCAL=4-10 módulos; MUNICIPIO=São Félix do Xingu; TIPO=IRU,0.052204585537918874,3
MOD_FISCAL=4-10 módulos; MUNICIPIO=São Félix do Xingu; UF=PA,0.052204585537918874,3
MOD_FISCAL=4-10 módulos; TIPO=IRU; UF=PA,0.052204585537918874,3
AREA=>=1000 ha; AREA_CONSOLIDADA=sim; USO_RESTRITO=nao,0.052116402116402116,3
AREA_POUSIO=nao; MOD_FISCAL=4-10 módulos; MUNICIPIO=São Félix do Xingu,0.052116402116402116,3
AREA_POUSIO=nao; MOD_FISCAL=4-10 módulos; UF=PA,0.052116402116402116,3
MOD_FISCAL=4-10 módulos; MUNICIPIO=São Félix do Xingu; USO_RESTRITO=nao,0.052116402116402116,3
MOD_FISCAL=4-10 módulos; UF=PA; USO_RESTRITO=nao,0.052116402116402116,3
MOD_FISCAL=>=10 módulos; MUNICIPIO=São Félix do Xingu; SERVIDAO_ADMINISTRATIVA=nao,0.052116402116402116,3
MOD_FISCAL=>=10 módulos; SERVIDAO_ADMINISTRATIVA=nao; UF=PA,0.052116402116402116,3
AREA_CONSOLIDADA=nao; MOD_FISCAL=<1 módulo,0.05202821869488536,2
AREA_CONSOLIDADA=nao; MOD_FISCAL=<1 módulo; TIPO=IRU,0.05202821869488536,3
AREA=4-15 ha; AREA_CONSOLIDADA=sim; MUNICIPIO=Presidente Prudente,0.05194003527336861,3
AREA=4-15 ha; AREA_CONSOLIDADA=sim; UF=SP,0.05194003527336861,3
AREA_CONSOLIDADA=nao; AREA_POUSIO=nao; MUNICIPIO=São Félix do Xingu,0.05185185185185185,3
AREA_CONSOLIDADA=nao; AREA_POUSIO=nao; UF=PA,0.05185185185185185,3
AREA_CONSOLIDADA=nao; MOD_FISCAL=<1 módulo; USO_RESTRITO=nao,0.05185185185185185,3
MOD_FISCAL=>=10 módulos; SERVIDAO_ADMINISTRATIVA=nao; TIPO=IRU,0.05185185185185185,3
AREA=4-15 ha; MUNICIPIO=São Félix do Xingu,0.0517636684303351,2
AREA=4-15 ha; UF=PA,0.0517636684303351,2
AREA=4-15 ha; MOD_FISCAL=<1 módulo; MUNICIPIO=São Félix do Xingu,0.0517636684303351,3
AREA=4-15 ha; MOD_FISCAL=<1 módulo; UF=PA,0.0517636684303351,3
AREA=4-15 ha; MUNICIPIO=São Félix do Xingu; TIPO=IRU,0.0517636684303351,3
AREA=4-15 ha; MUNICIPIO=São Félix do Xingu; UF=PA,0.0517636684303351,3
AREA=4-15 ha; MUNICIPIO=São Félix do Xingu; USO_RESTRITO=nao,0.0517636684303351,3
AREA=4-15 ha; TIPO=IRU; UF=PA,0.0517636684303351,3
AREA=4-15 ha; UF=PA; USO_RESTRITO=nao,0.0517636684303351,3
HIDROGRAFIA=nao; MUNICIPIO=Presidente Prudente,0.05167548500881834,2
HIDROGRAFIA=nao; UF=SP,0.05167548500881834,2
HIDROGRAFIA=nao; MUNICIPIO=Presidente Prudente; TIPO=IRU,0.05167548500881834,3
HIDROGRAFIA=nao; MUNICIPIO=Presidente Prudente; UF=SP,0.05167548500881834,3
HIDROGRAFIA=nao; TIPO=IRU; UF=SP,0.05167548500881834,3
AREA_CONSOLIDADA=nao; AREA_POUSIO=nao; MOD_FISCAL=<1 módulo,0.051587301587301584,3
AREA_POUSIO=nao; HIDROGRAFIA=nao; MUNICIPIO=Presidente Prudente,0.051587301587301584,3
AREA_POUSIO=nao; HIDROGRAFIA=nao; UF=SP,0.051587301587301584,3
APP=sim; AREA=4-15 ha; AREA_CONSOLIDADA=sim,0.051499118165784834,3
AREA=>=1000 ha; AREA_CONSOLIDADA=sim; AREA_POUSIO=nao,0.051499118165784834,3
HIDROGRAFIA=nao; MUNICIPIO=Presidente Prudente; STATUS=AT,0.051499118165784834,3
HIDROGRAFIA=nao; STATUS=AT; UF=SP,0.051499118165784834,3
AREA=100-1000 ha; HIDROGRAFIA=nao; VEGETACAO_NATIVA=sim,0.051322751322751325,3
AREA=100-1000 ha; SERVIDAO_ADMINISTRATIVA=nao; STATUS=AT,0.05123456790123457,3
AREA=4-15 ha; HIDROGRAFIA=sim,0.05105820105820106,2
AREA=4-15 ha; AREA_POUSIO=nao; MUNICIPIO=São Félix do Xingu,0.05105820105820106,3
AREA=4-15 ha; AREA_POUSIO=nao; UF=PA,0.05105820105820106,3
AREA=4-15 ha; HIDROGRAFIA=sim; MOD_FISCAL=<1 módulo,0.05105820105820106,3
HIDROGRAFIA=nao; MUNICIPIO=Presidente Prudente; USO_RESTRITO=nao,0.05105820105820106,3
HIDROGRAFIA=nao; UF=SP; USO_RESTRITO=nao,0.05105820105820106,3
AREA=15-100 ha; MUNICIPIO=Presidente Prudente,0.0509700176366843,2
AREA=15-100 ha; UF=SP,0.0509700176366843,2
AREA=4-15 ha; VEGETACAO_NATIVA=nao,0.0509700176366843,2
AREA=15-100 ha; AREA_POUSIO=nao; MUNICIPIO=Presidente Prudente,0.0509700176366843,3
AREA=15-100 ha; AREA_POUSIO=nao; UF=SP,0.0509700176366843,3
AREA=15-100 ha; MUNICIPIO=Presidente Prudente; TIPO=IRU,0.0509700176366843,3
AREA=15-100 ha; MUNICIPIO=Presidente Prudente; UF=SP,0.0509700176366843,3
AREA=15-100 ha; TIPO=IRU; UF=SP,0.0509700176366843,3
AREA=4-15 ha; HIDROGRAFIA=sim; TIPO=IRU,0.0509700176366843,3
AREA=4-15 ha; MOD_FISCAL=<1 módulo; VEGETACAO_NATIVA=nao,0.0509700176366843,3
AREA=4-15 ha; TIPO=IRU; VEGETACAO_NATIVA=nao,0.0509700176366843,3
AREA_CONSOLIDADA=nao; MUNICIPIO=São Félix do Xingu; SERVIDAO_ADMINISTRATIVA=nao,0.0509700176366843,3
AREA_CONSOLIDADA=nao; SERVIDAO_ADMINISTRATIVA=nao; UF=PA,0.0509700176366843,3
AREA=4-15 ha; AREA_POUSIO=nao; HIDROGRAFIA=sim,0.05088183421516755,3
AREA=4-15 ha; USO_RESTRITO=nao; VEGETACAO_NATIVA=nao,0.05088183421516755,3
AREA=>=1000 ha; AREA_CONSOLIDADA=sim; MOD_FISCAL=>=10 módulos,0.05088183421516755,3
APP=sim; AREA=4-15 ha; HIDROGRAFIA=sim,0.050793650793650794,3
AREA=15-100 ha; MUNICIPIO=Presidente Prudente; STATUS=AT,0.050793650793650794,3
AREA=15-100 ha; STATUS=AT; UF=SP,0.050793650793650794,3
HIDROGRAFIA=sim; SERVIDAO_ADMINISTRATIVA=sim; STATUS=AT,0.05052910052910053,3
AREA=4-15 ha; AREA_POUSIO=nao; VEGETACAO_NATIVA=nao,0.05035273368606702,3
AREA=4-15 ha; AREA_CONSOLIDADA=sim; HIDROGRAFIA=nao,0.05026455026455026,3
AREA=4-15 ha; MUNICIPIO=Presidente Prudente; SERVIDAO_ADMINISTRATIVA=nao,0.05026455026455026,3
AREA=4-15 ha; SERVIDAO_ADMINISTRATIVA=nao; UF=SP,0.05026455026455026,3
MOD_FISCAL=<1 módulo; RESERVA_LEGAL=sim; VEGETACAO_NATIVA=nao,0.05026455026455026,3
AREA=15-100 ha; MUNICIPIO=Presidente Prudente; USO_RESTRITO=nao,0.05017636684303351,3
AREA=15-100 ha; UF=SP; USO_RESTRITO=nao,0.05017636684303351,3
AREA=4-15 ha; HIDROGRAFIA=sim; USO_RESTRITO=nao,0.05017636684303351,3
AREA=>=1000 ha; AREA_CONSOLIDADA=sim; TIPO=IRU,0.049911816578483245,3
AREA=<4 ha; MUNICIPIO=São Félix do Xingu,0.04982363315696649,2
AREA=<4 ha; UF=PA,0.04982363315696649,2
APP=sim; AREA=100-1000 ha; RESERVA_LEGAL=nao,0.04982363315696649,3
AREA=<4 ha; MOD_FISCAL=<1 módulo; MUNICIPIO=São Félix do Xingu,0.04982363315696649,3
AREA=<4 ha; MOD_FISCAL=<1 módulo; UF=PA,0.04982363315696649,3
AREA=<4 ha; MUNICIPIO=São Félix do Xingu; TIPO=IRU,0.04982363315696649,3
AREA=<4 ha; MUNICIPIO=São Félix do Xingu; UF=PA,0.04982363315696649,3
AREA=<4 ha; MUNICIPIO=São Félix do Xingu; USO_RESTRITO=nao,0.04982363315696649,3
AREA=<4 ha; TIPO=IRU; UF=PA,0.04982363315696649,3
AREA=<4 ha; UF=PA; USO_RESTRITO=nao,0.04982363315696649,3
SERVIDAO_ADMINISTRATIVA=sim; STATUS=AT; VEGETACAO_NATIVA=sim,0.04982363315696649,3
AREA=<4 ha; MUNICIPIO=São Félix do Xingu; SERVIDAO_ADMINISTRATIVA=nao,0.04973544973544974,3
AREA=<4 ha; SERVIDAO_ADMINISTRATIVA=nao; UF=PA,0.04973544973544974,3
AREA_CONSOLIDADA=sim; MOD_FISCAL=4-10 módulos; MUNICIPIO=São Félix do Xingu,0.04973544973544974,3
AREA_CONSOLIDADA=sim; MOD_FISCAL=4-10 módulos; UF=PA,0.04973544973544974,3
AREA=<4 ha; AREA_POUSIO=nao; MUNICIPIO=São Félix do Xingu,0.04955908289241623,3
AREA=<4 ha; AREA_POUSIO=nao; UF=PA,0.04955908289241623,3
AREA_CONSOLIDADA=nao; HIDROGRAFIA=nao,0.04947089947089947,2
AREA_CONSOLIDADA=nao; HIDROGRAFIA=nao; TIPO=IRU,0.04938271604938271,3
AREA=100-1000 ha; HIDROGRAFIA=sim; RESERVA_LEGAL=nao,0.04929453262786596,3
AREA_CONSOLIDADA=nao; HIDROGRAFIA=nao; USO_RESTRITO=nao,0.049206349206349205,3
AREA_CONSOLIDADA=nao; MOD_FISCAL=<1 módulo; SERVIDAO_ADMINISTRATIVA=nao,0.049118165784832454,3
APP=nao; AREA_CONSOLIDADA=nao,0.0490299823633157,2
AREA=4-15 ha; MUNICIPIO=São Félix do Xingu; SERVIDAO_ADMINISTRATIVA=nao,0.0490299823633157,3
AREA=4-15 ha; SERVIDAO_ADMINISTRATIVA=nao; UF=PA,0.0490299823633157,3
AREA_CONSOLIDADA=nao; AREA_POUSIO=nao; HIDROGRAFIA=nao,0.0490299823633157,3
AREA=4-15 ha; RESERVA_LEGAL=sim,0.04894179894179894,2
APP=nao; AREA_CONSOLIDADA=nao; TIPO=IRU,0.04894179894179894,3
AREA=4-15 ha; MOD_FISCAL=<1 módulo; RESERVA_LEGAL=sim,0.04894179894179894,3
AREA=4-15 ha; RESERVA_LEGAL=sim; TIPO=IRU,0.04894179894179894,3
AREA=4-15 ha; AREA_POUSIO=nao; RESERVA_LEGAL=sim,0.04885361552028219,3
APP=nao; AREA_CONSOLIDADA=nao; USO_RESTRITO=nao,0.04876543209876543,3
AREA=>=1000 ha; RESERVA_LEGAL=sim,0.04867724867724868,2
APP=nao; AREA_CONSOLIDADA=nao; AREA_POUSIO=nao,0.04867724867724868,3
APP=sim; AREA=>=1000 ha,0.048500881834215165,2
APP=nao; AREA=100-1000 ha; RESERVA_LEGAL=sim,0.048500881834215165,3
AREA_CONSOLIDADA=sim; MOD_FISCAL=>=10 módulos; SERVIDAO_ADMINISTRATIVA=nao,0.048500881834215165,3
AREA=15-100 ha; RESERVA_LEGAL=sim; VEGETACAO_NATIVA=nao,0.04832451499118166,3
AREA=>=1000 ha; MUNICIPIO=São Félix do Xingu; RESERVA_LEGAL=sim,0.04832451499118166,3
AREA=>=1000 ha; RESERVA_LEGAL=sim; UF=PA,0.04832451499118166,3
AREA=>=1000 ha; RESERVA_LEGAL=sim; USO_RESTRITO=nao,0.04832451499118166,3
APP=sim; RESERVA_LEGAL=sim; VEGETACAO_NATIVA=nao,0.048236331569664906,3
HIDROGRAFIA=nao; RESERVA_LEGAL=nao; VEGETACAO_NATIVA=sim,0.048236331569664906,3
APP=sim; AREA=>=1000 ha; USO_RESTRITO=nao,0.04814814814814815,3
APP=sim; AREA=>=1000 ha; MUNICIPIO=São Félix do Xingu,0.04805996472663139,3
APP=sim; AREA=>=1000 ha; UF=PA,0.04805996472663139,3
AREA=4-15 ha; RESERVA_LEGAL=sim; USO_RESTRITO=nao,0.04805996472663139,3
APP=nao; AREA_CONSOLIDADA=nao; HIDROGRAFIA=nao,0.04797178130511464,3
AREA=>=1000 ha; VEGETACAO_NATIVA=sim,0.04788359788359788,2
AREA=>=1000 ha; HIDROGRAFIA=sim,0.04779541446208113,2
APP=sim; AREA=>=1000 ha; HIDROGRAFIA=sim,0.04779541446208113,3
AREA=>=1000 ha; AREA_POUSIO=nao; RESERVA_LEGAL=sim,0.04779541446208113,3
HIDROGRAFIA=nao; STATUS=AT; VEGETACAO_NATIVA=sim,0.04779541446208113,3
HIDROGRAFIA=nao; MOD_FISCAL=1-4 módulos; VEGETACAO_NATIVA=nao,0.047619047619047616,3
MOD_FISCAL=1-4 módulos; RESERVA_LEGAL=nao; VEGETACAO_NATIVA=sim,0.047619047619047616,3
RESERVA_LEGAL=nao; STATUS=AT; VEGETACAO_NATIVA=sim,0.047619047619047616,3
APP=sim; AREA=>=1000 ha; AREA_POUSIO=nao,0.047530864197530866,3
AREA=>=1000 ha; USO_RESTRITO=nao; VEGETACAO_NATIVA=sim,0.047530864197530866,3
AREA=<4 ha; AREA_CONSOLIDADA=sim; HIDROGRAFIA=nao,0.04744268077601411,3
AREA=>=1000 ha; HIDROGRAFIA=sim; USO_RESTRITO=nao,0.04744268077601411,3
AREA=>=1000 ha; MUNICIPIO=São Félix do Xingu; VEGETACAO_NATIVA=sim,0.04744268077601411,3
AREA=>=1000 ha; UF=PA; VEGETACAO_NATIVA=sim,0.04744268077601411,3
HIDROGRAFIA=sim; RESERVA_LEGAL=sim; VEGETACAO_NATIVA=nao,0.04744268077601411,3
AREA=>=1000 ha; HIDROGRAFIA=sim; MUNICIPIO=São Félix do Xingu,0.04735449735449736,3
AREA=>=1000 ha; HIDROGRAFIA=sim; UF=PA,0.04735449735449736,3
AREA=>=1000 ha; MOD_FISCAL=>=10 módulos; RESERVA_LEGAL=sim,0.0472663139329806,3
AREA=>=1000 ha; RESERVA_LEGAL=sim; TIPO=IRU,0.0472663139329806,3
MOD_FISCAL=<1 módulo; MUNICIPIO=Presidente Prudente; RESERVA_LEGAL=sim,0.0472663139329806,3
MOD_FISCAL=<1 módulo; RESERVA_LEGAL=sim; UF=SP,0.0472663139329806,3
AREA_CONSOLIDADA=nao; HIDROGRAFIA=nao; SERVIDAO_ADMINISTRATIVA=nao,0.04717813051146384,3
HIDROGRAFIA=nao; MOD_FISCAL=<1 módulo; MUNICIPIO=Presidente Prudente,0.04717813051146384,3
HIDROGRAFIA=nao; MOD_FISCAL=<1 módulo; UF=SP,0.04717813051146384,3
APP=nao; AREA=<4 ha; MUNICIPIO=São Félix do Xingu,0.04708994708994709,3
APP=nao; AREA=<4 ha; UF=PA,0.04708994708994709,3
APP=sim; AREA=100-1000 ha; VEGETACAO_NATIVA=nao,0.04708994708994709,3
AREA=4-15 ha; STATUS=AT; VEGETACAO_NATIVA=sim,0.04708994708994709,3
APP=sim; AREA=4-15 ha; SERVIDAO_ADMINISTRATIVA=nao,0.047001763668430334,3
AREA=4-15 ha; SERVIDAO_ADMINISTRATIVA=nao; VEGETACAO_NATIVA=nao,0.047001763668430334,3
MUNICIPIO=Presidente Prudente; VEGETACAO_NATIVA=nao,0.04691358024691358,2
UF=SP; VEGETACAO_NATIVA=nao,0.04691358024691358,2
APP=sim; AREA=>=1000 ha; MOD_FISCAL=>=10 módulos,0.04691358024691358,3
APP=sim; AREA=>=1000 ha; TIPO=IRU,0.04691358024691358,3
AREA=4-15 ha; AREA_CONSOLIDADA=sim; HIDROGRAFIA=sim,0.04691358024691358,3
AREA=>=1000 ha; AREA_POUSIO=nao; VEGETACAO_NATIVA=sim,0.04691358024691358,3
MUNICIPIO=Presidente Prudente; TIPO=IRU; VEGETACAO_NATIVA=nao,0.04691358024691358,3
MUNICIPIO=Presidente Prudente; UF=SP; VEGETACAO_NATIVA=nao,0.04691358024691358,3
TIPO=IRU; UF=SP; VEGETACAO_NATIVA=nao,0.04691358024691358,3
MOD_FISCAL=4-10 módulos; SERVIDAO_ADMINISTRATIVA=nao,0.046825396825396826,2
APP=nao; AREA_CONSOLIDADA=nao; SERVIDAO_ADMINISTRATIVA=nao,0.046825396825396826,3
AREA=>=1000 ha; AREA_POUSIO=nao; HIDROGRAFIA=sim,0.046825396825396826,3
AREA_POUSIO=nao; MUNICIPIO=Presidente Prudente; VEGETACAO_NATIVA=nao,0.046825396825396826,3
AREA_POUSIO=nao; UF=SP; VEGETACAO_NATIVA=nao,0.046825396825396826,3
MOD_FISCAL=4-10 módulos; SERVIDAO_ADMINISTRATIVA=nao; TIPO=IRU,0.046825396825396826,3
MUNICIPIO=Presidente Prudente; STATUS=AT; VEGETACAO_NATIVA=nao,0.046825396825396826,3
STATUS=AT; UF=SP; VEGETACAO_NATIVA=nao,0.046825396825396826,3
AREA_POUSIO=nao; MOD_FISCAL=4-10 módulos; SERVIDAO_ADMINISTRATIVA=nao,0.04673721340388007,3
MOD_FISCAL=4-10 módulos; SERVIDAO_ADMINISTRATIVA=nao; USO_RESTRITO=nao,0.04673721340388007,3
APP=nao; AREA=<4 ha; AREA_CONSOLIDADA=sim,0.04664902998236332,3
APP=sim; AREA=4-15 ha; STATUS=AT,0.04664902998236332,3
APP=nao; AREA=15-100 ha; MOD_FISCAL=1-4 módulos,0.04656084656084656,3
MUNICIPIO=Presidente Prudente; USO_RESTRITO=nao; VEGETACAO_NATIVA=nao,0.04656084656084656,3
UF=SP; USO_RESTRITO=nao; VEGETACAO_NATIVA=nao,0.04656084656084656,3
AREA=<4 ha; STATUS=AT,0.04638447971781305,2
AREA=100-1000 ha; RESERVA_LEGAL=nao; VEGETACAO_NATIVA=nao,0.04638447971781305,3
AREA=<4 ha; AREA_POUSIO=nao; STATUS=AT,0.04638447971781305,3
AREA=<4 ha; MOD_FISCAL=<1 módulo; STATUS=AT,0.04638447971781305,3
AREA=<4 ha; STATUS=AT; TIPO=IRU,0.04638447971781305,3
APP=nao; MOD_FISCAL=1-4 módulos; VEGETACAO_NATIVA=nao,0.046296296296296294,3
APP=nao; RESERVA_LEGAL=nao; VEGETACAO_NATIVA=sim,0.046296296296296294,3
AREA=100-1000 ha; HIDROGRAFIA=sim; VEGETACAO_NATIVA=nao,0.046296296296296294,3
AREA=<4 ha; HIDROGRAFIA=nao; MUNICIPIO=São Félix do Xingu,0.046296296296296294,3
AREA=<4 ha; HIDROGRAFIA=nao; UF=PA,0.046296296296296294,3
AREA=>=1000 ha; MOD_FISCAL=>=10 módulos; VEGETACAO_NATIVA=sim,0.046296296296296294,3
AREA=>=1000 ha; TIPO=IRU; VEGETACAO_NATIVA=sim,0.046296296296296294,3
AREA=>=1000 ha; HIDROGRAFIA=sim; MOD_FISCAL=>=10 módulos,0.04620811287477954,3
AREA=>=1000 ha; HIDROGRAFIA=sim; TIPO=IRU,0.04620811287477954,3
APP=nao; AREA=100-1000 ha; VEGETACAO_NATIVA=sim,0.04594356261022928,3
AREA=100-1000 ha; MOD_FISCAL=4-10 módulos; SERVIDAO_ADMINISTRATIVA=nao,0.04594356261022928,3
SERVIDAO_ADMINISTRATIVA=sim; STATUS=PE,0.04585537918871252,2
AREA=<4 ha; AREA_CONSOLIDADA=sim; RESERVA_LEGAL=nao,0.04585537918871252,3
SERVIDAO_ADMINISTRATIVA=sim; STATUS=PE; TIPO=IRU,0.04585537918871252,3
SERVIDAO_ADMINISTRATIVA=sim; STATUS=PE; USO_RESTRITO=nao,0.04576719576719577,3
APP=nao; AREA=4-15 ha; AREA_CONSOLIDADA=sim,0.04567901234567901,3
APP=sim; AREA=>=1000 ha; AREA_CONSOLIDADA=sim,0.04567901234567901,3
AREA=<4 ha; STATUS=AT; USO_RESTRITO=nao,0.04567901234567901,3
AREA_POUSIO=nao; SERVIDAO_ADMINISTRATIVA=sim; STATUS=PE,0.04567901234567901,3
MUNICIPIO=São Félix do Xingu; SERVIDAO_ADMINISTRATIVA=sim; STATUS=PE,0.04559082892416226,3
SERVIDAO_ADMINISTRATIVA=sim; STATUS=PE; UF=PA,0.04559082892416226,3
AREA=>=1000 ha; AREA_CONSOLIDADA=sim; RESERVA_LEGAL=sim,0.0455026455026455,3
HIDROGRAFIA=nao; MOD_FISCAL=1-4 módulos; RESERVA_LEGAL=nao,0.0455026455026455,3
APP=sim; AREA=15-100 ha; MUNICIPIO=Presidente Prudente,0.045326278659611995,3
APP=sim; AREA=15-100 ha; UF=SP,0.045326278659611995,3
AREA=4-15 ha; AREA_CONSOLIDADA=sim; MUNICIPIO=São Félix do Xingu,0.04523809523809524,3
AREA=4-15 ha; AREA_CONSOLIDADA=sim; UF=PA,0.04523809523809524,3
AREA_CONSOLIDADA=sim; SERVIDAO_ADMINISTRATIVA=sim; STATUS=PE,0.04523809523809524,3
HIDROGRAFIA=nao; MUNICIPIO=Presidente Prudente; SERVIDAO_ADMINISTRATIVA=nao,0.045149911816578486,3
HIDROGRAFIA=nao; SERVIDAO_ADMINISTRATIVA=nao; UF=SP,0.045149911816578486,3
AREA=>=1000 ha; AREA_CONSOLIDADA=sim; HIDROGRAFIA=sim,0.04506172839506173,3
AREA=>=1000 ha; AREA_CONSOLIDADA=sim; VEGETACAO_NATIVA=sim,0.04470899470899471,3
MUNICIPIO=Presidente Prudente; RESERVA_LEGAL=nao; VEGETACAO_NATIVA=nao,0.04426807760141094,3
RESERVA_LEGAL=nao; UF=SP; VEGETACAO_NATIVA=nao,0.04426807760141094,3
APP=sim; MOD_FISCAL=4-10 módulos,0.04417989417989418,2
APP=nao; MOD_FISCAL=1-4 módulos; RESERVA_LEGAL=nao,0.04417989417989418,3
APP=sim; MOD_FISCAL=4-10 módulos; TIPO=IRU,0.04417989417989418,3
APP=sim; AREA_POUSIO=nao; MOD_FISCAL=4-10 módulos,0.04409171075837742,3
AREA=4-15 ha; RESERVA_LEGAL=nao; VEGETACAO_NATIVA=nao,0.04409171075837742,3
APP=sim; MOD_FISCAL=4-10 módulos; USO_RESTRITO=nao,0.04400352733686067,3
AREA=15-100 ha; AREA_CONSOLIDADA=sim; MUNICIPIO=Presidente Prudente,0.043915343915343914,3
AREA=15-100 ha; AREA_CONSOLIDADA=sim; UF=SP,0.043915343915343914,3
AREA=<4 ha; SERVIDAO_ADMINISTRATIVA=nao; STATUS=AT,0.043915343915343914,3
APP=sim; AREA=>=1000 ha; VEGETACAO_NATIVA=sim,0.043827160493827164,3
AREA=>=1000 ha; RESERVA_LEGAL=sim; VEGETACAO_NATIVA=sim,0.043827160493827164,3
APP=sim; AREA=>=1000 ha; RESERVA_LEGAL=sim,0.043738977072310406,3
AREA=4-15 ha; AREA_CONSOLIDADA=sim; RESERVA_LEGAL=sim,0.04365079365079365,3
APP=nao; MUNICIPIO=Presidente Prudente,0.0435626102292769,2
APP=nao; UF=SP,0.0435626102292769,2
APP=nao; MUNICIPIO=Presidente Prudente; TIPO=IRU,0.0435626102292769,3
APP=nao; MUNICIPIO=Presidente Prudente; UF=SP,0.0435626102292769,3
APP=nao; TIPO=IRU; UF=SP,0.0435626102292769,3
RESERVA_LEGAL=sim; SERVIDAO_ADMINISTRATIVA=sim; STATUS=AT,0.0435626102292769,3
APP=nao; AREA_POUSIO=nao; MUNICIPIO=Presidente Prudente,0.04347442680776014,3
APP=nao; AREA_POUSIO=nao; UF=SP,0.04347442680776014,3
APP=nao; MUNICIPIO=Presidente Prudente; STATUS=AT,0.04347442680776014,3
APP=nao; STATUS=AT; UF=SP,0.04347442680776014,3
AREA=4-15 ha; HIDROGRAFIA=sim; SERVIDAO_ADMINISTRATIVA=nao,0.04338624338624339,3
AREA=>=1000 ha; HIDROGRAFIA=sim; RESERVA_LEGAL=sim,0.04338624338624339,3
APP=sim; MUNICIPIO=Presidente Prudente; RESERVA_LEGAL=nao,0.04329805996472663,3
APP=sim; RESERVA_LEGAL=nao; UF=SP,0.04329805996472663,3
AREA=15-100 ha; HIDROGRAFIA=sim; MUNICIPIO=Presidente Prudente,0.04329805996472663,3
AREA=15-100 ha; HIDROGRAFIA=sim; UF=SP,0.04329805996472663,3
AREA=>=1000 ha; HIDROGRAFIA=sim; VEGETACAO_NATIVA=sim,0.04329805996472663,3
MOD_FISCAL=>=10 módulos; RESERVA_LEGAL=sim; SERVIDAO_ADMINISTRATIVA=nao,0.04329805996472663,3
APP=nao; MUNICIPIO=Presidente Prudente; USO_RESTRITO=nao,0.043209876543209874,3
APP=nao; UF=SP; USO_RESTRITO=nao,0.043209876543209874,3
AREA=4-15 ha; AREA_CONSOLIDADA=sim; VEGETACAO_NATIVA=nao,0.04312169312169312,3
AREA=4-15 ha; RESERVA_LEGAL=sim; SERVIDAO_ADMINISTRATIVA=nao,0.04312169312169312,3
MOD_FISCAL=4-10 módulos; RESERVA_LEGAL=sim,0.043033509700176366,2
APP=sim; AREA=100-1000 ha; MOD_FISCAL=4-10 módulos,0.043033509700176366,3
AREA_CONSOLIDADA=sim; MOD_FISCAL=4-10 módulos; SERVIDAO_ADMINISTRATIVA=nao,0.043033509700176366,3
AREA_POUSIO=nao; MOD_FISCAL=4-10 módulos; RESERVA_LEGAL=sim,0.043033509700176366,3
MOD_FISCAL=4-10 módulos; MUNICIPIO=São Félix do Xingu; SERVIDAO_ADMINISTRATIVA=nao,0.043033509700176366,3
MOD_FISCAL=4-10 módulos; RESERVA_LEGAL=sim; TIPO=IRU,0.043033509700176366,3
MOD_FISCAL=4-10 módulos; RESERVA_LEGAL=sim; USO_RESTRITO=nao,0.043033509700176366,3
MOD_FISCAL=4-10 módulos; SERVIDAO_ADMINISTRATIVA=nao; UF=PA,0.043033509700176366,3
MOD_FISCAL=4-10 módulos; VEGETACAO_NATIVA=sim,0.042945326278659615,2
APP=nao; HIDROGRAFIA=nao; MUNICIPIO=Presidente Prudente,0.042945326278659615,3
APP=nao; HIDROGRAFIA=nao; UF=SP,0.042945326278659615,3
HIDROGRAFIA=nao; RESERVA_LEGAL=sim; STATUS=AT,0.042945326278659615,3
MOD_FISCAL=4-10 módulos; TIPO=IRU; VEGETACAO_NATIVA=sim,0.042945326278659615,3
AREA=<4 ha; AREA_CONSOLIDADA=sim; VEGETACAO_NATIVA=nao,0.04285714285714286,3
AREA_POUSIO=nao; MOD_FISCAL=4-10 módulos; VEGETACAO_NATIVA=sim,0.04285714285714286,3
AREA=100-1000 ha; MOD_FISCAL=4-10 módulos; RESERVA_LEGAL=sim,0.0427689594356261,3
MOD_FISCAL=4-10 módulos; USO_RESTRITO=nao; VEGETACAO_NATIVA=sim,0.0427689594356261,3
HIDROGRAFIA=sim; MOD_FISCAL=4-10 módulos,0.04259259259259259,2
APP=sim; MOD_FISCAL=>=10 módulos; SERVIDAO_ADMINISTRATIVA=nao,0.04259259259259259,3
AREA=15-100 ha; MOD_FISCAL=1-4 módulos; VEGETACAO_NATIVA=nao,0.04259259259259259,3
HIDROGRAFIA=sim; MOD_FISCAL=4-10 módulos; TIPO=IRU,0.04259259259259259,3
APP=sim; AREA=4-15 ha; MUNICIPIO=Presidente Prudente,0.04250440917107584,3
APP=sim; AREA=4-15 ha; UF=SP,0.04250440917107584,3
APP=sim; STATUS=AT; VEGETACAO_NATIVA=nao,0.04250440917107584,3
AREA_POUSIO=nao; HIDROGRAFIA=sim; MOD_FISCAL=4-10 módulos,0.04250440917107584,3
APP=sim; HIDROGRAFIA=sim; MOD_FISCAL=4-10 módulos,0.04241622574955908,3
HIDROGRAFIA=sim; MOD_FISCAL=4-10 módulos; USO_RESTRITO=nao,0.04241622574955908,3
AREA=100-1000 ha; MOD_FISCAL=4-10 módulos; VEGETACAO_NATIVA=sim,0.04215167548500882,3
AREA=4-15 ha; HIDROGRAFIA=sim; STATUS=AT,0.04215167548500882,3
AREA=4-15 ha; RESERVA_LEGAL=sim; VEGETACAO_NATIVA=sim,0.04206349206349207,3
MOD_FISCAL=>=10 módulos; SERVIDAO_ADMINISTRATIVA=nao; VEGETACAO_NATIVA=sim,0.04206349206349207,3
APP=sim; AREA=4-15 ha; VEGETACAO_NATIVA=sim,0.04197530864197531,3
MOD_FISCAL=1-4 módulos; SERVIDAO_ADMINISTRATIVA=sim,0.04188712522045855,2
MOD_FISCAL=1-4 módulos; SERVIDAO_ADMINISTRATIVA=sim; TIPO=IRU,0.04188712522045855,3
AREA=15-100 ha; STATUS=AT; VEGETACAO_NATIVA=nao,0.0417989417989418,3
HIDROGRAFIA=sim; MOD_FISCAL=>=10 módulos; SERVIDAO_ADMINISTRATIVA=nao,0.0417989417989418,3
MOD_FISCAL=1-4 módulos; SERVIDAO_ADMINISTRATIVA=sim; USO_RESTRITO=nao,0.0417989417989418,3
AREA=4-15 ha; MUNICIPIO=Presidente Prudente; VEGETACAO_NATIVA=sim,0.04171075837742504,3
AREA=4-15 ha; UF=SP; VEGETACAO_NATIVA=sim,0.04171075837742504,3
AREA_POUSIO=nao; MOD_FISCAL=1-4 módulos; SERVIDAO_ADMINISTRATIVA=sim,0.04162257495590829,3
MUNICIPIO=Presidente Prudente; SERVIDAO_ADMINISTRATIVA=nao; VEGETACAO_NATIVA=nao,0.04162257495590829,3
SERVIDAO_ADMINISTRATIVA=nao; UF=SP; VEGETACAO_NATIVA=nao,0.04162257495590829,3
AREA=100-1000 ha; HIDROGRAFIA=sim; MOD_FISCAL=4-10 módulos,0.041534391534391535,3
AREA=15-100 ha; MUNICIPIO=Presidente Prudente; VEGETACAO_NATIVA=sim,0.041534391534391535,3
AREA=15-100 ha; UF=SP; VEGETACAO_NATIVA=sim,0.041534391534391535,3
AREA=15-100 ha; HIDROGRAFIA=nao; STATUS=AT,0.04135802469135803,3
AREA=100-1000 ha; MOD_FISCAL=1-4 módulos; STATUS=AT,0.04126984126984127,3
APP=nao; STATUS=AT; VEGETACAO_NATIVA=sim,0.04109347442680776,3
AREA=4-15 ha; HIDROGRAFIA=nao; RESERVA_LEGAL=nao,0.04109347442680776,3
APP=sim; AREA_CONSOLIDADA=sim; MOD_FISCAL=4-10 módulos,0.041005291005291,3
AREA_CONSOLIDADA=nao; RESERVA_LEGAL=nao,0.04091710758377425,2
AREA_CONSOLIDADA=nao; RESERVA_LEGAL=nao; TIPO=IRU,0.040828924162257495,3
MOD_FISCAL=<1 módulo; MUNICIPIO=Presidente Prudente; VEGETACAO_NATIVA=nao,0.040828924162257495,3
MOD_FISCAL=<1 módulo; UF=SP; VEGETACAO_NATIVA=nao,0.040828924162257495,3
AREA_CONSOLIDADA=sim; MOD_FISCAL=1-4 módulos; SERVIDAO_ADMINISTRATIVA=sim,0.040740740740740744,3
APP=nao; MOD_FISCAL=<1 módulo; MUNICIPIO=Presidente Prudente,0.04056437389770723,3
APP=nao; MOD_FISCAL=<1 módulo; UF=SP,0.04056437389770723,3
AREA_CONSOLIDADA=nao; AREA_POUSIO=nao; RESERVA_LEGAL=nao,0.04056437389770723,3
AREA_CONSOLIDADA=nao; RESERVA_LEGAL=nao; USO_RESTRITO=nao,0.04056437389770723,3
AREA=<4 ha; MUNICIPIO=São Félix do Xingu; VEGETACAO_NATIVA=nao,0.04047619047619048,3
AREA=<4 ha; UF=PA; VEGETACAO_NATIVA=nao,0.04047619047619048,3
APP=nao; AREA_CONSOLIDADA=nao; MOD_FISCAL=<1 módulo,0.04038800705467372,3
AREA_CONSOLIDADA=sim; MOD_FISCAL=4-10 módulos; RESERVA_LEGAL=sim,0.04038800705467372,3
MOD_FISCAL=4-10 módulos; MUNICIPIO=São Félix do Xingu; RESERVA_LEGAL=sim,0.04029982363315697,3
MOD_FISCAL=4-10 módulos; RESERVA_LEGAL=sim; UF=PA,0.04029982363315697,3
AREA=>=1000 ha; SERVIDAO_ADMINISTRATIVA=nao,0.04021164021164021,2
AREA=>=1000 ha; MUNICIPIO=São Félix do Xingu; SERVIDAO_ADMINISTRATIVA=nao,0.040123456790123455,3
AREA=>=1000 ha; SERVIDAO_ADMINISTRATIVA=nao; UF=PA,0.040123456790123455,3
AREA=>=1000 ha; SERVIDAO_ADMINISTRATIVA=nao; USO_RESTRITO=nao,0.040123456790123455,3
AREA_CONSOLIDADA=nao; HIDROGRAFIA=nao; MOD_FISCAL=<1 módulo,0.040123456790123455,3
HIDROGRAFIA=sim; STATUS=AT; VEGETACAO_NATIVA=nao,0.040035273368606704,3
AREA_CONSOLIDADA=sim; MOD_FISCAL=4-10 módulos; VEGETACAO_NATIVA=sim,0.03977072310405644,3
HIDROGRAFIA=nao; MUNICIPIO=Presidente Prudente; RESERVA_LEGAL=nao,0.03977072310405644,3
HIDROGRAFIA=nao; RESERVA_LEGAL=nao; UF=SP,0.03977072310405644,3
HIDROGRAFIA=sim; MUNICIPIO=Presidente Prudente; RESERVA_LEGAL=nao,0.03968253968253968,3
HIDROGRAFIA=sim; RESERVA_LEGAL=nao; UF=SP,0.03968253968253968,3
AREA_CONSOLIDADA=sim; HIDROGRAFIA=sim; MOD_FISCAL=4-10 módulos,0.03959435626102293,3
AREA=100-1000 ha; SERVIDAO_ADMINISTRATIVA=sim,0.03950617283950617,2
AREA=100-1000 ha; SERVIDAO_ADMINISTRATIVA=sim; TIPO=IRU,0.03950617283950617,3
AREA=100-1000 ha; AREA_POUSIO=nao; SERVIDAO_ADMINISTRATIVA=sim,0.03941798941798942,3
AREA=4-15 ha; STATUS=PE,0.039329805996472664,2
AREA=4-15 ha; MOD_FISCAL=<1 módulo; STATUS=PE,0.039329805996472664,3
AREA=4-15 ha; STATUS=PE; TIPO=IRU,0.039329805996472664,3
AREA=4-15 ha; STATUS=PE; USO_RESTRITO=nao,0.039329805996472664,3
AREA=15-100 ha; SERVIDAO_ADMINISTRATIVA=sim,0.039241622574955906,2
APP=nao; AREA=4-15 ha; RESERVA_LEGAL=nao,0.039241622574955906,3
AREA=100-1000 ha; SERVIDAO_ADMINISTRATIVA=sim; USO_RESTRITO=nao,0.039241622574955906,3
AREA=15-100 ha; SERVIDAO_ADMINISTRATIVA=sim; TIPO=IRU,0.039241622574955906,3
AREA=>=1000 ha; AREA_POUSIO=nao; SERVIDAO_ADMINISTRATIVA=nao,0.039241622574955906,3
AREA_CONSOLIDADA=nao; VEGETACAO_NATIVA=nao,0.039153439153439155,2
APP=sim; SERVIDAO_ADMINISTRATIVA=sim; STATUS=PE,0.039153439153439155,3
AREA=4-15 ha; MUNICIPIO=São Félix do Xingu; STATUS=PE,0.039153439153439155,3
AREA=4-15 ha; STATUS=PE; UF=PA,0.039153439153439155,3
HIDROGRAFIA=sim; SERVIDAO_ADMINISTRATIVA=sim; STATUS=PE,0.039153439153439155,3
APP=sim; MOD_FISCAL=4-10 módulos; MUNICIPIO=São Félix do Xingu,0.0390652557319224,3
APP=sim; MOD_FISCAL=4-10 módulos; UF=PA,0.0390652557319224,3
AREA_CONSOLIDADA=nao; TIPO=IRU; VEGETACAO_NATIVA=nao,0.0390652557319224,3
AREA=15-100 ha; AREA_POUSIO=nao; SERVIDAO_ADMINISTRATIVA=sim,0.03897707231040565,3
AREA_CONSOLIDADA=nao; USO_RESTRITO=nao; VEGETACAO_NATIVA=nao,0.03897707231040565,3
APP=nao; MUNICIPIO=Presidente Prudente; SERVIDAO_ADMINISTRATIVA=nao,0.03888888888888889,3
APP=nao; SERVIDAO_ADMINISTRATIVA=nao; UF=SP,0.03888888888888889,3
AREA=100-1000 ha; AREA_CONSOLIDADA=sim; SERVIDAO_ADMINISTRATIVA=sim,0.03888888888888889,3
AREA=4-15 ha; HIDROGRAFIA=sim; VEGETACAO_NATIVA=sim,0.03888888888888889,3
APP=nao; AREA=15-100 ha; STATUS=AT,0.03880070546737213,3
AREA=15-100 ha; SERVIDAO_ADMINISTRATIVA=sim; USO_RESTRITO=nao,0.03880070546737213,3
AREA=4-15 ha; HIDROGRAFIA=nao; VEGETACAO_NATIVA=nao,0.03880070546737213,3
AREA=4-15 ha; AREA_POUSIO=nao; STATUS=PE,0.03871252204585538,3
AREA=4-15 ha; HIDROGRAFIA=nao; MUNICIPIO=São Félix do Xingu,0.03871252204585538,3
AREA=4-15 ha; HIDROGRAFIA=nao; UF=PA,0.03871252204585538,3
AREA_CONSOLIDADA=nao; AREA_POUSIO=nao; VEGETACAO_NATIVA=nao,0.03871252204585538,3
APP=nao; AREA=4-15 ha; MUNICIPIO=São Félix do Xingu,0.038624338624338624,3
APP=nao; AREA=4-15 ha; UF=PA,0.038624338624338624,3
AREA=>=1000 ha; MOD_FISCAL=>=10 módulos; SERVIDAO_ADMINISTRATIVA=nao,0.038624338624338624,3
AREA_CONSOLIDADA=sim; HIDROGRAFIA=nao; MUNICIPIO=Presidente Prudente,0.038624338624338624,3
AREA_CONSOLIDADA=sim; HIDROGRAFIA=nao; UF=SP,0.038624338624338624,3
MOD_FISCAL=4-10 módulos; MUNICIPIO=São Félix do Xingu; VEGETACAO_NATIVA=sim,0.03853615520282187,3
MOD_FISCAL=4-10 módulos; UF=PA; VEGETACAO_NATIVA=sim,0.03853615520282187,3
AREA=15-100 ha; MUNICIPIO=Presidente Prudente; SERVIDAO_ADMINISTRATIVA=nao,0.038447971781305115,3
AREA=15-100 ha; SERVIDAO_ADMINISTRATIVA=nao; UF=SP,0.038447971781305115,3
AREA=4-15 ha; HIDROGRAFIA=sim; MUNICIPIO=Presidente Prudente,0.03800705467372134,3
AREA=4-15 ha; HIDROGRAFIA=sim; UF=SP,0.03800705467372134,3
APP=sim; MOD_FISCAL=1-4 módulos; SERVIDAO_ADMINISTRATIVA=sim,0.03791887125220458,3
AREA=4-15 ha; SERVIDAO_ADMINISTRATIVA=nao; STATUS=PE,0.03783068783068783,3
AREA=100-1000 ha; MUNICIPIO=São Félix do Xingu; SERVIDAO_ADMINISTRATIVA=sim,0.037654320987654324,3
AREA=100-1000 ha; SERVIDAO_ADMINISTRATIVA=sim; UF=PA,0.037654320987654324,3
AREA=15-100 ha; AREA_CONSOLIDADA=sim; SERVIDAO_ADMINISTRATIVA=sim,0.037654320987654324,3
AREA_CONSOLIDADA=nao; RESERVA_LEGAL=nao; SERVIDAO_ADMINISTRATIVA=nao,0.037654320987654324,3
AREA=>=1000 ha; SERVIDAO_ADMINISTRATIVA=nao; TIPO=IRU,0.03756613756613757,3
HIDROGRAFIA=sim; MOD_FISCAL=1-4 módulos; SERVIDAO_ADMINISTRATIVA=sim,0.03756613756613757,3
HIDROGRAFIA=sim; MOD_FISCAL=4-10 módulos; MUNICIPIO=São Félix do Xingu,0.03747795414462081,3
HIDROGRAFIA=sim; MOD_FISCAL=4-10 módulos; UF=PA,0.03747795414462081,3
AREA_CONSOLIDADA=nao; STATUS=AT,0.03738977072310406,2
APP=nao; AREA=4-15 ha; VEGETACAO_NATIVA=nao,0.0373015873015873,3
APP=nao; RESERVA_LEGAL=sim; STATUS=AT,0.0373015873015873,3
AREA_CONSOLIDADA=nao; AREA_POUSIO=nao; STATUS=AT,0.0373015873015873,3
AREA_CONSOLIDADA=nao; STATUS=AT; TIPO=IRU,0.0373015873015873,3
AREA=<4 ha; AREA_CONSOLIDADA=sim; STATUS=AT,0.03721340388007054,3
AREA=<4 ha; MUNICIPIO=São Félix do Xingu; RESERVA_LEGAL=nao,0.037037037037037035,3
AREA=<4 ha; RESERVA_LEGAL=nao; UF=PA,0.037037037037037035,3
AREA_CONSOLIDADA=nao; STATUS=AT; USO_RESTRITO=nao,0.036948853615520284,3
AREA=>=1000 ha; AREA_CONSOLIDADA=sim; SERVIDAO_ADMINISTRATIVA=nao,0.03677248677248677,3
AREA_CONSOLIDADA=nao; SERVIDAO_ADMINISTRATIVA=nao; VEGETACAO_NATIVA=nao,0.03659611992945326,3
AREA=<4 ha; STATUS=PE,0.03641975308641975,2
AREA_CONSOLIDADA=nao; VEGETACAO_NATIVA=sim,0.03641975308641975,2
APP=nao; AREA_CONSOLIDADA=nao; MUNICIPIO=São Félix do Xingu,0.03641975308641975,3
APP=nao; AREA_CONSOLIDADA=nao; UF=PA,0.03641975308641975,3
AREA=<4 ha; MOD_FISCAL=<1 módulo; STATUS=PE,0.03641975308641975,3
AREA=<4 ha; STATUS=PE; TIPO=IRU,0.03641975308641975,3
AREA=<4 ha; STATUS=PE; USO_RESTRITO=nao,0.03641975308641975,3
AREA_CONSOLIDADA=nao; AREA_POUSIO=nao; VEGETACAO_NATIVA=sim,0.03641975308641975,3
AREA_CONSOLIDADA=nao; HIDROGRAFIA=nao; MUNICIPIO=São Félix do Xingu,0.03641975308641975,3
AREA_CONSOLIDADA=nao; HIDROGRAFIA=nao; UF=PA,0.03641975308641975,3
AREA_CONSOLIDADA=nao; TIPO=IRU; VEGETACAO_NATIVA=sim,0.03641975308641975,3
APP=sim; AREA=100-1000 ha; SERVIDAO_ADMINISTRATIVA=sim,0.036331569664902995,3
AREA=<4 ha; MUNICIPIO=São Félix do Xingu; STATUS=PE,0.036331569664902995,3
AREA=<4 ha; SERVIDAO_ADMINISTRATIVA=nao; STATUS=PE,0.036331569664902995,3
AREA=<4 ha; STATUS=PE; UF=PA,0.036331569664902995,3
MOD_FISCAL=<1 módulo; SERVIDAO_ADMINISTRATIVA=sim,0.036243386243386244,2
APP=nao; MUNICIPIO=Presidente Prudente; RESERVA_LEGAL=nao,0.036155202821869487,3
APP=nao; RESERVA_LEGAL=nao; UF=SP,0.036155202821869487,3
AREA=100-1000 ha; HIDROGRAFIA=sim; SERVIDAO_ADMINISTRATIVA=sim,0.036155202821869487,3
AREA=<4 ha; AREA_POUSIO=nao; STATUS=PE,0.036155202821869487,3
AREA_CONSOLIDADA=nao; USO_RESTRITO=nao; VEGETACAO_NATIVA=sim,0.036155202821869487,3
MOD_FISCAL=<1 módulo; SERVIDAO_ADMINISTRATIVA=sim; TIPO=IRU,0.036155202821869487,3
AREA_POUSIO=nao; MOD_FISCAL=<1 módulo; SERVIDAO_ADMINISTRATIVA=sim,0.036067019400352736,3
AREA_CONSOLIDADA=nao; STATUS=PE,0.03597883597883598,2
AREA_CONSOLIDADA=nao; MUNICIPIO=São Félix do Xingu; STATUS=PE,0.03597883597883598,3
AREA_CONSOLIDADA=nao; STATUS=PE; TIPO=IRU,0.03597883597883598,3
AREA_CONSOLIDADA=nao; STATUS=PE; UF=PA,0.03597883597883598,3
AREA_CONSOLIDADA=nao; STATUS=PE; USO_RESTRITO=nao,0.03597883597883598,3
MOD_FISCAL=1-4 módulos; RESERVA_LEGAL=sim; VEGETACAO_NATIVA=nao,0.03597883597883598,3
AREA=4-15 ha; RESERVA_LEGAL=nao; STATUS=AT,0.03589065255731922,3
AREA=4-15 ha; RESERVA_LEGAL=sim; STATUS=AT,0.03580246913580247,3
MOD_FISCAL=<1 módulo; SERVIDAO_ADMINISTRATIVA=sim; USO_RESTRITO=nao,0.03580246913580247,3
AREA_CONSOLIDADA=nao; AREA_POUSIO=nao; STATUS=PE,0.03562610229276896,3
MOD_FISCAL=4-10 módulos; RESERVA_LEGAL=sim; VEGETACAO_NATIVA=sim,0.035537918871252204,3
AREA_CONSOLIDADA=nao; SERVIDAO_ADMINISTRATIVA=nao; STATUS=PE,0.035361552028218696,3
MUNICIPIO=Presidente Prudente; RESERVA_LEGAL=nao; VEGETACAO_NATIVA=sim,0.03518518518518519,3
RESERVA_LEGAL=nao; UF=SP; VEGETACAO_NATIVA=sim,0.03518518518518519,3
AREA=4-15 ha; AREA_CONSOLIDADA=sim; STATUS=PE,0.03509700176366843,3
AREA_CONSOLIDADA=nao; MOD_FISCAL=<1 módulo; MUNICIPIO=São Félix do Xingu,0.03509700176366843,3
AREA_CONSOLIDADA=nao; MOD_FISCAL=<1 módulo; UF=PA,0.03509700176366843,3
APP=sim; MOD_FISCAL=4-10 módulos; VEGETACAO_NATIVA=sim,0.03492063492063492,3
APP=nao; AREA=<4 ha; STATUS=PE,0.03474426807760141,3
AREA_CONSOLIDADA=nao; RESERVA_LEGAL=sim,0.034656084656084656,2
AREA_CONSOLIDADA=nao; RESERVA_LEGAL=sim; TIPO=IRU,0.034656084656084656,3
MOD_FISCAL=4-10 módulos; RESERVA_LEGAL=sim; SERVIDAO_ADMINISTRATIVA=nao,0.034656084656084656,3
AREA_CONSOLIDADA=nao; AREA_POUSIO=nao; RESERVA_LEGAL=sim,0.0345679012345679,3
AREA_CONSOLIDADA=nao; RESERVA_LEGAL=sim; USO_RESTRITO=nao,0.0345679012345679,3
AREA=<4 ha; RESERVA_LEGAL=nao; STATUS=AT,0.03439153439153439,3
APP=sim; MOD_FISCAL=4-10 módulos; RESERVA_LEGAL=sim,0.03421516754850088,3
AREA=<4 ha; HIDROGRAFIA=nao; STATUS=PE,0.034126984126984124,3
APP=sim; MOD_FISCAL=4-10 módulos; SERVIDAO_ADMINISTRATIVA=nao,0.03403880070546737,3
AREA=100-1000 ha; RESERVA_LEGAL=nao; VEGETACAO_NATIVA=sim,0.03403880070546737,3
AREA=<4 ha; AREA_CONSOLIDADA=sim; MUNICIPIO=São Félix do Xingu,0.03403880070546737,3
AREA=<4 ha; AREA_CONSOLIDADA=sim; UF=PA,0.03403880070546737,3
AREA=100-1000 ha; HIDROGRAFIA=nao; VEGETACAO_NATIVA=nao,0.033950617283950615,3
AREA_CONSOLIDADA=nao; SERVIDAO_ADMINISTRATIVA=nao; VEGETACAO_NATIVA=sim,0.033950617283950615,3
MOD_FISCAL=4-10 módulos; SERVIDAO_ADMINISTRATIVA=nao; VEGETACAO_NATIVA=sim,0.033950617283950615,3
MOD_FISCAL=>=10 módulos; STATUS=PE,0.033862433862433865,2
AREA=100-1000 ha; RESERVA_LEGAL=sim; VEGETACAO_NATIVA=nao,0.033862433862433865,3
MOD_FISCAL=>=10 módulos; MUNICIPIO=São Félix do Xingu; STATUS=PE,0.033862433862433865,3
MOD_FISCAL=>=10 módulos; STATUS=PE; UF=PA,0.033862433862433865,3
MOD_FISCAL=1-4 módulos; MUNICIPIO=São Félix do Xingu; SERVIDAO_ADMINISTRATIVA=sim,0.03377425044091711,3
MOD_FISCAL=1-4 módulos; SERVIDAO_ADMINISTRATIVA=sim; UF=PA,0.03377425044091711,3
MOD_FISCAL=>=10 módulos; STATUS=PE; TIPO=IRU,0.03377425044091711,3
MOD_FISCAL=>=10 módulos; STATUS=PE; USO_RESTRITO=nao,0.03377425044091711,3
AREA_CONSOLIDADA=sim; MUNICIPIO=Presidente Prudente; VEGETACAO_NATIVA=nao,0.03368606701940035,3
AREA_CONSOLIDADA=sim; UF=SP; VEGETACAO_NATIVA=nao,0.03368606701940035,3
AREA=<4 ha; MUNICIPIO=Presidente Prudente,0.0335978835978836,2
AREA=<4 ha; UF=SP,0.0335978835978836,2
MOD_FISCAL=1-4 módulos; MUNICIPIO=Presidente Prudente,0.0335978835978836,2
MOD_FISCAL=1-4 módulos; UF=SP,0.0335978835978836,2
AREA=15-100 ha; MOD_FISCAL=1-4 módulos; MUNICIPIO=Presidente Prudente,0.0335978835978836,3
AREA=15-100 ha; MOD_FISCAL=1-4 módulos; UF=SP,0.0335978835978836,3
AREA=<4 ha; AREA_POUSIO=nao; MUNICIPIO=Presidente Prudente,0.0335978835978836,3
AREA=<4 ha; AREA_POUSIO=nao; UF=SP,0.0335978835978836,3
AREA=<4 ha; HIDROGRAFIA=nao; STATUS=AT,0.0335978835978836,3
AREA=<4 ha; MOD_FISCAL=<1 módulo; MUNICIPIO=Presidente Prudente,0.0335978835978836,3
AREA=<4 ha; MOD_FISCAL=<1 módulo; UF=SP,0.0335978835978836,3
AREA=<4 ha; MUNICIPIO=Presidente Prudente; TIPO=IRU,0.0335978835978836,3
AREA=<4 ha; MUNICIPIO=Presidente Prudente; UF=SP,0.0335978835978836,3
AREA=<4 ha; TIPO=IRU; UF=SP,0.0335978835978836,3
AREA_POUSIO=nao; MOD_FISCAL=1-4 módulos; MUNICIPIO=Presidente Prudente,0.0335978835978836,3
AREA_POUSIO=nao; MOD_FISCAL=1-4 módulos; UF=SP,0.0335978835978836,3
MOD_FISCAL=1-4 módulos; MUNICIPIO=Presidente Prudente; TIPO=IRU,0.0335978835978836,3
MOD_FISCAL=1-4 módulos; MUNICIPIO=Presidente Prudente; UF=SP,0.0335978835978836,3
MOD_FISCAL=1-4 módulos; TIPO=IRU; UF=SP,0.0335978835978836,3
AREA=<4 ha; MUNICIPIO=Presidente Prudente; STATUS=AT,0.03350970017636684,3
AREA=<4 ha; STATUS=AT; UF=SP,0.03350970017636684,3
MOD_FISCAL=1-4 módulos; MUNICIPIO=Presidente Prudente; STATUS=AT,0.03350970017636684,3
MOD_FISCAL=1-4 módulos; SERVIDAO_ADMINISTRATIVA=sim; VEGETACAO_NATIVA=sim,0.03350970017636684,3
MOD_FISCAL=1-4 módulos; STATUS=AT; UF=SP,0.03350970017636684,3
MOD_FISCAL=>=10 módulos; STATUS=AT,0.03342151675485009,2
HIDROGRAFIA=sim; MOD_FISCAL=4-10 módulos; VEGETACAO_NATIVA=sim,0.03342151675485009,3
AREA_CONSOLIDADA=sim; MOD_FISCAL=<1 módulo; SERVIDAO_ADMINISTRATIVA=sim,0.03333333333333333,3
AREA_POUSIO=nao; MOD_FISCAL=>=10 módulos; STATUS=AT,0.03333333333333333,3
AREA_POUSIO=nao; MOD_FISCAL=>=10 módulos; STATUS=PE,0.033245149911816575,3
APP=nao; AREA=100-1000 ha; VEGETACAO_NATIVA=nao,0.033156966490299825,3
AREA=>=1000 ha; RESERVA_LEGAL=sim; SERVIDAO_ADMINISTRATIVA=nao,0.033156966490299825,3
MOD_FISCAL=1-4 módulos; MUNICIPIO=Presidente Prudente; USO_RESTRITO=nao,0.033156966490299825,3
MOD_FISCAL=1-4 módulos; UF=SP; USO_RESTRITO=nao,0.033156966490299825,3
STATUS=SU,0.03306878306878307,1
AREA_POUSIO=nao; STATUS=SU,0.03306878306878307,2
MUNICIPIO=São Félix do Xingu; STATUS=SU,0.03306878306878307,2
STATUS=SU; UF=PA,0.03306878306878307,2
APP=sim; AREA=15-100 ha; SERVIDAO_ADMINISTRATIVA=sim,0.03306878306878307,3
AREA_POUSIO=nao; MUNICIPIO=São Félix do Xingu; STATUS=SU,0.03306878306878307,3
AREA_POUSIO=nao; STATUS=SU; UF=PA,0.03306878306878307,3
MUNICIPIO=São Félix do Xingu; STATUS=SU; UF=PA,0.03306878306878307,3
STATUS=SU; TIPO=IRU,0.032980599647266316,2
AREA_CONSOLIDADA=nao; SERVIDAO_ADMINISTRATIVA=nao; STATUS=AT,0.032980599647266316,3
AREA_POUSIO=nao; STATUS=SU; TIPO=IRU,0.032980599647266316,3
MOD_FISCAL=>=10 módulos; STATUS=AT; USO_RESTRITO=nao,0.032980599647266316,3
MUNICIPIO=São Félix do Xingu; STATUS=SU; TIPO=IRU,0.032980599647266316,3
STATUS=SU; TIPO=IRU; UF=PA,0.032980599647266316,3
AREA=4-15 ha; MUNICIPIO=São Félix do Xingu; VEGETACAO_NATIVA=nao,0.03289241622574956,3
AREA=4-15 ha; UF=PA; VEGETACAO_NATIVA=nao,0.03289241622574956,3
AREA=<4 ha; MUNICIPIO=Presidente Prudente; USO_RESTRITO=nao,0.03289241622574956,3
AREA=<4 ha; UF=SP; USO_RESTRITO=nao,0.03289241622574956,3
AREA_CONSOLIDADA=nao; RESERVA_LEGAL=sim; SERVIDAO_ADMINISTRATIVA=nao,0.03289241622574956,3
HIDROGRAFIA=sim; MOD_FISCAL=4-10 módulos; RESERVA_LEGAL=sim,0.03289241622574956,3
STATUS=SU; USO_RESTRITO=nao,0.0328042328042328,2
AREA_POUSIO=nao; STATUS=SU; USO_RESTRITO=nao,0.0328042328042328,3
MUNICIPIO=São Félix do Xingu; SERVIDAO_ADMINISTRATIVA=sim; STATUS=AT,0.0328042328042328,3
MUNICIPIO=São Félix do Xingu; STATUS=SU; USO_RESTRITO=nao,0.0328042328042328,3
SERVIDAO_ADMINISTRATIVA=sim; STATUS=AT; UF=PA,0.0328042328042328,3
STATUS=SU; UF=PA; USO_RESTRITO=nao,0.0328042328042328,3
AREA=4-15 ha; MUNICIPIO=São Félix do Xingu; RESERVA_LEGAL=nao,0.03271604938271605,3
AREA=4-15 ha; RESERVA_LEGAL=nao; UF=PA,0.03271604938271605,3
STATUS=SU; TIPO=IRU; USO_RESTRITO=nao,0.03271604938271605,3
APP=nao; AREA_CONSOLIDADA=nao; VEGETACAO_NATIVA=nao,0.03262786596119929,3
AREA=15-100 ha; HIDROGRAFIA=sim; SERVIDAO_ADMINISTRATIVA=sim,0.03262786596119929,3
AREA=>=1000 ha; SERVIDAO_ADMINISTRATIVA=nao; VEGETACAO_NATIVA=sim,0.03262786596119929,3
MOD_FISCAL=4-10 módulos; STATUS=PE,0.03253968253968254,2
AREA=100-1000 ha; MOD_FISCAL=4-10 módulos; STATUS=PE,0.03253968253968254,3
AREA_CONSOLIDADA=nao; HIDROGRAFIA=nao; VEGETACAO_NATIVA=nao,0.03253968253968254,3
MOD_FISCAL=4-10 módulos; MUNICIPIO=São Félix do Xingu; STATUS=PE,0.03253968253968254,3
MOD_FISCAL=4-10 módulos; STATUS=PE; TIPO=IRU,0.03253968253968254,3
MOD_FISCAL=4-10 módulos; STATUS=PE; UF=PA,0.03253968253968254,3
MOD_FISCAL=4-10 módulos; STATUS=PE; USO_RESTRITO=nao,0.03253968253968254,3
MOD_FISCAL=>=10 módulos; STATUS=AT; TIPO=IRU,0.03253968253968254,3
RESERVA_LEGAL=nao; SERVIDAO_ADMINISTRATIVA=sim,0.032451499118165784,2
APP=sim; AREA=>=1000 ha; SERVIDAO_ADMINISTRATIVA=nao,0.032451499118165784,3
AREA_POUSIO=nao; MOD_FISCAL=4-10 módulos; STATUS=PE,0.032451499118165784,3
HIDROGRAFIA=sim; MOD_FISCAL=4-10 módulos; SERVIDAO_ADMINISTRATIVA=nao,0.032451499118165784,3
RESERVA_LEGAL=nao; SERVIDAO_ADMINISTRATIVA=sim; TIPO=IRU,0.03236331569664903,3
APP=sim; AREA=4-15 ha; RESERVA_LEGAL=sim,0.032275132275132276,3
AREA_CONSOLIDADA=sim; MOD_FISCAL=>=10 módulos; STATUS=PE,0.032275132275132276,3
RESERVA_LEGAL=nao; SERVIDAO_ADMINISTRATIVA=sim; USO_RESTRITO=nao,0.032275132275132276,3
APP=nao; AREA=<4 ha; STATUS=AT,0.03218694885361552,3
AREA_CONSOLIDADA=nao; MOD_FISCAL=<1 módulo; VEGETACAO_NATIVA=nao,0.03218694885361552,3
AREA_POUSIO=nao; RESERVA_LEGAL=nao; SERVIDAO_ADMINISTRATIVA=sim,0.03218694885361552,3
HIDROGRAFIA=nao; MUNICIPIO=Presidente Prudente; VEGETACAO_NATIVA=nao,0.03218694885361552,3
HIDROGRAFIA=nao; UF=SP; VEGETACAO_NATIVA=nao,0.03218694885361552,3
SERVIDAO_ADMINISTRATIVA=sim; STATUS=PE; VEGETACAO_NATIVA=sim,0.03218694885361552,3
AREA_CONSOLIDADA=nao; HIDROGRAFIA=nao; RESERVA_LEGAL=nao,0.03209876543209877,3
APP=nao; AREA_CONSOLIDADA=nao; RESERVA_LEGAL=nao,0.03192239858906525,3
AREA=>=1000 ha; HIDROGRAFIA=sim; SERVIDAO_ADMINISTRATIVA=nao,0.031746031746031744,3
AREA_CONSOLIDADA=nao; MOD_FISCAL=<1 módulo; RESERVA_LEGAL=nao,0.031746031746031744,3
AREA=100-1000 ha; SERVIDAO_ADMINISTRATIVA=sim; VEGETACAO_NATIVA=sim,0.031657848324514994,3
MOD_FISCAL=>=10 módulos; MUNICIPIO=São Félix do Xingu; STATUS=AT,0.031569664902998236,3
MOD_FISCAL=>=10 módulos; STATUS=AT; UF=PA,0.031569664902998236,3
AREA=100-1000 ha; HIDROGRAFIA=nao; RESERVA_LEGAL=nao,0.031128747795414462,3
AREA=<4 ha; MUNICIPIO=Presidente Prudente; SERVIDAO_ADMINISTRATIVA=nao,0.031128747795414462,3
AREA=<4 ha; SERVIDAO_ADMINISTRATIVA=nao; UF=SP,0.031128747795414462,3
AREA_CONSOLIDADA=sim; MOD_FISCAL=4-10 módulos; STATUS=PE,0.031040564373897708,3
APP=nao; AREA_CONSOLIDADA=sim; MUNICIPIO=Presidente Prudente,0.030952380952380953,3
APP=nao; AREA_CONSOLIDADA=sim; UF=SP,0.030952380952380953,3
AREA_CONSOLIDADA=sim; STATUS=SU,0.030864197530864196,2
AREA_CONSOLIDADA=sim; AREA_POUSIO=nao; STATUS=SU,0.030864197530864196,3
AREA_CONSOLIDADA=sim; MUNICIPIO=São Félix do Xingu; STATUS=SU,0.030864197530864196,3
AREA_CONSOLIDADA=sim; STATUS=SU; UF=PA,0.030864197530864196,3
APP=sim; MOD_FISCAL=1-4 módulos; MUNICIPIO=Presidente Prudente,0.03077601410934744,3
APP=sim; MOD_FISCAL=1-4 módulos; UF=SP,0.03077601410934744,3
AREA_CONSOLIDADA=sim; STATUS=SU; TIPO=IRU,0.03077601410934744,3
APP=nao; AREA=100-1000 ha; RESERVA_LEGAL=nao,0.030599647266313933,3
AREA=4-15 ha; HIDROGRAFIA=nao; STATUS=PE,0.030599647266313933,3
AREA_CONSOLIDADA=sim; STATUS=SU; USO_RESTRITO=nao,0.030599647266313933,3
APP=nao; AREA=4-15 ha; STATUS=PE,0.03051146384479718,3
AREA_CONSOLIDADA=sim; MOD_FISCAL=>=10 módulos; STATUS=AT,0.03051146384479718,3
RESERVA_LEGAL=sim; SERVIDAO_ADMINISTRATIVA=sim; STATUS=PE,0.03042328042328042,3
APP=sim; HIDROGRAFIA=nao,0.030246913580246913,2
APP=sim; HIDROGRAFIA=nao; TIPO=IRU,0.030246913580246913,3
AREA_CONSOLIDADA=nao; MUNICIPIO=São Félix do Xingu; RESERVA_LEGAL=sim,0.030246913580246913,3
AREA_CONSOLIDADA=nao; RESERVA_LEGAL=sim; UF=PA,0.030246913580246913,3
APP=sim; AREA_POUSIO=nao; HIDROGRAFIA=nao,0.03015873015873016,3
APP=sim; HIDROGRAFIA=nao; USO_RESTRITO=nao,0.029982363315696647,3
AREA=4-15 ha; MUNICIPIO=Presidente Prudente; RESERVA_LEGAL=nao,0.029894179894179893,3
AREA=4-15 ha; MUNICIPIO=Presidente Prudente; RESERVA_LEGAL=sim,0.029894179894179893,3
AREA=4-15 ha; RESERVA_LEGAL=nao; UF=SP,0.029894179894179893,3
AREA=4-15 ha; RESERVA_LEGAL=sim; UF=SP,0.029894179894179893,3
AREA=100-1000 ha; RESERVA_LEGAL=sim; SERVIDAO_ADMINISTRATIVA=sim,0.02980599647266314,3
APP=nao; MUNICIPIO=Presidente Prudente; VEGETACAO_NATIVA=nao,0.029717813051146385,3
APP=nao; UF=SP; VEGETACAO_NATIVA=nao,0.029717813051146385,3
MOD_FISCAL=1-4 módulos; RESERVA_LEGAL=sim; SERVIDAO_ADMINISTRATIVA=sim,0.029717813051146385,3
APP=sim; MOD_FISCAL=>=10 módulos; STATUS=AT,0.02962962962962963,3
MOD_FISCAL=>=10 módulos; RESERVA_LEGAL=sim; STATUS=AT,0.02962962962962963,3
AREA=4-15 ha; HIDROGRAFIA=nao; STATUS=AT,0.029541446208112873,3
AREA=4-15 ha; HIDROGRAFIA=sim; RESERVA_LEGAL=sim,0.029541446208112873,3
AREA=<4 ha; STATUS=PE; VEGETACAO_NATIVA=nao,0.029541446208112873,3
AREA=15-100 ha; SERVIDAO_ADMINISTRATIVA=sim; VEGETACAO_NATIVA=sim,0.029365079365079365,3
AREA=<4 ha; STATUS=AT; VEGETACAO_NATIVA=nao,0.029365079365079365,3
HIDROGRAFIA=sim; MOD_FISCAL=1-4 módulos; MUNICIPIO=Presidente Prudente,0.029365079365079365,3
HIDROGRAFIA=sim; MOD_FISCAL=1-4 módulos; UF=SP,0.029365079365079365,3
HIDROGRAFIA=sim; MOD_FISCAL=>=10 módulos; STATUS=AT,0.029365079365079365,3
AREA_CONSOLIDADA=sim; MOD_FISCAL=1-4 módulos; MUNICIPIO=Presidente Prudente,0.029188712522045857,3
AREA_CONSOLIDADA=sim; MOD_FISCAL=1-4 módulos; UF=SP,0.029188712522045857,3
AREA_CONSOLIDADA=sim; RESERVA_LEGAL=nao; SERVIDAO_ADMINISTRATIVA=sim,0.029188712522045857,3
MOD_FISCAL=>=10 módulos; STATUS=AT; VEGETACAO_NATIVA=sim,0.029188712522045857,3
MOD_FISCAL=1-4 módulos; RESERVA_LEGAL=nao; STATUS=AT,0.0291005291005291,3
MOD_FISCAL=>=10 módulos; RESERVA_LEGAL=sim; STATUS=PE,0.028835978835978836,3
APP=sim; AREA_CONSOLIDADA=sim; HIDROGRAFIA=nao,0.028747795414462082,3
SERVIDAO_ADMINISTRATIVA=nao; STATUS=SU,0.028395061728395062,2
AREA_POUSIO=nao; SERVIDAO_ADMINISTRATIVA=nao; STATUS=SU,0.028395061728395062,3
MUNICIPIO=São Félix do Xingu; SERVIDAO_ADMINISTRATIVA=nao; STATUS=SU,0.028395061728395062,3
SERVIDAO_ADMINISTRATIVA=nao; STATUS=SU; UF=PA,0.028395061728395062,3
MOD_FISCAL=1-4 módulos; MUNICIPIO=Presidente Prudente; VEGETACAO_NATIVA=sim,0.028306878306878308,3
MOD_FISCAL=1-4 módulos; UF=SP; VEGETACAO_NATIVA=sim,0.028306878306878308,3
SERVIDAO_ADMINISTRATIVA=nao; STATUS=SU; TIPO=IRU,0.028306878306878308,3
SERVIDAO_ADMINISTRATIVA=nao; STATUS=SU; USO_RESTRITO=nao,0.02821869488536155,3
APP=sim; MOD_FISCAL=>=10 módulos; STATUS=PE,0.028130511463844796,3
APP=sim; HIDROGRAFIA=nao; SERVIDAO_ADMINISTRATIVA=nao,0.028042328042328042,3
MOD_FISCAL=4-10 módulos; SERVIDAO_ADMINISTRATIVA=nao; STATUS=PE,0.028042328042328042,3
AREA=15-100 ha; MUNICIPIO=Presidente Prudente; RESERVA_LEGAL=sim,0.027954144620811288,3
AREA=15-100 ha; RESERVA_LEGAL=sim; UF=SP,0.027954144620811288,3
HIDROGRAFIA=sim; MOD_FISCAL=>=10 módulos; STATUS=PE,0.027777777777777776,3
MOD_FISCAL=>=10 módulos; STATUS=PE; VEGETACAO_NATIVA=sim,0.027777777777777776,3
AREA=>=1000 ha; STATUS=AT,0.027689594356261022,2
AREA_CONSOLIDADA=nao; RESERVA_LEGAL=nao; VEGETACAO_NATIVA=nao,0.027689594356261022,3
AREA=>=1000 ha; STATUS=AT; USO_RESTRITO=nao,0.027513227513227514,3
AREA=>=1000 ha; MUNICIPIO=São Félix do Xingu; STATUS=AT,0.027248677248677248,3
AREA=>=1000 ha; STATUS=AT; UF=PA,0.027248677248677248,3
AREA=>=1000 ha; AREA_POUSIO=nao; STATUS=AT,0.02707231040564374,3
APP=nao; AREA_CONSOLIDADA=nao; STATUS=PE,0.026895943562610228,3
APP=sim; MOD_FISCAL=<1 módulo; SERVIDAO_ADMINISTRATIVA=sim,0.026895943562610228,3
AREA_CONSOLIDADA=nao; MOD_FISCAL=<1 módulo; STATUS=PE,0.026807760141093474,3
MUNICIPIO=Presidente Prudente; SERVIDAO_ADMINISTRATIVA=sim,0.02671957671957672,2
SERVIDAO_ADMINISTRATIVA=sim; UF=SP,0.02671957671957672,2
AREA=15-100 ha; MUNICIPIO=São Félix do Xingu; SERVIDAO_ADMINISTRATIVA=sim,0.02671957671957672,3
AREA=15-100 ha; SERVIDAO_ADMINISTRATIVA=sim; UF=PA,0.02671957671957672,3
AREA_CONSOLIDADA=nao; HIDROGRAFIA=nao; STATUS=PE,0.02671957671957672,3
AREA_POUSIO=nao; MUNICIPIO=Presidente Prudente; SERVIDAO_ADMINISTRATIVA=sim,0.02671957671957672,3
AREA_POUSIO=nao; SERVIDAO_ADMINISTRATIVA=sim; UF=SP,0.02671957671957672,3
MUNICIPIO=Presidente Prudente; SERVIDAO_ADMINISTRATIVA=sim; UF=SP,0.02671957671957672,3
AREA=<4 ha; AREA_CONSOLIDADA=sim; MUNICIPIO=Presidente Prudente,0.026631393298059965,3
AREA=<4 ha; AREA_CONSOLIDADA=sim; UF=SP,0.026631393298059965,3
MUNICIPIO=Presidente Prudente; SERVIDAO_ADMINISTRATIVA=sim; TIPO=IRU,0.026631393298059965,3
SERVIDAO_ADMINISTRATIVA=sim; TIPO=IRU; UF=SP,0.026631393298059965,3
APP=sim; AREA_CONSOLIDADA=nao,0.02654320987654321,2
APP=sim; AREA_CONSOLIDADA=nao; TIPO=IRU,0.02654320987654321,3
APP=sim; AREA_CONSOLIDADA=nao; AREA_POUSIO=nao,0.026455026455026454,3
MUNICIPIO=Presidente Prudente; SERVIDAO_ADMINISTRATIVA=sim; STATUS=AT,0.026455026455026454,3
SERVIDAO_ADMINISTRATIVA=sim; STATUS=AT; UF=SP,0.026455026455026454,3
APP=sim; AREA_CONSOLIDADA=nao; USO_RESTRITO=nao,0.0263668430335097,3
AREA=4-15 ha; RESERVA_LEGAL=nao; STATUS=PE,0.0263668430335097,3
AREA=<4 ha; RESERVA_LEGAL=nao; STATUS=PE,0.0263668430335097,3
AREA_CONSOLIDADA=nao; MUNICIPIO=São Félix do Xingu; VEGETACAO_NATIVA=sim,0.0263668430335097,3
AREA_CONSOLIDADA=nao; UF=PA; VEGETACAO_NATIVA=sim,0.0263668430335097,3
AREA_CONSOLIDADA=sim; SERVIDAO_ADMINISTRATIVA=nao; STATUS=SU,0.02619047619047619,3
MOD_FISCAL=>=10 módulos; SERVIDAO_ADMINISTRATIVA=nao; STATUS=PE,0.02619047619047619,3
AREA_CONSOLIDADA=nao; HIDROGRAFIA=sim,0.026102292768959437,2
AREA=>=1000 ha; MOD_FISCAL=>=10 módulos; STATUS=AT,0.026102292768959437,3
AREA_CONSOLIDADA=nao; AREA_POUSIO=nao; HIDROGRAFIA=sim,0.026102292768959437,3
AREA_CONSOLIDADA=nao; HIDROGRAFIA=sim; TIPO=IRU,0.026102292768959437,3
MUNICIPIO=Presidente Prudente; SERVIDAO_ADMINISTRATIVA=sim; USO_RESTRITO=nao,0.026102292768959437,3
SERVIDAO_ADMINISTRATIVA=sim; UF=SP; USO_RESTRITO=nao,0.026102292768959437,3
AREA=4-15 ha; STATUS=PE; VEGETACAO_NATIVA=nao,0.02601410934744268,3
AREA_CONSOLIDADA=nao; HIDROGRAFIA=sim; USO_RESTRITO=nao,0.025925925925925925,3
AREA_CONSOLIDADA=nao; MUNICIPIO=São Félix do Xingu; VEGETACAO_NATIVA=nao,0.025925925925925925,3
AREA_CONSOLIDADA=nao; UF=PA; VEGETACAO_NATIVA=nao,0.025925925925925925,3
AREA=15-100 ha; RESERVA_LEGAL=sim; SERVIDAO_ADMINISTRATIVA=sim,0.025661375661375663,3
MOD_FISCAL=1-4 módulos; MUNICIPIO=Presidente Prudente; SERVIDAO_ADMINISTRATIVA=nao,0.02548500881834215,3
MOD_FISCAL=1-4 módulos; SERVIDAO_ADMINISTRATIVA=nao; UF=SP,0.02548500881834215,3
HIDROGRAFIA=sim; MOD_FISCAL=<1 módulo; SERVIDAO_ADMINISTRATIVA=sim,0.025396825396825397,3
AREA=>=1000 ha; AREA_CONSOLIDADA=sim; STATUS=AT,0.02522045855379189,3
AREA=>=1000 ha; STATUS=AT; TIPO=IRU,0.02522045855379189,3
APP=sim; HIDROGRAFIA=nao; VEGETACAO_NATIVA=sim,0.02513227513227513,3
APP=nao; AREA=4-15 ha; STATUS=AT,0.025044091710758377,3
APP=sim; AREA_CONSOLIDADA=nao; HIDROGRAFIA=sim,0.025044091710758377,3
AREA=>=1000 ha; RESERVA_LEGAL=sim; STATUS=AT,0.024955908289241623,3
AREA_CONSOLIDADA=nao; MOD_FISCAL=<1 módulo; STATUS=AT,0.024779541446208114,3
AREA=4-15 ha; STATUS=AT; VEGETACAO_NATIVA=nao,0.024603174603174603,3
APP=sim; AREA=>=1000 ha; STATUS=AT,0.02451499118165785,3
APP=sim; RESERVA_LEGAL=nao; SERVIDAO_ADMINISTRATIVA=sim,0.024426807760141094,3
AREA=>=1000 ha; STATUS=AT; VEGETACAO_NATIVA=sim,0.024426807760141094,3
AREA=100-1000 ha; MOD_FISCAL=1-4 módulos; SERVIDAO_ADMINISTRATIVA=sim,0.02433862433862434,3
AREA=<4 ha; MUNICIPIO=Presidente Prudente; RESERVA_LEGAL=nao,0.02433862433862434,3
AREA=<4 ha; RESERVA_LEGAL=nao; UF=SP,0.02433862433862434,3
AREA=>=1000 ha; HIDROGRAFIA=sim; STATUS=AT,0.02433862433862434,3
SERVIDAO_ADMINISTRATIVA=sim; VEGETACAO_NATIVA=nao,0.024074074074074074,2
SERVIDAO_ADMINISTRATIVA=sim; TIPO=IRU; VEGETACAO_NATIVA=nao,0.024074074074074074,3
SERVIDAO_ADMINISTRATIVA=sim; USO_RESTRITO=nao; VEGETACAO_NATIVA=nao,0.024074074074074074,3
AREA=<4 ha; VEGETACAO_NATIVA=sim,0.02398589065255732,2
AREA=>=1000 ha; STATUS=PE,0.02398589065255732,2
APP=sim; HIDROGRAFIA=nao; RESERVA_LEGAL=sim,0.02398589065255732,3
AREA=<4 ha; AREA_POUSIO=nao; VEGETACAO_NATIVA=sim,0.02398589065255732,3
AREA=<4 ha; MOD_FISCAL=<1 módulo; VEGETACAO_NATIVA=sim,0.02398589065255732,3
AREA=<4 ha; TIPO=IRU; VEGETACAO_NATIVA=sim,0.02398589065255732,3
AREA=>=1000 ha; MOD_FISCAL=>=10 módulos; STATUS=PE,0.02398589065255732,3
AREA=>=1000 ha; MUNICIPIO=São Félix do Xingu; STATUS=PE,0.02398589065255732,3
AREA=>=1000 ha; STATUS=PE; UF=PA,0.02398589065255732,3
AREA=>=1000 ha; STATUS=PE; TIPO=IRU,0.023897707231040566,3
AREA=>=1000 ha; STATUS=PE; USO_RESTRITO=nao,0.023897707231040566,3
AREA_POUSIO=nao; SERVIDAO_ADMINISTRATIVA=sim; VEGETACAO_NATIVA=nao,0.023897707231040566,3
HIDROGRAFIA=sim; RESERVA_LEGAL=nao; SERVIDAO_ADMINISTRATIVA=sim,0.023897707231040566,3
APP=sim; AREA_CONSOLIDADA=nao; SERVIDAO_ADMINISTRATIVA=nao,0.023721340388007054,3
AREA=>=1000 ha; AREA_POUSIO=nao; STATUS=PE,0.0236331569664903,3
AREA_CONSOLIDADA=nao; RESERVA_LEGAL=nao; STATUS=AT,0.0236331569664903,3
MOD_FISCAL=4-10 módulos; RESERVA_LEGAL=sim; STATUS=PE,0.0236331569664903,3
AREA=<4 ha; USO_RESTRITO=nao; VEGETACAO_NATIVA=sim,0.02345679012345679,3
APP=sim; AREA=4-15 ha; RESERVA_LEGAL=nao,0.023368606701940034,3
AREA_CONSOLIDADA=nao; HIDROGRAFIA=sim; SERVIDAO_ADMINISTRATIVA=nao,0.023368606701940034,3
MOD_FISCAL=<1 módulo; SERVIDAO_ADMINISTRATIVA=sim; VEGETACAO_NATIVA=sim,0.023368606701940034,3
AREA_CONSOLIDADA=nao; MUNICIPIO=Presidente Prudente,0.02328042328042328,2
AREA_CONSOLIDADA=nao; UF=SP,0.02328042328042328,2
AREA_CONSOLIDADA=nao; AREA_POUSIO=nao; MUNICIPIO=Presidente Prudente,0.02328042328042328,3
AREA_CONSOLIDADA=nao; AREA_POUSIO=nao; UF=SP,0.02328042328042328,3
AREA_CONSOLIDADA=nao; MUNICIPIO=Presidente Prudente; STATUS=AT,0.02328042328042328,3
AREA_CONSOLIDADA=nao; MUNICIPIO=Presidente Prudente; TIPO=IRU,0.02328042328042328,3
AREA_CONSOLIDADA=nao; MUNICIPIO=Presidente Prudente; UF=SP,0.02328042328042328,3
AREA_CONSOLIDADA=nao; STATUS=AT; UF=SP,0.02328042328042328,3
AREA_CONSOLIDADA=nao; TIPO=IRU; UF=SP,0.02328042328042328,3
AREA_CONSOLIDADA=nao; RESERVA_LEGAL=sim; VEGETACAO_NATIVA=sim,0.023192239858906526,3
AREA=15-100 ha; MUNICIPIO=Presidente Prudente; RESERVA_LEGAL=nao,0.023015873015873017,3
AREA=15-100 ha; RESERVA_LEGAL=nao; UF=SP,0.023015873015873017,3
AREA=<4 ha; AREA_CONSOLIDADA=sim; STATUS=PE,0.023015873015873017,3
AREA_CONSOLIDADA=sim; MUNICIPIO=Presidente Prudente; SERVIDAO_ADMINISTRATIVA=sim,0.023015873015873017,3
AREA_CONSOLIDADA=sim; SERVIDAO_ADMINISTRATIVA=sim; UF=SP,0.023015873015873017,3
AREA=15-100 ha; AREA_CONSOLIDADA=nao,0.02292768959435626,2
APP=sim; MOD_FISCAL=4-10 módulos; STATUS=PE,0.02292768959435626,3
AREA=15-100 ha; AREA_CONSOLIDADA=nao; TIPO=IRU,0.02292768959435626,3
AREA=>=1000 ha; AREA_CONSOLIDADA=sim; STATUS=PE,0.02292768959435626,3
AREA=15-100 ha; AREA_CONSOLIDADA=nao; AREA_POUSIO=nao,0.022839506172839506,3
AREA=<4 ha; SERVIDAO_ADMINISTRATIVA=nao; VEGETACAO_NATIVA=sim,0.022839506172839506,3
AREA_CONSOLIDADA=nao; MUNICIPIO=Presidente Prudente; USO_RESTRITO=nao,0.022839506172839506,3
AREA_CONSOLIDADA=nao; UF=SP; USO_RESTRITO=nao,0.022839506172839506,3
AREA=<4 ha; AREA_CONSOLIDADA=nao,0.02275132275132275,2
AREA=15-100 ha; AREA_CONSOLIDADA=nao; USO_RESTRITO=nao,0.02275132275132275,3
AREA=<4 ha; AREA_CONSOLIDADA=nao; MOD_FISCAL=<1 módulo,0.02275132275132275,3
AREA=<4 ha; AREA_CONSOLIDADA=nao; TIPO=IRU,0.02275132275132275,3
AREA=<4 ha; AREA_CONSOLIDADA=nao; USO_RESTRITO=nao,0.02275132275132275,3
AREA=<4 ha; AREA_CONSOLIDADA=nao; AREA_POUSIO=nao,0.022486772486772486,3
MOD_FISCAL=<1 módulo; SERVIDAO_ADMINISTRATIVA=sim; STATUS=AT,0.022310405643738977,3
AREA=<4 ha; RESERVA_LEGAL=sim,0.02204585537918871,2
APP=sim; MUNICIPIO=Presidente Prudente; SERVIDAO_ADMINISTRATIVA=sim,0.02204585537918871,3
APP=sim; SERVIDAO_ADMINISTRATIVA=sim; UF=SP,0.02204585537918871,3
AREA=<4 ha; AREA_CONSOLIDADA=nao; SERVIDAO_ADMINISTRATIVA=nao,0.02204585537918871,3
AREA=<4 ha; AREA_POUSIO=nao; RESERVA_LEGAL=sim,0.02204585537918871,3
AREA=<4 ha; HIDROGRAFIA=nao; MUNICIPIO=Presidente Prudente,0.02204585537918871,3
AREA=<4 ha; HIDROGRAFIA=nao; UF=SP,0.02204585537918871,3
AREA=<4 ha; MOD_FISCAL=<1 módulo; RESERVA_LEGAL=sim,0.02204585537918871,3
AREA=<4 ha; RESERVA_LEGAL=sim; TIPO=IRU,0.02204585537918871,3
AREA_CONSOLIDADA=nao; MUNICIPIO=São Félix do Xingu; RESERVA_LEGAL=nao,0.02204585537918871,3
AREA_CONSOLIDADA=nao; RESERVA_LEGAL=nao; UF=PA,0.02204585537918871,3
MOD_FISCAL=4-10 módulos; STATUS=PE; VEGETACAO_NATIVA=sim,0.021957671957671957,3
APP=sim; STATUS=SU,0.02178130511463845,2
APP=sim; AREA_POUSIO=nao; STATUS=SU,0.02178130511463845,3
APP=sim; MUNICIPIO=São Félix do Xingu; STATUS=SU,0.02178130511463845,3
APP=sim; STATUS=SU; TIPO=IRU,0.02178130511463845,3
APP=sim; STATUS=SU; UF=PA,0.02178130511463845,3
AREA=4-15 ha; HIDROGRAFIA=nao; MUNICIPIO=Presidente Prudente,0.02178130511463845,3
AREA=4-15 ha; HIDROGRAFIA=nao; UF=SP,0.02178130511463845,3
AREA=4-15 ha; HIDROGRAFIA=nao; VEGETACAO_NATIVA=sim,0.021693121693121695,3
HIDROGRAFIA=sim; MOD_FISCAL=4-10 módulos; STATUS=PE,0.021693121693121695,3
MOD_FISCAL=1-4 módulos; STATUS=AT; VEGETACAO_NATIVA=nao,0.021693121693121695,3
APP=sim; HIDROGRAFIA=nao; MUNICIPIO=São Félix do Xingu,0.021516754850088183,3
APP=sim; HIDROGRAFIA=nao; UF=PA,0.021516754850088183,3
APP=sim; STATUS=SU; USO_RESTRITO=nao,0.021516754850088183,3
AREA=4-15 ha; HIDROGRAFIA=sim; RESERVA_LEGAL=nao,0.021516754850088183,3
AREA=<4 ha; RESERVA_LEGAL=sim; SERVIDAO_ADMINISTRATIVA=nao,0.021516754850088183,3
AREA=<4 ha; RESERVA_LEGAL=sim; USO_RESTRITO=nao,0.021516754850088183,3
AREA_CONSOLIDADA=sim; SERVIDAO_ADMINISTRATIVA=sim; VEGETACAO_NATIVA=nao,0.021516754850088183,3
AREA=15-100 ha; MOD_FISCAL=<1 módulo; SERVIDAO_ADMINISTRATIVA=sim,0.02142857142857143,3
MUNICIPIO=Presidente Prudente; SERVIDAO_ADMINISTRATIVA=sim; VEGETACAO_NATIVA=sim,0.02142857142857143,3
SERVIDAO_ADMINISTRATIVA=sim; UF=SP; VEGETACAO_NATIVA=sim,0.02142857142857143,3
AREA=15-100 ha; AREA_CONSOLIDADA=nao; SERVIDAO_ADMINISTRATIVA=nao,0.021340388007054675,3
AREA_CONSOLIDADA=nao; HIDROGRAFIA=nao; STATUS=AT,0.02125220458553792,3
AREA=100-1000 ha; SERVIDAO_ADMINISTRATIVA=sim; STATUS=PE,0.021164021164021163,3
AREA=15-100 ha; SERVIDAO_ADMINISTRATIVA=sim; STATUS=AT,0.021164021164021163,3
MOD_FISCAL=>=10 módulos; SERVIDAO_ADMINISTRATIVA=sim,0.02107583774250441,2
AREA_POUSIO=nao; MOD_FISCAL=>=10 módulos; SERVIDAO_ADMINISTRATIVA=sim,0.02107583774250441,3
MOD_FISCAL=>=10 módulos; SERVIDAO_ADMINISTRATIVA=nao; STATUS=AT,0.02107583774250441,3
MOD_FISCAL=>=10 módulos; SERVIDAO_ADMINISTRATIVA=sim; TIPO=IRU,0.02107583774250441,3
HIDROGRAFIA=sim; STATUS=SU,0.020987654320987655,2
AREA_POUSIO=nao; HIDROGRAFIA=sim; STATUS=SU,0.020987654320987655,3
HIDROGRAFIA=sim; MUNICIPIO=São Félix do Xingu; STATUS=SU,0.020987654320987655,3
HIDROGRAFIA=sim; STATUS=SU; TIPO=IRU,0.020987654320987655,3
HIDROGRAFIA=sim; STATUS=SU; UF=PA,0.020987654320987655,3
APP=nao; AREA=<4 ha; AREA_CONSOLIDADA=nao,0.0208994708994709,3
APP=sim; AREA_CONSOLIDADA=sim; STATUS=SU,0.0208994708994709,3
APP=sim; HIDROGRAFIA=sim; STATUS=SU,0.0208994708994709,3
AREA=<4 ha; AREA_CONSOLIDADA=nao; HIDROGRAFIA=nao,0.0208994708994709,3
APP=nao; AREA_CONSOLIDADA=nao; STATUS=AT,0.020811287477954146,3
APP=sim; MOD_FISCAL=>=10 módulos; SERVIDAO_ADMINISTRATIVA=sim,0.02072310405643739,3
HIDROGRAFIA=sim; STATUS=SU; USO_RESTRITO=nao,0.02072310405643739,3
HIDROGRAFIA=sim; MOD_FISCAL=>=10 módulos; SERVIDAO_ADMINISTRATIVA=sim,0.020634920634920634,3
MOD_FISCAL=>=10 módulos; SERVIDAO_ADMINISTRATIVA=sim; USO_RESTRITO=nao,0.020634920634920634,3
APP=nao; AREA=<4 ha; MUNICIPIO=Presidente Prudente,0.020458553791887126,3
APP=nao; AREA=<4 ha; UF=SP,0.020458553791887126,3
AREA_CONSOLIDADA=sim; MOD_FISCAL=>=10 módulos; SERVIDAO_ADMINISTRATIVA=sim,0.020370370370370372,3
AREA=>=1000 ha; RESERVA_LEGAL=sim; STATUS=PE,0.020282186948853614,3
AREA_CONSOLIDADA=nao; MOD_FISCAL=<1 módulo; RESERVA_LEGAL=sim,0.020282186948853614,3
AREA_CONSOLIDADA=sim; HIDROGRAFIA=sim; STATUS=SU,0.020282186948853614,3
AREA_CONSOLIDADA=nao; STATUS=PE; VEGETACAO_NATIVA=nao,0.02019400352733686,3
HIDROGRAFIA=sim; MUNICIPIO=Presidente Prudente; SERVIDAO_ADMINISTRATIVA=sim,0.02019400352733686,3
HIDROGRAFIA=sim; SERVIDAO_ADMINISTRATIVA=sim; UF=SP,0.02019400352733686,3
MOD_FISCAL=1-4 módulos; SERVIDAO_ADMINISTRATIVA=sim; STATUS=PE,0.02019400352733686,3
STATUS=SU; VEGETACAO_NATIVA=sim,0.020105820105820106,2
AREA_POUSIO=nao; STATUS=SU; VEGETACAO_NATIVA=sim,0.020105820105820106,3
MOD_FISCAL=<1 módulo; MUNICIPIO=São Félix do Xingu; SERVIDAO_ADMINISTRATIVA=sim,0.020105820105820106,3
MOD_FISCAL=<1 módulo; SERVIDAO_ADMINISTRATIVA=sim; UF=PA,0.020105820105820106,3
MUNICIPIO=São Félix do Xingu; STATUS=SU; VEGETACAO_NATIVA=sim,0.020105820105820106,3
STATUS=SU; TIPO=IRU; VEGETACAO_NATIVA=sim,0.020105820105820106,3
STATUS=SU; UF=PA; VEGETACAO_NATIVA=sim,0.020105820105820106,3
APP=sim; AREA_CONSOLIDADA=nao; VEGETACAO_NATIVA=sim,0.020017636684303352,3
MOD_FISCAL=>=10 módulos; MUNICIPIO=São Félix do Xingu; SERVIDAO_ADMINISTRATIVA=sim,0.020017636684303352,3
MOD_FISCAL=>=10 módulos; SERVIDAO_ADMINISTRATIVA=sim; UF=PA,0.020017636684303352,3
AREA=>=1000 ha; STATUS=PE; VEGETACAO_NATIVA=sim,0.019929453262786598,3
AREA=100-1000 ha; STATUS=SU,0.01984126984126984,2
APP=sim; AREA=>=1000 ha; STATUS=PE,0.01984126984126984,3
AREA=100-1000 ha; AREA_POUSIO=nao; STATUS=SU,0.01984126984126984,3
AREA=100-1000 ha; MUNICIPIO=São Félix do Xingu; STATUS=SU,0.01984126984126984,3
AREA=100-1000 ha; STATUS=SU; TIPO=IRU,0.01984126984126984,3
AREA=100-1000 ha; STATUS=SU; UF=PA,0.01984126984126984,3
AREA_CONSOLIDADA=nao; MOD_FISCAL=<1 módulo; VEGETACAO_NATIVA=sim,0.01984126984126984,3
HIDROGRAFIA=nao; MOD_FISCAL=1-4 módulos; STATUS=AT,0.01984126984126984,3
MOD_FISCAL=>=10 módulos; SERVIDAO_ADMINISTRATIVA=sim; VEGETACAO_NATIVA=sim,0.01984126984126984,3
STATUS=SU; USO_RESTRITO=nao; VEGETACAO_NATIVA=sim,0.01984126984126984,3
AREA_CONSOLIDADA=nao; RESERVA_LEGAL=sim; STATUS=PE,0.019753086419753086,3
MOD_FISCAL=1-4 módulos; SERVIDAO_ADMINISTRATIVA=sim; STATUS=AT,0.019753086419753086,3
AREA=100-1000 ha; STATUS=SU; USO_RESTRITO=nao,0.019664902998236332,3
MOD_FISCAL=>=10 módulos; RESERVA_LEGAL=sim; SERVIDAO_ADMINISTRATIVA=sim,0.019664902998236332,3
MUNICIPIO=São Félix do Xingu; RESERVA_LEGAL=nao; SERVIDAO_ADMINISTRATIVA=sim,0.019664902998236332,3
RESERVA_LEGAL=nao; SERVIDAO_ADMINISTRATIVA=sim; UF=PA,0.019664902998236332,3
AREA_CONSOLIDADA=nao; MUNICIPIO=Presidente Prudente; SERVIDAO_ADMINISTRATIVA=nao,0.019576719576719578,3
AREA_CONSOLIDADA=nao; SERVIDAO_ADMINISTRATIVA=nao; UF=SP,0.019576719576719578,3
MOD_FISCAL=1-4 módulos; MUNICIPIO=Presidente Prudente; RESERVA_LEGAL=sim,0.019576719576719578,3
MOD_FISCAL=1-4 módulos; RESERVA_LEGAL=sim; UF=SP,0.019576719576719578,3
MOD_FISCAL=<1 módulo; RESERVA_LEGAL=sim; SERVIDAO_ADMINISTRATIVA=sim,0.019576719576719578,3
AREA=>=1000 ha; HIDROGRAFIA=sim; STATUS=PE,0.019488536155202824,3
AREA_CONSOLIDADA=nao; HIDROGRAFIA=sim; VEGETACAO_NATIVA=sim,0.019488536155202824,3
AREA_CONSOLIDADA=nao; STATUS=AT; VEGETACAO_NATIVA=sim,0.019488536155202824,3
HIDROGRAFIA=nao; MUNICIPIO=Presidente Prudente; VEGETACAO_NATIVA=sim,0.019488536155202824,3
HIDROGRAFIA=nao; UF=SP; VEGETACAO_NATIVA=sim,0.019488536155202824,3
AREA=4-15 ha; HIDROGRAFIA=nao; RESERVA_LEGAL=sim,0.019400352733686066,3
APP=sim; HIDROGRAFIA=nao; STATUS=PE,0.019312169312169312,3
RESERVA_LEGAL=sim; STATUS=AT; VEGETACAO_NATIVA=nao,0.019312169312169312,3
AREA=100-1000 ha; MOD_FISCAL=>=10 módulos,0.019135802469135803,2
AREA=100-1000 ha; MOD_FISCAL=>=10 módulos; TIPO=IRU,0.019135802469135803,3
AREA=4-15 ha; MUNICIPIO=São Félix do Xingu; RESERVA_LEGAL=sim,0.01904761904761905,3
AREA=4-15 ha; RESERVA_LEGAL=sim; UF=PA,0.01904761904761905,3
AREA=<4 ha; MUNICIPIO=Presidente Prudente; VEGETACAO_NATIVA=nao,0.01895943562610229,3
AREA=<4 ha; UF=SP; VEGETACAO_NATIVA=nao,0.01895943562610229,3
AREA_CONSOLIDADA=sim; STATUS=SU; VEGETACAO_NATIVA=sim,0.01895943562610229,3
MOD_FISCAL=4-10 módulos; STATUS=AT,0.018871252204585538,2
AREA=4-15 ha; MUNICIPIO=São Félix do Xingu; VEGETACAO_NATIVA=sim,0.018871252204585538,3
AREA=4-15 ha; UF=PA; VEGETACAO_NATIVA=sim,0.018871252204585538,3
AREA_CONSOLIDADA=nao; MUNICIPIO=Presidente Prudente; RESERVA_LEGAL=nao,0.018871252204585538,3
AREA_CONSOLIDADA=nao; RESERVA_LEGAL=nao; UF=SP,0.018871252204585538,3
AREA_POUSIO=nao; MOD_FISCAL=4-10 módulos; STATUS=AT,0.018871252204585538,3
MOD_FISCAL=4-10 módulos; STATUS=AT; TIPO=IRU,0.018871252204585538,3
AREA=100-1000 ha; AREA_POUSIO=nao; MOD_FISCAL=>=10 módulos,0.018783068783068783,3
AREA=100-1000 ha; MOD_FISCAL=>=10 módulos; USO_RESTRITO=nao,0.018783068783068783,3
MOD_FISCAL=4-10 módulos; STATUS=AT; USO_RESTRITO=nao,0.018783068783068783,3
MUNICIPIO=São Félix do Xingu; SERVIDAO_ADMINISTRATIVA=sim; VEGETACAO_NATIVA=nao,0.018783068783068783,3
SERVIDAO_ADMINISTRATIVA=sim; UF=PA; VEGETACAO_NATIVA=nao,0.018783068783068783,3
AREA=100-1000 ha; AREA_CONSOLIDADA=sim; STATUS=SU,0.01869488536155203,3
APP=nao; AREA=4-15 ha; VEGETACAO_NATIVA=sim,0.01860670194003527,3
AREA=4-15 ha; RESERVA_LEGAL=nao; VEGETACAO_NATIVA=sim,0.018518518518518517,3
AREA=>=1000 ha; SERVIDAO_ADMINISTRATIVA=nao; STATUS=PE,0.018518518518518517,3
APP=nao; MOD_FISCAL=1-4 módulos; STATUS=AT,0.018077601410934743,3
AREA=4-15 ha; MUNICIPIO=Presidente Prudente; VEGETACAO_NATIVA=nao,0.018077601410934743,3
AREA=4-15 ha; UF=SP; VEGETACAO_NATIVA=nao,0.018077601410934743,3
AREA=100-1000 ha; AREA_CONSOLIDADA=sim; MOD_FISCAL=>=10 módulos,0.01798941798941799,3
AREA_CONSOLIDADA=nao; STATUS=AT; VEGETACAO_NATIVA=nao,0.017901234567901235,3
AREA=<4 ha; AREA_CONSOLIDADA=sim; VEGETACAO_NATIVA=sim,0.01781305114638448,3
APP=sim; SERVIDAO_ADMINISTRATIVA=nao; STATUS=SU,0.017724867724867723,3
AREA=100-1000 ha; MOD_FISCAL=4-10 módulos; STATUS=AT,0.017724867724867723,3
AREA=100-1000 ha; MOD_FISCAL=>=10 módulos; MUNICIPIO=São Félix do Xingu,0.017724867724867723,3
AREA=100-1000 ha; MOD_FISCAL=>=10 módulos; UF=PA,0.017724867724867723,3
AREA=>=1000 ha; SERVIDAO_ADMINISTRATIVA=nao; STATUS=AT,0.017724867724867723,3
AREA=15-100 ha; SERVIDAO_ADMINISTRATIVA=sim; STATUS=PE,0.01763668430335097,3
APP=sim; AREA_CONSOLIDADA=nao; RESERVA_LEGAL=sim,0.017548500881834215,3
AREA=15-100 ha; MOD_FISCAL=1-4 módulos; SERVIDAO_ADMINISTRATIVA=sim,0.017548500881834215,3
AREA_CONSOLIDADA=nao; HIDROGRAFIA=nao; RESERVA_LEGAL=sim,0.017372134038800707,3
RESERVA_LEGAL=sim; STATUS=SU,0.01728395061728395,2
APP=nao; AREA=4-15 ha; MUNICIPIO=Presidente Prudente,0.01728395061728395,3
APP=nao; AREA=4-15 ha; UF=SP,0.01728395061728395,3
AREA_CONSOLIDADA=nao; HIDROGRAFIA=sim; RESERVA_LEGAL=sim,0.01728395061728395,3
AREA_POUSIO=nao; RESERVA_LEGAL=sim; STATUS=SU,0.01728395061728395,3
MUNICIPIO=São Félix do Xingu; RESERVA_LEGAL=sim; STATUS=SU,0.01728395061728395,3
RESERVA_LEGAL=sim; STATUS=SU; TIPO=IRU,0.01728395061728395,3
RESERVA_LEGAL=sim; STATUS=SU; UF=PA,0.01728395061728395,3
APP=sim; MUNICIPIO=Presidente Prudente; VEGETACAO_NATIVA=nao,0.017195767195767195,3
APP=sim; UF=SP; VEGETACAO_NATIVA=nao,0.017195767195767195,3
APP=nao; AREA_CONSOLIDADA=nao; RESERVA_LEGAL=sim,0.01710758377425044,3
RESERVA_LEGAL=sim; STATUS=SU; USO_RESTRITO=nao,0.01710758377425044,3
AREA=<4 ha; STATUS=AT; VEGETACAO_NATIVA=sim,0.017019400352733687,3
APP=sim; HIDROGRAFIA=nao; MOD_FISCAL=<1 módulo,0.016931216931216932,3
APP=sim; SERVIDAO_ADMINISTRATIVA=sim; VEGETACAO_NATIVA=nao,0.016931216931216932,3
AREA_CONSOLIDADA=nao; HIDROGRAFIA=nao; VEGETACAO_NATIVA=sim,0.016931216931216932,3
AREA_CONSOLIDADA=nao; MOD_FISCAL=<1 módulo; MUNICIPIO=Presidente Prudente,0.016931216931216932,3
AREA_CONSOLIDADA=nao; MOD_FISCAL=<1 módulo; UF=SP,0.016931216931216932,3
HIDROGRAFIA=sim; SERVIDAO_ADMINISTRATIVA=nao; STATUS=SU,0.016931216931216932,3
RESERVA_LEGAL=nao; SERVIDAO_ADMINISTRATIVA=sim; VEGETACAO_NATIVA=nao,0.016843033509700175,3
APP=sim; MOD_FISCAL=4-10 módulos; STATUS=AT,0.01675485008818342,3
APP=nao; AREA=4-15 ha; RESERVA_LEGAL=sim,0.016666666666666666,3
AREA_CONSOLIDADA=sim; MOD_FISCAL=4-10 módulos; STATUS=AT,0.016666666666666666,3
MOD_FISCAL=<1 módulo; RESERVA_LEGAL=nao; SERVIDAO_ADMINISTRATIVA=sim,0.016666666666666666,3
APP=sim; AREA_CONSOLIDADA=nao; STATUS=AT,0.016578483245149912,3
AREA=100-1000 ha; SERVIDAO_ADMINISTRATIVA=nao; STATUS=SU,0.016578483245149912,3
AREA=<4 ha; AREA_CONSOLIDADA=nao; VEGETACAO_NATIVA=nao,0.016578483245149912,3
HIDROGRAFIA=sim; MOD_FISCAL=4-10 módulos; STATUS=AT,0.016578483245149912,3
HIDROGRAFIA=sim; SERVIDAO_ADMINISTRATIVA=sim; VEGETACAO_NATIVA=nao,0.016578483245149912,3
APP=sim; AREA=15-100 ha; HIDROGRAFIA=nao,0.016490299823633158,3
MOD_FISCAL=4-10 módulos; STATUS=AT; VEGETACAO_NATIVA=sim,0.016490299823633158,3
APP=nao; AREA_CONSOLIDADA=nao; VEGETACAO_NATIVA=sim,0.0164021164021164,3
APP=sim; AREA=100-1000 ha; MOD_FISCAL=>=10 módulos,0.0164021164021164,3
SERVIDAO_ADMINISTRATIVA=nao; STATUS=SU; VEGETACAO_NATIVA=sim,0.0164021164021164,3
AREA=>=1000 ha; SERVIDAO_ADMINISTRATIVA=sim,0.016225749559082892,2
AREA=100-1000 ha; HIDROGRAFIA=sim; MOD_FISCAL=>=10 módulos,0.016225749559082892,3
AREA=15-100 ha; MOD_FISCAL=<1 módulo; MUNICIPIO=Presidente Prudente,0.016225749559082892,3
AREA=15-100 ha; MOD_FISCAL=<1 módulo; UF=SP,0.016225749559082892,3
AREA=>=1000 ha; AREA_POUSIO=nao; SERVIDAO_ADMINISTRATIVA=sim,0.016225749559082892,3
AREA=>=1000 ha; MOD_FISCAL=>=10 módulos; SERVIDAO_ADMINISTRATIVA=sim,0.016225749559082892,3
AREA=>=1000 ha; SERVIDAO_ADMINISTRATIVA=sim; TIPO=IRU,0.016225749559082892,3
AREA_CONSOLIDADA=nao; RESERVA_LEGAL=nao; STATUS=PE,0.016225749559082892,3
AREA_CONSOLIDADA=nao; HIDROGRAFIA=sim; STATUS=AT,0.016137566137566138,3
AREA_CONSOLIDADA=sim; RESERVA_LEGAL=sim; STATUS=SU,0.016137566137566138,3
MOD_FISCAL=<1 módulo; MUNICIPIO=Presidente Prudente; SERVIDAO_ADMINISTRATIVA=sim,0.016137566137566138,3
MOD_FISCAL=<1 módulo; SERVIDAO_ADMINISTRATIVA=sim; UF=SP,0.016137566137566138,3
HIDROGRAFIA=nao; SERVIDAO_ADMINISTRATIVA=sim,0.016049382716049384,2
APP=sim; AREA=>=1000 ha; SERVIDAO_ADMINISTRATIVA=sim,0.016049382716049384,3
AREA=>=1000 ha; HIDROGRAFIA=sim; SERVIDAO_ADMINISTRATIVA=sim,0.016049382716049384,3
HIDROGRAFIA=nao; SERVIDAO_ADMINISTRATIVA=sim; TIPO=IRU,0.016049382716049384,3
APP=sim; STATUS=SU; VEGETACAO_NATIVA=sim,0.015961199294532626,3
AREA=>=1000 ha; SERVIDAO_ADMINISTRATIVA=sim; USO_RESTRITO=nao,0.015961199294532626,3
APP=sim; AREA=<4 ha,0.015873015873015872,2
APP=sim; AREA=<4 ha; MOD_FISCAL=<1 módulo,0.015873015873015872,3
APP=sim; AREA=<4 ha; TIPO=IRU,0.015873015873015872,3
APP=sim; AREA_CONSOLIDADA=nao; MUNICIPIO=São Félix do Xingu,0.015873015873015872,3
APP=sim; AREA_CONSOLIDADA=nao; UF=PA,0.015873015873015872,3
AREA=15-100 ha; AREA_CONSOLIDADA=nao; MUNICIPIO=São Félix do Xingu,0.015873015873015872,3
AREA=15-100 ha; AREA_CONSOLIDADA=nao; UF=PA,0.015873015873015872,3
AREA=>=1000 ha; MUNICIPIO=São Félix do Xingu; SERVIDAO_ADMINISTRATIVA=sim,0.015873015873015872,3
AREA=>=1000 ha; SERVIDAO_ADMINISTRATIVA=sim; UF=PA,0.015873015873015872,3
AREA_CONSOLIDADA=nao; HIDROGRAFIA=sim; MUNICIPIO=São Félix do Xingu,0.015873015873015872,3
AREA_CONSOLIDADA=nao; HIDROGRAFIA=sim; UF=PA,0.015873015873015872,3
AREA_POUSIO=nao; HIDROGRAFIA=nao; SERVIDAO_ADMINISTRATIVA=sim,0.015873015873015872,3
RESERVA_LEGAL=nao; STATUS=SU,0.015784832451499118,2
APP=sim; AREA=<4 ha; AREA_POUSIO=nao,0.015784832451499118,3
AREA=<4 ha; AREA_CONSOLIDADA=nao; MUNICIPIO=São Félix do Xingu,0.015784832451499118,3
AREA=<4 ha; AREA_CONSOLIDADA=nao; UF=PA,0.015784832451499118,3
AREA_CONSOLIDADA=nao; STATUS=PE; VEGETACAO_NATIVA=sim,0.015784832451499118,3
AREA_POUSIO=nao; RESERVA_LEGAL=nao; STATUS=SU,0.015784832451499118,3
HIDROGRAFIA=nao; SERVIDAO_ADMINISTRATIVA=sim; USO_RESTRITO=nao,0.015784832451499118,3
MUNICIPIO=São Félix do Xingu; RESERVA_LEGAL=nao; STATUS=SU,0.015784832451499118,3
RESERVA_LEGAL=nao; STATUS=SU; UF=PA,0.015784832451499118,3
AREA=100-1000 ha; MOD_FISCAL=>=10 módulos; RESERVA_LEGAL=sim,0.015696649029982364,3
AREA=>=1000 ha; AREA_CONSOLIDADA=sim; SERVIDAO_ADMINISTRATIVA=sim,0.015696649029982364,3
RESERVA_LEGAL=nao; SERVIDAO_ADMINISTRATIVA=sim; STATUS=AT,0.015696649029982364,3
RESERVA_LEGAL=nao; STATUS=SU; TIPO=IRU,0.015696649029982364,3
RESERVA_LEGAL=nao; STATUS=SU; USO_RESTRITO=nao,0.015696649029982364,3
AREA=100-1000 ha; MOD_FISCAL=>=10 módulos; VEGETACAO_NATIVA=sim,0.015608465608465608,3
RESERVA_LEGAL=nao; SERVIDAO_ADMINISTRATIVA=sim; VEGETACAO_NATIVA=sim,0.015608465608465608,3
MOD_FISCAL=1-4 módulos; STATUS=SU,0.015520282186948854,2
AREA=<4 ha; AREA_CONSOLIDADA=nao; RESERVA_LEGAL=nao,0.015520282186948854,3
AREA=>=1000 ha; RESERVA_LEGAL=sim; SERVIDAO_ADMINISTRATIVA=sim,0.015520282186948854,3
AREA_POUSIO=nao; MOD_FISCAL=1-4 módulos; STATUS=SU,0.015520282186948854,3
MOD_FISCAL=1-4 módulos; MUNICIPIO=São Félix do Xingu; STATUS=SU,0.015520282186948854,3
MOD_FISCAL=1-4 módulos; STATUS=SU; TIPO=IRU,0.015520282186948854,3
MOD_FISCAL=1-4 módulos; STATUS=SU; UF=PA,0.015520282186948854,3
MOD_FISCAL=1-4 módulos; STATUS=SU; USO_RESTRITO=nao,0.015520282186948854,3
MOD_FISCAL=4-10 módulos; RESERVA_LEGAL=sim; STATUS=AT,0.015432098765432098,3
RESERVA_LEGAL=nao; SERVIDAO_ADMINISTRATIVA=sim; STATUS=PE,0.015432098765432098,3
AREA=<4 ha; RESERVA_LEGAL=sim; VEGETACAO_NATIVA=sim,0.015343915343915344,3
APP=sim; AREA=<4 ha; USO_RESTRITO=nao,0.01525573192239859,3
AREA=>=1000 ha; SERVIDAO_ADMINISTRATIVA=sim; VEGETACAO_NATIVA=sim,0.01525573192239859,3
AREA=<4 ha; HIDROGRAFIA=nao; RESERVA_LEGAL=sim,0.015167548500881834,3
AREA=<4 ha; HIDROGRAFIA=sim,0.01507936507936508,2
AREA=100-1000 ha; SERVIDAO_ADMINISTRATIVA=sim; STATUS=AT,0.01507936507936508,3
AREA=<4 ha; AREA_POUSIO=nao; HIDROGRAFIA=sim,0.01507936507936508,3
AREA=<4 ha; HIDROGRAFIA=sim; MOD_FISCAL=<1 módulo,0.01507936507936508,3
AREA=<4 ha; HIDROGRAFIA=sim; TIPO=IRU,0.01507936507936508,3
HIDROGRAFIA=sim; STATUS=SU; VEGETACAO_NATIVA=sim,0.01507936507936508,3
AREA=15-100 ha; AREA_CONSOLIDADA=nao; MOD_FISCAL=<1 módulo,0.01490299823633157,3
HIDROGRAFIA=nao; MOD_FISCAL=4-10 módulos,0.014814814814814815,2
AREA=<4 ha; AREA_CONSOLIDADA=sim; RESERVA_LEGAL=sim,0.014814814814814815,3
AREA_POUSIO=nao; HIDROGRAFIA=nao; MOD_FISCAL=4-10 módulos,0.014814814814814815,3
HIDROGRAFIA=nao; MOD_FISCAL=4-10 módulos; TIPO=IRU,0.014814814814814815,3
HIDROGRAFIA=nao; MOD_FISCAL=4-10 módulos; USO_RESTRITO=nao,0.014814814814814815,3
AREA=100-1000 ha; HIDROGRAFIA=nao; MOD_FISCAL=4-10 módulos,0.01472663139329806,3
AREA_CONSOLIDADA=sim; MOD_FISCAL=1-4 módulos; STATUS=SU,0.01472663139329806,3
AREA_CONSOLIDADA=sim; RESERVA_LEGAL=nao; STATUS=SU,0.01472663139329806,3
HIDROGRAFIA=nao; MOD_FISCAL=4-10 módulos; MUNICIPIO=São Félix do Xingu,0.01472663139329806,3
HIDROGRAFIA=nao; MOD_FISCAL=4-10 módulos; UF=PA,0.01472663139329806,3
HIDROGRAFIA=sim; MUNICIPIO=Presidente Prudente; VEGETACAO_NATIVA=nao,0.01472663139329806,3
HIDROGRAFIA=sim; UF=SP; VEGETACAO_NATIVA=nao,0.01472663139329806,3
AREA=<4 ha; HIDROGRAFIA=sim; USO_RESTRITO=nao,0.014638447971781305,3
AREA=<4 ha; MUNICIPIO=Presidente Prudente; VEGETACAO_NATIVA=sim,0.014638447971781305,3
AREA=<4 ha; UF=SP; VEGETACAO_NATIVA=sim,0.014638447971781305,3
MOD_FISCAL=4-10 módulos; VEGETACAO_NATIVA=nao,0.014462081128747795,2
AREA_POUSIO=nao; MOD_FISCAL=4-10 módulos; VEGETACAO_NATIVA=nao,0.014462081128747795,3
MOD_FISCAL=4-10 módulos; TIPO=IRU; VEGETACAO_NATIVA=nao,0.014462081128747795,3
MOD_FISCAL=4-10 módulos; USO_RESTRITO=nao; VEGETACAO_NATIVA=nao,0.014462081128747795,3
RESERVA_LEGAL=nao; SERVIDAO_ADMINISTRATIVA=nao; STATUS=SU,0.014462081128747795,3
AREA=4-15 ha; AREA_CONSOLIDADA=nao,0.014373897707231041,2
AREA_CONSOLIDADA=nao; MOD_FISCAL=1-4 módulos,0.014373897707231041,2
MOD_FISCAL=4-10 módulos; RESERVA_LEGAL=nao,0.014373897707231041,2
AREA=4-15 ha; AREA_CONSOLIDADA=nao; MOD_FISCAL=<1 módulo,0.014373897707231041,3
AREA=4-15 ha; AREA_CONSOLIDADA=nao; TIPO=IRU,0.014373897707231041,3
AREA_CONSOLIDADA=nao; AREA_POUSIO=nao; MOD_FISCAL=1-4 módulos,0.014373897707231041,3
AREA_CONSOLIDADA=nao; MOD_FISCAL=1-4 módulos; TIPO=IRU,0.014373897707231041,3
HIDROGRAFIA=nao; MOD_FISCAL=4-10 módulos; SERVIDAO_ADMINISTRATIVA=nao,0.014373897707231041,3
MOD_FISCAL=4-10 módulos; RESERVA_LEGAL=nao; TIPO=IRU,0.014373897707231041,3
APP=nao; AREA=<4 ha; RESERVA_LEGAL=sim,0.014285714285714285,3
APP=sim; AREA=<4 ha; SERVIDAO_ADMINISTRATIVA=nao,0.014285714285714285,3
AREA=100-1000 ha; MOD_FISCAL=>=10 módulos; SERVIDAO_ADMINISTRATIVA=nao,0.014285714285714285,3
AREA=4-15 ha; AREA_CONSOLIDADA=nao; AREA_POUSIO=nao,0.014285714285714285,3
AREA=4-15 ha; AREA_CONSOLIDADA=nao; USO_RESTRITO=nao,0.014285714285714285,3
AREA_CONSOLIDADA=nao; MOD_FISCAL=1-4 módulos; USO_RESTRITO=nao,0.014285714285714285,3
AREA_POUSIO=nao; MOD_FISCAL=4-10 módulos; RESERVA_LEGAL=nao,0.014285714285714285,3
APP=sim; AREA=<4 ha; HIDROGRAFIA=sim,0.014197530864197531,3
APP=sim; AREA=<4 ha; STATUS=AT,0.014197530864197531,3
MOD_FISCAL=4-10 módulos; RESERVA_LEGAL=nao; USO_RESTRITO=nao,0.014197530864197531,3
APP=nao; SERVIDAO_ADMINISTRATIVA=sim,0.014109347442680775,2
APP=nao; SERVIDAO_ADMINISTRATIVA=sim; TIPO=IRU,0.014109347442680775,3
AREA=100-1000 ha; MOD_FISCAL=4-10 módulos; VEGETACAO_NATIVA=nao,0.014109347442680775,3
AREA=<4 ha; HIDROGRAFIA=nao; VEGETACAO_NATIVA=sim,0.014109347442680775,3
AREA_CONSOLIDADA=nao; MUNICIPIO=São Félix do Xingu; STATUS=AT,0.014109347442680775,3
AREA_CONSOLIDADA=nao; STATUS=AT; UF=PA,0.014109347442680775,3
APP=sim; AREA=<4 ha; AREA_CONSOLIDADA=sim,0.014021164021164021,3
AREA=100-1000 ha; STATUS=AT; VEGETACAO_NATIVA=nao,0.014021164021164021,3
MOD_FISCAL=1-4 módulos; MUNICIPIO=Presidente Prudente; RESERVA_LEGAL=nao,0.014021164021164021,3
MOD_FISCAL=1-4 módulos; RESERVA_LEGAL=nao; UF=SP,0.014021164021164021,3
MOD_FISCAL=4-10 módulos; SERVIDAO_ADMINISTRATIVA=nao; STATUS=AT,0.014021164021164021,3
APP=nao; AREA_POUSIO=nao; SERVIDAO_ADMINISTRATIVA=sim,0.013932980599647267,3
APP=nao; SERVIDAO_ADMINISTRATIVA=sim; USO_RESTRITO=nao,0.013932980599647267,3
MUNICIPIO=Presidente Prudente; RESERVA_LEGAL=sim; SERVIDAO_ADMINISTRATIVA=sim,0.013932980599647267,3
RESERVA_LEGAL=sim; SERVIDAO_ADMINISTRATIVA=nao; STATUS=SU,0.013932980599647267,3
RESERVA_LEGAL=sim; SERVIDAO_ADMINISTRATIVA=sim; UF=SP,0.013932980599647267,3
APP=nao; HIDROGRAFIA=nao; SERVIDAO_ADMINISTRATIVA=sim,0.013844797178130511,3
APP=nao; MUNICIPIO=Presidente Prudente; VEGETACAO_NATIVA=sim,0.013844797178130511,3
APP=nao; UF=SP; VEGETACAO_NATIVA=sim,0.013844797178130511,3
AREA=<4 ha; HIDROGRAFIA=sim; SERVIDAO_ADMINISTRATIVA=nao,0.013844797178130511,3
AREA_CONSOLIDADA=nao; RESERVA_LEGAL=sim; STATUS=AT,0.013756613756613757,3
AREA_CONSOLIDADA=sim; HIDROGRAFIA=nao; MOD_FISCAL=4-10 módulos,0.013756613756613757,3
AREA_CONSOLIDADA=sim; HIDROGRAFIA=nao; SERVIDAO_ADMINISTRATIVA=sim,0.013756613756613757,3
APP=sim; AREA=4-15 ha; VEGETACAO_NATIVA=nao,0.013668430335097001,3
MOD_FISCAL=4-10 módulos; MUNICIPIO=São Félix do Xingu; STATUS=AT,0.013668430335097001,3
MOD_FISCAL=4-10 módulos; MUNICIPIO=São Félix do Xingu; VEGETACAO_NATIVA=nao,0.013668430335097001,3
MOD_FISCAL=4-10 módulos; STATUS=AT; UF=PA,0.013668430335097001,3
MOD_FISCAL=4-10 módulos; UF=PA; VEGETACAO_NATIVA=nao,0.013668430335097001,3
SERVIDAO_ADMINISTRATIVA=sim; STATUS=PE; VEGETACAO_NATIVA=nao,0.013668430335097001,3
APP=sim; AREA=100-1000 ha; STATUS=SU,0.013580246913580247,3
AREA=15-100 ha; RESERVA_LEGAL=nao; SERVIDAO_ADMINISTRATIVA=sim,0.013580246913580247,3
AREA_CONSOLIDADA=sim; MOD_FISCAL=4-10 módulos; VEGETACAO_NATIVA=nao,0.013580246913580247,3
MOD_FISCAL=1-4 módulos; SERVIDAO_ADMINISTRATIVA=nao; STATUS=SU,0.013580246913580247,3
APP=sim; RESERVA_LEGAL=sim; STATUS=SU,0.013492063492063493,3
AREA=100-1000 ha; MOD_FISCAL=4-10 módulos; RESERVA_LEGAL=nao,0.013492063492063493,3
MOD_FISCAL=<1 módulo; SERVIDAO_ADMINISTRATIVA=sim; STATUS=PE,0.013492063492063493,3
RESERVA_LEGAL=sim; STATUS=SU; VEGETACAO_NATIVA=sim,0.013492063492063493,3
AREA=<4 ha; AREA_CONSOLIDADA=nao; STATUS=PE,0.013403880070546737,3
AREA=100-1000 ha; RESERVA_LEGAL=nao; STATUS=AT,0.013315696649029983,3
AREA=4-15 ha; STATUS=PE; VEGETACAO_NATIVA=sim,0.013315696649029983,3
APP=nao; MOD_FISCAL=4-10 módulos,0.013227513227513227,2
APP=nao; AREA=100-1000 ha; MOD_FISCAL=4-10 módulos,0.013227513227513227,3
APP=nao; AREA_POUSIO=nao; MOD_FISCAL=4-10 módulos,0.013227513227513227,3
APP=nao; MOD_FISCAL=4-10 módulos; TIPO=IRU,0.013227513227513227,3
APP=nao; MOD_FISCAL=4-10 módulos; USO_RESTRITO=nao,0.013227513227513227,3
AREA=100-1000 ha; HIDROGRAFIA=sim; STATUS=SU,0.013227513227513227,3
AREA=<4 ha; AREA_CONSOLIDADA=sim; HIDROGRAFIA=sim,0.013227513227513227,3
AREA_CONSOLIDADA=nao; MOD_FISCAL=1-4 módulos; SERVIDAO_ADMINISTRATIVA=nao,0.013227513227513227,3
AREA_CONSOLIDADA=nao; MUNICIPIO=Presidente Prudente; VEGETACAO_NATIVA=nao,0.013227513227513227,3
AREA_CONSOLIDADA=nao; RESERVA_LEGAL=nao; VEGETACAO_NATIVA=sim,0.013227513227513227,3
AREA_CONSOLIDADA=nao; UF=SP; VEGETACAO_NATIVA=nao,0.013227513227513227,3
APP=nao; MOD_FISCAL=4-10 módulos; MUNICIPIO=São Félix do Xingu,0.013139329805996473,3
APP=nao; MOD_FISCAL=4-10 módulos; UF=PA,0.013139329805996473,3
APP=sim; AREA=4-15 ha; MUNICIPIO=São Félix do Xingu,0.013139329805996473,3
APP=sim; AREA=4-15 ha; UF=PA,0.013139329805996473,3
APP=sim; AREA=<4 ha; MUNICIPIO=Presidente Prudente,0.013139329805996473,3
APP=sim; AREA=<4 ha; UF=SP,0.013139329805996473,3
AREA=100-1000 ha; STATUS=SU; VEGETACAO_NATIVA=sim,0.013139329805996473,3
APP=nao; AREA=<4 ha; VEGETACAO_NATIVA=sim,0.013051146384479718,3
APP=nao; HIDROGRAFIA=nao; MOD_FISCAL=4-10 módulos,0.013051146384479718,3
AREA=4-15 ha; HIDROGRAFIA=sim; MUNICIPIO=São Félix do Xingu,0.013051146384479718,3
AREA=4-15 ha; HIDROGRAFIA=sim; UF=PA,0.013051146384479718,3
AREA_CONSOLIDADA=nao; HIDROGRAFIA=nao; MUNICIPIO=Presidente Prudente,0.013051146384479718,3
AREA_CONSOLIDADA=nao; HIDROGRAFIA=nao; UF=SP,0.013051146384479718,3
STATUS=SU; VEGETACAO_NATIVA=nao,0.012962962962962963,2
AREA=100-1000 ha; HIDROGRAFIA=nao; STATUS=AT,0.012962962962962963,3
AREA=4-15 ha; RESERVA_LEGAL=sim; STATUS=PE,0.012962962962962963,3
AREA_CONSOLIDADA=sim; MOD_FISCAL=4-10 módulos; RESERVA_LEGAL=nao,0.012962962962962963,3
AREA_POUSIO=nao; STATUS=SU; VEGETACAO_NATIVA=nao,0.012962962962962963,3
MUNICIPIO=São Félix do Xingu; STATUS=SU; VEGETACAO_NATIVA=nao,0.012962962962962963,3
STATUS=SU; UF=PA; VEGETACAO_NATIVA=nao,0.012962962962962963,3
STATUS=SU; USO_RESTRITO=nao; VEGETACAO_NATIVA=nao,0.012962962962962963,3
AREA=<4 ha; MUNICIPIO=São Félix do Xingu; STATUS=AT,0.012874779541446208,3
AREA=<4 ha; STATUS=AT; UF=PA,0.012874779541446208,3
HIDROGRAFIA=sim; RESERVA_LEGAL=sim; STATUS=SU,0.012874779541446208,3
MOD_FISCAL=4-10 módulos; SERVIDAO_ADMINISTRATIVA=nao; VEGETACAO_NATIVA=nao,0.012874779541446208,3
MOD_FISCAL=<1 módulo; SERVIDAO_ADMINISTRATIVA=sim; VEGETACAO_NATIVA=nao,0.012874779541446208,3
STATUS=SU; TIPO=IRU; VEGETACAO_NATIVA=nao,0.012874779541446208,3
APP=nao; MOD_FISCAL=4-10 módulos; SERVIDAO_ADMINISTRATIVA=nao,0.012786596119929453,3
AREA=15-100 ha; AREA_CONSOLIDADA=nao; HIDROGRAFIA=nao,0.012786596119929453,3
AREA=4-15 ha; AREA_CONSOLIDADA=nao; SERVIDAO_ADMINISTRATIVA=nao,0.012786596119929453,3
AREA=<4 ha; HIDROGRAFIA=sim; STATUS=AT,0.012786596119929453,3
AREA=<4 ha; MUNICIPIO=São Félix do Xingu; RESERVA_LEGAL=sim,0.012786596119929453,3
AREA=<4 ha; RESERVA_LEGAL=sim; UF=PA,0.012786596119929453,3
MUNICIPIO=Presidente Prudente; RESERVA_LEGAL=nao; SERVIDAO_ADMINISTRATIVA=sim,0.012786596119929453,3
RESERVA_LEGAL=nao; SERVIDAO_ADMINISTRATIVA=sim; UF=SP,0.012786596119929453,3
APP=nao; AREA_CONSOLIDADA=nao; MUNICIPIO=Presidente Prudente,0.012610229276895944,3
APP=nao; AREA_CONSOLIDADA=nao; UF=SP,0.012610229276895944,3
APP=nao; AREA=15-100 ha; AREA_CONSOLIDADA=nao,0.012522045855379188,3
AREA=15-100 ha; AREA_CONSOLIDADA=nao; VEGETACAO_NATIVA=sim,0.012522045855379188,3
AREA=15-100 ha; MUNICIPIO=Presidente Prudente; SERVIDAO_ADMINISTRATIVA=sim,0.012522045855379188,3
AREA=15-100 ha; SERVIDAO_ADMINISTRATIVA=sim; UF=SP,0.012522045855379188,3
APP=nao; AREA=100-1000 ha; STATUS=AT,0.012433862433862434,3
APP=nao; AREA_CONSOLIDADA=sim; MOD_FISCAL=4-10 módulos,0.012345679012345678,3
MOD_FISCAL=>=10 módulos; SERVIDAO_ADMINISTRATIVA=sim; STATUS=AT,0.012345679012345678,3
AREA=4-15 ha; SERVIDAO_ADMINISTRATIVA=sim,0.012257495590828924,2
AREA=15-100 ha; AREA_CONSOLIDADA=nao; RESERVA_LEGAL=nao,0.012257495590828924,3
AREA=4-15 ha; MOD_FISCAL=<1 módulo; SERVIDAO_ADMINISTRATIVA=sim,0.012257495590828924,3
AREA=4-15 ha; AREA_POUSIO=nao; SERVIDAO_ADMINISTRATIVA=sim,0.01216931216931217,3
AREA=4-15 ha; HIDROGRAFIA=sim; VEGETACAO_NATIVA=nao,0.01216931216931217,3
AREA=4-15 ha; SERVIDAO_ADMINISTRATIVA=sim; TIPO=IRU,0.01216931216931217,3
AREA=4-15 ha; SERVIDAO_ADMINISTRATIVA=sim; USO_RESTRITO=nao,0.01216931216931217,3
MOD_FISCAL=1-4 módulos; RESERVA_LEGAL=nao; SERVIDAO_ADMINISTRATIVA=sim,0.01216931216931217,3
MOD_FISCAL=4-10 módulos; RESERVA_LEGAL=nao; SERVIDAO_ADMINISTRATIVA=nao,0.01216931216931217,3
HIDROGRAFIA=nao; STATUS=SU,0.012081128747795414,2
MOD_FISCAL=>=10 módulos; VEGETACAO_NATIVA=nao,0.012081128747795414,2
AREA=4-15 ha; MUNICIPIO=São Félix do Xingu; STATUS=AT,0.012081128747795414,3
AREA=4-15 ha; STATUS=AT; UF=PA,0.012081128747795414,3
AREA_POUSIO=nao; HIDROGRAFIA=nao; STATUS=SU,0.012081128747795414,3
AREA_POUSIO=nao; MOD_FISCAL=>=10 módulos; VEGETACAO_NATIVA=nao,0.012081128747795414,3
HIDROGRAFIA=nao; MUNICIPIO=São Félix do Xingu; STATUS=SU,0.012081128747795414,3
HIDROGRAFIA=nao; STATUS=SU; UF=PA,0.012081128747795414,3
HIDROGRAFIA=nao; STATUS=SU; USO_RESTRITO=nao,0.012081128747795414,3
MOD_FISCAL=>=10 módulos; MUNICIPIO=São Félix do Xingu; VEGETACAO_NATIVA=nao,0.012081128747795414,3
MOD_FISCAL=>=10 módulos; UF=PA; VEGETACAO_NATIVA=nao,0.012081128747795414,3
MOD_FISCAL=>=10 módulos; USO_RESTRITO=nao; VEGETACAO_NATIVA=nao,0.012081128747795414,3
AREA=<4 ha; RESERVA_LEGAL=sim; STATUS=AT,0.01199294532627866,3
HIDROGRAFIA=nao; STATUS=SU; TIPO=IRU,0.01199294532627866,3
SERVIDAO_ADMINISTRATIVA=nao; STATUS=SU; VEGETACAO_NATIVA=nao,0.01199294532627866,3
APP=nao; AREA_CONSOLIDADA=sim; SERVIDAO_ADMINISTRATIVA=sim,0.011904761904761904,3
AREA=100-1000 ha; MOD_FISCAL=1-4 módulos; STATUS=SU,0.011904761904761904,3
AREA_CONSOLIDADA=nao; HIDROGRAFIA=sim; MOD_FISCAL=<1 módulo,0.011904761904761904,3
AREA_CONSOLIDADA=sim; STATUS=SU; VEGETACAO_NATIVA=nao,0.011904761904761904,3
HIDROGRAFIA=nao; MUNICIPIO=Presidente Prudente; RESERVA_LEGAL=sim,0.011904761904761904,3
HIDROGRAFIA=nao; RESERVA_LEGAL=sim; UF=SP,0.011904761904761904,3
MOD_FISCAL=4-10 módulos; MUNICIPIO=São Félix do Xingu; RESERVA_LEGAL=nao,0.011904761904761904,3
MOD_FISCAL=4-10 módulos; RESERVA_LEGAL=nao; UF=PA,0.011904761904761904,3
APP=sim; AREA_CONSOLIDADA=nao; MOD_FISCAL=<1 módulo,0.01164021164021164,3
AREA=100-1000 ha; AREA_CONSOLIDADA=nao,0.011552028218694886,2
HIDROGRAFIA=nao; MOD_FISCAL=>=10 módulos,0.011552028218694886,2
AREA=100-1000 ha; AREA_CONSOLIDADA=nao; AREA_POUSIO=nao,0.011552028218694886,3
AREA=100-1000 ha; AREA_CONSOLIDADA=nao; TIPO=IRU,0.011552028218694886,3
AREA=<4 ha; HIDROGRAFIA=sim; MUNICIPIO=Presidente Prudente,0.011552028218694886,3
AREA=<4 ha; HIDROGRAFIA=sim; UF=SP,0.011552028218694886,3
AREA_POUSIO=nao; HIDROGRAFIA=nao; MOD_FISCAL=>=10 módulos,0.011552028218694886,3
AREA_CONSOLIDADA=nao; RESERVA_LEGAL=sim; VEGETACAO_NATIVA=nao,0.01146384479717813,3
HIDROGRAFIA=nao; MOD_FISCAL=>=10 módulos; USO_RESTRITO=nao,0.01146384479717813,3
HIDROGRAFIA=nao; SERVIDAO_ADMINISTRATIVA=nao; STATUS=SU,0.01146384479717813,3
AREA=100-1000 ha; AREA_CONSOLIDADA=nao; USO_RESTRITO=nao,0.011375661375661376,3
AREA=15-100 ha; AREA_CONSOLIDADA=nao; STATUS=AT,0.011375661375661376,3
HIDROGRAFIA=nao; MOD_FISCAL=>=10 módulos; MUNICIPIO=São Félix do Xingu,0.011375661375661376,3
HIDROGRAFIA=nao; MOD_FISCAL=>=10 módulos; UF=PA,0.011375661375661376,3
APP=nao; STATUS=SU,0.011287477954144622,2
APP=nao; AREA_POUSIO=nao; STATUS=SU,0.011287477954144622,3
APP=nao; MUNICIPIO=São Félix do Xingu; STATUS=SU,0.011287477954144622,3
APP=nao; STATUS=SU; UF=PA,0.011287477954144622,3
APP=nao; STATUS=SU; USO_RESTRITO=nao,0.011287477954144622,3
APP=nao; HIDROGRAFIA=nao; STATUS=SU,0.011199294532627866,3
APP=nao; STATUS=SU; TIPO=IRU,0.011199294532627866,3
AREA=15-100 ha; AREA_CONSOLIDADA=nao; STATUS=PE,0.011199294532627866,3
HIDROGRAFIA=nao; MOD_FISCAL=>=10 módulos; SERVIDAO_ADMINISTRATIVA=nao,0.011111111111111112,3
MOD_FISCAL=>=10 módulos; RESERVA_LEGAL=nao,0.011022927689594356,2
AREA_CONSOLIDADA=sim; MOD_FISCAL=>=10 módulos; VEGETACAO_NATIVA=nao,0.011022927689594356,3
MOD_FISCAL=>=10 módulos; TIPO=IRU; VEGETACAO_NATIVA=nao,0.011022927689594356,3
APP=sim; AREA=<4 ha; VEGETACAO_NATIVA=sim,0.010934744268077601,3
AREA=100-1000 ha; AREA_CONSOLIDADA=nao; SERVIDAO_ADMINISTRATIVA=nao,0.010934744268077601,3
AREA_POUSIO=nao; MOD_FISCAL=>=10 módulos; RESERVA_LEGAL=nao,0.010934744268077601,3
MOD_FISCAL=>=10 módulos; RESERVA_LEGAL=nao; USO_RESTRITO=nao,0.010934744268077601,3
HIDROGRAFIA=nao; MOD_FISCAL=4-10 módulos; STATUS=PE,0.010846560846560847,3
HIDROGRAFIA=nao; MOD_FISCAL=<1 módulo; SERVIDAO_ADMINISTRATIVA=sim,0.010846560846560847,3
MOD_FISCAL=>=10 módulos; SERVIDAO_ADMINISTRATIVA=nao; VEGETACAO_NATIVA=nao,0.010846560846560847,3
APP=nao; MOD_FISCAL=>=10 módulos,0.010670194003527337,2
APP=nao; AREA_POUSIO=nao; MOD_FISCAL=>=10 módulos,0.010670194003527337,3
APP=nao; HIDROGRAFIA=nao; MOD_FISCAL=>=10 módulos,0.010670194003527337,3
APP=nao; SERVIDAO_ADMINISTRATIVA=nao; STATUS=SU,0.010670194003527337,3
APP=sim; AREA_CONSOLIDADA=nao; MUNICIPIO=Presidente Prudente,0.010670194003527337,3
APP=sim; AREA_CONSOLIDADA=nao; UF=SP,0.010670194003527337,3
APP=sim; HIDROGRAFIA=nao; MOD_FISCAL=1-4 módulos,0.010670194003527337,3
AREA=100-1000 ha; RESERVA_LEGAL=sim; STATUS=SU,0.010670194003527337,3
AREA=15-100 ha; AREA_CONSOLIDADA=nao; RESERVA_LEGAL=sim,0.010670194003527337,3
AREA=4-15 ha; AREA_CONSOLIDADA=sim; SERVIDAO_ADMINISTRATIVA=sim,0.010670194003527337,3
MOD_FISCAL=4-10 módulos; SERVIDAO_ADMINISTRATIVA=sim,0.010582010582010581,2
APP=nao; MOD_FISCAL=>=10 módulos; MUNICIPIO=São Félix do Xingu,0.010582010582010581,3
APP=nao; MOD_FISCAL=>=10 módulos; UF=PA,0.010582010582010581,3
APP=nao; MOD_FISCAL=>=10 módulos; USO_RESTRITO=nao,0.010582010582010581,3
AREA=4-15 ha; SERVIDAO_ADMINISTRATIVA=sim; STATUS=AT,0.010582010582010581,3
AREA_CONSOLIDADA=sim; HIDROGRAFIA=nao; STATUS=SU,0.010582010582010581,3
AREA_POUSIO=nao; MOD_FISCAL=4-10 módulos; SERVIDAO_ADMINISTRATIVA=sim,0.010582010582010581,3
MOD_FISCAL=4-10 módulos; SERVIDAO_ADMINISTRATIVA=sim; TIPO=IRU,0.010582010582010581,3
MOD_FISCAL=4-10 módulos; STATUS=PE; VEGETACAO_NATIVA=nao,0.010582010582010581,3
HIDROGRAFIA=nao; MOD_FISCAL=>=10 módulos; TIPO=IRU,0.010493827160493827,3
MOD_FISCAL=4-10 módulos; SERVIDAO_ADMINISTRATIVA=sim; USO_RESTRITO=nao,0.010493827160493827,3
APP=sim; AREA=15-100 ha; AREA_CONSOLIDADA=nao,0.010405643738977073,3
AREA=15-100 ha; AREA_CONSOLIDADA=nao; VEGETACAO_NATIVA=nao,0.010405643738977073,3
MOD_FISCAL=>=10 módulos; MUNICIPIO=São Félix do Xingu; RESERVA_LEGAL=nao,0.010405643738977073,3
MOD_FISCAL=>=10 módulos; RESERVA_LEGAL=nao; UF=PA,0.010405643738977073,3
APP=nao; MOD_FISCAL=>=10 módulos; SERVIDAO_ADMINISTRATIVA=nao,0.010317460317460317,3
AREA=100-1000 ha; AREA_CONSOLIDADA=nao; MUNICIPIO=São Félix do Xingu,0.010317460317460317,3
AREA=100-1000 ha; AREA_CONSOLIDADA=nao; UF=PA,0.010317460317460317,3
AREA=100-1000 ha; MOD_FISCAL=4-10 módulos; SERVIDAO_ADMINISTRATIVA=sim,0.010317460317460317,3
AREA_CONSOLIDADA=sim; MOD_FISCAL=4-10 módulos; SERVIDAO_ADMINISTRATIVA=sim,0.010317460317460317,3
APP=nao; AREA=4-15 ha; AREA_CONSOLIDADA=nao,0.010229276895943563,3
AREA=4-15 ha; AREA_CONSOLIDADA=nao; HIDROGRAFIA=nao,0.010229276895943563,3
AREA_CONSOLIDADA=nao; HIDROGRAFIA=sim; MUNICIPIO=Presidente Prudente,0.010229276895943563,3
AREA_CONSOLIDADA=nao; HIDROGRAFIA=sim; UF=SP,0.010229276895943563,3
APP=sim; MOD_FISCAL=4-10 módulos; SERVIDAO_ADMINISTRATIVA=sim,0.010141093474426807,3
AREA=15-100 ha; AREA_CONSOLIDADA=nao; HIDROGRAFIA=sim,0.010141093474426807,3
HIDROGRAFIA=nao; MOD_FISCAL=4-10 módulos; RESERVA_LEGAL=sim,0.010141093474426807,3
HIDROGRAFIA=sim; MOD_FISCAL=4-10 módulos; SERVIDAO_ADMINISTRATIVA=sim,0.010141093474426807,3
APP=sim; HIDROGRAFIA=nao; STATUS=AT,0.010052910052910053,3
AREA=4-15 ha; AREA_CONSOLIDADA=nao; STATUS=AT,0.010052910052910053,3
AREA=<4 ha; RESERVA_LEGAL=sim; STATUS=PE,0.010052910052910053,3
AREA_CONSOLIDADA=nao; MUNICIPIO=Presidente Prudente; VEGETACAO_NATIVA=sim,0.010052910052910053,3
AREA_CONSOLIDADA=nao; UF=SP; VEGETACAO_NATIVA=sim,0.010052910052910053,3
AREA_CONSOLIDADA=sim; HIDROGRAFIA=nao; MOD_FISCAL=>=10 módulos,0.010052910052910053,3
